document_id,url,final_url,publication_date,retrieved_at,retrieved_at_precision,raw_path,sha256,bytes,status,notes,content_type,artifact_kind,title,evidence_status,archive_capture_date,content_encoding,source_id,metadata_document_id,race_id,candidate_name,capture_date,metadata_publication_date,publication_date_basis,rejected_publication_date,date_correction_basis,original_raw_path,source_updated_date,publisher_date_metadata,encoding,metadata_document_ids,copied_from_metadata_document_id,publication_date_precision,archive_date,identity_evidence,publication_date_text,historical_cycle_evidence,publication_month,publication_period_evidence,candidate_document_registration,updated_date,acquisition_url,publisher_record_path,publisher_parent_path,publisher_parent_item_index,publisher_timezone,publisher_record_sha256,publisher_parent_sha256,available_by_date,availability_evidence,discovery_source_id,unbounded_revision_notice,download_url,acquisition_mode,original_metadata_document_id,source_type,version_timing_basis
ny7-claire-issues-20260613,https://clairevaldezforcongress.com/issues,https://web.archive.org/web/20260613064424id_/https://clairevaldezforcongress.com/issues,,2026-09-22T17:28:28-07:00,,data/raw/policy_ny_2026/claire-issues-20260613064424.html,c0efaf4fcf38d55cae4842b1df4e46851bbe850b0296e49790385279a0357a8d,81245,used,"Campaign issues page; page is undated, but this Wayback capture proves the text existed by 2026-06-13.",,,,,,,,,,,,,,,,,,,,,,,,,,,,,,,,,,,,,,,,,,,,,,
ny7-reynoso-politicsny-20260522,https://politicsny.com/2026/05/22/campaign-insiders-a-qa-with-ny-7-candidate-antonio-reynoso/,https://politicsny.com/2026/05/22/campaign-insiders-a-qa-with-ny-7-candidate-antonio-reynoso/,2026-05-22,2026-09-22T17:28:28-07:00,,data/raw/policy_ny_2026/antonio-reynoso-politicsny-2026-05-22.html,ec8efd260710ef38aa16524140ff93c94c76b7923ac17f7c4ba7e5f83bc497bc,92825,used,"Dated candidate Q&A. Excerpts use only Reynoso answers, excluding prompts and reporter text.",,,,,,,,,,,,,,,,,,,,,,,,,,,,,,,,,,,,,,,,,,,,,,
ny13-darializa-streetsblog-20260616,https://nyc.streetsblog.org/2026/06/16/lucky-13-darializa-avila-chevalier-answers-questions-that-rep-adriano-espaillat-wont,https://nyc.streetsblog.org/2026/06/16/lucky-13-darializa-avila-chevalier-answers-questions-that-rep-adriano-espaillat-wont,2026-06-16,2026-09-22T17:28:28-07:00,,data/raw/policy_ny_2026/darializa-streetsblog-2026-06-16.html,bd412ccab3a15f2bc06539e5bdcecf45a778dd505e8542d52f561ff7b59e29f6,126284,used,Dated questionnaire. Excerpts use only text following the Darializa Avila Chevalier speaker label.,,,,,,,,,,,,,,,,,,,,,,,,,,,,,,,,,,,,,,,,,,,,,,
ny13-espaillat-issues-20260616,https://www.adrianoespaillat.com/issues,https://web.archive.org/web/20260616175954id_/https://www.adrianoespaillat.com/issues,,2026-09-22T17:28:28-07:00,,data/raw/policy_ny_2026/espaillat-issues-20260616175954.html,2d9a8911239eb2fba721ef450e0239b6e68fb48998cf9f9bb9a06c0d043c1bf5,310183,used,Campaign issues page is undated; pre-primary Wayback capture establishes existence by 2026-06-16.,,,,,,,,,,,,,,,,,,,,,,,,,,,,,,,,,,,,,,,,,,,,,,
ny14-aoc-issues-20260615,https://www.ocasiocortez.com/issues,https://web.archive.org/web/20260615095034id_/https://www.ocasiocortez.com/issues,,2026-09-22T17:28:28-07:00,,data/raw/policy_ny_2026/aoc-issues-20260615095034.html,e9187e6989b6af0f7bcd40f0bbc609b79b2248eee8ede3a1d628324c03454a9d,128706,used,Campaign platform is undated; pre-primary Wayback capture establishes existence by 2026-06-15.,,,,,,,,,,,,,,,,,,,,,,,,,,,,,,,,,,,,,,,,,,,,,,
ny14-dolan-bronxtimes-20260414,https://www.bxtimes.com/marty-dolan-campaigns-for-second-time-to-challenge-aoc/,https://www.bxtimes.com/marty-dolan-campaigns-for-second-time-to-challenge-aoc/,2026-04-14,2026-09-22T17:28:28-07:00,,data/raw/policy_ny_2026/marty-dolan-bronx-times-2026-04-14.html,a9bebd82a80dde16779c746e1707aed68b598d3f88233e27bb22e07b54288376,123592,used,Dated interview/article. Excerpts use statements directly attributed to Dolan.,,,,,,,,,,,,,,,,,,,,,,,,,,,,,,,,,,,,,,,,,,,,,,
ny14-felipe-campaign-undated-current,https://www.garcia2026.net/,https://www.garcia2026.net/,,2026-09-22T17:28:28-07:00,,data/raw/policy_ny_2026/felipe-garcia-campaign.html,0f63d23864a5062a10972370fba09afb356461e6007920bbacbd21a233e17816,938863,excluded,Undated page retrieved after the primary; cannot establish Felipe Garcia positions by 2026-06-23.,,,,,,,,,,,,,,,,,,,,,,,,,,,,,,,,,,,,,,,,,,,,,,
ny14-felipe-nycvotes-current-shell,https://www.nycvotes.org/whats-on-the-ballot/june-2026-primary-election-voter-guide/representative-in-congress-june-2026-primary-election-voter-guide-nyc-votes/candidate-profile-june-2026-primary-election-voter-guide-nyc-votes/?bannerTitle=Felipe+Garcia&candidateId=V1752&electionCycle=2026&geoAreaAbbr=14&partyId=D,https://www.nycvotes.org/whats-on-the-ballot/june-2026-primary-election-voter-guide/representative-in-congress-june-2026-primary-election-voter-guide-nyc-votes/candidate-profile-june-2026-primary-election-voter-guide-nyc-votes/?bannerTitle=Felipe+Garcia&candidateId=V1752&electionCycle=2026&geoAreaAbbr=14&partyId=D,,2026-09-22T17:28:28-07:00,,data/raw/policy_ny_2026/felipe-garcia-nyc-votes-2026-primary.html,fb45883e58e374e460ec904eda7120db8ca46218b81a8bc6475bcd6b7e57b518,57538,excluded,Captured server shell did not contain the candidate questionnaire text; not used.,,,,,,,,,,,,,,,,,,,,,,,,,,,,,,,,,,,,,,,,,,,,,,
ny7-julie-won-undated-current,https://www.juliewon.com/immigration,https://www.juliewon.com/immigration,,2026-09-22T17:28:28-07:00,,data/raw/policy_ny_2026/julie-won-immigration-undated-current.html,bf4d0c2fe5252a3e32908499c90a4da5f961c7a7d989c5ef37b406d145929f1b,154,excluded,Undated current response was not a usable full pre-primary policy source.,,,,,,,,,,,,,,,,,,,,,,,,,,,,,,,,,,,,,,,,,,,,,,
ny7-julie-won-nycvotes-2026,https://bengali.nycvotes.org/whats-on-the-ballot/june-2026-primary-election-voter-guide/representative-in-congress-june-2026-primary-election-voter-guide-nyc-votes/candidate-profile-june-2026-primary-election-voter-guide-nyc-votes/?bannerTitle=Julie+Won&candidateId=V1722&electionCycle=2026&geoAreaAbbr=07&partyId=D,https://www.nycvotes.org/eFCandidateList/renderCandidateProfile?candidateId=V1722&electionCycle=2026&officeType=10&partyId=D&geoAreaAbbr=07&officelevel=3&languageType=en-US&umbracoPageId=5512,,2026-09-23,date_only,data/raw/policy_ny_2026/julie-won-nycvotes-profile-fragment.html,4d9decd022591529b146eb1e07459f5fe2c2f7c18cbd7b448a4d33c965220ac3,24992,timing_unverified,Guide ties answers to June2026 election; publication time and pre-primary text version unverified. Retrieved_at precision is date-only.,,,,,,,,,,,,,,,,,,,,,,,,,,,,,,,,,,,,,,,,,,,,,,
ny7-vichal-kumar-nycvotes-2026,https://arabic.nycvotes.org/whats-on-the-ballot/june-2026-primary-election-voter-guide/representative-in-congress-june-2026-primary-election-voter-guide-nyc-votes/candidate-profile-june-2026-primary-election-voter-guide-nyc-votes/?bannerTitle=Vichal+Kumar&candidateId=V1646&electionCycle=2026&geoAreaAbbr=07&partyId=D,https://www.nycvotes.org/eFCandidateList/renderCandidateProfile?candidateId=V1646&electionCycle=2026&officeType=10&partyId=D&geoAreaAbbr=07&officelevel=3&languageType=en-US&umbracoPageId=5512,,2026-09-23,date_only,data/raw/policy_ny_2026/vichal-kumar-nycvotes-profile-fragment.html,c7738f11e04275e6ba8101b98f433a3ac6db27ef458e471201555faf88c8143f,24505,timing_unverified,Guide ties answers to June2026 election; publication time and pre-primary text version unverified. Retrieved_at precision is date-only.,,,,,,,,,,,,,,,,,,,,,,,,,,,,,,,,,,,,,,,,,,,,,,
ny13-oscar-romero-nycvotes-2026,https://www.nycvotes.org/whats-on-the-ballot/june-2026-primary-election-voter-guide/representative-in-congress-june-2026-primary-election-voter-guide-nyc-votes/candidate-profile-june-2026-primary-election-voter-guide-nyc-votes/?bannerTitle=Oscar+J+Romero+Jr&candidateId=V1749&electionCycle=2026&geoAreaAbbr=13&partyId=D,https://www.nycvotes.org/eFCandidateList/renderCandidateProfile?candidateId=V1749&electionCycle=2026&officeType=10&partyId=D&geoAreaAbbr=13&officelevel=3&languageType=en-US&umbracoPageId=5512,,2026-09-23,date_only,data/raw/policy_ny_2026/oscar-romero-nycvotes-profile-fragment.html,3eceaeae99070913b21e7d8be69612cc75bd0df0baf6c4985d224ffb6309372b,24943,timing_unverified,Guide ties answers to June2026 election; publication time and pre-primary text version unverified. Retrieved_at precision is date-only.,,,,,,,,,,,,,,,,,,,,,,,,,,,,,,,,,,,,,,,,,,,,,,
ny14-felipe-garcia-nycvotes-2026,https://www.nycvotes.org/whats-on-the-ballot/june-2026-primary-election-voter-guide/representative-in-congress-june-2026-primary-election-voter-guide-nyc-votes/candidate-profile-june-2026-primary-election-voter-guide-nyc-votes/?bannerTitle=Felipe+Garcia&candidateId=V1752&electionCycle=2026&geoAreaAbbr=14&partyId=D,https://www.nycvotes.org/eFCandidateList/renderCandidateProfile?candidateId=V1752&electionCycle=2026&officeType=10&partyId=D&geoAreaAbbr=14&officelevel=3&languageType=en-US&umbracoPageId=5512,,2026-09-23,date_only,data/raw/policy_ny_2026/felipe-garcia-nycvotes-profile-fragment.html,45cef46a09a64bc36047eb04051cf49a96799199d93a0f91ab16ca82b84c17f4,26080,timing_unverified,Guide ties answers to June2026 election; publication time and pre-primary text version unverified. Retrieved_at precision is date-only.,,,,,,,,,,,,,,,,,,,,,,,,,,,,,,,,,,,,,,,,,,,,,,
ny13-theo-chino-patch-20260604,https://patch.com/new-york/harlem/election-q-meet-ny-13-candidate-theo-chino-tavarez,https://patch.com/new-york/harlem/election-q-meet-ny-13-candidate-theo-chino-tavarez,2026-06-04,2026-09-23,date_only,data/raw/policy_ny_2026/theo-chino-patch-2026-primary-qa.html,655ccb1252cc68584b333999f7ffac43880c366be24e3ec8ed2bdf269c8eeadb,356566,used,"Dated pre-primary candidate Q&A. Excerpts use only CHINO-TAVAREZ answer text and exclude Patch prompts, reporter framing, subscription modules, and sidebars. Retrieved_at precision is date-only.",,,,,,,,,,,,,,,,,,,,,,,,,,,,,,,,,,,,,,,,,,,,,,
mi12-tlaib-gender-20260803021500,https://rashidaforcongress.com/issues/lgbtq-and-gender-justice/,https://web.archive.org/web/20260803021500id_/https://rashidaforcongress.com/issues/lgbtq-and-gender-justice/,,2026-09-23,date_only,data/raw/policy_mi_wi_2026/tlaib-gender-20260803.html,92d62c5ab33238dc090bd7642dc06b77aba25f65680a75f8b45dfd9bda1fd0de,90114,used,"Undated campaign issue page; the Wayback capture proves the retained language existed by 2026-08-03, before the Michigan primary. Exact acquisition time was not retained.",,,,,,,,,,,,,,,,,,,,,,,,,,,,,,,,,,,,,,,,,,,,,,
mi12-tlaib-immigration-20260803021431,https://rashidaforcongress.com/issues/racial-and-immigration-justice/,https://web.archive.org/web/20260803021431id_/https://rashidaforcongress.com/issues/racial-and-immigration-justice/,,2026-09-23,date_only,data/raw/policy_mi_wi_2026/tlaib-immigration-20260803.html,c5e93f040c8ca5a0e42cc69cb92d6a0d4fff673221b2533119fb74255f3ceb7f,71330,used,Undated campaign issue page; the Wayback capture proves the retained language existed by 2026-08-03. Exact acquisition time was not retained.,,,,,,,,,,,,,,,,,,,,,,,,,,,,,,,,,,,,,,,,,,,,,,
mi12-nolen-wdet-20260728,https://wdet.org/2026/07/28/inkster-mayor-challenges-rep-rashida-tlaib-in-democratic-primary/,https://wdet.org/2026/07/28/inkster-mayor-challenges-rep-rashida-tlaib-in-democratic-primary/,2026-07-28,2026-09-23,date_only,data/raw/policy_mi_wi_2026/nolen-wdet-2026-07-28.html,f8db374fb22e273ee7c2cb8ac58805002096b8f18ecf686ca75eeb357547e668,362397,used,Dated public-radio candidate interview. The excerpt uses only Nolen's direct quotation; reporter paraphrases are excluded. Exact acquisition time was not retained.,,,,,,,,,,,,,,,,,,,,,,,,,,,,,,,,,,,,,,,,,,,,,,
mi12-jackson-campaign-20260803021851,https://shanellejackson.com/,https://web.archive.org/web/20260803021851id_/https://shanellejackson.com/,,2026-09-23,date_only,data/raw/policy_mi_wi_2026/jackson-campaign-20260803021851.html,0373ca0f50e3401bba0afeffe01eab93ba76b467918838745fd5103ad33b567f,173427,used,Campaign policy page captured before the primary; the excerpt is campaign-authored candidate-position text. Exact acquisition time was not retained.,,,,,,,,,,,,,,,,,,,,,,,,,,,,,,,,,,,,,,,,,,,,,,
mi13-mckinney-priorities-20260803023134,https://www.donavanforcongress.com/priorities,https://web.archive.org/web/20260803023134id_/https://www.donavanforcongress.com/priorities,,2026-09-23,date_only,data/raw/policy_mi_wi_2026/mckinney-priorities-20260803023134.html,6c2d146ff1c8edc8cd255cd69513b6541e4dba8288b748a47785cae75e5843a3,433823,used,Full campaign priorities page captured on 2026-08-03; publication date remains unknown and is not inferred from the capture. Exact acquisition time was not retained.,,,,,,,,,,,,,,,,,,,,,,,,,,,,,,,,,,,,,,,,,,,,,,
mi13-thanedar-wdet-20260323,https://wdet.org/2026/03/23/shri-thanedar-says-hes-ready-for-13th-congressional-district-primary/,https://wdet.org/2026/03/23/shri-thanedar-says-hes-ready-for-13th-congressional-district-primary/,2026-03-23,2026-09-23,date_only,data/raw/policy_mi_wi_2026/thanedar-wdet-2026-03-23.html,fe7613086b327be044b8d21fceaccaec64ae70e976fbc8479e1191fe9bf4b5ef,377913,used,Dated candidate Q&A. The excerpt uses only Thanedar's answer and excludes the interview question. Exact acquisition time was not retained.,,,,,,,,,,,,,,,,,,,,,,,,,,,,,,,,,,,,,,,,,,,,,,
wi3-berge-issues-20260811044341,https://www.bergeforcongress.com/issues/,https://web.archive.org/web/20260811044341id_/https://www.bergeforcongress.com/issues/,,2026-09-23,date_only,data/raw/policy_mi_wi_2026/berge-issues-20260811044341.html,4181ba9e39912fa17cf3eb6cc31a5fda4e5c2382f3f2121932a361409d41afb9,227658,used,Full campaign issues page captured on the primary date; publication date remains unknown and the capture date is retained separately. Exact acquisition time was not retained.,,,,,,,,,,,,,,,,,,,,,,,,,,,,,,,,,,,,,,,,,,,,,,
wi3-cooke-priorities-20260811044537,https://cookeforwisconsin.com/priorities/,https://web.archive.org/web/20260811044537id_/https://cookeforwisconsin.com/priorities/,,2026-09-23,date_only,data/raw/policy_mi_wi_2026/cooke-priorities-20260811044537.html,22bb37dca36844951a5621f0543e88e4eb911a643e59fd58e58506c4a1d482bc,136227,used,Full campaign priorities page captured on the primary date; publication date remains unknown and is not replaced by the capture date. Exact acquisition time was not retained.,,,,,,,,,,,,,,,,,,,,,,,,,,,,,,,,,,,,,,,,,,,,,,
mi12-tlaib-launch-20260128,https://rashidaforcongress.com/blog/2026/01/28/we-just-launched-our-2026-re-election-campaign/,https://rashidaforcongress.com/blog/2026/01/28/we-just-launched-our-2026-re-election-campaign/,2026-01-28,2026-09-23,date_only,data/raw/policy_mi_wi_2026/tlaib-campaign-launch-2026-01-28.html,599e0b49a411c6707a1418d97998e393f9b41d60d6f7b4a2931e78c1292d587d,85989,excluded,"Eligible dated campaign statement retained, but more proposition-specific archived issue pages support the selected comparisons. Exact acquisition time was not retained.",,,,,,,,,,,,,,,,,,,,,,,,,,,,,,,,,,,,,,,,,,,,,,
mi12-tlaib-healthcare-20260803021438,https://rashidaforcongress.com/issues/healthcare-for-all/,https://web.archive.org/web/20260803021438id_/https://rashidaforcongress.com/issues/healthcare-for-all/,,2026-09-23,date_only,data/raw/policy_mi_wi_2026/tlaib-healthcare-20260803021438.html,9e8d277a6bb98945ba0a11d07e6b9573d696360c7ddef2a89d9cc305b0dfdb7b,59922,excluded,"Eligible pre-primary archive retained, but no additional comparison was necessary after covering both actual challengers. Exact acquisition time was not retained.",,,,,,,,,,,,,,,,,,,,,,,,,,,,,,,,,,,,,,,,,,,,,,
mi12-tlaib-healthcare-current,https://rashidaforcongress.com/issues/healthcare-for-all/,https://rashidaforcongress.com/issues/healthcare-for-all/,,2026-09-23,date_only,data/raw/policy_mi_wi_2026/tlaib-healthcare-current.html,1235d2a2ea945739028cfa1e0a3091a1f2dc96bf3516c4e4a1fc9c286f0d4100,79848,excluded,Current undated page cannot independently establish pre-primary wording; the dated archive is retained separately. Exact acquisition time was not retained.,,,,,,,,,,,,,,,,,,,,,,,,,,,,,,,,,,,,,,,,,,,,,,
mi12-nolen-campaign-20260804034622,https://nolen4congress.com/,https://web.archive.org/web/20260804034622id_/https://nolen4congress.com/,,2026-09-23,date_only,data/raw/policy_mi_wi_2026/nolen-campaign-20260804034622.html,5129bb046aaa82a06b4a4e6de564558e43dea624433ad699d7cbd8502c4f9230,110320,excluded,Pre-primary campaign capture retained; the dated WDET interview provides clearer speaker-attributed policy language. Exact acquisition time was not retained.,,,,,,,,,,,,,,,,,,,,,,,,,,,,,,,,,,,,,,,,,,,,,,
mi12-nolen-campaign-current,https://nolen4congress.com/,https://nolen4congress.com/,,2026-09-23,date_only,data/raw/policy_mi_wi_2026/nolen-campaign-current.html,5d46139528105c18bbef90991ea5d371db5bd449e953d63e330e1c936c539bd9,110645,excluded,Current undated page cannot prove primary-window wording; the archived capture and dated interview are retained separately. Exact acquisition time was not retained.,,,,,,,,,,,,,,,,,,,,,,,,,,,,,,,,,,,,,,,,,,,,,,
mi12-jackson-wdet-20260728,https://wdet.org/2026/07/28/former-state-lawmaker-aims-to-unseat-rep-rashida-tlaib/,https://wdet.org/2026/07/28/former-state-lawmaker-aims-to-unseat-rep-rashida-tlaib/,2026-07-28,2026-09-23,date_only,data/raw/policy_mi_wi_2026/jackson-wdet-2026-07-28.html,61703af6082233cdba62163184d35884af7f14be7a5f3a924c5e09ecdd932e7b,362369,excluded,"Eligible dated interview retained, but the archived campaign page states Jackson's ICE reform position more directly. Exact acquisition time was not retained.",,,,,,,,,,,,,,,,,,,,,,,,,,,,,,,,,,,,,,,,,,,,,,
mi12-jackson-campaign-current,https://shanellejackson.com/,https://shanellejackson.com/,,2026-09-23,date_only,data/raw/policy_mi_wi_2026/jackson-campaign-current.html,69eacef2f355c22ff53745adb39ff0076d2093a767a72e38070ca83c7c5569df,5768,excluded,The current request returned a JavaScript browser-check page; the successful pre-primary archive is retained separately. Exact acquisition time was not retained.,,,,,,,,,,,,,,,,,,,,,,,,,,,,,,,,,,,,,,,,,,,,,,
mi13-mckinney-wdet-20260401,https://wdet.org/2026/04/01/state-rep-donavan-mckinney-talks-issues-13th-congressional-primary/,https://wdet.org/2026/04/01/state-rep-donavan-mckinney-talks-issues-13th-congressional-primary/,2026-04-01,2026-09-23,date_only,data/raw/policy_mi_wi_2026/mckinney-wdet-2026-04-01.html,7e71fb4a17312b5627146b9cc64feee80326605e8c050bc67c297bf9233b4f12,379729,excluded,Eligible dated Q&A retained; the pre-primary campaign archive supplies the selected Medicare-for-All wording. Exact acquisition time was not retained.,,,,,,,,,,,,,,,,,,,,,,,,,,,,,,,,,,,,,,,,,,,,,,
mi13-mckinney-priorities-current,https://www.donavanforcongress.com/priorities,https://www.donavanforcongress.com/priorities,,2026-09-23,date_only,data/raw/policy_mi_wi_2026/mckinney-priorities-current.html,0754f21f20b481afa826fa09f4cdca1a4b9b2a80c8a52680bd44c6c31badcea3,198728,excluded,Current undated page cannot independently prove pre-primary wording; the 2026-08-03 archive is used. Exact acquisition time was not retained.,,,,,,,,,,,,,,,,,,,,,,,,,,,,,,,,,,,,,,,,,,,,,,
mi13-thanedar-issues-20260617074338,https://thanedar.house.gov/issues,https://web.archive.org/web/20260617074338id_/https://thanedar.house.gov/issues,,2026-09-23,date_only,data/raw/policy_mi_wi_2026/thanedar-issues-20260617074338.html,1b3a92d4cf9662a7bc457be9e5bad4093f9f5f68ced10885d426e0cefb57f20e,62722,excluded,"Pre-primary official issue index retained, but the page only links to issue subpages and does not contain the selected substantive statement. Exact acquisition time was not retained.",,,,,,,,,,,,,,,,,,,,,,,,,,,,,,,,,,,,,,,,,,,,,,
mi13-thanedar-issues-current,https://thanedar.house.gov/issues,https://thanedar.house.gov/issues,,2026-09-23,date_only,data/raw/policy_mi_wi_2026/thanedar-issues-current.html,8c2c569a83877999da30fc87eef2f4f62cb06db6a4dfc4e4ceafdcab5edee16b,63193,excluded,Current undated official issue index cannot establish pre-primary wording; the dated interview is used. Exact acquisition time was not retained.,,,,,,,,,,,,,,,,,,,,,,,,,,,,,,,,,,,,,,,,,,,,,,
wi3-berge-snap-20260729,https://snapcoalition.org/initiatives/stance-on-science/candidates/wi/emily-berge,https://snapcoalition.org/initiatives/stance-on-science/candidates/wi/emily-berge,2026-07-29,2026-09-23,date_only,data/raw/policy_mi_wi_2026/berge-snap-2026-07-29.html,b3da78499006cce0e6c92c41bbce61e9eca0ff5ea70d512961d0587a16d2cfcf,14011,excluded,Eligible dated questionnaire retained; the full pre-primary campaign issues capture supplies the selected public-school funding statement. Exact acquisition time was not retained.,,,,,,,,,,,,,,,,,,,,,,,,,,,,,,,,,,,,,,,,,,,,,,
wi3-berge-issues-current,https://www.bergeforcongress.com/issues/,https://www.bergeforcongress.com/issues/,,2026-09-23,date_only,data/raw/policy_mi_wi_2026/berge-issues-current.html,edbc201bfe3b23d86f26a9806c2bf97c7e44927cc6d6bd7a55b4b45c8f30c372,103814,excluded,Current undated page cannot independently establish primary-window wording; the election-day archive is used. Exact acquisition time was not retained.,,,,,,,,,,,,,,,,,,,,,,,,,,,,,,,,,,,,,,,,,,,,,,
wi3-cooke-civicmedia-20260729,https://civicmedia.us/shows/wrco-morning-show/2026/07/29/rebecca-cooke/transcript,https://civicmedia.us/shows/wrco-morning-show/2026/07/29/rebecca-cooke/transcript,2026-07-29,2026-09-23,date_only,data/raw/policy_mi_wi_2026/cooke-civicmedia-2026-07-29.html,ee1cb05024dd44c1edd728030e391f601e4a0119694adec70fb88a688e866bdc,1165452,excluded,Eligible dated interview transcript retained; the full pre-primary campaign priorities capture supplies the selected education statement. Exact acquisition time was not retained.,,,,,,,,,,,,,,,,,,,,,,,,,,,,,,,,,,,,,,,,,,,,,,
wi3-cooke-priorities-current,https://cookeforwisconsin.com/priorities/,https://cookeforwisconsin.com/priorities/,,2026-09-23,date_only,data/raw/policy_mi_wi_2026/cooke-priorities-current.html,80a265bed528211aa708dcd58f7a95db36eeb7f873c6fe4ddab0b3a1dc0973a4,226,excluded,The current request returned a ModSecurity Not Acceptable response; the successful election-day archive is used. Exact acquisition time was not retained.,,,,,,,,,,,,,,,,,,,,,,,,,,,,,,,,,,,,,,,,,,,,,,
pa03-rabb-citystate-20260514,https://www.cityandstatepa.com/politics/2026/05/candidate-questionnaire-chris-rabb/413545/,https://www.cityandstatepa.com/politics/2026/05/candidate-questionnaire-chris-rabb/413545/,2026-05-14,2026-09-23,date_only,data/raw/policy_pa_il_2026/pa03-chris-rabb-citystate-2026-05-14.html,b3234c58be6bcadc151fb563ea7c03e8a1952943422475e4b126206a64fc21d2,144765,used,"Dated candidate questionnaire. Excerpt uses Rabb's answer only, excluding prompts and publisher framing.",,,,,,,,,,,,,,,,,,,,,,,,,,,,,,,,,,,,,,,,,,,,,,
pa03-street-citystate-20260512,https://www.cityandstatepa.com/politics/2026/05/candidate-questionnaire-sharif-street/413480/,https://www.cityandstatepa.com/politics/2026/05/candidate-questionnaire-sharif-street/413480/,2026-05-12,2026-09-23,date_only,data/raw/policy_pa_il_2026/pa03-sharif-street-citystate-2026-05-12.html,0461fd49a01636d53f0078f40446bff42a87f3b7ccc15d7c8c8c27019b651a54,141595,used,Dated candidate questionnaire. Excerpt uses Street's answer only.,,,,,,,,,,,,,,,,,,,,,,,,,,,,,,,,,,,,,,,,,,,,,,
pa03-rabb-official-alias-20210105,https://www.pahouse.com/Rabb/InTheNews/NewsRelease/?id=117896,https://www.pahouse.com/Rabb/InTheNews/NewsRelease/?id=117896,2021-01-05,2026-09-23,date_only,data/raw/policy_pa_il_2026/pa03-rabb-official-alias-2021-01-05.html,dae88f5f90c7e07f5d24871ce4dd977465d2ce1a1287d2441a6fe4f742465482,71082,identity_only,Identity evidence only. Official Pennsylvania House page title uses Christopher M. Rabb and body text identifies him as Chris Rabb.,,,,,,,,,,,,,,,,,,,,,,,,,,,,,,,,,,,,,,,,,,,,,,
pa03-street-fec-identity,https://www.fec.gov/data/candidate/H6PA03195/,https://www.fec.gov/data/candidate/H6PA03195/,,2026-09-23,date_only,data/raw/policy_pa_il_2026/pa03-street-fec-candidate.html,d580844af6c3c3702c303f09509513c18ff1ae64b4985667264b30b73228f350,62106,identity_only,"Identity evidence only. FEC candidate H6PA03195 is STREET, SHARIF for Pennsylvania House District 3 and uses the authorized committee SHARIF STREET FOR US.",,,,,,,,,,,,,,,,,,,,,,,,,,,,,,,,,,,,,,,,,,,,,,
il08-junaid-wttw-20260316,https://news.wttw.com/elections/voters-guide/2026-primary/junaid-ahmed,https://web.archive.org/web/20260316182458id_/https://news.wttw.com/elections/voters-guide/2026-primary/junaid-ahmed,,2026-09-23,date_only,data/raw/policy_pa_il_2026/il08-junaid-wttw-20260316182458.html,77e6eb9e193757cbe272257605f84974d0a7cbb9c56cfa5bbce3e32651059e9d,62452,used,WTTW 2026 primary voter-guide questionnaire; pre-primary Wayback capture establishes the answer by March 16.,,,,,,,,,,,,,,,,,,,,,,,,,,,,,,,,,,,,,,,,,,,,,,
il08-morrison-afc-questionnaire-202603,https://www.aidschicago.org/wp-content/uploads/2026/03/AFC-2026-Primary-Federal-Candidate-Questionnaire_Kevin-Morrison_IL08.pdf,https://www.aidschicago.org/wp-content/uploads/2026/03/AFC-2026-Primary-Federal-Candidate-Questionnaire_Kevin-Morrison_IL08.pdf,,2026-09-23,date_only,data/raw/policy_pa_il_2026/il08-kevin-morrison-afc-questionnaire.pdf,c0452e4876a4af58e01cd1a014fd534b2feeb131ff176204704644bfa7511b8e,66291,timing_unverified,Original retained PDF. The /2026/03 URL path and primary-questionnaire title do not prove publication before the March 17 primary; no pre-primary archive or exact publication date was recovered.,application/pdf,,,,,,,,,,,,,,,,,,,,,,,,,,,,,,,,,,,,,,,,,,,,,
il06-ruzevich-suntimes-20260220,https://chicago.suntimes.com/elections/2026/candidate-questionnaires/joseph-joey-ruzevich-illinois-primary-6th-congressional-district,https://chicago.suntimes.com/elections/2026/candidate-questionnaires/joseph-joey-ruzevich-illinois-primary-6th-congressional-district,2026-02-20,2026-09-23,date_only,data/raw/policy_pa_il_2026/il06-joey-ruzevich-suntimes.html,abf31bf462d83face680eba6763d4b850fc8c0334f86b8db8c79e1e8658fc68a,619060,used,"Dated candidate questionnaire. The retained quote is from Ruzevich's response, not the question or reporter text.",,,,,,,,,,,,,,,,,,,,,,,,,,,,,,,,,,,,,,,,,,,,,,
il06-casten-healthcare-20260211,https://www.castenforcongress.com/issues/health-care/,https://web.archive.org/web/20260211222212id_/https://www.castenforcongress.com/issues/health-care/,,2026-09-23,date_only,data/raw/policy_pa_il_2026/il06-sean-casten-healthcare-20260211222212.html,d52fe37ec2fd27aca3980138d06794a840d49815bceab363af3cb017d7b1b486,20359,used,Campaign health-care platform; pre-primary Wayback capture establishes the text by February 11.,,,,,,,,,,,,,,,,,,,,,,,,,,,,,,,,,,,,,,,,,,,,,,
il06-casten-issues-index-20260213,https://www.castenforcongress.com/issues/,https://web.archive.org/web/20260213144019id_/https://www.castenforcongress.com/issues/,,2026-09-23,date_only,data/raw/policy_pa_il_2026/il06-sean-casten-issues-20260213144019.html,a682bf2d31b75ccd98db2c0d1b14cc368a8a8b03840d396c2f2624ecda4f0a5b,30510,excluded,"Pre-primary issues index retained for provenance, but it contains topic links rather than the full health-care position used in the comparison.",,,,,,,,,,,,,,,,,,,,,,,,,,,,,,,,,,,,,,,,,,,,,,
il08-dan-tully-wttw-followup,https://news.wttw.com/elections/voters-guide/2026-primary/dan-tully,https://news.wttw.com/elections/voters-guide/2026-primary/dan-tully,,2026-09-23T01:52:56.522198+00:00,timestamp,data/raw/policy_pa_il_2026/followup/il08-dan-tully-wttw-followup/902af9c68780c7fea0a08d2ded21e0b04324c8ce91b50811584436a7a7a9b281.html,570bbb62993896834dd6d79924f99e614dc12db0f7789d23e60c871b9616d9e6,62507,timing_unverified,Full candidate questionnaire. Healthcare answer at paragraph 99 is first-person candidate text; the prompt at paragraph 98 is excluded. Pre-primary publication/version is unverified.,text/html,,,,,,,,,,,,,,,,,,,,,,,,,,,,,,,,,,,,,,,,,,,,,
il08-sanjyot-dunung-wttw-followup,https://news.wttw.com/elections/voters-guide/2026-primary/sanjyot-dunung,https://news.wttw.com/elections/voters-guide/2026-primary/sanjyot-dunung,,2026-09-23T01:52:56.665184+00:00,timestamp,data/raw/policy_pa_il_2026/followup/il08-sanjyot-dunung-wttw-followup/42533f41ed9a98dee359ddafe60648268226f9212dd88b2d84eb1d83bd9d167f.html,97696306245be8af7f145bfc156675573ce337211b1ba19ba531731c3bebe588,70219,timing_unverified,Full candidate questionnaire; paragraphs 117-121 are the candidate's healthcare answer. Publication time and the exact version before the primary remain unverified.,text/html,,,,,,,,,,,,,,,,,,,,,,,,,,,,,,,,,,,,,,,,,,,,,
il08-yasmeen-bankole-wttw-followup,https://news.wttw.com/elections/voters-guide/2026-primary/yasmeen-bankole,https://news.wttw.com/elections/voters-guide/2026-primary/yasmeen-bankole,,2026-09-23T01:52:56.714430+00:00,timestamp,data/raw/policy_pa_il_2026/followup/il08-yasmeen-bankole-wttw-followup/e4d457a0d939106a81b420487e3adc2be694caa4587135a114965a98a0bd6cbd.html,84bddcc3282ac007a7145d5e2dc857466b732291fd1849f8fec881719381d0ae,61327,timing_unverified,Full candidate questionnaire; paragraphs 98-99 are the candidate's healthcare answer. Original publication date and pre-primary version are unverified.,text/html,,,,,,,,,,,,,,,,,,,,,,,,,,,,,,,,,,,,,,,,,,,,,
il08-neil-khot-campaign-current,https://neilforcongress.com/priorities/,https://neilforcongress.com/priorities/,,2026-09-23T01:58:26.821911+00:00,timestamp,data/raw/policy_pa_il_2026/followup/il08-neil-khot-campaign-current/6c7e131e08bc77ee227a54f5df2eca2fa3da68aafff8377f976921d68a6bf560.html,6c7e131e08bc77ee227a54f5df2eca2fa3da68aafff8377f976921d68a6bf560,210695,excluded,"Undated live capture retained for provenance. Its complete extracted text matches the subsequently recovered pre-primary archive, which now supports the excerpts; this live copy is not double-counted.",text/html,,,,,,,,,,,,,,,,,,,,,,,,,,,,,,,,,,,,,,,,,,,,,
il08-melissa-bean-campaign-current,https://www.melissabeanforcongress.com/issues,https://www.melissabeanforcongress.com/issues,,2026-09-23T01:59:33.529899+00:00,timestamp,data/raw/policy_pa_il_2026/followup/il08-melissa-bean-campaign-current/28ab85eaf2602287ff5ad39ca393e7ff5159f12a17bfd5abe70e06f91ed7fa49.html,28ab85eaf2602287ff5ad39ca393e7ff5159f12a17bfd5abe70e06f91ed7fa49,614809,timing_unverified,Official campaign platform for the Illinois 8th District; third-person bullets explicitly follow Melissa Bean will. Publication date is unknown; this is not asserted to be the pre-primary version.,text/html,,,,,,,,,,,,,,,,,,,,,,,,,,,,,,,,,,,,,,,,,,,,,
il08-ryan-vetticad-archive-20260317,https://www.ryanforillinois.com/,https://web.archive.org/web/20260319025455id_/https://www.ryanforillinois.com/,,2026-09-23T02:02:06.739869+00:00,timestamp,data/raw/policy_pa_il_2026/followup/il08-ryan-vetticad-archive-20260317/e2cb37e7235d4777e0ef8431ff173827c3ebff0c0dc1b90be01e664c145a45d5.com,e2cb37e7235d4777e0ef8431ff173827c3ebff0c0dc1b90be01e664c145a45d5,340875,timing_unverified,"Full archived campaign homepage identifies Ryan Vetticad in the footer and contains his first-person platform. Requested March 17 snapshot redirected to March 19 after the primary; the actual final capture date is retained, not backdated.",text/html,,,,,,,,,,,,,,,,,,,,,,,,,,,,,,,,,,,,,,,,,,,,,
pa03-ala-stanford-citystate-413461,https://www.cityandstatepa.com/politics/2026/05/candidate-questionnaire-ala-stanford/413461/?oref=ng-homepage-top-story,https://www.cityandstatepa.com/politics/2026/05/candidate-questionnaire-ala-stanford/413461/?oref=ng-homepage-top-story,2026-05-11,2026-09-23T02:09:44.828847+00:00,timestamp,data/raw/policy_pa_il_2026/followup/pa03-ala-stanford-citystate-413461/a8d46e686c4d5e6a7f5aef861548b815302263a3441fcc200d327a0d340099ef.html,eed88c677ade31eb23337ebfda78051203348a012844b1f191000bf7c383fa48,148257,used,Actual candidate questionnaire and title verified at article 413461. Earlier guessed/indexed article IDs redirected to unrelated publications and are not used. Healthcare answer at paragraph 92.,text/html,,,,,,,,,,,,,,,,,,,,,,,,,,,,,,,,,,,,,,,,,,,,,
pa03-cbs-affordability-20260513,https://www.cbsnews.com/philadelphia/news/pennsylvania-primary-2026-third-congressional-district-affordability/,https://www.cbsnews.com/philadelphia/news/pennsylvania-primary-2026-third-congressional-district-affordability/,2026-05-13,2026-09-23T02:09:44.794886+00:00,timestamp,data/raw/policy_pa_il_2026/followup/pa03-cbs-affordability-20260513/c68a65fd6028efeae58a0b6bca128daa3627001bb88b8cfca3e38bd0d0383617.html,3297dcb8a0d4d214212a675518025df781a3203d2fc0c8bf9519d8223eeddeba,676323,used,Published May 13 at 6:32PM EDT in paragraph 142. Paragraph 161 is a direct quotation attributed to Griffith; reporter narration and other candidates' words are not attributed to him.,text/html,,,,,,,,,,,,,,,,,,,,,,,,,,,,,,,,,,,,,,,,,,,,,
pa03-shaun-griffith-rendered,https://griffithforcongress.org/,https://griffithforcongress.org/,,2026-09-23T02:08:23.340Z,timestamp,data/raw/policy_pa_il_2026/followup/pa03-shaun-griffith-rendered/db659e630e73ead99952cf0e9c3973476332c7b735974849050f9bcc7a8fab90.html,db659e630e73ead99952cf0e9c3973476332c7b735974849050f9bcc7a8fab90,24595,timing_unverified,"Full visible DOM of the official JavaScript campaign site, rendered in an isolated sandboxed browser. Campaign text is attributable, but publication date and pre-primary version are unverified. Not a video transcript.",text/html,rendered_dom,,,,,,,,,,,,,,,,,,,,,,,,,,,,,,,,,,,,,,,,,,,,
il08-neil-khot-archive-20260317,https://neilforcongress.com/priorities/,https://web.archive.org/web/20260317005959id_/https://neilforcongress.com/priorities/,,2026-09-23T02:21:35.412569+00:00,timestamp,data/raw/policy_pa_il_2026/followup/il08-neil-khot-archive-20260317/c5e2b7527a9736bba27187a720e8fb0a076766aa222f89baa18b17c0fc55112d.html,c5e2b7527a9736bba27187a720e8fb0a076766aa222f89baa18b17c0fc55112d,210620,used,"Replay retained the requested March 17 00:59:59 UTC capture, before the local Illinois primary day. Complete extracted text matches the reviewed live page, including healthcare paragraphs 47-48. Capture date is not publication date.",text/html,,,,,,,,,,,,,,,,,,,,,,,,,,,,,,,,,,,,,,,,,,,,,
ca-identity-certified-candidates-20260326,https://elections.cdn.sos.ca.gov/statewide-elections/2026-primary/cert-list-candidates.pdf,https://elections.cdn.sos.ca.gov/statewide-elections/2026-primary/cert-list-candidates.pdf,2026-03-26,2026-09-23,date_only,data/raw/policy_ca_2026/ca-certified-candidates-2026-03-26.pdf,f409e8fbef68b56ef7ea4cac8ed1903a5d02fa8a8229666a73861e4b8ea2c03c,1153683,identity_only,"Official identity and party-preference evidence, not a policy source. PDF page 20 lists CA-24; PDF page 21 lists CA-26. Exact acquisition time was not retained.",application/pdf,,"Official Certified List of Candidates, Statewide Direct Primary Election - June 2, 2026",identity_only,,,,,,,,,,,,,,,,,,,,,,,,,,,,,,,,,,,,,,,,,,
ca26-chris-live-paused,https://www.espinosaforcongress.com/issues,https://www.espinosaforcongress.com/issues,,2026-09-23,date_only,data/raw/policy_ca_2026/ca26-chris-issues.html,60b86185f480981aa51947b9ed2ecf7e56a722dd609d304934a21216d92cc989,98795,excluded,The final body is a site-paused/404 page and contains no policy text. It is not counted as policy evidence. Exact acquisition time was not retained.,text/html,,Chris Espinosa for Congress | CA-26 Democrat,blocked_or_nonpolicy,,,,,,,,,,,,,,,,,,,,,,,,,,,,,,,,,,,,,,,,,,
ca26-chris-issues-20260603205553,https://www.espinosaforcongress.com/issues,https://web.archive.org/web/20260603205553id_/https://www.espinosaforcongress.com/issues,,2026-09-23,date_only,data/raw/policy_ca_2026/ca26-chris-issues-wayback.html,d131e0671fd0bd2b60bdc5d1c46ae0dcb0719ce0de224f3a535158374a56e707,324672,timing_unverified,"Full campaign issues page. A request for the closest capture before June 2 redirected to a June 3 capture, so the policy wording is real but cannot prove its pre-primary state. Exact acquisition time was not retained.",text/html,,Issues — EspinosaForCongress.com,timing_unverified,,,,,,,,,,,,,,,,,,,,,,,,,,,,,,,,,,,,,,,,,,
ca26-jacqui-climate-current,https://jacquiirwin.com/champion-for-our-environment,https://jacquiirwin.com/champion-for-our-environment,,2026-09-23,date_only,data/raw/policy_ca_2026/ca26-jacqui-climate.html,bbd848befe79865a9e8e3756a0e64cba0bbfad129875a18373459d72c287f7d0,295721,timing_unverified,"Candidate-controlled environmental record page with substantive body text. The page is undated and was captured after the primary, so timing is unresolved. Exact acquisition time was not retained.",text/html,,Champion for Our Environment — Jacqui Irwin for Congress,timing_unverified,,,,,,,,,,,,,,,,,,,,,,,,,,,,,,,,,,,,,,,,,,
ca26-liam-signal-403,https://signalscv.com/2026/05/the-signals-california-primary-preview-2/,https://signalscv.com/2026/05/the-signals-california-primary-preview-2/,,2026-09-23,date_only,data/raw/policy_ca_2026/ca26-liam-signal-2026-05.html,b05b7d02e79f00fe4b3d8229ef38854125057d7978ee859c99bba1a63c81216f,1041,excluded,The final body is a 403 page and is not counted as policy evidence. Exact acquisition time was not retained.,text/html,,Error 403 Forbidden,blocked_or_nonpolicy,,,,,,,,,,,,,,,,,,,,,,,,,,,,,,,,,,,,,,,,,,
ca26-liam-vcstar-aol-20260510,https://www.aol.com/articles/meet-9-candidates-26th-congressional-123026000.html,https://www.aol.com/articles/meet-9-candidates-26th-congressional-123026000.html,2026-05-10,2026-09-23,date_only,data/raw/policy_ca_2026/ca26-liam-vcstar-aol-2026-05-10.html,90e1ec1e5ceb870347d1fbc281719d3ac9048b877fdbe3c0832d2d1386260a59,711554,used,"Full dated Ventura County Star candidate questionnaire syndicated by AOL. JSON-LD identifies Tony Biasotti, Ventura County Star, publication 2026-05-10, and the original VC Star URL. The excerpt uses only Hernandez's answer. Exact acquisition time was not retained.",text/html,,Meet the 9 candidates in 26th Congressional District race - AOL,verified_pre_primary,,,,,,,,,,,,,,,,,,,,,,,,,,,,,,,,,,,,,,,,,,
ca26-sasan-platform-current,https://sasansamadzadeh.org/,https://sasansamadzadeh.org/,,2026-09-23,date_only,data/raw/policy_ca_2026/ca26-sasan-platform.html,07d471e5894a5f1529420edb0845b57cfad43d9350a86d828b8a2c72160dd560,862639,timing_unverified,Full candidate platform with substantive policy text. The page is undated and no pre-primary capture was established in the bounded pass. Exact acquisition time was not retained.,text/html,,Sasan Samadzadeh for Congress – CA-26,timing_unverified,,,,,,,,,,,,,,,,,,,,,,,,,,,,,,,,,,,,,,,,,,
ca26-ssfl-candidate-survey-current,https://parentsagainstssfl.com/vote,https://parentsagainstssfl.com/vote,,2026-09-23,date_only,data/raw/policy_ca_2026/ca26-ssfl-candidate-survey.html,d8096caa66e8ed0d0176e10e0871efba2f366123469ffc8c25ce1892098871f8,454139,timing_unverified,Candidate-answer survey containing separate labeled sections for Chris Espinosa and Sonia Kacker. Publication date and exact pre-primary version were not established. Exact acquisition time was not retained.,text/html,,Candidate Survey — PARENTS AGAINST SANTA SUSANA FIELD LAB,timing_unverified,,,,,,,,,,,,,,,,,,,,,,,,,,,,,,,,,,,,,,,,,,
ca26-sonia-campaign-alias-current,https://drsoniaforcongress.com/,https://drsoniaforcongress.com/,,2026-09-23,date_only,data/raw/policy_ca_2026/ca26-sonia-campaign.html,9923a04b33a8d4a699375d9d2028365a42b875850cf87747c3634a8371405410,3657,identity_only,"The server body is a minimal shell, not a complete policy page. Its JSON-LD names the candidate as Dr. Sonia Devgan-Kacker while the official certified list and survey use Sonia Kacker, retaining the registry-to-ballot alias evidence. Exact acquisition time was not retained.",text/html,,Dr. Sonia for Congress | CA-26 in 2026,identity_only,,,,,,,,,,,,,,,,,,,,,,,,,,,,,,,,,,,,,,,,,,
ca24-helena-issues-current,https://www.pasquarellaforcongress.com/issues,https://www.pasquarellaforcongress.com/issues,,2026-09-23,date_only,data/raw/policy_ca_2026/ca24-helena-issues.html,4eebec9dbabff042fd67782cf01ed4da9527b0ed9193b9e982cae7380ec2c4ee,337179,timing_unverified,"Full focal-candidate issues page. It is undated and the bounded pass did not establish a pre-primary capture. Official party preference is Peace and Freedom, not Democratic. Exact acquisition time was not retained.",text/html,,Issues — Pasquarella for Congress,timing_unverified,,,,,,,,,,,,,,,,,,,,,,,,,,,,,,,,,,,,,,,,,,
ca24-salud-healthcare-current,https://www.saludcarbajal.com/issues/making-health-care-more-affordable,https://www.saludcarbajal.com/issues/making-health-care-more-affordable,,2026-09-23,date_only,data/raw/policy_ca_2026/ca24-salud-healthcare.html,e52047b1c804c0e46a2a0ba62cafbb3d800f16c4c5a1b6e4dec5bb13e86a874a,24044,timing_unverified,"Full candidate-controlled healthcare issue page. It is undated and captured after the primary, so timing is unresolved. Exact acquisition time was not retained.",text/html,,Issue | Issues | Salud Carbajal for Congress,timing_unverified,,,,,,,,,,,,,,,,,,,,,,,,,,,,,,,,,,,,,,,,,,
ca24-sarah-platform-20260504,https://www.sarahbacon.com/sarah-bacon-platform-launch-050426.pdf,https://www.sarahbacon.com/sarah-bacon-platform-launch-050426.pdf,2026-05-04,2026-09-23,date_only,data/raw/policy_ca_2026/ca24-sarah-platform-2026-05-04.pdf,a50ce7532eb16ebc8ce4e377f631af5d2148a0b5ba58ffa2d47faf8f9fa81a90,181724,used,"Original two-page campaign press-release PDF dated May 4, 2026. MIME and PDF body were verified; the excerpt is campaign-authored platform summary text. Exact acquisition time was not retained.",application/pdf,,"Sarah Bacon for Congress Unveils Platform to Fix a Political System Built for the Powerful, Not the People",verified_pre_primary,,,,,,,,,,,,,,,,,,,,,,,,,,,,,,,,,,,,,,,,,,
ca24-sarah-issues-current,https://www.sarahbacon.com/issues,https://www.sarahbacon.com/issues,,2026-09-23,date_only,data/raw/policy_ca_2026/ca24-sarah-issues.html,7438c76e1db9737db0e4f092f7db34092df5c9681fffa127b2c04cc120121913,779542,excluded,"Complete current issues page retained, but the dated original platform PDF supplies the selected pre-primary evidence. Exact acquisition time was not retained.",text/html,,Issues — Sarah Bacon for Congress,timing_unverified_redundant,,,,,,,,,,,,,,,,,,,,,,,,,,,,,,,,,,,,,,,,,,
mo04-ashleigh-live-current,https://ashleighrogers4congress.com/,https://ashleighrogers4congress.com/,,2026-09-23T04:55:19.193432+00:00,timestamp,data/raw/policy_mo_2026/ashleigh-rogers-current.html,85a3bc07c4d3178079fbe66c7696c785cf35f74df6042595329fcbaa7ec52ee1,161991,timing_unverified,"Full candidate-authored campaign homepage. On the Issues includes first-person policy statements, but original publication date and the pre-primary version are unverified; the indexed August3 archive still returns HTTP500.",text/html,,,,,,,,,,,,,,,,,,,,,,,,,,,,,,,,,,,,,,,,,,,,,
mo01-carl-harris-stlamerican-20260320,https://www.stlamerican.com/news/local-news/carl-harris-enters-race-for-missouris-1st-congressional-district/,https://www.stlamerican.com/news/local-news/carl-harris-enters-race-for-missouris-1st-congressional-district/,2026-03-20,2026-09-23T04:57:03.254185+00:00,timestamp,data/raw/policy_mo_2026/carl-harris-stlamerican-20260320.html,aa999bae7abcc6d24a30d0cf2d622c43ec99414484e1fffd3766cad617690e66,206277,captured_not_excerpted,"Complete dated article contains only reporter narration about campaign themes, no direct candidate quotation or submitted policy answers. Retained as discovery context, not attributed policy text.",text/html,,,,,,,,,,,,,,,,,,,,,,,,,,,,,,,,,,,,,,,,,,,,,
mo01-identity-sos-20260606,https://s1.sos.mo.gov/candidatesonweb/DisplayCandidatesPlacement.aspx?ElectionCode=750006905&OfficeCode=25%20CN%201,https://web.archive.org/web/20260606074525id_/https://s1.sos.mo.gov/CandidatesOnWeb/DisplayCandidatesPlacement.aspx?OfficeCode=25%20CN%201&ElectionCode=750006905,,2026-09-23,date_only,data/raw/policy_mo_2026/mo-sos-2026-cd1-certified-candidates-20260606074525.html,24765cd5388b960132e58b3f190a7d3d5fa60eb346f67b64908f18fb398f287e,23645,identity_only,"Certified candidate list; used only to verify district, party, election and candidate identities. Retrieved_at precision is date-only.",,,,,2026-06-06,,,,,,,,,,,,,,,,,,,,,,,,,,,,,,,,,,,,,,,,,
mo04-identity-sos-20260606,https://s1.sos.mo.gov/candidatesonweb/DisplayCandidatesPlacement.aspx?ElectionCode=750006905&OfficeCode=25%20CN%204,https://web.archive.org/web/20260606074419id_/https://s1.sos.mo.gov/CandidatesOnWeb/DisplayCandidatesPlacement.aspx?OfficeCode=25%20CN%204&ElectionCode=750006905,,2026-09-23,date_only,data/raw/policy_mo_2026/mo-sos-2026-cd4-certified-candidates-20260606074419.html,4128dcb318c978a1a5e9d1396de4ed0f3ef61db23fae993e79484206db1e4745,24097,identity_only,"Certified candidate list; used only to verify district, party, election and candidate identities. Retrieved_at precision is date-only.",,,,,2026-06-06,,,,,,,,,,,,,,,,,,,,,,,,,,,,,,,,,,,,,,,,,
mo01-stlpr-bush-bell-20260724,https://www.stlpr.org/show/st-louis-on-the-air/2026-07-24/missouri-wesley-bell-cori-bush-radio-appearance,https://www.stlpr.org/show/st-louis-on-the-air/2026-07-24/missouri-wesley-bell-cori-bush-radio-appearance,2026-07-24,2026-09-23,date_only,data/raw/policy_mo_2026/mo01-stlpr-bush-bell-2026-07-24.html,a5cafdfc151432cee7830403e17859098f7e7c4182c59efe7bacca535a58ada7,227173,used,Dated joint radio appearance/article. Excerpts use only direct Bush or Bell quotations; reporter descriptions are excluded from stance coding. Retrieved_at precision is date-only.,,,,,,,,,,,,,,,,,,,,,,,,,,,,,,,,,,,,,,,,,,,,,,
mo04-hartzell-platform-20260803,https://www.hartzellforcongress.com/,https://web.archive.org/web/20260803201925id_/https://www.hartzellforcongress.com/,,2026-09-23,date_only,data/raw/policy_mo_2026/hartzell-issues-20260803201925.html,6c1e351c090b6a5bba5e11a260067bf9d04a830906831efc4f42cf8f78ee204d,470703,used,Campaign platform is undated; pre-primary archive capture establishes this version by 2026-08-03. Retrieved_at precision is date-only.,,,,,2026-08-03,,,,,,,,,,,,,,,,,,,,,,,,,,,,,,,,,,,,,,,,,
mo04-herrera-platform-20260803,https://jordanjherrera.com/issues,https://web.archive.org/web/20260803205949id_/https://jordanjherrera.com/issues/,,2026-09-23,date_only,data/raw/policy_mo_2026/herrera-issues-20260803205949.html,331705653109b3d2c521d1717ea1cc04d609fb2f503876f6ff89547e5b57418e,301280,used,Campaign platform is undated; pre-primary archive capture establishes this version by 2026-08-03. Retrieved_at precision is date-only.,,,,,2026-08-03,,,,,,,,,,,,,,,,,,,,,,,,,,,,,,,,,,,,,,,,,
mo04-jeanette-cass-platform-20250907,https://www.cassforcongress.com/,https://web.archive.org/web/20250907182249id_/https://www.cassforcongress.com/,,2026-09-23,date_only,data/raw/policy_mo_2026/jeanette-cass-20250907182249.html,bf96f3c400900120db0bc2848db48802a0615182e662b1fc2ad76155bcd92136,949942,used,Campaign page is undated; archive capture establishes this text before the primary. Retrieved_at precision is date-only.,,,,,2025-09-07,,,,,,,,,,,,,,,,,,,,,,,,,,,,,,,,,,,,,,,,,
mo04-randy-miller-platform-20260803,https://www.randymillercongress.com/,https://web.archive.org/web/20260803201241id_/https://www.randymillercongress.com/,,2026-09-23,date_only,data/raw/policy_mo_2026/randy-miller-20260803201241.html,914e0f6fee050686cb47f2ed16bf4cbf639c83d6eef18673cf1c13ba5c432048,853166,used,"Campaign page archived the day before the primary; publication date is the archive capture bound, not a claimed original posting date. Retrieved_at precision is date-only.",,,,,2026-08-03,,,,,,,,,,,,,,,,,,,,,,,,,,,,,,,,,,,,,,,,,
mo04-wayne-russell-platform-20260803,https://votewaynerussell.com/,https://web.archive.org/web/20260803200904id_/https://votewaynerussell.com/,,2026-09-23,date_only,data/raw/policy_mo_2026/wayne-russell-20260803200904.html,218f2896a2c8e743d3531d11338d25ac552f79538ac3eab7a52fbf09a19fc546,167515,used,"Campaign page archived the day before the primary; publication date is the archive capture bound, not a claimed original posting date. Retrieved_at precision is date-only.",,,,,2026-08-03,,,,,,,,,,,,,,,,,,,,,,,,,,,,,,,,,,,,,,,,,
mo01-cori-priorities-20260803,https://www.coribush.org/priorities,https://web.archive.org/web/20260803190838id_/https://www.coribush.org/priorities,,2026-09-23,date_only,data/raw/policy_mo_2026/cori-priorities-20260803190838.html,bfc1c6374d557fc848f2128d5352698f28432740f14da7e40d5febad7877ba1d,620107,captured_not_excerpted,"Pre-primary campaign page captured, but the rendered archive exposed headings without sufficient mechanism detail for a new excerpt. Retrieved_at precision is date-only.",,,,,2026-08-03,,,,,,,,,,,,,,,,,,,,,,,,,,,,,,,,,,,,,,,,,
mo01-bell-issues-20260803,https://www.bell4mo.com/issues/,https://web.archive.org/web/20260803190804id_/https://www.bell4mo.com/issues/,,2026-09-23,date_only,data/raw/policy_mo_2026/bell-issues-20260803190804.html,09197f269cfcd5fc6388a66e61e8a1b31c35ce60d36138a80faae86b85916c16,32042,captured_not_excerpted,Pre-primary campaign platform captured; direct radio quotations were preferred for the retained Bell excerpt. Retrieved_at precision is date-only.,,,,,2026-08-03,,,,,,,,,,,,,,,,,,,,,,,,,,,,,,,,,,,,,,,,,
la-2026-official-qualified-house-roster,https://voterportal.sos.la.gov/CandidateInquiry?electionDate=20261103,https://voterportal.sos.la.gov/CandidateInquiry?electionDate=20261103,,2026-09-22,date_only,data/raw/gulf_primaries/la/2026/la-2026-11-03-house-candidate-inquiry.html,d5d0429c94225cdb174adad33c00c6725767ab3dabfdb29bff845727d52ebf1b,101729,identity_only,"Official qualifying roster, not results. Office70195 lists the four House01 candidates and their declared parties; candidate3 is Lauren Jewett, Democrat. Snapshot does not establish any future outcome.",text/html,,,,,,,,,,,,,,,,,,,,,,,,,,,,,,,,,,,,,,,,,,,,,
la01-jewett-healthcare-archive-20260818,https://www.laurenjewett.com/issues/quality-healthcare,https://web.archive.org/web/20260818232028id_/https://www.laurenjewett.com/issues/quality-healthcare,,2026-09-23T02:49:46.989156+00:00,timestamp,data/raw/policy_la_2026/la01-jewett-healthcare-20260818.html.gz,f0d9183efc1b6265eac1112570a684a5a657140ec31fbb914e7a45e20c9afcdf,42303,used,Full archived campaign issue page. Wire bytes are gzip-compressed and retained unchanged; extraction decodes gzip without replacing source identity. August18 capture establishes the wording before the future November election and the research cutoff.,text/html,,,,,gzip,,,,,,,,,,,,,,,,,,,,,,,,,,,,,,,,,,,,,,,,
53cb0c94e7aeafab95d03af7,https://web.archive.org/web/20160607163830/http://www.pressherald.com/2016/05/30/hd-39-newcomers-seek-house-nomination/,https://web.archive.org/web/20160607163830/http://www.pressherald.com/2016/05/30/hd-39-newcomers-seek-house-nomination/,2016-05-30,2026-08-20T00:50:38.663128+00:00,,data/raw/policy_historical_a/53cb0c94e7aeafab95d03af7-678b3b64253208f8.html,678b3b64253208f8f06956a1b91776bb646233dd83beba00ac35ef7a9f10ab13,102548,used,"Seeded from legacy quotation-source inventory; collect full document text for audit coverage. | Seeded from existing candidate corpus URL Review status follows packet timing_status=pre_primary_screened. Identity is based on the canonical registry and cached source association, not an independently revalidated ballot record.",text/html,,House District 39: Two newcomers seek House nomination - The Portland Press Herald / Maine Sunday Telegram,,,,src-hist-a-01-53cb0c94e7aeafab95d03af7,53cb0c94e7aeafab95d03af7,me-house-39-dem-primary-2016,Andrew Edwards,2016-06-07,,,,,,,,,,,,,,,,,,,,,,,,,,,,,,,,,,,
ef6edfaca5fa415eb5e98d77,https://web.archive.org/web/20160607163830/http://www.pressherald.com/2016/05/30/hd-39-newcomers-seek-house-nomination/,https://web.archive.org/web/20160607163830/http://www.pressherald.com/2016/05/30/hd-39-newcomers-seek-house-nomination/,2016-05-30,2026-08-20T00:50:38.663128+00:00,,data/raw/policy_historical_a/ef6edfaca5fa415eb5e98d77-678b3b64253208f8.html,678b3b64253208f8f06956a1b91776bb646233dd83beba00ac35ef7a9f10ab13,102548,used,"Seeded from legacy quotation-source inventory; collect full document text for audit coverage. | Seeded from existing candidate corpus URL Review status follows packet timing_status=pre_primary_screened. Identity is based on the canonical registry and cached source association, not an independently revalidated ballot record.",text/html,,House District 39: Two newcomers seek House nomination - The Portland Press Herald / Maine Sunday Telegram,,,,src-hist-a-01-ef6edfaca5fa415eb5e98d77,ef6edfaca5fa415eb5e98d77,me-house-39-dem-primary-2016,Mike Sylvester,2016-06-07,,,,,,,,,,,,,,,,,,,,,,,,,,,,,,,,,,,
3e56224c19e7b0832f4bfe65,https://web.archive.org/web/20180118144058id_/https://toddlitton.com/,https://web.archive.org/web/20180118144058id_/https://toddlitton.com/,,2026-08-20T19:31:52.137276+00:00,,data/raw/policy_historical_a/3e56224c19e7b0832f4bfe65-5f13ea163d50617c.com,5f13ea163d50617cebd6e135150cd3465ec2d72add3457a4914d32ad4b95ed99,31088,used,"Seeded from legacy quotation-source inventory; collect full document text for audit coverage. | Derived from existing candidate-owned source URLs | Seeded from existing candidate corpus URL Review status follows packet timing_status=pre_primary_screened. Identity is based on the canonical registry and cached source association, not an independently revalidated ballot record.",text/html,,Todd Litton for Congress,,,,src-hist-a-02-3e56224c19e7b0832f4bfe65,3e56224c19e7b0832f4bfe65,race-0737ecc067d5cc0799e8,Todd Litton,2018-01-18,2018-01-18,archive_capture_only,,,,,,,,,,,,,,,,,,,,,,,,,,,,,,,,,
90620cb506ce6755c1ce2d88,https://web.archive.org/web/20180118215314id_/https://www.freepresshouston.com/so-you-want-to-be-in-charge-silky-malik-d-for-texas-district-2/,https://web.archive.org/web/20180118215314id_/https://www.freepresshouston.com/so-you-want-to-be-in-charge-silky-malik-d-for-texas-district-2/,2017-12-06,2026-08-20T19:31:51.403299+00:00,,data/raw/policy_historical_a/90620cb506ce6755c1ce2d88-d1588065b5a90ecf.html,d1588065b5a90ecfe603125cc23e2ba4893b1d122d39820c7c24fdd4821c27cd,44899,used,"Seeded from legacy quotation-source inventory; collect full document text for audit coverage. | Seeded from existing candidate corpus URL Review status follows packet timing_status=pre_primary_screened. Identity is based on the canonical registry and cached source association, not an independently revalidated ballot record.",text/html,,So You Want to Be In Charge: Silky Malik (D) for Texas District 2 | Free Press Houston,,,,src-hist-a-02-90620cb506ce6755c1ce2d88,90620cb506ce6755c1ce2d88,race-0737ecc067d5cc0799e8,Silky Malik,2018-01-18,,,,,,,,,,,,,,,,,,,,,,,,,,,,,,,,,,,
96f62451c9bb92dc80dc1b60,https://web.archive.org/web/20180209101917id_/https://www.tx2.rocks/,https://web.archive.org/web/20180209101917id_/https://www.tx2.rocks/,,2026-08-20T19:32:26.199267+00:00,,data/raw/policy_historical_a/96f62451c9bb92dc80dc1b60-777fe955f9cd88a8.rocks,777fe955f9cd88a87bf17020e95742f4e06674edc9649fbb19cf9441b68744f1,73523,used,"Seeded from legacy quotation-source inventory; collect full document text for audit coverage. | Seeded from existing candidate corpus URL Review status follows packet timing_status=pre_primary_screened. Identity is based on the canonical registry and cached source association, not an independently revalidated ballot record.",text/html,,Ali for Congress – Ali A. Khorasani is a candidate for Texas's 2nd congressional district.,,,,src-hist-a-02-96f62451c9bb92dc80dc1b60,96f62451c9bb92dc80dc1b60,race-0737ecc067d5cc0799e8,Ali Khorasani,2018-02-09,2018-02-09,archive_capture_only,,,,,,,,,,,,,,,,,,,,,,,,,,,,,,,,,
2c997992bb9d3e9015cc24df,http://www.kareemforpa.com:80/issues,https://web.archive.org/web/20180224113906/http://www.kareemforpa.com:80/issues,,2026-08-20T02:09:26.668192+00:00,,data/raw/policy_historical_a/2c997992bb9d3e9015cc24df-fea7f4be1adafbe6.html,8fe02fb49c9267d672c03b5132cd5650a2a5003b739f65054ae9fa24952f7aee,43077,used,"Discovered via wayback_cdx from https://web.archive.org/cdx/search/cdx?url=kareemforpa.com/* (20180224113906) Review status follows packet timing_status=pre_primary_screened. Identity is based on the canonical registry and cached source association, not an independently revalidated ballot record.",text/html,,Issues - Friends of Kareem Kandil,,,,src-hist-a-03-2c997992bb9d3e9015cc24df,2c997992bb9d3e9015cc24df,race-e4f88f1286d62b12a1ab,Kareem Kandil,2018-02-24,2018-02-24,archive_capture_only,,,,,,,,,,,,,,,,,,,,,,,,,,,,,,,,,
e2e60a6820c30cf8e254e710,https://www.pghcitypaper.com/PolitiCrap/archives/2018/02/02/betsy-monroe-inspired-by-the-womens-march-is-challenging-state-rep-hal-english-in-pittsburghs-north-hills,https://web.archive.org/web/20180202214934id_/https://www.pghcitypaper.com/PolitiCrap/archives/2018/02/02/betsy-monroe-inspired-by-the-womens-march-is-challenging-state-rep-hal-english-in-pittsburghs-north-hills,,2026-08-19T23:29:22.409584+00:00,,data/raw/policy_historical_a/e2e60a6820c30cf8e254e710-7deff3309ac69745.html,7deff3309ac697453e59b5e2af45b9a26a4dfb5edfe3cd3fb840e6dd9c18ab7d,147594,used,"Seeded from legacy quotation-source inventory; collect full document text for audit coverage. | Seeded from existing candidate corpus URL Review status follows packet timing_status=pre_primary_screened. Identity is based on the canonical registry and cached source association, not an independently revalidated ballot record.",text/html,,"Betsy Monroe, inspired by the Women’s March, is challenging state Rep. Hal English in Pittsburgh’s North Hills | PolitiCrap",,,,src-hist-a-03-e2e60a6820c30cf8e254e710,e2e60a6820c30cf8e254e710,race-e4f88f1286d62b12a1ab,Betsy Monroe,2018-02-02,,,,,,,,,,,,,,,,,,,,,,,,,,,,,,,,,,,
914011075ad73d3afa3e7640,https://web.archive.org/web/20201004005244id_/https://ballotpedia.org/Marquita_Bradshaw,https://web.archive.org/web/20201004005244id_/https://ballotpedia.org/Marquita_Bradshaw,,2026-08-21T03:40:44.827494+00:00,,data/raw/policy_historical_a/914011075ad73d3afa3e7640-3f82be734ef498f7.html,251db727053fe6d45c4a79d8fdf3b28033adafe8e859f9e2cf2ffe5b4d543cbd,137542,timing_unverified,"Seeded from legacy quotation-source inventory; collect full document text for audit coverage. | Seeded from existing candidate corpus URL | Seeded from legacy quotation-source inventory; collect full document text for audit coverage. | Seeded from existing candidate corpus URL | Source publication year 2019; exact publication date unknown. Review status follows packet timing_status=timing_unverified_same_cycle_capture. Identity is based on the canonical registry and cached source association, not an independently revalidated ballot record.",text/html,,Marquita Bradshaw - Ballotpedia,,,,src-hist-a-04-914011075ad73d3afa3e7640,914011075ad73d3afa3e7640,race-be4bad5778e280b31274,Marquita Bradshaw,2020-10-04,,,,,,,,,,,,,,,,,,,,,,,,,,,,,,,,,,,
b415b886791b466eecf7890a,https://www.jamesmackler.com/frontpage/2019/healthcareprotections190628,https://web.archive.org/web/20201025162227/https://www.jamesmackler.com/frontpage/2019/healthcareprotections190628/,,2026-08-19T23:47:56.947659+00:00,,data/raw/policy_historical_a/b415b886791b466eecf7890a-2db4ac48a07617fc.html,2db4ac48a07617fcf461cafcfb5eff45433142c7083872ca4fec2fcc615cddbf,48730,timing_unverified,"Seeded from legacy quotation-source inventory; collect full document text for audit coverage. | Seeded from existing candidate corpus URL Review status follows packet timing_status=timing_unverified_same_cycle_capture. Identity is based on the canonical registry and cached source association, not an independently revalidated ballot record.",text/html,,EVERY TENN. HOUSE REPUBLICAN VOTES TO RIP AWAY PRE-EXISTING CONDITION PROTECTIONS AND INCREASE HEALTHCARE COSTS - James Mackler,,,,src-hist-a-04-b415b886791b466eecf7890a,b415b886791b466eecf7890a,race-be4bad5778e280b31274,James Mackler,2020-10-25,,,,,,,,,,,,,,,,,,,,,,,,,,,,,,,,,,,
51b2c55a3c7452723e4aacb6,https://dailyorange.com/2023/03/maurice-brown-onondaga-legislator-candidate-emphasizes-community-values/,https://dailyorange.com/2023/03/maurice-brown-onondaga-legislator-candidate-emphasizes-community-values/,2023-03-13,2026-08-20T19:32:51.810358+00:00,,data/raw/policy_historical_a/51b2c55a3c7452723e4aacb6-ceaae48905a17da6.html,b4c84414adedf889f21e26c7c5704f4a611bb505c15805f392ed7c1fd55a3b6a,206608,used,"Seeded from legacy quotation-source inventory; collect full document text for audit coverage. | Seeded from existing candidate corpus URL Review status follows packet timing_status=pre_primary_screened. Identity is based on the canonical registry and cached source association, not an independently revalidated ballot record.",text/html,,"Maurice Brown, Onondaga Legislator candidate, emphasizes community values - The Daily Orange",,,,src-hist-a-05-51b2c55a3c7452723e4aacb6,51b2c55a3c7452723e4aacb6,race-e7ab577213f4505717ec,Maurice Brown,,,,,,,,,,,,,,,,,,,,,,,,,,,,,,,,,,,,
8140c28f55ec26ad77de8749,https://web.archive.org/web/20230624171610/https://www.syracuse.com/opinion/2023/06/tim-rudd-growing-syracuses-urban-core-improves-economy-for-all-your-letters.html,https://web.archive.org/web/20230624171610/https://www.syracuse.com/opinion/2023/06/tim-rudd-growing-syracuses-urban-core-improves-economy-for-all-your-letters.html,2023-06-20,2026-08-20T19:32:20.487679+00:00,,data/raw/policy_historical_a/8140c28f55ec26ad77de8749-f66278542beb1a64.html,53af4099dd19647b7928ea6349dd4ea4cf1a5408129402e7b2bd37e7edbd9430,247787,used,"Seeded from legacy quotation-source inventory; collect full document text for audit coverage. | Seeded from existing candidate corpus URL Review status follows packet timing_status=pre_primary_screened. Identity is based on the canonical registry and cached source association, not an independently revalidated ballot record.",text/html,,Tim Rudd: Growing Syracuse’s urban core improves economy for all (Your Letters) - syracuse.com,,,,src-hist-a-05-8140c28f55ec26ad77de8749,8140c28f55ec26ad77de8749,race-e7ab577213f4505717ec,Tim Rudd,2023-06-24,,,,,,,,,,,,,,,,,,,,,,,,,,,,,,,,,,,
44abdcbdf1cb007e968a105f,https://www.cornellsun.com/article/2025/03/g-p-zurenda-88-joins-the-race-for-the-fifth-ward-common-council-seat,https://www.cornellsun.com/article/2025/03/g-p-zurenda-88-joins-the-race-for-the-fifth-ward-common-council-seat,2025-03-19,2026-08-20T19:31:57.574170+00:00,,data/raw/policy_historical_a/44abdcbdf1cb007e968a105f-81c95f7819e667bb.html,81c95f7819e667bb56fcd8cc66cee1f3dbcc2b087a2f8904c459519ec93dec1a,115203,used,"Seeded from legacy quotation-source inventory; collect full document text for audit coverage. | Seeded from existing candidate corpus URL Review status follows packet timing_status=pre_primary_screened. Identity is based on the canonical registry and cached source association, not an independently revalidated ballot record.",text/html,,G. P. Zurenda ’88 Joins the Race for the Fifth Ward Common Council Seat - The Cornell Daily Sun,,,,src-hist-a-06-44abdcbdf1cb007e968a105f,44abdcbdf1cb007e968a105f,race-9c84c4f62bbebc0b7b7d,G. P. Zurenda Jr.,,,,,,,,,,,,,,,,,,,,,,,,,,,,,,,,,,,,
bc8bf7fafb0c0c90e466186f,https://www.cornellsun.com/article/2025/02/hannah-shvets-27-launches-common-council-campaign-focuses-on-labor-and-housing-reform,https://www.cornellsun.com/article/2025/02/hannah-shvets-27-launches-common-council-campaign-focuses-on-labor-and-housing-reform,2025-02-08,2026-08-20T19:32:38.191980+00:00,,data/raw/policy_historical_a/bc8bf7fafb0c0c90e466186f-a4c9c36cce713e5f.html,a4c9c36cce713e5f5c1fe6565ed4e26b17332be48a58dd67f418c0e5a0c834f3,114481,used,"Seeded from legacy quotation-source inventory; collect full document text for audit coverage. | Seeded from existing candidate corpus URL Review status follows packet timing_status=pre_primary_screened. Identity is based on the canonical registry and cached source association, not an independently revalidated ballot record.",text/html,,"Hannah Shvets ’27 Launches Common Council Campaign, Focuses on Labor and Housing Reform - The Cornell Daily Sun",,,,src-hist-a-06-bc8bf7fafb0c0c90e466186f,bc8bf7fafb0c0c90e466186f,race-9c84c4f62bbebc0b7b7d,Hannah Shvets,,,,,,,,,,,,,,,,,,,,,,,,,,,,,,,,,,,,
4d33efbbcceec3b9b2188d2b,https://web.archive.org/web/20260223193939/https://www.hairstonforpeace.com/,https://web.archive.org/web/20260223193939/https://www.hairstonforpeace.com/,,2026-08-20T19:32:34.079371+00:00,,data/raw/policy_historical_a/4d33efbbcceec3b9b2188d2b-0ab2bf0be9e3dd97.com,48a0a37818ca16e03e02d2ebf7c1ab67b23f70621d42ba3ae52c52dda400ec06,121677,used,"Seeded from legacy quotation-source inventory; collect full document text for audit coverage. | Seeded from existing candidate corpus URL Review status follows packet timing_status=pre_primary_screened. Identity is based on the canonical registry and cached source association, not an independently revalidated ballot record.",text/html,,Hairston for Peace,,,,src-hist-a-07-4d33efbbcceec3b9b2188d2b,4d33efbbcceec3b9b2188d2b,race-14d53ce965776b0cb235,Andrew Hairston,2026-02-23,2026-02-23,archive_capture_only,,,,,,,,,,,,,,,,,,,,,,,,,,,,,,,,,
b03005607843df892c566a0a,https://www.ciaraforjp1.com/,https://www.ciaraforjp1.com/,,2026-08-20T19:31:59.199214+00:00,,data/raw/policy_historical_a/b03005607843df892c566a0a-9d26f2ab9e0bd8c6.html,dd86b01035e5e6e415f283923a33585bf680daa6004fbd07889d00219bfa1fea,541927,timing_unverified,"Candidate-controlled platform words are retained with explicit timing uncertainty. The legacy metadata's primary date was not supported by the retained page, which has no publication marker and was captured after the election. The persistent date-correction ledger prevents this assumption from returning to model input.",text/html,,Ciara Parks for Justice of the Peace | Vote for Fair Justice - Get Involved Today,,,,src-hist-a-07-b03005607843df892c566a0a,b03005607843df892c566a0a,race-14d53ce965776b0cb235,Ciara Parks,,,,2026-03-03,,,,,,,,,,,,,,,,,,,,,,,,,,,,,,,,
71ac929e0321b7d0bdb5ec38,https://www.kevindeese.com/platform,https://www.kevindeese.com/platform,,2026-08-20T19:32:08.867203+00:00,,data/raw/policy_historical_a/71ac929e0321b7d0bdb5ec38-2c442e3f10eb4a01.html,865330cd7fd43d70efba3e599ff72fc29ca3e847b293f78b62aebcec53c35de1,360399,timing_unverified,"Original timing screening is superseded by a source-date correction. Blank publication metadata was filled from the election-context effective field. The retained live platform has no publication marker and was retrieved after the primary; use a timing qualification. Original review note: Seeded from legacy quotation-source inventory; collect full document text for audit coverage. | Seeded from existing candidate corpus URL Review status follows packet timing_status=pre_primary_screened. Identity is based on the canonical registry and cached source association, not an independently revalidated ballot record.",text/html,,Platform | No Excuses. Fix What's Broken. — Deese for Assembly,,,,src-hist-a-08-71ac929e0321b7d0bdb5ec38,71ac929e0321b7d0bdb5ec38,race-2c2133100c33cde0b378,Kevin Deese,,,,2026-06-23,data/manual/candidate_source_date_corrections.json,,,,,,,,,,,,,,,,,,,,,,,,,,,,,,,
9889467007ef15993c87c3e9,https://www.bojakforassembly.com/platform-policy,https://www.bojakforassembly.com/platform-policy,,2026-08-19T23:43:14.258591+00:00,,data/raw/policy_historical_a/9889467007ef15993c87c3e9-6cd97690eccba4bc.html,309addda7dfdbd323a8503a77105d378a113b08d3410407708233c4a48f6b73c,429853,timing_unverified,"Seeded from legacy quotation-source inventory; collect full document text for audit coverage. | Seeded from existing candidate corpus URL Review status follows packet timing_status=timing_unverified_same_cycle_capture. Identity is based on the canonical registry and cached source association, not an independently revalidated ballot record.",text/html,,Platform | Adam Bojak for NYS Assembly,,,,src-hist-a-08-9889467007ef15993c87c3e9,9889467007ef15993c87c3e9,race-2c2133100c33cde0b378,Adam Bojak,,,,,,,,,,,,,,,,,,,,,,,,,,,,,,,,,,,,
c88a0bd6a751795dfb87466b,https://investigativepost.org/2026/06/04/three-democrats-vie-for-149th-assembly-seat/,https://investigativepost.org/2026/06/04/three-democrats-vie-for-149th-assembly-seat/,2026-06-04,2026-08-20T19:32:07.672535+00:00,,data/raw/policy_historical_a/c88a0bd6a751795dfb87466b-215cf03741f8b6f5.html,d1d9b1aed51a370ada7a9efe10a5f8735086fedb2453bdbcd11b85f42b3e979d,111466,used,"Seeded from legacy quotation-source inventory; collect full document text for audit coverage. | Seeded from existing candidate corpus URL Review status follows packet timing_status=pre_primary_screened. Identity is based on the canonical registry and cached source association, not an independently revalidated ballot record.",text/html,,Who are the candidates for the NY 149th District Assembly seat? : Investigative Post,,,,src-hist-a-08-c88a0bd6a751795dfb87466b,c88a0bd6a751795dfb87466b,race-2c2133100c33cde0b378,Karen Hoak,,,,,,,,,,,,,,,,,,,,,,,,,,,,,,,,,,,,
28ebc4844265edb734040c3a,https://web.archive.org/web/20260311030252id_/https://www.kylelamontfor58.com/,https://web.archive.org/web/20260311030252id_/https://www.kylelamontfor58.com/,,2026-08-20T19:31:59.597243+00:00,,data/raw/policy_historical_a/28ebc4844265edb734040c3a-6723135483b300ff.com,6723135483b300ff6b0f705448510a0f6495071d27cb758e35a88b6dd58a0670,133561,used,"Seeded from legacy quotation-source inventory; collect full document text for audit coverage. | Seeded from existing candidate corpus URL Review status follows packet timing_status=pre_primary_screened. Identity is based on the canonical registry and cached source association, not an independently revalidated ballot record.",text/html,,"Kyle Lamont for District 58 | Kyle Lamont Atlanta | Southwest, Atlanta, GA, USA",,,,src-hist-a-09-28ebc4844265edb734040c3a,28ebc4844265edb734040c3a,race-3db62fccce64bbd64336,Kyle Lamont,2026-03-11,2026-03-11,archive_capture_only,,,,,,,,,,,,,,,,,,,,,,,,,,,,,,,,,
825d4daa02d74b3035ad5d55,https://atlantaciviccircle.org/2026/04/01/unexpected-candidate-dsa-mathewos-samson-legislature-georgia,https://atlantaciviccircle.org/2026/04/01/unexpected-candidate-dsa-mathewos-samson-legislature-georgia/,,2026-08-19T23:42:58.398640+00:00,,data/raw/policy_historical_a/825d4daa02d74b3035ad5d55-1762fc5622cee44d.html,1762fc5622cee44d475ebe94e14fa485b3a09cb88bdf8d8be20ed2166d5a40ac,211695,timing_unverified,"Seeded from legacy quotation-source inventory; collect full document text for audit coverage. | Seeded from existing candidate corpus URL Review status follows packet timing_status=timing_unverified_same_cycle_capture. Identity is based on the canonical registry and cached source association, not an independently revalidated ballot record.",text/html,,Mathewos Samson: From Volunteer to Candidate - Atlanta Civic Circle,,,,src-hist-a-09-825d4daa02d74b3035ad5d55,825d4daa02d74b3035ad5d55,race-3db62fccce64bbd64336,Mathewos Samson,,,,,,,,,,,,,,,,,,,,,,,,,,,,,,,,,,,,
89c267615dcefca8ee251ead,https://hendersonforga58.org/,https://hendersonforga58.org/,,2026-08-20T17:49:19.060125+00:00,,data/raw/policy_historical_a/89c267615dcefca8ee251ead-e69e10e868424471.html,2a433898c1f83caef4322f7d00b52c9731d71b0b51fa3383bd8a7fa50f7a9c08,235100,timing_unverified,"Seeded from legacy quotation-source inventory; collect full document text for audit coverage. | Derived from existing candidate-owned source URLs | Seeded from existing candidate corpus URL Review status follows packet timing_status=timing_unverified_same_cycle_capture. Identity is based on the canonical registry and cached source association, not an independently revalidated ballot record.",text/html,,Henderson for 58 – Safe Neighborhoods. Affordable Living. Opportunity for All.,,,,src-hist-a-09-89c267615dcefca8ee251ead,89c267615dcefca8ee251ead,race-3db62fccce64bbd64336,Demetria Henderson,,,,,,,,,,,,,,,,,,,,,,,,,,,,,,,,,,,,
7943cbba1389deab61a58169,https://www.montgomery4all.org/jud-ashman-2026,https://www.montgomery4all.org/jud-ashman-2026,,2026-08-19T23:52:22.142278+00:00,,data/raw/policy_historical_a/7943cbba1389deab61a58169-72e27d669a880757.html,9b3c2b585b2a999295f31e468583cd4b023b60319275d42b460a36e024677d94,407857,timing_unverified,"Seeded from legacy quotation-source inventory; collect full document text for audit coverage. | Seeded from existing candidate corpus URL Review status follows packet timing_status=timing_unverified_same_cycle_capture. Identity is based on the canonical registry and cached source association, not an independently revalidated ballot record.",text/html,,Jud Ashman — 2026 Candidate Questionnaire — Montgomery for All,,,,src-hist-a-10-7943cbba1389deab61a58169,7943cbba1389deab61a58169,race-3feef0e6623161e871c8,Jud Ashman,,,,,,,,,,,,,,,,,,,,,,,,,,,,,,,,,,,,
7c53a4825d6bb50106eda8c8,https://www.montgomery4all.org/allison-eriksen-2026,https://www.montgomery4all.org/allison-eriksen-2026,,2026-08-19T23:44:56.711400+00:00,,data/raw/policy_historical_a/7c53a4825d6bb50106eda8c8-2c3d60fc7ef359a9.html,63a030d9614f5ee4ee00f79db8a9207c020f88b37054645b1092232baed4a215,411983,timing_unverified,"Seeded from legacy quotation-source inventory; collect full document text for audit coverage. | Seeded from existing candidate corpus URL Review status follows packet timing_status=timing_unverified_same_cycle_capture. Identity is based on the canonical registry and cached source association, not an independently revalidated ballot record.",text/html,,Allison Eriksen— 2026 Candidate Questionnaire — Montgomery for All,,,,src-hist-a-10-7c53a4825d6bb50106eda8c8,7c53a4825d6bb50106eda8c8,race-3feef0e6623161e871c8,Allison Eriksen,,,,,,,,,,,,,,,,,,,,,,,,,,,,,,,,,,,,
ad57806b782d74413dfa3784,https://www.montgomery4all.org/izola-shaw-2026,https://www.montgomery4all.org/izola-shaw-2026,,2026-08-19T23:30:15.012726+00:00,,data/raw/policy_historical_a/ad57806b782d74413dfa3784-abc353a5dad5a128.html,8dd66ebb215ebd66d8c7f0f3b87d383404f164efde8b530cd7af2e4220ce03e8,333382,timing_unverified,"Seeded from legacy quotation-source inventory; collect full document text for audit coverage. | Seeded from existing candidate corpus URL Review status follows packet timing_status=timing_unverified_same_cycle_capture. Identity is based on the canonical registry and cached source association, not an independently revalidated ballot record.",text/html,,Izola Shaw — 2026 Candidate Questionnaire — Montgomery for All,,,,src-hist-a-10-ad57806b782d74413dfa3784,ad57806b782d74413dfa3784,race-3feef0e6623161e871c8,"Izola ""Zola"" Shaw",,,,,,,,,,,,,,,,,,,,,,,,,,,,,,,,,,,,
0885b447a701009b511bd55b,https://www.taylorforannarbor.com/,https://www.taylorforannarbor.com/,,2026-08-19T23:48:58.162328+00:00,,data/raw/policy_historical_a/0885b447a701009b511bd55b-8b3fcbc39e5e6929.html,a8626c158cd6f093a52f252dac8a4fef0f32e8291f1d4366bfd45ab5a3b801f5,287044,timing_unverified,"Seeded from legacy quotation-source inventory; collect full document text for audit coverage. | Seeded from existing candidate corpus URL Review status follows packet timing_status=timing_unverified_same_cycle_capture. Identity is based on the canonical registry and cached source association, not an independently revalidated ballot record.",text/html,,Reelect Ann Arbor Mayor Christopher Taylor,,,,src-hist-a-11-0885b447a701009b511bd55b,0885b447a701009b511bd55b,race-73ab9dfc740e7a921829,Christopher Taylor,,,,,,,,,,,,,,,,,,,,,,,,,,,,,,,,,,,,
de8b10c7edd5f84c3d918063,https://michiganadvance.com/2026/02/02/rabhi-challenges-ann-arbors-democratic-establishment-with-socialist-mayoral-bid,https://michiganadvance.com/2026/02/02/rabhi-challenges-ann-arbors-democratic-establishment-with-socialist-mayoral-bid/,,2026-08-19T23:30:19.053630+00:00,,data/raw/policy_historical_a/de8b10c7edd5f84c3d918063-b7f5cec70b01a49d.html,3b708907e78bfc63840fab365bead116af8b8029e9f42379dd546c8f2a8221b1,166713,timing_unverified,"Seeded from legacy quotation-source inventory; collect full document text for audit coverage. | Seeded from existing candidate corpus URL Review status follows packet timing_status=timing_unverified_same_cycle_capture. Identity is based on the canonical registry and cached source association, not an independently revalidated ballot record.",text/html,,Rabhi challenges Ann Arbor’s Democratic establishment with socialist mayoral bid • Michigan Advance,,,,src-hist-a-11-de8b10c7edd5f84c3d918063,de8b10c7edd5f84c3d918063,race-73ab9dfc740e7a921829,Yousef Rabhi,,,,,,,,,,,,,,,,,,,,,,,,,,,,,,,,,,,,
0fa585c4ec05ddb281b973bb,https://votedeanneaustin.com/,https://www.votedeanneaustin.com/,,2026-08-19T23:58:09.291928+00:00,,data/raw/policy_historical_a/0fa585c4ec05ddb281b973bb-9c70a245e78f8c34.html,bc4c6fee9bac28d38d097f9e9789b095ebbe886c637d94e516de1702c3cae459,381127,timing_unverified,"Derived from existing candidate-owned source URLs Review status follows packet timing_status=timing_unverified_same_cycle_capture. Identity is based on the canonical registry and cached source association, not an independently revalidated ballot record.",text/html,,Deanne Austin for State Representative,,,,src-hist-a-12-0fa585c4ec05ddb281b973bb,0fa585c4ec05ddb281b973bb,race-7887f598f39fd35231f5,Deanne Austin,,,,,,,,,,,,,,,,,,,,,,,,,,,,,,,,,,,,
1ef18628f00f5077dc20721e,https://reelecthelenascott.com/,https://reelecthelenascott.com/,,2026-08-19T23:29:48.674392+00:00,,data/raw/policy_historical_a/1ef18628f00f5077dc20721e-6058433e08261732.html,6058433e082617325c4bee5f8f952507728e6f19ea0fbbee9aa28d2ddfd2142b,108515,timing_unverified,"Seeded from legacy quotation-source inventory; collect full document text for audit coverage. | Derived from existing candidate-owned source URLs | Seeded from existing candidate corpus URL Review status follows packet timing_status=timing_unverified_same_cycle_capture. Identity is based on the canonical registry and cached source association, not an independently revalidated ballot record.",text/html,,Re-elect Helena Scott as State Representative (D) in Michigan's District 8,,,,src-hist-a-12-1ef18628f00f5077dc20721e,1ef18628f00f5077dc20721e,race-7887f598f39fd35231f5,Helena Scott,,,,,,,,,,,,,,,,,,,,,,,,,,,,,,,,,,,,
254ccb2b49ba15d9c496aaa7,https://kinayaformichigan.com/,https://www.kinayaformichigan.com/,,2026-08-19T23:58:09.557837+00:00,,data/raw/policy_historical_a/254ccb2b49ba15d9c496aaa7-1bee3299be330a8f.html,1bee3299be330a8f4d88580822fa1e4d961f462147e124b7d9bdb6974971292a,577351,timing_unverified,"Derived from existing candidate-owned source URLs Review status follows packet timing_status=timing_unverified_same_cycle_capture. Identity is based on the canonical registry and cached source association, not an independently revalidated ballot record.",text/html,,Home | Kinaya For Michigan,,,,src-hist-a-12-254ccb2b49ba15d9c496aaa7,254ccb2b49ba15d9c496aaa7,race-7887f598f39fd35231f5,Fedor Kinaya,,,,,,,,,,,,,,,,,,,,,,,,,,,,,,,,,,,,
cee1c54ebe1a1fca731d7069,https://chrisgilmerhill.com/,https://www.chrisgilmerhill.com/,,2026-08-19T23:58:37.206335+00:00,,data/raw/policy_historical_a/cee1c54ebe1a1fca731d7069-8e99c0482c788d76.html,ccd75053b0ecdaea0f73448c534cac63383a314c188aa67aaa9307c1e711f81c,463274,timing_unverified,"Derived from existing candidate-owned source URLs Review status follows packet timing_status=timing_unverified_same_cycle_capture. Identity is based on the canonical registry and cached source association, not an independently revalidated ballot record.",text/html,,Chris Gilmer-Hill for State Representative Local search app,,,,src-hist-a-12-cee1c54ebe1a1fca731d7069,cee1c54ebe1a1fca731d7069,race-7887f598f39fd35231f5,Chris Gilmer-Hill,,,,,,,,,,,,,,,,,,,,,,,,,,,,,,,,,,,,
9d1902efbca845c534c55a7d,https://baileyfor56.com/,https://www.baileyfor56.com/,,2026-08-19T23:58:08.738585+00:00,,data/raw/policy_historical_a/9d1902efbca845c534c55a7d-647f9d9bd2ebaad7.html,647f9d9bd2ebaad73bed83130b91e541444f4657d950fea8cfedcf22b99df6c9,2453735,timing_unverified,"Derived from existing candidate-owned source URLs Review status follows packet timing_status=timing_unverified_same_cycle_capture. Identity is based on the canonical registry and cached source association, not an independently revalidated ballot record.",text/html,,Michael Bailey State Assembly District 56 Brooklyn,,,,src-hist-a-13-9d1902efbca845c534c55a7d,9d1902efbca845c534c55a7d,race-8b7a8f7e7882f4f63dbb,Michael Bailey,,,,,,,,,,,,,,,,,,,,,,,,,,,,,,,,,,,,
c8b8dbb723fe852eecaf5eb6,https://democraticleft.dsausa.org/2026/06/03/eon-huntley-spearheads-worker-power-in-bed-stuy-and-crown-heights,https://democraticleft.dsausa.org/2026/06/03/eon-huntley-spearheads-worker-power-in-bed-stuy-and-crown-heights/,,2026-08-19T23:43:15.167352+00:00,,data/raw/policy_historical_a/c8b8dbb723fe852eecaf5eb6-da48eb01c57e6760.html,da48eb01c57e6760c5cd252fc8a5fbc2985d08c134d4cf96e4f7a308981feffd,116318,timing_unverified,"Seeded from legacy quotation-source inventory; collect full document text for audit coverage. | Seeded from existing candidate corpus URL Review status follows packet timing_status=timing_unverified_same_cycle_capture. Identity is based on the canonical registry and cached source association, not an independently revalidated ballot record.",text/html,,Eon Huntley Spearheads Worker-Power in Bed-Stuy and Crown Heights - Democratic Left,,,,src-hist-a-13-c8b8dbb723fe852eecaf5eb6,c8b8dbb723fe852eecaf5eb6,race-8b7a8f7e7882f4f63dbb,Eon Huntley,,,,,,,,,,,,,,,,,,,,,,,,,,,,,,,,,,,,
04d1af0b60b8228e09a0c84e,https://wtop.com/dc-election/2026/06/get-to-know-dc-mayoral-candidate-kenyan-mcduffie,https://wtop.com/dc-election/2026/06/get-to-know-dc-mayoral-candidate-kenyan-mcduffie/,,2026-08-19T23:48:50.030470+00:00,,data/raw/policy_historical_a/04d1af0b60b8228e09a0c84e-4a1bf502fc0177ca.html,a63276bd3388cbe1e6db42ee06fd4d86b70e0b7ea2e7cf9b0073316d70c3dbab,137728,timing_unverified,"Seeded from legacy quotation-source inventory; collect full document text for audit coverage. | Seeded from existing candidate corpus URL Review status follows packet timing_status=timing_unverified_same_cycle_capture. Identity is based on the canonical registry and cached source association, not an independently revalidated ballot record.",text/html,,Get to know DC mayoral candidate Kenyan McDuffie - WTOP News,,,,src-hist-a-14-04d1af0b60b8228e09a0c84e,04d1af0b60b8228e09a0c84e,race-a493243e3fd4b72b829f,Kenyan R. McDuffie,,,,,,,,,,,,,,,,,,,,,,,,,,,,,,,,,,,,
08e2dc4983cf3fe693986adb,https://hopefordc.com/,https://hopefordc.com/,,2026-08-19T23:48:48.515180+00:00,,data/raw/policy_historical_a/08e2dc4983cf3fe693986adb-0be7687ea9d83fce.html,0be7687ea9d83fce3b437229a47e296aa287095cecbad6bf4e2ecee5f6a9c6f8,139745,timing_unverified,"Seeded from legacy quotation-source inventory; collect full document text for audit coverage. | Seeded from existing candidate corpus URL Review status follows packet timing_status=timing_unverified_same_cycle_capture. Identity is based on the canonical registry and cached source association, not an independently revalidated ballot record.",text/html,,Hope for DC,,,,src-hist-a-14-08e2dc4983cf3fe693986adb,08e2dc4983cf3fe693986adb,race-a493243e3fd4b72b829f,Hope Solomon,,,,,,,,,,,,,,,,,,,,,,,,,,,,,,,,,,,,
3ccfa13eaec4ace9eaa36a09,https://janeesefordc.com/platform/homes-for-all,https://janeesefordc.com/platform/homes-for-all/,,2026-08-19T23:26:21.239161+00:00,,data/raw/policy_historical_a/3ccfa13eaec4ace9eaa36a09-47f319f268db8672.html,47f319f268db86722a8c8dba98ee008db7816df3b4f5db9dfc24761ed79c3c8e,68847,timing_unverified,"Seeded from legacy quotation-source inventory; collect full document text for audit coverage. | Seeded from existing candidate corpus URL Review status follows packet timing_status=timing_unverified_same_cycle_capture. Identity is based on the canonical registry and cached source association, not an independently revalidated ballot record.",text/html,,Homes For All | Janeese Lewis George for DC Mayor,,,,src-hist-a-14-3ccfa13eaec4ace9eaa36a09,3ccfa13eaec4ace9eaa36a09,race-a493243e3fd4b72b829f,Janeese Lewis George,,,,,,,,,,,,,,,,,,,,,,,,,,,,,,,,,,,,
6f8a3b462010171e600aeba0,https://wtop.com/dc-election/2026/06/get-to-know-dc-mayoral-candidate-vincent-orange,https://wtop.com/dc-election/2026/06/get-to-know-dc-mayoral-candidate-vincent-orange/,,2026-08-19T23:47:35.444433+00:00,,data/raw/policy_historical_a/6f8a3b462010171e600aeba0-875c8d92129c49d8.html,e7207b7f23250c0974766dd23ffd4ff01cd49e7b7f92fc11aca027268fdb58e1,123252,timing_unverified,"Seeded from legacy quotation-source inventory; collect full document text for audit coverage. | Seeded from existing candidate corpus URL Review status follows packet timing_status=timing_unverified_same_cycle_capture. Identity is based on the canonical registry and cached source association, not an independently revalidated ballot record.",text/html,,Get to know DC mayoral candidate Vincent Orange - WTOP News,,,,src-hist-a-14-6f8a3b462010171e600aeba0,6f8a3b462010171e600aeba0,race-a493243e3fd4b72b829f,"Vincent Orange (""VO"")",,,,,,,,,,,,,,,,,,,,,,,,,,,,,,,,,,,,
74370b60876ed56efcb21984,https://wtop.com/dc-election/2026/06/get-to-know-dc-mayoral-candidate-rini-sampath,https://wtop.com/dc-election/2026/06/get-to-know-dc-mayoral-candidate-rini-sampath/,,2026-08-19T23:44:52.212877+00:00,,data/raw/policy_historical_a/74370b60876ed56efcb21984-4c30c2846e40ef44.html,91e417a48cd2ded167f41e8eb6c230b1e43532402799ef8da726a94dbb5ceec3,134849,timing_unverified,"Seeded from legacy quotation-source inventory; collect full document text for audit coverage. | Seeded from existing candidate corpus URL Review status follows packet timing_status=timing_unverified_same_cycle_capture. Identity is based on the canonical registry and cached source association, not an independently revalidated ballot record.",text/html,,Get to know DC mayoral candidate Rini Sampath - WTOP News,,,,src-hist-a-14-74370b60876ed56efcb21984,74370b60876ed56efcb21984,race-a493243e3fd4b72b829f,Rini Sampath,,,,,,,,,,,,,,,,,,,,,,,,,,,,,,,,,,,,
d616667e39b4a634f1d651c5,https://wtop.com/dc-election/2026/06/get-to-know-dc-mayoral-candidate-gary-goodweather,https://wtop.com/dc-election/2026/06/get-to-know-dc-mayoral-candidate-gary-goodweather/,,2026-08-19T23:47:33.076185+00:00,,data/raw/policy_historical_a/d616667e39b4a634f1d651c5-e1f457bd7af4b668.html,d5364a6be847211a3ab829b694d95baf91adeec9bbcf7338376e795804dbe0b6,137638,timing_unverified,"Seeded from legacy quotation-source inventory; collect full document text for audit coverage. | Seeded from existing candidate corpus URL Review status follows packet timing_status=timing_unverified_same_cycle_capture. Identity is based on the canonical registry and cached source association, not an independently revalidated ballot record.",text/html,,Get to know DC mayoral candidate Gary Goodweather - WTOP News,,,,src-hist-a-14-d616667e39b4a634f1d651c5,d616667e39b4a634f1d651c5,race-a493243e3fd4b72b829f,Gary Goodweather,,,,,,,,,,,,,,,,,,,,,,,,,,,,,,,,,,,,
e34a310d9a65367938e986bf,https://wtop.com/dc-election/2026/06/get-to-know-dc-mayoral-candidate-ernest-johnson,https://wtop.com/dc-election/2026/06/get-to-know-dc-mayoral-candidate-ernest-johnson/,,2026-08-19T23:52:13.055638+00:00,,data/raw/policy_historical_a/e34a310d9a65367938e986bf-4e6500a71f945d3c.html,4ce78e4a27f93ad98cb4692d4402b3e8561a251186ae3011b03d05a9c746d0c3,135831,timing_unverified,"Seeded from legacy quotation-source inventory; collect full document text for audit coverage. | Seeded from existing candidate corpus URL Review status follows packet timing_status=timing_unverified_same_cycle_capture. Identity is based on the canonical registry and cached source association, not an independently revalidated ballot record.",text/html,,Get to know DC mayoral candidate Ernest Johnson - WTOP News,,,,src-hist-a-14-e34a310d9a65367938e986bf,e34a310d9a65367938e986bf,race-a493243e3fd4b72b829f,Ernest E. Johnson,,,,,,,,,,,,,,,,,,,,,,,,,,,,,,,,,,,,
2eac6dc10c011d9c43101023,https://wqclt.org/wp-content/uploads/2026/06/WQCLT_2026_Complete_Candidate_Responses.pdf,https://wqclt.org/wp-content/uploads/2026/06/WQCLT_2026_Complete_Candidate_Responses.pdf,,2026-08-20T00:06:25.282319+00:00,,data/raw/policy_historical_a/2eac6dc10c011d9c43101023-7aebec378d7d3a02.pdf,7aebec378d7d3a02059056ea54f2699bf9efed0e1066e4a353f2cc8d417f0a61,501684,timing_unverified,"Seeded from legacy quotation-source inventory; collect full document text for audit coverage. | Seeded from existing candidate corpus URL Review status follows packet timing_status=timing_unverified_same_cycle_capture. Identity is based on the canonical registry and cached source association, not an independently revalidated ballot record.",application/pdf,,WQCLT_2026_Complete_Candidate_Responses.docx,,,,src-hist-a-15-2eac6dc10c011d9c43101023,2eac6dc10c011d9c43101023,race-a8714bfc41c3a8b6f98f,Melissa Orlando,,,,,,,,,,,,,,,,,,,,,,,,,,,,,,,,,,,,
7ceb9fe4da3355332162649b,https://politicsny.com/2026/06/01/campaign-insiders-a-qa-with-ad-37-candidate-pia-rahman/,https://politicsny.com/2026/06/01/campaign-insiders-a-qa-with-ad-37-candidate-pia-rahman/,2026-06-01,2026-08-20T19:32:09.799135+00:00,,data/raw/policy_historical_a/7ceb9fe4da3355332162649b-69050756839d325a.html,69050756839d325ac7d68117eb0d33b105479d3bf17c9898445407bb55bbd1f7,92714,used,"Seeded from legacy quotation-source inventory; collect full document text for audit coverage. | Seeded from existing candidate corpus URL Review status follows packet timing_status=pre_primary_screened. Identity is based on the canonical registry and cached source association, not an independently revalidated ballot record.",text/html,,Campaign Insiders: A Q&A with AD-37 Candidate Pia Rahman,,,,src-hist-a-15-7ceb9fe4da3355332162649b,7ceb9fe4da3355332162649b,race-a8714bfc41c3a8b6f98f,Pia Rahman,,,,,,,,,,,,,,,,,,,,,,,,,,,,,,,,,,,,
9edb7157d826d1d8ed1e1669,https://www.samanthaforqueens.com/,https://www.samanthaforqueens.com/,,2026-08-19T23:43:17.213306+00:00,,data/raw/policy_historical_a/9edb7157d826d1d8ed1e1669-32769b65222e4ef4.html,c2e17612ebbf710c820c7d284fdedc934d2a2d009ad0357e611ebe5e26f81cef,782473,timing_unverified,"Seeded from legacy quotation-source inventory; collect full document text for audit coverage. | Seeded from existing candidate corpus URL Review status follows packet timing_status=timing_unverified_same_cycle_capture. Identity is based on the canonical registry and cached source association, not an independently revalidated ballot record.",text/html,,Samantha for Queens,,,,src-hist-a-15-9edb7157d826d1d8ed1e1669,9edb7157d826d1d8ed1e1669,race-a8714bfc41c3a8b6f98f,Samantha Kattan,,,,,,,,,,,,,,,,,,,,,,,,,,,,,,,,,,,,
2fe0a3ae041c7b925ba55614,https://www.raaheela.com/issues.html,https://www.raaheela.com/issues.html,,2026-08-19T23:20:53.095125+00:00,,data/raw/policy_historical_a/2fe0a3ae041c7b925ba55614-97b8de6a10c25e52.html,43f7b66b34b6e890f78a6e47d66d0e25e69e21094269cedd9c443e34693380e3,21345,timing_unverified,"Seeded from legacy quotation-source inventory; collect full document text for audit coverage. | Seeded from existing candidate corpus URL Review status follows packet timing_status=timing_unverified_same_cycle_capture. Identity is based on the canonical registry and cached source association, not an independently revalidated ballot record.",text/html,,RAAHEELA AHMED - Elect Raaheela: a proven community leader and advocate for us all!,,,,src-hist-a-16-2fe0a3ae041c7b925ba55614,2fe0a3ae041c7b925ba55614,race-bac785822c8a53b0ea8e,Raaheela Ahmed,,,,,,,,,,,,,,,,,,,,,,,,,,,,,,,,,,,,
505514ef44aaaac2bf160c3e,https://www.ronformaryland.com/,https://www.ronformaryland.com/,,2026-08-19T23:24:11.789387+00:00,,data/raw/policy_historical_a/505514ef44aaaac2bf160c3e-262872b11f61a472.html,262872b11f61a47235b2b9786d2afa2c366a0abed4ad49e89c15d825e3e87425,583771,timing_unverified,"Seeded from legacy quotation-source inventory; collect full document text for audit coverage. | Seeded from existing candidate corpus URL Review status follows packet timing_status=timing_unverified_same_cycle_capture. Identity is based on the canonical registry and cached source association, not an independently revalidated ballot record.",text/html,,"Politician |Ron Watson, PhD | Maryland State Senator",,,,src-hist-a-16-505514ef44aaaac2bf160c3e,505514ef44aaaac2bf160c3e,race-bac785822c8a53b0ea8e,Ron Watson,,,,,,,,,,,,,,,,,,,,,,,,,,,,,,,,,,,,
b31c976b521230cdb66c62f9,https://tammyfororegon.com/platform,https://tammyfororegon.com/platform/,,2026-08-19T23:26:20.399028+00:00,,data/raw/policy_historical_a/b31c976b521230cdb66c62f9-9286a3f46307f976.html,9286a3f46307f97666dd171b64f78505b82b22112d907e5f99f40a09c1be8c9b,154365,timing_unverified,"Seeded from legacy quotation-source inventory; collect full document text for audit coverage. | Seeded from existing candidate corpus URL Review status follows packet timing_status=timing_unverified_same_cycle_capture. Identity is based on the canonical registry and cached source association, not an independently revalidated ballot record.",text/html,,What I Stand For – Tammy Carpenter for OR House District 27,,,,src-hist-a-17-b31c976b521230cdb66c62f9,b31c976b521230cdb66c62f9,race-d6b2b42e806068d1745f,Tammy Carpenter,,,,,,,,,,,,,,,,,,,,,,,,,,,,,,,,,,,,
cbd44ed1d7d92ab4e838cb39,https://oregoncapitalchronicle.com/voter-guides/contests/2026-democratic-primary-oregon-house-district-27/,https://oregoncapitalchronicle.com/voter-guides/contests/2026-democratic-primary-oregon-house-district-27/,,2026-08-20T19:31:46.698727+00:00,,data/raw/policy_historical_a/cbd44ed1d7d92ab4e838cb39-4a2b7cd77af736ba.html,c11ed6390266f0a17eb047831f1a78d7563d49d501fc58b79c8a3bbb2fb3aed2,243107,timing_unverified,"Seeded from legacy quotation-source inventory; collect full document text for audit coverage. | Seeded from existing candidate corpus URL Review status follows packet timing_status=timing_unverified_same_cycle_capture. Identity is based on the canonical registry and cached source association, not an independently revalidated ballot record.",text/html,,"Oregon House, 27th District: Beaverton | Voter Guide: 2026 Primary Election • Oregon Capital Chronicle",,,,src-hist-a-17-cbd44ed1d7d92ab4e838cb39,cbd44ed1d7d92ab4e838cb39,race-d6b2b42e806068d1745f,Ashley Hartmeier-Prigg,,,,,,,,,,,,,,,,,,,,,,,,,,,,,,,,,,,,
b34e93863d4895f35f965ba7,https://www.sanchezforgeorgia.com/our-vision,https://www.sanchezforgeorgia.com/our-vision,,2026-08-19T23:30:33.288953+00:00,,data/raw/policy_historical_a/b34e93863d4895f35f965ba7-e0a1b78c6dda81cf.html,385d9e7fc9b581d09624e42a1dd1bb2965b1088b48eb8931b3bf2cfca955ba68,451763,timing_unverified,"Seeded from legacy quotation-source inventory; collect full document text for audit coverage. | Seeded from existing candidate corpus URL Review status follows packet timing_status=timing_unverified_same_cycle_capture. Identity is based on the canonical registry and cached source association, not an independently revalidated ballot record.",text/html,,Issues — Gabriel Sanchez for Georgia HD 42,,,,src-hist-a-18-b34e93863d4895f35f965ba7,b34e93863d4895f35f965ba7,race-f1e0f94b57d24c62031b,Gabriel Sanchez,,,,,,,,,,,,,,,,,,,,,,,,,,,,,,,,,,,,
0450ca93d55c2b7438c60599,https://web.archive.org/web/20210516130843id_/https://www.goerie.com/story/news/local/2021/04/29/democrat-maurice-troop-race-erie-city-council/7380098002/,https://web.archive.org/web/20210516130843id_/https://www.goerie.com/story/news/local/2021/04/29/democrat-maurice-troop-race-erie-city-council/7380098002/,2021-04-29,2026-08-20T19:35:06.042978+00:00,,data/raw/policy_historical_b/0450ca93d55c2b7438c60599.html,6034b4f92c9571f79de467eb78cf87b2d1bdfe32c02a3938678f46d2505470c9,124250,used,"Semantically reviewed for Maurice ""Mo"" Troop; packet timing=pre_primary_screened.",text/html,,,,,,,0450ca93d55c2b7438c60599,race-8d1e88972b7232ea26d0,"Maurice ""Mo"" Troop",,,,,,data/raw/candidate_documents/0450ca93d55c2b7438c60599/dab0e3ee788940f80c39a6ca88fdea025565c7ce2103c5274497ec9cfaa709ee.html,,,,,,,,,,,,,,,,,,,,,,,,,,,,,,
06250936b353910734ffebcd,https://web.archive.org/web/20160828203156/https://timtoomey.org/,https://web.archive.org/web/20160828203156/https://timtoomey.org/,,2026-08-20T00:50:46.179624+00:00,,data/raw/policy_historical_b/06250936b353910734ffebcd.org,2671f8932b1caf69b600a2f855b7190da6abb77e3312176fcc6bc696f3869651,47661,used,"Semantically reviewed for Timothy J. Toomey, Jr.; packet timing=pre_primary_screened.",text/html,,,,,,,06250936b353910734ffebcd,race-0f0734c608b02353f3cf,"Timothy J. Toomey, Jr.",,2016-08-28,archive_capture_only,,,data/raw/candidate_documents/06250936b353910734ffebcd/2671f8932b1caf69b600a2f855b7190da6abb77e3312176fcc6bc696f3869651.org,,,,,,,,,,,,,,,,,,,,,,,,,,,,,,
07eefecbaf3f1336c44715cb,https://bethesdamagazine.com/2018/02/13/state-delegate-district-39-three-seats,https://bethesdamagazine.com/2018/02/13/state-delegate-district-39-three-seats/,2018-02-13,2026-08-19T23:30:24.906135+00:00,,data/raw/policy_historical_b/07eefecbaf3f1336c44715cb.html,f64d3a28de0724004e47bcb6e1d6ac5baa326c3c3fd1289f0df0c90a07da45cb,417988,used,Semantically reviewed for Gabriel Acevero; packet timing=pre_primary_screened.,text/html,,,,,,,07eefecbaf3f1336c44715cb,race-50548ada602a94d636d7,Gabriel Acevero,,,,,,data/raw/candidate_documents/07eefecbaf3f1336c44715cb/f64d3a28de0724004e47bcb6e1d6ac5baa326c3c3fd1289f0df0c90a07da45cb.html,,,,,,,,,,,,,,,,,,,,,,,,,,,,,,
088904e1de954ceccacc7db0,https://democraticleft.dsausa.org/2026/06/01/diana-moreno-organize-as-if-the-world-you-want-is-within-grasp/,https://democraticleft.dsausa.org/2026/06/01/diana-moreno-organize-as-if-the-world-you-want-is-within-grasp/,2026-06-01,2026-08-20T19:32:48.518601+00:00,,data/raw/policy_historical_b/088904e1de954ceccacc7db0.html,078f226dc26c893e34b36737b36050f2009443a836e0cc41effb50e930c58eb4,118977,used,Semantically reviewed for Diana C. Moreno; packet timing=pre_primary_screened.,text/html,,,,,,,088904e1de954ceccacc7db0,race-9172cee3bc57bf96a6c8,Diana C. Moreno,,,,,,data/raw/candidate_documents/088904e1de954ceccacc7db0/078f226dc26c893e34b36737b36050f2009443a836e0cc41effb50e930c58eb4.html,,,,,,,,,,,,,,,,,,,,,,,,,,,,,,
09b99372f2aad88f7e551e74,https://www.wwlp.com/news/local-news/hampden-county/michael-lachenmeyer-launches-2026-bid-against-rep-puppolo/,https://web.archive.org/web/20260102031130id_/https://www.wwlp.com/news/local-news/hampden-county/michael-lachenmeyer-launches-2026-bid-against-rep-puppolo/,,2026-08-21T03:53:38.548241+00:00,,data/raw/policy_historical_b/09b99372f2aad88f7e551e74.html,f8c0a16b11da4a04621b35a36a938797e5c790b44114b07f265c8d6bdcf9442e,104449,used,Semantically reviewed for Michael Lachenmeyer; packet timing=pre_primary_screened.,text/html,,,,,,,09b99372f2aad88f7e551e74,race-54b552116a27a8f0ef97,Michael Lachenmeyer,,2026-01-02,archive_capture_only,,,data/raw/candidate_documents/09b99372f2aad88f7e551e74/c83533adc290ee72caa08b6c22ce38786abd2d16842bc9d33a64691b1886385f.html,,,,,,,,,,,,,,,,,,,,,,,,,,,,,,
130be9bfd7a44c6c2c1a4a04,https://wmasspi.com/2025/06/a-challenge-to-puppolo-in-mass-house-begins-quite-early.html,https://wmasspi.com/2025/06/a-challenge-to-puppolo-in-mass-house-begins-quite-early.html,,2026-08-19T23:52:31.771258+00:00,,data/raw/policy_historical_b/130be9bfd7a44c6c2c1a4a04.html,dcb575b2ad9d90d363aa9d2aecb52340889cf7e3e888e8a9ebda276b6be9cf28,123056,identity_only,"Original source association superseded by an explicitly scoped quotation with verified June18,2025 publication and revision metadata. The original capture is retained as provenance, not an extra policy source.",text/html,,,,,,,130be9bfd7a44c6c2c1a4a04,race-54b552116a27a8f0ef97,"Angelo J. Puppolo, Jr.",,,,,,data/raw/candidate_documents/130be9bfd7a44c6c2c1a4a04/dcb575b2ad9d90d363aa9d2aecb52340889cf7e3e888e8a9ebda276b6be9cf28.html,,,,,,,,,,,,,,,,,,,,,,,,,,,,,,
1404488badd308c9a7f46d0e,https://hellgatenyc.com/david-orkin-assembly-district-38-interview/,https://hellgatenyc.com/david-orkin-assembly-district-38-interview/,2026-06-02,2026-08-20T19:32:48.150065+00:00,,data/raw/policy_historical_b/1404488badd308c9a7f46d0e.html,e02393b9793f549a6c95cab17d7d36b7d493568e591736b9ceae940dd08edb17,47592,used,"Semantically reviewed for David Orkin; retained candidate quotation is campaign framing about his nontraditional candidacy, not a legislative policy position.",text/html,,,,,,,1404488badd308c9a7f46d0e,race-39f265caadf4efc1cdd3,David Orkin,,,,,,data/raw/candidate_documents/1404488badd308c9a7f46d0e/3eb01297f01f101f777c7216d5dd63b693629bcc6ed75c428a09f6bff7d2c015.html,,,,,,,,,,,,,,,,,,,,,,,,,,,,,,
168bd5d856aef80b42dee846,https://www.earlblumenauer.com/2019/11/25/big-news-league-conservation-voters-endorses,https://www.earlblumenauer.com/2019/11/25/big-news-league-conservation-voters-endorses/,2019-12-05,2026-08-20T02:54:12.483120+00:00,,data/raw/policy_historical_b/168bd5d856aef80b42dee846.html,c33c62f96153b89dd0f2f58abf667365d0cdcbe17fbbe8f30896bb611f1b3394,10420,used,Semantically reviewed for Earl Blumenauer; packet timing=pre_primary_screened.,text/html,,,,,,,168bd5d856aef80b42dee846,race-98a94ea45af952a751bc,Earl Blumenauer,,,,,,data/raw/candidate_documents/168bd5d856aef80b42dee846/9e5d97bfa20773e58ebba2ba71ba3ac833021a82e47c899c90f82a2ddfcb7562.html,,,,,,,,,,,,,,,,,,,,,,,,,,,,,,
17e69333651727e6aecb89d7,https://www.wemu.org/wemu-news/2026-07-28/two-candidates-running-in-ypsilanti-2nd-ward-city-council-primary,https://www.wemu.org/wemu-news/2026-07-28/two-candidates-running-in-ypsilanti-2nd-ward-city-council-primary,,2026-08-19T23:48:59.823490+00:00,,data/raw/policy_historical_b/17e69333651727e6aecb89d7.html,651cc0e7db854bf97e7a99ae6c257261b08c7cd51041d3fad7c5e0d7e5ca4e6a,187965,timing_unverified,Semantically reviewed for Patrick A. McLean; packet timing=timing_unverified_same_cycle_capture. Same-cycle capture remains timing-unverified and is not backdated.,text/html,,,,,,,17e69333651727e6aecb89d7,race-e380dcac34b2bd829dd4,Patrick A. McLean,,,,,,data/raw/candidate_documents/17e69333651727e6aecb89d7/651cc0e7db854bf97e7a99ae6c257261b08c7cd51041d3fad7c5e0d7e5ca4e6a.html,,,,,,,,,,,,,,,,,,,,,,,,,,,,,,
26187350d55df71da708b2fb,https://dilan4assembly.com/issues.html,https://dilan4assembly.com/issues.html,2026-03-05,2026-08-20T02:07:37.847572+00:00,,data/raw/policy_historical_b/26187350d55df71da708b2fb.html,9c44eb31c7a3470c9a1f0ba8fd8c7e33c0b9c7c925cd6f18be33aec8f50395e6,18137,used,Semantically reviewed for Erik Dilan; packet timing=pre_primary_screened.,text/html,,,,,,,26187350d55df71da708b2fb,race-7d1d86d506cf06be54a0,Erik Dilan,,,,,,data/raw/candidate_documents/47c7293a873537162c573848/9c44eb31c7a3470c9a1f0ba8fd8c7e33c0b9c7c925cd6f18be33aec8f50395e6.html,,,,,,,,,,,,,,,,,,,,,,,,,,,,,,
358f974fbec89cf96c435ef8,https://pgproudmag.com/2026/04/17/candidate-qa-8-questions-with-sherman-hardy,https://pgproudmag.com/2026/04/17/candidate-qa-8-questions-with-sherman-hardy/,,2026-08-19T23:47:36.269034+00:00,,data/raw/policy_historical_b/358f974fbec89cf96c435ef8.html,0121549458e3b2c75cd5054f5b657110cbd7db2ad3cd08f08f5c490d73845679,163681,timing_unverified,Semantically reviewed for Sherman Hardy; packet timing=timing_unverified_same_cycle_capture. Same-cycle capture remains timing-unverified and is not backdated.,text/html,,,,,,,358f974fbec89cf96c435ef8,race-a4cb4c786c15bc1f06d5,Sherman Hardy,,,,,,data/raw/candidate_documents/358f974fbec89cf96c435ef8/0121549458e3b2c75cd5054f5b657110cbd7db2ad3cd08f08f5c490d73845679.html,,,,,,,,,,,,,,,,,,,,,,,,,,,,,,
38070046c3ceef6e3d20c3da,https://www.mocoalliance.org/uploads/4/8/8/6/48867647/bartlett_2018.pdf,https://www.mocoalliance.org/uploads/4/8/8/6/48867647/bartlett_2018.pdf,2018-03-12,2026-08-21T14:30:17.648002+00:00,,data/raw/policy_historical_b/38070046c3ceef6e3d20c3da.pdf,a171b2540b03bc5124522586447217bb1895e4ce18e670ac4df0c63efe9859ca,162512,used,Semantically reviewed for Bobby Bartlett; packet timing=pre_primary_screened.,application/pdf,,,,,,,38070046c3ceef6e3d20c3da,race-50548ada602a94d636d7,Bobby Bartlett,,,,,,data/raw/candidate_documents/38070046c3ceef6e3d20c3da/a171b2540b03bc5124522586447217bb1895e4ce18e670ac4df0c63efe9859ca.pdf,,,,,,,,,,,,,,,,,,,,,,,,,,,,,,
3bd046bde6d2a24cabb7ddc6,https://pgproudmag.com/2026/04/22/candidate-qa-8-questions-with-lolita-e-walker,https://pgproudmag.com/2026/04/22/candidate-qa-8-questions-with-lolita-e-walker/,,2026-08-19T23:52:22.656034+00:00,,data/raw/policy_historical_b/3bd046bde6d2a24cabb7ddc6.html,a5ae5d20dd653d295462f6787c627da5d50d5f6daa09d4e545aa57b50114ac9a,165393,timing_unverified,Semantically reviewed for Lolita E. Walker; packet timing=timing_unverified_same_cycle_capture. Same-cycle capture remains timing-unverified and is not backdated.,text/html,,,,,,,3bd046bde6d2a24cabb7ddc6,race-a4cb4c786c15bc1f06d5,Lolita E. Walker,,,,,,data/raw/candidate_documents/3bd046bde6d2a24cabb7ddc6/a5ae5d20dd653d295462f6787c627da5d50d5f6daa09d4e545aa57b50114ac9a.html,,,,,,,,,,,,,,,,,,,,,,,,,,,,,,
3e01265f69a590a4fbd35794,https://oregoncapitalchronicle.com/voter-guides/contests/2026-democratic-primary-oregon-house-district-7/,https://oregoncapitalchronicle.com/voter-guides/contests/2026-democratic-primary-oregon-house-district-7/,,2026-08-20T19:32:25.326972+00:00,,data/raw/policy_historical_b/3e01265f69a590a4fbd35794.html,422167fbb7fb3e86c878b898c77a7c52f74e26b7f927e402e60c519e48d6c4d5,246961,timing_unverified,Semantically reviewed for Ky Fireside; packet timing=timing_unverified_same_cycle_capture. Same-cycle capture remains timing-unverified and is not backdated.,text/html,,,,,,,3e01265f69a590a4fbd35794,race-ac20ab59155880ab9c39,Ky Fireside,,,,,,data/raw/candidate_documents/3e01265f69a590a4fbd35794/f52e06eb87cfa8f0dfc736610533e2fd4ac5a4d65ce60bb4be274f2be59f1bb4.html,,,,,,,,,,,,,,,,,,,,,,,,,,,,,,
40a9c52b94dde58b9ec99c68,https://www.leslyedwight.com/priorities,https://www.leslyedwight.com/priorities,2026-04-25,2026-08-20T02:55:04.244147+00:00,,data/raw/policy_historical_b/40a9c52b94dde58b9ec99c68.html,f227662655f112b1581d7cf4231828f2c2ab218a9c07595b2dd4c882f306c1cc,369953,used,Semantically reviewed for Leslye Dwight; packet timing=pre_primary_screened.,text/html,,,,,,,40a9c52b94dde58b9ec99c68,race-a4cb4c786c15bc1f06d5,Leslye Dwight,,,,,,data/raw/candidate_documents/40a9c52b94dde58b9ec99c68/1532ff7699888bc958524efc4ef7ef2e6e85ad2675f52f2a42f0f7ef1f97aa84.html,,,,,,,,,,,,,,,,,,,,,,,,,,,,,,
45a1e525c125727832c0be87,https://wilcox2020.com/issues/climate-change,https://web.archive.org/web/20191216105614id_/https://wilcox2020.com/issues/climate-change,,2026-08-19T23:28:48.335320+00:00,,data/raw/policy_historical_b/45a1e525c125727832c0be87.html,1c6adb68654c11608c8d9c5512d589af360d550c5bd3254d3b10a215ae6dd3d3,9345,used,Semantically reviewed for Dane Wilcox; packet timing=pre_primary_screened.,text/html,,,,,,,45a1e525c125727832c0be87,race-98a94ea45af952a751bc,Dane Wilcox,,,,,,data/raw/candidate_documents/45a1e525c125727832c0be87/1c6adb68654c11608c8d9c5512d589af360d550c5bd3254d3b10a215ae6dd3d3.html,,,,,,,,,,,,,,,,,,,,,,,,,,,,,,
4844a4c8471728f6fc12036c,https://wtop.com/dc-election/2026/06/get-to-know-ward-1-dc-council-candidate-terry-lynch,https://wtop.com/dc-election/2026/06/get-to-know-ward-1-dc-council-candidate-terry-lynch/,,2026-08-19T23:44:55.833002+00:00,,data/raw/policy_historical_b/4844a4c8471728f6fc12036c.html,d8305d8f3d0c57e3638a9100f30b7b429ccf7fd3a1c0964097c69b9173e41494,117137,timing_unverified,Semantically reviewed for Terry Lynch; packet timing=timing_unverified_same_cycle_capture. Same-cycle capture remains timing-unverified and is not backdated.,text/html,,,,,,,4844a4c8471728f6fc12036c,race-0b902d615156cfc70e34,Terry Lynch,,,,,,data/raw/candidate_documents/4844a4c8471728f6fc12036c/a10ff08b3d3c8e1846953c003eb26cf31b1006426be143321cd18815a7239354.html,,,,,,,,,,,,,,,,,,,,,,,,,,,,,,
493263aa0e33265a81b2ab32,https://www.oregonvotes.gov/voters-guide/english/kchuffman.html,https://www.oregonvotes.gov/voters-guide/english/kchuffman.html,,2026-08-20T19:32:24.219873+00:00,,data/raw/policy_historical_b/493263aa0e33265a81b2ab32.html,99e46f352cfe32a086bf21b86862c500af0a42656e7c26c1c71367b7ad6f827d,3013,timing_unverified,"Original timing screening is superseded by a source-date correction. The official guide supplies candidate text but not the asserted primary-day publication date. Effective date must not be substituted for publication. A separate pre-primary availability proof is needed for an unqualified version claim. Original review note: Semantically reviewed for KC Huffman; retained voter-pamphlet language is a broad opportunity value and is labeled campaign framing, not a legislative mechanism.",text/html,,,,,,,493263aa0e33265a81b2ab32,race-ac20ab59155880ab9c39,KC Huffman,,,,2026-05-19,data/manual/candidate_source_date_corrections.json,data/raw/candidate_documents/493263aa0e33265a81b2ab32/99e46f352cfe32a086bf21b86862c500af0a42656e7c26c1c71367b7ad6f827d.html,,,,,,,,,,,,,,,,,,,,,,,,,,,,,,
535aa197a867225dab3dc5a0,https://web.archive.org/web/20240518092853id_/https://www.chaichifororegon.com/the-issues,https://web.archive.org/web/20240518092853id_/https://www.chaichifororegon.com/the-issues,,2026-08-21T00:10:44.212493+00:00,,data/raw/policy_historical_b/535aa197a867225dab3dc5a0.html,1616ceca601df3ce803ef4d749815df50ca93b1a84892028aef3af3164d29a42,509222,used,Semantically reviewed for Farrah Chaichi; packet timing=pre_primary_screened.,text/html,,,,,,,535aa197a867225dab3dc5a0,race-1b16bc7d886dcbb78057,Farrah Chaichi,,2024-05-18,archive_capture_only,,,data/raw/candidate_documents/535aa197a867225dab3dc5a0/23a6e7ec6c7bf68725dec1021b05ca538a9cd6a36cd97c7e3772897ccf5f3194.html,,,,,,,,,,,,,,,,,,,,,,,,,,,,,,
556bf4bac5ced69a07376219,https://qns.com/2026/01/mary-jobaida-ad-36-special-election/,https://qns.com/2026/01/mary-jobaida-ad-36-special-election/,2026-01-27,2026-08-20T19:32:09.049409+00:00,,data/raw/policy_historical_b/556bf4bac5ced69a07376219.html,e70409318c3d5d74175097ca8d322ef0ea095c07ae1295fbd64e10e17bdbe32a,133612,used,Semantically reviewed for Mary Jobaida; packet timing=pre_primary_screened.,text/html,,,,,,,556bf4bac5ced69a07376219,race-9172cee3bc57bf96a6c8,Mary Jobaida,,,,,,data/raw/candidate_documents/556bf4bac5ced69a07376219/e70409318c3d5d74175097ca8d322ef0ea095c07ae1295fbd64e10e17bdbe32a.html,,,,,,,,,,,,,,,,,,,,,,,,,,,,,,
5801a1f80b0ac898f3923de8,http://web.archive.org/web/20160807044232/http://www.mikeconnolly.org:80/progressive_platform,http://web.archive.org/web/20160807044232/http://www.mikeconnolly.org:80/progressive_platform,,2026-08-20T00:50:39.796860+00:00,,data/raw/policy_historical_b/5801a1f80b0ac898f3923de8.html,848d80b3232e107c7ffc99723dbab287d7cd0bf2124c78889e5458118280d41c,48075,used,Semantically reviewed for Mike Connolly; packet timing=pre_primary_screened.,text/html,,,,,,,5801a1f80b0ac898f3923de8,race-0f0734c608b02353f3cf,Mike Connolly,,2016-08-07,archive_capture_only,,,data/raw/candidate_documents/5801a1f80b0ac898f3923de8/320658385c58ec918d6c0a06061ae5f0825db76518e98f3812be6688b03d772c.html,,,,,,,,,,,,,,,,,,,,,,,,,,,,,,
63629e016b57da846afff538,https://lidbk.com/lid-marlon-rice-sd25,https://lidbk.com/lid-marlon-rice-sd25,,2026-08-19T23:29:47.476517+00:00,,data/raw/policy_historical_b/63629e016b57da846afff538.html,37cb6d20c512040dc050cb044e465d9d0c4c19c7b3bd711257c1de75e7dda50d,129610,timing_unverified,Semantically reviewed for Marlon Rice; packet timing=timing_unverified_same_cycle_capture. Same-cycle capture remains timing-unverified and is not backdated.,text/html,,,,,,,63629e016b57da846afff538,race-fc455554338c9836cfc0,Marlon Rice,,,,,,data/raw/candidate_documents/63629e016b57da846afff538/e183fe23440dd2e3e97b35e31ac55ba1abcb3b4b1ac418c4825a7f7cd03785be.html,,,,,,,,,,,,,,,,,,,,,,,,,,,,,,
6c242f9e05e9b463056e4e7c,https://amyrondel.com/,https://amyrondel.com/,,2026-08-19T23:43:21.524130+00:00,,data/raw/policy_historical_b/6c242f9e05e9b463056e4e7c.html,80e2a86d69502d3171084f66d5b96710d750607dc6148de26b5e1bd1d0d4c3b0,135412,timing_unverified,Semantically reviewed for Amy Rondel; packet timing=timing_unverified_same_cycle_capture. Same-cycle capture remains timing-unverified and is not backdated.,text/html,,,,,,,6c242f9e05e9b463056e4e7c,race-e380dcac34b2bd829dd4,Amy Rondel,,,,,,data/raw/candidate_documents/6c242f9e05e9b463056e4e7c/134836b58655e957d21de359aebecc11307f41672707ca2a9884f831206e0cac.html,,,,,,,,,,,,,,,,,,,,,,,,,,,,,,
72492a13293800285e5adb17,https://www.ballotready.org/people/jill-c-kirkham,https://www.ballotready.org/people/jill-c-kirkham,,2026-08-20T19:32:24.105881+00:00,,data/raw/policy_historical_b/72492a13293800285e5adb17.html,128461c2bcc4f767b579dfb07439aa0678bd96d6c05e4159a29f6d39268236cf,98141,identity_only,Superseded aggregator discovery source; the exact quotation now binds to the candidate's own retained page.,text/html,,,,,,,72492a13293800285e5adb17,race-74050d04f83c96e831f1,Jill C. Kirkham,,,,2026-05-19,data/manual/candidate_source_date_corrections.json,data/raw/candidate_documents/72492a13293800285e5adb17/128461c2bcc4f767b579dfb07439aa0678bd96d6c05e4159a29f6d39268236cf.html,,,,,,,,,,,,,,,,,,,,,,,,,,,,,,
740177e3ad8116bcafde577e,https://wtop.com/dc-election/2026/06/get-to-know-ward-1-dc-council-candidate-jackie-reyes-yanes,https://wtop.com/dc-election/2026/06/get-to-know-ward-1-dc-council-candidate-jackie-reyes-yanes/,,2026-08-19T23:47:33.994171+00:00,,data/raw/policy_historical_b/740177e3ad8116bcafde577e.html,c659b972350e669be91ce4d6472390b66a1873596188fdaa2eaa798f31b7927b,144012,timing_unverified,Semantically reviewed for Jackie Reyes Yanes; packet timing=timing_unverified_same_cycle_capture. Same-cycle capture remains timing-unverified and is not backdated.,text/html,,,,,,,740177e3ad8116bcafde577e,race-0b902d615156cfc70e34,Jackie Reyes Yanes,,,,,,data/raw/candidate_documents/740177e3ad8116bcafde577e/29ac89928eec00799fad273ddc72cab226d3172cb6fd3141d1c1dc94db8ec71d.html,,,,,,,,,,,,,,,,,,,,,,,,,,,,,,
791ed40ff22a4da03460c6bd,https://andrewbodiford.com/,https://andrewbodiford.com/,,2026-08-20T19:32:06.477910+00:00,,data/raw/policy_historical_b/791ed40ff22a4da03460c6bd.html,83b0361c4c6b5dd67ee60955f025cb93b232c3d887249337fc5a435a2b9b8654,164713,timing_unverified,"Original timing screening is superseded by a source-date correction. The election-context effective date was not supported as publication by the retained page. The live capture is post-primary, so the source's timing remains unverified. Original review note: Semantically reviewed for Andrew Bodiford; packet timing=pre_primary_screened.",text/html,,,,,,,791ed40ff22a4da03460c6bd,race-3ecc1eb1bf0838801a6b,Andrew Bodiford,,,,2026-06-23,data/manual/candidate_source_date_corrections.json,data/raw/candidate_documents/791ed40ff22a4da03460c6bd/83b0361c4c6b5dd67ee60955f025cb93b232c3d887249337fc5a435a2b9b8654.html,,,,,,,,,,,,,,,,,,,,,,,,,,,,,,
80fc3eb3fbd72327dac07114,https://jabariforstatesenate.com/housing,https://jabariforstatesenate.com/platform/housing/,,2026-08-19T23:20:51.419515+00:00,,data/raw/policy_historical_b/80fc3eb3fbd72327dac07114.html,ec99b464c2506aab795d3bb9997a824c97aa5863b8d672d22b64ebc473385e44,76477,timing_unverified,Semantically reviewed for Jabari Brisport; packet timing=timing_unverified_same_cycle_capture. Same-cycle capture remains timing-unverified and is not backdated.,text/html,,,,,,,80fc3eb3fbd72327dac07114,race-fc455554338c9836cfc0,Jabari Brisport,,,,,,data/raw/candidate_documents/c543f4e7cf6f008444d7c4bb/ec99b464c2506aab795d3bb9997a824c97aa5863b8d672d22b64ebc473385e44.html,,,,,,,,,,,,,,,,,,,,,,,,,,,,,,
83978a41849b5857dd1be66d,https://durandforidaho.com/platform/,https://durandforidaho.com/platform/,,2026-08-20T19:32:43.122879+00:00,,data/raw/policy_historical_b/83978a41849b5857dd1be66d.html,b4329cda4c0e99464b4a5ebc22e567468e289769ae235bdb2f7e0f641d54484b,229969,timing_unverified,Original timing screening is superseded by a source-date correction. The primary-date effective field was promoted despite a blank publication field. The retained campaign page lacks publication metadata and was retrieved after the primary; retain only timing-qualified claims. Original review note: Semantically reviewed for Maxine Durand; packet timing=pre_primary_screened.,text/html,,,,,,,83978a41849b5857dd1be66d,race-74050d04f83c96e831f1,Maxine Durand,,,,2026-05-19,data/manual/candidate_source_date_corrections.json,data/raw/candidate_documents/83978a41849b5857dd1be66d/425285d99042dc3455438887048a16169e5dbe1ec49a675276f2e9e3f9179a1f.html,,,,,,,,,,,,,,,,,,,,,,,,,,,,,,
86c4ab4888164d30d614ba46,https://centralcurrent.org/2026-primary-election-qa-onondaga-county-legislature-8th-district-candidate-tammy-honeywell,https://centralcurrent.org/2026-primary-election-qa-onondaga-county-legislature-8th-district-candidate-tammy-honeywell/,,2026-08-19T23:43:20.747215+00:00,,data/raw/policy_historical_b/86c4ab4888164d30d614ba46.html,f0350c616f1bb6cf636f6380dcd8b397e566847661fbe45e317a7d190acb2acc,210088,timing_unverified,Semantically reviewed for Tammy M. Honeywell; packet timing=timing_unverified_same_cycle_capture. Same-cycle capture remains timing-unverified and is not backdated.,text/html,,,,,,,86c4ab4888164d30d614ba46,race-c0281c2f7e9fa4145d2d,Tammy M. Honeywell,,,,,,data/raw/candidate_documents/86c4ab4888164d30d614ba46/23c694f99e326a3405c707973c971096f2bdbdc97d403f4b29aedc6fe4dfc41a.html,,,,,,,,,,,,,,,,,,,,,,,,,,,,,,
8e8d01c8b7f736957365ffb5,https://pgproudmag.com/2026/05/05/candidate-qa-8-questions-with-tamara-davis-brown,https://pgproudmag.com/2026/05/05/candidate-qa-8-questions-with-tamara-davis-brown/,,2026-08-19T23:47:38.640182+00:00,,data/raw/policy_historical_b/8e8d01c8b7f736957365ffb5.html,884faacda81509d62bd169d2878bfe028d1df35ddee13593fdf77f7a00903906,163707,timing_unverified,Semantically reviewed for Tamara Davis Brown; packet timing=timing_unverified_same_cycle_capture. Same-cycle capture remains timing-unverified and is not backdated.,text/html,,,,,,,8e8d01c8b7f736957365ffb5,race-a4cb4c786c15bc1f06d5,Tamara Davis Brown,,,,,,data/raw/candidate_documents/8e8d01c8b7f736957365ffb5/884faacda81509d62bd169d2878bfe028d1df35ddee13593fdf77f7a00903906.html,,,,,,,,,,,,,,,,,,,,,,,,,,,,,,
8fbe68eca7fc016287321818,https://navarrofornevada.com/,https://navarrofornevada.com/,2025-11-13,2026-08-19T23:30:11.390160+00:00,,data/raw/policy_historical_b/8fbe68eca7fc016287321818.html,cfd54a4a509d5863730b98c609b4056db65ab3e3b122b93b4cc196df7556069b,141697,used,Original timing screening is superseded by a source-date correction. The same retained WebPage JSON-LD independently records datePublished2025-11-13 and dateModified2026-01-06. Replace the inferred primary date with that genuine source date; both source dates precede the primary. Original review note: Semantically reviewed for Shaun R. Navarro; packet timing=pre_primary_screened.,text/html,,,,,,,8fbe68eca7fc016287321818,race-272467423dd3b8accee4,Shaun R. Navarro,,,,2026-06-09,data/manual/candidate_source_date_corrections.json,data/raw/candidate_documents/e11e97a6e26a606cb4560932/cfd54a4a509d5863730b98c609b4056db65ab3e3b122b93b4cc196df7556069b.html,2026-01-06,"{'format': 'json_ld', 'node_id': 'https://navarrofornevada.com/'}",,,,,,,,,,,,,,,,,,,,,,,,,,,,
90c0e3978eebcf52b9007a54,https://web.archive.org/web/20210501140122id_/https://www.goerie.com/story/news/local/2021/04/29/democrat-elspeth-koehle-race-erie-city-council/7392072002/,https://web.archive.org/web/20210501140122id_/https://www.goerie.com/story/news/local/2021/04/29/democrat-elspeth-koehle-race-erie-city-council/7392072002/,2021-04-29,2026-08-20T19:35:08.655435+00:00,,data/raw/policy_historical_b/90c0e3978eebcf52b9007a54.html,d6013ed8836e81aea9e2655056dce6202cd8f94f737f6d643fbfe54c310fc94a,124758,used,Semantically reviewed for Elspeth Kate Koehle; packet timing=pre_primary_screened.,text/html,,,,,,,90c0e3978eebcf52b9007a54,race-8d1e88972b7232ea26d0,Elspeth Kate Koehle,,,,,,data/raw/candidate_documents/6c189cc98d45b038e16005b8/4f4c8f4234adc40d77355fe50010e7a3d09b2edc26dcd311b53cb80a84b554c7.html,,,,,,,,,,,,,,,,,,,,,,,,,,,,,,
938c5b389f36c105d512bf54,https://www.emilyforassembly.com/issues/,https://www.emilyforassembly.com/issues/,,2026-08-20T19:32:48.716317+00:00,,data/raw/policy_historical_b/938c5b389f36c105d512bf54.html,b59b9f7d704e30663e62f9bbe9f3d798ff70bd81aef77cfc44eb218447abf415,93373,timing_unverified,Original timing screening is superseded by a source-date correction. The primary-date effective field was incorrectly used as publication. The retained live issues page has no publication marker and was retrieved after the primary; preserve the candidate's words with timing uncertainty. Original review note: Semantically reviewed for Emily Gallagher; packet timing=pre_primary_screened.,text/html,,,,,,,938c5b389f36c105d512bf54,race-3ecc1eb1bf0838801a6b,Emily Gallagher,,,,2026-06-23,data/manual/candidate_source_date_corrections.json,data/raw/candidate_documents/938c5b389f36c105d512bf54/b59b9f7d704e30663e62f9bbe9f3d798ff70bd81aef77cfc44eb218447abf415.html,,,,,,,,,,,,,,,,,,,,,,,,,,,,,,
9643b2db336bdbaeb280515c,https://eugeneweekly.com/2026/03/26/prioritizing-people/,https://eugeneweekly.com/2026/03/26/prioritizing-people/,2026-03-26,2026-08-20T19:31:47.028889+00:00,,data/raw/policy_historical_b/9643b2db336bdbaeb280515c.html,8fe9372b748ea0075cc6ec865406f0600638ba75319e052fd396909623c9be4a,228362,used,Semantically reviewed for Kori Rodley; packet timing=pre_primary_screened.,text/html,,,,,,,9643b2db336bdbaeb280515c,race-ac20ab59155880ab9c39,Kori Rodley,,,,,,data/raw/candidate_documents/9643b2db336bdbaeb280515c/8fe9372b748ea0075cc6ec865406f0600638ba75319e052fd396909623c9be4a.html,,,,,,,,,,,,,,,,,,,,,,,,,,,,,,
976b016f2f02b287d31a5817,https://pgproudmag.com/2026/04/23/candidate-qa-8-questions-with-imara-crooms,https://pgproudmag.com/2026/04/23/candidate-qa-8-questions-with-imara-crooms/,,2026-08-19T23:30:12.528630+00:00,,data/raw/policy_historical_b/976b016f2f02b287d31a5817.html,305a2e2c3cac62fa4b5ce6db880f7deea528e7b547275aa9486680059b068e13,165870,timing_unverified,Semantically reviewed for Imara Crooms; packet timing=timing_unverified_same_cycle_capture. Same-cycle capture remains timing-unverified and is not backdated.,text/html,,,,,,,976b016f2f02b287d31a5817,race-a4cb4c786c15bc1f06d5,Imara Crooms,,,,,,data/raw/candidate_documents/976b016f2f02b287d31a5817/305a2e2c3cac62fa4b5ce6db880f7deea528e7b547275aa9486680059b068e13.html,,,,,,,,,,,,,,,,,,,,,,,,,,,,,,
9c569e55a3d080d8aa55ab5a,https://www.terriforidaho.com/issues,https://www.terriforidaho.com/issues,,2026-08-20T19:32:03.382495+00:00,,data/raw/policy_historical_b/9c569e55a3d080d8aa55ab5a.html,e149f20b6f258c22531efe6ff25403318dc8547426e9f63c37707d295f3132a4,193492,timing_unverified,Original timing screening is superseded by a source-date correction. The primary-date effective field was not publication evidence. The retained live campaign page has no publication marker and was retrieved after the primary; preserve explicit timing uncertainty. Original review note: Semantically reviewed for Terri Pickens; packet timing=pre_primary_screened.,text/html,,,,,,,9c569e55a3d080d8aa55ab5a,race-74050d04f83c96e831f1,Terri Pickens,,,,2026-05-19,data/manual/candidate_source_date_corrections.json,data/raw/candidate_documents/9c569e55a3d080d8aa55ab5a/145ccf238647e127c6b85ece95f375af0bc9db5b137ee1d2fe45d35fed848e0e.html,,,,,,,,,,,,,,,,,,,,,,,,,,,,,,
a5c8863fce9f88d5790b71dc,https://hanadinadeem.com/issues/jobs-economy,https://web.archive.org/web/20250324212503/https://hanadinadeem.com/issues/jobs-economy/,,2026-08-20T02:54:51.587268+00:00,,data/raw/policy_historical_b/a5c8863fce9f88d5790b71dc.html,fc1c13b79257e79ddc5eb8664a72ac66ff049f4de1b3c1d6259dc143a573a607,144704,used,Semantically reviewed for Hanadi Nadeem; packet timing=pre_primary_screened.,text/html,,,,,,,a5c8863fce9f88d5790b71dc,race-272467423dd3b8accee4,Hanadi Nadeem,,2025-03-24,archive_capture_only,,,data/raw/candidate_documents/a5c8863fce9f88d5790b71dc/fc1c13b79257e79ddc5eb8664a72ac66ff049f4de1b3c1d6259dc143a573a607.html,,,,,,,,,,,,,,,,,,,,,,,,,,,,,,
aa47402cd4f7bff1a6d1f813,https://wtop.com/dc-election/2026/06/get-to-know-ward-1-dc-council-candidate-rashida-brown,https://wtop.com/dc-election/2026/06/get-to-know-ward-1-dc-council-candidate-rashida-brown/,,2026-08-19T23:44:55.000137+00:00,,data/raw/policy_historical_b/aa47402cd4f7bff1a6d1f813.html,8e11bb55e27f9b168dd6902f188493120a21735c77e21e773bdfcd03cda3f85b,139555,timing_unverified,Semantically reviewed for Rashida Brown; packet timing=timing_unverified_same_cycle_capture. Same-cycle capture remains timing-unverified and is not backdated.,text/html,,,,,,,aa47402cd4f7bff1a6d1f813,race-0b902d615156cfc70e34,Rashida Brown,,,,,,data/raw/candidate_documents/aa47402cd4f7bff1a6d1f813/c1527bbd724624f576975ed9447d9ccf7363ac60ada98345b2986f3ccdb9d597.html,,,,,,,,,,,,,,,,,,,,,,,,,,,,,,
c651d4e2a3ed7d5581157b1f,http://web.archive.org/web/20160416122402/https://timtoomey.org/transportation/,http://web.archive.org/web/20160416122402/https://timtoomey.org/transportation/,,2026-08-20T00:50:44.818200+00:00,,data/raw/policy_historical_b/c651d4e2a3ed7d5581157b1f.html,3f3e99157fbeb67f5e73751d24fea9fcb97ae3fc16753fe4b7bb63fff2a5c059,36896,used,"Semantically reviewed for Timothy J. Toomey, Jr.; packet timing=pre_primary_screened.",text/html,,,,,,,c651d4e2a3ed7d5581157b1f,race-0f0734c608b02353f3cf,"Timothy J. Toomey, Jr.",,2016-04-16,archive_capture_only,,,data/raw/candidate_documents/c651d4e2a3ed7d5581157b1f/3f3e99157fbeb67f5e73751d24fea9fcb97ae3fc16753fe4b7bb63fff2a5c059.html,,,,,,,,,,,,,,,,,,,,,,,,,,,,,,
c728dcb9ee84d9f4d228f4a6,https://www.caseyfororegon.com/issues,https://web.archive.org/web/20240411015808id_/https://www.caseyfororegon.com/issues,,2026-08-19T23:51:18.140351+00:00,,data/raw/policy_historical_b/c728dcb9ee84d9f4d228f4a6.html,5d32e267919cde6728c7128b83a9e681b2fb9969b896ceba10bd24bf6cffcbed,16005,used,Semantically reviewed for Casey Zimmerman; packet timing=pre_primary_screened.,text/html,,,,,,,c728dcb9ee84d9f4d228f4a6,race-1b16bc7d886dcbb78057,Casey Zimmerman,,,,,,data/raw/candidate_documents/c728dcb9ee84d9f4d228f4a6/ef39894e4e160cf2af2b8be3e94bdba912e3778d632ef0f5630b8fbc33a3e411.html,,,,,,,,,,,,,,,,,,,,,,,,,,,,,,
ca17e6de75f17100ce975144,https://wtop.com/dc-election/2026/06/get-to-know-ward-1-dc-council-candidate-miguel-trindade-deramo,https://wtop.com/dc-election/2026/06/get-to-know-ward-1-dc-council-candidate-miguel-trindade-deramo/,,2026-08-19T23:47:34.707102+00:00,,data/raw/policy_historical_b/ca17e6de75f17100ce975144.html,0f25ea87627086710dad33e729f78052356b57add76fe725cabf1d7d3da5e8ff,144228,timing_unverified,Semantically reviewed for Miguel Trindade Deramo; packet timing=timing_unverified_same_cycle_capture. Same-cycle capture remains timing-unverified and is not backdated.,text/html,,,,,,,ca17e6de75f17100ce975144,race-0b902d615156cfc70e34,Miguel Trindade Deramo,,,,,,data/raw/candidate_documents/ca17e6de75f17100ce975144/1dba8154aacae14e4699496ae7b931316a012dfaa8a85efed5702592d5b675dd.html,,,,,,,,,,,,,,,,,,,,,,,,,,,,,,
cebd3e59c585567b2b64dde5,https://www.jeniferforny.com/a-better-new-york,https://www.jeniferforny.com/a-better-new-york,,2026-08-20T19:32:07.545773+00:00,,data/raw/policy_historical_b/cebd3e59c585567b2b64dde5.html,3ee674758e557f7844cf0d87125e234a0cef3f3e5f298d7acb40cd087b47403c,170114,timing_unverified,"Candidate-authored words are retained, but the legacy primary-date-as-publication assumption was rejected. No publication date or asserted day appears in the retained live page, which was captured after the primary. See candidate_source_date_corrections.json; no pre-primary version is certified.",text/html,,,,,,,cebd3e59c585567b2b64dde5,race-39f265caadf4efc1cdd3,Jenifer Rajkumar,,,,2026-06-23,,data/raw/candidate_documents/cebd3e59c585567b2b64dde5/1e91439c9002c3b052f9731f97a31dbeb58d89c2e1c8166b682f029913475091.html,,,,,,,,,,,,,,,,,,,,,,,,,,,,,,
d1f959853df4523cd46add5c,https://wtop.com/dc-election/2026/06/get-to-know-ward-1-dc-council-candidate-aparna-raj,https://wtop.com/dc-election/2026/06/get-to-know-ward-1-dc-council-candidate-aparna-raj/,,2026-08-19T23:43:13.903871+00:00,,data/raw/policy_historical_b/d1f959853df4523cd46add5c.html,30c0fddabb1b0de99bff98e13ef80354bc2e977b7188d2907375c4412e31ce2f,144699,timing_unverified,Semantically reviewed for Aparna Raj; packet timing=timing_unverified_same_cycle_capture. Same-cycle capture remains timing-unverified and is not backdated.,text/html,,,,,,,d1f959853df4523cd46add5c,race-0b902d615156cfc70e34,Aparna Raj,,,,,,data/raw/candidate_documents/d1f959853df4523cd46add5c/0a9e9b76018d6e762754c97151ad4b8a2e75917b00a9af6a1563d32f943a0955.html,,,,,,,,,,,,,,,,,,,,,,,,,,,,,,
df275e04ff1b5d8a974f9df2,https://cct4nyc.com/platform,https://cct4nyc.com/platform/,,2026-08-19T23:43:14.433198+00:00,,data/raw/policy_historical_b/df275e04ff1b5d8a974f9df2.html,81322108bf1358697c23cd593e66e7db4c04df9de1a80023c53cf74b2f1d1f19,63078,timing_unverified,Semantically reviewed for Christian Celeste Tate; packet timing=timing_unverified_same_cycle_capture. Same-cycle capture remains timing-unverified and is not backdated.,text/html,,,,,,,df275e04ff1b5d8a974f9df2,race-7d1d86d506cf06be54a0,Christian Celeste Tate,,,,,,data/raw/candidate_documents/df275e04ff1b5d8a974f9df2/81322108bf1358697c23cd593e66e7db4c04df9de1a80023c53cf74b2f1d1f19.html,,,,,,,,,,,,,,,,,,,,,,,,,,,,,,
e5cebe89349bf639c563e067,https://web.archive.org/web/20210430142024id_/https://www.goerie.com/story/news/local/2021/04/29/democrat-liz-allen-race-erie-city-council/7388188002/,https://web.archive.org/web/20210430142024id_/https://www.goerie.com/story/news/local/2021/04/29/democrat-liz-allen-race-erie-city-council/7388188002/,2021-04-29,2026-08-20T19:35:07.178700+00:00,,data/raw/policy_historical_b/e5cebe89349bf639c563e067.html,000aac930f4d08e676736a928eeb1bb45c8152eb070554d816d8118cd40a3d3e,134973,used,Semantically reviewed for Liz Allen; packet timing=pre_primary_screened.,text/html,,,,,,,e5cebe89349bf639c563e067,race-8d1e88972b7232ea26d0,Liz Allen,,,,,,data/raw/candidate_documents/e5cebe89349bf639c563e067/967aa8fbfdad3331c099016d95e420e4c3cfccf2118b8a989bfcd86d96fab068.html,,,,,,,,,,,,,,,,,,,,,,,,,,,,,,
e963c5799e7eaf0282f996b4,https://centralcurrent.org/2026-primary-election-qa-onondaga-county-legislature-8th-district-candidate-chad-ryan,https://centralcurrent.org/2026-primary-election-qa-onondaga-county-legislature-8th-district-candidate-chad-ryan/,,2026-08-19T23:52:16.339284+00:00,,data/raw/policy_historical_b/e963c5799e7eaf0282f996b4.html,7e1bc53eaeb105126764c1bf0856e5389293d758ffd41938e16a9ae0694ccf86,231505,timing_unverified,Semantically reviewed for Chad Ryan; packet timing=timing_unverified_same_cycle_capture. Same-cycle capture remains timing-unverified and is not backdated.,text/html,,,,,,,e963c5799e7eaf0282f996b4,race-c0281c2f7e9fa4145d2d,Chad Ryan,,,,,,data/raw/candidate_documents/e963c5799e7eaf0282f996b4/154388f028c6696d58a8594b5a0124bd6477d925b5c119e50490e6f592ed8570.html,,,,,,,,,,,,,,,,,,,,,,,,,,,,,,
ecac388a32b8f0c2daa859ca,https://www.mocoalliance.org/uploads/4/8/8/6/48867647/hoverman_2018.pdf,https://www.mocoalliance.org/uploads/4/8/8/6/48867647/hoverman_2018.pdf,2018-03-12,2026-08-21T14:30:16.869597+00:00,,data/raw/policy_historical_b/ecac388a32b8f0c2daa859ca.pdf,e51210ff450aac4674c1a66015ba803fc315d4b8c4af05f39ed888bce72775b4,158125,used,Semantically reviewed for Andy Hoverman; packet timing=pre_primary_screened.,application/pdf,,,,,,,ecac388a32b8f0c2daa859ca,race-50548ada602a94d636d7,Andy Hoverman,,,,,,data/raw/candidate_documents/ecac388a32b8f0c2daa859ca/e51210ff450aac4674c1a66015ba803fc315d4b8c4af05f39ed888bce72775b4.pdf,,,,,,,,,,,,,,,,,,,,,,,,,,,,,,
f170f2486c13fbbd61afb7e4,https://albertlee2020.com/reinvest-in-america-and-our-future,https://web.archive.org/web/20190624064736id_/https://albertlee2020.com/reinvest-in-america-and-our-future/,,2026-08-19T23:27:22.180308+00:00,,data/raw/policy_historical_b/f170f2486c13fbbd61afb7e4.html,4e43af26fee562038b8fd32e197e31fdd7ea3360e109dc140a44f628e778e473,55397,used,Semantically reviewed for Albert Lee; packet timing=pre_primary_screened.,text/html,,,,,,,f170f2486c13fbbd61afb7e4,race-98a94ea45af952a751bc,Albert Lee,,,,,,data/raw/candidate_documents/f170f2486c13fbbd61afb7e4/4e43af26fee562038b8fd32e197e31fdd7ea3360e109dc140a44f628e778e473.html,,,,,,,,,,,,,,,,,,,,,,,,,,,,,,
replacement-kirkham-archive,https://jillforidaho.com/jill-platform,https://web.archive.org/web/20260520053413id_/https://jillforidaho.com/jill-platform,,2026-09-24T04:10:35.975895+00:00,,data/raw/policy_first_party_replacements/replacement-kirkham-archive/a863546b770ccb5949d07bf0e97bf33917861031bdab3d018019e069c0da6b00.html,8f5525a7260543739f38435b165c47bc4b12c4ce785b04d6f3c2a438df5c61e1,225239,timing_unverified,"The candidate's own archived platform contains the exact quoted sentence. The actual May20,2026 replay is after the May19 primary, so it remains timing-qualified. Do not label the requested May18 lookup date as the capture date.",text/html,,,,,,,8e3214ead6e7682e1f7c0d42-a863546b770c,,,,,,,,,,,utf-8,['8e3214ead6e7682e1f7c0d42-a863546b770c'],,,,,,,,,,,,,,,,,,,,,,,,,,
frontier-ma26-story,https://wmasspi.com/2025/06/a-challenge-to-puppolo-in-mass-house-begins-quite-early.html,https://wmasspi.com/2025/06/a-challenge-to-puppolo-in-mass-house-begins-quite-early.html,2025-06-18,2026-08-19T23:52:31.771258+00:00,,data/raw/policy_frontier_comparisons/frontier-ma26-story/dcb575b2ad9d90d363aa9d2aecb52340889cf7e3e888e8a9ebda276b6be9cf28.html,dcb575b2ad9d90d363aa9d2aecb52340889cf7e3e888e8a9ebda276b6be9cf28,123056,used,"The retained same-page JSON-LD verifies publication and revision on June18,2025, before the2026 primary. This replaces the earlier unnecessary timing qualification without creating a duplicate claim. Reporter prose remains outside the quote-only model scope.",text/html,,,,,,,6a19d0855a3430a42fb35246-dcb575b2ad9d,,,,,,,,,2025-06-18,"{'format': 'json_ld', 'node_id': 'https://wmasspi.com/2025/06/a-challenge-to-puppolo-in-mass-house-begins-quite-early.html'}",utf-8,['6a19d0855a3430a42fb35246-dcb575b2ad9d'],130be9bfd7a44c6c2c1a4a04,,,,,,,,,,,,,,,,,,,,,,,,,
hist-a-rec-jimmy-jones-20180224,http://jdarnellforcongress.com/,https://web.archive.org/web/20180224022154id_/http://jdarnellforcongress.com/,,2026-09-23T00:18:52-07:00,second,data/raw/policy_historical_a/recovered/jimmy-jones-campaign-20180224.html,595abc6ff76ad83e716cbb9d37ea006fb5966d7dc07f342a9fedaedcbedf33fe,18384,used,Pre-primary Wayback capture. The source uses J. Darnell Jones; canonical registry name is Jimmy Jones and requires reviewed alias registration.,text/html,,J. DARNELL JONES 2018,,,,,158f3ad64824d6e71b32f1aa-595abc6ff76a,,,,,,,,,,,,['158f3ad64824d6e71b32f1aa-595abc6ff76a'],,unknown,2018-02-24,"{'source_locator': 'paragraph 2', 'exact_quote': 'J. DARNELL JONES 2018'}",,,,,,,,,,,,,,,,,,,,,,
hist-a-rec-jacob-pavlecic-20180201,https://duquesneduke.org/theduke-digitalissues/,https://duq.app.box.com/shared/static/zwk2gu93mb6eyz7eqdape4qkvucztuzk.pdf,2018-02-01,2026-09-23T00:18:52-07:00,second,data/raw/policy_historical_a/recovered/jacob-pavlecic-duquesne-duke-20180201.pdf,e0f7a04ea01bdf1ba274816ad0d666856a58102f2aa3658c020c080b03bb52ac,14561759,used,Full original issue downloaded from the newspaper's Box-linked digital issue archive. Excerpt is direct candidate quotation.,application/pdf,,"The Duquesne Duke, February 1, 2018",,,,,5b207e237199cf28af7d0853-e0f7a04ea01b,,,,,,,,,,,,['5b207e237199cf28af7d0853-e0f7a04ea01b'],,day,,,,,,,,,,,,,,,,,,,,,,,,
hist-a-rec-tn-voter-guide-2020,https://www.ncbw-chattanooga.org/wp-content/uploads/2020/07/Chatanooga-Voters-Guide-August-2020.pdf,https://www.ncbw-chattanooga.org/wp-content/uploads/2020/07/Chatanooga-Voters-Guide-August-2020.pdf,,2026-09-23T00:18:52-07:00,second,data/raw/policy_historical_a/recovered/tennessee-senate-nashville-voter-guide-2020.pdf,59c264e1aebf172fab6fc1c3cde5c5393c117337330f50b9daae1354c4afb694,2311157,timing_unverified,"Election-specific candidate-submitted guide. The URL and document establish the 2020 August election context, but no exact publication day was retained.",application/pdf,,Nashville Voter Guide 2020,,,,,,,,,,,,,,,,,"['762428a34deeb996edaef503-59c264e1aebf', 'cec32abb603ea3e34d6a70b0-59c264e1aebf']",,unknown_day,,"{'source_locator': 'PDF page 13, candidate heading', 'exact_quote': 'ROBIN KIMBROUGH HAYES'}",2020/07 upload path; Nashville Voter Guide 2020 for the August 2020 election,"{'election_year': '2020', 'exact_quote': 'NASHVILLE VOTER GUIDE • 2020', 'source_locator': 'PDF page 13 footer'}",,,,,,,,,,,,,,,,,,,,
hist-a-rec-mark-pickrell-20200503,https://pickrell2020.net/,https://web.archive.org/web/20200503081621id_/https://pickrell2020.net/,,2026-09-23T00:18:52-07:00,second,data/raw/policy_historical_a/recovered/mark-pickrell-platform-20200503.html,2b28c87d7a2173e3f1b9f59772001b314a927ba58234ea6c4a413fe66a5c94cf,98627,used,Pre-primary Wayback capture of the candidate-controlled platform.,text/html,,Mark Pickrell 2020 campaign platform,,,,,9f9b6a0eb37206c115e552d6-2b28c87d7a21,,,,,,,,,,,,['9f9b6a0eb37206c115e552d6-2b28c87d7a21'],,unknown,2020-05-03,,,,,,,,,,,,,,,,,,,,,,,
hist-a-rec-deborah-fisher-20250302,https://www.cornellsun.com/article/2025/03/this-is-a-moment-like-no-other-progressive-deborah-fisher-announces-run-for-common-council,https://www.cornellsun.com/article/2025/03/this-is-a-moment-like-no-other-progressive-deborah-fisher-announces-run-for-common-council,2025-03-02,2026-09-23T00:18:52-07:00,second,data/raw/policy_historical_a/recovered/deborah-fisher-cornell-sun-20250302.html,f28b96fb0a5e6d1c8f58c56a5cd7bc1df5bc3a52b730ed128ccdd3faee8ac624,117682,timing_unverified,"Original publication is March2,2025, but the retained dateline explicitly records a January22,2026 revision after the primary. The candidate's words remain available with version-timing qualification; this is not certified unchanged pre-primary text.",text/html,,'This Is a Moment Like No Other': Progressive Deborah Fisher Announces Run for Common Council,,,,,0fdab6c2904656f477df9df6-f28b96fb0a5e,,,,,,,,,2026-01-22,"{'format': 'html_dateline', 'class_name': 'dateline', 'publication_text': 'Mar 2, 2025 7:00 pm', 'revision_text': '· Updated Jan 22, 2026 3:52 pm'}",,['0fdab6c2904656f477df9df6-f28b96fb0a5e'],,day,,,,,,,,,,,,,,,,,,,,,,,,
hist-a-rec-stefani-zinerman-20260322,https://jimowles.squarespace.com/news/candidate-answers-to-joldc-stefani-l-zinerman-for-ny-assembly-district-56-2026,https://jimowles.squarespace.com/news/candidate-answers-to-joldc-stefani-l-zinerman-for-ny-assembly-district-56-2026,2026-03-22,2026-09-23T00:18:52-07:00,second,data/raw/policy_historical_a/recovered/stefani-zinerman-joldc-20260322.html,ce5090e1d68da9c145e27d99aed0aa7dad9df22e9cbae779e41cf02ab9c18383,124381,used,"Dated candidate-submitted questionnaire. Excerpt uses only the answer, not the prompt.",text/html,,"Candidate Answers to JOLDC: Stefani L. Zinerman for NY Assembly District 56, 2026",,,,,aaacd19a7f7c49fe97819c23-5080991d61dd,,,,,,,,,,,,['aaacd19a7f7c49fe97819c23-5080991d61dd'],,day,,,,,,,,,,,,,,,,,,,,,,,,
hist-a-rec-carlos-vilela-ad-202604,https://view.publitas.com/the-bright-side-community-newspaper/the-bright-side-april-2026/page/12,https://view.publitas.com/55545/2973936/pdfs/80a54aee-b75b-4974-904c-81d4b8e9060d.pdf?response-content-disposition=attachment%3B+filename%2A%3DUTF-8%27%27The%2520Bright%2520Side%2520-%2520The%2520Bright%2520Side%2520April%25202026.pdf,,2026-09-23T00:18:52-07:00,second,data/raw/policy_historical_a/recovered/carlos-vilela-bright-side-april-2026.pdf,74d01f134c10f850709f5de6be225346a7e850717f3b09b30c40fc615d5b2563,20126842,used,Candidate-paid advertisement in an issue labeled April 2026. No day was invented; the issue month and printed May 19 election date establish pre-primary context.,application/pdf,,"The Bright Side, April 2026",,,,,d579839f6e35d5f58c7736ff-74d01f134c10,,,,,,,,,,,,['d579839f6e35d5f58c7736ff-74d01f134c10'],,month,,,April 2026,,2026-04,"{'exact_quote': 'Page 12, APRIL 2026', 'source_locator': 'PDF page 12 header'}",,,,,,,,,,,,,,,,,,
hist-a-rec-carlos-vilela-20260511,https://www.carlosforhouse.com/,https://web.archive.org/web/20260511013624id_/https://www.carlosforhouse.com/,,2026-09-23T00:18:52-07:00,second,data/raw/policy_historical_a/recovered/carlos-vilela-campaign-20260511.html,98a59a3ef2d5fbfa0dcf4d67d2a31aaeeffc96563e887fd77e1b2fe63ed4153b,947564,used,"Pre-primary Wayback capture of the first-party campaign homepage; retained as campaign framing, not a detailed policy mechanism.",text/html,,Carlos Vilela for Georgia House District 42,,,,,8cf858c2d0bcfe1fbd939858-10b2306296dc,,,,,,,,,,,,['8cf858c2d0bcfe1fbd939858-10b2306296dc'],,unknown,2026-05-11,,,,,,,,,,,,,,,,,,,,,,,
hist-a-id-tx-election-history-2018-tx02,https://elections.sos.state.tx.us/elchist324_state.htm,https://elections.sos.state.tx.us/elchist324_state.htm,,2026-09-23T00:18:52-07:00,second,data/raw/policy_historical_a/recovered/identity-texas-election-history-tx02-2018.html,a4f2d6d3dcf85390367fda89ad0d9e33ca35933665659f3461ebcb8fd54218a5,625262,identity_only,Actual retained Texas Secretary of State election-history table. The District 2 row names J. Darnell Jones and the same four other Democratic candidates shown in the March 6 primary report.,text/html,,"Texas election history, U.S. Representative District 2",,,,,,,,,,,,,,,,,,,unknown,,"{'source_locator': 'paragraphs 40-59', 'row_snippets': ['U. S. Representative District 2 -', 'J. Darnell Jones', 'DEM', 'Ali A. Khorasani', 'Todd Litton', 'Silky Malik', 'H. P. Parvizian']}",,,,,,,,,,,,,,,,,,,,,,
hist-a-id-tx-dem-primary-20180306-tx02,https://www.sos.state.tx.us/elections/forms/enrrpts/2018-dem-primary.pdf,https://www.sos.state.tx.us/elections/forms/enrrpts/2018-dem-primary.pdf,,2026-09-23T00:18:52-07:00,second,data/raw/policy_historical_a/recovered/identity-texas-dem-primary-tx02-20180306.pdf,dd5a5141f8844682fbd7b58a3bbcf421d9ad0f8204357b26de4ba92f47bb77c2,180192,identity_only,"Actual retained Texas Secretary of State March 6, 2018 primary report. The District 2 row names Jimmy Jones and the same four other Democratic candidates shown in the election-history table.",application/pdf,,Texas 2018 Democratic Party Primary Election Race Summary Report,,,,,,,,,,,,,,,,,,,unknown,,"{'source_locator': 'PDF page 1, U. S. Representative District 2', 'row_snippets': ['2018 Democratic Party Primary Election March 6, 2018', 'U. S. Representative District 2', 'Jimmy Jones', 'Ali Khorasani', 'Todd Litton', 'Silky Malik', 'Hamid Parvizian']}",,,,,,,,,,,,,,,,,,,,,,
hist-a-id-tn-ballotpedia-2020-senate-table,https://web.archive.org/web/20201004005244id_/https://ballotpedia.org/Marquita_Bradshaw,https://web.archive.org/web/20201004005244id_/https://ballotpedia.org/Marquita_Bradshaw,,2026-09-23T00:18:52-07:00,second,data/raw/policy_historical_a/recovered/identity-tennessee-ballotpedia-senate-2020.html,251db727053fe6d45c4a79d8fdf3b28033adafe8e859f9e2cf2ffe5b4d543cbd,137542,identity_only,"Actual retained secondary election table, not an official result. It identifies Robin Kimbrough in the August 6, 2020 Tennessee U.S. Senate Democratic primary.",text/html,,Marquita Bradshaw - Ballotpedia,,,,,,,,,,,,,,,,,,,unknown,2020-10-04,"{'source_locator': 'paragraphs 73-74 and 82', 'exact_quote': 'Marquita Bradshaw defeated Robin Kimbrough , James Mackler , Gary Davis , and Mark Pickrell in the Democratic primary for U.S. Senate Tennessee on August 6, 2020.'}",,,,,,,,,,,,,,,,,,,,,,
hbr-md39-clint-questionnaire,https://bethesdamagazine.com/2018/02/13/state-delegate-district-39-three-seats,https://bethesdamagazine.com/2018/02/13/state-delegate-district-39-three-seats,2018-02-13,2026-09-23,date_only,data/raw/policy_historical_b/recovered/md39-bethesda-questionnaire-2018.html,f64d3a28de0724004e47bcb6e1d6ac5baa326c3c3fd1289f0df0c90a07da45cb,417988,excluded,"Candidate listing retained, but the questionnaire explicitly says he did not respond to additional questions.",text/html,,,,,,,,,,,,,,,,,,,,,,,,,,,,"{'canonical_race_id': 'race-50548ada602a94d636d7', 'candidate_name': 'Clint Sobratti', 'role': 'opponent', 'election_date': '2018-06-26', 'source_type': 'candidate_questionnaire', 'publication_date': '2018-02-13', 'source_url': 'https://bethesdamagazine.com/2018/02/13/state-delegate-district-39-three-seats', 'archive_url': '', 'original_candidate_only_locators': 'Clint Sobratti candidate block; did not respond to additional questions'}",,,,,,,,,,,,,,,,,
hbr-md39-kirill-questionnaire,https://bethesdamagazine.com/2018/02/13/state-delegate-district-39-three-seats,https://bethesdamagazine.com/2018/02/13/state-delegate-district-39-three-seats,2018-02-13,2026-09-23,date_only,data/raw/policy_historical_b/recovered/md39-bethesda-questionnaire-2018.html,f64d3a28de0724004e47bcb6e1d6ac5baa326c3c3fd1289f0df0c90a07da45cb,417988,used,Dated pre-primary candidate questionnaire answer.,text/html,,,,,,,0ce2979d7a3a10fe562419cf-f64d3a28de07,,,,,,,,,,,,['0ce2979d7a3a10fe562419cf-f64d3a28de07'],,,,,,,,,"{'canonical_race_id': 'race-50548ada602a94d636d7', 'candidate_name': 'Kirill Reznik', 'role': 'opponent', 'election_date': '2018-06-26', 'source_type': 'candidate_questionnaire', 'publication_date': '2018-02-13', 'source_url': 'https://bethesdamagazine.com/2018/02/13/state-delegate-district-39-three-seats', 'archive_url': '', 'original_candidate_only_locators': 'Kirill Reznik candidate block, question 2 healthcare answer'}",,,,,,,,,,,,,,,,,
hbr-md39-lesley-questionnaire,https://bethesdamagazine.com/2018/02/13/state-delegate-district-39-three-seats,https://bethesdamagazine.com/2018/02/13/state-delegate-district-39-three-seats,2018-02-13,2026-09-23,date_only,data/raw/policy_historical_b/recovered/md39-bethesda-questionnaire-2018.html,f64d3a28de0724004e47bcb6e1d6ac5baa326c3c3fd1289f0df0c90a07da45cb,417988,used,Dated pre-primary candidate questionnaire answer.,text/html,,,,,,,ea9b0da39d6a56f2e8eb5da2-f64d3a28de07,,,,,,,,,,,,['ea9b0da39d6a56f2e8eb5da2-f64d3a28de07'],,,,,,,,,"{'canonical_race_id': 'race-50548ada602a94d636d7', 'candidate_name': 'Lesley J. Lopez', 'role': 'opponent', 'election_date': '2018-06-26', 'source_type': 'candidate_questionnaire', 'publication_date': '2018-02-13', 'source_url': 'https://bethesdamagazine.com/2018/02/13/state-delegate-district-39-three-seats', 'archive_url': '', 'original_candidate_only_locators': 'Lesley J. Lopez candidate block, question 2 transportation answer'}",,,,,,,,,,,,,,,,,
hbr-md39-shane-questionnaire,https://bethesdamagazine.com/2018/02/13/state-delegate-district-39-three-seats,https://bethesdamagazine.com/2018/02/13/state-delegate-district-39-three-seats,2018-02-13,2026-09-23,date_only,data/raw/policy_historical_b/recovered/md39-bethesda-questionnaire-2018.html,f64d3a28de0724004e47bcb6e1d6ac5baa326c3c3fd1289f0df0c90a07da45cb,417988,used,Dated pre-primary candidate questionnaire answer.,text/html,,,,,,,772d1fadee92fa0e72ab70aa-f64d3a28de07,,,,,,,,,,,,['772d1fadee92fa0e72ab70aa-f64d3a28de07'],,,,,,,,,"{'canonical_race_id': 'race-50548ada602a94d636d7', 'candidate_name': 'Shane Robinson', 'role': 'opponent', 'election_date': '2018-06-26', 'source_type': 'candidate_questionnaire', 'publication_date': '2018-02-13', 'source_url': 'https://bethesdamagazine.com/2018/02/13/state-delegate-district-39-three-seats', 'archive_url': '', 'original_candidate_only_locators': 'Shane Robinson candidate block, question 2 climate answer'}",,,,,,,,,,,,,,,,,
hbr-or03-barnett-lwv,https://lwvpdx.org/wp-content/uploads/2020/04/2020-OR-English-FINAL.pdf,https://lwvpdx.org/wp-content/uploads/2020/04/2020-OR-English-FINAL.pdf,,2026-09-23,date_only,data/raw/policy_historical_b/recovered/oregon-lwv-voter-guide-2020.pdf,3f86f3a8a711ddf9b6ff25d0784c2db0e4881d6726f8b724e86da00e1110a8e7,3085109,timing_unverified,"The April 2020 League voter guide preserves Barnett’s candidate-submitted answers, but no exact publication day is asserted. Qualified historical questionnaire context.",application/pdf,,,,,,,ac9f350916cd296b94e57a36-3f86f3a8a711,,,,,,,,,,,,['ac9f350916cd296b94e57a36-3f86f3a8a711'],,,,,,"{'election_year': '2020', 'exact_quote': 'PRIMARY ELECTION may 19, 2020', 'source_locator': 'PDF cover, page 1'}",,,"{'canonical_race_id': 'race-98a94ea45af952a751bc', 'candidate_name': 'Charles Rand Barnett', 'role': 'opponent', 'election_date': '2020-05-19', 'source_type': 'historical_voter_guide_questionnaire', 'publication_date': None, 'source_url': 'https://lwvpdx.org/wp-content/uploads/2020/04/2020-OR-English-FINAL.pdf', 'archive_url': '', 'original_candidate_only_locators': 'Oregon U.S. Representative District 3 Democratic candidate section, climate-action response'}",,,,,,,,,,,,,,,,,
hbr-or03-davis-lwv,https://lwvpdx.org/wp-content/uploads/2020/04/2020-OR-English-FINAL.pdf,https://lwvpdx.org/wp-content/uploads/2020/04/2020-OR-English-FINAL.pdf,,2026-09-23,date_only,data/raw/policy_historical_b/recovered/oregon-lwv-voter-guide-2020.pdf,3f86f3a8a711ddf9b6ff25d0784c2db0e4881d6726f8b724e86da00e1110a8e7,3085109,excluded,The guide explicitly states that Davis did not respond by the deadline.,application/pdf,,,,,,,,,,,,,,,,,,,,,,,,,"{'election_year': '2020', 'exact_quote': 'PRIMARY ELECTION may 19, 2020', 'source_locator': 'PDF cover, page 1'}",,,"{'canonical_race_id': 'race-98a94ea45af952a751bc', 'candidate_name': 'Matthew S Davis', 'role': 'opponent', 'election_date': '2020-05-19', 'source_type': 'historical_voter_guide_nonresponse', 'publication_date': None, 'source_url': 'https://lwvpdx.org/wp-content/uploads/2020/04/2020-OR-English-FINAL.pdf', 'archive_url': '', 'original_candidate_only_locators': 'Oregon U.S. Representative District 3 Democratic candidate section'}",,,,,,,,,,,,,,,,,
hbr-erie-chuck-egn,https://www.eriegaynews.com/printedition/pdfs/EGN202105.pdf,https://www.eriegaynews.com/printedition/pdfs/EGN202105.pdf,,2026-09-23,date_only,data/raw/policy_historical_b/recovered/erie-gay-news-voter-guide-2021-05.pdf,6565ca6cc176c0913f4398ab20694b62327815424550c789703702d5b001fc48,25643058,timing_unverified,May 2021 primary voter-guide response; exact publication day is not fabricated. Qualified historical questionnaire context.,application/pdf,,,,,,,2232867d19ac6b019985c33b-6565ca6cc176,,,,,,,,,,,,['2232867d19ac6b019985c33b-6565ca6cc176'],,,,,,"{'election_year': '2021', 'exact_quote': 'May 2021 – Issue 306', 'source_locator': 'PDF cover, page 1'}",,,"{'canonical_race_id': 'race-8d1e88972b7232ea26d0', 'candidate_name': 'Chuck Nelson', 'role': 'opponent', 'election_date': '2021-05-18', 'source_type': 'historical_candidate_questionnaire', 'publication_date': None, 'source_url': 'https://www.eriegaynews.com/printedition/pdfs/EGN202105.pdf', 'archive_url': '', 'original_candidate_only_locators': 'PDF page 27, Chuck Nelson domestic-partner-benefits response'}",,,,,,,,,,,,,,,,,
hbr-erie-cory-egn,https://www.eriegaynews.com/printedition/pdfs/EGN202105.pdf,https://www.eriegaynews.com/printedition/pdfs/EGN202105.pdf,,2026-09-23,date_only,data/raw/policy_historical_b/recovered/erie-gay-news-voter-guide-2021-05.pdf,6565ca6cc176c0913f4398ab20694b62327815424550c789703702d5b001fc48,25643058,timing_unverified,May 2021 primary voter-guide response; exact publication day is not fabricated. Qualified historical questionnaire context.,application/pdf,,,,,,,6205ef5f1b99269e9dccf131-6565ca6cc176,,,,,,,,,,,,['6205ef5f1b99269e9dccf131-6565ca6cc176'],,,,,,"{'election_year': '2021', 'exact_quote': 'May 2021 – Issue 306', 'source_locator': 'PDF cover, page 1'}",,,"{'canonical_race_id': 'race-8d1e88972b7232ea26d0', 'candidate_name': 'Cory Diloreto', 'role': 'opponent', 'election_date': '2021-05-18', 'source_type': 'historical_candidate_questionnaire', 'publication_date': None, 'source_url': 'https://www.eriegaynews.com/printedition/pdfs/EGN202105.pdf', 'archive_url': '', 'original_candidate_only_locators': 'PDF page 27, Cory Diloreto domestic-partner-benefits response'}",,,,,,,,,,,,,,,,,
hbr-erie-jasmine-egn,https://www.eriegaynews.com/printedition/pdfs/EGN202105.pdf,https://www.eriegaynews.com/printedition/pdfs/EGN202105.pdf,,2026-09-23,date_only,data/raw/policy_historical_b/recovered/erie-gay-news-voter-guide-2021-05.pdf,6565ca6cc176c0913f4398ab20694b62327815424550c789703702d5b001fc48,25643058,timing_unverified,May 2021 primary voter-guide response; exact publication day is not fabricated. Qualified historical questionnaire context.,application/pdf,,,,,,,8b1a857f6144ce646d6ff6c8-6565ca6cc176,,,,,,,,,,,,['8b1a857f6144ce646d6ff6c8-6565ca6cc176'],,,,,,"{'election_year': '2021', 'exact_quote': 'May 2021 – Issue 306', 'source_locator': 'PDF cover, page 1'}",,,"{'canonical_race_id': 'race-8d1e88972b7232ea26d0', 'candidate_name': 'Jasmine Flores', 'role': 'opponent', 'election_date': '2021-05-18', 'source_type': 'historical_candidate_questionnaire', 'publication_date': None, 'source_url': 'https://www.eriegaynews.com/printedition/pdfs/EGN202105.pdf', 'archive_url': '', 'original_candidate_only_locators': 'PDF page 27, Jasmine Flores HRC Municipal Equality Index response'}",,,,,,,,,,,,,,,,,
hbr-erie-kendrick-egn,https://www.eriegaynews.com/printedition/pdfs/EGN202105.pdf,https://www.eriegaynews.com/printedition/pdfs/EGN202105.pdf,,2026-09-23,date_only,data/raw/policy_historical_b/recovered/erie-gay-news-voter-guide-2021-05.pdf,6565ca6cc176c0913f4398ab20694b62327815424550c789703702d5b001fc48,25643058,timing_unverified,May 2021 primary voter-guide response; exact publication day is not fabricated. Qualified historical questionnaire context.,application/pdf,,,,,,,2a40e5b641f51738f58229ab-6565ca6cc176,,,,,,,,,,,,['2a40e5b641f51738f58229ab-6565ca6cc176'],,,,,,"{'election_year': '2021', 'exact_quote': 'May 2021 – Issue 306', 'source_locator': 'PDF cover, page 1'}",,,"{'canonical_race_id': 'race-8d1e88972b7232ea26d0', 'candidate_name': 'Kendrick Tate', 'role': 'opponent', 'election_date': '2021-05-18', 'source_type': 'historical_candidate_questionnaire', 'publication_date': None, 'source_url': 'https://www.eriegaynews.com/printedition/pdfs/EGN202105.pdf', 'archive_url': '', 'original_candidate_only_locators': 'PDF page 27, Kendrick Tate domestic-partner-benefits response'}",,,,,,,,,,,,,,,,,
hbr-erie-marcus-egn,https://www.eriegaynews.com/printedition/pdfs/EGN202105.pdf,https://www.eriegaynews.com/printedition/pdfs/EGN202105.pdf,,2026-09-23,date_only,data/raw/policy_historical_b/recovered/erie-gay-news-voter-guide-2021-05.pdf,6565ca6cc176c0913f4398ab20694b62327815424550c789703702d5b001fc48,25643058,excluded,The voter guide explicitly lists Marcus P. Yuille under Not Responding.,application/pdf,,,,,,,,,,,,,,,,,,,,,,,,,"{'election_year': '2021', 'exact_quote': 'May 2021 – Issue 306', 'source_locator': 'PDF cover, page 1'}",,,"{'canonical_race_id': 'race-8d1e88972b7232ea26d0', 'candidate_name': 'Marcus P. Yuille', 'role': 'opponent', 'election_date': '2021-05-18', 'source_type': 'historical_questionnaire_nonresponse', 'publication_date': None, 'source_url': 'https://www.eriegaynews.com/printedition/pdfs/EGN202105.pdf', 'archive_url': '', 'original_candidate_only_locators': 'PDF page 27, Not Responding list'}",,,,,,,,,,,,,,,,,
hbr-idgov-torrez-kivitv,https://www.kivitv.com/news/political/elections/idaho-governor-candidate-q-a-may-primary-election,https://www.kivitv.com/news/political/elections/idaho-governor-candidate-q-a-may-primary-election,,2026-09-23,date_only,data/raw/policy_historical_b/recovered/chanelle-torrez-kivitv-2026.html,d090fce940e6bfc7a1b36e35a74cd13dfbe8b724091aca4bb0886b887f0ae5e7,160366,excluded,The election questionnaire repeatedly records “Did not respond” and notes no active campaign website.,text/html,,,,,,,,,,,,,,,,,,,,,,,,,,,,"{'canonical_race_id': 'race-74050d04f83c96e831f1', 'candidate_name': 'Chanelle Torrez', 'role': 'opponent', 'election_date': '2026-05-19', 'source_type': 'candidate_questionnaire_nonresponse', 'publication_date': None, 'source_url': 'https://www.kivitv.com/news/political/elections/idaho-governor-candidate-q-a-may-primary-election', 'archive_url': '', 'original_candidate_only_locators': 'Chanelle Torrez sections under each questionnaire question'}",,,,,,,,,,,,,,,,,
hbr-idgov-torrez-idahocapitalsun-blocked,https://idahocapitalsun.com/voter-guides/contests/idaho-democratic-governor-primary-election-race/,https://idahocapitalsun.com/voter-guides/contests/idaho-democratic-governor-primary-election-race/,,2026-09-23,date_only,data/raw/policy_historical_b/recovered/chanelle-torrez-idaho-capital-sun-2026.html,b33c5f386d6e09a968ad1e5dd813aaa22b1bdd423e950fc826ae1e05098c7e24,5662,excluded,Final body is a JavaScript/cookie challenge and contains no candidate policy text.,text/html,,,,,,,,,,,,,,,,,,,,,,,,,,,,"{'canonical_race_id': 'race-74050d04f83c96e831f1', 'candidate_name': 'Chanelle Torrez', 'role': 'opponent', 'election_date': '2026-05-19', 'source_type': 'blocked_candidate_guide', 'publication_date': None, 'source_url': 'https://idahocapitalsun.com/voter-guides/contests/idaho-democratic-governor-primary-election-race/', 'archive_url': '', 'original_candidate_only_locators': 'Blocked response body'}",,,,,,,,,,,,,,,,,
hbr-ny36-coenen-cb1-minutes,https://www.nyc.gov/assets/queenscb1/downloads/pdf/2026/2026-FB-Minutes-April-21.pdf,https://www.nyc.gov/assets/queenscb1/downloads/pdf/2026/2026-FB-Minutes-April-21.pdf,2025-04-21,2026-09-23,date_only,data/raw/policy_historical_b/recovered/kevin-coenen-queens-cb1-2026-04-21.pdf,a3526f218e8e95db2b11bd691799e60c862c7dd0499c7765509231f05c77c7f6,443501,excluded,"The URL is filed under 2026, but the body is dated April 21, 2025. The minutes summarize rather than quote his tax comments, so they are retained only as a rejected route and date discrepancy.",application/pdf,,,,,,,,,,,,,,,,,,,,,,,,,,,,"{'canonical_race_id': 'race-9172cee3bc57bf96a6c8', 'candidate_name': 'Kevin Coenen', 'role': 'opponent', 'election_date': '2026-06-23', 'source_type': 'official_public_meeting_minutes', 'publication_date': '2025-04-21', 'source_url': 'https://www.nyc.gov/assets/queenscb1/downloads/pdf/2026/2026-FB-Minutes-April-21.pdf', 'archive_url': '', 'original_candidate_only_locators': 'Community Board 1 Queens minutes, Kevin Coenen public-comment summary'}",,,,,,,,,,,,,,,,,
hbr-pg9-eleanor-pgproud-mismatch,https://pgproudmag.com/2026/04/22/candidate-qa-8-questions-with-eleanor-a-washington/,https://pgproudmag.com/2026/04/22/candidate-qa-8-questions-with-eleanor-a-washington/,2026-04-22,2026-09-23,date_only,data/raw/policy_historical_b/recovered/eleanor-washington-pgproud-2026-04-22.html,8e28f3c2e64ccab2566723f80a4bc1e97b84242283d5d6861a922a21d90850c0,158105,excluded,"Internal identity mismatch lacks retained alias proof, so no statement is attributed to the canonical candidate.",text/html,,,,,,,,,,,,,,,,,,,,,,,,,,,,"{'canonical_race_id': 'race-a4cb4c786c15bc1f06d5', 'candidate_name': 'Eleanor A. Washington', 'role': 'opponent', 'election_date': '2026-06-23', 'source_type': 'candidate_questionnaire_identity_mismatch', 'publication_date': '2026-04-22', 'source_url': 'https://pgproudmag.com/2026/04/22/candidate-qa-8-questions-with-eleanor-a-washington/', 'archive_url': '', 'original_candidate_only_locators': 'Page title says Eleanor A. Washington; body repeatedly identifies Eleanor A. Walker'}",,,,,,,,,,,,,,,,,
hbr-pg9-kim-banner-nonresponse,https://www.thebanner.com/voter-guide/2026/prince-georges-county/prince-georges-county-council-district-9-VYWMD7QIRVAYTAXBDJ2FDKEIOM/,https://www.thebanner.com/voter-guide/2026/prince-georges-county/prince-georges-county-council-district-9-VYWMD7QIRVAYTAXBDJ2FDKEIOM/,2026-05-18,2026-09-23,date_only,data/raw/policy_historical_b/recovered/kim-carter-banner-2026-05-18.html,a1977273ea7c6e8b9b47a371d872275a48a8db145a8b985d615bcdfdf0c2e50a,742467,excluded,The dated voter guide explicitly records that the candidate did not respond.,text/html,,,,,,,,,,,,,,,,,,,,,,,,,,,,"{'canonical_race_id': 'race-a4cb4c786c15bc1f06d5', 'candidate_name': 'Kim Carter', 'role': 'opponent', 'election_date': '2026-06-23', 'source_type': 'candidate_questionnaire_nonresponse', 'publication_date': '2026-05-18', 'source_url': 'https://www.thebanner.com/voter-guide/2026/prince-georges-county/prince-georges-county-council-district-9-VYWMD7QIRVAYTAXBDJ2FDKEIOM/', 'archive_url': '', 'original_candidate_only_locators': 'Kim Carter: Candidate did not respond'}",,,,,,,,,,,,,,,,,
hbr-pg9-jerome-banner-nonresponse,https://www.thebanner.com/voter-guide/2026/prince-georges-county/prince-georges-county-council-district-9-VYWMD7QIRVAYTAXBDJ2FDKEIOM/,https://www.thebanner.com/voter-guide/2026/prince-georges-county/prince-georges-county-council-district-9-VYWMD7QIRVAYTAXBDJ2FDKEIOM/,2026-05-18,2026-09-23,date_only,data/raw/policy_historical_b/recovered/kim-carter-banner-2026-05-18.html,a1977273ea7c6e8b9b47a371d872275a48a8db145a8b985d615bcdfdf0c2e50a,742467,excluded,The dated voter guide explicitly records that the candidate did not respond.,text/html,,,,,,,,,,,,,,,,,,,,,,,,,,,,"{'canonical_race_id': 'race-a4cb4c786c15bc1f06d5', 'candidate_name': 'Jerome Lattisaw', 'role': 'opponent', 'election_date': '2026-06-23', 'source_type': 'candidate_questionnaire_nonresponse', 'publication_date': '2026-05-18', 'source_url': 'https://www.thebanner.com/voter-guide/2026/prince-georges-county/prince-georges-county-council-district-9-VYWMD7QIRVAYTAXBDJ2FDKEIOM/', 'archive_url': '', 'original_candidate_only_locators': 'Jerome Lattisaw: Candidate did not respond'}",,,,,,,,,,,,,,,,,
hbr-pg9-sequan-campaign,https://friendsofsequanswint.com/,https://friendsofsequanswint.com/,,2026-09-23,date_only,data/raw/policy_historical_b/recovered/sequan-swint-campaign-current.html,9ae424a7f64aa4eb37ecaf88eaf82030af18b4bb841545fb662f00d2569d007a,47074,timing_unverified,"Candidate-owned platform recovered, but the current page is undated and no pre-primary version was established.",text/html,,,,,,,5caa9cc1fa8397de2cfac4aa-496d3c335e03,,,,,,,,,,,,['5caa9cc1fa8397de2cfac4aa-496d3c335e03'],,,,,,,,,"{'canonical_race_id': 'race-a4cb4c786c15bc1f06d5', 'candidate_name': 'Sequan Swint', 'role': 'opponent', 'election_date': '2026-06-23', 'source_type': 'candidate_campaign_platform', 'publication_date': None, 'source_url': 'https://friendsofsequanswint.com/', 'archive_url': '', 'original_candidate_only_locators': 'The Four Pillars > Infrastructure Accountability'}",,,,,,,,,,,,,,,,,
hist-pres-source-sanders2016,https://web.archive.org/web/20160106120158id_/https://berniesanders.com/issues/,https://web.archive.org/web/20160106120158id_/https://berniesanders.com/issues/,,2026-08-21T01:50:42.040898+00:00,,data/raw/policy_historical_presidential/sanders2016-3db59d908e7bc457f8c27f8093b27ab408b8e4c1c48a3c7ab97186bdf8ee6962.html,3db59d908e7bc457f8c27f8093b27ab408b8e4c1c48a3c7ab97186bdf8ee6962,23182,used,"Original timing screening is superseded by a source-date correction. The stored day is the actual Wayback capture, not a verified original publication day. Preserve the pre-primary replay as availability evidence without calling it publication. Original review note: National campaign platforms reviewed once in their 2016 or 2020 New Hampshire primary context. These are not independent state-specific campaign texts, and are not multiplied across state primaries to inflate case counts. Original candidate-source association retained.",text/html,,,,,,,37d889f9d5e21db48c12fe2f,,,,,,2016-01-06,data/manual/candidate_source_date_corrections.json,,,,,,,,,,,,,,,,,,,,,,,,,,,,,,,
hist-pres-source-clinton2016,https://web.archive.org/web/20160108174029id_/https://www.hillaryclinton.com/issues/,https://web.archive.org/web/20160108174029id_/https://www.hillaryclinton.com/issues/,,2026-08-21T01:50:35.552031+00:00,,data/raw/policy_historical_presidential/clinton2016-9109de3119f88de3f68d7dbef25ff609dcfea853fa1cfe72ca1376a570b12ab4.html,39839b1e2c5180937f2c6b240bc7dad7a93543dc9bd29e44e824854fcdcfb82b,62182,used,"Original timing screening is superseded by a source-date correction. The stored date is the retained capture, not a supported original publication date. This correction preserves pre-primary availability and does not erase the candidate's statements. Original review note: National campaign platforms reviewed once in their 2016 or 2020 New Hampshire primary context. These are not independent state-specific campaign texts, and are not multiplied across state primaries to inflate case counts. Original candidate-source association retained.",text/html,,,,,,,ec82801b17eefdcc9869ad0b,,,,,,2016-01-08,data/manual/candidate_source_date_corrections.json,,,,,,,,,,,,,,,,,,,,,,,,,,,,,,,
hist-pres-source-omalley2016,https://web.archive.org/web/20150815141242id_/https://martinomalley.com/15-goals/,https://web.archive.org/web/20150815141242id_/https://martinomalley.com/15-goals/,,2026-08-21T02:28:01.078436+00:00,,data/raw/policy_historical_presidential/omalley2016-0c341dc5d18d15d6a74eb0934cee9dffa1543d8dd6edf6a8df5b07cc406b97e3.html,0c341dc5d18d15d6a74eb0934cee9dffa1543d8dd6edf6a8df5b07cc406b97e3,56924,used,"Original timing screening is superseded by a source-date correction. The2015 snapshot supports the2016 campaign window, but its capture day is not a verified publication day. Keep these two dates conceptually separate. Original review note: National campaign platforms reviewed once in their 2016 or 2020 New Hampshire primary context. These are not independent state-specific campaign texts, and are not multiplied across state primaries to inflate case counts. Original candidate-source association retained.",text/html,,,,,,,6736fb3c7bf5bf0baa8d32a1,,,,,,2015-08-15,data/manual/candidate_source_date_corrections.json,,,,,,,,,,,,,,,,,,,,,,,,,,,,,,,
hist-pres-source-sanders2020,https://web.archive.org/web/20200105220028id_/https://berniesanders.com/issues/,https://web.archive.org/web/20200105220028id_/https://berniesanders.com/issues/,,2026-08-21T01:50:48.939529+00:00,,data/raw/policy_historical_presidential/sanders2020-d9fc63d68b43a1e19ecd2fa6f6b3e8288d44f21f98ae52859d0d8965518e5f1a.html,d9fc63d68b43a1e19ecd2fa6f6b3e8288d44f21f98ae52859d0d8965518e5f1a,66700,used,"Original timing screening is superseded by a source-date correction. January5 is the actual archive-capture day. Original publication is not established by the retained page; the real capture still establishes pre-primary availability. Original review note: National campaign platforms reviewed once in their 2016 or 2020 New Hampshire primary context. These are not independent state-specific campaign texts, and are not multiplied across state primaries to inflate case counts. Original candidate-source association retained.",text/html,,,,,,,b1092dbc6977f2e591f1d242,,,,,,2020-01-05,data/manual/candidate_source_date_corrections.json,,,,,,,,,,,,,,,,,,,,,,,,,,,,,,,
hist-pres-source-klobuchar2020,https://web.archive.org/web/20191109194626id_/https://amyklobuchar.com/issues/,https://web.archive.org/web/20191109194626id_/https://amyklobuchar.com/issues/,2019-09-12,2026-08-21T02:29:38.518593+00:00,,data/raw/policy_historical_presidential/klobuchar2020-ef4497dd6f9d98301e787005c1d24c07cc5167974f3f6ed453d02f93a124b89b.html,ef4497dd6f9d98301e787005c1d24c07cc5167974f3f6ed453d02f93a124b89b,86362,used,"Original timing screening is superseded by a source-date correction. Page-specific retained WebPage JSON-LD gives September12,2019 for publication and modification. November9 is the separate archive-capture date. Original review note: National campaign platforms reviewed once in their 2016 or 2020 New Hampshire primary context. These are not independent state-specific campaign texts, and are not multiplied across state primaries to inflate case counts. Original candidate-source association retained.",text/html,,,,,,,6f9940531d5b75a7728986b5,,,,,,2019-11-09,data/manual/candidate_source_date_corrections.json,,2019-09-12,"{'format': 'json_ld', 'node_id': 'https://amyklobuchar.com/issues/#webpage'}",,,,,,,,,,,,,,,,,,,,,,,,,,,,
hist-pres-source-warren2020,https://web.archive.org/web/20190912194647id_/https://elizabethwarren.com/plans,https://web.archive.org/web/20190912194647id_/https://elizabethwarren.com/plans,,2026-08-21T02:28:24.513168+00:00,,data/raw/policy_historical_presidential/warren2020-ffc4c5000fc25aada3205c28115f0f64adfb12e8df71f3d1d62cafd562443de7.html,332cbf46fb08c38dae1bc99db534f79946f1882c8eef7dd69a33b6fa8987d124,1771329,used,"Original timing screening is superseded by a source-date correction. The stored value is the archive day, not a retained publication dateline. Preserve publication uncertainty and the actual pre-primary replay. Original review note: National campaign platforms reviewed once in their 2016 or 2020 New Hampshire primary context. These are not independent state-specific campaign texts, and are not multiplied across state primaries to inflate case counts. Original candidate-source association retained.",text/html,,,,,,,f3d514b5e853851d9c3ca72c,,,,,,2019-09-12,data/manual/candidate_source_date_corrections.json,,,,,,,,,,,,,,,,,,,,,,,,,,,,,,,
hist-pres-source-buttigieg2020,https://web.archive.org/web/20190516210435id_/https://peteforamerica.com/issues/,https://web.archive.org/web/20190516210435id_/https://peteforamerica.com/issues/,,2026-08-21T02:29:17.585315+00:00,,data/raw/policy_historical_presidential/buttigieg2020-c0c4c930d402ab8f31e969ea78499e702c0755bfccdca8fecad903f71af9df0f.html,c0c4c930d402ab8f31e969ea78499e702c0755bfccdca8fecad903f71af9df0f,178921,used,"Original timing screening is superseded by a source-date correction. The retained campaign source has no established original publication day; May16 is its archive capture. Availability remains pre-primary. Original review note: National campaign platforms reviewed once in their 2016 or 2020 New Hampshire primary context. These are not independent state-specific campaign texts, and are not multiplied across state primaries to inflate case counts. Original candidate-source association retained.",text/html,,,,,,,f99215806c31e27562455150,,,,,,2019-05-16,data/manual/candidate_source_date_corrections.json,,,,,,,,,,,,,,,,,,,,,,,,,,,,,,,
hist-pres-source-gabbard2020,https://web.archive.org/web/20191121150006id_/https://www.tulsi2020.com/issues,https://web.archive.org/web/20191121150006id_/https://www.tulsi2020.com/issues,,2026-08-21T02:28:50.365358+00:00,,data/raw/policy_historical_presidential/gabbard2020-162e68e19c1544133047c56304c99385a12195ca84c2478f2a26f8f15ff13909.html,162e68e19c1544133047c56304c99385a12195ca84c2478f2a26f8f15ff13909,120102,used,"Original timing screening is superseded by a source-date correction. November21 is the retained replay timestamp, not a verified source-publication date. Keep the genuine availability bound and source text. Original review note: National campaign platforms reviewed once in their 2016 or 2020 New Hampshire primary context. These are not independent state-specific campaign texts, and are not multiplied across state primaries to inflate case counts. Original candidate-source association retained.",text/html,,,,,,,284cbec58fa3626ec1d46024,,,,,,2019-11-21,data/manual/candidate_source_date_corrections.json,,,,,,,,,,,,,,,,,,,,,,,,,,,,,,,
hist-pres-source-booker2020,https://web.archive.org/web/20190717082937id_/https://corybooker.com/issues/,https://web.archive.org/web/20190717082937id_/https://corybooker.com/issues/,,2026-08-21T02:31:48.928745+00:00,,data/raw/policy_historical_presidential/booker2020-b70b1c1de5bab17c2e1c86ba6f02608bc8048af86634e3522f503684dde57785.html,b70b1c1de5bab17c2e1c86ba6f02608bc8048af86634e3522f503684dde57785,23348,used,"Original timing screening is superseded by a source-date correction. The original publication day was not established; the legacy field copied the actual capture day. This correction does not invalidate the retained pre-primary text. Original review note: National campaign platforms reviewed once in their 2016 or 2020 New Hampshire primary context. These are not independent state-specific campaign texts, and are not multiplied across state primaries to inflate case counts. Original candidate-source association retained.",text/html,,,,,,,a1083ea1ac8a30f7c59f5a5d,,,,,,2019-07-17,data/manual/candidate_source_date_corrections.json,,,,,,,,,,,,,,,,,,,,,,,,,,,,,,,
hist-pres-source-delaney2020,https://web.archive.org/web/20190216203734id_/https://www.johndelaney.com/issues/,https://web.archive.org/web/20190216203734id_/https://www.johndelaney.com/issues/,,2026-08-21T02:32:41.804480+00:00,,data/raw/policy_historical_presidential/delaney2020-daa3af9a2d721cd5fe9c5c60484a221ed11857c2d87d6f06eb51262d6c255b8c.html,daa3af9a2d721cd5fe9c5c60484a221ed11857c2d87d6f06eb51262d6c255b8c,33131,used,"Original timing screening is superseded by a source-date correction. February16 is the archive capture, not a verified first publication. The snapshot remains valid pre-primary evidence. Original review note: National campaign platforms reviewed once in their 2016 or 2020 New Hampshire primary context. These are not independent state-specific campaign texts, and are not multiplied across state primaries to inflate case counts. Original candidate-source association retained.",text/html,,,,,,,bb5c30c5e222bf88458ccd47,,,,,,2019-02-16,data/manual/candidate_source_date_corrections.json,,,,,,,,,,,,,,,,,,,,,,,,,,,,,,,
hist-pres-source-castro2020,https://web.archive.org/web/20191002061517id_/https://issues.juliancastro.com/,https://web.archive.org/web/20191002061517id_/https://issues.juliancastro.com/,2019-05-24,2026-08-21T02:32:13.112733+00:00,,data/raw/policy_historical_presidential/castro2020-40008b3b343f8c81e52956c9c67b5e0afb009f58e1ed2defcd551c39ba6526d2.html,40008b3b343f8c81e52956c9c67b5e0afb009f58e1ed2defcd551c39ba6526d2,74148,used,"Original timing screening is superseded by a source-date correction. The page-specific retained JSON-LD records May24 publication and September27 modification. October2 is only the archive-capture date; known revisions are not backdated to original publication. Original review note: National campaign platforms reviewed once in their 2016 or 2020 New Hampshire primary context. These are not independent state-specific campaign texts, and are not multiplied across state primaries to inflate case counts. Original candidate-source association retained.",text/html,,,,,,,cb7f54b350b7840a0372851a,,,,,,2019-10-02,data/manual/candidate_source_date_corrections.json,,2019-09-27,"{'format': 'json_ld', 'node_id': 'https://issues.juliancastro.com/#webpage'}",,,,,,,,,,,,,,,,,,,,,,,,,,,,
hist-pres-biden-healthcare-2020,https://web.archive.org/web/20200201223302id_/https://joebiden.com/healthcare/,https://web.archive.org/web/20200201223302id_/https://joebiden.com/healthcare/,,2026-09-23T07:14:44.075320+00:00,,data/raw/policy_historical_presidential/hist-pres-biden-healthcare-2020/6758f9f9186fd345d5ba13fa9b5fae708f6530515688871f05d0d2a4b20c3ee6.html,1140f56b6556a7cde70af96f839cdd2e6981c75a774f2e574ae2e2786111b1b2,56133,used,Full first-party Biden healthcare platform captured before the 2020 New Hampshire primary. Original publication date unknown; archive date is distinct.,text/html,,,,,,,1c2421b78cd46391320e1fb9-6758f9f9186f,,,,,,,,,,,,['1c2421b78cd46391320e1fb9-6758f9f9186f'],,,,,,,,,,,,,,,,,,,,,,,,,,
039d3e05f3d7b5729001a71d,https://caribbeanpac.org/documents/2026-candidates/md-candidates-2026/prince-georges/MD%20PG%20Council%205%20Adams%20Shayla.pdf?usp=drive_link,https://caribbeanpac.org/documents/2026-candidates/md-candidates-2026/prince-georges/MD%20PG%20Council%205%20Adams%20Shayla.pdf?usp=drive_link,,2026-08-19T23:43:17.444718+00:00,,data/raw/policy_historical_c/cached/039d3e05f3d7b5729001a71d-05e1fc46f386ab69.pdf,05e1fc46f386ab69489a95088119519b0809e79cce21b34c185b65a348e14787,1357787,timing_unverified,Seeded from legacy quotation-source inventory; collect full document text for audit coverage. | Seeded from existing candidate corpus URL,application/pdf,,,,,,,039d3e05f3d7b5729001a71d,,,,,,,,,,,,,,,,,,,,,,,,,,,,,,,,,,,,,,
054f97db0bc87a5392793f88,https://web.archive.org/web/20220806221750/https://omarfateh.org/healthcare.html,https://web.archive.org/web/20220806221750/https://omarfateh.org/healthcare.html,,2026-08-21T00:10:27.987206+00:00,,data/raw/policy_historical_c/cached/054f97db0bc87a5392793f88-743951ec4a7bb39e.html,743951ec4a7bb39ea0407e2eec10f8a43af0bff6916a96c61a05330a08c80c95,15956,used,Seeded from legacy quotation-source inventory; collect full document text for audit coverage. | Seeded from existing candidate corpus URL,text/html,,Healthcare,,,,,054f97db0bc87a5392793f88,,,,,,,,,,,,,,,,,,,,,,,,,,,,,,,,,,,,,,
0791022b6feb85cf60f45f6a,https://www.latinomontgomerydems.org/wp-content/uploads/2018/03/Elrich-Questionnaire-2.23.pdf,https://www.latinomontgomerydems.org/wp-content/uploads/2018/03/Elrich-Questionnaire-2.23.pdf,2018-03-18,2026-08-21T03:40:44.397491+00:00,,data/raw/policy_historical_c/cached/0791022b6feb85cf60f45f6a-2a0274dc15a80e65.pdf,2a0274dc15a80e658d4767f98b362e1dde83b19dc15ca8cc07a29dca52c57d2e,258356,used,Seeded from legacy quotation-source inventory; collect full document text for audit coverage. | Seeded from existing candidate corpus URL,application/pdf,,2018 LDC Questionnaire.pdf,,,,,0791022b6feb85cf60f45f6a,,,,,,,,,,,,,,,,,,,,,,,,,,,,,,,,,,,,,,
121d172d0bc6e1f73d707acc,https://web.archive.org/web/20210608001624id_/https://thetenant.org/michael-hollingsworth/,https://web.archive.org/web/20210608001624id_/https://thetenant.org/michael-hollingsworth/,,2026-08-21T01:41:45.949270+00:00,,data/raw/policy_historical_c/cached/121d172d0bc6e1f73d707acc-b83ea7e903ca26d7.html,b83ea7e903ca26d7112439a5581ade456e518d69febb49d1463cbcab4b303946,12763,used,Seeded from legacy quotation-source inventory; collect full document text for audit coverage. | Seeded from existing candidate corpus URL,text/html,,Michael Hollingsworth - The Tenant,,,,,121d172d0bc6e1f73d707acc,,,,2021-06-08,archive_capture_only,,,,,,,,,,,,,,,,,,,,,,,,,,,,,,,,,
1efce3f4f64b0935188003ec,http://hiralforcongress.com:80/issues/healthcare,https://web.archive.org/web/20171212203435/http://hiralforcongress.com/issues/healthcare/,,2026-08-20T02:05:16.766865+00:00,,data/raw/policy_historical_c/cached/1efce3f4f64b0935188003ec-042217ba1f65319c.html,042217ba1f65319c58ec3ec0e3806f90e3efc4cc0431607b7d2acfb49c8a614a,75248,used,Discovered via wayback_cdx from https://web.archive.org/cdx/search/cdx?url=hiralforcongress.com/* (20171212203435),text/html,,Healthcare - Hiral Tipirneni,,,,,1efce3f4f64b0935188003ec,,,,2017-12-12,archive_capture_only,,,,,,,,,,,,,,,,,,,,,,,,,,,,,,,,,
20089e14320d6cf11b61f418,https://electjobennett.com/,https://www.electjobennett.com/,,2026-08-19T23:58:36.587609+00:00,,data/raw/policy_historical_c/cached/20089e14320d6cf11b61f418-83bdc35ec4db790a.html,ab5da6f20ca832c5f3f9dbc96f7cb8036c0641115bdba6857acad544960a1022,312437,timing_unverified,Derived from existing candidate-owned source URLs,text/html,,Jo Bennett - Democrat for Onondaga County Legislator,,,,,20089e14320d6cf11b61f418,,,,,,,,,,,,,,,,,,,,,,,,,,,,,,,,,,,,,,
206526e7fed838a481175588,https://www.megforqueencity.com/press/plainfieldneedsrentcontrolnow,https://www.megforqueencity.com/press/plainfieldneedsrentcontrolnow,2026-05-03,2026-08-20T19:32:51.040939+00:00,,data/raw/policy_historical_c/cached/206526e7fed838a481175588-ab4a9bf2c32370ee.html,97f1c6616a6e9c0261de4cb0c876050b28f74ffcefb7d131cdb9fd42aad12f49,135502,used,Seeded from legacy quotation-source inventory; collect full document text for audit coverage. | Seeded from existing candidate corpus URL,text/html,,Plainfield Needs Rent Control Now: Why and the plan to get it done — Meg for Queen City,,,,,206526e7fed838a481175588,,,,,,,,,,,,,,,,,,,,,,,,,,,,,,,,,,,,,,
21c48c941c4f5e9b87cadf78,https://web.archive.org/web/20180224062155id_/http://www.ritalucido.com/health_care,https://web.archive.org/web/20180224062155id_/http://www.ritalucido.com/health_care,,2026-08-21T03:51:03.332599+00:00,,data/raw/policy_historical_c/cached/21c48c941c4f5e9b87cadf78-010e203aa04b7031.html,f66f2c90e02f3c99f9e934e096bfa81fb42c22683d323bfcd400993597ba3d1c,46655,used,Seeded from legacy quotation-source inventory; collect full document text for audit coverage. | Seeded from existing candidate corpus URL,text/html,,Health Care - Rita Lucido for Texas Senate,,,,,21c48c941c4f5e9b87cadf78,,,,2018-02-24,archive_capture_only,,,,,,,,,,,,,,,,,,,,,,,,,,,,,,,,,
285622575289acd922c9e146,https://votedinanina.com/,https://www.votedinanina.com/,,2026-08-21T00:36:37.004630+00:00,,data/raw/policy_historical_c/cached/285622575289acd922c9e146-ff4c7786be950db8.html,18d45d1a351ab175a2778532175138a5d24041ca8c2467bc079beef703f06dfe,467129,timing_unverified,Derived from existing candidate-owned source URLs,text/html,,Vote Dina Nina,,,,,285622575289acd922c9e146,,,,,,,,,,,,,,,,,,,,,,,,,,,,,,,,,,,,,,
3524f142b7d1eb3e9a95e43b,https://www.montgomery4all.org/radwan-chowdhury-2026,https://www.montgomery4all.org/radwan-chowdhury-2026,,2026-08-19T23:48:57.756962+00:00,,data/raw/policy_historical_c/cached/3524f142b7d1eb3e9a95e43b-470b6bdc1b3339b0.html,b9138e42a5eb6b917754f42d0b518c261e89e1c64de9671d298908f5a9ce3014,433156,timing_unverified,Seeded from legacy quotation-source inventory; collect full document text for audit coverage. | Seeded from existing candidate corpus URL,text/html,,Radwan Chowdhury — 2026 Candidate Questionnaire — Montgomery for All,,,,,3524f142b7d1eb3e9a95e43b,,,,,,,,,,,,,,,,,,,,,,,,,,,,,,,,,,,,,,
3cf6d3e23b614c4fc59cedd0,https://reportermonthly.com/candidate-interview-robert-hunter,https://reportermonthly.com/candidate-interview-robert-hunter/,,2026-08-19T23:42:59.305971+00:00,,data/raw/policy_historical_c/cached/3cf6d3e23b614c4fc59cedd0-d3055064ee076b69.html,d3055064ee076b69d693b96bc482d435f853892db3ff9ccfbd1aba3c60d87cde,87246,timing_unverified,Seeded from legacy quotation-source inventory; collect full document text for audit coverage. | Seeded from existing candidate corpus URL,text/html,,Candidate Interview: Robert Hunter - The Reporter Monthly,,,,,3cf6d3e23b614c4fc59cedd0,,,,,,,,,,,,,,,,,,,,,,,,,,,,,,,,,,,,,,
4784bd04e33b5052fcfdad1e,https://www.elizabethcrowley.com/issues/safety,https://web.archive.org/web/20220525155417/https://www.elizabethcrowley.com/issues/safety/,,2026-08-20T02:07:43.044969+00:00,,data/raw/policy_historical_c/cached/4784bd04e33b5052fcfdad1e-b3663d23ad6e5446.html,b3663d23ad6e54469225b37d3881163943ce8ce8944af861f9a06c32d868d4e6,95232,used,Discovered via wayback_cdx from https://web.archive.org/cdx/search/cdx?url=elizabethcrowley.com/* (20220525155417),text/html,,Safety - Elizabeth Crowley for State Senate,,,,,4784bd04e33b5052fcfdad1e,,,,2022-05-25,archive_capture_only,,,,,,,,,,,,,,,,,,,,,,,,,,,,,,,,,
4d11156bdd22f1dd4b3431d1,http://www.mysuburbanlife.com/2019/07/18/foster-draws-2020-primary-challenge-from-will-county-board-member/auem5j1,https://www.shawlocal.com/2019/07/18/foster-draws-2020-primary-challenge-from-will-county-board-member/auem5j1/,2019-07-18,2026-08-19T23:30:27.376526+00:00,,data/raw/policy_historical_c/cached/4d11156bdd22f1dd4b3431d1-bf2f314d9a2b5323.html,0d961c577b40c40c91a3bf560e905c938852c9c4f1882509aa9b4b48fbf116a3,198533,used,Seeded from legacy quotation-source inventory; collect full document text for audit coverage. | Seeded from existing candidate corpus URL,text/html,,Foster draws 2020 primary challenge from Will County Board member – Shaw Local,,,,,4d11156bdd22f1dd4b3431d1,,,,,,,,,,,,,,,,,,,,,,,,,,,,,,,,,,,,,,
5408c1b3a11e631c88e6b602,https://omarfateh.org/housing.html,https://web.archive.org/web/20200512140936/https://omarfateh.org/housing.html,,2026-08-19T23:25:32.129687+00:00,,data/raw/policy_historical_c/cached/5408c1b3a11e631c88e6b602-a48c813dad462aae.html,a48c813dad462aaee6270eb2a1b94782fa95858495b81b499f9695881264a6b3,18458,used,Seeded from legacy quotation-source inventory; collect full document text for audit coverage. | Seeded from existing candidate corpus URL,text/html,,Housing,,,,,5408c1b3a11e631c88e6b602,,,,,,,,,,,,,,,,,,,,,,,,,,,,,,,,,,,,,,
540961b2b107ce0588458ade,https://www.channel3000.com/news/she-reported-on-the-issues-facing-wisconsin-now-she-wants-to-fix-them/article_ea4fedb9-f421-418a-aca5-9f84888c0c76.html,https://www.channel3000.com/news/she-reported-on-the-issues-facing-wisconsin-now-she-wants-to-fix-them/article_ea4fedb9-f421-418a-aca5-9f84888c0c76.html,2026-07-21,2026-08-20T19:31:48.119629+00:00,,data/raw/policy_historical_c/cached/540961b2b107ce0588458ade-074ccbb67e772385.html,074ccbb67e772385077e3b025e709173b3f8e714f61a91ecc6d5777bd7fec91e,268299,used,Seeded from legacy quotation-source inventory; collect full document text for audit coverage. | Seeded from existing candidate corpus URL,text/html,,She reported on the issues facing Wisconsin. Now she wants to fix them | News | channel3000.com,,,,,540961b2b107ce0588458ade,,,,,,,,,,,,,,,,,,,,,,,,,,,,,,,,,,,,,,
5baa5eeb650612931a5a968c,https://www.jeffwaldstreicher.com/issues/creating-jobs-and-ensuring-fiscal-responsibility,https://www.jeffwaldstreicher.com/issues/creating-jobs-and-ensuring-fiscal-responsibility,2022-07-04,2026-08-20T02:04:32.259139+00:00,,data/raw/policy_historical_c/cached/5baa5eeb650612931a5a968c-23b29dc72f0c8582.html,23b29dc72f0c858272b9ab10616addb305759d0d3c2bbcbdae5f8d32f2075f1b,465701,used,Discovered via wayback_cdx from https://web.archive.org/cdx/search/cdx?url=jeffwaldstreicher.com/* (20220704160058),text/html,,Issues | Waldstreicher for Senate,,,,,5baa5eeb650612931a5a968c,,,,,,,,,,,,,,,,,,,,,,,,,,,,,,,,,,,,,,
5bf1857f0058080c9b7e2498,https://www.montgomery4all.org/laurie-anne-sayles-2026,https://www.montgomery4all.org/laurie-anne-sayles-2026,,2026-08-19T23:48:57.321736+00:00,,data/raw/policy_historical_c/cached/5bf1857f0058080c9b7e2498-9cca76f6e11e2cbf.html,5a22642c7f1d4678dde9257f18598734e7b28121b35d743234cc6f1ee50b6098,329927,timing_unverified,Seeded from legacy quotation-source inventory; collect full document text for audit coverage. | Seeded from existing candidate corpus URL,text/html,,Laurie-Anne Sayles— 2026 Candidate Questionnaire — Montgomery for All,,,,,5bf1857f0058080c9b7e2498,,,,,,,,,,,,,,,,,,,,,,,,,,,,,,,,,,,,,,
6dc40e4fe2310cbd683bd7da,https://web.archive.org/web/20201123044732id_/https://ballotpedia.org/Briana_Urbina,https://web.archive.org/web/20201123044732id_/https://ballotpedia.org/Briana_Urbina,,2026-08-20T19:36:46.508342+00:00,,data/raw/policy_historical_c/cached/6dc40e4fe2310cbd683bd7da-931eac0172afd508.html,66f7809456408021ae086bfda2372e62239bfcf399ab561b2b511c248a4f69f0,124755,timing_unverified,Seeded from legacy quotation-source inventory; collect full document text for audit coverage. | Seeded from existing candidate corpus URL,text/html,,Briana Urbina - Ballotpedia,,,,,6dc40e4fe2310cbd683bd7da,,,,,,,,,,,,,,,,,,,,,,,,,,,,,,,,,,,,,,
6e71dfbff0371cc0fc05bbe0,https://www.montgomery4all.org/dana-e-gassaway-2026,https://www.montgomery4all.org/dana-e-gassaway-2026,,2026-08-19T23:52:16.969221+00:00,,data/raw/policy_historical_c/cached/6e71dfbff0371cc0fc05bbe0-911ee90ec138ae22.html,7d943e79c5d4b039f0ee5bb6aba8ce02fb1d518efefbc6f0f27a3d1b3e70db3b,327286,timing_unverified,Seeded from legacy quotation-source inventory; collect full document text for audit coverage. | Seeded from existing candidate corpus URL,text/html,,Dana E. Gassaway — 2026 Candidate Questionnaire — Montgomery for All,,,,,6e71dfbff0371cc0fc05bbe0,,,,,,,,,,,,,,,,,,,,,,,,,,,,,,,,,,,,,,
78e15a87bfbb5ffe4433c8f9,https://web.archive.org/web/20190918095221id_/https://www.andomforny.com/green-new-deal-policy,https://web.archive.org/web/20190918095221id_/https://www.andomforny.com/green-new-deal-policy,,2026-08-21T03:51:04.686181+00:00,,data/raw/policy_historical_c/cached/78e15a87bfbb5ffe4433c8f9-4952ecc1f2c697a1.html,a02158ebab26957ebae6230e274f25a5dbd7e2ca0987a302c4642db0446f2d48,59525,used,Seeded from legacy quotation-source inventory; collect full document text for audit coverage. | Seeded from existing candidate corpus URL,text/html,,Green New Deal - Andom for Congress — Andom Ghebreghiorgis for Congress,,,,,78e15a87bfbb5ffe4433c8f9,,,,2019-09-18,archive_capture_only,,,,,,,,,,,,,,,,,,,,,,,,,,,,,,,,,
80e08e5cf478165ff8c8d576,https://www.electerika.com/issues/climate-crisis,https://web.archive.org/web/20211020102453/https://www.electerika.com/issues/climate-crisis,,2026-08-20T02:09:15.959826+00:00,,data/raw/policy_historical_c/cached/80e08e5cf478165ff8c8d576-67a1b75f426cc56d.html,6d397fbc8b36767ce92916b75dfae154741b7b898f0aa50f4379d889b041a5ec,77000,used,Discovered via wayback_cdx from https://web.archive.org/cdx/search/cdx?url=electerika.com/* (20211020102453),text/html,,Climate crisis — Erika Uyterhoeven for Somerville,,,,,80e08e5cf478165ff8c8d576,,,,2021-10-20,archive_capture_only,,,,,,,,,,,,,,,,,,,,,,,,,,,,,,,,,
81a0d693fac8f53f23f915c9,https://moderatelymoco.com/jeremiah-pope-candidate-for-montgomery-county-council-at-large-moderately-moco-candidate-introduction-series,https://moderatelymoco.com/jeremiah-pope-candidate-for-montgomery-county-council-at-large-moderately-moco-candidate-introduction-series/,,2026-08-19T23:52:19.058755+00:00,,data/raw/policy_historical_c/cached/81a0d693fac8f53f23f915c9-65dcbe6d5bd9b375.html,65dcbe6d5bd9b3758268714dd57f6a1af556debcf0f5ce58b75f97126d7eb9a5,305085,timing_unverified,Seeded from legacy quotation-source inventory; collect full document text for audit coverage. | Seeded from existing candidate corpus URL,text/html,,Jeremiah Pope - Candidate for Montgomery County Council At-Large (Moderately MOCO Candidate Introduction Series) - Moderately MOCO,,,,,81a0d693fac8f53f23f915c9,,,,,,,,,,,,,,,,,,,,,,,,,,,,,,,,,,,,,,
82997e056df5b74b3a6409c6,https://www.griffinforcouncil.com/issues,https://www.griffinforcouncil.com/issues,,2026-08-19T23:52:10.375731+00:00,,data/raw/policy_historical_c/cached/82997e056df5b74b3a6409c6-b1d12dfef3273e08.html,b1d12dfef3273e08b7cb91d5ed4da26a476768796d9303eb0aa7156f26671d54,1141772,timing_unverified,Seeded from legacy quotation-source inventory; collect full document text for audit coverage. | Seeded from existing candidate corpus URL,text/html,,Issues | Candidate Web Soluti,,,,,82997e056df5b74b3a6409c6,,,,,,,,,,,,,,,,,,,,,,,,,,,,,,,,,,,,,,
896e1a8c66383628eb10b4e0,https://www.capitalgazette.com/2020/05/18/voter-guide-vanessa-marie-hoffman-congress-district-5/,https://www.capitalgazette.com/2020/05/18/voter-guide-vanessa-marie-hoffman-congress-district-5/,2020-05-18,2026-08-20T19:31:56.216534+00:00,,data/raw/policy_historical_c/cached/896e1a8c66383628eb10b4e0-e5ebcf0ef2efa6cb.html,d4a530855b1194c9426800a5686a3c3dc4172ba6f93e01fbfb5e77febc9274d4,166894,used,Seeded from legacy quotation-source inventory; collect full document text for audit coverage. | Seeded from existing candidate corpus URL,text/html,,"Voter guide: Vanessa Marie Hoffman, Congress, District 5 – Capital Gazette",,,,,896e1a8c66383628eb10b4e0,,,,,,,,,,,,,,,,,,,,,,,,,,,,,,,,,,,,,,
8ca9611ae82187b639078cec,https://www.channel3000.com/news/local-jazz-artist-hopes-community-connection-can-take-him-to-legislature/article_77c8ea0e-ef0e-4eda-ad2c-de48c79bc0dc.html,https://www.channel3000.com/news/local-jazz-artist-hopes-community-connection-can-take-him-to-legislature/article_77c8ea0e-ef0e-4eda-ad2c-de48c79bc0dc.html,2026-07-30,2026-08-20T19:31:47.996318+00:00,,data/raw/policy_historical_c/cached/8ca9611ae82187b639078cec-2fd53daa7f90e2ad.html,2fd53daa7f90e2ad3e35d935705d55b4926d2e2e46f2352b18501a4d9e58e5f8,274443,used,Seeded from legacy quotation-source inventory; collect full document text for audit coverage. | Seeded from existing candidate corpus URL,text/html,,Local jazz artist hopes community connection can take him to Legislature | News | channel3000.com,,,,,8ca9611ae82187b639078cec,,,,,,,,,,,,,,,,,,,,,,,,,,,,,,,,,,,,,,
90ae7d6aff23fa99a1ccc688,https://rocfoodpolicy.org/resources/questionnaire25/,https://rocfoodpolicy.org/resources/questionnaire25/,2025-06-16,2026-08-21T14:30:18.736946+00:00,,data/raw/policy_historical_c/cached/90ae7d6aff23fa99a1ccc688-3b7e5d6f7d5052f6.html,3b7e5d6f7d5052f60b1b2db7f9512b1c74f68cd5fe501259f5c526b59c36d69f,446250,used,Seeded from legacy quotation-source inventory; collect full document text for audit coverage. | Seeded from existing candidate corpus URL,text/html,,City of Rochester Political Candidate Questionnaire 2025 - ROC Food Policy Council,,,,,90ae7d6aff23fa99a1ccc688,,,,,,,,,,,,,,,,,,,,,,,,,,,,,,,,,,,,,,
97d6c0badd758256b09ee104,https://jimowles.org/news/candidate-answers-to-joldc-illapa-sairitupac-for-ny-assembly-district-65-2022,https://jimowles.org/news/candidate-answers-to-joldc-illapa-sairitupac-for-ny-assembly-district-65-2022,2022-02-26,2026-08-19T23:30:31.230311+00:00,,data/raw/policy_historical_c/cached/97d6c0badd758256b09ee104-719dcd0ce82aa3dc.html,00dbca10d9eac7543208d94509f1cbf2749d10f2b36202231607e8bb909361c1,143024,used,Seeded from legacy quotation-source inventory; collect full document text for audit coverage. | Seeded from existing candidate corpus URL,text/html,,Candidate Answers to JOLDC: Illapa Sairitupac for NY Assembly District 65 — Jim Owles Liberal Democratic Club,,,,,97d6c0badd758256b09ee104,,,,,,,,,,,,,,,,,,,,,,,,,,,,,,,,,,,,,,
9d33547ad0da75da2727f121,https://www.montgomery4all.org/karla-silvestre-2026,https://www.montgomery4all.org/karla-silvestre-2026,,2026-08-19T23:48:57.088740+00:00,,data/raw/policy_historical_c/cached/9d33547ad0da75da2727f121-aa4a0821cd43468c.html,7a454e7e9dce536546bbafadaa7763c8dfeea7c163ee6e17c3725b9e94473276,416852,timing_unverified,Seeded from legacy quotation-source inventory; collect full document text for audit coverage. | Seeded from existing candidate corpus URL,text/html,,Karla Silvestre — 2026 Candidate Questionnaire — Montgomery for All,,,,,9d33547ad0da75da2727f121,,,,,,,,,,,,,,,,,,,,,,,,,,,,,,,,,,,,,,
a8428a7c2126281c88f3bad1,https://www.dannyforhd95.com/,https://web.archive.org/web/20191212210350id_/https://www.dannyforhd95.com/,,2026-08-19T23:41:16.460452+00:00,,data/raw/policy_historical_c/cached/a8428a7c2126281c88f3bad1-226146241774f91c.com,38a11c202c9dfd2ffd95f18ee7ddba6ccc024817c3aeb43817e2b9cabe0f61ac,371156,used,Seeded from legacy quotation-source inventory; collect full document text for audit coverage. | Seeded from existing candidate corpus URL,text/html,,Danny Tenenbaum for Montana Legislature,,,,,a8428a7c2126281c88f3bad1,,,,,,,,,,,,,,,,,,,,,,,,,,,,,,,,,,,,,,
a90ad5d7c34eccbac352772f,https://www.mcadamsforil.com/platform,https://www.mcadamsforil.com/platform,,2026-08-20T19:32:42.962779+00:00,,data/raw/policy_historical_c/cached/a90ad5d7c34eccbac352772f-b2b0696469c9c479.html,37ee8b6a9f4eb1bb458eb51f8db3f2a46a8b571e236dd799900d1a01e6a0d75d,294770,timing_unverified,Original timing screening is superseded by a source-date correction. Blank publication metadata was replaced with the primary-date effective field. The retained live page has no publication marker and was fetched after the election; pre-primary version timing is unverified. Original review note: Seeded from legacy quotation-source inventory; collect full document text for audit coverage. | Seeded from existing candidate corpus URL,text/html,,Ben McAdams for IL State Senate 24,,,,,a90ad5d7c34eccbac352772f,,,,,,2026-03-17,data/manual/candidate_source_date_corrections.json,,,,,,,,,,,,,,,,,,,,,,,,,,,,,,,
ae72f8dcda68a26627cf9f6b,https://politicsny.com/2020/05/26/nurses-union-backs-mosley-over-one-of-their-own/,https://politicsny.com/2020/05/26/nurses-union-backs-mosley-over-one-of-their-own/,2020-05-26,2026-08-21T14:31:42.526407+00:00,,data/raw/policy_historical_c/cached/ae72f8dcda68a26627cf9f6b-0ef227e97ba2db79.html,0ef227e97ba2db79b16f309b64d81d341b324978a1b161ccd48dbc2005ef4a34,95867,used,Seeded from legacy quotation-source inventory; collect full document text for audit coverage. | Seeded from existing candidate corpus URL,text/html,,Nurses Union Backs Mosley Over One of Their Own,,,,,ae72f8dcda68a26627cf9f6b,,,,,,,,,,,,,,,,,,,,,,,,,,,,,,,,,,,,,,
b68e1ecd598d785674791cb9,https://web.archive.org/web/20180828071143/https://jumaanewilliams.com/issues/,https://web.archive.org/web/20180828071143/https://jumaanewilliams.com/issues/,,2026-08-21T01:41:16.867269+00:00,,data/raw/policy_historical_c/cached/b68e1ecd598d785674791cb9-98e8c6e4f03528b8.html,df19946172e900431d7b6358ace225819233f1980c7526237df2424e999efafc,102270,used,Seeded from legacy quotation-source inventory; collect full document text for audit coverage. | Seeded from existing candidate corpus URL,text/html,,Issues — Jumaane Williams,,,,,b68e1ecd598d785674791cb9,,,,2018-08-28,archive_capture_only,,,,,,,,,,,,,,,,,,,,,,,,,,,,,,,,,
c0ce22662d44d79f5b086ca9,https://www.montgomery4all.org/fatmata-barrie-2026,https://www.montgomery4all.org/fatmata-barrie-2026,,2026-08-19T23:48:52.238620+00:00,,data/raw/policy_historical_c/cached/c0ce22662d44d79f5b086ca9-62067e9f0e7d4df3.html,99d248d7360ad36846026d88c6165a5aa00ee41ff47888dd43ed3112e69a4525,328282,timing_unverified,Seeded from legacy quotation-source inventory; collect full document text for audit coverage. | Seeded from existing candidate corpus URL,text/html,,Fatmata Barrie — 2026 Candidate Questionnaire — Montgomery for All,,,,,c0ce22662d44d79f5b086ca9,,,,,,,,,,,,,,,,,,,,,,,,,,,,,,,,,,,,,,
d20435700c2474a3c8872c7b,https://www.nhregister.com/news/article/A-force-that-is-hopeful-Why-2-Hamden-teens-16358684.php,https://www.nhregister.com/news/article/A-force-that-is-hopeful-Why-2-Hamden-teens-16358684.php,2021-08-03,2026-08-20T19:32:37.778165+00:00,,data/raw/policy_historical_c/cached/d20435700c2474a3c8872c7b-1bc73b82d72ff0d9.php,09c236fe7c06bbb725425f93d98e8ecd381f25be1f38f927c1f068c9d6135df4,529668,used,Seeded from legacy quotation-source inventory; collect full document text for audit coverage. | Seeded from existing candidate corpus URL,text/html,,‘A force that is hopeful’: Why 2 Hamden teens seek public office,,,,,d20435700c2474a3c8872c7b,,,,,,,,,,,,,,,,,,,,,,,,,,,,,,,,,,,,,,
dfb6f5b143044643a7457749,https://jabariforstatesenate.com/climateandenergy,https://web.archive.org/web/20220205075359/https://jabariforstatesenate.com/climateandenergy/,,2026-08-19T23:25:16.532161+00:00,,data/raw/policy_historical_c/cached/dfb6f5b143044643a7457749-2d72539f1102e0f7.html,2d72539f1102e0f78fce96a86d9b48fb3369432d52ef8a76e6cd7854bb9bf455,187775,used,Seeded from legacy quotation-source inventory; collect full document text for audit coverage. | Seeded from existing candidate corpus URL,text/html,,Climate & Energy - Jabari Brisport for State Senate,,,,,dfb6f5b143044643a7457749,,,,,,,,,,,,,,,,,,,,,,,,,,,,,,,,,,,,,,
e314ebd31dfaf82305154f24,https://www.voteisaia.com/platform,https://www.voteisaia.com/platform,,2026-08-20T19:31:47.503169+00:00,,data/raw/policy_historical_c/cached/e314ebd31dfaf82305154f24-409de484d51c50a5.html,5ac890c04f7d3a4eda88b91092b066409cd696871670ae5969666896e701a743,423699,timing_unverified,Seeded from legacy quotation-source inventory; collect full document text for audit coverage. | Seeded from existing candidate corpus URL,text/html,,Platform — Isaia for Wisconsin,,,,,e314ebd31dfaf82305154f24,,,,,,,,,,,,,,,,,,,,,,,,,,,,,,,,,,,,,,
e5713db962300a847d571188,https://patch.com/maryland/rockville/election-2026-matt-losak-explains-why-hes-running-office,https://patch.com/maryland/rockville/election-2026-matt-losak-explains-why-hes-running-office,,2026-08-19T23:52:26.101722+00:00,,data/raw/policy_historical_c/cached/e5713db962300a847d571188-77bc13a64011c5ee.html,4148d6c774f1c9cd3539a7fa8b6849b75c4c68652ef21270fe0ed91c402b2ca8,355260,timing_unverified,Seeded from legacy quotation-source inventory; collect full document text for audit coverage. | Seeded from existing candidate corpus URL,text/html,,"Election 2026: Matt Losak Explains Why He's Running For Office | Rockville, MD Patch",,,,,e5713db962300a847d571188,,,,,,,,,,,,,,,,,,,,,,,,,,,,,,,,,,,,,,
eb51d523b3b224d11efceae9,https://www.wemu.org/wemu-news/2026-07-23/august-primary-race-for-mayor-of-ypsilanti-nicole-brown,https://www.wemu.org/wemu-news/2026-07-23/august-primary-race-for-mayor-of-ypsilanti-nicole-brown,,2026-08-19T23:52:29.139528+00:00,,data/raw/policy_historical_c/cached/eb51d523b3b224d11efceae9-95abd29ca7bb20f0.html,95abd29ca7bb20f0f07bb84e9a2f126eb0308c8089827a3d98334f2d457f7a3e,204537,timing_unverified,Seeded from legacy quotation-source inventory; collect full document text for audit coverage. | Seeded from existing candidate corpus URL,text/html,,August Primary Race for Mayor of Ypsilanti: Nicole Brown | WEMU-FM,,,,,eb51d523b3b224d11efceae9,,,,,,,,,,,,,,,,,,,,,,,,,,,,,,,,,,,,,,
f0372521d353de824d991566,https://www.pghcitypaper.com/pittsburgh/election-guide-allegheny-county-district-attorney/Content,https://web.archive.org/web/20190515144333id_/https://www.pghcitypaper.com/pittsburgh/election-guide-allegheny-county-district-attorney/Content?oid=14973316,,2026-08-19T23:49:50.454140+00:00,,data/raw/policy_historical_c/cached/f0372521d353de824d991566-8b79298a734e72f5.html,8b79298a734e72f57d396590457934cf64ff3ca78fbed90e6ee234c8c1e0f792,131277,used,Seeded from legacy quotation-source inventory; collect full document text for audit coverage. | Seeded from existing candidate corpus URL,text/html,,Election Guide: Allegheny County District Attorney | Election Guide | Pittsburgh | Pittsburgh City Paper,,,,,f0372521d353de824d991566,,,,,,,,,,,,,,,,,,,,,,,,,,,,,,,,,,,,,,
f5e58e840d8956bcb8b288ed,https://www.montgomery4all.org/jim-mcnulty-2026,https://www.montgomery4all.org/jim-mcnulty-2026,,2026-08-19T23:52:21.616219+00:00,,data/raw/policy_historical_c/cached/f5e58e840d8956bcb8b288ed-2125b6676ef63a6a.html,e31b90bb5b6e349b6c6391f1826b942e308a16a544971c063a01e3a8328e6fd2,428145,timing_unverified,Seeded from legacy quotation-source inventory; collect full document text for audit coverage. | Seeded from existing candidate corpus URL,text/html,,Jim McNulty — 2026 Candidate Questionnaire — Montgomery for All,,,,,f5e58e840d8956bcb8b288ed,,,,,,,,,,,,,,,,,,,,,,,,,,,,,,,,,,,,,,
f6d838d6e00822b146297d42,https://www.montgomery4all.org/marc-elrich-2026,https://www.montgomery4all.org/marc-elrich-2026,,2026-08-19T23:52:25.368087+00:00,,data/raw/policy_historical_c/cached/f6d838d6e00822b146297d42-76840211722a9889.html,75d41abd816077f8409367c5c0e73625dc88f6836036343dae709bb5092cd556,340324,timing_unverified,Seeded from legacy quotation-source inventory; collect full document text for audit coverage. | Seeded from existing candidate corpus URL,text/html,,Marc Elrich — 2026 Candidate Questionnaire — Montgomery for All,,,,,f6d838d6e00822b146297d42,,,,,,,,,,,,,,,,,,,,,,,,,,,,,,,,,,,,,,
hist-c-id-plainfield-primary-2026,https://unioncountyvotes.com/wp-content/uploads/2026/04/PRIMARY-2026-CANDIDATE-LIST-4-8-26.pdf,https://unioncountyvotes.com/wp-content/uploads/2026/04/PRIMARY-2026-CANDIDATE-LIST-4-8-26.pdf,2026-04-08,2026-09-23T00:37:04-07:00,,data/raw/policy_historical_c/new/plainfield-primary-candidate-list-2026.pdf,bb61df1864adee06241382209460fec02b887fca53cdc6703247ea6e6e8f6d21,473033,identity_only,Official candidate list establishes that Meg Anandarangam and Meghana Anandarangam refer to the same Plainfield Ward 1 candidate and primary.,application/pdf,,"Union County Clerk Candidate List for the June 2, 2026 Primary Election",,,,,,,,,,,,,,,,,,,,,"{'source_locator': 'PDF page 19, City of Plainfield', 'row_snippets': ['CANDIDATE LIST FOR THE PRIMARY ELECTION JUNE 2, 2026', 'Meghana Anandarangam', '1st Ward Council Member', 'Meg! Democratic Socialist for Queen City']}",,,,,,,,,,,,,,,,,,,,,,
hist-c-new-amber-fellows-20260416,https://www.amber4thepeople.com/,https://web.archive.org/web/20260416013915id_/https://www.amber4thepeople.com/,,2026-09-23T00:37:04-07:00,,data/raw/policy_historical_c/new/amber-fellows-platform-20260416.html,d384bcad6208bd578bb66d5537d9a5dc7556b1b92eb235bd877a7a067ecb5922,455923,used,Pre-primary Wayback capture of the first-party campaign platform.,text/html,,Amber Fellows for the People of Ypsilanti,,,,,cef44b39ae3052f42c7e4321-99f67b253797,,,,,,,,,,,,['cef44b39ae3052f42c7e4321-99f67b253797'],,,2026-04-16,,,,,,,,,,,,,,,,,,,,,,,
hist-c-new-josie-caballero-2026,https://josieformaryland.com/,https://josieformaryland.com/,,2026-09-23T00:37:04-07:00,second,data/raw/policy_historical_c/new/josie-caballero-platform-2026.html,684f61b64d20b1bed58d5c8e3e3d6c2b6c5236b49b1cf787af94757d4bcd2d28,232004,timing_unverified,Authentic current first-party campaign page retrieved after the primary; exact pre-primary version and publication date are unverified.,text/html,,Josie Caballero for County Council At Large,,,,,6208cb613db9e1a87d13c1c4-684f61b64d20,,,,,,,,,,,,['6208cb613db9e1a87d13c1c4-684f61b64d20'],,,,,,,,,,,,,,,,,,,,,,,,,,
5759e0d661fee9e562c10f15,http://www.summerforpa.com/healthcare,https://web.archive.org/web/20180129002517/http://www.summerforpa.com/healthcare,,2026-08-19T23:26:23.237482+00:00,,data/raw/policy_historical_d/sources/5759e0d661fee9e562c10f15.html,c23b7d77f0db653087f4b042e8cad6d5f60fba86e5d47a5e30ab771b0d425671,37105,used,Cached candidate source semantically reviewed; packet metadata preserved exactly.,text/html,,,,,,,5759e0d661fee9e562c10f15,,,,,,,,,,,,,,,,,,,,,,,,,,,,,,,,,,,,,,
533efdb2908ecdba02af4e57,https://web.archive.org/web/20180706022642/https://www.ferrellfor24.com/,https://web.archive.org/web/20180706022642/https://www.ferrellfor24.com/,,2026-08-21T01:40:44.741018+00:00,,data/raw/policy_historical_d/sources/533efdb2908ecdba02af4e57.com,6f65f5ea032d98d4f58d9ede0ce22f38d03f7ba32793cfc9a288bd3ef2986c1d,90150,used,Cached candidate source semantically reviewed; packet metadata preserved exactly.,text/html,,,,,,,533efdb2908ecdba02af4e57,,,,2018-07-06,archive_capture_only,,,,,,,,,,,,,,,,,,,,,,,,,,,,,,,,,
f08f805bb886c05687fb2796,https://anthonyclark2018.com/,https://web.archive.org/web/20180309053217id_/https://anthonyclark2018.com/,,2026-08-19T23:30:24.104127+00:00,,data/raw/policy_historical_d/sources/f08f805bb886c05687fb2796.com,0ee649a0e121355fc000a3605f9113a820bc27843972dfe8bc9d6b9146f4c105,30359,used,Cached candidate source semantically reviewed; packet metadata preserved exactly.,text/html,,,,,,,f08f805bb886c05687fb2796,,,,,,,,,,,,,,,,,,,,,,,,,,,,,,,,,,,,,,
33772c74f265cb8949565fc7,https://yasmineforvirginia.com/issues/healthcare/embed,https://web.archive.org/web/20190513204442/https://yasmineforvirginia.com/issues/healthcare/embed/,,2026-08-20T02:56:12.275349+00:00,,data/raw/policy_historical_d/sources/33772c74f265cb8949565fc7.html,9a37dcc537024e7144c2d6a5164f8c526f3e1fc309ba19e708b2de7e74ba9833,49705,used,Cached candidate source semantically reviewed; packet metadata preserved exactly.,text/html,,,,,,,33772c74f265cb8949565fc7,,,,2019-05-13,archive_capture_only,,,,,,,,,,,,,,,,,,,,,,,,,,,,,,,,,
f8470849dce3ccde886d3d7f,https://www.connectionnewspapers.com/news/2019/may/23/corado-v-walkinshaw-braddock-district-nomination,https://www.connectionnewspapers.com/news/2019/may/23/corado-v-walkinshaw-braddock-district-nomination/,2019-05-23,2026-08-19T23:26:58.028322+00:00,,data/raw/policy_historical_d/sources/f8470849dce3ccde886d3d7f.html,0fcf2b479e5239884fb6d24fd00c98a29cddc9986bea2d9bb04aa4fae393a73d,39827,used,Cached candidate source semantically reviewed; packet metadata preserved exactly.,text/html,,,,,,,f8470849dce3ccde886d3d7f,,,,,,,,,,,,,,,,,,,,,,,,,,,,,,,,,,,,,,
1a5c61a3eb314db39c065ad9,https://web.archive.org/web/20200417120740id_/https://www.electerika.com/,https://web.archive.org/web/20200417120740id_/https://www.electerika.com/,,2026-08-21T01:41:40.333574+00:00,,data/raw/policy_historical_d/sources/1a5c61a3eb314db39c065ad9.com,6c623814002f4d084768a8e80e56e132ef3392c69e48e86e03706b3f61713a4e,97579,used,Cached candidate source semantically reviewed; packet metadata preserved exactly.,text/html,,,,,,,1a5c61a3eb314db39c065ad9,,,,2020-04-17,archive_capture_only,,,,,,,,,,,,,,,,,,,,,,,,,,,,,,,,,
7c1fab3578808cbb3c8b7d34,https://web.archive.org/web/20200807144522id_/https://www.chriscoons.com/issue/health-care/,https://web.archive.org/web/20200807144522id_/https://www.chriscoons.com/issue/health-care/,,2026-08-21T03:51:07.436945+00:00,,data/raw/policy_historical_d/sources/7c1fab3578808cbb3c8b7d34.html,c90933a4be28cea3d5ba7d40ee918700b91c055674a1d26b559f7cf55d41c8c2,18090,used,Cached candidate source semantically reviewed; packet metadata preserved exactly.,text/html,,,,,,,7c1fab3578808cbb3c8b7d34,,,,2020-08-07,archive_capture_only,,,,,,,,,,,,,,,,,,,,,,,,,,,,,,,,,
165db88be85414909f8c3052,https://web.archive.org/web/20200225041812id_/https://erinforda.com/,https://web.archive.org/web/20200225041812id_/https://erinforda.com/,,2026-08-21T03:51:04.140989+00:00,,data/raw/policy_historical_d/sources/165db88be85414909f8c3052.com,14b4ec61adbdd10d7c1f73a74d33b62faa3159e06972258201848f933d168def,41893,used,Cached candidate source semantically reviewed; packet metadata preserved exactly.,text/html,,,,,,,165db88be85414909f8c3052,,,,2020-02-25,archive_capture_only,,,,,,,,,,,,,,,,,,,,,,,,,,,,,,,,,
ced3744e1cf283fa229921a5,https://web.archive.org/web/20200616200312id_/https://badrunkhan.com/issues,https://web.archive.org/web/20200616200312id_/https://badrunkhan.com/issues/,,2026-08-21T03:51:06.502519+00:00,,data/raw/policy_historical_d/sources/ced3744e1cf283fa229921a5.html,8ab3ee8d0f7db5c455b4c0687118b568d351fcc625da08e392b1d568fdfa7bc7,68911,used,Cached candidate source semantically reviewed; packet metadata preserved exactly.,text/html,,,,,,,ced3744e1cf283fa229921a5,,,,2020-06-16,archive_capture_only,,,,,,,,,,,,,,,,,,,,,,,,,,,,,,,,,
50d0bff9bd2a5021ecd19a57,https://salazarforsenate.com/issues/labor,https://web.archive.org/web/20200414162939/https://salazarforsenate.com/issues/labor,,2026-08-19T23:24:41.810422+00:00,,data/raw/policy_historical_d/sources/50d0bff9bd2a5021ecd19a57.html,28ca121a6e953efcc0d942c3aa746eecd1438e3c75a2573f0d214c68710d8daa,84298,used,Cached candidate source semantically reviewed; packet metadata preserved exactly.,text/html,,,,,,,50d0bff9bd2a5021ecd19a57,,,,,,,,,,,,,,,,,,,,,,,,,,,,,,,,,,,,,,
7b4a051f1daa3b23eae745b6,https://www.ericafora2.com/platform,https://www.ericafora2.com/platform,2020-05-02,2026-08-20T02:04:28.426779+00:00,,data/raw/policy_historical_d/sources/7b4a051f1daa3b23eae745b6.html,5e7a15f6ce6f11464fa3677979e7c71c8e83b3142a5cbea01d73a19f0bc147c2,116007,used,Cached candidate source semantically reviewed; packet metadata preserved exactly.,text/html,,,,,,,7b4a051f1daa3b23eae745b6,,,,,,,,,,,,,,,,,,,,,,,,,,,,,,,,,,,,,,
hd-jabari-brisport-2020,https://jabariforstatesenate.com/healthcare,https://jabariforstatesenate.com/platform/healthcare/,,2026-09-23,date_only,data/raw/policy_historical_d/sources/jabari-brisport-healthcare.html,31c9bdde34c91033bfc5474e22710899d242cfabea90e15dfcefb79b0a7055f7,69631,excluded,"Current 2026 reelection platform retained as contextual candidate material only. Wayback CDX found no capture before the June 23, 2020 primary; earliest retained capture located was 2020-09-07.",text/html,,,,,,,,,,,,,,,,,,,,,,,,,,,,"{'canonical_race_id': 'race-f8472a6d24864b436bac', 'race_id': 'race-f8472a6d24864b436bac', 'candidate_name': 'Jabari Brisport', 'role': 'endorsed', 'election_date': '2020-06-23', 'source_type': 'candidate_campaign_platform', 'publication_date': None, 'source_url': 'https://jabariforstatesenate.com/healthcare', 'archive_url': '', 'candidate_only_locator': 'Healthcare opening paragraph'}",,,,,,,,,,,,,,,,,
hd-brandon-west-2021,https://jimowles.org/news/candidate-answers-to-joldc-brandon-west-for-city-council-district-39,https://jimowles.org/news/candidate-answers-to-joldc-brandon-west-for-city-council-district-39,2021-01-08,2026-09-23,date_only,data/raw/policy_historical_d/sources/brandon-west-joldc.html,115314282501958d5a256156d4f72c88b37cbc04d98b3732b39bd4aad8c4efd2,127676,used,"Semantically reviewed candidate-only locator. Printed time element “January 8, 2021” and JSON-LD datePublished 2021-01-08T18:13:00-0500.",text/html,,,,,,,61a5d26c335af743db2a363f-28877cff367c,,,,,,,,,,,,['61a5d26c335af743db2a363f-28877cff367c'],,,,,,,,,"{'canonical_race_id': 'race-60a20e415203eadd2b99', 'race_id': 'race-60a20e415203eadd2b99', 'candidate_name': 'Brandon West', 'role': 'endorsed', 'election_date': '2021-06-22', 'source_type': 'candidate_questionnaire', 'publication_date': '2021-01-08', 'source_url': 'https://jimowles.org/news/candidate-answers-to-joldc-brandon-west-for-city-council-district-39', 'archive_url': '', 'candidate_only_locator': 'police-budget answer'}",,,,,,,,,,,,,,,,,
b0753c7fa159cc969876d33f,https://www.justin2021.org/transform-how-we-police,https://web.archive.org/web/20210617185053/https://www.justin2021.org/transform-how-we-police,,2026-08-19T23:28:52.926379+00:00,,data/raw/policy_historical_d/sources/b0753c7fa159cc969876d33f.html,64579a61c49c8f1f73b7ab3925bafdda2119ffd7de98f6c73d0c9d7c43b2db13,201140,used,Cached candidate source semantically reviewed; packet metadata preserved exactly.,text/html,,,,,,,b0753c7fa159cc969876d33f,,,,,,,,,,,,,,,,,,,,,,,,,,,,,,,,,,,,,,
3aec2d089127fa71f22691bb,https://web.archive.org/web/20210530235121/https://www.shahanafrombk.com/safety,https://web.archive.org/web/20210530235121/https://www.shahanafrombk.com/safety,,2026-08-20T04:31:18.373568+00:00,,data/raw/policy_historical_d/sources/3aec2d089127fa71f22691bb.html,929eac9454924f71fd3ed179c193eac41c0c67cca355a270aafc1c0cf6e18441,92392,used,Cached candidate source semantically reviewed; packet metadata preserved exactly.,text/html,,,,,,,3aec2d089127fa71f22691bb,,,,,,,,,,,,,,,,,,,,,,,,,,,,,,,,,,,,,,
18b70da0182bd174f33b1b2e,https://reconnectrochester.org/2021/05/2021-candidates-for-rochester,https://reconnectrochester.org/2021/05/2021-candidates-for-rochester/,2021-05-06,2026-08-19T23:50:35.837784+00:00,,data/raw/policy_historical_d/sources/18b70da0182bd174f33b1b2e.html,cf679579bd8854e25db11a49694dc0dd87efe02031176ed1c1ff12d0a9cb38b8,309626,used,Cached candidate source semantically reviewed; packet metadata preserved exactly.,text/html,,,,,,,18b70da0182bd174f33b1b2e,,,,,,,,,,,,,,,,,,,,,,,,,,,,,,,,,,,,,,
c599f947e5bd43fda9deafd5,http://www.wiltfortownboard.com/,https://web.archive.org/web/20210508223457id_/http://www.wiltfortownboard.com/,,2026-08-19T23:27:28.623646+00:00,,data/raw/policy_historical_d/sources/c599f947e5bd43fda9deafd5.com,cd69acbb70c65216b7cf102a242482804fac055a53e4f043c5c3cdc1f45b522a,52838,used,Cached candidate source semantically reviewed; packet metadata preserved exactly.,text/html,,,,,,,c599f947e5bd43fda9deafd5,,,,,,,,,,,,,,,,,,,,,,,,,,,,,,,,,,,,,,
hd-doyle-canning-2022,https://www.opb.org/article/2022/05/03/democrats-running-for-oregons-4th-congressional-district-val-hoyle-doyle-canning-and-andrew-kalloch,https://www.opb.org/article/2022/05/03/democrats-running-for-oregons-4th-congressional-district-val-hoyle-doyle-canning-and-andrew-kalloch/,2022-05-03,2026-09-23,date_only,data/raw/policy_historical_d/sources/doyle-canning-opb-2022.html,e82dd5efc1447ac538a5562d2eb5037120ea66795d1296de5b9db1cb1038a8ee,368775,used,New capture pending candidate-document registration; semantically reviewed candidate-only locator.,text/html,,,,,,,20cabe63c0a0eb14481b05f2-ad409030acfb,,,,,,,,,,,,['20cabe63c0a0eb14481b05f2-ad409030acfb'],,,,,,,,,"{'canonical_race_id': 'race-1a63cae0504360d8eb38', 'race_id': 'race-1a63cae0504360d8eb38', 'candidate_name': 'Doyle Canning', 'role': 'endorsed', 'election_date': '2022-05-17', 'source_type': 'candidate_interview', 'publication_date': '2022-05-03', 'source_url': 'https://www.opb.org/article/2022/05/03/democrats-running-for-oregons-4th-congressional-district-val-hoyle-doyle-canning-and-andrew-kalloch', 'archive_url': '', 'candidate_only_locator': 'candidate answer'}",,,,,,,,,,,,,,,,,
30e0d879e8e2abe517f45cf0,https://www.valhoyle.com/priorities,https://www.valhoyle.com/issues/,2021-01-27,2026-08-20T02:07:37.255315+00:00,,data/raw/policy_historical_d/sources/30e0d879e8e2abe517f45cf0.html,5b716849e558b4d25d7a66db32a28289441aece1d3472dce20791c8e16d39363,26658,used,Cached candidate source semantically reviewed; packet metadata preserved exactly.,text/html,,,,,,,30e0d879e8e2abe517f45cf0,,,,,,,,,,,,,,,,,,,,,,,,,,,,,,,,,,,,,,
a52f64c2439dcad71cf82d43,https://coribush.org/issues,https://www.coribush.org/,2021-11-03,2026-08-20T02:09:11.885095+00:00,,data/raw/policy_historical_d/sources/a52f64c2439dcad71cf82d43.html,0722e9146a9aa1090ca0b0c62c8bf739c7577739bf946a298c34437a942f3287,767524,used,Cached candidate source semantically reviewed; packet metadata preserved exactly.,text/html,,,,,,,a52f64c2439dcad71cf82d43,,,,,,,,,,,,,,,,,,,,,,,,,,,,,,,,,,,,,,
2efab7d207f919b2e5c1766c,https://www.athenahollins.com/news/athenawinsprimary,https://www.athenahollins.com/news/athenawinsprimary,2022-08-05,2026-08-20T02:09:35.612239+00:00,,data/raw/policy_historical_d/sources/2efab7d207f919b2e5c1766c.html,52cef4bcb567f42e0c2ba39a79d8ceb1856a670ff7bb11796be81bd846f06a9b,103197,used,Cached candidate source semantically reviewed; packet metadata preserved exactly.,text/html,,,,,,,2efab7d207f919b2e5c1766c,,,,,,,,,,,,,,,,,,,,,,,,,,,,,,,,,,,,,,
7a9c52cde7f6a42f0bf7f483,https://pharaforassembly.com/platform,https://web.archive.org/web/20210105182021/https://pharaforassembly.com/platform/,,2026-08-20T02:08:57.900185+00:00,,data/raw/policy_historical_d/sources/7a9c52cde7f6a42f0bf7f483.html,89c9f73654a48a5f778f3d6e6c58a31cb297db92ce058287995608b8a50dcb0a,107446,used,Cached candidate source semantically reviewed; packet metadata preserved exactly.,text/html,,,,,,,7a9c52cde7f6a42f0bf7f483,,,,2021-01-05,archive_capture_only,,,,,,,,,,,,,,,,,,,,,,,,,,,,,,,,,
51a154da3097137196079f11,https://web.archive.org/web/20220126231521id_/https://zukiellis.com/vision/,https://web.archive.org/web/20220126231521id_/https://zukiellis.com/vision/,,2026-08-21T03:37:48.988920+00:00,,data/raw/policy_historical_d/sources/51a154da3097137196079f11.html,fc06e2eb3667c0a0e44bab122ddf6b48a24a5d1a22c827921080235c1bbdbc7e,164095,used,Cached candidate source semantically reviewed; packet metadata preserved exactly.,text/html,,,,,,,51a154da3097137196079f11,,,,2022-01-26,archive_capture_only,,,,,,,,,,,,,,,,,,,,,,,,,,,,,,,,,
da4449360a2fdfff2c7998c5,https://www.hoyerforcongress.com/news-clips/hoyer-op-ed-county-residents-already-reaping-benefits-health-care-reform,https://www.hoyerforcongress.com/news-clips/hoyer-op-ed-county-residents-already-reaping-benefits-health-care-reform,2023-01-30,2026-08-20T02:53:43.445261+00:00,,data/raw/policy_historical_d/sources/da4449360a2fdfff2c7998c5.html,f3042f01db50a78e80908bfbffff41c091ff8baff6c026d225ffb02bb41e8eec,20602,used,Cached candidate source semantically reviewed; packet metadata preserved exactly.,text/html,,,,,,,da4449360a2fdfff2c7998c5,,,,,,,,,,,,,,,,,,,,,,,,,,,,,,,,,,,,,,
c0cc422d1f47f2ae0585afd6,https://www.fox7austin.com/news/travis-county-district-attorney-race-jose-garza-jeremy-sylestine,https://www.fox7austin.com/news/travis-county-district-attorney-race-jose-garza-jeremy-sylestine,2024-02-20,2026-08-20T19:31:45.699715+00:00,,data/raw/policy_historical_d/sources/c0cc422d1f47f2ae0585afd6.html,c1d9c320e8eea4f5ad83f87f9b25d245d5d3204707b23bd94462099639a8defe,232920,used,Cached candidate source semantically reviewed; packet metadata preserved exactly.,text/html,,,,,,,c0cc422d1f47f2ae0585afd6,,,,,,,,,,,,,,,,,,,,,,,,,,,,,,,,,,,,,,
hd-alexa-avil-s-2025,https://jimowles.org/news/candidate-answers-to-joldc-alexa-avils-for-city-council-district-38-2025,https://jimowles.org/news/candidate-answers-to-joldc-alexa-avils-for-city-council-district-38-2025,2025-04-27,2026-09-23,date_only,data/raw/policy_historical_d/sources/alexa-aviles-joldc-2025.html,db39f11b63ec4fa4285d3ec5eb8c215947782a35752ce2cc97cdc7ec20db8aab,114084,used,"Semantically reviewed candidate-only locator. Printed time element “April 27, 2025” and JSON-LD datePublished 2025-04-27T10:41:08-0400.",text/html,,,,,,,5e53b90acaccfaf09eb85bc1-a2944f51c049,,,,,,,,,,,,['5e53b90acaccfaf09eb85bc1-a2944f51c049'],,,,,,,,,"{'canonical_race_id': 'race-0159b30b2abfcca8ea6b', 'race_id': 'race-0159b30b2abfcca8ea6b', 'candidate_name': 'Alexa Avilés', 'role': 'endorsed', 'election_date': '2025-06-24', 'source_type': 'candidate_questionnaire', 'publication_date': '2025-04-27', 'source_url': 'https://jimowles.org/news/candidate-answers-to-joldc-alexa-avils-for-city-council-district-38-2025', 'archive_url': '', 'candidate_only_locator': 'housing answer'}",,,,,,,,,,,,,,,,,
175a8cb936a8ba34fabccb1f,https://www.bkreader.com/newsletter/meet-your-candidates-alexa-aviles-and-ling-ye-for-city-council-district-38-10485822,https://www.bkreader.com/newsletter/meet-your-candidates-alexa-aviles-and-ling-ye-for-city-council-district-38-10485822,2025-04-08,2026-08-20T19:31:46.083955+00:00,,data/raw/policy_historical_d/sources/175a8cb936a8ba34fabccb1f.html,47b987a380a7422f018f537351e194a2ebe0cbab58ad5f6138e3a133630fe202,56526,used,Cached candidate source semantically reviewed; packet metadata preserved exactly.,text/html,,,,,,,175a8cb936a8ba34fabccb1f,,,,,,,,,,,,,,,,,,,,,,,,,,,,,,,,,,,,,,
hd-zohran-kwame-mamdani-2025,https://jimowles.org/news/candidate-answers-to-joldc-zohran-kwame-mamdani-for-nyc-mayor-2025,https://jimowles.org/news/candidate-answers-to-joldc-zohran-kwame-mamdani-for-nyc-mayor-2025,2025-04-27,2026-09-23,date_only,data/raw/policy_historical_d/sources/zohran-mamdani-joldc-2025.html,fbef2a1d25b14d741490e6488e4a5d0da155645055a902de929fe291861ecbe6,126957,used,"Semantically reviewed candidate-only locator. Printed time element “April 27, 2025” and JSON-LD datePublished 2025-04-27T12:06:47-0400.",text/html,,,,,,,8e21acdbf4f2d62200cc1c24-4d4f6aa618dd,,,,,,,,,,,,['8e21acdbf4f2d62200cc1c24-4d4f6aa618dd'],,,,,,,,,"{'canonical_race_id': 'race-d0d830cb7a9e40e91152', 'race_id': 'race-d0d830cb7a9e40e91152', 'candidate_name': 'Zohran Kwame Mamdani', 'role': 'endorsed', 'election_date': '2025-06-24', 'source_type': 'candidate_questionnaire', 'publication_date': '2025-04-27', 'source_url': 'https://jimowles.org/news/candidate-answers-to-joldc-zohran-kwame-mamdani-for-nyc-mayor-2025', 'archive_url': '', 'candidate_only_locator': 'LGBTQ answer'}",,,,,,,,,,,,,,,,,
1f257d977f015b2213b2d9cc,https://www.andrewcuomo.com/issues,https://www.andrewcuomo.com/issues,2024-02-27,2026-08-20T02:08:09.234144+00:00,,data/raw/policy_historical_d/sources/1f257d977f015b2213b2d9cc.html,2b3c073980fa0a43161951ca4b8f923715aaa5f2ad859fa3c538067afe3c876e,30874,used,Cached candidate source semantically reviewed; packet metadata preserved exactly.,text/html,,,,,,,1f257d977f015b2213b2d9cc,,,,,,,,,,,,,,,,,,,,,,,,,,,,,,,,,,,,,,
52d715db35f35211533b140c,https://www.votekarris.com/issues,https://www.votekarris.com/issues,,2026-08-19T23:52:12.579083+00:00,,data/raw/policy_historical_d/sources/52d715db35f35211533b140c.html,6a152d3a5a66133c59e4b62c409d45d72d758ac1467d35cf3b9f2d03208f2138,315497,timing_unverified,Cached candidate source semantically reviewed; packet metadata preserved exactly.,text/html,,,,,,,52d715db35f35211533b140c,,,,,,,,,,,,,,,,,,,,,,,,,,,,,,,,,,,,,,
94c6667a3ed554b78effc005,https://www.voteaidansova.com/,https://www.voteaidansova.com/,,2026-08-19T23:48:57.906122+00:00,,data/raw/policy_historical_d/sources/94c6667a3ed554b78effc005.html,fb98e9b33b15698be34eb7affb4f4b30185df49e56dd72914a7601225919201a,217320,timing_unverified,Cached candidate source semantically reviewed; packet metadata preserved exactly.,text/html,,,,,,,94c6667a3ed554b78effc005,,,,,,,,,,,,,,,,,,,,,,,,,,,,,,,,,,,,,,
03227dca127090e5af1e31e4,https://www.crowleyforwi.com/Plan,https://www.crowleyforwi.com/Plan,,2026-08-19T23:47:40.935190+00:00,,data/raw/policy_historical_d/sources/03227dca127090e5af1e31e4.html,d97f2cfe05bafcf9b5bd1e15955724f7238285648233a59389e844d2acfe7add,720050,timing_unverified,Cached candidate source semantically reviewed; packet metadata preserved exactly.,text/html,,,,,,,03227dca127090e5af1e31e4,,,,,,,,,,,,,,,,,,,,,,,,,,,,,,,,,,,,,,
3ab2ae282a50f8febf94e3fd,https://www.keldaroys.com/issues,https://www.keldaroys.com/issues,,2026-08-19T23:52:29.607357+00:00,,data/raw/policy_historical_d/sources/3ab2ae282a50f8febf94e3fd.html,92484d6a458fb0550028977f7f5fb2ec5b317ef1ab16109db235e3992d5f8d9a,699825,timing_unverified,Cached candidate source semantically reviewed; packet metadata preserved exactly.,text/html,,,,,,,3ab2ae282a50f8febf94e3fd,,,,,,,,,,,,,,,,,,,,,,,,,,,,,,,,,,,,,,
cd15fc7e33b375d01d6da2ce,https://politicsny.com/2026/05/20/campaign-insiders-a-qa-with-ad-65-candidate-illapa-sairitupac/,https://politicsny.com/2026/05/20/campaign-insiders-a-qa-with-ad-65-candidate-illapa-sairitupac/,2026-05-20,2026-08-20T19:32:50.373310+00:00,,data/raw/policy_historical_d/sources/cd15fc7e33b375d01d6da2ce.html,46df72a225bba1a8922879733216fd3f3d286259302eb5e25f2ac9ac2252bd58,92950,used,Cached candidate source semantically reviewed; packet metadata preserved exactly.,text/html,,,,,,,cd15fc7e33b375d01d6da2ce,,,,,,,,,,,,,,,,,,,,,,,,,,,,,,,,,,,,,,
18a700060c07faf430e3db5a,https://abqdsa.org/electoral-work,https://abqdsa.org/electoral-work,,2026-08-20T19:32:51.262960+00:00,,data/raw/policy_historical_d/sources/18a700060c07faf430e3db5a.html,4f64dca6ce298066f4041e517a1f2a985ee08166dc10bcaf1af3234068123d9a,58469,timing_unverified,Cached candidate source semantically reviewed; packet metadata preserved exactly.,text/html,,,,,,,18a700060c07faf430e3db5a,,,,,,,,,,,,,,,,,,,,,,,,,,,,,,,,,,,,,,
add3cbfb2849ec6cffe97622,https://dylanwegela.com/,https://www.dylanwegela.com/,,2026-08-19T23:30:33.724818+00:00,,data/raw/policy_historical_d/sources/add3cbfb2849ec6cffe97622.html,49994f792018894d622a950847e11466bfa0ed4be8df72ab6c4d2308b0c3d14d,341917,timing_unverified,Cached candidate source semantically reviewed; packet metadata preserved exactly.,text/html,,,,,,,add3cbfb2849ec6cffe97622,,,,,,,,,,,,,,,,,,,,,,,,,,,,,,,,,,,,,,
2b52f4575ae3346d0fe7b11e,https://www.georgeformaryland.com/priorities,https://www.georgeformaryland.com/priorities,2026-01-12,2026-08-20T02:54:04.424747+00:00,,data/raw/policy_historical_d/sources/2b52f4575ae3346d0fe7b11e.html,530ae763ab5693cee7477ee7a55c326e11dfcb8bc5736570597d57dee67f6e2e,1031452,used,Cached candidate source semantically reviewed; packet metadata preserved exactly.,text/html,,,,,,,2b52f4575ae3346d0fe7b11e,,,,,,,,,,,,,,,,,,,,,,,,,,,,,,,,,,,,,,
cacca5fb8a34d19514c6f58e,https://www.gregwims.com/issues,https://www.gregwims.com/issues,,2026-08-19T23:48:55.088153+00:00,,data/raw/policy_historical_d/sources/cacca5fb8a34d19514c6f58e.html,3b3b03ecd07ba9dece6de7bcfe210ee79717c0e733f7992f790cf95698288e4e,1009730,timing_unverified,Cached candidate source semantically reviewed; packet metadata preserved exactly.,text/html,,,,,,,cacca5fb8a34d19514c6f58e,,,,,,,,,,,,,,,,,,,,,,,,,,,,,,,,,,,,,,
5c6c65b4c4710b6f406a3a9f,https://www.ballotready.org/people/aprile-hearn,https://www.ballotready.org/people/aprile-hearn,,2026-08-20T19:32:55.445942+00:00,,data/raw/policy_historical_d/sources/5c6c65b4c4710b6f406a3a9f.html,05019f1dd9b9c22a84758e7ee4f5b3e6d951fb92f44eb0fa9ccdd64d95755eec,97160,identity_only,Superseded aggregator discovery source; the exact quotation now binds to the candidate's own retained page.,text/html,,,,,,,5c6c65b4c4710b6f406a3a9f,,,,,,2026-05-19,data/manual/candidate_source_date_corrections.json,,,,,,,,,,,,,,,,,,,,,,,,,,,,,,,
7cef940a684768fffe1c6686,https://votejameswade.com/,https://www.votejameswade.com/,,2026-08-19T23:58:08.124444+00:00,,data/raw/policy_historical_d/sources/7cef940a684768fffe1c6686.html,3d16a6cceae89a6c0a4088e6c5302ef82e9069e08668a04abd3c5ca021d65b59,1361096,timing_unverified,Cached candidate source semantically reviewed; packet metadata preserved exactly.,text/html,,,,,,,7cef940a684768fffe1c6686,,,,,,,,,,,,,,,,,,,,,,,,,,,,,,,,,,,,,,
replacement-hearn-archive,https://www.aprilehearn.org/d5,https://web.archive.org/web/20260518063520id_/https://www.aprilehearn.org/d5,,2026-09-24T04:09:08.679672+00:00,,data/raw/policy_first_party_replacements/replacement-hearn-archive/ab665d1716b34ad72c1cccddb1c5b070de12c001106d90f35a91241de09c88bb.html,0b694b7b598300ae00db2210da903546bddd82ec47dcf496b7a836ef04620458,712475,used,"The candidate's own campaign platform is retained at the actual May18,2026 pre-primary archive timestamp, and its exact statement matches the earlier aggregator excerpt. This upgrades provenance without creating a duplicate claim.",text/html,,,,,,,51b0a608684e74a90dc60087-ab665d1716b3,,,,,,,,,,,utf-8,['51b0a608684e74a90dc60087-ab665d1716b3'],,,,,,,,,,,,,,,,,,,,,,,,,,
cfol-rochester,https://rocfoodpolicy.org/resources/questionnaire25/,https://rocfoodpolicy.org/resources/questionnaire25/,2025-06-16,2026-09-23T00:49:08-07:00,,data/raw/policy_historical_c/followup/rochester-food-policy-questionnaire-2025.html,3b7e5d6f7d5052f60b1b2db7f9512b1c74f68cd5fe501259f5c526b59c36d69f,446250,used,Follow-up capture from a shared questionnaire or guide family.,text/html,,,,,,,,,,,,,,,,,,,"['12209d396e12f7916ecd08c0-3b7e5d6f7d50', '97b4f21c0b92033546f6a684-3b7e5d6f7d50', 'a7910890fa985fbe8a02da1d-3b7e5d6f7d50', '20b7920e0dee358d105bf5c4-3b7e5d6f7d50', 'f6f7aeaa746de72b9788b985-3b7e5d6f7d50', '63d083baabb5bbc1c80a05d4-3b7e5d6f7d50', 'a0f1683c1d691ee779141151-3b7e5d6f7d50', '7b6f0afd7f03140c8a623c13-3b7e5d6f7d50', 'fd03bac1baaeecf151d62e86-3b7e5d6f7d50', '95386a8a6293c4adaeefcde9-3b7e5d6f7d50', 'f8fec68ce676d9c3b23b44be-3b7e5d6f7d50']",,,,,,,,,,,,,,,,,,,,,,,,,,
67cfcf03261ba65a5cf55d95,https://www.mocoalliance.org/uploads/4/8/8/6/48867647/hamza-khan-county-council-at-large.pdf,https://www.mocoalliance.org/uploads/4/8/8/6/48867647/hamza-khan-county-council-at-large.pdf,,2026-09-23T00:49:08-07:00,,data/raw/policy_historical_c/followup/hamza-khan-moco-alliance-2026.pdf,d1f3d0b5e92d2e1d768f7dd18a07ad2cbaf287089ff1b6199b927bf48c4af980,1716778,timing_unverified,Follow-up capture from a shared questionnaire or guide family.,application/pdf,,,,,,,67cfcf03261ba65a5cf55d95,,,,,,,,,,,,,,,,,,,,,,,,,,,,,,,,,,,,,,
9bfcfc3f4507255ea9a1829c,https://www.montgomery4all.org/scott-evan-goldberg-2026,https://www.montgomery4all.org/scott-evan-goldberg-2026,,2026-09-23T00:49:08-07:00,,data/raw/policy_historical_c/followup/scott-goldberg-montgomery4all-2026.html,ea9cf9e5cfa42fb1c8f8cb6e8c62346aedf8d84676046d04cfc7c4d50e723c1c,363770,timing_unverified,Follow-up capture from a shared questionnaire or guide family.,text/html,,,,,,,9bfcfc3f4507255ea9a1829c,,,,,,,,,,,,,,,,,,,,,,,,,,,,,,,,,,,,,,
aa01cca026c7fd74ee754368,https://www.montgomery4all.org/steve-solomon-2026,https://www.montgomery4all.org/steve-solomon-2026,,2026-09-23T00:49:08-07:00,,data/raw/policy_historical_c/followup/steve-solomon-montgomery4all-2026.html,10fe525b70ad4353dd061a18f3d876830ddcc61199496037bc4fb2aa7942da92,326238,timing_unverified,Follow-up capture from a shared questionnaire or guide family.,text/html,,,,,,,aa01cca026c7fd74ee754368,,,,,,,,,,,,,,,,,,,,,,,,,,,,,,,,,,,,,,
cfol-allegheny-da,https://www.pghcitypaper.com/pittsburgh/election-guide-allegheny-county-district-attorney/Content,https://web.archive.org/web/20190515144333id_/https://www.pghcitypaper.com/pittsburgh/election-guide-allegheny-county-district-attorney/Content?oid=14973316,,2026-09-23T00:49:08-07:00,,data/raw/policy_historical_c/followup/allegheny-da-city-paper-2019.html,8b79298a734e72f57d396590457934cf64ff3ca78fbed90e6ee234c8c1e0f792,131277,used,Follow-up capture from a shared questionnaire or guide family.,text/html,,,,,,,249e202adb733db4dd1e9bff-8b79298a734e,,,,2019-05-15,archive_capture_only,,,,,,,['249e202adb733db4dd1e9bff-8b79298a734e'],,,,,,,,,,,,,,,,,,,,,,,,,,
cfol-lelia,https://www.montgomery4all.org/lelia-true-2026,https://www.montgomery4all.org/lelia-true-2026,,2026-09-23T00:49:08-07:00,,data/raw/policy_historical_c/followup/lelia-true-2026.html,05162ee931ef75638193f270ef301461d53283309d13c44a92f77d175b93f5f1,334592,timing_unverified,Follow-up capture from a shared questionnaire or guide family.,text/html,,,,,,,fd3abd0d040c5cffc3664ada-1812a42e274b,,,,,,,,,,,,['fd3abd0d040c5cffc3664ada-1812a42e274b'],,,,,,,,,,,,,,,,,,,,,,,,,,
cfol-wali,https://www.montgomery4all.org/muhammad-arif-wali-2026,https://www.montgomery4all.org/muhammad-arif-wali-2026,,2026-09-23T00:49:08-07:00,,data/raw/policy_historical_c/followup/muhammad-arif-wali-2026.html,95ab0c53a606e5d14978ec37dd657c2c324e581914a9a15b1ce27b3d9351fdb7,520411,timing_unverified,Follow-up capture from a shared questionnaire or guide family.,text/html,,,,,,,b1c0dc97dfef0179d555f35b-02f91ecf1329,,,,,,,,,,,,['b1c0dc97dfef0179d555f35b-02f91ecf1329'],,,,,,,,,,,,,,,,,,,,,,,,,,
cfol-prabu,https://www.montgomery4all.org/prabu-selvam-2026,https://www.montgomery4all.org/prabu-selvam-2026,,2026-09-23T00:49:08-07:00,,data/raw/policy_historical_c/followup/prabu-selvam-2026.html,988fb4a1da831ba75bf2b026ff9feb800143fa4c1b5eddd206539be3d9e343ef,605369,timing_unverified,Follow-up capture from a shared questionnaire or guide family.,text/html,,,,,,,14a20a0951841e05e128c590-5459d42a84e9,,,,,,,,,,,,['14a20a0951841e05e128c590-5459d42a84e9'],,,,,,,,,,,,,,,,,,,,,,,,,,
cfol-vicki,https://www.montgomery4all.org/vicki-vergagni-2026,https://www.montgomery4all.org/vicki-vergagni-2026,,2026-09-23T00:49:08-07:00,,data/raw/policy_historical_c/followup/vicki-vergagni-2026.html,cc7f6caade56a83cab6c940619e5400a7f9ded5676895fed03d750971d81564f,334736,timing_unverified,Follow-up capture from a shared questionnaire or guide family.,text/html,,,,,,,91993fe1a03444a50ea451e4-94503ac4d14f,,,,,,,,,,,,['91993fe1a03444a50ea451e4-94503ac4d14f'],,,,,,,,,,,,,,,,,,,,,,,,,,
cfol-wynton,https://caribbeanpac.org/documents/2026-candidates/md-candidates-2026/prince-georges/MD%20PG%20Council%205%20Johnson.pdf?usp=drive_link,https://caribbeanpac.org/documents/2026-candidates/md-candidates-2026/prince-georges/MD%20PG%20Council%205%20Johnson.pdf?usp=drive_link,,2026-09-23T00:49:08-07:00,,data/raw/policy_historical_c/followup/wynton-johnson-cpac-2026.pdf,f56eae853ab84863adfe7c319f132530bcaefc294f30ac868d2314a0b2abe7e2,85121,timing_unverified,Follow-up capture from a shared questionnaire or guide family.,application/pdf,,,,,,,65026ba0113dcd7c3769ad5e-f56eae853ab8,,,,,,,,,,,,['65026ba0113dcd7c3769ad5e-f56eae853ab8'],,,,,,,,,,,,,,,,,,,,,,,,,,
cfol-cpac-index,https://caribbeanpac.org/candidates-2026.php,https://caribbeanpac.org/candidates-2026.php,,2026-09-23T00:49:08-07:00,,data/raw/policy_historical_c/followup/cpac-candidates-2026.html,d550bb95be888eec50e68f88549c50061825d366c9f93ba078370ef7a9d6dab8,28371,identity_only,Follow-up capture from a shared questionnaire or guide family.,text/html,,,,,,,,,,,,,,,,,,,,,,,,,"{'election_year': '2026', 'exact_quote': 'Primary Election 2026: Candidate Responses', 'source_locator': 'candidate-response index heading'}",,,,,,,,,,,,,,,,,,,,
cfol-m4a-index,https://www.montgomery4all.org/2026-candidate-questionnaire,https://www.montgomery4all.org/2026-candidate-questionnaire,,2026-09-23T00:49:08-07:00,,data/raw/policy_historical_c/followup/montgomery4all-questionnaire-index-2026.html,8cc3aaad00ea5d225f49f9612107e3a5654e7d1ae9c31588d8348ffac27b7ee0,193960,identity_only,Follow-up capture from a shared questionnaire or guide family.,text/html,,,,,,,,,,,,,,,,,,,,,,,,,,,,,,,,,,,,,,,,,,,,,
rem-evan,https://snapcoalition.org/initiatives/stance-on-science/candidates/ma/evan-mackay,https://snapcoalition.org/initiatives/stance-on-science/candidates/ma/evan-mackay,2026-08-01,2026-09-23T01:35:14-07:00,,data/raw/policy_2026_remaining/evan-mackay-snap-20260801.html,0954773c33a770d346ba530736f85b2c9002e6cf9797ebd4e400a034a9182f62,16679,used,Current-cycle policy recovery or duplicate-identity evidence.,text/html,,,,,,,d8e6e3a0d6d33adeb88d3fb3-0954773c33a7,,,,,,,,,,,,['d8e6e3a0d6d33adeb88d3fb3-0954773c33a7'],,,,,,,,,,,,,,,,,,,,,,,,,,
rem-taylor,https://utahpolicy.com/news-release/76453-taylor-paden-launches-campaign-for-utah-senate-district-13?noamp=mobile,https://utahpolicy.com/news-release/76453-taylor-paden-launches-campaign-for-utah-senate-district-13?noamp=mobile,2026-01-20,2026-09-23T01:35:14-07:00,,data/raw/policy_2026_remaining/taylor-paden-launch-20260120.html,639842462f8150c7f389fd31fed06a5d9df6f36385499ba60f98011d590fefc6,204973,used,Current-cycle policy recovery or duplicate-identity evidence.,text/html,,,,,,,3350fd31e170c06da236efa3-639842462f81,,,,,,,,,,,,['3350fd31e170c06da236efa3-639842462f81'],,,,,,,,,,,,,,,,,,,,,,,,,,
rem-maryam,https://ctmirror.org/2026/07/22/primary-ct-senate-doug-mccrory-maryam-khan-ayana-taylor/,https://ctmirror.org/2026/07/22/primary-ct-senate-doug-mccrory-maryam-khan-ayana-taylor/,2026-07-22,2026-09-23T01:35:14-07:00,,data/raw/policy_2026_remaining/maryam-khan-ctmirror-20260722.html,6a4e39eeb95a54ac2d531940c46bf56093d597fb08096c41415535ebf0b3226a,356574,used,Current-cycle policy recovery or duplicate-identity evidence.,text/html,,,,,,,,,,,,,,,,,,,"['3ffdd70a7cbeef8c709d9838-e60c98936499', '4b222108fb007505ab204cc5-e60c98936499']",,,,,,,,,,,,,,,,,,,,,,,,,,
rem-farrah,https://www.chaichifororegon.com/the-issues,https://www.chaichifororegon.com/the-issues,,2026-09-23T01:35:14-07:00,,data/raw/policy_2026_remaining/farrah-chaichi-current-issues.html,b7ae2d6629c3e3b481a383c5df83a9c22d11707478e53b15099006230511cee9,495270,timing_unverified,Current-cycle policy recovery or duplicate-identity evidence.,text/html,,,,,,,45e0ffa5781004672b5d488d-b7ae2d6629c3,,,,,,,,,,,,['45e0ffa5781004672b5d488d-b7ae2d6629c3'],,,,,,,,,,,,,,,,,,,,,,,,,,
rem-pamela,https://pamelalpugh.com/,https://pamelalpugh.com/,,2026-09-23T01:35:14-07:00,,data/raw/policy_2026_remaining/pamela-pugh-campaign.html,b3168e0a7e5e3c55ee85d2c774856c3081ec2fc849b746c5c8b664ed2d63cfce,48327,timing_unverified,Current-cycle policy recovery or duplicate-identity evidence.,text/html,,,,,,,3e1b4558dd9d6c2d48b15ab8-b3168e0a7e5e,,,,,,,,,,,,['3e1b4558dd9d6c2d48b15ab8-b3168e0a7e5e'],,,,,,,,,,,,,,,,,,,,,,,,,,
rem-conrad,https://jimowles.org/news/candidate-answers-to-joldc-conrad-blackburn-for-ny-assembly-district-70-2026,https://jimowles.org/news/candidate-answers-to-joldc-conrad-blackburn-for-ny-assembly-district-70-2026,2026-03-22,2026-09-23T01:35:14-07:00,,data/raw/policy_2026_remaining/conrad-blackburn-joldc-20260322.html,e6ed74cb770ded31095c4fd587cd4ba591273a7e9c87f5e2a8d2f5a8e4877271,33858,used,Current-cycle policy recovery or duplicate-identity evidence.,text/html,,,,,,,68cde01ed9097c62d0f5db20-e6ed74cb770d,,,,,,,,,,,,['68cde01ed9097c62d0f5db20-e6ed74cb770d'],,,,,,,,,,2026-03-23,,,,,,,,,,,,,,,,
rem-satnaam-excluded,https://www.letsgomago.com/issues,https://www.letsgomago.com/issues,,2026-09-23T01:35:14-07:00,,data/raw/policy_2026_remaining/satnaam-mago-issues.html,d1c26df24fc7b5c859767812a6feda4eb736b173a782f9247a101bc53156fc9c,3312,excluded,Current-cycle policy recovery or duplicate-identity evidence.,text/html,,,,,,,,,,,,,,,,,,,,,,,,,,,,,,,,,,,,,,,,,,,,,
rem-bell-excluded,https://bell4ky.com/,https://bell4ky.com/,,2026-09-23T01:35:14-07:00,,data/raw/policy_2026_remaining/robert-bell-campaign.html,80a265bed528211aa708dcd58f7a95db36eeb7f873c6fe4ddab0b3a1dc0973a4,226,excluded,Current-cycle policy recovery or duplicate-identity evidence.,text/html,,,,,,,,,,,,,,,,,,,,,,,,,,,,,,,,,,,,,,,,,,,,,
rem-mckinney-id,https://www.donavanforcongress.com/priorities,https://www.donavanforcongress.com/priorities,,2026-09-23T01:35:14-07:00,,data/raw/policy_2026_remaining/donavan-mckinney-priorities.html,6c2d146ff1c8edc8cd255cd69513b6541e4dba8288b748a47785cae75e5843a3,433823,identity_only,Current-cycle policy recovery or duplicate-identity evidence.,text/html,,,,,,,,,,,,,,,,,,,,,,,,,,,,,,,,,,,,,,,,,,,,,
rem-mathewos-id,https://atlantaciviccircle.org/2026/04/01/unexpected-candidate-dsa-mathewos-samson-legislature-georgia,https://atlantaciviccircle.org/2026/04/01/unexpected-candidate-dsa-mathewos-samson-legislature-georgia,2026-04-01,2026-09-23T01:35:14-07:00,,data/raw/policy_2026_remaining/mathewos-samson-interview.html,1762fc5622cee44d475ebe94e14fa485b3a09cb88bdf8d8be20ed2166d5a40ac,211695,identity_only,Current-cycle policy recovery or duplicate-identity evidence.,text/html,,,,,,,,,,,,,,,,,,,,,,,,,,,,,,,,,,,,,,,,,,,,,
rem-val-id,https://www.clarkcountynv.gov/adobe/assets/urn%3Aaaid%3Aaem%3Afe5dbe41-e2b2-402e-a651-cbe5e6ea53bc/original/as/Contests-Candidates-All-26.pdf,https://www.clarkcountynv.gov/adobe/assets/urn%3Aaaid%3Aaem%3Afe5dbe41-e2b2-402e-a651-cbe5e6ea53bc/original/as/Contests-Candidates-All-26.pdf,,2026-09-23T01:35:14-07:00,,data/raw/policy_2026_remaining/nevada-candidates-2026.pdf,076dd44f7c14152811c07fbe3606aad5502d054bfa200f3a13f9c565fc882a58,550353,identity_only,Current-cycle policy recovery or duplicate-identity evidence.,application/pdf,,,,,,,,,,,,,,,,,,,,,,,"{'source_locator': 'PDF page 7, State Assembly District 10', 'exact_quote': 'State Assembly District 10 Thomason Val DEM 2 Primary'}",,,,,,,,,,,,,,,,,,,,,,
rem-val-context,https://lvdsa.org/campaign/val-thomason-for-ad10-2026/,https://lvdsa.org/campaign/val-thomason-for-ad10-2026/,,2026-09-23T01:35:14-07:00,,data/raw/policy_2026_remaining/val-thomason-lvdsa.html,e47023e1466b97cc4c0b997ad1e36f06bcb2ab4cf9c062186c6a9daa532e1776,71716,identity_only,Current-cycle policy recovery or duplicate-identity evidence.,text/html,,,,,,,,,,,,,,,,,,,,,,,,,,,,,,,,,,,,,,,,,,,,,
joldc-6a2d8466ba8bd24e6384f8fe-lead1,https://jimowles.org/news/candidate-answers-to-joldc-claire-valdez-for-us-congress-ny-07-2026,https://jimowles.org/news/candidate-answers-to-joldc-claire-valdez-for-us-congress-ny-07-2026,2026-03-22,2026-09-23T08:10:56.505020+00:00,,data/raw/questionnaire_library/joldc/post-6a2d8466ba8bd24e6384f8fe-75c974377f69f6f0e7e0a3b56f87cb368a682a104ad4396a1eacb656a1057d08.html,1dce34b32e463316526f483c4fc3fd14a6d9d5da2572951a37d8938fe0120dee,16474,used,Body candidate name and office/cycle match canonical registry context.,text/html,publisher_api_post_body,,,,,,7aebf90869da9af6e9b494b2-1dce34b32e46,,,,,,,,,2026-06-13,,,['7aebf90869da9af6e9b494b2-1dce34b32e46'],,,,,,,,,"{'canonical_race_id': 'race-d2aabb75a31f1e810737', 'race_id': 'race-d2aabb75a31f1e810737', 'candidate_name': 'Claire Valdez', 'role': 'endorsed', 'election_date': '2026-06-23', 'source_type': 'candidate_questionnaire', 'publication_date': '2026-03-22', 'source_url': 'https://jimowles.org/news/candidate-answers-to-joldc-claire-valdez-for-us-congress-ny-07-2026', 'archive_url': '', 'candidate_only_locator': 'Questionnaire body header: Candidate Name Claire Valdez; Office US Congress NY-07'}",,https://jimowles.org/news?category=questionnaire&format=json,data/raw/questionnaire_library/joldc/post-6a2d8466ba8bd24e6384f8fe-75c974377f69f6f0e7e0a3b56f87cb368a682a104ad4396a1eacb656a1057d08.json,data/raw/questionnaire_library/joldc/index-a328fe6169a53a4bc1ce6279f22e02590dea195a11ffa2e54906d4ff2af3bc9e.json.gz,5,America/New_York,75c974377f69f6f0e7e0a3b56f87cb368a682a104ad4396a1eacb656a1057d08,a328fe6169a53a4bc1ce6279f22e02590dea195a11ffa2e54906d4ff2af3bc9e,,,,,,,,,
joldc-6a25eca6d8c9092abdbd08cb-lead2,https://jimowles.org/news/candidate-answers-to-joldc-julie-won-for-us-congress-ny-07-2026,https://jimowles.org/news/candidate-answers-to-joldc-julie-won-for-us-congress-ny-07-2026,2026-03-22,2026-09-23T08:10:56.505020+00:00,,data/raw/questionnaire_library/joldc/post-6a25eca6d8c9092abdbd08cb-6c522508e7117a07d58a2a9a617d175cf1706c2480835ebc09ce2a565d048cbb.html,5d600eab0a551b0913837931694017e47d67b2ad0050d27397cdc768ee28bae5,20511,used,Body candidate name and office/cycle match canonical registry context.,text/html,publisher_api_post_body,,,,,,f0b4d8330c71f165616873da-5d600eab0a55,,,,,,,,,2026-06-07,,,['f0b4d8330c71f165616873da-5d600eab0a55'],,,,,,,,,"{'canonical_race_id': 'race-d2aabb75a31f1e810737', 'race_id': 'race-d2aabb75a31f1e810737', 'candidate_name': 'Julie Won', 'role': 'opponent', 'election_date': '2026-06-23', 'source_type': 'candidate_questionnaire', 'publication_date': '2026-03-22', 'source_url': 'https://jimowles.org/news/candidate-answers-to-joldc-julie-won-for-us-congress-ny-07-2026', 'archive_url': '', 'candidate_only_locator': 'Questionnaire body header: Candidate Name Julie Won; Office US Congress NY-07'}",,https://jimowles.org/news?category=questionnaire&format=json,data/raw/questionnaire_library/joldc/post-6a25eca6d8c9092abdbd08cb-6c522508e7117a07d58a2a9a617d175cf1706c2480835ebc09ce2a565d048cbb.json,data/raw/questionnaire_library/joldc/index-a328fe6169a53a4bc1ce6279f22e02590dea195a11ffa2e54906d4ff2af3bc9e.json.gz,6,America/New_York,6c522508e7117a07d58a2a9a617d175cf1706c2480835ebc09ce2a565d048cbb,a328fe6169a53a4bc1ce6279f22e02590dea195a11ffa2e54906d4ff2af3bc9e,,,,,,,,,
joldc-6a2d896ea5bfda283e8367a1-lead3,https://jimowles.org/news/candidate-answers-to-joldc-antonio-reynoso-for-us-congress-ny-07-2026,https://jimowles.org/news/candidate-answers-to-joldc-antonio-reynoso-for-us-congress-ny-07-2026,2026-03-22,2026-09-23T08:10:56.505020+00:00,,data/raw/questionnaire_library/joldc/post-6a2d896ea5bfda283e8367a1-cccbb3c542710653399ffbce532d5bb95754961c4c1d8a3f1c338ce81f06409e.html,fa6a408d3aaf6e5fc7b3ab47db92a434a9b8a94044d40003c5c6f8e5dd504ce9,23377,used,Body candidate name and office/cycle match canonical registry context.,text/html,publisher_api_post_body,,,,,,ae8b6b1b4122c099d9b9d9b4-fa6a408d3aaf,,,,,,,,,2026-06-13,,,['ae8b6b1b4122c099d9b9d9b4-fa6a408d3aaf'],,,,,,,,,"{'canonical_race_id': 'race-d2aabb75a31f1e810737', 'race_id': 'race-d2aabb75a31f1e810737', 'candidate_name': 'Antonio Reynoso', 'role': 'opponent', 'election_date': '2026-06-23', 'source_type': 'candidate_questionnaire', 'publication_date': '2026-03-22', 'source_url': 'https://jimowles.org/news/candidate-answers-to-joldc-antonio-reynoso-for-us-congress-ny-07-2026', 'archive_url': '', 'candidate_only_locator': 'Questionnaire body header: Candidate Name Antonio Reynoso; Office US Congress NY-07'}",,https://jimowles.org/news?category=questionnaire&format=json,data/raw/questionnaire_library/joldc/post-6a2d896ea5bfda283e8367a1-cccbb3c542710653399ffbce532d5bb95754961c4c1d8a3f1c338ce81f06409e.json,data/raw/questionnaire_library/joldc/index-a328fe6169a53a4bc1ce6279f22e02590dea195a11ffa2e54906d4ff2af3bc9e.json.gz,7,America/New_York,cccbb3c542710653399ffbce532d5bb95754961c4c1d8a3f1c338ce81f06409e,a328fe6169a53a4bc1ce6279f22e02590dea195a11ffa2e54906d4ff2af3bc9e,,,,,,,,,
joldc-6a165d9194b755418ab57eb3-lead4,https://jimowles.org/news/candidate-answers-to-joldc-adriano-espaillat-for-us-congress-ny-13-2026,https://jimowles.org/news/candidate-answers-to-joldc-adriano-espaillat-for-us-congress-ny-13-2026,2026-03-22,2026-09-23T08:10:56.505020+00:00,,data/raw/questionnaire_library/joldc/post-6a165d9194b755418ab57eb3-40d0d6b7b23a0b37136467c330b093c21acd0ca04e4a3e34734cc5853faaed2c.html,6f9aefea1c525880d7883d25c7d9a0a10868b38a15e7d155befa5d9cd1f57eb2,21055,used,Body candidate name and office/cycle match canonical registry context.,text/html,publisher_api_post_body,,,,,,8b5fb60a90873a6ee239536e-6f9aefea1c52,,,,,,,,,2026-06-13,,,['8b5fb60a90873a6ee239536e-6f9aefea1c52'],,,,,,,,,"{'canonical_race_id': 'race-64bde8b146c8826d40ce', 'race_id': 'race-64bde8b146c8826d40ce', 'candidate_name': 'Adriano Espaillat', 'role': 'opponent', 'election_date': '2026-06-23', 'source_type': 'candidate_questionnaire', 'publication_date': '2026-03-22', 'source_url': 'https://jimowles.org/news/candidate-answers-to-joldc-adriano-espaillat-for-us-congress-ny-13-2026', 'archive_url': '', 'candidate_only_locator': 'Questionnaire body header: Candidate Name Adriano Espaillat; Office US Congress NY-13'}",,https://jimowles.org/news?category=questionnaire&format=json,data/raw/questionnaire_library/joldc/post-6a165d9194b755418ab57eb3-40d0d6b7b23a0b37136467c330b093c21acd0ca04e4a3e34734cc5853faaed2c.json,data/raw/questionnaire_library/joldc/index-a328fe6169a53a4bc1ce6279f22e02590dea195a11ffa2e54906d4ff2af3bc9e.json.gz,13,America/New_York,40d0d6b7b23a0b37136467c330b093c21acd0ca04e4a3e34734cc5853faaed2c,a328fe6169a53a4bc1ce6279f22e02590dea195a11ffa2e54906d4ff2af3bc9e,,,,,,,,,
joldc-6a2d8cd9a5357c1b9f317b0e-lead5,https://jimowles.org/news/candidate-answers-to-joldc-pia-rahman-for-ny-assembly-district-37-2026,https://jimowles.org/news/candidate-answers-to-joldc-pia-rahman-for-ny-assembly-district-37-2026,2026-03-22,2026-09-23T08:10:56.505020+00:00,,data/raw/questionnaire_library/joldc/post-6a2d8cd9a5357c1b9f317b0e-d3f3099e1048d72e8de278a5d2cccbef95bd2a40fb094bc60c20180d316f6c88.html,40c839096de6e9a5135f55af3b2d6feccbaad05039e642267a47cda57422b3ad,34473,used,Body candidate name and office/cycle match canonical registry context.,text/html,publisher_api_post_body,,,,,,d07c9588c4985d29a20a34ab-40c839096de6,,,,,,,,,2026-06-13,,,['d07c9588c4985d29a20a34ab-40c839096de6'],,,,,,,,,"{'canonical_race_id': 'race-a8714bfc41c3a8b6f98f', 'race_id': 'race-a8714bfc41c3a8b6f98f', 'candidate_name': 'Pia Rahman', 'role': 'opponent', 'election_date': '2026-06-23', 'source_type': 'candidate_questionnaire', 'publication_date': '2026-03-22', 'source_url': 'https://jimowles.org/news/candidate-answers-to-joldc-pia-rahman-for-ny-assembly-district-37-2026', 'archive_url': '', 'candidate_only_locator': 'Questionnaire body header: Candidate Name Pia Rahman; Office NY Assembly District 37'}",,https://jimowles.org/news?category=questionnaire&format=json,data/raw/questionnaire_library/joldc/post-6a2d8cd9a5357c1b9f317b0e-d3f3099e1048d72e8de278a5d2cccbef95bd2a40fb094bc60c20180d316f6c88.json,data/raw/questionnaire_library/joldc/index-a328fe6169a53a4bc1ce6279f22e02590dea195a11ffa2e54906d4ff2af3bc9e.json.gz,19,America/New_York,d3f3099e1048d72e8de278a5d2cccbef95bd2a40fb094bc60c20180d316f6c88,a328fe6169a53a4bc1ce6279f22e02590dea195a11ffa2e54906d4ff2af3bc9e,,,,,,,,,
joldc-6a2d726ec0ea63175eab006e-lead6,https://jimowles.org/news/candidate-answers-to-joldc-david-orkin-for-ny-assembly-district-38-2026,https://jimowles.org/news/candidate-answers-to-joldc-david-orkin-for-ny-assembly-district-38-2026,2026-03-22,2026-09-23T08:10:58.604844+00:00,,data/raw/questionnaire_library/joldc/post-6a2d726ec0ea63175eab006e-6d4f61ca07b16c6827417f93191fef92708cc7e172439aba7bfeabe9b3337ec6.html,9f81f8f042ac7b9773f59d496a462c8bde33e0c54417ad3aafd2f84a613f4a91,39213,used,Body candidate name and office/cycle match canonical registry context.,text/html,publisher_api_post_body,,,,,,d2dffa52b686aca1b1bd3ef8-9f81f8f042ac,,,,,,,,,2026-06-13,,,['d2dffa52b686aca1b1bd3ef8-9f81f8f042ac'],,,,,,,,,"{'canonical_race_id': 'race-39f265caadf4efc1cdd3', 'race_id': 'race-39f265caadf4efc1cdd3', 'candidate_name': 'David Orkin', 'role': 'endorsed', 'election_date': '2026-06-23', 'source_type': 'candidate_questionnaire', 'publication_date': '2026-03-22', 'source_url': 'https://jimowles.org/news/candidate-answers-to-joldc-david-orkin-for-ny-assembly-district-38-2026', 'archive_url': '', 'candidate_only_locator': 'Questionnaire body header: Candidate Name David Orkin; Office NY Assembly District 38'}",,https://jimowles.org/news?category=questionnaire&format=json&offset=1774234380853,data/raw/questionnaire_library/joldc/post-6a2d726ec0ea63175eab006e-6d4f61ca07b16c6827417f93191fef92708cc7e172439aba7bfeabe9b3337ec6.json,data/raw/questionnaire_library/joldc/index-5e5d5892633145c16cb68fa469ebb6b2c0a2db5d2b94f1ec843eebace808eff5.json.gz,0,America/New_York,6d4f61ca07b16c6827417f93191fef92708cc7e172439aba7bfeabe9b3337ec6,5e5d5892633145c16cb68fa469ebb6b2c0a2db5d2b94f1ec843eebace808eff5,,,,,,,,,
joldc-69c05746c501fc51342bc2a6-lead7,https://jimowles.org/news/candidate-answers-to-joldc-emily-gallagher-for-ny-assembly-district-50-2026,https://jimowles.org/news/candidate-answers-to-joldc-emily-gallagher-for-ny-assembly-district-50-2026,2026-03-22,2026-09-23T08:10:58.604844+00:00,,data/raw/questionnaire_library/joldc/post-69c05746c501fc51342bc2a6-762a9da14215ad0fa2643a2cab082b360dab74b9c1f7975633a4c0c497d5361c.html,001740677d03e943788731ea2d0ad8109ff202a8e2ef4fe1b82f30898d07dd05,14916,used,Body candidate name and office/cycle match canonical registry context.,text/html,publisher_api_post_body,,,,,,b1f20a1cc796a9976741b7b4-001740677d03,,,,,,,,,2026-03-23,,,['b1f20a1cc796a9976741b7b4-001740677d03'],,,,,,,,,"{'canonical_race_id': 'race-3ecc1eb1bf0838801a6b', 'race_id': 'race-3ecc1eb1bf0838801a6b', 'candidate_name': 'Emily Gallagher', 'role': 'endorsed', 'election_date': '2026-06-23', 'source_type': 'candidate_questionnaire', 'publication_date': '2026-03-22', 'source_url': 'https://jimowles.org/news/candidate-answers-to-joldc-emily-gallagher-for-ny-assembly-district-50-2026', 'archive_url': '', 'candidate_only_locator': 'Questionnaire body header: Candidate Name Emily Gallagher; Office NY Assembly District 50'}",,https://jimowles.org/news?category=questionnaire&format=json&offset=1774234380853,data/raw/questionnaire_library/joldc/post-69c05746c501fc51342bc2a6-762a9da14215ad0fa2643a2cab082b360dab74b9c1f7975633a4c0c497d5361c.json,data/raw/questionnaire_library/joldc/index-5e5d5892633145c16cb68fa469ebb6b2c0a2db5d2b94f1ec843eebace808eff5.json.gz,3,America/New_York,762a9da14215ad0fa2643a2cab082b360dab74b9c1f7975633a4c0c497d5361c,5e5d5892633145c16cb68fa469ebb6b2c0a2db5d2b94f1ec843eebace808eff5,,,,,,,,,
joldc-69c013f9deb04c144dc13321-lead8,https://jimowles.org/news/candidate-answers-to-joldc-christian-celeste-tate-for-ny-assembly-district-54-2026,https://jimowles.org/news/candidate-answers-to-joldc-christian-celeste-tate-for-ny-assembly-district-54-2026,2026-03-22,2026-09-23T08:10:58.604844+00:00,,data/raw/questionnaire_library/joldc/post-69c013f9deb04c144dc13321-5eac329e6ed8df58481c78140c47d19d2b34c5d633f4ba4b1c6d4d6409e7383e.html,d7991adb4e31e497d72c76485d051aa7f7f8d6de7a9ffbcd6f6adff078858708,25506,used,Body candidate name and office/cycle match canonical registry context.,text/html,publisher_api_post_body,,,,,,90d404144d74dc2a5531dd6f-d7991adb4e31,,,,,,,,,2026-03-23,,,['90d404144d74dc2a5531dd6f-d7991adb4e31'],,,,,,,,,"{'canonical_race_id': 'race-7d1d86d506cf06be54a0', 'race_id': 'race-7d1d86d506cf06be54a0', 'candidate_name': 'Christian Celeste Tate', 'role': 'endorsed', 'election_date': '2026-06-23', 'source_type': 'candidate_questionnaire', 'publication_date': '2026-03-22', 'source_url': 'https://jimowles.org/news/candidate-answers-to-joldc-christian-celeste-tate-for-ny-assembly-district-54-2026', 'archive_url': '', 'candidate_only_locator': 'Questionnaire body header: Candidate Name Christian Celeste Tate; Office NY Assembly District 54'}",,https://jimowles.org/news?category=questionnaire&format=json&offset=1774234380853,data/raw/questionnaire_library/joldc/post-69c013f9deb04c144dc13321-5eac329e6ed8df58481c78140c47d19d2b34c5d633f4ba4b1c6d4d6409e7383e.json,data/raw/questionnaire_library/joldc/index-5e5d5892633145c16cb68fa469ebb6b2c0a2db5d2b94f1ec843eebace808eff5.json.gz,5,America/New_York,5eac329e6ed8df58481c78140c47d19d2b34c5d633f4ba4b1c6d4d6409e7383e,5e5d5892633145c16cb68fa469ebb6b2c0a2db5d2b94f1ec843eebace808eff5,,,,,,,,,
joldc-6a2d7d8b63e9523cf3f1c866-lead9,https://jimowles.org/news/candidate-answers-to-joldc-eon-huntley-for-ny-assembly-district-56-2026,https://jimowles.org/news/candidate-answers-to-joldc-eon-huntley-for-ny-assembly-district-56-2026,2026-03-22,2026-09-23T08:10:58.604844+00:00,,data/raw/questionnaire_library/joldc/post-6a2d7d8b63e9523cf3f1c866-fb9911a2804aef67422e27525ad72056e2331f09cd5a9f81bb0813d3d093edb3.html,55410d8c85d4e354276a1fb823099239b604c391e647b001f42ad134aac5dda9,28003,used,Body candidate name and office/cycle match canonical registry context.,text/html,publisher_api_post_body,,,,,,972b6cc2bc365160de322a79-55410d8c85d4,,,,,,,,,2026-06-13,,,['972b6cc2bc365160de322a79-55410d8c85d4'],,,,,,,,,"{'canonical_race_id': 'race-8b7a8f7e7882f4f63dbb', 'race_id': 'race-8b7a8f7e7882f4f63dbb', 'candidate_name': 'Eon Huntley', 'role': 'endorsed', 'election_date': '2026-06-23', 'source_type': 'candidate_questionnaire', 'publication_date': '2026-03-22', 'source_url': 'https://jimowles.org/news/candidate-answers-to-joldc-eon-huntley-for-ny-assembly-district-56-2026', 'archive_url': '', 'candidate_only_locator': 'Questionnaire body header: Candidate Name Eon Huntley; Office NY Assembly District 56'}",,https://jimowles.org/news?category=questionnaire&format=json&offset=1774234380853,data/raw/questionnaire_library/joldc/post-6a2d7d8b63e9523cf3f1c866-fb9911a2804aef67422e27525ad72056e2331f09cd5a9f81bb0813d3d093edb3.json,data/raw/questionnaire_library/joldc/index-5e5d5892633145c16cb68fa469ebb6b2c0a2db5d2b94f1ec843eebace808eff5.json.gz,6,America/New_York,fb9911a2804aef67422e27525ad72056e2331f09cd5a9f81bb0813d3d093edb3,5e5d5892633145c16cb68fa469ebb6b2c0a2db5d2b94f1ec843eebace808eff5,,,,,,,,,
joldc-69c052c3e2c87c2027db8c4a-lead10,https://jimowles.org/news/candidate-answers-to-joldc-stefani-l-zinerman-for-ny-assembly-district-56-2026,https://jimowles.org/news/candidate-answers-to-joldc-stefani-l-zinerman-for-ny-assembly-district-56-2026,2026-03-22,2026-09-23T08:10:58.604844+00:00,,data/raw/questionnaire_library/joldc/post-69c052c3e2c87c2027db8c4a-d6be39b52341baa1115df7656e196e382bb8fa2135f19af8599c9d9a6ba232b1.html,4caf5af7a60d2d89674d48580735eacef134717787edab95f4cbe19e798943ee,28989,used,Body candidate name and office/cycle match canonical registry context.,text/html,publisher_api_post_body,,,,,,4bf5489571d8fd9816e32808-4caf5af7a60d,,,,,,,,,2026-03-23,,,['4bf5489571d8fd9816e32808-4caf5af7a60d'],,,,,,,,,"{'canonical_race_id': 'race-8b7a8f7e7882f4f63dbb', 'race_id': 'race-8b7a8f7e7882f4f63dbb', 'candidate_name': 'Stefani L. Zinerman', 'role': 'opponent', 'election_date': '2026-06-23', 'source_type': 'candidate_questionnaire', 'publication_date': '2026-03-22', 'source_url': 'https://jimowles.org/news/candidate-answers-to-joldc-stefani-l-zinerman-for-ny-assembly-district-56-2026', 'archive_url': '', 'candidate_only_locator': 'Questionnaire body header: Candidate Name Stefani L. Zinerman; Office NY Assembly District 56'}",,https://jimowles.org/news?category=questionnaire&format=json&offset=1774234380853,data/raw/questionnaire_library/joldc/post-69c052c3e2c87c2027db8c4a-d6be39b52341baa1115df7656e196e382bb8fa2135f19af8599c9d9a6ba232b1.json,data/raw/questionnaire_library/joldc/index-5e5d5892633145c16cb68fa469ebb6b2c0a2db5d2b94f1ec843eebace808eff5.json.gz,7,America/New_York,d6be39b52341baa1115df7656e196e382bb8fa2135f19af8599c9d9a6ba232b1,5e5d5892633145c16cb68fa469ebb6b2c0a2db5d2b94f1ec843eebace808eff5,,,,,,,,,
joldc-69c06114976a9d427944ece1-lead11,https://jimowles.org/news/candidate-answers-to-joldc-conrad-blackburn-for-ny-assembly-district-70-2026,https://jimowles.org/news/candidate-answers-to-joldc-conrad-blackburn-for-ny-assembly-district-70-2026,2026-03-22,2026-09-23T08:10:58.604844+00:00,,data/raw/questionnaire_library/joldc/post-69c06114976a9d427944ece1-56547eed16d973c2c8820390336affa3581d452893a58e26b09957c32037d1ca.html,e6ed74cb770ded31095c4fd587cd4ba591273a7e9c87f5e2a8d2f5a8e4877271,33858,used,Body candidate name and office/cycle match canonical registry context.,text/html,publisher_api_post_body,,,,,,9c1b459432066b148216b48f-e6ed74cb770d,,,,,,,,,2026-03-23,,,['9c1b459432066b148216b48f-e6ed74cb770d'],,,,,,,,,"{'canonical_race_id': 'race-81e2713609390a44638a', 'race_id': 'race-81e2713609390a44638a', 'candidate_name': 'Conrad Blackburn', 'role': 'endorsed', 'election_date': '2026-06-23', 'source_type': 'candidate_questionnaire', 'publication_date': '2026-03-22', 'source_url': 'https://jimowles.org/news/candidate-answers-to-joldc-conrad-blackburn-for-ny-assembly-district-70-2026', 'archive_url': '', 'candidate_only_locator': 'Questionnaire body header: Candidate Name Conrad Blackburn; Office NY Assembly District 70'}",,https://jimowles.org/news?category=questionnaire&format=json&offset=1774234380853,data/raw/questionnaire_library/joldc/post-69c06114976a9d427944ece1-56547eed16d973c2c8820390336affa3581d452893a58e26b09957c32037d1ca.json,data/raw/questionnaire_library/joldc/index-5e5d5892633145c16cb68fa469ebb6b2c0a2db5d2b94f1ec843eebace808eff5.json.gz,17,America/New_York,56547eed16d973c2c8820390336affa3581d452893a58e26b09957c32037d1ca,5e5d5892633145c16cb68fa469ebb6b2c0a2db5d2b94f1ec843eebace808eff5,,,,,,,,,
joldc-6a1660240a47f227dc0f5ee2-lead12,https://jimowles.org/news/candidate-answers-to-joldc-jenifer-rajkumar-for-ny-senate-district-38-2026,https://jimowles.org/news/candidate-answers-to-joldc-jenifer-rajkumar-for-ny-senate-district-38-2026,2026-03-22,2026-09-23T08:11:00.742998+00:00,,data/raw/questionnaire_library/joldc/post-6a1660240a47f227dc0f5ee2-0495d11b908fd846e879dfd6df3e1f6257aaacb334a70ced8ed1162e45575d46.html,718ee84f25c6753b9bdf406c0c738daa1edf454d1f5c96ac1352b3a7fea26ff8,16570,excluded,"Body office is 'New York State Senate District 38', which does not match canonical State Assembly District 38.",text/html,publisher_api_post_body,,,,,,,,,,,,,,,2026-06-13,,,,,,,,,,,,"{'canonical_race_id': 'race-39f265caadf4efc1cdd3', 'race_id': 'race-39f265caadf4efc1cdd3', 'candidate_name': 'Jenifer Rajkumar', 'role': 'opponent', 'election_date': '2026-06-23', 'source_type': 'candidate_questionnaire', 'publication_date': '2026-03-22', 'source_url': 'https://jimowles.org/news/candidate-answers-to-joldc-jenifer-rajkumar-for-ny-senate-district-38-2026', 'archive_url': '', 'candidate_only_locator': 'Questionnaire body header: Candidate Name Jenifer Rajkumar; Office New York State Senate District 38'}",,https://jimowles.org/news?category=questionnaire&format=json&offset=1774232220985,data/raw/questionnaire_library/joldc/post-6a1660240a47f227dc0f5ee2-0495d11b908fd846e879dfd6df3e1f6257aaacb334a70ced8ed1162e45575d46.json,data/raw/questionnaire_library/joldc/index-6d52b50e7028b6cbacac9b4f3d7284b6f1a3dd7c4cec1228ffe6431595b364df.json.gz,13,America/New_York,0495d11b908fd846e879dfd6df3e1f6257aaacb334a70ced8ed1162e45575d46,6d52b50e7028b6cbacac9b4f3d7284b6f1a3dd7c4cec1228ffe6431595b364df,,,,,,,,,
joldc-680e5907dbf82322a075d07e-lead13,https://jimowles.org/news/antonio-reynoso-for-brooklyn-borough-president-2025,https://jimowles.org/news/antonio-reynoso-for-brooklyn-borough-president-2025,2025-04-30,2026-09-23T08:11:00.742998+00:00,,data/raw/questionnaire_library/joldc/post-680e5907dbf82322a075d07e-def57c70a96c151f08eaf1ad81b10b923e8c68191d75de6daf5cfbc45a427e5e.html,fefdde4ab9519b10a6c8af2741f816dac4a2f79a95ab57a34804c4c2aec4d9ba,20011,excluded,"Body office is 'Bronx Borough President', which does not match canonical US House District 7.",text/html,publisher_api_post_body,,,,,,,,,,,,,,,2025-05-01,,,,,,,,,,,,"{'canonical_race_id': 'race-d2aabb75a31f1e810737', 'race_id': 'race-d2aabb75a31f1e810737', 'candidate_name': 'Antonio Reynoso', 'role': 'opponent', 'election_date': '2026-06-23', 'source_type': 'candidate_questionnaire', 'publication_date': '2025-04-30', 'source_url': 'https://jimowles.org/news/antonio-reynoso-for-brooklyn-borough-president-2025', 'archive_url': '', 'candidate_only_locator': 'Questionnaire body header: Candidate Name Antonio Reynoso; Office Bronx Borough President'}",,https://jimowles.org/news?category=questionnaire&format=json&offset=1774232220985,data/raw/questionnaire_library/joldc/post-680e5907dbf82322a075d07e-def57c70a96c151f08eaf1ad81b10b923e8c68191d75de6daf5cfbc45a427e5e.json,data/raw/questionnaire_library/joldc/index-6d52b50e7028b6cbacac9b4f3d7284b6f1a3dd7c4cec1228ffe6431595b364df.json.gz,17,America/New_York,def57c70a96c151f08eaf1ad81b10b923e8c68191d75de6daf5cfbc45a427e5e,6d52b50e7028b6cbacac9b4f3d7284b6f1a3dd7c4cec1228ffe6431595b364df,,,,,,,,,
joldc-6812f4e31de07c4b6b0a6ee5-lead14,https://jimowles.org/news/candidate-answers-to-joldc-zellnor-myrie-for-nyc-mayor-2025,https://jimowles.org/news/candidate-answers-to-joldc-zellnor-myrie-for-nyc-mayor-2025,2025-04-30,2026-09-23T08:11:00.742998+00:00,,data/raw/questionnaire_library/joldc/post-6812f4e31de07c4b6b0a6ee5-cd91e675c9e8562e802f44db811b5ba2d70e23cd685aa03e61e845a1b4ed1e69.html,c2161b52f5e82d722ffb4bdf96a3821cbfef1e0f351c83ccf2b6855b33c92a57,35290,excluded,Duplicate discovery lead suppressed in favor of canonical NYC mayor race ID.,text/html,publisher_api_post_body,,,,,,,,,,,,,,,2025-05-01,,,,,,,,,,,,"{'canonical_race_id': 'race-d0d830cb7a9e40e91152', 'race_id': 'race-d0d830cb7a9e40e91152', 'candidate_name': 'Zellnor Myrie', 'role': 'opponent', 'election_date': '2025-06-24', 'source_type': 'candidate_questionnaire', 'publication_date': '2025-04-30', 'source_url': 'https://jimowles.org/news/candidate-answers-to-joldc-zellnor-myrie-for-nyc-mayor-2025', 'archive_url': '', 'candidate_only_locator': 'Questionnaire body header: Candidate Name Zellnor Myrie; Office NYC Mayor'}",,https://jimowles.org/news?category=questionnaire&format=json&offset=1774232220985,data/raw/questionnaire_library/joldc/post-6812f4e31de07c4b6b0a6ee5-cd91e675c9e8562e802f44db811b5ba2d70e23cd685aa03e61e845a1b4ed1e69.json,data/raw/questionnaire_library/joldc/index-6d52b50e7028b6cbacac9b4f3d7284b6f1a3dd7c4cec1228ffe6431595b364df.json.gz,18,America/New_York,cd91e675c9e8562e802f44db811b5ba2d70e23cd685aa03e61e845a1b4ed1e69,6d52b50e7028b6cbacac9b4f3d7284b6f1a3dd7c4cec1228ffe6431595b364df,,,,,,,,,
joldc-6812f4e31de07c4b6b0a6ee5-lead15,https://jimowles.org/news/candidate-answers-to-joldc-zellnor-myrie-for-nyc-mayor-2025,https://jimowles.org/news/candidate-answers-to-joldc-zellnor-myrie-for-nyc-mayor-2025,2025-04-30,2026-09-23T08:11:00.742998+00:00,,data/raw/questionnaire_library/joldc/post-6812f4e31de07c4b6b0a6ee5-cd91e675c9e8562e802f44db811b5ba2d70e23cd685aa03e61e845a1b4ed1e69.html,c2161b52f5e82d722ffb4bdf96a3821cbfef1e0f351c83ccf2b6855b33c92a57,35290,used,Body candidate name and office/cycle match canonical registry context.,text/html,publisher_api_post_body,,,,,,53a469225b0e7fff97bfccdb-c2161b52f5e8,,,,,,,,,2025-05-01,,,['53a469225b0e7fff97bfccdb-c2161b52f5e8'],,,,,,,,,"{'canonical_race_id': 'race-d0d830cb7a9e40e91152', 'race_id': 'race-d0d830cb7a9e40e91152', 'candidate_name': 'Zellnor Myrie', 'role': 'opponent', 'election_date': '2025-06-24', 'source_type': 'candidate_questionnaire', 'publication_date': '2025-04-30', 'source_url': 'https://jimowles.org/news/candidate-answers-to-joldc-zellnor-myrie-for-nyc-mayor-2025', 'archive_url': '', 'candidate_only_locator': 'Questionnaire body header: Candidate Name Zellnor Myrie; Office NYC Mayor'}",,https://jimowles.org/news?category=questionnaire&format=json&offset=1774232220985,data/raw/questionnaire_library/joldc/post-6812f4e31de07c4b6b0a6ee5-cd91e675c9e8562e802f44db811b5ba2d70e23cd685aa03e61e845a1b4ed1e69.json,data/raw/questionnaire_library/joldc/index-6d52b50e7028b6cbacac9b4f3d7284b6f1a3dd7c4cec1228ffe6431595b364df.json.gz,18,America/New_York,cd91e675c9e8562e802f44db811b5ba2d70e23cd685aa03e61e845a1b4ed1e69,6d52b50e7028b6cbacac9b4f3d7284b6f1a3dd7c4cec1228ffe6431595b364df,,,,,,,,,
joldc-680f96ae0bf32423ac80000e-lead16,https://jimowles.org/news/candidate-answers-to-joldc-brad-lander-for-nyc-mayor-2025,https://jimowles.org/news/candidate-answers-to-joldc-brad-lander-for-nyc-mayor-2025,2025-04-28,2026-09-23T08:11:00.742998+00:00,,data/raw/questionnaire_library/joldc/post-680f96ae0bf32423ac80000e-d8a118adede50d68c2af50224e512f90d9f342f486a04a2e0329c803c20b53cd.html,416e2ae84b6ad722a3171a449d4248df7669459b657ecfc97c3e09dc9c7665f8,43818,excluded,Duplicate discovery lead suppressed in favor of canonical NYC mayor race ID.,text/html,publisher_api_post_body,,,,,,,,,,,,,,,2025-05-01,,,,,,,,,,,,"{'canonical_race_id': 'race-d0d830cb7a9e40e91152', 'race_id': 'race-d0d830cb7a9e40e91152', 'candidate_name': 'Brad Lander', 'role': 'opponent', 'election_date': '2025-06-24', 'source_type': 'candidate_questionnaire', 'publication_date': '2025-04-28', 'source_url': 'https://jimowles.org/news/candidate-answers-to-joldc-brad-lander-for-nyc-mayor-2025', 'archive_url': '', 'candidate_only_locator': 'Questionnaire body header: Candidate Name Brad Lander; Office NYC Mayor'}",,https://jimowles.org/news?category=questionnaire&format=json&offset=1774232220985,data/raw/questionnaire_library/joldc/post-680f96ae0bf32423ac80000e-d8a118adede50d68c2af50224e512f90d9f342f486a04a2e0329c803c20b53cd.json,data/raw/questionnaire_library/joldc/index-6d52b50e7028b6cbacac9b4f3d7284b6f1a3dd7c4cec1228ffe6431595b364df.json.gz,19,America/New_York,d8a118adede50d68c2af50224e512f90d9f342f486a04a2e0329c803c20b53cd,6d52b50e7028b6cbacac9b4f3d7284b6f1a3dd7c4cec1228ffe6431595b364df,,,,,,,,,
joldc-680f96ae0bf32423ac80000e-lead17,https://jimowles.org/news/candidate-answers-to-joldc-brad-lander-for-nyc-mayor-2025,https://jimowles.org/news/candidate-answers-to-joldc-brad-lander-for-nyc-mayor-2025,2025-04-28,2026-09-23T08:11:00.742998+00:00,,data/raw/questionnaire_library/joldc/post-680f96ae0bf32423ac80000e-d8a118adede50d68c2af50224e512f90d9f342f486a04a2e0329c803c20b53cd.html,416e2ae84b6ad722a3171a449d4248df7669459b657ecfc97c3e09dc9c7665f8,43818,used,Body candidate name and office/cycle match canonical registry context.,text/html,publisher_api_post_body,,,,,,f253cdf9c9dda928417cfbf0-416e2ae84b6a,,,,,,,,,2025-05-01,,,['f253cdf9c9dda928417cfbf0-416e2ae84b6a'],,,,,,,,,"{'canonical_race_id': 'race-d0d830cb7a9e40e91152', 'race_id': 'race-d0d830cb7a9e40e91152', 'candidate_name': 'Brad Lander', 'role': 'opponent', 'election_date': '2025-06-24', 'source_type': 'candidate_questionnaire', 'publication_date': '2025-04-28', 'source_url': 'https://jimowles.org/news/candidate-answers-to-joldc-brad-lander-for-nyc-mayor-2025', 'archive_url': '', 'candidate_only_locator': 'Questionnaire body header: Candidate Name Brad Lander; Office NYC Mayor'}",,https://jimowles.org/news?category=questionnaire&format=json&offset=1774232220985,data/raw/questionnaire_library/joldc/post-680f96ae0bf32423ac80000e-d8a118adede50d68c2af50224e512f90d9f342f486a04a2e0329c803c20b53cd.json,data/raw/questionnaire_library/joldc/index-6d52b50e7028b6cbacac9b4f3d7284b6f1a3dd7c4cec1228ffe6431595b364df.json.gz,19,America/New_York,d8a118adede50d68c2af50224e512f90d9f342f486a04a2e0329c803c20b53cd,6d52b50e7028b6cbacac9b4f3d7284b6f1a3dd7c4cec1228ffe6431595b364df,,,,,,,,,
joldc-680e6bc56e1a773928ae2c72-lead18,https://jimowles.org/news/candidate-answers-to-joldc-michael-alexander-blake-for-nyc-mayor-2025,https://jimowles.org/news/candidate-answers-to-joldc-michael-alexander-blake-for-nyc-mayor-2025,2025-04-27,2026-09-23T08:11:02.679362+00:00,,data/raw/questionnaire_library/joldc/post-680e6bc56e1a773928ae2c72-f1e7416408a17b90e236eef3ece4e45e85f0c59e9e28128884cd6be056fe2f07.html,f428b4eafb531c184336e374d9dcdfdfee06359b9d419dd801c55f69f2a0d6ec,22850,excluded,Duplicate discovery lead suppressed in favor of canonical NYC mayor race ID.,text/html,publisher_api_post_body,,,,,,,,,,,,,,,2025-04-27,,,,,,,,,,,,"{'canonical_race_id': 'race-d0d830cb7a9e40e91152', 'race_id': 'race-d0d830cb7a9e40e91152', 'candidate_name': 'Michael Blake', 'role': 'opponent', 'election_date': '2025-06-24', 'source_type': 'candidate_questionnaire', 'publication_date': '2025-04-27', 'source_url': 'https://jimowles.org/news/candidate-answers-to-joldc-michael-alexander-blake-for-nyc-mayor-2025', 'archive_url': '', 'candidate_only_locator': 'Questionnaire body header: Candidate Name Michael Alexander Blake; Office NYC Mayor'}",,https://jimowles.org/news?category=questionnaire&format=json&offset=1745853038619,data/raw/questionnaire_library/joldc/post-680e6bc56e1a773928ae2c72-f1e7416408a17b90e236eef3ece4e45e85f0c59e9e28128884cd6be056fe2f07.json,data/raw/questionnaire_library/joldc/index-fd66e05e71e7fd50afa4a35453b2c760126bc1c8dbcb150fc993295833f2c1d7.json.gz,3,America/New_York,f1e7416408a17b90e236eef3ece4e45e85f0c59e9e28128884cd6be056fe2f07,fd66e05e71e7fd50afa4a35453b2c760126bc1c8dbcb150fc993295833f2c1d7,,,,,,,,,
joldc-680e6bc56e1a773928ae2c72-lead19,https://jimowles.org/news/candidate-answers-to-joldc-michael-alexander-blake-for-nyc-mayor-2025,https://jimowles.org/news/candidate-answers-to-joldc-michael-alexander-blake-for-nyc-mayor-2025,2025-04-27,2026-09-23T08:11:02.679362+00:00,,data/raw/questionnaire_library/joldc/post-680e6bc56e1a773928ae2c72-f1e7416408a17b90e236eef3ece4e45e85f0c59e9e28128884cd6be056fe2f07.html,f428b4eafb531c184336e374d9dcdfdfee06359b9d419dd801c55f69f2a0d6ec,22850,used,Body candidate name and office/cycle match canonical registry context.,text/html,publisher_api_post_body,,,,,,897772b7fc31d4c462939a72-f428b4eafb53,,,,,,,,,2025-04-27,,,['897772b7fc31d4c462939a72-f428b4eafb53'],,,,,,,,,"{'canonical_race_id': 'race-d0d830cb7a9e40e91152', 'race_id': 'race-d0d830cb7a9e40e91152', 'candidate_name': 'Michael Blake', 'role': 'opponent', 'election_date': '2025-06-24', 'source_type': 'candidate_questionnaire', 'publication_date': '2025-04-27', 'source_url': 'https://jimowles.org/news/candidate-answers-to-joldc-michael-alexander-blake-for-nyc-mayor-2025', 'archive_url': '', 'candidate_only_locator': 'Questionnaire body header: Candidate Name Michael Alexander Blake; Office NYC Mayor'}",,https://jimowles.org/news?category=questionnaire&format=json&offset=1745853038619,data/raw/questionnaire_library/joldc/post-680e6bc56e1a773928ae2c72-f1e7416408a17b90e236eef3ece4e45e85f0c59e9e28128884cd6be056fe2f07.json,data/raw/questionnaire_library/joldc/index-fd66e05e71e7fd50afa4a35453b2c760126bc1c8dbcb150fc993295833f2c1d7.json.gz,3,America/New_York,f1e7416408a17b90e236eef3ece4e45e85f0c59e9e28128884cd6be056fe2f07,fd66e05e71e7fd50afa4a35453b2c760126bc1c8dbcb150fc993295833f2c1d7,,,,,,,,,
joldc-680e698bca94aa26c4c054c8-lead20,https://jimowles.org/news/candidate-answers-to-joldc-jenifer-rajkumar-for-nyc-public-advocate-2025,https://jimowles.org/news/candidate-answers-to-joldc-jenifer-rajkumar-for-nyc-public-advocate-2025,2025-04-27,2026-09-23T08:11:02.679362+00:00,,data/raw/questionnaire_library/joldc/post-680e698bca94aa26c4c054c8-eb3dc41dea0e327817f9bdf94f7f7c561b2cbc97d78270d7de3ca234aa975c1b.html,2339a88397f5ff9d81459ebaacdfe9c7fa62c2d733a74062cf0f737ea70b8af3,21341,excluded,"Body office is 'NYC Public Advocate', which does not match canonical State Assembly District 38.",text/html,publisher_api_post_body,,,,,,,,,,,,,,,2025-04-27,,,,,,,,,,,,"{'canonical_race_id': 'race-39f265caadf4efc1cdd3', 'race_id': 'race-39f265caadf4efc1cdd3', 'candidate_name': 'Jenifer Rajkumar', 'role': 'opponent', 'election_date': '2026-06-23', 'source_type': 'candidate_questionnaire', 'publication_date': '2025-04-27', 'source_url': 'https://jimowles.org/news/candidate-answers-to-joldc-jenifer-rajkumar-for-nyc-public-advocate-2025', 'archive_url': '', 'candidate_only_locator': 'Questionnaire body header: Candidate Name Jenifer Rajkumar; Office NYC Public Advocate'}",,https://jimowles.org/news?category=questionnaire&format=json&offset=1745853038619,data/raw/questionnaire_library/joldc/post-680e698bca94aa26c4c054c8-eb3dc41dea0e327817f9bdf94f7f7c561b2cbc97d78270d7de3ca234aa975c1b.json,data/raw/questionnaire_library/joldc/index-fd66e05e71e7fd50afa4a35453b2c760126bc1c8dbcb150fc993295833f2c1d7.json.gz,4,America/New_York,eb3dc41dea0e327817f9bdf94f7f7c561b2cbc97d78270d7de3ca234aa975c1b,fd66e05e71e7fd50afa4a35453b2c760126bc1c8dbcb150fc993295833f2c1d7,,,,,,,,,
joldc-680e5ad48ec57d3059a246eb-lead21,https://jimowles.org/news/candidate-answers-to-joldc-scott-stringer-for-nyc-mayor-2025,https://jimowles.org/news/candidate-answers-to-joldc-scott-stringer-for-nyc-mayor-2025,2025-04-27,2026-09-23T08:11:02.679362+00:00,,data/raw/questionnaire_library/joldc/post-680e5ad48ec57d3059a246eb-bbf599ce64c2fbdb184983a5e12ede99c1bc416f52ab8ade6782934ce553108c.html,0ebb84e9550efc264a3dfd5c447f4b26e48d6c2b29140e19ac85d462212e439c,28970,excluded,Duplicate discovery lead suppressed in favor of canonical NYC mayor race ID.,text/html,publisher_api_post_body,,,,,,,,,,,,,,,2025-04-27,,,,,,,,,,,,"{'canonical_race_id': 'race-d0d830cb7a9e40e91152', 'race_id': 'race-d0d830cb7a9e40e91152', 'candidate_name': 'Scott M. Stringer', 'role': 'opponent', 'election_date': '2025-06-24', 'source_type': 'candidate_questionnaire', 'publication_date': '2025-04-27', 'source_url': 'https://jimowles.org/news/candidate-answers-to-joldc-scott-stringer-for-nyc-mayor-2025', 'archive_url': '', 'candidate_only_locator': 'Questionnaire body header: Candidate Name Scott Stringer; Office NYC Mayor'}",,https://jimowles.org/news?category=questionnaire&format=json&offset=1745853038619,data/raw/questionnaire_library/joldc/post-680e5ad48ec57d3059a246eb-bbf599ce64c2fbdb184983a5e12ede99c1bc416f52ab8ade6782934ce553108c.json,data/raw/questionnaire_library/joldc/index-fd66e05e71e7fd50afa4a35453b2c760126bc1c8dbcb150fc993295833f2c1d7.json.gz,11,America/New_York,bbf599ce64c2fbdb184983a5e12ede99c1bc416f52ab8ade6782934ce553108c,fd66e05e71e7fd50afa4a35453b2c760126bc1c8dbcb150fc993295833f2c1d7,,,,,,,,,
joldc-680e5ad48ec57d3059a246eb-lead22,https://jimowles.org/news/candidate-answers-to-joldc-scott-stringer-for-nyc-mayor-2025,https://jimowles.org/news/candidate-answers-to-joldc-scott-stringer-for-nyc-mayor-2025,2025-04-27,2026-09-23T08:11:02.679362+00:00,,data/raw/questionnaire_library/joldc/post-680e5ad48ec57d3059a246eb-bbf599ce64c2fbdb184983a5e12ede99c1bc416f52ab8ade6782934ce553108c.html,0ebb84e9550efc264a3dfd5c447f4b26e48d6c2b29140e19ac85d462212e439c,28970,used,Body candidate name and office/cycle match canonical registry context.,text/html,publisher_api_post_body,,,,,,978114d899ea3dca1541d027-0ebb84e9550e,,,,,,,,,2025-04-27,,,['978114d899ea3dca1541d027-0ebb84e9550e'],,,,,,,,,"{'canonical_race_id': 'race-d0d830cb7a9e40e91152', 'race_id': 'race-d0d830cb7a9e40e91152', 'candidate_name': 'Scott M. Stringer', 'role': 'opponent', 'election_date': '2025-06-24', 'source_type': 'candidate_questionnaire', 'publication_date': '2025-04-27', 'source_url': 'https://jimowles.org/news/candidate-answers-to-joldc-scott-stringer-for-nyc-mayor-2025', 'archive_url': '', 'candidate_only_locator': 'Questionnaire body header: Candidate Name Scott Stringer; Office NYC Mayor'}",,https://jimowles.org/news?category=questionnaire&format=json&offset=1745853038619,data/raw/questionnaire_library/joldc/post-680e5ad48ec57d3059a246eb-bbf599ce64c2fbdb184983a5e12ede99c1bc416f52ab8ade6782934ce553108c.json,data/raw/questionnaire_library/joldc/index-fd66e05e71e7fd50afa4a35453b2c760126bc1c8dbcb150fc993295833f2c1d7.json.gz,11,America/New_York,bbf599ce64c2fbdb184983a5e12ede99c1bc416f52ab8ade6782934ce553108c,fd66e05e71e7fd50afa4a35453b2c760126bc1c8dbcb150fc993295833f2c1d7,,,,,,,,,
joldc-680e554abfa0b33bc081ce85-lead23,https://jimowles.org/news/candidate-answers-to-joldc-zohran-kwame-mamdani-for-nyc-mayor-2025,https://jimowles.org/news/candidate-answers-to-joldc-zohran-kwame-mamdani-for-nyc-mayor-2025,2025-04-27,2026-09-23T08:11:02.679362+00:00,,data/raw/questionnaire_library/joldc/post-680e554abfa0b33bc081ce85-c24e839ea281cbca5d49e4078d20a135747b490a9400fae8ce2747f3c6a7b9d3.html,e8976a0ace0d07d230355073f2ccfebb43d1c983117479c5ca799bc193c4801c,31360,excluded,Duplicate discovery lead suppressed in favor of canonical NYC mayor race ID.,text/html,publisher_api_post_body,,,,,,,,,,,,,,,2025-04-27,,,,,,,,,,,,"{'canonical_race_id': 'race-d0d830cb7a9e40e91152', 'race_id': 'race-d0d830cb7a9e40e91152', 'candidate_name': 'Zohran Mamdani', 'role': 'endorsed', 'election_date': '2025-06-24', 'source_type': 'candidate_questionnaire', 'publication_date': '2025-04-27', 'source_url': 'https://jimowles.org/news/candidate-answers-to-joldc-zohran-kwame-mamdani-for-nyc-mayor-2025', 'archive_url': '', 'candidate_only_locator': 'Questionnaire body header: Candidate Name Zohran Kwame Mamdani; Office NYC Mayor'}",,https://jimowles.org/news?category=questionnaire&format=json&offset=1745853038619,data/raw/questionnaire_library/joldc/post-680e554abfa0b33bc081ce85-c24e839ea281cbca5d49e4078d20a135747b490a9400fae8ce2747f3c6a7b9d3.json,data/raw/questionnaire_library/joldc/index-fd66e05e71e7fd50afa4a35453b2c760126bc1c8dbcb150fc993295833f2c1d7.json.gz,12,America/New_York,c24e839ea281cbca5d49e4078d20a135747b490a9400fae8ce2747f3c6a7b9d3,fd66e05e71e7fd50afa4a35453b2c760126bc1c8dbcb150fc993295833f2c1d7,,,,,,,,,
joldc-680e554abfa0b33bc081ce85-lead24,https://jimowles.org/news/candidate-answers-to-joldc-zohran-kwame-mamdani-for-nyc-mayor-2025,https://jimowles.org/news/candidate-answers-to-joldc-zohran-kwame-mamdani-for-nyc-mayor-2025,2025-04-27,2026-09-23T08:11:02.679362+00:00,,data/raw/questionnaire_library/joldc/post-680e554abfa0b33bc081ce85-c24e839ea281cbca5d49e4078d20a135747b490a9400fae8ce2747f3c6a7b9d3.html,e8976a0ace0d07d230355073f2ccfebb43d1c983117479c5ca799bc193c4801c,31360,used,Body candidate name and office/cycle match canonical registry context.,text/html,publisher_api_post_body,,,,,,8e21acdbf4f2d62200cc1c24-e8976a0ace0d,,,,,,,,,2025-04-27,,,['8e21acdbf4f2d62200cc1c24-e8976a0ace0d'],,,,,,,,,"{'canonical_race_id': 'race-d0d830cb7a9e40e91152', 'race_id': 'race-d0d830cb7a9e40e91152', 'candidate_name': 'Zohran Kwame Mamdani', 'role': 'endorsed', 'election_date': '2025-06-24', 'source_type': 'candidate_questionnaire', 'publication_date': '2025-04-27', 'source_url': 'https://jimowles.org/news/candidate-answers-to-joldc-zohran-kwame-mamdani-for-nyc-mayor-2025', 'archive_url': '', 'candidate_only_locator': 'Questionnaire body header: Candidate Name Zohran Kwame Mamdani; Office NYC Mayor'}",,https://jimowles.org/news?category=questionnaire&format=json&offset=1745853038619,data/raw/questionnaire_library/joldc/post-680e554abfa0b33bc081ce85-c24e839ea281cbca5d49e4078d20a135747b490a9400fae8ce2747f3c6a7b9d3.json,data/raw/questionnaire_library/joldc/index-fd66e05e71e7fd50afa4a35453b2c760126bc1c8dbcb150fc993295833f2c1d7.json.gz,12,America/New_York,c24e839ea281cbca5d49e4078d20a135747b490a9400fae8ce2747f3c6a7b9d3,fd66e05e71e7fd50afa4a35453b2c760126bc1c8dbcb150fc993295833f2c1d7,,,,,,,,,
joldc-680e47a06bb6837ac0e6be42-lead25,https://jimowles.org/news/candidate-answers-to-joldc-jessica-ramos-for-nyc-mayor-2025,https://jimowles.org/news/candidate-answers-to-joldc-jessica-ramos-for-nyc-mayor-2025,2025-04-27,2026-09-23T08:11:04.771872+00:00,,data/raw/questionnaire_library/joldc/post-680e47a06bb6837ac0e6be42-e6ee9b33ab8a7cbbc6b03298d878184593d36529bd75a8da67102bd32249737f.html,80d94e9e4878e90964eee73734396832658b5e69acec01953d2364efdd8d1ec4,19466,excluded,Duplicate discovery lead suppressed in favor of canonical NYC mayor race ID.,text/html,publisher_api_post_body,,,,,,,,,,,,,,,2025-04-27,,,,,,,,,,,,"{'canonical_race_id': 'race-d0d830cb7a9e40e91152', 'race_id': 'race-d0d830cb7a9e40e91152', 'candidate_name': 'Jessica Ramos', 'role': 'opponent', 'election_date': '2025-06-24', 'source_type': 'candidate_questionnaire', 'publication_date': '2025-04-27', 'source_url': 'https://jimowles.org/news/candidate-answers-to-joldc-jessica-ramos-for-nyc-mayor-2025', 'archive_url': '', 'candidate_only_locator': 'Questionnaire body header: Candidate Name Jessica Ramos; Office NYC Mayor'}",,https://jimowles.org/news?category=questionnaire&format=json&offset=1745766572409,data/raw/questionnaire_library/joldc/post-680e47a06bb6837ac0e6be42-e6ee9b33ab8a7cbbc6b03298d878184593d36529bd75a8da67102bd32249737f.json,data/raw/questionnaire_library/joldc/index-522dd2224be46f1da445f82a911162b302cf47238b01bb674857e5da3556689f.json.gz,0,America/New_York,e6ee9b33ab8a7cbbc6b03298d878184593d36529bd75a8da67102bd32249737f,522dd2224be46f1da445f82a911162b302cf47238b01bb674857e5da3556689f,,,,,,,,,
joldc-680e47a06bb6837ac0e6be42-lead26,https://jimowles.org/news/candidate-answers-to-joldc-jessica-ramos-for-nyc-mayor-2025,https://jimowles.org/news/candidate-answers-to-joldc-jessica-ramos-for-nyc-mayor-2025,2025-04-27,2026-09-23T08:11:04.771872+00:00,,data/raw/questionnaire_library/joldc/post-680e47a06bb6837ac0e6be42-e6ee9b33ab8a7cbbc6b03298d878184593d36529bd75a8da67102bd32249737f.html,80d94e9e4878e90964eee73734396832658b5e69acec01953d2364efdd8d1ec4,19466,used,Body candidate name and office/cycle match canonical registry context.,text/html,publisher_api_post_body,,,,,,8024ecd32d3eec7c1d12f2f6-80d94e9e4878,,,,,,,,,2025-04-27,,,['8024ecd32d3eec7c1d12f2f6-80d94e9e4878'],,,,,,,,,"{'canonical_race_id': 'race-d0d830cb7a9e40e91152', 'race_id': 'race-d0d830cb7a9e40e91152', 'candidate_name': 'Jessica Ramos', 'role': 'opponent', 'election_date': '2025-06-24', 'source_type': 'candidate_questionnaire', 'publication_date': '2025-04-27', 'source_url': 'https://jimowles.org/news/candidate-answers-to-joldc-jessica-ramos-for-nyc-mayor-2025', 'archive_url': '', 'candidate_only_locator': 'Questionnaire body header: Candidate Name Jessica Ramos; Office NYC Mayor'}",,https://jimowles.org/news?category=questionnaire&format=json&offset=1745766572409,data/raw/questionnaire_library/joldc/post-680e47a06bb6837ac0e6be42-e6ee9b33ab8a7cbbc6b03298d878184593d36529bd75a8da67102bd32249737f.json,data/raw/questionnaire_library/joldc/index-522dd2224be46f1da445f82a911162b302cf47238b01bb674857e5da3556689f.json.gz,0,America/New_York,e6ee9b33ab8a7cbbc6b03298d878184593d36529bd75a8da67102bd32249737f,522dd2224be46f1da445f82a911162b302cf47238b01bb674857e5da3556689f,,,,,,,,,
joldc-680e469be276635c8e648dc7-lead27,https://jimowles.org/news/candidate-answers-to-joldc-adrienne-adams-for-nyc-mayor-2025,https://jimowles.org/news/candidate-answers-to-joldc-adrienne-adams-for-nyc-mayor-2025,2025-04-27,2026-09-23T08:11:04.771872+00:00,,data/raw/questionnaire_library/joldc/post-680e469be276635c8e648dc7-c8d852f7b9f720780a968363e2b0fd45bc31bfb13754ed1dc39ad706ec10ad1c.html,16fc5a56ebcdb19fa40a6daceff8c01c3fcda816e5077bca355f38ae3dad61df,20414,excluded,Duplicate discovery lead suppressed in favor of canonical NYC mayor race ID.,text/html,publisher_api_post_body,,,,,,,,,,,,,,,2025-04-27,,,,,,,,,,,,"{'canonical_race_id': 'race-d0d830cb7a9e40e91152', 'race_id': 'race-d0d830cb7a9e40e91152', 'candidate_name': 'Adrienne E. Adams', 'role': 'opponent', 'election_date': '2025-06-24', 'source_type': 'candidate_questionnaire', 'publication_date': '2025-04-27', 'source_url': 'https://jimowles.org/news/candidate-answers-to-joldc-adrienne-adams-for-nyc-mayor-2025', 'archive_url': '', 'candidate_only_locator': 'Questionnaire body header: Candidate Name Adrienne Adams; Office NYC Mayor'}",,https://jimowles.org/news?category=questionnaire&format=json&offset=1745766572409,data/raw/questionnaire_library/joldc/post-680e469be276635c8e648dc7-c8d852f7b9f720780a968363e2b0fd45bc31bfb13754ed1dc39ad706ec10ad1c.json,data/raw/questionnaire_library/joldc/index-522dd2224be46f1da445f82a911162b302cf47238b01bb674857e5da3556689f.json.gz,1,America/New_York,c8d852f7b9f720780a968363e2b0fd45bc31bfb13754ed1dc39ad706ec10ad1c,522dd2224be46f1da445f82a911162b302cf47238b01bb674857e5da3556689f,,,,,,,,,
joldc-680e469be276635c8e648dc7-lead28,https://jimowles.org/news/candidate-answers-to-joldc-adrienne-adams-for-nyc-mayor-2025,https://jimowles.org/news/candidate-answers-to-joldc-adrienne-adams-for-nyc-mayor-2025,2025-04-27,2026-09-23T08:11:04.771872+00:00,,data/raw/questionnaire_library/joldc/post-680e469be276635c8e648dc7-c8d852f7b9f720780a968363e2b0fd45bc31bfb13754ed1dc39ad706ec10ad1c.html,16fc5a56ebcdb19fa40a6daceff8c01c3fcda816e5077bca355f38ae3dad61df,20414,used,Body candidate name and office/cycle match canonical registry context.,text/html,publisher_api_post_body,,,,,,180538a045b48b461fee2a4e-16fc5a56ebcd,,,,,,,,,2025-04-27,,,['180538a045b48b461fee2a4e-16fc5a56ebcd'],,,,,,,,,"{'canonical_race_id': 'race-d0d830cb7a9e40e91152', 'race_id': 'race-d0d830cb7a9e40e91152', 'candidate_name': 'Adrienne E. Adams', 'role': 'opponent', 'election_date': '2025-06-24', 'source_type': 'candidate_questionnaire', 'publication_date': '2025-04-27', 'source_url': 'https://jimowles.org/news/candidate-answers-to-joldc-adrienne-adams-for-nyc-mayor-2025', 'archive_url': '', 'candidate_only_locator': 'Questionnaire body header: Candidate Name Adrienne Adams; Office NYC Mayor'}",,https://jimowles.org/news?category=questionnaire&format=json&offset=1745766572409,data/raw/questionnaire_library/joldc/post-680e469be276635c8e648dc7-c8d852f7b9f720780a968363e2b0fd45bc31bfb13754ed1dc39ad706ec10ad1c.json,data/raw/questionnaire_library/joldc/index-522dd2224be46f1da445f82a911162b302cf47238b01bb674857e5da3556689f.json.gz,1,America/New_York,c8d852f7b9f720780a968363e2b0fd45bc31bfb13754ed1dc39ad706ec10ad1c,522dd2224be46f1da445f82a911162b302cf47238b01bb674857e5da3556689f,,,,,,,,,
joldc-680e40f0e5d4447049e10632-lead29,https://jimowles.org/news/candidate-answers-to-joldc-alexa-avils-for-city-council-district-38-2025,https://jimowles.org/news/candidate-answers-to-joldc-alexa-avils-for-city-council-district-38-2025,2025-04-27,2026-09-23T08:11:04.771872+00:00,,data/raw/questionnaire_library/joldc/post-680e40f0e5d4447049e10632-8fcb39929b18285cf6388191c1eaa7e5b0ddf0dd09e3da74a5418111e77d3ae3.html,73198fbf453a5fe37f7b553c43218ec9a3fced0cc9efeae20e31c32ef810f0c4,18363,used,Body candidate name and office/cycle match canonical registry context.,text/html,publisher_api_post_body,,,,,,5e53b90acaccfaf09eb85bc1-73198fbf453a,,,,,,,,,2025-04-27,,,['5e53b90acaccfaf09eb85bc1-73198fbf453a'],,,,,,,,,"{'canonical_race_id': 'race-0159b30b2abfcca8ea6b', 'race_id': 'race-0159b30b2abfcca8ea6b', 'candidate_name': 'Alexa Avilés', 'role': 'endorsed', 'election_date': '2025-06-24', 'source_type': 'candidate_questionnaire', 'publication_date': '2025-04-27', 'source_url': 'https://jimowles.org/news/candidate-answers-to-joldc-alexa-avils-for-city-council-district-38-2025', 'archive_url': '', 'candidate_only_locator': 'Questionnaire body header: Candidate Name Alexa Avilés; Office New York City Council District 38'}",,https://jimowles.org/news?category=questionnaire&format=json&offset=1745766572409,data/raw/questionnaire_library/joldc/post-680e40f0e5d4447049e10632-8fcb39929b18285cf6388191c1eaa7e5b0ddf0dd09e3da74a5418111e77d3ae3.json,data/raw/questionnaire_library/joldc/index-522dd2224be46f1da445f82a911162b302cf47238b01bb674857e5da3556689f.json.gz,4,America/New_York,8fcb39929b18285cf6388191c1eaa7e5b0ddf0dd09e3da74a5418111e77d3ae3,522dd2224be46f1da445f82a911162b302cf47238b01bb674857e5da3556689f,,,,,,,,,
joldc-67bb7a93e47a624dd5a8e0aa-lead30,https://jimowles.org/news/candidate-answers-to-joldc-julie-won-for-city-council-district-26-2025,https://jimowles.org/news/candidate-answers-to-joldc-julie-won-for-city-council-district-26-2025,2025-02-23,2026-09-23T08:11:04.771872+00:00,,data/raw/questionnaire_library/joldc/post-67bb7a93e47a624dd5a8e0aa-e479e19bca0cc63ef945b7175e6fdaff0a328bd5536fea054d3787e8c8cd03c7.html,2bb711717d8f1879d2cddf68ee9bd5f318a6e806837739ad3deda6ee8434a50b,12326,excluded,"Body office is 'New York City Council District 26', which does not match canonical US House District 7.",text/html,publisher_api_post_body,,,,,,,,,,,,,,,2025-02-23,,,,,,,,,,,,"{'canonical_race_id': 'race-d2aabb75a31f1e810737', 'race_id': 'race-d2aabb75a31f1e810737', 'candidate_name': 'Julie Won', 'role': 'opponent', 'election_date': '2026-06-23', 'source_type': 'candidate_questionnaire', 'publication_date': '2025-02-23', 'source_url': 'https://jimowles.org/news/candidate-answers-to-joldc-julie-won-for-city-council-district-26-2025', 'archive_url': '', 'candidate_only_locator': 'Questionnaire body header: Candidate Name Julie Won; Office New York City Council District 26'}",,https://jimowles.org/news?category=questionnaire&format=json&offset=1745766572409,data/raw/questionnaire_library/joldc/post-67bb7a93e47a624dd5a8e0aa-e479e19bca0cc63ef945b7175e6fdaff0a328bd5536fea054d3787e8c8cd03c7.json,data/raw/questionnaire_library/joldc/index-522dd2224be46f1da445f82a911162b302cf47238b01bb674857e5da3556689f.json.gz,17,America/New_York,e479e19bca0cc63ef945b7175e6fdaff0a328bd5536fea054d3787e8c8cd03c7,522dd2224be46f1da445f82a911162b302cf47238b01bb674857e5da3556689f,,,,,,,,,
joldc-663067264697ef32a8104071-lead31,https://jimowles.org/news/candidate-answers-to-joldc-jonathan-soto-for-ny-assembly-district-82-2024,https://jimowles.org/news/candidate-answers-to-joldc-jonathan-soto-for-ny-assembly-district-82-2024,2024-04-29,2026-09-23T08:11:06.825320+00:00,,data/raw/questionnaire_library/joldc/post-663067264697ef32a8104071-dbe07329e10dc9a71e4a7cb72c2ad7b7f71bbeb23b95b31fd270232d08137f55.html,ce166fa626941cba20ee19bf2e4991b2538388c07b7de2beedc24aa97fd1ba27,21047,used,Body candidate name and office/cycle match canonical registry context.,text/html,publisher_api_post_body,,,,,,33afc082749993afa9664b54-ce166fa62694,,,,,,,,,2024-04-30,,,['33afc082749993afa9664b54-ce166fa62694'],,,,,,,,,"{'canonical_race_id': 'race-a865a800cc51fb1bd037', 'race_id': 'race-a865a800cc51fb1bd037', 'candidate_name': 'Jonathan Soto', 'role': 'endorsed', 'election_date': '2024-06-25', 'source_type': 'candidate_questionnaire', 'publication_date': '2024-04-29', 'source_url': 'https://jimowles.org/news/candidate-answers-to-joldc-jonathan-soto-for-ny-assembly-district-82-2024', 'archive_url': '', 'candidate_only_locator': 'Questionnaire body header: Candidate Name Jonathan Soto; Office NY Assembly District 82'}",,https://jimowles.org/news?category=questionnaire&format=json&offset=1716178113559,data/raw/questionnaire_library/joldc/post-663067264697ef32a8104071-dbe07329e10dc9a71e4a7cb72c2ad7b7f71bbeb23b95b31fd270232d08137f55.json,data/raw/questionnaire_library/joldc/index-c6c110a245b227d49b988decb6faedfda167eca0521262559e6096e0ae320035.json.gz,6,America/New_York,dbe07329e10dc9a71e4a7cb72c2ad7b7f71bbeb23b95b31fd270232d08137f55,c6c110a245b227d49b988decb6faedfda167eca0521262559e6096e0ae320035,,,,,,,,,
joldc-662915ebbf68b24141c80eaa-lead32,https://jimowles.org/news/candidate-answers-to-joldc-jamaal-bowman-for-us-congress-ny-16-2024,https://jimowles.org/news/candidate-answers-to-joldc-jamaal-bowman-for-us-congress-ny-16-2024,2024-04-24,2026-09-23T08:11:06.825320+00:00,,data/raw/questionnaire_library/joldc/post-662915ebbf68b24141c80eaa-77287dfbc7cd64788371d29ccd00e5d8e8a45747790f08f555359faf08ac5233.html,19d293180da7553068827245b4c8d345ac9adf81dc15777012a3bb222b488024,16931,used,Body candidate name and office/cycle match canonical registry context.,text/html,publisher_api_post_body,,,,,,a6364141bfe27bc5e82017dd-19d293180da7,,,,,,,,,2024-04-29,,,['a6364141bfe27bc5e82017dd-19d293180da7'],,,,,,,,,"{'canonical_race_id': 'race-5650629789d1169ab061', 'race_id': 'race-5650629789d1169ab061', 'candidate_name': 'Jamaal Bowman', 'role': 'endorsed', 'election_date': '2024-06-25', 'source_type': 'candidate_questionnaire', 'publication_date': '2024-04-24', 'source_url': 'https://jimowles.org/news/candidate-answers-to-joldc-jamaal-bowman-for-us-congress-ny-16-2024', 'archive_url': '', 'candidate_only_locator': 'Questionnaire body header: Candidate Name Jamaal Bowman; Office US Congress NY-16'}",,https://jimowles.org/news?category=questionnaire&format=json&offset=1716178113559,data/raw/questionnaire_library/joldc/post-662915ebbf68b24141c80eaa-77287dfbc7cd64788371d29ccd00e5d8e8a45747790f08f555359faf08ac5233.json,data/raw/questionnaire_library/joldc/index-c6c110a245b227d49b988decb6faedfda167eca0521262559e6096e0ae320035.json.gz,10,America/New_York,77287dfbc7cd64788371d29ccd00e5d8e8a45747790f08f555359faf08ac5233,c6c110a245b227d49b988decb6faedfda167eca0521262559e6096e0ae320035,,,,,,,,,
joldc-65aeb766d3782e215fa614b2-lead33,https://jimowles.org/news/candidate-answers-to-joldc-emily-gallagher-for-ny-assembly-district-50-2024,https://jimowles.org/news/candidate-answers-to-joldc-emily-gallagher-for-ny-assembly-district-50-2024,2024-01-22,2026-09-23T08:11:06.825320+00:00,,data/raw/questionnaire_library/joldc/post-65aeb766d3782e215fa614b2-589721ed99a7a2f4c0cd2542c7dbfe643c47bdbf14b677fbbf5f29c29a4acfb1.html,3dc247f26b90ab6370751d1e6b90d0dae79bd48f0849c92d39a078daddf1a786,20093,used,Body candidate name and office/cycle match canonical registry context.,text/html,publisher_api_post_body,,,,,,f78b3fd8cc5c3862ac982007-3dc247f26b90,,,,,,,,,2024-02-27,,,['f78b3fd8cc5c3862ac982007-3dc247f26b90'],,,,,,,,,"{'canonical_race_id': 'race-a9e9e45fbefba85dea2e', 'race_id': 'race-a9e9e45fbefba85dea2e', 'candidate_name': 'Emily E. Gallagher', 'role': 'endorsed', 'election_date': '2024-06-25', 'source_type': 'candidate_questionnaire', 'publication_date': '2024-01-22', 'source_url': 'https://jimowles.org/news/candidate-answers-to-joldc-emily-gallagher-for-ny-assembly-district-50-2024', 'archive_url': '', 'candidate_only_locator': 'Questionnaire body header: Candidate Name Emily Gallagher; Office NY Assembly District 50'}",,https://jimowles.org/news?category=questionnaire&format=json&offset=1716178113559,data/raw/questionnaire_library/joldc/post-65aeb766d3782e215fa614b2-589721ed99a7a2f4c0cd2542c7dbfe643c47bdbf14b677fbbf5f29c29a4acfb1.json,data/raw/questionnaire_library/joldc/index-c6c110a245b227d49b988decb6faedfda167eca0521262559e6096e0ae320035.json.gz,17,America/New_York,589721ed99a7a2f4c0cd2542c7dbfe643c47bdbf14b677fbbf5f29c29a4acfb1,c6c110a245b227d49b988decb6faedfda167eca0521262559e6096e0ae320035,,,,,,,,,
joldc-65ab6666f2e23868dc5f65bd-lead34,https://jimowles.org/news/candidate-answers-to-joldc-jessica-ramos-for-ny-senate-district-13-2024,https://jimowles.org/news/candidate-answers-to-joldc-jessica-ramos-for-ny-senate-district-13-2024,2024-01-20,2026-09-23T08:11:08.878777+00:00,,data/raw/questionnaire_library/joldc/post-65ab6666f2e23868dc5f65bd-0a291c92925d7f38be713f08e0deff7fa610fa8116b9af8a439608defa145536.html,020f974709d5b4497c34d62f426271a8140c6b3301f58f1feada45dbce72934f,18108,excluded,Duplicate discovery lead suppressed in favor of canonical NYC mayor race ID.,text/html,publisher_api_post_body,,,,,,,,,,,,,,,2024-02-27,,,,,,,,,,,,"{'canonical_race_id': 'race-d0d830cb7a9e40e91152', 'race_id': 'race-d0d830cb7a9e40e91152', 'candidate_name': 'Jessica Ramos', 'role': 'opponent', 'election_date': '2025-06-24', 'source_type': 'candidate_questionnaire', 'publication_date': '2024-01-20', 'source_url': 'https://jimowles.org/news/candidate-answers-to-joldc-jessica-ramos-for-ny-senate-district-13-2024', 'archive_url': '', 'candidate_only_locator': 'Questionnaire body header: Candidate Name Jessica Ramos; Office New York State Senate District 13'}",,https://jimowles.org/news?category=questionnaire&format=json&offset=1705875180027,data/raw/questionnaire_library/joldc/post-65ab6666f2e23868dc5f65bd-0a291c92925d7f38be713f08e0deff7fa610fa8116b9af8a439608defa145536.json,data/raw/questionnaire_library/joldc/index-6fce88041c5bf02f58665636c76360a8ee895b8b806ba5f5abe2e4c08aa32389.json.gz,1,America/New_York,0a291c92925d7f38be713f08e0deff7fa610fa8116b9af8a439608defa145536,6fce88041c5bf02f58665636c76360a8ee895b8b806ba5f5abe2e4c08aa32389,,,,,,,,,
joldc-65ab6666f2e23868dc5f65bd-lead35,https://jimowles.org/news/candidate-answers-to-joldc-jessica-ramos-for-ny-senate-district-13-2024,https://jimowles.org/news/candidate-answers-to-joldc-jessica-ramos-for-ny-senate-district-13-2024,2024-01-20,2026-09-23T08:11:08.878777+00:00,,data/raw/questionnaire_library/joldc/post-65ab6666f2e23868dc5f65bd-0a291c92925d7f38be713f08e0deff7fa610fa8116b9af8a439608defa145536.html,020f974709d5b4497c34d62f426271a8140c6b3301f58f1feada45dbce72934f,18108,excluded,"Body office is 'New York State Senate District 13', which does not match canonical Mayor NYC.",text/html,publisher_api_post_body,,,,,,,,,,,,,,,2024-02-27,,,,,,,,,,,,"{'canonical_race_id': 'race-d0d830cb7a9e40e91152', 'race_id': 'race-d0d830cb7a9e40e91152', 'candidate_name': 'Jessica Ramos', 'role': 'opponent', 'election_date': '2025-06-24', 'source_type': 'candidate_questionnaire', 'publication_date': '2024-01-20', 'source_url': 'https://jimowles.org/news/candidate-answers-to-joldc-jessica-ramos-for-ny-senate-district-13-2024', 'archive_url': '', 'candidate_only_locator': 'Questionnaire body header: Candidate Name Jessica Ramos; Office New York State Senate District 13'}",,https://jimowles.org/news?category=questionnaire&format=json&offset=1705875180027,data/raw/questionnaire_library/joldc/post-65ab6666f2e23868dc5f65bd-0a291c92925d7f38be713f08e0deff7fa610fa8116b9af8a439608defa145536.json,data/raw/questionnaire_library/joldc/index-6fce88041c5bf02f58665636c76360a8ee895b8b806ba5f5abe2e4c08aa32389.json.gz,1,America/New_York,0a291c92925d7f38be713f08e0deff7fa610fa8116b9af8a439608defa145536,6fce88041c5bf02f58665636c76360a8ee895b8b806ba5f5abe2e4c08aa32389,,,,,,,,,
joldc-622cc7bad1caf210cffdcdee-lead36,https://jimowles.org/news/candidate-answers-to-joldc-nikki-lucas-for-ny-assembly-district-60-2022,https://jimowles.org/news/candidate-answers-to-joldc-nikki-lucas-for-ny-assembly-district-60-2022,2022-03-12,2026-09-23T08:11:15.115209+00:00,,data/raw/questionnaire_library/joldc/post-622cc7bad1caf210cffdcdee-9632c35b45d30f508d866c4dc8edddad61d6bfb0744731c7d249975079f33261.html,0b5c427a4e771b9bde2dd251d0a188cc178a0cc45630cc0786355ffd7926ed9d,18983,used,Body candidate name and office/cycle match canonical registry context.,text/html,publisher_api_post_body,,,,,,,,,,,,,,,2022-03-12,,,,,,,,,,,,"{'canonical_race_id': 'race-7f202ea8e34ed7d7a624', 'race_id': 'race-7f202ea8e34ed7d7a624', 'candidate_name': 'Nikki Lucas', 'role': 'opponent', 'election_date': '2022-06-28', 'source_type': 'candidate_questionnaire', 'publication_date': '2022-03-12', 'source_url': 'https://jimowles.org/news/candidate-answers-to-joldc-nikki-lucas-for-ny-assembly-district-60-2022', 'archive_url': '', 'candidate_only_locator': 'Questionnaire body header: Candidate Name Nikki Lucas; Office NY Assembly District 60'}",,https://jimowles.org/news?category=questionnaire&format=json&offset=1647571471693,data/raw/questionnaire_library/joldc/post-622cc7bad1caf210cffdcdee-9632c35b45d30f508d866c4dc8edddad61d6bfb0744731c7d249975079f33261.json,data/raw/questionnaire_library/joldc/index-34ff81a7a91dfb0f21bfb3d45a2fdf6aeb599e509a95a4ed9021bba6c1e70d76.json.gz,2,America/New_York,9632c35b45d30f508d866c4dc8edddad61d6bfb0744731c7d249975079f33261,34ff81a7a91dfb0f21bfb3d45a2fdf6aeb599e509a95a4ed9021bba6c1e70d76,,,,,,,,,
joldc-621a62c04a55c861be4f80c5-lead37,https://jimowles.org/news/candidate-answers-to-joldc-illapa-sairitupac-for-ny-assembly-district-65-2022,https://jimowles.org/news/candidate-answers-to-joldc-illapa-sairitupac-for-ny-assembly-district-65-2022,2022-02-26,2026-09-23T08:11:15.115209+00:00,,data/raw/questionnaire_library/joldc/post-621a62c04a55c861be4f80c5-2b43e4976b10d6bea081b5f79a3aabc9860a34f71365de8dfee9c675293af64b.html,98ada5169a16766c8720714210e6606e9111cad94714241c8c11d7debbec8932,47584,used,Body candidate name and office/cycle match canonical registry context.,text/html,publisher_api_post_body,,,,,,cc6466612e2a5226c17bb49c-98ada5169a16,,,,,,,,,2022-03-03,,,['cc6466612e2a5226c17bb49c-98ada5169a16'],,,,,,,,,"{'canonical_race_id': 'race-63523454c44d7106fb43', 'race_id': 'race-63523454c44d7106fb43', 'candidate_name': 'Illapa Sairitupac', 'role': 'endorsed', 'election_date': '2022-06-28', 'source_type': 'candidate_questionnaire', 'publication_date': '2022-02-26', 'source_url': 'https://jimowles.org/news/candidate-answers-to-joldc-illapa-sairitupac-for-ny-assembly-district-65-2022', 'archive_url': '', 'candidate_only_locator': 'Questionnaire body header: Candidate Name Illapa Sairitupac; Office NY Assembly District 65'}",,https://jimowles.org/news?category=questionnaire&format=json&offset=1647571471693,data/raw/questionnaire_library/joldc/post-621a62c04a55c861be4f80c5-2b43e4976b10d6bea081b5f79a3aabc9860a34f71365de8dfee9c675293af64b.json,data/raw/questionnaire_library/joldc/index-34ff81a7a91dfb0f21bfb3d45a2fdf6aeb599e509a95a4ed9021bba6c1e70d76.json.gz,8,America/New_York,2b43e4976b10d6bea081b5f79a3aabc9860a34f71365de8dfee9c675293af64b,34ff81a7a91dfb0f21bfb3d45a2fdf6aeb599e509a95a4ed9021bba6c1e70d76,,,,,,,,,
joldc-621a60d6d985833faadb818d-lead38,https://jimowles.org/news/candidate-answers-to-joldc-denny-salas-for-ny-assembly-district-65-2022,https://jimowles.org/news/candidate-answers-to-joldc-denny-salas-for-ny-assembly-district-65-2022,2022-02-26,2026-09-23T08:11:15.115209+00:00,,data/raw/questionnaire_library/joldc/post-621a60d6d985833faadb818d-d8ec84a4639f8339594687c965d9abfa7251eb7b7e362e17ea90d316ad2b6970.html,326adfaf3d550fc6c8959b9deeda68cc2cf30c8f97c3bd590a4b89c79607c1b2,49446,used,Body candidate name and office/cycle match canonical registry context.,text/html,publisher_api_post_body,,,,,,ad9fa33e908b00b469e93726-326adfaf3d55,,,,,,,,,2022-02-26,,,['ad9fa33e908b00b469e93726-326adfaf3d55'],,,,,,,,,"{'canonical_race_id': 'race-63523454c44d7106fb43', 'race_id': 'race-63523454c44d7106fb43', 'candidate_name': 'Denny Salas', 'role': 'opponent', 'election_date': '2022-06-28', 'source_type': 'candidate_questionnaire', 'publication_date': '2022-02-26', 'source_url': 'https://jimowles.org/news/candidate-answers-to-joldc-denny-salas-for-ny-assembly-district-65-2022', 'archive_url': '', 'candidate_only_locator': 'Questionnaire body header: Candidate Name Denny Salas; Office NY Assembly District 65'}",,https://jimowles.org/news?category=questionnaire&format=json&offset=1647571471693,data/raw/questionnaire_library/joldc/post-621a60d6d985833faadb818d-d8ec84a4639f8339594687c965d9abfa7251eb7b7e362e17ea90d316ad2b6970.json,data/raw/questionnaire_library/joldc/index-34ff81a7a91dfb0f21bfb3d45a2fdf6aeb599e509a95a4ed9021bba6c1e70d76.json.gz,9,America/New_York,d8ec84a4639f8339594687c965d9abfa7251eb7b7e362e17ea90d316ad2b6970,34ff81a7a91dfb0f21bfb3d45a2fdf6aeb599e509a95a4ed9021bba6c1e70d76,,,,,,,,,
joldc-6219c02f08581914a179e832-lead39,https://jimowles.org/news/candidate-answers-to-joldc-kristen-gonzalez-for-ny-senate-district-17-2022,https://jimowles.org/news/candidate-answers-to-joldc-kristen-gonzalez-for-ny-senate-district-17-2022,2022-02-26,2026-09-23T08:11:15.115209+00:00,,data/raw/questionnaire_library/joldc/post-6219c02f08581914a179e832-a7fa73dcb7fe2ae225d979e4c5b10441b91c6282facce510a96eff09dad4359b.html,a87c277be1d2edd3248e22c8d1fc5fc05c9fe0e0d56b040cbcbca9616edc297a,35384,excluded,"Body office is 'New York State Senate District 17', which does not match canonical State Senate District 59.",text/html,publisher_api_post_body,,,,,,,,,,,,,,,2022-03-08,,,,,,,,,,,,"{'canonical_race_id': 'race-29704c58690113fb2a50', 'race_id': 'race-29704c58690113fb2a50', 'candidate_name': 'Kristen Gonzalez', 'role': 'endorsed', 'election_date': '2022-08-23', 'source_type': 'candidate_questionnaire', 'publication_date': '2022-02-26', 'source_url': 'https://jimowles.org/news/candidate-answers-to-joldc-kristen-gonzalez-for-ny-senate-district-17-2022', 'archive_url': '', 'candidate_only_locator': 'Questionnaire body header: Candidate Name Kristen Gonzalez; Office New York State Senate District 17'}",,https://jimowles.org/news?category=questionnaire&format=json&offset=1647571471693,data/raw/questionnaire_library/joldc/post-6219c02f08581914a179e832-a7fa73dcb7fe2ae225d979e4c5b10441b91c6282facce510a96eff09dad4359b.json,data/raw/questionnaire_library/joldc/index-34ff81a7a91dfb0f21bfb3d45a2fdf6aeb599e509a95a4ed9021bba6c1e70d76.json.gz,10,America/New_York,a7fa73dcb7fe2ae225d979e4c5b10441b91c6282facce510a96eff09dad4359b,34ff81a7a91dfb0f21bfb3d45a2fdf6aeb599e509a95a4ed9021bba6c1e70d76,,,,,,,,,
joldc-6219ba19529d5b232d04dd97-lead40,https://jimowles.org/news/candidate-answers-to-joldc-grace-lee-for-ny-assembly-district-65-2022,https://jimowles.org/news/candidate-answers-to-joldc-grace-lee-for-ny-assembly-district-65-2022,2022-02-26,2026-09-23T08:11:15.115209+00:00,,data/raw/questionnaire_library/joldc/post-6219ba19529d5b232d04dd97-5859280b58280085c8bfbef43b93ad44634520b5b04693d91d62d3c4742f8333.html,a37669a981926e2bcbbf6ffe3e83f3ad7486d163db869d949a350d818e7e1f4f,32167,used,Body candidate name and office/cycle match canonical registry context.,text/html,publisher_api_post_body,,,,,,e3f1ce0529068d5abc7f2385-a37669a98192,,,,,,,,,2022-02-26,,,['e3f1ce0529068d5abc7f2385-a37669a98192'],,,,,,,,,"{'canonical_race_id': 'race-63523454c44d7106fb43', 'race_id': 'race-63523454c44d7106fb43', 'candidate_name': 'Grace Lee', 'role': 'opponent', 'election_date': '2022-06-28', 'source_type': 'candidate_questionnaire', 'publication_date': '2022-02-26', 'source_url': 'https://jimowles.org/news/candidate-answers-to-joldc-grace-lee-for-ny-assembly-district-65-2022', 'archive_url': '', 'candidate_only_locator': 'Questionnaire body header: Candidate Name Grace Lee; Office NY Assembly District 65'}",,https://jimowles.org/news?category=questionnaire&format=json&offset=1647571471693,data/raw/questionnaire_library/joldc/post-6219ba19529d5b232d04dd97-5859280b58280085c8bfbef43b93ad44634520b5b04693d91d62d3c4742f8333.json,data/raw/questionnaire_library/joldc/index-34ff81a7a91dfb0f21bfb3d45a2fdf6aeb599e509a95a4ed9021bba6c1e70d76.json.gz,12,America/New_York,5859280b58280085c8bfbef43b93ad44634520b5b04693d91d62d3c4742f8333,34ff81a7a91dfb0f21bfb3d45a2fdf6aeb599e509a95a4ed9021bba6c1e70d76,,,,,,,,,
joldc-621917f36458bb30b3e239cc-lead41,https://jimowles.org/news/candidate-answers-to-joldc-alana-sivin-for-ny-assembly-district-65-2022,https://jimowles.org/news/candidate-answers-to-joldc-alana-sivin-for-ny-assembly-district-65-2022,2022-02-25,2026-09-23T08:11:15.115209+00:00,,data/raw/questionnaire_library/joldc/post-621917f36458bb30b3e239cc-5dc61b83b9e2d44d554d6b99bda1ad030a3a1b04494d8e5b32669ed0a4757841.html,10b734be0724be1cc386f739bc02f3b523fbe255950c7d204415b82a1f363a31,46794,used,Body candidate name and office/cycle match canonical registry context.,text/html,publisher_api_post_body,,,,,,47f01b389c7988a4d3c65a39-10b734be0724,,,,,,,,,2022-02-26,,,['47f01b389c7988a4d3c65a39-10b734be0724'],,,,,,,,,"{'canonical_race_id': 'race-63523454c44d7106fb43', 'race_id': 'race-63523454c44d7106fb43', 'candidate_name': 'Alana Sivin', 'role': 'opponent', 'election_date': '2022-06-28', 'source_type': 'candidate_questionnaire', 'publication_date': '2022-02-25', 'source_url': 'https://jimowles.org/news/candidate-answers-to-joldc-alana-sivin-for-ny-assembly-district-65-2022', 'archive_url': '', 'candidate_only_locator': 'Questionnaire body header: Candidate Name Alana Sivin; Office NY Assembly District 65'}",,https://jimowles.org/news?category=questionnaire&format=json&offset=1647571471693,data/raw/questionnaire_library/joldc/post-621917f36458bb30b3e239cc-5dc61b83b9e2d44d554d6b99bda1ad030a3a1b04494d8e5b32669ed0a4757841.json,data/raw/questionnaire_library/joldc/index-34ff81a7a91dfb0f21bfb3d45a2fdf6aeb599e509a95a4ed9021bba6c1e70d76.json.gz,14,America/New_York,5dc61b83b9e2d44d554d6b99bda1ad030a3a1b04494d8e5b32669ed0a4757841,34ff81a7a91dfb0f21bfb3d45a2fdf6aeb599e509a95a4ed9021bba6c1e70d76,,,,,,,,,
joldc-62185ac4c91c6e7de204047d-lead42,https://jimowles.org/news/candidate-answers-to-joldc-kaegan-mays-williams-for-ny-senate-district-21-2022,https://jimowles.org/news/candidate-answers-to-joldc-kaegan-mays-williams-for-ny-senate-district-21-2022,2022-02-24,2026-09-23T08:11:15.115209+00:00,,data/raw/questionnaire_library/joldc/post-62185ac4c91c6e7de204047d-94e97d451f74a754c00b240deaf925a2224786a010a4ce1da9c856acdc18a73a.html,4aa6f7d7f30a53e1969c80991e51d6170cf1283abe22d837686b49e791f3df4c,25849,used,Body candidate name and office/cycle match canonical registry context.,text/html,publisher_api_post_body,,,,,,9a3c8645498897cb0717f96d-4aa6f7d7f30a,,,,,,,,,2022-02-25,,,['9a3c8645498897cb0717f96d-4aa6f7d7f30a'],,,,,,,,,"{'canonical_race_id': 'race-11b2afab91d000318469', 'race_id': 'race-11b2afab91d000318469', 'candidate_name': 'Kaegan Marie Mays-Williams', 'role': 'opponent', 'election_date': '2022-08-23', 'source_type': 'candidate_questionnaire', 'publication_date': '2022-02-24', 'source_url': 'https://jimowles.org/news/candidate-answers-to-joldc-kaegan-mays-williams-for-ny-senate-district-21-2022', 'archive_url': '', 'candidate_only_locator': 'Questionnaire body header: Candidate Name Kaegan Mays-Williams; Office New York State Senate District 21'}",,https://jimowles.org/news?category=questionnaire&format=json&offset=1647571471693,data/raw/questionnaire_library/joldc/post-62185ac4c91c6e7de204047d-94e97d451f74a754c00b240deaf925a2224786a010a4ce1da9c856acdc18a73a.json,data/raw/questionnaire_library/joldc/index-34ff81a7a91dfb0f21bfb3d45a2fdf6aeb599e509a95a4ed9021bba6c1e70d76.json.gz,15,America/New_York,94e97d451f74a754c00b240deaf925a2224786a010a4ce1da9c856acdc18a73a,34ff81a7a91dfb0f21bfb3d45a2fdf6aeb599e509a95a4ed9021bba6c1e70d76,,,,,,,,,
joldc-620493f120bdac7a9d27f628-lead43,https://jimowles.org/news/candidate-answers-to-joldc-olanike-alabi-for-ny-assembly-district-57-2022,https://jimowles.org/news/candidate-answers-to-joldc-olanike-alabi-for-ny-assembly-district-57-2022,2022-02-09,2026-09-23T08:11:17.145856+00:00,,data/raw/questionnaire_library/joldc/post-620493f120bdac7a9d27f628-c50a4c3868719fe75d84a7caf477f3dda0d1da3fcced71226d8e57cab0ce784b.html,78ce9bb41e8a5cd277edae7f8ff0ea045463b8109e08dde76533b41119be80cd,17887,used,Body candidate name and office/cycle match canonical registry context.,text/html,publisher_api_post_body,,,,,,52f56b53517baf2961a76690-78ce9bb41e8a,,,,,,,,,2022-02-25,,,['52f56b53517baf2961a76690-78ce9bb41e8a'],,,,,,,,,"{'canonical_race_id': 'race-a036ccb35ff1bcadc510', 'race_id': 'race-a036ccb35ff1bcadc510', 'candidate_name': 'Olanike Alabi', 'role': 'opponent', 'election_date': '2022-06-28', 'source_type': 'candidate_questionnaire', 'publication_date': '2022-02-09', 'source_url': 'https://jimowles.org/news/candidate-answers-to-joldc-olanike-alabi-for-ny-assembly-district-57-2022', 'archive_url': '', 'candidate_only_locator': 'Questionnaire body header: Candidate Name Olanike Alabi; Office NY Assembly District 57'}",,https://jimowles.org/news?category=questionnaire&format=json&offset=1645296241195,data/raw/questionnaire_library/joldc/post-620493f120bdac7a9d27f628-c50a4c3868719fe75d84a7caf477f3dda0d1da3fcced71226d8e57cab0ce784b.json,data/raw/questionnaire_library/joldc/index-5cfd6675657f6f2738c46fb42807ce4d3c072bccabcd7b85bcb7a3c27ea9dad7.json.gz,7,America/New_York,c50a4c3868719fe75d84a7caf477f3dda0d1da3fcced71226d8e57cab0ce784b,5cfd6675657f6f2738c46fb42807ce4d3c072bccabcd7b85bcb7a3c27ea9dad7,,,,,,,,,
joldc-6203e73ca7e74927c9633597-lead44,https://jimowles.org/news/candidate-answers-to-joldc-david-alexis-for-ny-senate-district-21-2022,https://jimowles.org/news/candidate-answers-to-joldc-david-alexis-for-ny-senate-district-21-2022,2022-02-09,2026-09-23T08:11:17.145856+00:00,,data/raw/questionnaire_library/joldc/post-6203e73ca7e74927c9633597-2c343dc4de59df60fa92fcc1e10aa91eae5ecef733429061080eccc77392013b.html,5f01bc90ef142519d314b98cd63f79e5d3f5702861d716f26427507bb96449b3,38224,used,Body candidate name and office/cycle match canonical registry context.,text/html,publisher_api_post_body,,,,,,25c13421eff85cac96464a1b-5f01bc90ef14,,,,,,,,,2022-02-25,,,['25c13421eff85cac96464a1b-5f01bc90ef14'],,,,,,,,,"{'canonical_race_id': 'race-11b2afab91d000318469', 'race_id': 'race-11b2afab91d000318469', 'candidate_name': 'David Alexis', 'role': 'endorsed', 'election_date': '2022-08-23', 'source_type': 'candidate_questionnaire', 'publication_date': '2022-02-09', 'source_url': 'https://jimowles.org/news/candidate-answers-to-joldc-david-alexis-for-ny-senate-district-21-2022', 'archive_url': '', 'candidate_only_locator': 'Questionnaire body header: Candidate Name David Alexis; Office New York State Senate District 21'}",,https://jimowles.org/news?category=questionnaire&format=json&offset=1645296241195,data/raw/questionnaire_library/joldc/post-6203e73ca7e74927c9633597-2c343dc4de59df60fa92fcc1e10aa91eae5ecef733429061080eccc77392013b.json,data/raw/questionnaire_library/joldc/index-5cfd6675657f6f2738c46fb42807ce4d3c072bccabcd7b85bcb7a3c27ea9dad7.json.gz,8,America/New_York,2c343dc4de59df60fa92fcc1e10aa91eae5ecef733429061080eccc77392013b,5cfd6675657f6f2738c46fb42807ce4d3c072bccabcd7b85bcb7a3c27ea9dad7,,,,,,,,,
joldc-61f30ef8c3c4b76777938437-lead45,https://jimowles.org/news/candidate-answers-to-joldc-samy-olivares-for-ny-assembly-district-54-2022,https://jimowles.org/news/candidate-answers-to-joldc-samy-olivares-for-ny-assembly-district-54-2022,2022-01-27,2026-09-23T08:11:17.145856+00:00,,data/raw/questionnaire_library/joldc/post-61f30ef8c3c4b76777938437-159f3aaed77823aafa2a616492bd66ac2ccc48d687e122aabaf85bede8ee1057.html,69f2d5a0ff3d4f152425b8121d3aa4272a7f06a4cc0b9b05138b899725c75827,48938,used,Body candidate name and office/cycle match canonical registry context.,text/html,publisher_api_post_body,,,,,,f932a0e1d2a9e7099320124f-69f2d5a0ff3d,,,,,,,,,2022-02-25,,,['f932a0e1d2a9e7099320124f-69f2d5a0ff3d'],,,,,,,,,"{'canonical_race_id': 'race-7d93ab6b51ec87b8170e', 'race_id': 'race-7d93ab6b51ec87b8170e', 'candidate_name': 'Samy Nemir Olivares', 'role': 'endorsed', 'election_date': '2022-06-28', 'source_type': 'candidate_questionnaire', 'publication_date': '2022-01-27', 'source_url': 'https://jimowles.org/news/candidate-answers-to-joldc-samy-olivares-for-ny-assembly-district-54-2022', 'archive_url': '', 'candidate_only_locator': 'Questionnaire body header: Candidate Name Samy Nemir Olivares; Office NY Assembly District 54'}",,https://jimowles.org/news?category=questionnaire&format=json&offset=1645296241195,data/raw/questionnaire_library/joldc/post-61f30ef8c3c4b76777938437-159f3aaed77823aafa2a616492bd66ac2ccc48d687e122aabaf85bede8ee1057.json,data/raw/questionnaire_library/joldc/index-5cfd6675657f6f2738c46fb42807ce4d3c072bccabcd7b85bcb7a3c27ea9dad7.json.gz,13,America/New_York,159f3aaed77823aafa2a616492bd66ac2ccc48d687e122aabaf85bede8ee1057,5cfd6675657f6f2738c46fb42807ce4d3c072bccabcd7b85bcb7a3c27ea9dad7,,,,,,,,,
joldc-61f08ed16951222beb0a4e8c-lead46,https://jimowles.org/news/candidate-answers-to-joldc-emily-gallagher-for-ny-assembly-district-50-2022,https://jimowles.org/news/candidate-answers-to-joldc-emily-gallagher-for-ny-assembly-district-50-2022,2022-01-25,2026-09-23T08:11:17.145856+00:00,,data/raw/questionnaire_library/joldc/post-61f08ed16951222beb0a4e8c-3d0260e99b6da51e0c771f36a1c59f0c99c423847a55fedee58a703a3eab9521.html,cea860ed4d7c4136cd5aa9f2a3d24a927a6fa1570ea61d3ccf1e3c511b3079a3,23907,used,Body candidate name and office/cycle match canonical registry context.,text/html,publisher_api_post_body,,,,,,,,,,,,,,,2022-02-25,,,,,,,,,,,,"{'canonical_race_id': 'race-3a50f4e7ad1567ae0820', 'race_id': 'race-3a50f4e7ad1567ae0820', 'candidate_name': 'Emily E. Gallagher', 'role': 'endorsed', 'election_date': '2022-06-28', 'source_type': 'candidate_questionnaire', 'publication_date': '2022-01-25', 'source_url': 'https://jimowles.org/news/candidate-answers-to-joldc-emily-gallagher-for-ny-assembly-district-50-2022', 'archive_url': '', 'candidate_only_locator': 'Questionnaire body header: Candidate Name Emily Gallagher; Office NY Assembly District 50'}",,https://jimowles.org/news?category=questionnaire&format=json&offset=1645296241195,data/raw/questionnaire_library/joldc/post-61f08ed16951222beb0a4e8c-3d0260e99b6da51e0c771f36a1c59f0c99c423847a55fedee58a703a3eab9521.json,data/raw/questionnaire_library/joldc/index-5cfd6675657f6f2738c46fb42807ce4d3c072bccabcd7b85bcb7a3c27ea9dad7.json.gz,18,America/New_York,3d0260e99b6da51e0c771f36a1c59f0c99c423847a55fedee58a703a3eab9521,5cfd6675657f6f2738c46fb42807ce4d3c072bccabcd7b85bcb7a3c27ea9dad7,,,,,,,,,
joldc-5ff8e6954807cb16b9266851-lead47,https://jimowles.org/news/candidate-answers-to-joldc-pierina-sanchez-for-city-council-district-14,https://jimowles.org/news/candidate-answers-to-joldc-pierina-sanchez-for-city-council-district-14,2021-01-08,2026-09-23T08:11:25.597866+00:00,,data/raw/questionnaire_library/joldc/post-5ff8e6954807cb16b9266851-0d724fa23245b3e67c0fff8c24beffbd018dee6ae13f4d4d6021fc89a3bc1024.html,ac212226747d36929c945e5c8853be7ecf1085f26ba881ec4fff911a48be14a8,42653,used,Body candidate name and office/cycle match canonical registry context.,text/html,publisher_api_post_body,,,,,,,,,,,,,,,2021-01-26,,,,,,,,,,,,"{'canonical_race_id': 'race-2ad627f1f643d221f19f', 'race_id': 'race-2ad627f1f643d221f19f', 'candidate_name': 'Pierina Sanchez', 'role': 'opponent', 'election_date': '2021-06-22', 'source_type': 'candidate_questionnaire', 'publication_date': '2021-01-08', 'source_url': 'https://jimowles.org/news/candidate-answers-to-joldc-pierina-sanchez-for-city-council-district-14', 'archive_url': '', 'candidate_only_locator': 'Questionnaire body header: Candidate Name Pierina Sanchez; Office City Council District 14 Explain, based on life experiences and accomplishments, why you believe you are best qualified to represent your district'}",,https://jimowles.org/news?category=questionnaire&format=json&offset=1610149500217,data/raw/questionnaire_library/joldc/post-5ff8e6954807cb16b9266851-0d724fa23245b3e67c0fff8c24beffbd018dee6ae13f4d4d6021fc89a3bc1024.json,data/raw/questionnaire_library/joldc/index-5ae72ff2d14f9f73f53cf464632c98667bce51055c6d6365463769f441e0b7b1.json.gz,11,America/New_York,0d724fa23245b3e67c0fff8c24beffbd018dee6ae13f4d4d6021fc89a3bc1024,5ae72ff2d14f9f73f53cf464632c98667bce51055c6d6365463769f441e0b7b1,,,,,,,,,
joldc-5ff8f23492d89d4dbccc2ee9-lead48,https://jimowles.org/news/candidate-answers-to-joldc-kenya-handy-hilliard-for-city-council-district-40-4gash,https://jimowles.org/news/candidate-answers-to-joldc-kenya-handy-hilliard-for-city-council-district-40-4gash,2021-01-08,2026-09-23T08:11:27.607841+00:00,,data/raw/questionnaire_library/joldc/post-5ff8f23492d89d4dbccc2ee9-adab799eaf59bf56aa5fbc47a1e40b1219c5eff1c2ef3e14a1e147a0617522f6.html,dc52463e539d0352097378404db357a1b583995b157d70b3b6225171087e069f,35209,used,Body candidate name and office/cycle match canonical registry context.,text/html,publisher_api_post_body,,,,,,,,,,,,,,,2021-01-19,,,,,,,,,,,,"{'canonical_race_id': 'race-8c1736034dcd6cd4f3ba', 'race_id': 'race-8c1736034dcd6cd4f3ba', 'candidate_name': 'Evie Hantzopoulos', 'role': 'opponent', 'election_date': '2021-06-22', 'source_type': 'candidate_questionnaire', 'publication_date': '2021-01-08', 'source_url': 'https://jimowles.org/news/candidate-answers-to-joldc-kenya-handy-hilliard-for-city-council-district-40-4gash', 'archive_url': '', 'candidate_only_locator': 'Questionnaire body header: Candidate Name Evie Hantzopoulos; Office City Council District 22 Explain, based on life experiences and accomplishments, why you believe you are best qualified to represent your district'}",,https://jimowles.org/news?category=questionnaire&format=json&offset=1610148720048,data/raw/questionnaire_library/joldc/post-5ff8f23492d89d4dbccc2ee9-adab799eaf59bf56aa5fbc47a1e40b1219c5eff1c2ef3e14a1e147a0617522f6.json,data/raw/questionnaire_library/joldc/index-8b912f548801b88d6098e8088756c4de45fd87123e8a7b771fbf2936450b9306.json.gz,1,America/New_York,adab799eaf59bf56aa5fbc47a1e40b1219c5eff1c2ef3e14a1e147a0617522f6,8b912f548801b88d6098e8088756c4de45fd87123e8a7b771fbf2936450b9306,,,,,,,,,
joldc-5ff9226e5524ef5ea7c4ea73-lead49,https://jimowles.org/news/candidate-answers-to-joldc-jaslin-kaur-for-city-council-district-23,https://jimowles.org/news/candidate-answers-to-joldc-jaslin-kaur-for-city-council-district-23,2021-01-08,2026-09-23T08:11:27.607841+00:00,,data/raw/questionnaire_library/joldc/post-5ff9226e5524ef5ea7c4ea73-9d9ab75ddcf31cf3136c87b54b2093a9dcf0636444dbc36077ba99d0525a0b45.html,b2ade1cfcee62774a2819a5d233cafedd7238feaaa74a3609998a4e2b1d0fb6e,43034,used,Body candidate name and office/cycle match canonical registry context.,text/html,publisher_api_post_body,,,,,,,,,,,,,,,2021-01-19,,,,,,,,,,,,"{'canonical_race_id': 'race-db2bbdecf941c5b1478e', 'race_id': 'race-db2bbdecf941c5b1478e', 'candidate_name': 'Jaslin Kaur', 'role': 'endorsed', 'election_date': '2021-06-22', 'source_type': 'candidate_questionnaire', 'publication_date': '2021-01-08', 'source_url': 'https://jimowles.org/news/candidate-answers-to-joldc-jaslin-kaur-for-city-council-district-23', 'archive_url': '', 'candidate_only_locator': 'Questionnaire body header: Candidate Name Jaslin Kaur; Office City Council District 23 Explain, based on life experiences and accomplishments, why you believe you are best qualified to represent your district'}",,https://jimowles.org/news?category=questionnaire&format=json&offset=1610148720048,data/raw/questionnaire_library/joldc/post-5ff9226e5524ef5ea7c4ea73-9d9ab75ddcf31cf3136c87b54b2093a9dcf0636444dbc36077ba99d0525a0b45.json,data/raw/questionnaire_library/joldc/index-8b912f548801b88d6098e8088756c4de45fd87123e8a7b771fbf2936450b9306.json.gz,2,America/New_York,9d9ab75ddcf31cf3136c87b54b2093a9dcf0636444dbc36077ba99d0525a0b45,8b912f548801b88d6098e8088756c4de45fd87123e8a7b771fbf2936450b9306,,,,,,,,,
joldc-6005ac9ae40b7c3f2c0d2b2e-lead50,https://jimowles.org/news/candidate-answers-to-joldc-crystal-hudson-for-city-council-district-35,https://jimowles.org/news/candidate-answers-to-joldc-crystal-hudson-for-city-council-district-35,2021-01-08,2026-09-23T08:11:29.756662+00:00,,data/raw/questionnaire_library/joldc/post-6005ac9ae40b7c3f2c0d2b2e-69a86e2ad35ab98fa3a619087d0fe13042a124d447ec1e3659def60ad652323c.html,8a7252469ec7965cfa702ec16410ec049b797266bceec443a724207b96c1874f,40862,excluded,"Body office is 'City Council District 1 Explain, based on life experiences and accomplishments, why you believe you are best qualified to represent your district', which does not match canonical City Council District 35.",text/html,publisher_api_post_body,,,,,,,,,,,,,,,2021-01-26,,,,,,,,,,,,"{'canonical_race_id': 'race-65136bae40d3d3d9d35a', 'race_id': 'race-65136bae40d3d3d9d35a', 'candidate_name': 'Crystal Hudson', 'role': 'opponent', 'election_date': '2021-06-22', 'source_type': 'candidate_questionnaire', 'publication_date': '2021-01-08', 'source_url': 'https://jimowles.org/news/candidate-answers-to-joldc-crystal-hudson-for-city-council-district-35', 'archive_url': '', 'candidate_only_locator': 'Questionnaire body header: Candidate Name Crystal Hudson; Office City Council District 1 Explain, based on life experiences and accomplishments, why you believe you are best qualified to represent your district'}",,https://jimowles.org/news?category=questionnaire&format=json&offset=1610147940803,data/raw/questionnaire_library/joldc/post-6005ac9ae40b7c3f2c0d2b2e-69a86e2ad35ab98fa3a619087d0fe13042a124d447ec1e3659def60ad652323c.json,data/raw/questionnaire_library/joldc/index-81b7498735a9d69d1f6e4151f48df160eaae8a353ee4078a43d14ddf3aa75ec7.json.gz,3,America/New_York,69a86e2ad35ab98fa3a619087d0fe13042a124d447ec1e3659def60ad652323c,81b7498735a9d69d1f6e4151f48df160eaae8a353ee4078a43d14ddf3aa75ec7,,,,,,,,,
joldc-5ff8f12ac782553020b7ebf6-lead51,https://jimowles.org/news/candidate-answers-to-joldc-julie-menin-for-city-council-district-5-xarry,https://jimowles.org/news/candidate-answers-to-joldc-julie-menin-for-city-council-district-5-xarry,2021-01-08,2026-09-23T08:11:29.756662+00:00,,data/raw/questionnaire_library/joldc/post-5ff8f12ac782553020b7ebf6-e4e658083eb9b938d1ae380adec3f5789a2fa33b4cc0a7b3b23f37cabcba0d1b.html,fe7a4a5835f869d9c4021baee7dc4e27982e8ac6803c9a2c71b84b95f9901755,31371,used,Body candidate name and office/cycle match canonical registry context.,text/html,publisher_api_post_body,,,,,,,,,,,,,,,2021-01-26,,,,,,,,,,,,"{'canonical_race_id': 'race-65136bae40d3d3d9d35a', 'race_id': 'race-65136bae40d3d3d9d35a', 'candidate_name': 'Michael Hollingsworth', 'role': 'endorsed', 'election_date': '2021-06-22', 'source_type': 'candidate_questionnaire', 'publication_date': '2021-01-08', 'source_url': 'https://jimowles.org/news/candidate-answers-to-joldc-julie-menin-for-city-council-district-5-xarry', 'archive_url': '', 'candidate_only_locator': 'Questionnaire body header: Candidate Name Michael Hollingsworth; Office City Council District 35 Explain, based on life experiences and accomplishments, why you believe you are best qualified to represent your district'}",,https://jimowles.org/news?category=questionnaire&format=json&offset=1610147940803,data/raw/questionnaire_library/joldc/post-5ff8f12ac782553020b7ebf6-e4e658083eb9b938d1ae380adec3f5789a2fa33b4cc0a7b3b23f37cabcba0d1b.json,data/raw/questionnaire_library/joldc/index-81b7498735a9d69d1f6e4151f48df160eaae8a353ee4078a43d14ddf3aa75ec7.json.gz,4,America/New_York,e4e658083eb9b938d1ae380adec3f5789a2fa33b4cc0a7b3b23f37cabcba0d1b,81b7498735a9d69d1f6e4151f48df160eaae8a353ee4078a43d14ddf3aa75ec7,,,,,,,,,
joldc-6005af88b887ce0fe9909bbf-lead52,https://jimowles.org/news/candidate-answers-to-joldc-rodrigo-camarena-for-city-council-district-38,https://jimowles.org/news/candidate-answers-to-joldc-rodrigo-camarena-for-city-council-district-38,2021-01-08,2026-09-23T08:11:29.756662+00:00,,data/raw/questionnaire_library/joldc/post-6005af88b887ce0fe9909bbf-3edd9b0462a0f797361b1b3204dc66e66126a8a638d056cc6310380d50bee06b.html,c7d2bd02433fa1939e191ba88e75e3f3bc0d41569e14ec64b5ea05c7bbe14e3b,28838,used,Body candidate name and office/cycle match canonical registry context.,text/html,publisher_api_post_body,,,,,,,,,,,,,,,2021-01-20,,,,,,,,,,,,"{'canonical_race_id': 'race-1222367a071612c7736a', 'race_id': 'race-1222367a071612c7736a', 'candidate_name': 'Rodrigo G. Camarena', 'role': 'opponent', 'election_date': '2021-06-22', 'source_type': 'candidate_questionnaire', 'publication_date': '2021-01-08', 'source_url': 'https://jimowles.org/news/candidate-answers-to-joldc-rodrigo-camarena-for-city-council-district-38', 'archive_url': '', 'candidate_only_locator': 'Questionnaire body header: Candidate Name Rodrigo Camarena; Office City Council District 38 Explain, based on life experiences and accomplishments, why you believe you are best qualified to represent your district'}",,https://jimowles.org/news?category=questionnaire&format=json&offset=1610147940803,data/raw/questionnaire_library/joldc/post-6005af88b887ce0fe9909bbf-3edd9b0462a0f797361b1b3204dc66e66126a8a638d056cc6310380d50bee06b.json,data/raw/questionnaire_library/joldc/index-81b7498735a9d69d1f6e4151f48df160eaae8a353ee4078a43d14ddf3aa75ec7.json.gz,9,America/New_York,3edd9b0462a0f797361b1b3204dc66e66126a8a638d056cc6310380d50bee06b,81b7498735a9d69d1f6e4151f48df160eaae8a353ee4078a43d14ddf3aa75ec7,,,,,,,,,
joldc-5ff8f3e08e17786cf7df811e-lead53,https://jimowles.org/news/candidate-answers-to-joldc-jacqui-painter-for-city-council-district-38,https://jimowles.org/news/candidate-answers-to-joldc-jacqui-painter-for-city-council-district-38,2021-01-08,2026-09-23T08:11:29.756662+00:00,,data/raw/questionnaire_library/joldc/post-5ff8f3e08e17786cf7df811e-c825c00e5a11492456c8d0cf3e1be5b78d6810fb69e1b01f75a47af21abe6c62.html,d4c9ec370dc0847c4bc7df52fa735086930b361080e5e4e9bf6e44cfbdbb131f,31290,used,Body candidate name and office/cycle match canonical registry context.,text/html,publisher_api_post_body,,,,,,,,,,,,,,,2021-01-20,,,,,,,,,,,,"{'canonical_race_id': 'race-1222367a071612c7736a', 'race_id': 'race-1222367a071612c7736a', 'candidate_name': 'Jacqui Painter', 'role': 'opponent', 'election_date': '2021-06-22', 'source_type': 'candidate_questionnaire', 'publication_date': '2021-01-08', 'source_url': 'https://jimowles.org/news/candidate-answers-to-joldc-jacqui-painter-for-city-council-district-38', 'archive_url': '', 'candidate_only_locator': 'Questionnaire body header: Candidate Name Jacqui Painter; Office City Council District 38 Explain, based on life experiences and accomplishments, why you believe you are best qualified to represent your district'}",,https://jimowles.org/news?category=questionnaire&format=json&offset=1610147940803,data/raw/questionnaire_library/joldc/post-5ff8f3e08e17786cf7df811e-c825c00e5a11492456c8d0cf3e1be5b78d6810fb69e1b01f75a47af21abe6c62.json,data/raw/questionnaire_library/joldc/index-81b7498735a9d69d1f6e4151f48df160eaae8a353ee4078a43d14ddf3aa75ec7.json.gz,10,America/New_York,c825c00e5a11492456c8d0cf3e1be5b78d6810fb69e1b01f75a47af21abe6c62,81b7498735a9d69d1f6e4151f48df160eaae8a353ee4078a43d14ddf3aa75ec7,,,,,,,,,
joldc-5ff8fad57a7b7d4c0286521d-lead54,https://jimowles.org/news/candidate-answers-to-joldc-brandon-west-for-city-council-district-39,https://jimowles.org/news/candidate-answers-to-joldc-brandon-west-for-city-council-district-39,2021-01-08,2026-09-23T08:11:29.756662+00:00,,data/raw/questionnaire_library/joldc/post-5ff8fad57a7b7d4c0286521d-56fc1713ba6ce29e9df6daeb2746cd78c2d44ac66a988dbc064a26a13320dae6.html,325d27556dd6ca701cd2407c0b933ef911ae47a7e2e144b76a77d9b91b2fb2fd,31920,used,Body candidate name and office/cycle match canonical registry context.,text/html,publisher_api_post_body,,,,,,61a5d26c335af743db2a363f-325d27556dd6,,,,,,,,,2021-01-09,,,['61a5d26c335af743db2a363f-325d27556dd6'],,,,,,,,,"{'canonical_race_id': 'race-60a20e415203eadd2b99', 'race_id': 'race-60a20e415203eadd2b99', 'candidate_name': 'Brandon West', 'role': 'endorsed', 'election_date': '2021-06-22', 'source_type': 'candidate_questionnaire', 'publication_date': '2021-01-08', 'source_url': 'https://jimowles.org/news/candidate-answers-to-joldc-brandon-west-for-city-council-district-39', 'archive_url': '', 'candidate_only_locator': 'Questionnaire body header: Candidate Name Brandon West; Office City Council District 39 Explain, based on life experiences and accomplishments, why you believe you are best qualified to represent your district'}",,https://jimowles.org/news?category=questionnaire&format=json&offset=1610147940803,data/raw/questionnaire_library/joldc/post-5ff8fad57a7b7d4c0286521d-56fc1713ba6ce29e9df6daeb2746cd78c2d44ac66a988dbc064a26a13320dae6.json,data/raw/questionnaire_library/joldc/index-81b7498735a9d69d1f6e4151f48df160eaae8a353ee4078a43d14ddf3aa75ec7.json.gz,11,America/New_York,56fc1713ba6ce29e9df6daeb2746cd78c2d44ac66a988dbc064a26a13320dae6,81b7498735a9d69d1f6e4151f48df160eaae8a353ee4078a43d14ddf3aa75ec7,,,,,,,,,
joldc-5ff8eb0e2ee63730daaa8c18-lead55,https://jimowles.org/news/candidate-answers-to-joldc-briget-rein-for-city-council-district-39,https://jimowles.org/news/candidate-answers-to-joldc-briget-rein-for-city-council-district-39,2021-01-08,2026-09-23T08:11:29.756662+00:00,,data/raw/questionnaire_library/joldc/post-5ff8eb0e2ee63730daaa8c18-a2637516624e915a6a74b1605fa920e88fcf53c7d362b38ca689fc6a04246d0b.html,412175ec4080b9e38fa8194c5b4b6aba43a3e10fb855b917f6b553bab198dcef,21393,used,Body candidate name and office/cycle match canonical registry context.,text/html,publisher_api_post_body,,,,,,3a85b69867a43422720ac2bf-412175ec4080,,,,,,,,,2021-01-09,,,['3a85b69867a43422720ac2bf-412175ec4080'],,,,,,,,,"{'canonical_race_id': 'race-60a20e415203eadd2b99', 'race_id': 'race-60a20e415203eadd2b99', 'candidate_name': 'Briget Rein', 'role': 'opponent', 'election_date': '2021-06-22', 'source_type': 'candidate_questionnaire', 'publication_date': '2021-01-08', 'source_url': 'https://jimowles.org/news/candidate-answers-to-joldc-briget-rein-for-city-council-district-39', 'archive_url': '', 'candidate_only_locator': 'Questionnaire body header: Candidate Name Briget Rein; Office City Council District 39 Explain, based on life experiences and accomplishments, why you believe you are best qualified to represent your district'}",,https://jimowles.org/news?category=questionnaire&format=json&offset=1610147940803,data/raw/questionnaire_library/joldc/post-5ff8eb0e2ee63730daaa8c18-a2637516624e915a6a74b1605fa920e88fcf53c7d362b38ca689fc6a04246d0b.json,data/raw/questionnaire_library/joldc/index-81b7498735a9d69d1f6e4151f48df160eaae8a353ee4078a43d14ddf3aa75ec7.json.gz,13,America/New_York,a2637516624e915a6a74b1605fa920e88fcf53c7d362b38ca689fc6a04246d0b,81b7498735a9d69d1f6e4151f48df160eaae8a353ee4078a43d14ddf3aa75ec7,,,,,,,,,
joldc-5e1e412b8460a6689db40135-lead56,https://jimowles.org/news/candidate-answers-to-joldc-ritchie-torres-for-us-congress-ny-15,https://jimowles.org/news/candidate-answers-to-joldc-ritchie-torres-for-us-congress-ny-15,2020-01-14,2026-09-23T08:11:33.868573+00:00,,data/raw/questionnaire_library/joldc/post-5e1e412b8460a6689db40135-a6cd2abeb249188ca995736fd3b47e1008fcf8a41b9f0eb6482ff98537283681.html,0e303e8d81b802700475f734d971bf6ad81d49dcdc452e2086ca714c0d2e8dad,11587,used,Body candidate name and office/cycle match canonical registry context.,text/html,publisher_api_post_body,,,,,,,,,,,,,,,2020-02-11,,,,,,,,,,,,"{'canonical_race_id': 'race-773a75def2a0d13c9f49', 'race_id': 'race-773a75def2a0d13c9f49', 'candidate_name': 'Ritchie Torres', 'role': 'opponent', 'election_date': '2020-06-23', 'source_type': 'candidate_questionnaire', 'publication_date': '2020-01-14', 'source_url': 'https://jimowles.org/news/candidate-answers-to-joldc-ritchie-torres-for-us-congress-ny-15', 'archive_url': '', 'candidate_only_locator': 'Questionnaire body header: Candidate Name Ritchie Torres; Office US Congress, Congressional District 15 (Bronx)'}",,https://jimowles.org/news?category=questionnaire&format=json&offset=1579042980807,data/raw/questionnaire_library/joldc/post-5e1e412b8460a6689db40135-a6cd2abeb249188ca995736fd3b47e1008fcf8a41b9f0eb6482ff98537283681.json,data/raw/questionnaire_library/joldc/index-b290ce50ac165856758599808d45277777108be4531b257b06d838da7f062a69.json.gz,4,America/New_York,a6cd2abeb249188ca995736fd3b47e1008fcf8a41b9f0eb6482ff98537283681,b290ce50ac165856758599808d45277777108be4531b257b06d838da7f062a69,,,,,,,,,
joldc-5e1e3d4ff1a61d6964bfdc23-lead57,https://jimowles.org/news/candidate-answers-to-joldc-jamaal-bowman-for-us-congress-ny-16,https://jimowles.org/news/candidate-answers-to-joldc-jamaal-bowman-for-us-congress-ny-16,2020-01-14,2026-09-23T08:11:33.868573+00:00,,data/raw/questionnaire_library/joldc/post-5e1e3d4ff1a61d6964bfdc23-6a38aec6482ec18676128cc1344642b5814a5b74387dc051c7e6dac65a3d6b43.html,982277815ad29a8bc007db7e8de148dbceefa03945362729cd2cc75e131a212c,21774,timing_unverified,Body candidate name and office/cycle match canonical registry context. Updated after the primary; current retained version is timing-qualified.,text/html,publisher_api_post_body,,,,,,,,,,,,,,,2021-01-11,,,,,,,,,,,,"{'canonical_race_id': 'race-4ccedc03fd0aec1094b0', 'race_id': 'race-4ccedc03fd0aec1094b0', 'candidate_name': 'Jamaal Bowman', 'role': 'endorsed', 'election_date': '2020-06-23', 'source_type': 'candidate_questionnaire', 'publication_date': '2020-01-14', 'source_url': 'https://jimowles.org/news/candidate-answers-to-joldc-jamaal-bowman-for-us-congress-ny-16', 'archive_url': '', 'candidate_only_locator': 'Questionnaire body header: Candidate Name Dr. Jamaal Bowman; Office US Congress, Congressional District 16 (Bronx, Westchester County)'}",,https://jimowles.org/news?category=questionnaire&format=json&offset=1579042980807,data/raw/questionnaire_library/joldc/post-5e1e3d4ff1a61d6964bfdc23-6a38aec6482ec18676128cc1344642b5814a5b74387dc051c7e6dac65a3d6b43.json,data/raw/questionnaire_library/joldc/index-b290ce50ac165856758599808d45277777108be4531b257b06d838da7f062a69.json.gz,5,America/New_York,6a38aec6482ec18676128cc1344642b5814a5b74387dc051c7e6dac65a3d6b43,b290ce50ac165856758599808d45277777108be4531b257b06d838da7f062a69,,,,,,,,,
joldc-5e3db35c475a525571d51e85-lead58,https://jimowles.org/news/candidate-answers-to-joldc-jabari-brisport-for-ny-senate-district-25,https://jimowles.org/news/candidate-answers-to-joldc-jabari-brisport-for-ny-senate-district-25,2020-01-14,2026-09-23T08:11:33.868573+00:00,,data/raw/questionnaire_library/joldc/post-5e3db35c475a525571d51e85-f46d3f9abe86c1793b7525dcc35a817b244f8ca0c6949220ee24b3034bc66dd7.html,f70f4252bf0fc4cf01ebc17e5b07d27e239df84562182d79735af8bdc6693816,20652,used,Body candidate name and office/cycle match canonical registry context.,text/html,publisher_api_post_body,,,,,,fe308083bb7f4c84986842ee-f70f4252bf0f,,,,,,,,,2020-02-11,,,['fe308083bb7f4c84986842ee-f70f4252bf0f'],,,,,,,,,"{'canonical_race_id': 'race-f8472a6d24864b436bac', 'race_id': 'race-f8472a6d24864b436bac', 'candidate_name': 'Jabari Brisport', 'role': 'endorsed', 'election_date': '2020-06-23', 'source_type': 'candidate_questionnaire', 'publication_date': '2020-01-14', 'source_url': 'https://jimowles.org/news/candidate-answers-to-joldc-jabari-brisport-for-ny-senate-district-25', 'archive_url': '', 'candidate_only_locator': 'Questionnaire body header: Candidate Name Jabari Brisport; Office Senate District 25'}",,https://jimowles.org/news?category=questionnaire&format=json&offset=1579042980807,data/raw/questionnaire_library/joldc/post-5e3db35c475a525571d51e85-f46d3f9abe86c1793b7525dcc35a817b244f8ca0c6949220ee24b3034bc66dd7.json,data/raw/questionnaire_library/joldc/index-b290ce50ac165856758599808d45277777108be4531b257b06d838da7f062a69.json.gz,10,America/New_York,f46d3f9abe86c1793b7525dcc35a817b244f8ca0c6949220ee24b3034bc66dd7,b290ce50ac165856758599808d45277777108be4531b257b06d838da7f062a69,,,,,,,,,
joldc-5e3c97e423fa2f72ad95f9cb-lead59,https://jimowles.org/news/candidate-answers-to-joldc-jason-salmon-for-ny-senate-district-25,https://jimowles.org/news/candidate-answers-to-joldc-jason-salmon-for-ny-senate-district-25,2020-01-14,2026-09-23T08:11:33.868573+00:00,,data/raw/questionnaire_library/joldc/post-5e3c97e423fa2f72ad95f9cb-2c6939a506a31d9bf35e051fecb97caa67bc5434f2e547ca9cf8a97d74bfc746.html,0796cb271cd017db8fa0906199872863becea6e227ecf1da3a6c5721513602c5,33915,used,Body candidate name and office/cycle match canonical registry context.,text/html,publisher_api_post_body,,,,,,dec1101f87c959f54000f784-0796cb271cd0,,,,,,,,,2020-05-15,,,['dec1101f87c959f54000f784-0796cb271cd0'],,,,,,,,,"{'canonical_race_id': 'race-f8472a6d24864b436bac', 'race_id': 'race-f8472a6d24864b436bac', 'candidate_name': 'Jason Salmon', 'role': 'opponent', 'election_date': '2020-06-23', 'source_type': 'candidate_questionnaire', 'publication_date': '2020-01-14', 'source_url': 'https://jimowles.org/news/candidate-answers-to-joldc-jason-salmon-for-ny-senate-district-25', 'archive_url': '', 'candidate_only_locator': 'Questionnaire body header: Candidate Name Jason Salmon; Office New York’s 25th State Senate District'}",,https://jimowles.org/news?category=questionnaire&format=json&offset=1579042980807,data/raw/questionnaire_library/joldc/post-5e3c97e423fa2f72ad95f9cb-2c6939a506a31d9bf35e051fecb97caa67bc5434f2e547ca9cf8a97d74bfc746.json,data/raw/questionnaire_library/joldc/index-b290ce50ac165856758599808d45277777108be4531b257b06d838da7f062a69.json.gz,11,America/New_York,2c6939a506a31d9bf35e051fecb97caa67bc5434f2e547ca9cf8a97d74bfc746,b290ce50ac165856758599808d45277777108be4531b257b06d838da7f062a69,,,,,,,,,
joldc-5e29e35acdcdf2247d86e7a9-lead60,https://jimowles.org/news/candidate-answers-to-joldc-aravella-simotas-for-ny-assembly-district-36,https://jimowles.org/news/candidate-answers-to-joldc-aravella-simotas-for-ny-assembly-district-36,2020-01-14,2026-09-23T08:11:35.873339+00:00,,data/raw/questionnaire_library/joldc/post-5e29e35acdcdf2247d86e7a9-96c8c5332d9ea0383adae5368db628a0feb2f3f1ccabf42a0b23e6b7c33b4a11.html,fd975e67b1d2181bfa3fa47d4cba027de578f55ab5e9fe04798b0f9b844db97a,15699,used,Body candidate name and office/cycle match canonical registry context.,text/html,publisher_api_post_body,,,,,,c91270c4f55a7661eb1679e9-fd975e67b1d2,,,,,,,,,2020-02-11,,,['c91270c4f55a7661eb1679e9-fd975e67b1d2'],,,,,,,,,"{'canonical_race_id': 'race-24aa59df50abd920bfce', 'race_id': 'race-24aa59df50abd920bfce', 'candidate_name': 'Aravella Simotas', 'role': 'opponent', 'election_date': '2020-06-23', 'source_type': 'candidate_questionnaire', 'publication_date': '2020-01-14', 'source_url': 'https://jimowles.org/news/candidate-answers-to-joldc-aravella-simotas-for-ny-assembly-district-36', 'archive_url': '', 'candidate_only_locator': 'Questionnaire body header: Candidate Name Aravella Simotas; Office New York State Assembly, 36th District (Queens)'}",,https://jimowles.org/news?category=questionnaire&format=json&offset=1579029180631,data/raw/questionnaire_library/joldc/post-5e29e35acdcdf2247d86e7a9-96c8c5332d9ea0383adae5368db628a0feb2f3f1ccabf42a0b23e6b7c33b4a11.json,data/raw/questionnaire_library/joldc/index-9f780bb694ae8d12aad7c85a20b9e4c1452b49b7124b96c56efce5d8616379b8.json.gz,1,America/New_York,96c8c5332d9ea0383adae5368db628a0feb2f3f1ccabf42a0b23e6b7c33b4a11,9f780bb694ae8d12aad7c85a20b9e4c1452b49b7124b96c56efce5d8616379b8,,,,,,,,,
joldc-5e2f27cf6cdfb060c0b2f67f-lead61,https://jimowles.org/news/candidate-answers-to-joldc-zohran-mamdani-for-ny-assembly-district-36,https://jimowles.org/news/candidate-answers-to-joldc-zohran-mamdani-for-ny-assembly-district-36,2020-01-14,2026-09-23T08:11:35.873339+00:00,,data/raw/questionnaire_library/joldc/post-5e2f27cf6cdfb060c0b2f67f-9d5416cbc974e0b65eff64a0c71b19afb41e1263065dba1a4b9239189c27aaaf.html,bd0f6048277df9bae19b199c152cbe03e7b9785c1e62f84b90cfa6d5e034ef11,25716,timing_unverified,Body candidate name and office/cycle match canonical registry context. Updated after the primary; current retained version is timing-qualified.,text/html,publisher_api_post_body,,,,,,00bef87c35711bebaefe51d6-bd0f6048277d,,,,,,,,,2025-06-19,,,['00bef87c35711bebaefe51d6-bd0f6048277d'],,,,,,,,,"{'canonical_race_id': 'race-24aa59df50abd920bfce', 'race_id': 'race-24aa59df50abd920bfce', 'candidate_name': 'Zohran Kwame Mamdani', 'role': 'endorsed', 'election_date': '2020-06-23', 'source_type': 'candidate_questionnaire', 'publication_date': '2020-01-14', 'source_url': 'https://jimowles.org/news/candidate-answers-to-joldc-zohran-mamdani-for-ny-assembly-district-36', 'archive_url': '', 'candidate_only_locator': 'Questionnaire body header: Candidate Name Zohran Mamdani; Office New York State Assembly, 36th District (Queens)'}",,https://jimowles.org/news?category=questionnaire&format=json&offset=1579029180631,data/raw/questionnaire_library/joldc/post-5e2f27cf6cdfb060c0b2f67f-9d5416cbc974e0b65eff64a0c71b19afb41e1263065dba1a4b9239189c27aaaf.json,data/raw/questionnaire_library/joldc/index-9f780bb694ae8d12aad7c85a20b9e4c1452b49b7124b96c56efce5d8616379b8.json.gz,2,America/New_York,9d5416cbc974e0b65eff64a0c71b19afb41e1263065dba1a4b9239189c27aaaf,9f780bb694ae8d12aad7c85a20b9e4c1452b49b7124b96c56efce5d8616379b8,,,,,,,,,
joldc-5e433393eb114713c9b40ba9-lead62,https://jimowles.org/news/candidate-answers-to-joldc-katherine-walsh-for-ny-assembly-district-51,https://jimowles.org/news/candidate-answers-to-joldc-katherine-walsh-for-ny-assembly-district-51,2020-01-14,2026-09-23T08:11:35.873339+00:00,,data/raw/questionnaire_library/joldc/post-5e433393eb114713c9b40ba9-3146c73f9de4dd135faa599f9afc794aa91165e6b46d96947fdd814c92e6469b.html,b04131e5c2b0615c8dea9ccc449030e935d478e4c404745acff608610bf10d0c,27398,used,Body candidate name and office/cycle match canonical registry context.,text/html,publisher_api_post_body,,,,,,45279878b108eaf0f3355979-b04131e5c2b0,,,,,,,,,2020-04-02,,,['45279878b108eaf0f3355979-b04131e5c2b0'],,,,,,,,,"{'canonical_race_id': 'race-55403cc726be644d5b3b', 'race_id': 'race-55403cc726be644d5b3b', 'candidate_name': 'Katherine P. Walsh', 'role': 'opponent', 'election_date': '2020-06-23', 'source_type': 'candidate_questionnaire', 'publication_date': '2020-01-14', 'source_url': 'https://jimowles.org/news/candidate-answers-to-joldc-katherine-walsh-for-ny-assembly-district-51', 'archive_url': '', 'candidate_only_locator': 'Questionnaire body header: Candidate Name Katherine Walsh; Office New York State Assembly, 51st District'}",,https://jimowles.org/news?category=questionnaire&format=json&offset=1579029180631,data/raw/questionnaire_library/joldc/post-5e433393eb114713c9b40ba9-3146c73f9de4dd135faa599f9afc794aa91165e6b46d96947fdd814c92e6469b.json,data/raw/questionnaire_library/joldc/index-9f780bb694ae8d12aad7c85a20b9e4c1452b49b7124b96c56efce5d8616379b8.json.gz,9,America/New_York,3146c73f9de4dd135faa599f9afc794aa91165e6b46d96947fdd814c92e6469b,9f780bb694ae8d12aad7c85a20b9e4c1452b49b7124b96c56efce5d8616379b8,,,,,,,,,
joldc-5e3cb3ce0e665361c446e128-lead63,https://jimowles.org/news/candidate-answers-to-joldc-marcela-mitaynes-for-ny-assembly-district-51,https://jimowles.org/news/candidate-answers-to-joldc-marcela-mitaynes-for-ny-assembly-district-51,2020-01-14,2026-09-23T08:11:35.873339+00:00,,data/raw/questionnaire_library/joldc/post-5e3cb3ce0e665361c446e128-5d8c0ec0c7999d440fac90724861acd01cbf1f46b5d7bcd65d8b2ae93371c043.html,dd74fccf352dc7120d5d1337f2ed0ee56a347ebe9d5533fed237fe538bece055,20716,used,Body candidate name and office/cycle match canonical registry context.,text/html,publisher_api_post_body,,,,,,df8c1d64f5c37f02a85280ad-dd74fccf352d,,,,,,,,,2020-04-02,,,['df8c1d64f5c37f02a85280ad-dd74fccf352d'],,,,,,,,,"{'canonical_race_id': 'race-55403cc726be644d5b3b', 'race_id': 'race-55403cc726be644d5b3b', 'candidate_name': 'Marcela Mitaynes', 'role': 'endorsed', 'election_date': '2020-06-23', 'source_type': 'candidate_questionnaire', 'publication_date': '2020-01-14', 'source_url': 'https://jimowles.org/news/candidate-answers-to-joldc-marcela-mitaynes-for-ny-assembly-district-51', 'archive_url': '', 'candidate_only_locator': 'Questionnaire body header: Candidate Name Marcela Mitaynes; Office NY State Assembly, District 51'}",,https://jimowles.org/news?category=questionnaire&format=json&offset=1579029180631,data/raw/questionnaire_library/joldc/post-5e3cb3ce0e665361c446e128-5d8c0ec0c7999d440fac90724861acd01cbf1f46b5d7bcd65d8b2ae93371c043.json,data/raw/questionnaire_library/joldc/index-9f780bb694ae8d12aad7c85a20b9e4c1452b49b7124b96c56efce5d8616379b8.json.gz,10,America/New_York,5d8c0ec0c7999d440fac90724861acd01cbf1f46b5d7bcd65d8b2ae93371c043,9f780bb694ae8d12aad7c85a20b9e4c1452b49b7124b96c56efce5d8616379b8,,,,,,,,,
joldc-5e6b3d0b810aeb77250f6e2f-lead64,https://jimowles.org/news/candidate-answers-to-joldc-phara-souffrant-forrest-for-ny-assembly-district-57,https://jimowles.org/news/candidate-answers-to-joldc-phara-souffrant-forrest-for-ny-assembly-district-57,2020-01-14,2026-09-23T08:11:35.873339+00:00,,data/raw/questionnaire_library/joldc/post-5e6b3d0b810aeb77250f6e2f-b66d0206a17318a2d49f9be0c54ef54fc1dcb693f8191ec9842be912ba5a900e.html,2216bda736b20992722a26961cd96b83b644f5a0700fa4ad974161e12003e744,19773,timing_unverified,Body candidate name and office/cycle match canonical registry context. Updated after the primary; current retained version is timing-qualified.,text/html,publisher_api_post_body,,,,,,3b71b15916d274e6ddf4f3f4-2216bda736b2,,,,,,,,,2026-03-20,,,['3b71b15916d274e6ddf4f3f4-2216bda736b2'],,,,,,,,,"{'canonical_race_id': 'race-b701775ebc5e0586ec3c', 'race_id': 'race-b701775ebc5e0586ec3c', 'candidate_name': 'Phara Souffrant Forrest', 'role': 'endorsed', 'election_date': '2020-06-23', 'source_type': 'candidate_questionnaire', 'publication_date': '2020-01-14', 'source_url': 'https://jimowles.org/news/candidate-answers-to-joldc-phara-souffrant-forrest-for-ny-assembly-district-57', 'archive_url': '', 'candidate_only_locator': 'Questionnaire body header: Candidate Name \u200bPhara Souffrant Forrest; Office \u200b57th Assembly District'}",,https://jimowles.org/news?category=questionnaire&format=json&offset=1579029180631,data/raw/questionnaire_library/joldc/post-5e6b3d0b810aeb77250f6e2f-b66d0206a17318a2d49f9be0c54ef54fc1dcb693f8191ec9842be912ba5a900e.json,data/raw/questionnaire_library/joldc/index-9f780bb694ae8d12aad7c85a20b9e4c1452b49b7124b96c56efce5d8616379b8.json.gz,12,America/New_York,b66d0206a17318a2d49f9be0c54ef54fc1dcb693f8191ec9842be912ba5a900e,9f780bb694ae8d12aad7c85a20b9e4c1452b49b7124b96c56efce5d8616379b8,,,,,,,,,
fed24-source-aoc,https://web.archive.org/web/20240528111139id_/https://www.ocasiocortez.com/issues,https://web.archive.org/web/20240528111139id_/https://www.ocasiocortez.com/issues,,2026-09-23T10:21:53.309644+00:00,,data/raw/policy_federal_2024/aoc-2024-issues/2424ac0a4d8a22a8def07ca501d984b0db0a9670861de1100806602f07cc45aa.html,2424ac0a4d8a22a8def07ca501d984b0db0a9670861de1100806602f07cc45aa,131721,used,"Campaign issues page captured before June25. It retains earlier pandemic-era wording; only its stated policy proposals are extracted, not outdated statistics as 2024 facts.",text/html,,,,,,,aebb9d0e6a527b21f9605ef7-2424ac0a4d8a,,,,,,,,,,,,['aebb9d0e6a527b21f9605ef7-2424ac0a4d8a'],,,,,,,,,,,,,,,,,,,,,,,,,,
fed24-source-dolan-march,https://www.bxtimes.com/marty-dolan-challenge-aoc/,https://www.bxtimes.com/marty-dolan-challenge-aoc/,2024-03-19,2026-09-23T10:28:47.157317+00:00,,data/raw/policy_federal_2024/dolan-2024-bxtimes/1c959921572a323097cbe47d8eb3a4b3e5fd54bdecb67d071ece8040d137892f.html,1c959921572a323097cbe47d8eb3a4b3e5fd54bdecb67d071ece8040d137892f,121932,used,"Printed publication date is March19,2024. Selected passages are direct Dolan quotations, not reporter interpretations or private biographical details.",text/html,,,,,,,97442ec453d4d5580ce29032-1c959921572a,,,,,,,,,,,,['97442ec453d4d5580ce29032-1c959921572a'],,,,,,,,,,,,,,,,,,,,,,,,,,
fed24-source-dolan-may,https://www.bxtimes.com/marty-dolan-ballot/,https://www.bxtimes.com/marty-dolan-ballot/,2024-05-03,2026-09-23T10:28:47.766363+00:00,,data/raw/policy_federal_2024/dolan-2024-ballot-interview/2de178486db7c0bce46a64cc169674f857e5050e263c5235acf45c7737930bc6.html,2de178486db7c0bce46a64cc169674f857e5050e263c5235acf45c7737930bc6,116540,used,"Printed publication date is May3,2024. Captures direct candidate statements about local access and priorities; self-reported constituent reactions are not treated as independent findings.",text/html,,,,,,,32c4020ed6b4dfff91cf36c0-2de178486db7,,,,,,,,,,,,['32c4020ed6b4dfff91cf36c0-2de178486db7'],,,,,,,,,,,,,,,,,,,,,,,,,,
fed24-source-latimer-platform,https://latimerforny.com/priorities/,https://latimerforny.com/priorities/,2024-04-15,2026-09-23T10:28:46.512883+00:00,,data/raw/policy_federal_2024/latimer-2024-priorities/ff0f0d1593b23ae289c58c870be3007cb3a49b18691eba73a3f9c45ea63bfa79.html,ff0f0d1593b23ae289c58c870be3007cb3a49b18691eba73a3f9c45ea63bfa79,128740,used,"First-party priorities page; HTML and public WordPress metadata report publication and revision on April15,2024, before the primary.",text/html,,,,,,,d6d1fd0db7cc4573c4554105-ff0f0d1593b2,,,,,,,,,,,,['d6d1fd0db7cc4573c4554105-ff0f0d1593b2'],,,,,,,,,,,,,,,,,,,,,,,,,,
fed24-source-latimer-frame,https://web.archive.org/web/20240620204847id_/https://latimerforny.com,https://web.archive.org/web/20240620204847id_/https://latimerforny.com/,,2026-09-23T10:24:08.956599+00:00,,data/raw/policy_federal_2024/latimer-2024-home/f801d919efae718d1b3febaa400ecafb0cace6772d95c7cf12df99536446ef99.com,f801d919efae718d1b3febaa400ecafb0cace6772d95c7cf12df99536446ef99,135016,used,"Campaign homepage captured June20 before the primary. Its claims about governing achievements are presented as campaign framing, not independently certified achievements.",text/html,,,,,,,1a74deab1baa309927b6da0b-f801d919efae,,,,,,,,,,,,['1a74deab1baa309927b6da0b-f801d919efae'],,,,,,,,,,,,,,,,,,,,,,,,,,
fed24-source-bowman-frame,https://web.archive.org/web/20240618025206id_/https://www.bowmanforcongress.com/issues,https://web.archive.org/web/20240618025206id_/https://www.bowmanforcongress.com/issues,,2026-09-23T10:21:55.142562+00:00,,data/raw/policy_federal_2024/bowman-2024-issues/a44658eaf89be8d37798f2e8972efd2e9232380ee04607ab89860ce4682a1269.html,923856dc8d53ca636ccd503e3e65aef78360156211a87bb6d92f95b0ce46edad,621782,used,Archived page includes explicit campaign-fundraising and status-quo rhetoric. Its substantive issue cards are not extracted from an unrendered shell.,text/html,,,,,,,a192c4e7f4901d055abf6b80-a44658eaf89b,,,,,,,,,,,,['a192c4e7f4901d055abf6b80-a44658eaf89b'],,,,,,,,,,,,,,,,,,,,,,,,,,
fed24-source-bowman-questionnaire,https://jimowles.org/news/candidate-answers-to-joldc-jamaal-bowman-for-us-congress-ny-16-2024,https://jimowles.org/news/candidate-answers-to-joldc-jamaal-bowman-for-us-congress-ny-16-2024,2024-04-24,2026-09-23T08:11:06.825320+00:00,,data/raw/questionnaire_library/joldc/post-662915ebbf68b24141c80eaa-77287dfbc7cd64788371d29ccd00e5d8e8a45747790f08f555359faf08ac5233.html,19d293180da7553068827245b4c8d345ac9adf81dc15777012a3bb222b488024,16931,used,Previously verified complete first-party candidate-answer body from the publisher record; additional propositions reviewed in paragraph14.,text/html,publisher_api_post_body,,,,,,a6364141bfe27bc5e82017dd-19d293180da7,,,,,,,,,2024-04-29,,,['a6364141bfe27bc5e82017dd-19d293180da7'],,,,,,,,,"{'canonical_race_id': 'race-5650629789d1169ab061', 'race_id': 'race-5650629789d1169ab061', 'candidate_name': 'Jamaal Bowman', 'role': 'endorsed', 'election_date': '2024-06-25', 'source_type': 'candidate_questionnaire', 'publication_date': '2024-04-24', 'source_url': 'https://jimowles.org/news/candidate-answers-to-joldc-jamaal-bowman-for-us-congress-ny-16-2024', 'archive_url': '', 'candidate_only_locator': 'Questionnaire body header: Candidate Name Jamaal Bowman; Office US Congress NY-16'}",,https://jimowles.org/news?category=questionnaire&format=json&offset=1716178113559,data/raw/questionnaire_library/joldc/post-662915ebbf68b24141c80eaa-77287dfbc7cd64788371d29ccd00e5d8e8a45747790f08f555359faf08ac5233.json,data/raw/questionnaire_library/joldc/index-c6c110a245b227d49b988decb6faedfda167eca0521262559e6096e0ae320035.json.gz,10,America/New_York,77287dfbc7cd64788371d29ccd00e5d8e8a45747790f08f555359faf08ac5233,c6c110a245b227d49b988decb6faedfda167eca0521262559e6096e0ae320035,,,,,,,,,
fed24-source-tlaib-healthcare,https://web.archive.org/web/20240520023439id_/https://rashidaforcongress.com/issues/healthcare-for-all/,https://web.archive.org/web/20240520022359id_/https://rashidaforcongress.com/issues/healthcare-for-all/,,2026-09-23T11:50:56.778906+00:00,,data/raw/policy_federal_2024/tlaib-2024-healthcare/050a8dbd3eff699cc1c3c5aaf3f51534e6335e1e24474ba73c3290db261e5c64.html,050a8dbd3eff699cc1c3c5aaf3f51534e6335e1e24474ba73c3290db261e5c64,51437,used,Full campaign healthcare page captured May20 before the August6 primary. Earlier-era statistics are not presented as current facts; policy and legislative-record claims remain attributed.,text/html,,,,,,,93210281315312ff941c5a9c-050a8dbd3eff,,,,,,,,,,,,['93210281315312ff941c5a9c-050a8dbd3eff'],,,,,,,,,,,,,,,,,,,,,,,,,,
fed24-source-bush-healthcare,https://web.archive.org/web/20240803202201id_/https://coribush.org/issue/medicare-for-all/,https://web.archive.org/web/20240807143607id_/https://coribush.org/issue/medicare-for-all/,,2026-09-23T11:50:57.930939+00:00,,data/raw/policy_federal_2024/bush-2024-healthcare/e37b477e4d6ce5790f3b8206ee8ca6471db938fbd28cdeae2b743373ed25542c.html,e37b477e4d6ce5790f3b8206ee8ca6471db938fbd28cdeae2b743373ed25542c,70854,timing_unverified,"Requested pre-primary replay resolved to August7, one day after the August6 primary. Retained actual capture date; pre-primary text version is not asserted.",text/html,,,,,,,7985f0e820f36ff29c63c866-e37b477e4d6c,,,,,,,,,,,,['7985f0e820f36ff29c63c866-e37b477e4d6c'],,,,,,,,,,,,,,,,,,,,,,,,,,
mago-20260320-home,https://web.archive.org/web/20260320060653id_/https://www.letsgomago.com/,https://web.archive.org/web/20260320060653id_/https://www.letsgomago.com/,,2026-09-23T10:56:51.883375+00:00,,data/raw/policy_2026_remaining/archive_followup/mago-20260320-home/c78f2dcfea01d86f474fb1a5a9f31565f54fcb3d749fa6a4cd43f37978009c3e.com,f4c496424413efe6ff4896957788d17cb7510fb991418c90dadf18c4d6525d31,240611,timing_unverified,"Current site is expired. Actual retained archive is March20, three days after the March17 primary; publication date and pre-primary version are not invented.",text/html,,,,,,,92ba901fe3c75881c03290d9-c78f2dcfea01,,,,,,,,,,,,['92ba901fe3c75881c03290d9-c78f2dcfea01'],,,,,,,,,,,,,,,,,,,,,,,,,,
bell-20260310-home,https://web.archive.org/web/20260310192050id_/https://bell4ky.com/,https://web.archive.org/web/20260310192050id_/https://bell4ky.com/,,2026-09-23T10:56:52.450893+00:00,,data/raw/policy_2026_remaining/archive_followup/bell-20260310-home/acdcf95cd59e0ac473cd2cff3b0ccfa338b573f9a6dcfb7443f569941cd1ed2e.com.gz,acdcf95cd59e0ac473cd2cff3b0ccfa338b573f9a6dcfb7443f569941cd1ed2e,59068,used,"Actual March10 archive explicitly identifies Kentucky House43 and the May19,2026 Democratic primary; current denial page is not policy evidence.",text/html,,,,,,,9572e7d31c652a274ae2ef7b-acdcf95cd59e,,,,,,,,,,,,['9572e7d31c652a274ae2ef7b-acdcf95cd59e'],,,,,,,,,,,,,,,,,,,,,,,,,,
rochester-2025-mayor-questionnaire,https://rocfoodpolicy.org/resources/questionnaire25/,https://rocfoodpolicy.org/resources/questionnaire25/,2025-06-16,2026-09-23T00:49:08-07:00,,data/raw/policy_historical_c/followup/rochester-food-policy-questionnaire-2025.html,3b7e5d6f7d5052f60b1b2db7f9512b1c74f68cd5fe501259f5c526b59c36d69f,446250,used,Follow-up capture from a shared questionnaire or guide family.,text/html,,,,,,,,,,,,,,,,,,,"['98928c37aea94f8add5660c9-3b7e5d6f7d50', 'b7431b286f00751fe460b6dc-3b7e5d6f7d50', 'c42ca4ced4d702817c74269b-3b7e5d6f7d50']",,,,,,,,,,,,,,,,,,,,,,,,,,
vt-chittenden-primary-20240728,https://vtdigger.org/2024/07/28/can-a-veteran-journalist-unseat-one-of-three-senators-he-used-to-report-on/,https://vtdigger.org/2024/07/28/can-a-veteran-journalist-unseat-one-of-three-senators-he-used-to-report-on/,2024-07-28,2026-09-23T11:36:19.066478+00:00,,data/raw/policy_recent_2024/vt-chittenden-primary-20240728/4c19e2d803ac944c5b79cd05465617a5c060d2682eccc073293cc0a0ff050a5b.html,0b4ba70e6e60f375d9d827c1e5b3e5566fc7883a3396888d7ef94a1187933d0d,285628,used,Dated pre-primary article with direct candidate interview/forum quotations; reporter summaries are not promoted to candidate speech.,text/html,,,,,,,,,,,,,,,,,,,"['74ae67f55d29ae3da365bf2b-4c19e2d803ac', '268b3ff50c8623225d892e94-4c19e2d803ac', 'f28c7ef181eeba3246e00fec-4c19e2d803ac', 'ffbbb3a242bd9b0866fc64cb-4c19e2d803ac']",,,,,,,,,,,,,,,,,,,,,,,,,,
bush-2024-interview,https://www.stlpr.org/show/st-louis-on-the-air/2024-07-15/bush-says-her-gaza-cease-fire-push-is-resonating-with-missouris-1st-district-voters,https://www.stlpr.org/show/st-louis-on-the-air/2024-07-15/bush-says-her-gaza-cease-fire-push-is-resonating-with-missouris-1st-district-voters,2024-07-15,2026-09-23T11:45:56.035472+00:00,,data/raw/policy_federal_2024/bush-2024-interview/c489abab1674a76ea8b554ad633fde6b4f3bd362760ce7b84993137fc368ef61.html,c489abab1674a76ea8b554ad633fde6b4f3bd362760ce7b84993137fc368ef61,220968,used,Dated pre-primary candidate interview. Only directly attributed words are used as candidate statements.,text/html,,,,,,,7014e6cca4ceb389d8dd9c7b-c489abab1674,,,,,,,,,,,,['7014e6cca4ceb389d8dd9c7b-c489abab1674'],,,,,,,,,,,,,,,,,,,,,,,,,,
bell-2024-interview,https://www.stlpr.org/show/st-louis-on-the-air/2024-07-01/bell-backs-israel-abortion-rights-and-radiation-victims-in-challenge-of-incumbent-bush,https://www.stlpr.org/show/st-louis-on-the-air/2024-07-01/bell-backs-israel-abortion-rights-and-radiation-victims-in-challenge-of-incumbent-bush,2024-07-01,2026-09-23T11:45:56.905129+00:00,,data/raw/policy_federal_2024/bell-2024-interview/3b3137d84a18c2d087608bd39cc709aea3b5c7be66c85e4768697677eda5b49d.html,3b3137d84a18c2d087608bd39cc709aea3b5c7be66c85e4768697677eda5b49d,214147,used,Dated pre-primary candidate interview. Only directly attributed words are used as candidate statements.,text/html,,,,,,,8839f91e830540d3ccbfab47-3b3137d84a18,,,,,,,,,,,,['8839f91e830540d3ccbfab47-3b3137d84a18'],,,,,,,,,,,,,,,,,,,,,,,,,,
chappelle-2024-interview,https://www.stlpr.org/show/st-louis-on-the-air/2024-07-29/maria-chappelle-nadal-missouri-first-congressional-primary,https://www.stlpr.org/show/st-louis-on-the-air/2024-07-29/maria-chappelle-nadal-missouri-first-congressional-primary,2024-07-29,2026-09-23T11:45:57.744244+00:00,,data/raw/policy_federal_2024/chappelle-2024-interview/8a22eeb691ee0dbf409ab2cbbb9760a3c35ac9dd463a4c76fa4a12ddf5a11dde.html,8a22eeb691ee0dbf409ab2cbbb9760a3c35ac9dd463a4c76fa4a12ddf5a11dde,210285,used,Dated pre-primary candidate interview. Only directly attributed words are used as candidate statements.,text/html,,,,,,,c003ae0f5ac52fc03a8d2f36-8a22eeb691ee,,,,,,,,,,,,['c003ae0f5ac52fc03a8d2f36-8a22eeb691ee'],,,,,,,,,,,,,,,,,,,,,,,,,,
024903f611dc096712582ba4,https://www.latinomontgomerydems.org/wp-content/uploads/2018/04/Bhatnagar-Questionnaire-2.24.pdf,https://www.latinomontgomerydems.org/wp-content/uploads/2018/04/Bhatnagar-Questionnaire-2.24.pdf,,2026-08-20T00:05:34.017720+00:00,,data/raw/policy_historical_e/cached/024903f611dc096712582ba4-f914117c68673570.pdf,f914117c68673570b1d168266877907003782f75f7f5e95a5dcbaca1b78b5381,234082,timing_unverified,Seeded from legacy quotation-source inventory; collect full document text for audit coverage. | Seeded from existing candidate corpus URL,application/pdf,,,,,,,024903f611dc096712582ba4,,,,,,,,,,,,,,,,,,"{'election_year': '2018', 'exact_quote': '[PDF page 1] Shruti Bhatnagar, At-Large Candidate for County Council Candidate Name: Shruti Bhatnagar Date: Feb 23, 2018 Name as', 'source_locator': 'paragraph 1'}",,,,,,,,,,,,,,,,,,,,
0512c04105e4e6fdcd7eb9a6,https://jimowles.org/news/candidate-answers-to-joldc-marcela-mitaynes-for-ny-assembly-district-51,https://jimowles.org/news/candidate-answers-to-joldc-marcela-mitaynes-for-ny-assembly-district-51,,2026-08-19T23:41:19.073228+00:00,,data/raw/policy_historical_e/cached/0512c04105e4e6fdcd7eb9a6-e1363979ab8209da.html,35dce0ff3278c81fd77880ffee6dfc2547f0cd2bb31d2001eebfcd9ab4e17050,116765,timing_unverified,Seeded from legacy quotation-source inventory; collect full document text for audit coverage. | Seeded from existing candidate corpus URL,text/html,,Candidate Answers to JOLDC: Marcela Mitaynes for NY Assembly District 51 — Jim Owles Liberal Democratic Club,,,,,0512c04105e4e6fdcd7eb9a6,,,,,,,,,,,,,,,,,,"{'election_year': '2020', 'exact_quote': 'Back Spring Awards 2026 Winter Awards 2025 Gay Pride Awards 2024 Winter Awards 2024 Gay Pride Awards 2023 Gay Pride', 'source_locator': 'paragraph 4'}",,,,,,,,,,,,,,,,,,,,
18dc6cfb1c8dbee29f491459,https://chicago.suntimes.com/2018/2/13/18444081/4th-congressional-district-democratic-candidate-sol-a-flores,https://chicago.suntimes.com/2018/2/13/18444081/4th-congressional-district-democratic-candidate-sol-a-flores,,2026-08-19T23:49:16.646278+00:00,,data/raw/policy_historical_e/cached/18dc6cfb1c8dbee29f491459-fb236ba01131ca8b.html,fb236ba01131ca8bd76e1f6fe57918de53d8548725bc4114053db8e48f3a1277,670670,timing_unverified,Seeded from legacy quotation-source inventory; collect full document text for audit coverage. | Seeded from existing candidate corpus URL,text/html,,Sol Flores | 4th Congressional 2018 Illinois Democratic primary - Chicago Sun-Times,,,,,18dc6cfb1c8dbee29f491459,,,,,,,,,,,,,,,,,,"{'election_year': '2018', 'exact_quote': 'On Jan. 10, Sol A. Flores appeared before the Chicago Sun-Times Editorial Board. We asked her why she’s running for', 'source_locator': 'paragraph 250'}",,,,,,,,,,,,,,,,,,,,
24e08f7df5c16911e5e7c9fa,https://jimowles.org/news/candidate-answers-to-joldc-katherine-walsh-for-ny-assembly-district-51,https://jimowles.org/news/candidate-answers-to-joldc-katherine-walsh-for-ny-assembly-district-51,,2026-08-19T23:47:32.759178+00:00,,data/raw/policy_historical_e/cached/24e08f7df5c16911e5e7c9fa-231a4f9ae4a75612.html,36b66ef8671e7a101653758839e904ac1928cce1550e7614110cf1dd01af1c8b,123425,timing_unverified,Seeded from legacy quotation-source inventory; collect full document text for audit coverage. | Seeded from existing candidate corpus URL,text/html,,Candidate Answers to JOLDC: Katherine Walsh for NY Assembly District 51 — Jim Owles Liberal Democratic Club,,,,,24e08f7df5c16911e5e7c9fa,,,,,,,,,,,,,,,,,,"{'election_year': '2020', 'exact_quote': 'Back Spring Awards 2026 Winter Awards 2025 Gay Pride Awards 2024 Winter Awards 2024 Gay Pride Awards 2023 Gay Pride', 'source_locator': 'paragraph 4'}",,,,,,,,,,,,,,,,,,,,
2cc69475d9099e79e7f94f7f,https://wedgelive.com/aaron-neumann-mn-house-60a,https://wedgelive.com/aaron-neumann-mn-house-60a/,,2026-08-19T23:49:54.383911+00:00,,data/raw/policy_historical_e/cached/2cc69475d9099e79e7f94f7f-e8629e44c600a87e.html,29447a5f3f40c1a184d71e0249ad3a17ff9045af9f0ef10a54ebe2bb388cddbb,177203,timing_unverified,Seeded from legacy quotation-source inventory; collect full document text for audit coverage. | Seeded from existing candidate corpus URL,text/html,,Aaron Neumann - MN House 60A » The Wedge Times-Picayune,,,,,2cc69475d9099e79e7f94f7f,,,,,,,,,,,,,,,,,,"{'election_year': '2020', 'exact_quote': '[ Click here to read answers from all district 60A candidates. The special primary election is on January 21st, 2020.', 'source_locator': 'paragraph 65'}",,,,,,,,,,,,,,,,,,,,
45774191754fe3428dc90bb1,https://phila2ndward.org/candidates/larry-farnese-qna,https://phila2ndward.org/candidates/larry-farnese-qna,,2026-08-19T23:29:37.272284+00:00,,data/raw/policy_historical_e/cached/45774191754fe3428dc90bb1-33fd3de24d915a3a.html,a4737c1a324e69f27d39315e0e29faa2cd478b00e8a574acdc60614bff6e2deb,139312,timing_unverified,Seeded from legacy quotation-source inventory; collect full document text for audit coverage. | Seeded from existing candidate corpus URL,text/html,,Larry Farnese - Second Ward Democrats,,,,,45774191754fe3428dc90bb1,,,,,,,,,,,,,,,,,,"{'election_year': '2020', 'exact_quote': 'Most organizations are still reviewing 2020 candidates, but I expect to build a strong coalition of support as I have', 'source_locator': 'paragraph 159'}",,,,,,,,,,,,,,,,,,,,
46986ce03493ae3c92e6078b,https://news.wttw.com/elections/voters-guide/2020/candidates/congressional-districts/kina-collins,https://news.wttw.com/elections/voters-guide/2020/candidates/congressional-districts/kina-collins,,2026-08-19T23:24:12.518055+00:00,,data/raw/policy_historical_e/cached/46986ce03493ae3c92e6078b-5c780426b459140c.html,7e66ca4b8e7f104556db31ec93e6dd718c774cd104dc268d87ef7ad58ed24163,48700,timing_unverified,Seeded from legacy quotation-source inventory; collect full document text for audit coverage. | Seeded from existing candidate corpus URL,text/html,,Kina Collins - D | Chicago News | WTTW,,,,,46986ce03493ae3c92e6078b,,,,,,,,,,,,,,,,,,"{'election_year': '2020', 'exact_quote': '2020 Voter Guide', 'source_locator': 'paragraph 51'}",,,,,,,,,,,,,,,,,,,,
4e159d49ed0fc3b844a767c1,https://www.jacksonfreepress.com/news/2018/may/31/candidate-questionnaire-victor-maurice-jr,https://www.jacksonfreepress.com/news/2018/may/31/candidate-questionnaire-victor-maurice-jr/,,2026-08-19T23:49:22.055054+00:00,,data/raw/policy_historical_e/cached/4e159d49ed0fc3b844a767c1-e342aae2c3699814.html,32717cfa1c21e1519bc39b887ac067fc106b97188d0afc846f32a148ec261e9b,31931,timing_unverified,Seeded from legacy quotation-source inventory; collect full document text for audit coverage. | Seeded from existing candidate corpus URL,text/html,,"Candidate Questionnaire: Victor Maurice Jr. | Jackson Free Press | Jackson, MS",,,,,4e159d49ed0fc3b844a767c1,,,,,,,,,,,,,,,,,,"{'election_year': '2018', 'exact_quote': ""Read more 2018 election stories at jfp.ms/2018elections . The JFP is still taking candidate questionnaires. Don't see your candidate? Tell"", 'source_locator': 'paragraph 63'}",,,,,,,,,,,,,,,,,,,,
5cf688154f63c0b3a4c1346e,https://wedgelive.com/jessica-intermill-mn-house-60a,https://wedgelive.com/jessica-intermill-mn-house-60a/,,2026-08-19T23:47:28.637818+00:00,,data/raw/policy_historical_e/cached/5cf688154f63c0b3a4c1346e-7a0b822324717df3.html,7691b993f5f07c6ba0f9ff265ed2ee5dbda819bc74fcc9e68acdc78cbc9089a4,169154,timing_unverified,Seeded from legacy quotation-source inventory; collect full document text for audit coverage. | Seeded from existing candidate corpus URL,text/html,,Jessica Intermill - MN House 60A » The Wedge Times-Picayune,,,,,5cf688154f63c0b3a4c1346e,,,,,,,,,,,,,,,,,,"{'election_year': '2020', 'exact_quote': '[ Click here to read answers from all district 60A candidates. The special primary election is on January 21st, 2020.', 'source_locator': 'paragraph 43'}",,,,,,,,,,,,,,,,,,,,
6469426676a1634bda151efe,https://wedgelive.com/zachary-wefel-mn-house-60a,https://wedgelive.com/zachary-wefel-mn-house-60a/,,2026-08-19T23:50:01.342933+00:00,,data/raw/policy_historical_e/cached/6469426676a1634bda151efe-39f032c19073f1fe.html,39cf6f0f99e23600f01fbf772b88f0074578096d02d876c36c736d0fbd99e5b7,171158,timing_unverified,Seeded from legacy quotation-source inventory; collect full document text for audit coverage. | Seeded from existing candidate corpus URL,text/html,,Zachary Wefel - MN House 60A » The Wedge Times-Picayune,,,,,6469426676a1634bda151efe,,,,,,,,,,,,,,,,,,"{'election_year': '2020', 'exact_quote': 'I lack knowledge about cyber security, IT development, and delivery of IT services. While most of these services are invisible', 'source_locator': 'paragraph 55'}",,,,,,,,,,,,,,,,,,,,
6923f5a7454d93d6ee0c92e1,https://wedgelive.com/sonia-neculescu-mn-house-60a,https://wedgelive.com/sonia-neculescu-mn-house-60a/,,2026-08-19T23:41:10.252558+00:00,,data/raw/policy_historical_e/cached/6923f5a7454d93d6ee0c92e1-822a28404a5bd54a.html,d7ca83052eef73a40c20052fcecb8a86a1b7d49e252915cce0523943a929fd06,170289,timing_unverified,Seeded from legacy quotation-source inventory; collect full document text for audit coverage. | Seeded from existing candidate corpus URL,text/html,,Sonia Neculescu - MN House 60A » The Wedge Times-Picayune,,,,,6923f5a7454d93d6ee0c92e1,,,,,,,,,,,,,,,,,,"{'election_year': '2020', 'exact_quote': '[ Click here to read answers from all district 60A candidates. The special primary election is on January 21st, 2020.', 'source_locator': 'paragraph 43'}",,,,,,,,,,,,,,,,,,,,
82f793cef43d122abb0b34d9,https://wedgelive.com/susan-whitaker-mn-house-60a,https://wedgelive.com/susan-whitaker-mn-house-60a/,,2026-08-19T23:47:29.472218+00:00,,data/raw/policy_historical_e/cached/82f793cef43d122abb0b34d9-0cd37bc8ed974328.html,ee67e17e87aca17f7265ed47ba5e39f08dfff1237e97cbd029a35dae2b0bbec7,171301,timing_unverified,Seeded from legacy quotation-source inventory; collect full document text for audit coverage. | Seeded from existing candidate corpus URL,text/html,,Susan Whitaker - MN House 60A » The Wedge Times-Picayune,,,,,82f793cef43d122abb0b34d9,,,,,,,,,,,,,,,,,,"{'election_year': '2020', 'exact_quote': '[ Click here to read answers from all district 60A candidates. The special primary election is on January 21st, 2020.', 'source_locator': 'paragraph 61'}",,,,,,,,,,,,,,,,,,,,
8336afff379fe5327a5975fb,https://news.wttw.com/elections/voters-guide/2020/candidates/congressional-districts/kristine-schanbacher,https://news.wttw.com/elections/voters-guide/2020/candidates/congressional-districts/kristine-schanbacher,,2026-08-19T23:24:13.307887+00:00,,data/raw/policy_historical_e/cached/8336afff379fe5327a5975fb-1b878ab8be56fb2b.html,5cc08ec5fb40f22262be4d292d115f4287a9f3d5c07fe15cf861ff905d13c9a2,50766,timing_unverified,Seeded from legacy quotation-source inventory; collect full document text for audit coverage. | Seeded from existing candidate corpus URL,text/html,,Kristine Schanbacher - D | Chicago News | WTTW,,,,,8336afff379fe5327a5975fb,,,,,,,,,,,,,,,,,,"{'election_year': '2020', 'exact_quote': '2020 Voter Guide', 'source_locator': 'paragraph 51'}",,,,,,,,,,,,,,,,,,,,
962aeff0cf0c913bfefa7511,https://www.petworthnews.org/blog/george-candidate-responses,https://www.petworthnews.org/blog/george-candidate-responses,,2026-08-19T23:41:17.415975+00:00,,data/raw/policy_historical_e/cached/962aeff0cf0c913bfefa7511-7d5fd77858e52e99.html,7ae9bb5934fddb601555ca18fc30afafa6383733fc32d21b422a7eb9bb72bacd,306376,timing_unverified,Seeded from legacy quotation-source inventory; collect full document text for audit coverage. | Seeded from existing candidate corpus URL,text/html,,"Get to know Janeese Lewis George, candidate for Ward 4 Council — Petworth News",,,,,962aeff0cf0c913bfefa7511,,,,,,,,,,,,,,,,,,"{'election_year': '2020', 'exact_quote': 'Janeese Lewis George , Ward 4 , election2020 , candidates', 'source_locator': 'paragraph 177'}",,,,,,,,,,,,,,,,,,,,
9af91eb02034438d12bd73ba,https://wedgelive.com/sydney-jordan-mn-house-60a,https://wedgelive.com/sydney-jordan-mn-house-60a/,,2026-08-19T23:50:00.185378+00:00,,data/raw/policy_historical_e/cached/9af91eb02034438d12bd73ba-fb9c440967e3c1e3.html,238a45d7dd8a658529ba0c78da2fd30e3933bcc3bedfef1f92723bbda23e8e73,173424,timing_unverified,Seeded from legacy quotation-source inventory; collect full document text for audit coverage. | Seeded from existing candidate corpus URL,text/html,,Sydney Jordan - MN House 60A » The Wedge Times-Picayune,,,,,9af91eb02034438d12bd73ba,,,,,,,,,,,,,,,,,,"{'election_year': '2020', 'exact_quote': '[ Click here to read answers from all district 60A candidates. The special primary election is on January 21st, 2020.', 'source_locator': 'paragraph 75'}",,,,,,,,,,,,,,,,,,,,
9b96bbbd2ef6703c85b98c30,https://jimowles.org/news/candidate-answers-to-joldc-ritchie-torres-for-us-congress-ny-15,https://jimowles.org/news/candidate-answers-to-joldc-ritchie-torres-for-us-congress-ny-15,,2026-08-19T23:24:14.445764+00:00,,data/raw/policy_historical_e/cached/9b96bbbd2ef6703c85b98c30-26d4a6a28e71a8b9.html,dd4d3c33571f986046a00b2e980cc04f952026daf1bb62b313e3dea9adb41a66,107470,timing_unverified,Seeded from legacy quotation-source inventory; collect full document text for audit coverage. | Seeded from existing candidate corpus URL,text/html,,Candidate Answers to JOLDC: Ritchie Torres for US Congress NY-15 — Jim Owles Liberal Democratic Club,,,,,9b96bbbd2ef6703c85b98c30,,,,,,,,,,,,,,,,,,"{'election_year': '2020', 'exact_quote': 'Back Spring Awards 2026 Winter Awards 2025 Gay Pride Awards 2024 Winter Awards 2024 Gay Pride Awards 2023 Gay Pride', 'source_locator': 'paragraph 4'}",,,,,,,,,,,,,,,,,,,,
ad9d8618e4d84b6f7c40e88d,https://www.ballotready.org/people/frangell-basora,https://www.ballotready.org/people/frangell-basora,,2026-08-19T23:24:13.989636+00:00,,data/raw/policy_historical_e/cached/ad9d8618e4d84b6f7c40e88d-d0831932904618fe.html,d0831932904618fee0f829f8fe5cd746fac9fe374e00068c42bf7c73e791b8bc,118412,timing_unverified,Seeded from legacy quotation-source inventory; collect full document text for audit coverage. | Seeded from existing candidate corpus URL,text/html,,Frangell Basora | BallotReady,,,,,ad9d8618e4d84b6f7c40e88d,,,,,,,,,,,,,,,,,,"{'election_year': '2020', 'exact_quote': 'Candidate for U.S. House of Representatives - New York 15th Congressional District in 2020 New York Regular and Presidential Primary', 'source_locator': 'paragraph 7'}",,,,,,,,,,,,,,,,,,,,
afedfb1bc898210ce7edf9be,https://www.petworthnews.org/blog/todd-candidate-responses,https://www.petworthnews.org/blog/todd-candidate-responses,,2026-08-19T23:50:14.330373+00:00,,data/raw/policy_historical_e/cached/afedfb1bc898210ce7edf9be-642fce9393b295de.html,236b46ebf84817893a8145239cdf3ee3597fe6e90007901b4bf6e1f2f0bca1ab,304578,timing_unverified,Seeded from legacy quotation-source inventory; collect full document text for audit coverage. | Seeded from existing candidate corpus URL,text/html,,"Get to know Brandon Todd, candidate for Ward 4 Council — Petworth News",,,,,afedfb1bc898210ce7edf9be,,,,,,,,,,,,,,,,,,"{'election_year': '2020', 'exact_quote': 'Brandon Todd , candidates , Ward 4 , election2020', 'source_locator': 'paragraph 211'}",,,,,,,,,,,,,,,,,,,,
bf8c73ad4bb3359a596239bb,https://www.nyccfb.info/nyc-votes/vgwelcome/congressional-primary-2018/meet-the-candidates/congressional-district-14-democratic/joseph-crowley?languageType=English,https://www.nyccfb.info/nyc-votes/vgwelcome/congressional-primary-2018/meet-the-candidates/congressional-district-14-democratic/joseph-crowley?languageType=English,,2026-08-19T23:56:25.608398+00:00,,data/raw/policy_historical_e/cached/bf8c73ad4bb3359a596239bb-88dd3de07d651898.html,88dd3de07d6518988dbd5b4a70ba92cc7ba36d2be68f158c98b88d38a5d49863,60061,timing_unverified,Seeded from legacy quotation-source inventory; collect full document text for audit coverage. | Seeded from existing candidate corpus URL,text/html,,Joseph Crowley | New York City Campaign Finance Board,,,,,bf8c73ad4bb3359a596239bb,,,,,,,,,,,,,,,,,,"{'election_year': '2018', 'exact_quote': 'Congressional Primary 2018', 'source_locator': 'paragraph 94'}",,,,,,,,,,,,,,,,,,,,
cc4343072012420256284ea2,https://wedgelive.com/saciido-shaie-mn-house-60a,https://wedgelive.com/saciido-shaie-mn-house-60a/,,2026-08-19T23:49:58.728638+00:00,,data/raw/policy_historical_e/cached/cc4343072012420256284ea2-0ccf8045e79f59c1.html,e2a8587ef5a0572f8e318fa668dd2f3341486f7e8df67a0a43cd1bf7761b9a5d,166623,timing_unverified,Seeded from legacy quotation-source inventory; collect full document text for audit coverage. | Seeded from existing candidate corpus URL,text/html,,Saciido Shaie - MN House 60A » The Wedge Times-Picayune,,,,,cc4343072012420256284ea2,,,,,,,,,,,,,,,,,,"{'election_year': '2020', 'exact_quote': '[ Click here to read answers from all district 60A candidates. The special primary election is on January 21st, 2020.', 'source_locator': 'paragraph 47'}",,,,,,,,,,,,,,,,,,,,
d1d186be6a14015e9cd0373a,https://jimowles.org/news/candidate-answers-to-joldc-jabari-brisport-for-ny-senate-district-25,https://jimowles.org/news/candidate-answers-to-joldc-jabari-brisport-for-ny-senate-district-25,,2026-08-19T23:27:23.633274+00:00,,data/raw/policy_historical_e/cached/d1d186be6a14015e9cd0373a-986884c56b801636.html,3f56231131fff228af496dddb68056da0a3719799001b2d1ae71999adf534a9a,116616,timing_unverified,Seeded from legacy quotation-source inventory; collect full document text for audit coverage. | Seeded from existing candidate corpus URL,text/html,,Candidate Answers to JOLDC: Jabari Brisport for NY Senate District 25 — Jim Owles Liberal Democratic Club,,,,,d1d186be6a14015e9cd0373a,,,,,,,,,,,,,,,,,,"{'election_year': '2020', 'exact_quote': 'Back Spring Awards 2026 Winter Awards 2025 Gay Pride Awards 2024 Winter Awards 2024 Gay Pride Awards 2023 Gay Pride', 'source_locator': 'paragraph 4'}",,,,,,,,,,,,,,,,,,,,
joldc-62185ac4c91c6e7de204047d-lead42,https://jimowles.org/news/candidate-answers-to-joldc-kaegan-mays-williams-for-ny-senate-district-21-2022,https://jimowles.org/news/candidate-answers-to-joldc-kaegan-mays-williams-for-ny-senate-district-21-2022,2022-02-24,2026-09-23T08:11:15.115209+00:00,,data/raw/questionnaire_library/joldc/post-62185ac4c91c6e7de204047d-94e97d451f74a754c00b240deaf925a2224786a010a4ce1da9c856acdc18a73a.html,4aa6f7d7f30a53e1969c80991e51d6170cf1283abe22d837686b49e791f3df4c,25849,used,"Semantically reviewed against candidate-scoped retained paragraphs; exact metadata, raw bytes, and temporal qualification preserved.",text/html,publisher_api_post_body,,,,,,,,,,,,,,,2022-02-25,,,,,,,,,,,,"{'canonical_race_id': 'race-11b2afab91d000318469', 'race_id': 'race-11b2afab91d000318469', 'candidate_name': 'Kaegan Marie Mays-Williams', 'role': 'opponent', 'election_date': '2022-08-23', 'source_type': 'candidate_questionnaire', 'publication_date': '2022-02-24', 'source_url': 'https://jimowles.org/news/candidate-answers-to-joldc-kaegan-mays-williams-for-ny-senate-district-21-2022', 'archive_url': '', 'candidate_only_locator': 'Questionnaire body header: Candidate Name Kaegan Mays-Williams; Office New York State Senate District 21'}",,https://jimowles.org/news?category=questionnaire&format=json&offset=1647571471693,data/raw/questionnaire_library/joldc/post-62185ac4c91c6e7de204047d-94e97d451f74a754c00b240deaf925a2224786a010a4ce1da9c856acdc18a73a.json,data/raw/questionnaire_library/joldc/index-34ff81a7a91dfb0f21bfb3d45a2fdf6aeb599e509a95a4ed9021bba6c1e70d76.json.gz,15,America/New_York,94e97d451f74a754c00b240deaf925a2224786a010a4ce1da9c856acdc18a73a,34ff81a7a91dfb0f21bfb3d45a2fdf6aeb599e509a95a4ed9021bba6c1e70d76,,,,,,,,,
joldc-61f30ef8c3c4b76777938437-lead45,https://jimowles.org/news/candidate-answers-to-joldc-samy-olivares-for-ny-assembly-district-54-2022,https://jimowles.org/news/candidate-answers-to-joldc-samy-olivares-for-ny-assembly-district-54-2022,2022-01-27,2026-09-23T08:11:17.145856+00:00,,data/raw/questionnaire_library/joldc/post-61f30ef8c3c4b76777938437-159f3aaed77823aafa2a616492bd66ac2ccc48d687e122aabaf85bede8ee1057.html,69f2d5a0ff3d4f152425b8121d3aa4272a7f06a4cc0b9b05138b899725c75827,48938,used,"Semantically reviewed against candidate-scoped retained paragraphs; exact metadata, raw bytes, and temporal qualification preserved.",text/html,publisher_api_post_body,,,,,,,,,,,,,,,2022-02-25,,,,,,,,,,,,"{'canonical_race_id': 'race-7d93ab6b51ec87b8170e', 'race_id': 'race-7d93ab6b51ec87b8170e', 'candidate_name': 'Samy Nemir Olivares', 'role': 'endorsed', 'election_date': '2022-06-28', 'source_type': 'candidate_questionnaire', 'publication_date': '2022-01-27', 'source_url': 'https://jimowles.org/news/candidate-answers-to-joldc-samy-olivares-for-ny-assembly-district-54-2022', 'archive_url': '', 'candidate_only_locator': 'Questionnaire body header: Candidate Name Samy Nemir Olivares; Office NY Assembly District 54'}",,https://jimowles.org/news?category=questionnaire&format=json&offset=1645296241195,data/raw/questionnaire_library/joldc/post-61f30ef8c3c4b76777938437-159f3aaed77823aafa2a616492bd66ac2ccc48d687e122aabaf85bede8ee1057.json,data/raw/questionnaire_library/joldc/index-5cfd6675657f6f2738c46fb42807ce4d3c072bccabcd7b85bcb7a3c27ea9dad7.json.gz,13,America/New_York,159f3aaed77823aafa2a616492bd66ac2ccc48d687e122aabaf85bede8ee1057,5cfd6675657f6f2738c46fb42807ce4d3c072bccabcd7b85bcb7a3c27ea9dad7,,,,,,,,,
joldc-6203e73ca7e74927c9633597-lead44,https://jimowles.org/news/candidate-answers-to-joldc-david-alexis-for-ny-senate-district-21-2022,https://jimowles.org/news/candidate-answers-to-joldc-david-alexis-for-ny-senate-district-21-2022,2022-02-09,2026-09-23T08:11:17.145856+00:00,,data/raw/questionnaire_library/joldc/post-6203e73ca7e74927c9633597-2c343dc4de59df60fa92fcc1e10aa91eae5ecef733429061080eccc77392013b.html,5f01bc90ef142519d314b98cd63f79e5d3f5702861d716f26427507bb96449b3,38224,used,"Semantically reviewed against candidate-scoped retained paragraphs; exact metadata, raw bytes, and temporal qualification preserved.",text/html,publisher_api_post_body,,,,,,,,,,,,,,,2022-02-25,,,,,,,,,,,,"{'canonical_race_id': 'race-11b2afab91d000318469', 'race_id': 'race-11b2afab91d000318469', 'candidate_name': 'David Alexis', 'role': 'endorsed', 'election_date': '2022-08-23', 'source_type': 'candidate_questionnaire', 'publication_date': '2022-02-09', 'source_url': 'https://jimowles.org/news/candidate-answers-to-joldc-david-alexis-for-ny-senate-district-21-2022', 'archive_url': '', 'candidate_only_locator': 'Questionnaire body header: Candidate Name David Alexis; Office New York State Senate District 21'}",,https://jimowles.org/news?category=questionnaire&format=json&offset=1645296241195,data/raw/questionnaire_library/joldc/post-6203e73ca7e74927c9633597-2c343dc4de59df60fa92fcc1e10aa91eae5ecef733429061080eccc77392013b.json,data/raw/questionnaire_library/joldc/index-5cfd6675657f6f2738c46fb42807ce4d3c072bccabcd7b85bcb7a3c27ea9dad7.json.gz,8,America/New_York,2c343dc4de59df60fa92fcc1e10aa91eae5ecef733429061080eccc77392013b,5cfd6675657f6f2738c46fb42807ce4d3c072bccabcd7b85bcb7a3c27ea9dad7,,,,,,,,,
6594821a7fb0147110d7dec2,https://jimowles.org/news/candidate-answers-to-joldc-alexa-avils-for-city-council-district-38,https://jimowles.org/news/candidate-answers-to-joldc-alexa-avils-for-city-council-district-38,,2026-08-19T23:41:47.287940+00:00,,data/raw/policy_historical_f/sources/6594821a7fb0147110d7dec2.html,f29edaae539ae6a1a51760ae431c99a71484b824d674282e8401213f60a67d69,125608,timing_unverified,"Semantically reviewed against candidate-scoped retained paragraphs; exact metadata, raw bytes, and temporal qualification preserved.",text/html,,,,,,,6594821a7fb0147110d7dec2,,,,,,,,,,,,,,,,,,"{'election_year': '2021', 'exact_quote': 'Awards 2023 Gay Pride Awards 2021 Virtual Gala 2020 Impeachment Awards 2019 Annual BBQ 2019', 'source_locator': 'paragraph 4'}",,,,,,,,,,,,,,,,,,,,
607f6c62d84375528241a6fa,https://www.brooklynpaper.com/2021-elections-38th-district-candidates,https://www.brooklynpaper.com/2021-elections-38th-district-candidates/,,2026-08-19T23:50:34.234454+00:00,,data/raw/policy_historical_f/sources/607f6c62d84375528241a6fa.html,e8a6b35e228049a6f099183eaea1df7874a49f222a980c6a6458026526514862,125676,timing_unverified,"Semantically reviewed against candidate-scoped retained paragraphs; exact metadata, raw bytes, and temporal qualification preserved.",text/html,,,,,,,607f6c62d84375528241a6fa,,,,,,,,,,,,,,,,,,"{'election_year': '2021', 'exact_quote': '2021 Elections: Who’s running for Council in the 38th District', 'source_locator': 'paragraph 95'}",,,,,,,,,,,,,,,,,,,,
bb79f0a3d9233c8dc1edccd4,https://jimowles.org/news/candidate-answers-to-joldc-rodrigo-camarena-for-city-council-district-38,https://jimowles.org/news/candidate-answers-to-joldc-rodrigo-camarena-for-city-council-district-38,,2026-08-19T23:50:35.488657+00:00,,data/raw/policy_historical_f/sources/bb79f0a3d9233c8dc1edccd4.html,d340528e5b05d6b397b9be4d20a766b5dede630ec8f31cb9c1eff7e71b089bd5,124816,timing_unverified,"Semantically reviewed against candidate-scoped retained paragraphs; exact metadata, raw bytes, and temporal qualification preserved.",text/html,,,,,,,bb79f0a3d9233c8dc1edccd4,,,,,,,,,,,,,,,,,,"{'election_year': '2021', 'exact_quote': 'Awards 2023 Gay Pride Awards 2021 Virtual Gala 2020 Impeachment Awards 2019 Annual BBQ 2019', 'source_locator': 'paragraph 4'}",,,,,,,,,,,,,,,,,,,,
199bc9d10e6a9252107badca,https://jimowles.org/news/candidate-answers-to-joldc-emily-gallagher-for-ny-assembly-district-50-2022,https://jimowles.org/news/candidate-answers-to-joldc-emily-gallagher-for-ny-assembly-district-50-2022,,2026-08-19T23:41:58.201381+00:00,,data/raw/policy_historical_f/sources/199bc9d10e6a9252107badca.html,b7ee6dd7032a3f28d20f7f9bbf23e477e5c640bb8a58330c4bcb630e1b93275a,119836,timing_unverified,"Semantically reviewed against candidate-scoped retained paragraphs; exact metadata, raw bytes, and temporal qualification preserved.",text/html,,,,,,,199bc9d10e6a9252107badca,,,,,,,,,,,,,,,,,,"{'election_year': '2022', 'exact_quote': 'Liberal Democratic Club January 25, 2022 nys assembly 2022', 'source_locator': 'paragraph 89'}",,,,,,,,,,,,,,,,,,,,
30052b5963608b9ca8b8a14e,https://www.pghlesbian.com/2021/04/qa-with-anita-prizio-allegheny-county-councilor-district-3,https://www.pghlesbian.com/2021/04/qa-with-anita-prizio-allegheny-county-councilor-district-3/,,2026-08-19T23:41:45.308237+00:00,,data/raw/policy_historical_f/sources/30052b5963608b9ca8b8a14e.html,7b64ba529a62b289fccc492b50d48e8368e6dd1369bf77f3924fec718a884cfe,154156,timing_unverified,"Semantically reviewed against candidate-scoped retained paragraphs; exact metadata, raw bytes, and temporal qualification preserved.",text/html,,,,,,,30052b5963608b9ca8b8a14e,,,,,,,,,,,,,,,,,,"{'election_year': '2021', 'exact_quote': '2021 – In Memoriam', 'source_locator': 'paragraph 28'}",,,,,,,,,,,,,,,,,,,,
398f69f6e55a16f93331112d,https://www.offthekuff.com/wp?p=103735,https://www.offthekuff.com/wp/?p=103735,,2026-08-19T23:50:40.164619+00:00,,data/raw/policy_historical_f/sources/398f69f6e55a16f93331112d.html,d0b36760d4791a3a6be1edee3f5c66d31756faefd659b382c78afe1c6620ff35,188903,timing_unverified,"Semantically reviewed against candidate-scoped retained paragraphs; exact metadata, raw bytes, and temporal qualification preserved.",text/html,,,,,,,398f69f6e55a16f93331112d,,,,,,,,,,,,,,,,,,"{'election_year': '2022', 'exact_quote': 'Posted on January 31, 2022 by Charles Kuffner', 'source_locator': 'paragraph 14'}",,,,,,,,,,,,,,,,,,,,
82252092d311abc11cdf7951,https://www.bikemore.net/ibiv2022-embry,https://www.bikemore.net/ibiv2022-embry,,2026-08-19T23:50:47.337751+00:00,,data/raw/policy_historical_f/sources/82252092d311abc11cdf7951.html,56e943b191d84cbd96e75d245d5a1eb0a478d2ca6505d5bd547cc9f0f9fd64e7,119599,timing_unverified,"Semantically reviewed against candidate-scoped retained paragraphs; exact metadata, raw bytes, and temporal qualification preserved.",text/html,,,,,,,82252092d311abc11cdf7951,,,,,,,,,,,,,,,,,,"{'election_year': '2022', 'exact_quote': 'State Delegate 2022', 'source_locator': 'paragraph 65'}",,,,,,,,,,,,,,,,,,,,
72254206c63286bc0f85c925,https://www.bikemore.net/ibiv2022-endow,https://www.bikemore.net/ibiv2022-endow,,2026-08-19T23:42:00.535836+00:00,,data/raw/policy_historical_f/sources/72254206c63286bc0f85c925.html,69dbe7cdcbeca9ca02d82bcc8f38fea77cbfd9f4d65058d8e657ad1810cf91ec,118162,timing_unverified,"Semantically reviewed against candidate-scoped retained paragraphs; exact metadata, raw bytes, and temporal qualification preserved.",text/html,,,,,,,72254206c63286bc0f85c925,,,,,,,,,,,,,,,,,,"{'election_year': '2022', 'exact_quote': 'State Delegate 2022', 'source_locator': 'paragraph 65'}",,,,,,,,,,,,,,,,,,,,
b83f639d672fb8c8531889da,https://www.bikemore.net/ibiv2022-boyce,https://www.bikemore.net/ibiv2022-boyce,,2026-08-19T23:50:47.857343+00:00,,data/raw/policy_historical_f/sources/b83f639d672fb8c8531889da.html,3c66965ccae1cd2104755e194a0b87cbaf98f3a93fd21216256a724bde8adb25,122046,timing_unverified,"Semantically reviewed against candidate-scoped retained paragraphs; exact metadata, raw bytes, and temporal qualification preserved.",text/html,,,,,,,b83f639d672fb8c8531889da,,,,,,,,,,,,,,,,,,"{'election_year': '2022', 'exact_quote': 'State Delegate 2022', 'source_locator': 'paragraph 65'}",,,,,,,,,,,,,,,,,,,,
f3a92dae4f192b98373be9f7,https://www.bikemore.net/ibiv2022-benbow1,https://www.bikemore.net/ibiv2022-benbow1,,2026-08-19T23:50:48.167789+00:00,,data/raw/policy_historical_f/sources/f3a92dae4f192b98373be9f7.html,2fc417973298d0e1ed9d478364fd6f9a502aca98c03113efe70ca5bf9709c701,119884,timing_unverified,"Semantically reviewed against candidate-scoped retained paragraphs; exact metadata, raw bytes, and temporal qualification preserved.",text/html,,,,,,,f3a92dae4f192b98373be9f7,,,,,,,,,,,,,,,,,,"{'election_year': '2022', 'exact_quote': 'State Delegate 2022', 'source_locator': 'paragraph 65'}",,,,,,,,,,,,,,,,,,,,
af1df1b8ba4e4e3ec4bca78c,https://directory.runforsomething.net/candidate/1756/martinez-giselle/,https://directory.runforsomething.net/candidate/1756/martinez-giselle/,,2026-08-20T19:32:51.533663+00:00,,data/raw/policy_historical_f/sources/af1df1b8ba4e4e3ec4bca78c.html,9d725029a4a08bd0dc184e710eda8bacd33c00e08856382ae5d01687e306e6db,150363,excluded,"Original timing screening is superseded by a source-date correction. The original manual publication field is blank; extraction substituted the election-context effective date. The live directory was captured in2026, not before the2021 primary. Its separate policy-review exclusion is unchanged. Original review note: Third-party profile narration, not candidate-authored or directly quoted campaign language; excluded.",text/html,,,,,,,af1df1b8ba4e4e3ec4bca78c,,,,,,2021-06-22,data/manual/candidate_source_date_corrections.json,,,,,,,,,,,,,,,,,,,,,,,,,,,,,,,
bb0dc5a8198280e2e77efa6d,https://mdcdsa.org/wp-content/uploads/2021/11/2022-Metro-DC-DSA-Endorsement-Questionnaire-1.pdf,https://mdcdsa.org/wp-content/uploads/2021/11/2022-Metro-DC-DSA-Endorsement-Questionnaire-1.pdf,,2026-08-19T23:29:51.068270+00:00,,data/raw/policy_historical_f/sources/bb0dc5a8198280e2e77efa6d.pdf,2ddc4c76ad188a40a1ac7c7c37913eb65c23556766e4dcebdf4a4bc930ee28ad,209441,timing_unverified,"Semantically reviewed against candidate-scoped retained paragraphs; exact metadata, raw bytes, and temporal qualification preserved.",application/pdf,,,,,,,bb0dc5a8198280e2e77efa6d,,,,,,,,,,,,,,,,,,"{'election_year': '2022', 'exact_quote': 'program was available for the 2022 cycle. Our campaign’s lean budget target is $350,000. We', 'source_locator': 'paragraph 7'}",,,,,,,,,,,,,,,,,,,,
a3a0ad2fb4aabe30b6b3472a,https://patch.com/district-columbia/washingtondc/candidate-profile-art-lloyd-city-council-ward-5,https://patch.com/district-columbia/washingtondc/candidate-profile-art-lloyd-city-council-ward-5,,2026-08-19T23:50:45.576929+00:00,,data/raw/policy_historical_f/sources/a3a0ad2fb4aabe30b6b3472a.html,03e6f32f38622ed7b9dde6279197c9b84a488c9f791a45f5a1afe4d31b6b4d63,354661,timing_unverified,"Semantically reviewed against candidate-scoped retained paragraphs; exact metadata, raw bytes, and temporal qualification preserved.",text/html,,,,,,,a3a0ad2fb4aabe30b6b3472a,,,,,,,,,,,,,,,,,,"{'election_year': '2022', 'exact_quote': 'Posted Thu, Jun 2, 2022 at 9:52 am ET | Updated Thu, Jun 2, 2022', 'source_locator': 'paragraph 37'}",,,,,,,,,,,,,,,,,,,,
1c7e5793f8c218e62b4e57e4,https://waba.org/wp-content/uploads/2022/04/Zachary-Parker-DC-Council-Ward-5-Candidate-2022-WABA-Primary-Election-Questionnaire.pdf,https://waba.org/wp-content/uploads/2022/04/Zachary-Parker-DC-Council-Ward-5-Candidate-2022-WABA-Primary-Election-Questionnaire.pdf,,2026-08-19T23:41:57.215759+00:00,,data/raw/policy_historical_f/sources/1c7e5793f8c218e62b4e57e4.pdf,c7b8a66c79975779f65238586f4b6c90d208538c8420c170bbe67ed5a10ab24f,76786,timing_unverified,"Semantically reviewed against candidate-scoped retained paragraphs; exact metadata, raw bytes, and temporal qualification preserved.",application/pdf,,,,,,,1c7e5793f8c218e62b4e57e4,,,,,,,,,,,,,,,,,,"{'election_year': '2022', 'exact_quote': '[PDF page 1] 2022 Primary Election Candidate Questionnaire for Ward Races Dear Candidate, We ask', 'source_locator': 'paragraph 1'}",,,,,,,,,,,,,,,,,,,,
53e9cf275b149975ae219e4e,https://jimowles.org/news/candidate-answers-to-joldc-nikki-lucas-for-ny-assembly-district-60-2022,https://jimowles.org/news/candidate-answers-to-joldc-nikki-lucas-for-ny-assembly-district-60-2022,,2026-08-19T23:50:46.628327+00:00,,data/raw/policy_historical_f/sources/53e9cf275b149975ae219e4e.html,311db0742a7eec07f0b11e2e8df1b907ff5ce9dc187ca660c3210e82959bc620,114296,timing_unverified,"Semantically reviewed against candidate-scoped retained paragraphs; exact metadata, raw bytes, and temporal qualification preserved.",text/html,,,,,,,53e9cf275b149975ae219e4e,,,,,,,,,,,,,,,,,,"{'election_year': '2022', 'exact_quote': 'Liberal Democratic Club March 12, 2022 nys assembly 2022', 'source_locator': 'paragraph 141'}",,,,,,,,,,,,,,,,,,,,
0adddcb267af200de23c67b5,https://jayjones.com/news/in-the-news/page/2,https://www.jayjones.com/news/in-the-news/page/2/,2020-07-14,2026-08-20T02:53:01.375686+00:00,,data/raw/policy_historical_f/sources/0adddcb267af200de23c67b5.html,9edb2925e6f9285f33b74176411ef7aa0f41d51a433d1df294edaa001d21dfb4,33865,excluded,Current archive index lists later commentary rather than a 2021 campaign statement; excluded from historical evidence.,text/html,,,,,,,0adddcb267af200de23c67b5,,,,,,,,,,,,,,,,,,,,,,,,,,,,,,,,,,,,,,
84d881f7376c80638203e4be,https://www.junaidforcongress.com/issues,https://tkrcd2025.org/,,2026-08-19T23:30:31.661191+00:00,,data/raw/policy_historical_f/sources/84d881f7376c80638203e4be.html,61d088135764970b86c56e3f39ba7f4bbacca71cfc83c6b9e9da8bf1e95bb683,302805,excluded,Original timing screening is superseded by a source-date correction. The effective-date fallback was applied to a current capture that redirects to unrelated gambling content. It is not candidate policy evidence at any asserted publication date; the exact source version is separately excluded. Original review note: Retained URL now resolves to an unrelated gambling site; wrong-content capture excluded.,text/html,,,,,,,84d881f7376c80638203e4be,,,,,,2022-01-12,data/manual/candidate_source_date_corrections.json,,,,,,,,,,,,,,,,,,,,,,,,,,,,,,,
5b8c5bdd1bf81cc7d89adcb3,https://jimowles.org/news/candidate-answers-to-joldc-jaslin-kaur-for-city-council-district-23,https://jimowles.org/news/candidate-answers-to-joldc-jaslin-kaur-for-city-council-district-23,,2026-08-19T23:41:48.819865+00:00,,data/raw/policy_historical_f/sources/5b8c5bdd1bf81cc7d89adcb3.html,e64d8aaa977e37df7dfd09119ad042318365ddd721b5514cf9261640f2cbce30,138914,timing_unverified,"Semantically reviewed against candidate-scoped retained paragraphs; exact metadata, raw bytes, and temporal qualification preserved.",text/html,,,,,,,5b8c5bdd1bf81cc7d89adcb3,,,,,,,,,,,,,,,,,,"{'election_year': '2021', 'exact_quote': 'Awards 2023 Gay Pride Awards 2021 Virtual Gala 2020 Impeachment Awards 2019 Annual BBQ 2019', 'source_locator': 'paragraph 4'}",,,,,,,,,,,,,,,,,,,,
ny14-2018-aoc,https://www.nyccfb.info/nyc-votes/vgwelcome/congressional-primary-2018/meet-the-candidates/congressional-district-14-democratic/alexandria-ocasio-cortez,https://www.nyccfb.info/nyc-votes/vgwelcome/congressional-primary-2018/meet-the-candidates/congressional-district-14-democratic/alexandria-ocasio-cortez,,2026-08-19T23:44:46.058675+00:00,,data/raw/policy_ny14_2018/aoc-8b1767b2a2e9e6b801dcb1115bea6ddbf424fae8d91bee980ae08a52d1362c49.html,8b1767b2a2e9e6b801dcb1115bea6ddbf424fae8d91bee980ae08a52d1362c49,60896,timing_unverified,"Both official guide pages have an inconsistent template field saying District16. Their breadcrumbs, candidate occupations/statements and retained official FEC2018 House rows2719-2720 identify the District14 Democratic contest. The actual written candidate statements are used; the erroneous template field is not silently accepted. Historical guide context established; exact pre-primary publication/version remains unknown.",text/html,,,,,,,954645c16f26e163ee665784,,,,,,,,,,,,,,,,,,"{'election_year': '2018', 'exact_quote': 'Congressional Primary 2018', 'source_locator': 'paragraph 94'}",,,,,,,,,,,,,,,,,,,,
ny14-2018-crowley,https://www.nyccfb.info/nyc-votes/vgwelcome/congressional-primary-2018/meet-the-candidates/congressional-district-14-democratic/joseph-crowley?languageType=English,https://www.nyccfb.info/nyc-votes/vgwelcome/congressional-primary-2018/meet-the-candidates/congressional-district-14-democratic/joseph-crowley?languageType=English,,2026-08-19T23:56:25.608398+00:00,,data/raw/policy_ny14_2018/crowley-88dd3de07d6518988dbd5b4a70ba92cc7ba36d2be68f158c98b88d38a5d49863.html,88dd3de07d6518988dbd5b4a70ba92cc7ba36d2be68f158c98b88d38a5d49863,60061,timing_unverified,"Both official guide pages have an inconsistent template field saying District16. Their breadcrumbs, candidate occupations/statements and retained official FEC2018 House rows2719-2720 identify the District14 Democratic contest. The actual written candidate statements are used; the erroneous template field is not silently accepted. Historical guide context established; exact pre-primary publication/version remains unknown.",text/html,,,,,,,bf8c73ad4bb3359a596239bb,,,,,,,,,,,,,,,,,,"{'election_year': '2018', 'exact_quote': 'Congressional Primary 2018', 'source_locator': 'paragraph 94'}",,,,,,,,,,,,,,,,,,,,
ny14-fec2018-identity,https://www.fec.gov/resources/cms-content/documents/federalelections2018.xlsx,https://www.fec.gov/resources/cms-content/documents/federalelections2018.xlsx,,2026-09-22,date_only,data/raw/fec/federalelections2018.xlsx,f2c42311862b4927df2ca5908c5f9c8f8da6221a8db88fd00434a22ec1e0e303,602712,identity_only,"2018 US House Results by State, rows2719-2720: NY14,D, Ocasio-Cortez and Crowley. Write-in/fusion observations in other rows are not alternate candidacies.",application/vnd.openxmlformats-officedocument.spreadsheetml.sheet,,,,,,,,,,,,,,,,,,,,,,,,,,,,,,,,,,,,,,,,,,,,,
oh11-2021-turner,https://image.jewishinsider.com/wp-content/uploads/2021/02/18170852/2021-Ohio-11th-Candidate-Questionnaire-Nina-Turner.pdf,https://image.jewishinsider.com/wp-content/uploads/2021/02/18170852/2021-Ohio-11th-Candidate-Questionnaire-Nina-Turner.pdf,,2026-09-23T18:32:09.928913+00:00,,data/raw/policy_ohio_2021/oh11-2021-turner/d2ee10cc5538d5edd76c39babf197219f29a50adb76831329a338d75fabb09e6.pdf,d2ee10cc5538d5edd76c39babf197219f29a50adb76831329a338d75fabb09e6,129391,used,Original candidate-submitted PDF linked in the publisher's February18 release. First PDF publication date is not invented; availability is bounded by that retained release.,application/pdf,,,,,,,bacbf9a01bf025f5eb07e78b-d2ee10cc5538,,,,,,,,,,,,['bacbf9a01bf025f5eb07e78b-d2ee10cc5538'],,,,,,,,,,,,,,,,,,2021-02-18,"{'document_id': 'oh11-2021-publication', 'publication_date_marker': '""datePublished"": ""2021-02-18T08:40:19+00:00""', 'source_locator': ""Dated publisher article's candidate-labeled link to this exact original questionnaire PDF""}",,,,,,,
oh11-2021-brown,https://image.jewishinsider.com/wp-content/uploads/2021/02/18170852/2021-Ohio-11th-Candidate-Questionnaire-Shontel-Brown.pdf,https://image.jewishinsider.com/wp-content/uploads/2021/02/18170852/2021-Ohio-11th-Candidate-Questionnaire-Shontel-Brown.pdf,,2026-09-23T18:32:10.746396+00:00,,data/raw/policy_ohio_2021/oh11-2021-brown/6a0dc4b41101f7a7000feadc4bf91577b2e8dd581ae3bbdb2ce12b662d347d3b.pdf,6a0dc4b41101f7a7000feadc4bf91577b2e8dd581ae3bbdb2ce12b662d347d3b,150900,used,Original candidate-submitted PDF linked in the publisher's February18 release. First PDF publication date is not invented; availability is bounded by that retained release.,application/pdf,,,,,,,981379a54d8ea0fe140be213-6a0dc4b41101,,,,,,,,,,,,['981379a54d8ea0fe140be213-6a0dc4b41101'],,,,,,,,,,,,,,,,,,2021-02-18,"{'document_id': 'oh11-2021-publication', 'publication_date_marker': '""datePublished"": ""2021-02-18T08:40:19+00:00""', 'source_locator': ""Dated publisher article's candidate-labeled link to this exact original questionnaire PDF""}",,,,,,,
oh11-2021-johnson,https://image.jewishinsider.com/wp-content/uploads/2021/02/18170851/2021-Ohio-11th-Candidate-Questionnaire-Jeffrey-D.-Johnson.pdf,https://image.jewishinsider.com/wp-content/uploads/2021/02/18170851/2021-Ohio-11th-Candidate-Questionnaire-Jeffrey-D.-Johnson.pdf,,2026-09-23T18:32:13.409764+00:00,,data/raw/policy_ohio_2021/oh11-2021-johnson/be32d8386331942d6c498a357a8723dbb13b6c6e15642ff0cea82093b35d343b.pdf,be32d8386331942d6c498a357a8723dbb13b6c6e15642ff0cea82093b35d343b,202625,used,Original candidate-submitted PDF linked in the publisher's February18 release. First PDF publication date is not invented; availability is bounded by that retained release.,application/pdf,,,,,,,6c93ab158f6f730dad4f4efb-be32d8386331,,,,,,,,,,,,['6c93ab158f6f730dad4f4efb-be32d8386331'],,,,,,,,,,,,,,,,,,2021-02-18,"{'document_id': 'oh11-2021-publication', 'publication_date_marker': '""datePublished"": ""2021-02-18T08:40:19+00:00""', 'source_locator': ""Dated publisher article's candidate-labeled link to this exact original questionnaire PDF""}",,,,,,,
oh11-2021-barnes,https://image.jewishinsider.com/wp-content/uploads/2021/02/18170853/2021-Ohio-11th-Candidate-Questionnaire-John-Barnes.pdf,https://image.jewishinsider.com/wp-content/uploads/2021/02/18170853/2021-Ohio-11th-Candidate-Questionnaire-John-Barnes.pdf,,2026-09-23T18:32:13.913874+00:00,,data/raw/policy_ohio_2021/oh11-2021-barnes/61815f78c36124b18c0eeff00c9dfbbe27440adcb50291505e4a9fb2233106ca.pdf,61815f78c36124b18c0eeff00c9dfbbe27440adcb50291505e4a9fb2233106ca,167122,used,Original candidate-submitted PDF linked in the publisher's February18 release. First PDF publication date is not invented; availability is bounded by that retained release.,application/pdf,,,,,,,b1f3f31055a9d59db9136456-61815f78c361,,,,,,,,,,,,['b1f3f31055a9d59db9136456-61815f78c361'],,,,,,,,,,,,,,,,,,2021-02-18,"{'document_id': 'oh11-2021-publication', 'publication_date_marker': '""datePublished"": ""2021-02-18T08:40:19+00:00""', 'source_locator': ""Dated publisher article's candidate-labeled link to this exact original questionnaire PDF""}",,,,,,,
oh11-2021-smith,https://image.jewishinsider.com/wp-content/uploads/2021/02/18170853/2021-Ohio-11th-Candidate-Questionnaire-Shirley-Smith.pdf,https://image.jewishinsider.com/wp-content/uploads/2021/02/18170853/2021-Ohio-11th-Candidate-Questionnaire-Shirley-Smith.pdf,,2026-09-23T18:32:14.562538+00:00,,data/raw/policy_ohio_2021/oh11-2021-smith/adf6f71ffc2e955d6bc6e70950f27a6600efa3883600cfe566216bb7c8f1efeb.pdf,adf6f71ffc2e955d6bc6e70950f27a6600efa3883600cfe566216bb7c8f1efeb,124056,used,Original candidate-submitted PDF linked in the publisher's February18 release. First PDF publication date is not invented; availability is bounded by that retained release.,application/pdf,,,,,,,d2dd3fe1bfb50770f6ab5252-adf6f71ffc2e,,,,,,,,,,,,['d2dd3fe1bfb50770f6ab5252-adf6f71ffc2e'],,,,,,,,,,,,,,,,,,2021-02-18,"{'document_id': 'oh11-2021-publication', 'publication_date_marker': '""datePublished"": ""2021-02-18T08:40:19+00:00""', 'source_locator': ""Dated publisher article's candidate-labeled link to this exact original questionnaire PDF""}",,,,,,,
oh11-2021-publication,https://jewishinsider.com/2021/02/israel-ohio-nina-turner-shontel-brown/,https://jewishinsider.com/2021/02/israel-ohio-nina-turner-shontel-brown/,2021-02-18,2026-09-23T18:33:14.329163+00:00,,data/raw/policy_ohio_2021/oh11-2021-publication/7cec9a1c2cd132b73c37c218693a130ccc3d3027c55632c93606c69ee2bc28d1.html,7cec9a1c2cd132b73c37c218693a130ccc3d3027c55632c93606c69ee2bc28d1,306711,identity_only,"Dated publisher release links and attributes each full original submitted questionnaire; this is identity and availability evidence, not a substitute for reading the answers.",text/html,,,,,,,,,,,,,,,,2021-02-18,,,,,,,,,,,,,,,,,,,,,,,,,,,,,
hi01-2018-ing,https://www.civilbeat.org/2018/07/candidate-qa-u-s-house-district-1-kaniela-ing/,https://www.civilbeat.org/2018/07/candidate-qa-u-s-house-district-1-kaniela-ing/,2018-07-03,2026-09-23T18:49:38.297259+00:00,,data/raw/policy_hawaii_2018/hi01-2018-ing/71a86ef518a92e309c54ccc051e91d672f03aceeec367194b260f4dffaed5725.html,71a86ef518a92e309c54ccc051e91d672f03aceeec367194b260f4dffaed5725,157157,used,Dated pre-primary source; candidate answers or direct attributed statements only. Statistical and historical claims are not independently certified.,text/html,,,,,,,61010169144b199ec7a09419-71a86ef518a9,,,,,,,,,,,,['61010169144b199ec7a09419-71a86ef518a9'],,,,,,,,,,,,,,,,,,,,,,,,,,
hi01-2018-fukumoto,https://www.civilbeat.org/2018/07/candidate-qa-u-s-house-district-1-beth-fukutomo/,https://www.civilbeat.org/2018/07/candidate-qa-u-s-house-district-1-beth-fukutomo/,2018-07-27,2026-09-23T18:49:40.023206+00:00,,data/raw/policy_hawaii_2018/hi01-2018-fukumoto/d4ee0d3ad06abe3b23155cc1487955729f74836b8bfb49cdf7f54ed974773356.html,d4ee0d3ad06abe3b23155cc1487955729f74836b8bfb49cdf7f54ed974773356,154901,used,Dated pre-primary source; candidate answers or direct attributed statements only. Statistical and historical claims are not independently certified.,text/html,,,,,,,34d43b48b1ad63fd3460c63e-d4ee0d3ad06a,,,,,,,,,,,,['34d43b48b1ad63fd3460c63e-d4ee0d3ad06a'],,,,,,,,,,,,,,,,,,,,,,,,,,
hi01-2018-chin,https://www.civilbeat.org/2018/07/candidate-qa-u-s-house-district-1-doug-chin/,https://www.civilbeat.org/2018/07/candidate-qa-u-s-house-district-1-doug-chin/,2018-07-12,2026-09-23T18:49:41.478051+00:00,,data/raw/policy_hawaii_2018/hi01-2018-chin/b378fa97ab894dae6dd2375f725d326b9dafcd6ad3ef9ebb8f6cb79cec3b8b18.html,b378fa97ab894dae6dd2375f725d326b9dafcd6ad3ef9ebb8f6cb79cec3b8b18,151823,used,Dated pre-primary source; candidate answers or direct attributed statements only. Statistical and historical claims are not independently certified.,text/html,,,,,,,f89a8593773da85cf660d811-b378fa97ab89,,,,,,,,,,,,['f89a8593773da85cf660d811-b378fa97ab89'],,,,,,,,,,,,,,,,,,,,,,,,,,
hi01-2018-kim,https://www.civilbeat.org/2018/06/candidate-qa-u-s-house-district-1-donna-mercado-kim-3/,https://www.civilbeat.org/2018/06/candidate-qa-u-s-house-district-1-donna-mercado-kim-3/,2018-06-18,2026-09-23T18:49:43.116270+00:00,,data/raw/policy_hawaii_2018/hi01-2018-kim/028b9c467aca0f0770c667b59dfe0a52c7e6a610107322290c5b1f0deaef85bb.html,028b9c467aca0f0770c667b59dfe0a52c7e6a610107322290c5b1f0deaef85bb,150688,used,Dated pre-primary source; candidate answers or direct attributed statements only. Statistical and historical claims are not independently certified.,text/html,,,,,,,7d2bcf0956cd6a7071e55520-028b9c467aca,,,,,,,,,,,,['7d2bcf0956cd6a7071e55520-028b9c467aca'],,,,,,,,,,,,,,,,,,,,,,,,,,
hi01-2018-martin,https://www.civilbeat.org/2018/06/candidate-qa-u-s-house-district-1-ernie-martin/,https://www.civilbeat.org/2018/06/candidate-qa-u-s-house-district-1-ernie-martin/,2018-06-25,2026-09-23T18:49:44.678952+00:00,,data/raw/policy_hawaii_2018/hi01-2018-martin/8ee2cb6cce4867226390b6a71d16243231616e8271649ec2aee7f1fea9058e12.html,8ee2cb6cce4867226390b6a71d16243231616e8271649ec2aee7f1fea9058e12,148871,used,Dated pre-primary source; candidate answers or direct attributed statements only. Statistical and historical claims are not independently certified.,text/html,,,,,,,443b92f0ffe16ad173d76540-8ee2cb6cce48,,,,,,,,,,,,['443b92f0ffe16ad173d76540-8ee2cb6cce48'],,,,,,,,,,,,,,,,,,,,,,,,,,
hi01-2018-puletasi,https://www.civilbeat.org/2018/07/candidate-qa-u-s-house-district-1-sam-puletasi/,https://www.civilbeat.org/2018/07/candidate-qa-u-s-house-district-1-sam-puletasi/,2018-07-03,2026-09-23T18:49:46.218688+00:00,,data/raw/policy_hawaii_2018/hi01-2018-puletasi/55eb503218fdb1243ed65d12cc5b20f4e70b6df84171603fd210594fd4c89af6.html,55eb503218fdb1243ed65d12cc5b20f4e70b6df84171603fd210594fd4c89af6,145563,used,Dated pre-primary source; candidate answers or direct attributed statements only. Statistical and historical claims are not independently certified.,text/html,,,,,,,a2eba04cb3aa1e9a3165e297-55eb503218fd,,,,,,,,,,,,['a2eba04cb3aa1e9a3165e297-55eb503218fd'],,,,,,,,,,,,,,,,,,,,,,,,,,
hi01-2018-case-interview,https://www.civilbeat.org/2018/07/in-crowded-race-for-congress-democrats-span-ideological-spectrum/,https://www.civilbeat.org/2018/07/in-crowded-race-for-congress-democrats-span-ideological-spectrum/,2018-07-25,2026-09-23T18:55:02.732456+00:00,,data/raw/policy_hawaii_2018/hi01-2018-case-interview/2c130e70439cd71b1084de6a6c809ae5680893121663f4e933fa7f79798cf6c7.html,2c130e70439cd71b1084de6a6c809ae5680893121663f4e933fa7f79798cf6c7,158850,used,Dated pre-primary source; candidate answers or direct attributed statements only. Statistical and historical claims are not independently certified.,text/html,,,,,,,be32d395033f29296bfa6749-2c130e70439c,,,,,,,,,,,,['be32d395033f29296bfa6749-2c130e70439c'],,,,,,,,,,,,,,,,,,,,,,,,,,
hi01-2018-debate,https://www.civilbeat.org/2018/07/democratic-contenders-for-congress-duke-it-out-during-debate/,https://www.civilbeat.org/2018/07/democratic-contenders-for-congress-duke-it-out-during-debate/,2018-07-03,2026-09-23T18:55:02.989408+00:00,,data/raw/policy_hawaii_2018/hi01-2018-debate/a05f9eaa208acf5cbf8166e50123d28de8a2cb3caf5aa48f381938171b0b6740.html,a05f9eaa208acf5cbf8166e50123d28de8a2cb3caf5aa48f381938171b0b6740,147850,used,Dated pre-primary source; candidate answers or direct attributed statements only. Statistical and historical claims are not independently certified.,text/html,,,,,,,ca6a6d6a33456eb218db7ca4-a05f9eaa208a,,,,,,,,,,,,['ca6a6d6a33456eb218db7ca4-a05f9eaa208a'],,,,,,,,,,,,,,,,,,,,,,,,,,
hi01-2018-case,https://www.civilbeat.org/2018/07/campaign-corner-ed-case-will-bring-change-to-congress/,https://www.civilbeat.org/2018/07/campaign-corner-ed-case-will-bring-change-to-congress/,2018-07-27,2026-09-23T18:49:47.811046+00:00,,data/raw/policy_hawaii_2018/hi01-2018-case/4346f8ed8684b371d5d2b4acfe497cc4ddd586dda789b1ecf0b0f75b576c714d.html,4346f8ed8684b371d5d2b4acfe497cc4ddd586dda789b1ecf0b0f75b576c714d,144378,excluded,"Campaign Corner author Victor Craft is a supporter, not Ed Case. None of this writer's words are attributed to Case.",text/html,,,,,,,,,,,,,,,,,,,,,,,,,,,,,,,,,,,,,,,,,,,,,
tx21-20180221-archive,https://web.archive.org/web/20180221024126id_/https://www.texasobserver.org/selling-smart-strategy-fight-brews-democratic-values-congressional-district-21/,https://web.archive.org/web/20180221024126id_/https://www.texasobserver.org/selling-smart-strategy-fight-brews-democratic-values-congressional-district-21/,,2026-09-23T19:04:27.882584+00:00,,data/raw/policy_primary_2018/tx21-20180221-archive/94b6d79465ebf3c289c583e79eaa682a89c88c49b25688584e4a4f57d0c40109.html,94b6d79465ebf3c289c583e79eaa682a89c88c49b25688584e4a4f57d0c40109,93637,used,"Actual February21,2018 archive, before the March6 primary; later edits to the live article are not used.",text/html,,,,,,,,,,,,,,,,,,,"['186b73ffd2e6d86f8fdc0258-94b6d79465eb', 'd307740bc32e74133c8eda63-94b6d79465eb']",,,,,,,,,,,,,,,,,,,,,,,,,,
in09-2018-three-candidates,https://www.wlky.com/article/3-candidates-face-off-in-democratic-primary-for-indianas-9th-congressional-district/20115458,https://www.wlky.com/article/3-candidates-face-off-in-democratic-primary-for-indianas-9th-congressional-district/20115458,2018-05-01,2026-09-23T19:04:28.598615+00:00,,data/raw/policy_primary_2018/in09-2018-three-candidates/6f1459a840f8f8cb1662053b2a45c1724900cd15ed2d80dc326be2ca7f6d51a0.html,5e26967bcce837c44abeff140023f9d9fef03f6a85ec8762799cac4606dd3d5d,396281,used,"Publisher's datePublished is May1,2018, before the May8 primary. Direct candidate quotations only, not reporter claims about all candidates.",text/html,,,,,,,,,,,,,,,,,,,"['f42026512f2d670945269756-6f1459a840f8', '7d87d4ca8ff974507240e828-6f1459a840f8', '66f6af5dbe3a602bc3817f70-6f1459a840f8']",,,,,,,,,,,,,,,,,,,,,,,,,,
md05-wilkes-2019-statement,https://washingtonsocialist.mdcdsa.org/ws-articles/19-11-mckayla-statement,https://washingtonsocialist.mdcdsa.org/ws-articles/19-11-mckayla-statement,,2026-09-23T21:16:55.908347+00:00,,data/raw/policy_2020_followup/md05-wilkes-2019-statement/779eb35356ce807a0446ac3e3f9838b6cdda7d7297b092949e542fe5db7c5e3e.html,779eb35356ce807a0446ac3e3f9838b6cdda7d7297b092949e542fe5db7c5e3e,20454,used,Candidate-authored statement published by the endorsing DSA chapter. The article names the originally scheduled primary date; the actual primary was postponed. November2019 precedes both dates.,text/html,,,,,,,e349611553c05e51012cfb7e-779eb35356ce,,,,,,,,,,,,['e349611553c05e51012cfb7e-779eb35356ce'],,,,,,,2019-11,"{'exact_quote': 'November 2019', 'source_locator': 'paragraph 20'}",,,,,,,,,,,,,,,,,,
il11-ventura-2020-guide,https://news.wttw.com/elections/voters-guide/2020/candidates/congressional-districts/rachel-ventura,https://news.wttw.com/elections/voters-guide/2020/candidates/congressional-districts/rachel-ventura,,2026-09-23T21:16:56.162553+00:00,,data/raw/policy_2020_followup/il11-ventura-2020-guide/c69bb8005d549db52ebd46dd93dbfe09867bb36cd962adc6d700c44266c9913e.html,c935a6e9fe33a3a9dab74082834d9286d958ae6efebed0979fe3740371f889b8,51065,timing_unverified,"Explicit March2020primary guide, not the separate November general-election guide. Exact publication day and retained pre-primary version are not invented.",text/html,,,,,,,f63dfa02e718ba348fd27992-c69bb8005d54,,,,,,,,,,,,['f63dfa02e718ba348fd27992-c69bb8005d54'],,,,,,"{'election_year': '2020', 'exact_quote': '2020 Primary Election Notice', 'source_locator': 'paragraph 53'}",,,,,,,,,,,,,,,,,,,,
il11-foster-2020-guide,https://news.wttw.com/elections/voters-guide/2020/candidates/congressional-districts/bill-foster,https://news.wttw.com/elections/voters-guide/2020/candidates/congressional-districts/bill-foster,,2026-09-23T21:16:56.057822+00:00,,data/raw/policy_2020_followup/il11-foster-2020-guide/1fd7a83327f0cf28e2a42c96c3ebfae6e2dc84291881518618e35296175b7609.html,93fe42890af115ce553d6ee335f98e6c6b6e821273a515a616010fee89435429,50867,timing_unverified,Explicit March2020primary guide. Candidate's own public-option proposal is used; opponent claims about his motives or donors are not treated as his policy.,text/html,,,,,,,0e4baadef063c58a432cdd4c-1fd7a83327f0,,,,,,,,,,,,['0e4baadef063c58a432cdd4c-1fd7a83327f0'],,,,,,"{'election_year': '2020', 'exact_quote': '2020 Primary Election Notice', 'source_locator': 'paragraph 53'}",,,,,,,,,,,,,,,,,,,,
scarane-20200907-platform,https://web.archive.org/web/20200907225700id_/https://www.jessfordelaware.com/issues/,https://web.archive.org/web/20200907225700id_/https://www.jessfordelaware.com/issues/,,2026-09-23T21:21:28.323246+00:00,,data/raw/policy_2020_followup/scarane-20200907-platform/83276ebb7f98a9b4ca4624c1561a7fd29138c8c3a9f807fcd9f8b0ac50234011.html,53a4fae8f1c4a6bb1281b0b2bc335cd36b59b9a00cee259eaf3620e5037a42af,79832,used,Actual first-party issues page archived September7 before the September15 primary; not the paywalled interview's reporter summary.,text/html,,,,,,,12f36f0f8f8d2cd4ccc4e295-83276ebb7f98,,,,,,,,,,,,['12f36f0f8f8d2cd4ccc4e295-83276ebb7f98'],,,,,,,,,,,,,,,,,,,,,,,,,,
7c1fab3578808cbb3c8b7d34,https://web.archive.org/web/20200807144522id_/https://www.chriscoons.com/issue/health-care/,https://web.archive.org/web/20200807144522id_/https://www.chriscoons.com/issue/health-care/,,2026-08-21T03:51:07.436945+00:00,,data/raw/policy_historical_d/sources/7c1fab3578808cbb3c8b7d34.html,c90933a4be28cea3d5ba7d40ee918700b91c055674a1d26b559f7cf55d41c8c2,18090,used,First-party campaign healthcare page archived August7. Supports ACA expansion and benefit protection; unmentioned insurance models are not automatically rejected.,text/html,,,,,,,e723febbfb7da2ecbf18636e-c90933a4be28,,,,,,,,,,,,['e723febbfb7da2ecbf18636e-c90933a4be28'],,,,,,,,,,,,,,,,,,,,,,,,,,
ny18-nixon,https://www.nyccfb.info/nyc-votes/vgwelcome/state-primary-2018/meet-candidates/democratic/governor/cynthia-e-nixon,https://www.nyccfb.info/nyc-votes/vgwelcome/state-primary-2018/meet-candidates/democratic/governor/cynthia-e-nixon,,2026-08-19T23:44:46.268184+00:00,,data/raw/policy_ny_state_2018/nixon-9c6d00b2f7ae979d0e79bbc794a37963f4ebc9fde0f5c5baa847d99d21218892.html,9c6d00b2f7ae979d0e79bbc794a37963f4ebc9fde0f5c5baa847d99d21218892,61371,timing_unverified,"Official StatePrimary2018 guide. Its template field incorrectly says StateSenate, but Governor breadcrumb, candidate statement and current occupation identify the gubernatorial campaign. Exact pre-primary text version is not asserted.",text/html,,,,,,,,,,,,,,,,,,,,,,,,,"{'election_year': '2018', 'exact_quote': 'State Primary 2018', 'source_locator': 'paragraph 94'}",,,,,,,,,,,,,,,,,,,,
ny18-hochul,https://www.nyccfb.info/nyc-votes/vgwelcome/state-primary-2018/meet-candidates/democratic/lieutenant-governor/kathy-c-hochul,https://www.nyccfb.info/nyc-votes/vgwelcome/state-primary-2018/meet-candidates/democratic/lieutenant-governor/kathy-c-hochul,,2026-08-19T23:56:25.725577+00:00,,data/raw/policy_ny_state_2018/hochul-4194046c78c6dfbce9901e571a2c387e43b0df4d7e7513277601f844bc234f55.html,4194046c78c6dfbce9901e571a2c387e43b0df4d7e7513277601f844bc234f55,59851,timing_unverified,"Official StatePrimary2018 guide. Its template field incorrectly says AttorneyGeneral; the breadcrumb, incumbent occupation and written statement identify the lieutenant-governor campaign.",text/html,,,,,,,,,,,,,,,,,,,,,,,,,"{'election_year': '2018', 'exact_quote': 'State Primary 2018', 'source_locator': 'paragraph 94'}",,,,,,,,,,,,,,,,,,,,
ny18-williams,https://web.archive.org/web/20180828071143/https://jumaanewilliams.com/issues/,https://web.archive.org/web/20180828071143/https://jumaanewilliams.com/issues/,,2026-08-21T01:41:16.867269+00:00,,data/raw/policy_ny_state_2018/williams-98e8c6e4f03528b8e4daf9fba92d3325ac5cc6c6c6c854f38c9ddd8bf7b10f27.html,df19946172e900431d7b6358ace225819233f1980c7526237df2424e999efafc,102270,used,"Retained candidate-controlled August28archive before the September13primary; archive date is availability, not first publication.",text/html,,,,,,,,,,,2018-08-28,archive_capture_only,,,,,,,,,,,,,,,,,,,,,,,,,,,,,,,,,
cuomo-20180824-campaign,https://web.archive.org/web/20180824070518id_/https://www.andrewcuomo.com/,https://web.archive.org/web/20180824070518id_/https://www.andrewcuomo.com/,,2026-09-23T21:33:46.570797+00:00,,data/raw/policy_ny_state_2018/cuomo-20180824-campaign/dd973137f030a22ad972e315a0b9252d7aded712c7e1ed42e9b5426e5ec841f6.com,dd973137f030a22ad972e315a0b9252d7aded712c7e1ed42e9b5426e5ec841f6,25118,used,"Actual August24pre-primary campaign homepage. Claimed accomplishments are campaign framing, not independent evaluations.",text/html,,,,,,,efcdac5fbbd3d461271ba2d6-dd973137f030,,,,,,,,,,,,['efcdac5fbbd3d461271ba2d6-dd973137f030'],,,,,,,,,,,,,,,,,,,,,,,,,,
il07-2020-anthony-clark,https://news.wttw.com/elections/voters-guide/2020/candidates/congressional-districts/anthony-clark,https://news.wttw.com/elections/voters-guide/2020/candidates/congressional-districts/anthony-clark,,2026-09-23T21:52:23.029833+00:00,,data/raw/policy_illinois_7/il07-2020-anthony-clark/5d8263d7a881e3b7ed8aa3fd1bf1687e28cd2c9ff67bc25476eedc64b30a646f.html,d57b9872af94ed49a4c35b7924fd7c2af41e386a1fe8e9a18be59e914e39189a,49851,timing_unverified,"Original WTTW candidate statement and questionnaire, explicitly identified in the retained text as the March 2020 primary guide. Exact original publication and pre-primary version are unverified; the 2026 retrieval is not backdated. Wayback availability found no pre-primary version for these exact URLs. Claims are the candidates' statements, not independent factual verification.",text/html,,,,,,,ea64dd670e7c08eaede26303-5d8263d7a881,,,,,,,,,,,utf-8,['ea64dd670e7c08eaede26303-5d8263d7a881'],,,,,,"{'election_year': '2020', 'exact_quote': 'You have reached the 2020 Primary Election (March 2020) Voter Guide.', 'source_locator': 'paragraph 54'}",,,,,,,,,,,,,,,,,,,,
il07-2020-danny-k-davis,https://news.wttw.com/elections/voters-guide/2020/candidates/congressional-districts/danny-k-davis,https://news.wttw.com/elections/voters-guide/2020/candidates/congressional-districts/danny-k-davis,,2026-09-23T21:52:23.030473+00:00,,data/raw/policy_illinois_7/il07-2020-danny-k-davis/8baf1d70d8172eac72cfce3702c0690b54c7e2faef9e9ecd0d175e7f0833288c.html,0928cf9f9b582ee989c7601bb8c24aa1ce11c123d4eeb5808223481733079fa7,48513,timing_unverified,"Original WTTW candidate statement and questionnaire, explicitly identified in the retained text as the March 2020 primary guide. Exact original publication and pre-primary version are unverified; the 2026 retrieval is not backdated. Wayback availability found no pre-primary version for these exact URLs. Claims are the candidates' statements, not independent factual verification.",text/html,,,,,,,c03c17df415eba2780ad73ce-8baf1d70d817,,,,,,,,,,,utf-8,['c03c17df415eba2780ad73ce-8baf1d70d817'],,,,,,"{'election_year': '2020', 'exact_quote': 'You have reached the 2020 Primary Election (March 2020) Voter Guide.', 'source_locator': 'paragraph 54'}",,,,,,,,,,,,,,,,,,,,
il07-2020-kina-collins,https://news.wttw.com/elections/voters-guide/2020/candidates/congressional-districts/kina-collins,https://news.wttw.com/elections/voters-guide/2020/candidates/congressional-districts/kina-collins,,2026-09-23T21:52:23.030550+00:00,,data/raw/policy_illinois_7/il07-2020-kina-collins/59fb23ffbaa1c41797f3744b61a36bd544180025f85a1e513055dcfa1726abd5.html,83775f7c2f9171bd37822270742f686b2a0fae73e87d0fde5b818f7befde9b56,49871,timing_unverified,"Original WTTW candidate statement and questionnaire, explicitly identified in the retained text as the March 2020 primary guide. Exact original publication and pre-primary version are unverified; the 2026 retrieval is not backdated. Wayback availability found no pre-primary version for these exact URLs. Claims are the candidates' statements, not independent factual verification.",text/html,,,,,,,e323217d72ca4672f3a7f35b-59fb23ffbaa1,,,,,,,,,,,utf-8,['e323217d72ca4672f3a7f35b-59fb23ffbaa1'],,,,,,"{'election_year': '2020', 'exact_quote': 'You have reached the 2020 Primary Election (March 2020) Voter Guide.', 'source_locator': 'paragraph 54'}",,,,,,,,,,,,,,,,,,,,
il07-2020-kristine-schanbacher,https://news.wttw.com/elections/voters-guide/2020/candidates/congressional-districts/kristine-schanbacher,https://news.wttw.com/elections/voters-guide/2020/candidates/congressional-districts/kristine-schanbacher,,2026-09-23T21:52:23.030632+00:00,,data/raw/policy_illinois_7/il07-2020-kristine-schanbacher/ac124c15e0376ea16c2cb535f6fda4e853daa152bfbce11f51b2d43a7bb7ec11.html,a21dc303c137f2d647e23e7d71da280d80eed5cac22fdb9b141fce4529dfb1f2,51937,timing_unverified,"Original WTTW candidate statement and questionnaire, explicitly identified in the retained text as the March 2020 primary guide. Exact original publication and pre-primary version are unverified; the 2026 retrieval is not backdated. Wayback availability found no pre-primary version for these exact URLs. Claims are the candidates' statements, not independent factual verification.",text/html,,,,,,,577a91497cf47466338b0b15-ac124c15e037,,,,,,,,,,,utf-8,['577a91497cf47466338b0b15-ac124c15e037'],,,,,,"{'election_year': '2020', 'exact_quote': 'You have reached the 2020 Primary Election (March 2020) Voter Guide.', 'source_locator': 'paragraph 54'}",,,,,,,,,,,,,,,,,,,,
ny15-2020-lopez-health,https://indypendent.org/2020/06/samelys-lopez-we-need-public-medicine-for-public-health/,https://indypendent.org/2020/06/samelys-lopez-we-need-public-medicine-for-public-health/,2020-06-18,2026-09-23T22:00:51.283094+00:00,,data/raw/policy_ny15_2020/ny15-2020-lopez-health/f04e586946472ba361305590ff197048ea574c7c85c23ff4596caa02b0a6da39.html,f04e586946472ba361305590ff197048ea574c7c85c23ff4596caa02b0a6da39,79753,used,"Dated pre-primary candidate-authored words, reviewed in their complete answer or authored article. Candidate factual claims are not independently verified.",text/html,,,,,,,a19bc5dd9201ba48d5f97cd3-f04e58694647,,,,,,,,,,,utf-8,['a19bc5dd9201ba48d5f97cd3-f04e58694647'],,,,,,,,,,,,,,,,,,,,,,,,,,
ny15-2020-lopez-housing,https://filtermag.org/samelys-lopez/,https://filtermag.org/samelys-lopez/,2020-06-04,2026-09-23T22:00:51.283401+00:00,,data/raw/policy_ny15_2020/ny15-2020-lopez-housing/1adf18ab137c5c7d47a82454471a34391efea16a389a1fc724ff37836efb2722.html,1adf18ab137c5c7d47a82454471a34391efea16a389a1fc724ff37836efb2722,118462,used,"Dated pre-primary candidate-authored words, reviewed in their complete answer or authored article. Candidate factual claims are not independently verified.",text/html,,,,,,,85404d8adb4d3463b758aa13-1adf18ab137c,,,,,,,,,2020-06-04,,utf-8,['85404d8adb4d3463b758aa13-1adf18ab137c'],,,,,,,,,,,,,,,,,,,,,,,,,,
ny15-2020-torres,https://jimowles.org/news/candidate-answers-to-joldc-ritchie-torres-for-us-congress-ny-15,https://jimowles.org/news/candidate-answers-to-joldc-ritchie-torres-for-us-congress-ny-15,2020-01-14,2026-09-23T08:11:33.868573+00:00,,data/raw/policy_ny15_2020/ny15-2020-torres/0e303e8d81b802700475f734d971bf6ad81d49dcdc452e2086ca714c0d2e8dad.html,0e303e8d81b802700475f734d971bf6ad81d49dcdc452e2086ca714c0d2e8dad,11587,used,"Dated pre-primary candidate-authored words, reviewed in their complete answer or authored article. Candidate factual claims are not independently verified.",text/html,publisher_api_post_body,,,,,,7db4113aef12f2b61b6b460b-0e303e8d81b8,,,,,,,,,2020-02-11,,utf-8,['7db4113aef12f2b61b6b460b-0e303e8d81b8'],,,,,,,,,,,,data/raw/questionnaire_library/joldc/post-5e1e412b8460a6689db40135-a6cd2abeb249188ca995736fd3b47e1008fcf8a41b9f0eb6482ff98537283681.json,data/raw/questionnaire_library/joldc/index-b290ce50ac165856758599808d45277777108be4531b257b06d838da7f062a69.json.gz,4,,a6cd2abeb249188ca995736fd3b47e1008fcf8a41b9f0eb6482ff98537283681,b290ce50ac165856758599808d45277777108be4531b257b06d838da7f062a69,,,,,,,,,
mo01-2022-bush-roberts,https://www.stlpr.org/government-politics-issues/2022-07-28/bush-defends-her-record-in-congress-while-roberts-calls-for-change,https://www.stlpr.org/government-politics-issues/2022-07-28/bush-defends-her-record-in-congress-while-roberts-calls-for-change,2022-07-28,2026-09-23T21:58:54.493578+00:00,,data/raw/policy_missouri_2022/mo01-2022-bush-roberts/377e2d240887b493a9a628f9954b70bb446aaff6a05994f177a1c9a0e411fea4.html,377e2d240887b493a9a628f9954b70bb446aaff6a05994f177a1c9a0e411fea4,228913,used,"Direct candidate quotations in the original STLPR campaign interviews and event reporting, published before the August2 primary. Reporter summaries, supporter statements and allegations against candidates are not substituted for their own policy words.",text/html,,,,,,,,,,,,,,,,2022-07-28,,utf-8,"['b16a0edb3b15a49c2aa4d7d1-377e2d240887', 'e2bf5037ba7666260330dd04-377e2d240887']",,,,,,,,,,,,,,,,,,,,,,,,,,
il08-2022-junaid-ahmed,https://news.wttw.com/elections/voters-guide/2022/Junaid-Ahmed,https://news.wttw.com/elections/voters-guide/2022/Junaid-Ahmed,,2026-09-23T22:06:13.482245+00:00,,data/raw/policy_illinois_2022/il08-2022-junaid-ahmed/d5a8642ab24a90e9a98c5a157b06e796ed61967269d4867174b1da14f896ecaf.html,ec413ade215d72612a289bee9bfe5317d64ac98709cf63bad54d5d03b339df47,53773,timing_unverified,"Candidate-authored WTTW 2022 primary-guide statement and answers. The historical election is printed in the retained body, but exact publication and pre-primary version remain unverified. Current retrieval is not backdated and accusations about other candidates are not independently verified.",text/html,,,,,,,81b3dc785c5e22add0b1db23-d5a8642ab24a,,,,,,,,,,,utf-8,['81b3dc785c5e22add0b1db23-d5a8642ab24a'],,,,,,"{'election_year': '2022', 'exact_quote': '2022 Voter Guide To The Primary Election', 'source_locator': 'paragraphs 51-52'}",,,,,,,,,,,,,,,,,,,,
il08-2022-raja-krishnamoorthi,https://news.wttw.com/elections/voters-guide/2022/Raja-Krishnamoorthi,https://news.wttw.com/elections/voters-guide/2022/Raja-Krishnamoorthi,,2026-09-23T22:06:13.483170+00:00,,data/raw/policy_illinois_2022/il08-2022-raja-krishnamoorthi/dffca4557b079be97f1c256ef04bd4ff7cb87ae80c3822a0a0da3f8263b0edc6.html,229d0d5e7deea753eed4f48be0b6afcdb2895531e44dafb79d7d836594c84bac,50651,timing_unverified,"Candidate-authored WTTW 2022 primary-guide statement and answers. The historical election is printed in the retained body, but exact publication and pre-primary version remain unverified. Current retrieval is not backdated and accusations about other candidates are not independently verified.",text/html,,,,,,,62fbd9c819f436c36973f48d-dffca4557b07,,,,,,,,,,,utf-8,['62fbd9c819f436c36973f48d-dffca4557b07'],,,,,,"{'election_year': '2022', 'exact_quote': '2022 Voter Guide To The Primary Election', 'source_locator': 'paragraphs 51-52'}",,,,,,,,,,,,,,,,,,,,
md05-2024-lwv,https://assets.nationbuilder.com/lwvmaryland/pages/525/attachments/original/1712663421/AACPrimaryVG2024_website_4-8-24comp.pdf?1712663421=,https://assets.nationbuilder.com/lwvmaryland/pages/525/attachments/original/1712663421/AACPrimaryVG2024_website_4-8-24comp.pdf?1712663421=,,2026-09-23T22:11:52.653903+00:00,,data/raw/policy_maryland_2024/md05-2024-lwv/b4fe14287eb29d30e858d6fe4a979ebfe9c844b72bbd4d8892378d53e24ad9d4.pdf,b4fe14287eb29d30e858d6fe4a979ebfe9c844b72bbd4d8892378d53e24ad9d4,669374,timing_unverified,"Candidate-submitted answers in the LWV Anne Arundel 2024 primary guide. The guide says responses are printed as submitted with a 500-character limit and a March15 submission deadline. That deadline is not asserted as the publication date; exact publication/version timing remains qualified. PDF page numbers differ from printed page numbers by two. Each quote is scoped to the named candidate's page, not a neighboring candidate.",application/pdf,,,,,,,,,,,,,,,,,,utf-8,"['2b5f61b37d51dadb43787f5e-b4fe14287eb2', 'c2615d00ecb228b181e525c1-b4fe14287eb2', '165b1ad5f4e2d4e1142cfb32-b4fe14287eb2']",,,,,,"{'election_year': '2024', 'exact_quote': 'VOTERS’ GUIDE 2024 PRESIDENTIAL PRIMARY ELECTION', 'source_locator': 'PDF page 1 / paragraph 1'}",,,,,,,,,,,,,,,,,,,,
ny16-2020-bowman,https://patch.com/new-york/bronxville/jamaal-bowman-candidate-ny-congressional-district-16,https://patch.com/new-york/bronxville/jamaal-bowman-candidate-ny-congressional-district-16,2020-06-18,2026-09-23T22:17:50.388359+00:00,,data/raw/policy_ny16_2020/ny16-2020-bowman/232bf08cddd9f673e840fe3547052fff970892668b0d237dc8077f27c811c8d9.html,5df1f3e767a042467ab2e47a79b1fa407d89ae9f3d64adbc8c67844bad621c49,305549,used,"Candidate's own answers in original Patch profiles published and last modified before the June23 primary. Reporter introductions, subscription prompts, endorsement lists and allegations about opponents are not adopted as independently verified findings.",text/html,,,,,,,8814f58cdfdf79c4b2c6b2dd-232bf08cddd9,,,,,,,,,2020-06-18,,utf-8,['8814f58cdfdf79c4b2c6b2dd-232bf08cddd9'],,,,,,,,,,,,,,,,,,,,,,,,,,
ny16-2020-engel,https://patch.com/new-york/newrochelle/eliot-engel-candidate-ny-congressional-district-16,https://patch.com/new-york/newrochelle/eliot-engel-candidate-ny-congressional-district-16,2020-06-09,2026-09-23T22:17:50.388958+00:00,,data/raw/policy_ny16_2020/ny16-2020-engel/490a59b18dce1e021e31621d80143005a5b5f748a7c49ccea02d72f03b9828d9.html,b7af4d07a742a97abf8a7092952c01b19325613ef84617d4adf2ff625c2b672a,341462,used,"Candidate's own answers in original Patch profiles published and last modified before the June23 primary. Reporter introductions, subscription prompts, endorsement lists and allegations about opponents are not adopted as independently verified findings.",text/html,,,,,,,dea6b7856c79af8efa3a6cd4-490a59b18dce,,,,,,,,,2020-06-09,,utf-8,['dea6b7856c79af8efa3a6cd4-490a59b18dce'],,,,,,,,,,,,,,,,,,,,,,,,,,
ny16-2020-fink,https://patch.com/new-york/pelham/2020-candidate-profile-chris-fink-16th-cd,https://patch.com/new-york/pelham/2020-candidate-profile-chris-fink-16th-cd,2020-06-16,2026-09-23T22:17:50.389049+00:00,,data/raw/policy_ny16_2020/ny16-2020-fink/e9ecfa3f7af530aa27ae7f6d4f68bdbbbbd0bd45ecfc1bb21dcfb27a63825678.html,fa567364d81e9a33bb31ce98a9db02b229f514684e49d866362300a5b6245365,305664,used,"Candidate's own answers in original Patch profiles published and last modified before the June23 primary. Reporter introductions, subscription prompts, endorsement lists and allegations about opponents are not adopted as independently verified findings.",text/html,,,,,,,3a1e30c5845425ddd41bbae3-e9ecfa3f7af5,,,,,,,,,2020-06-16,,utf-8,['3a1e30c5845425ddd41bbae3-e9ecfa3f7af5'],,,,,,,,,,,,,,,,,,,,,,,,,,
ny16-2020-ravelo,https://patch.com/new-york/newrochelle/sammy-ravelo-candidate-ny-congressional-district-16,https://patch.com/new-york/newrochelle/sammy-ravelo-candidate-ny-congressional-district-16,2020-06-02,2026-09-23T22:17:50.389133+00:00,,data/raw/policy_ny16_2020/ny16-2020-ravelo/a17579725aea99209d06528d65ba590e9a424d01ba3acaebb2c4a84dbf9f0d75.html,d6332910288fcb0b18a25c19484fa377709e4c8c4918ed89af015ea75f733915,337153,used,"Candidate's own answers in original Patch profiles published and last modified before the June23 primary. Reporter introductions, subscription prompts, endorsement lists and allegations about opponents are not adopted as independently verified findings.",text/html,,,,,,,f775cda6aa3e156470715d6a-a17579725aea,,,,,,,,,2020-06-02,,utf-8,['f775cda6aa3e156470715d6a-a17579725aea'],,,,,,,,,,,,,,,,,,,,,,,,,,
dc04-2020-george,https://www.petworthnews.org/blog/george-candidate-responses,https://www.petworthnews.org/blog/george-candidate-responses,2020-05-15,2026-08-19T23:41:17.415975+00:00,,data/raw/policy_local_followup/dc04-2020-george/7d5fd77858e52e99552a6ee445526afda0c680f99d251ca2286bd42d00f22da8.html,7ae9bb5934fddb601555ca18fc30afafa6383733fc32d21b422a7eb9bb72bacd,306376,used,"Candidate-authored questionnaire responses, read in full answer context. Original publication and revision dates precede the primary. Assertions about accomplishments, opponents or policy effects remain attributed statements, not independent factual findings.",text/html,,,,,,,0c0a59925ee9c767b74ecec0-7d5fd77858e5,,,,,,,,,2020-05-15,,utf-8,['0c0a59925ee9c767b74ecec0-7d5fd77858e5'],962aeff0cf0c913bfefa7511,,,,,,,,,,,,,,,,,,,,,,,,,
dc04-2020-todd,https://www.petworthnews.org/blog/todd-candidate-responses,https://www.petworthnews.org/blog/todd-candidate-responses,2020-05-15,2026-08-19T23:50:14.330373+00:00,,data/raw/policy_local_followup/dc04-2020-todd/642fce9393b295de4b2109235578ccfad7cf985ac757f7e10d19790a490dc84d.html,236b46ebf84817893a8145239cdf3ee3597fe6e90007901b4bf6e1f2f0bca1ab,304578,used,"Candidate-authored questionnaire responses, read in full answer context. Original publication and revision dates precede the primary. Assertions about accomplishments, opponents or policy effects remain attributed statements, not independent factual findings.",text/html,,,,,,,4b0e1acfcde11196014986f0-642fce9393b2,,,,,,,,,2020-05-15,,utf-8,['4b0e1acfcde11196014986f0-642fce9393b2'],afedfb1bc898210ce7edf9be,,,,,,,,,,,,,,,,,,,,,,,,,
dc04-2020-edwards,https://www.petworthnews.org/blog/edwards-candidate-responses,https://www.petworthnews.org/blog/edwards-candidate-responses,2020-05-15,2026-09-23T22:25:39.442542+00:00,,data/raw/policy_local_followup/dc04-2020-edwards/63cc69d92ade15f56f3ff5c6506a2a2b6e7569cc68980642499c86f1533464b6.html,194305b5992db033fcd51a799766061b5cd61129b0b533e8a4d7f7330ae7cabe,297299,used,"Candidate-authored questionnaire responses, read in full answer context. Original publication and revision dates precede the primary. Assertions about accomplishments, opponents or policy effects remain attributed statements, not independent factual findings.",text/html,,,,,,,a170cb39154e3cbef5a01443-63cc69d92ade,,,,,,,,,2020-05-15,,utf-8,['a170cb39154e3cbef5a01443-63cc69d92ade'],,,,,,,,,,,,,,,,,,,,,,,,,,
ny21-2022-alexis,https://jimowles.org/news/candidate-answers-to-joldc-david-alexis-for-ny-senate-district-21-2022,https://jimowles.org/news/candidate-answers-to-joldc-david-alexis-for-ny-senate-district-21-2022,2022-02-09,2026-09-23T08:11:17.145856+00:00,,data/raw/policy_local_followup/ny21-2022-alexis/5f01bc90ef142519d314b98cd63f79e5d3f5702861d716f26427507bb96449b3.html,5f01bc90ef142519d314b98cd63f79e5d3f5702861d716f26427507bb96449b3,38224,used,"Candidate-authored questionnaire responses, read in full answer context. Original publication and revision dates precede the primary. Assertions about accomplishments, opponents or policy effects remain attributed statements, not independent factual findings.",text/html,publisher_api_post_body,,,,,,25c13421eff85cac96464a1b-5f01bc90ef14,,,,,,,,,2022-02-25,,utf-8,['25c13421eff85cac96464a1b-5f01bc90ef14'],,,,,,,,,,,,data/raw/questionnaire_library/joldc/post-6203e73ca7e74927c9633597-2c343dc4de59df60fa92fcc1e10aa91eae5ecef733429061080eccc77392013b.json,data/raw/questionnaire_library/joldc/index-5cfd6675657f6f2738c46fb42807ce4d3c072bccabcd7b85bcb7a3c27ea9dad7.json.gz,8,,2c343dc4de59df60fa92fcc1e10aa91eae5ecef733429061080eccc77392013b,5cfd6675657f6f2738c46fb42807ce4d3c072bccabcd7b85bcb7a3c27ea9dad7,,,,,,,,,
ny21-2022-mays,https://jimowles.org/news/candidate-answers-to-joldc-kaegan-mays-williams-for-ny-senate-district-21-2022,https://jimowles.org/news/candidate-answers-to-joldc-kaegan-mays-williams-for-ny-senate-district-21-2022,2022-02-24,2026-09-23T08:11:15.115209+00:00,,data/raw/policy_local_followup/ny21-2022-mays/4aa6f7d7f30a53e1969c80991e51d6170cf1283abe22d837686b49e791f3df4c.html,4aa6f7d7f30a53e1969c80991e51d6170cf1283abe22d837686b49e791f3df4c,25849,used,"Candidate-authored questionnaire responses, read in full answer context. Original publication and revision dates precede the primary. Assertions about accomplishments, opponents or policy effects remain attributed statements, not independent factual findings.",text/html,publisher_api_post_body,,,,,,9a3c8645498897cb0717f96d-4aa6f7d7f30a,,,,,,,,,2022-02-25,,utf-8,['9a3c8645498897cb0717f96d-4aa6f7d7f30a'],,,,,,,,,,,,data/raw/questionnaire_library/joldc/post-62185ac4c91c6e7de204047d-94e97d451f74a754c00b240deaf925a2224786a010a4ce1da9c856acdc18a73a.json,data/raw/questionnaire_library/joldc/index-34ff81a7a91dfb0f21bfb3d45a2fdf6aeb599e509a95a4ed9021bba6c1e70d76.json.gz,15,,94e97d451f74a754c00b240deaf925a2224786a010a4ce1da9c856acdc18a73a,34ff81a7a91dfb0f21bfb3d45a2fdf6aeb599e509a95a4ed9021bba6c1e70d76,,,,,,,,,
ma20-sharp,https://www.progressivemass.com/wp-content/uploads/2021/03/2020_House_Catia-Sharp.pdf,https://www.progressivemass.com/wp-content/uploads/2021/03/2020_House_Catia-Sharp.pdf,,2026-09-23T22:42:27.660474+00:00,,data/raw/policy_questionnaire_round_2/ma20-sharp/cf71559b744c485d435b882b8173f3a691707c90317370e65ea40fb8a83cb19f.pdf,cf71559b744c485d435b882b8173f3a691707c90317370e65ea40fb8a83cb19f,1029886,timing_unverified,"The candidate dates this 2020 questionnaire May10,2020 on PDF page1. The retained publisher mirror uses a later upload path; the date written on the response is not misrepresented as a verified public-release date. Candidate answers have the CS prefix; publisher issue primers are not her words.",application/pdf,,,,,,,b95e747dfad27aaa8a4adbdb-cf71559b744c,,,,,,,,,,,utf-8,['b95e747dfad27aaa8a4adbdb-cf71559b744c'],,,,,,"{'election_year': '2020', 'exact_quote': '2020 LEGISLATIVE ENDORSEMENT QUESTIONNAIRE', 'source_locator': 'paragraph 1 / PDF page 1'}",,,,,,,,,,,,,,,,,,,,
ma20-uyterhoeven,https://www.progressivemass.com/wp-content/uploads/2021/03/2020_House_Erika-Uyterhoeven.pdf,https://www.progressivemass.com/wp-content/uploads/2021/03/2020_House_Erika-Uyterhoeven.pdf,,2026-09-23T22:42:27.661088+00:00,,data/raw/policy_questionnaire_round_2/ma20-uyterhoeven/2cff20425e1ec5a6aeab36f02d9119981a4fab8a7f23a14776fd02e8fa4436f3.pdf,2cff20425e1ec5a6aeab36f02d9119981a4fab8a7f23a14776fd02e8fa4436f3,1024322,timing_unverified,"The candidate dates this 2020 questionnaire May10,2020 on PDF page1. First public-release timing remains unverified in the later publisher mirror. Candidate answers use the EU prefix; publisher issue primers are not her words.",application/pdf,,,,,,,0e50f7659f0b753936789a07-2cff20425e1e,,,,,,,,,,,utf-8,['0e50f7659f0b753936789a07-2cff20425e1e'],,,,,,"{'election_year': '2020', 'exact_quote': '2020 LEGISLATIVE ENDORSEMENT QUESTIONNAIRE', 'source_locator': 'paragraph 1 / PDF page 1'}",,,,,,,,,,,,,,,,,,,,
ma20-barber,https://www.progressivemass.com/wp-content/uploads/2021/03/2020_House_Christine-Barber.pdf,https://www.progressivemass.com/wp-content/uploads/2021/03/2020_House_Christine-Barber.pdf,,2026-09-23T22:42:27.661308+00:00,,data/raw/policy_questionnaire_round_2/ma20-barber/4128f531c6a1a848a81eb39d1f7e24ac289c14d6a353b600e4f3b09dd949a370.pdf,4128f531c6a1a848a81eb39d1f7e24ac289c14d6a353b600e4f3b09dd949a370,1027919,timing_unverified,"The candidate dates this questionnaire May16,2020 on PDF page1. The response date is preserved as a document fact, not asserted as the first public-release day. Candidate answers use the CB prefix; publisher questions and primers are excluded.",application/pdf,,,,,,,2f8db49f0180016a6f2d1c81-4128f531c6a1,,,,,,,,,,,utf-8,['2f8db49f0180016a6f2d1c81-4128f531c6a1'],,,,,,"{'election_year': '2020', 'exact_quote': '2020 LEGISLATIVE ENDORSEMENT QUESTIONNAIRE', 'source_locator': 'paragraph 1 / PDF page 1'}",,,,,,,,,,,,,,,,,,,,
ma20-callahan,https://www.progressivemass.com/wp-content/uploads/2021/03/2020_House_Anna-Callahan.pdf,https://www.progressivemass.com/wp-content/uploads/2021/03/2020_House_Anna-Callahan.pdf,,2026-09-23T22:42:27.661459+00:00,,data/raw/policy_questionnaire_round_2/ma20-callahan/41c66c88eceb079653b17295d39bc30ec20ec5569b964195c4f5c0a2c9bda93c.pdf,41c66c88eceb079653b17295d39bc30ec20ec5569b964195c4f5c0a2c9bda93c,1041008,timing_unverified,"The candidate dates this questionnaire May16,2020 on PDF page1. First public-release timing remains unverified in the later publisher mirror. Candidate answers use the AC prefix; publisher questions and primers are excluded.",application/pdf,,,,,,,f6044b5840d66b271a8d9ac1-41c66c88eceb,,,,,,,,,,,utf-8,['f6044b5840d66b271a8d9ac1-41c66c88eceb'],,,,,,"{'election_year': '2020', 'exact_quote': '2020 LEGISLATIVE ENDORSEMENT QUESTIONNAIRE', 'source_locator': 'paragraph 1 / PDF page 1'}",,,,,,,,,,,,,,,,,,,,
pa20-saval,https://phila2ndward.org/candidates/nikil-saval-qna/,https://phila2ndward.org/candidates/nikil-saval-qna/,2020-04-22,2026-09-23T22:42:32.650588+00:00,,data/raw/policy_questionnaire_round_2/pa20-saval/174716f99dd61abb06af909da185fd01e324f5fd569bb2c5449eac5e029a3920.html,250d47f8bbd05f9a669c0f4a5986a6faefd52756f6ca193b2bedcca5edd4ff89,131260,timing_unverified,Publisher JSON-LD gives an original2020 publication timestamp and a2024 modification. Both are retained and verified against the same WebPage node. The current body is therefore timing-qualified rather than claimed to be an unchanged pre-primary version.,text/html,,,,,,,86a9a166dd324e24a34d081c-174716f99dd6,,,,,,,,,2024-01-16,"{'format': 'json_ld', 'node_id': 'https://phila2ndward.org/candidates/nikil-saval-qna/'}",utf-8,['86a9a166dd324e24a34d081c-174716f99dd6'],,,,,,,,,,,,,,,,,,,,,,,,,,
pa20-farnese,https://phila2ndward.org/candidates/larry-farnese-qna/,https://phila2ndward.org/candidates/larry-farnese-qna/,2020-04-22,2026-09-23T22:42:32.651194+00:00,,data/raw/policy_questionnaire_round_2/pa20-farnese/b7c0d615d4cfec1d2f0d2e7de1f6810092b5de1a7bf8b48e30f188c4990b4f18.html,e91ec1732103ead323e26bdbb7408244669ec17c78ef8a7138156a1c38f7b39f,139635,used,Publisher JSON-LD identifies this candidate response page and supplies original publication and revision timestamps before the June2020 primary. Candidate answers are distinct from the committee's questions; assertions about achievements are not independently audited.,text/html,,,,,,,89d25866c26e20129c027feb-b7c0d615d4cf,,,,,,,,,2020-04-26,"{'format': 'json_ld', 'node_id': 'https://phila2ndward.org/candidates/larry-farnese-qna/'}",utf-8,['89d25866c26e20129c027feb-b7c0d615d4cf'],,,,,,,,,,,,,,,,,,,,,,,,,,
md22-socol-questionnaire,https://mdcdsa.org/wp-content/uploads/2021/10/Max-Socol-DSA-Endorsement-Questionnaire.pdf,https://mdcdsa.org/wp-content/uploads/2021/10/Max-Socol-DSA-Endorsement-Questionnaire.pdf,,2026-08-19T23:29:51.494128+00:00,,data/raw/policy_maryland_2022/md22-socol-questionnaire/08e0d974550542c392dc84ce55bf63723e20d0e419db004d92a2b16256f91011.pdf,08e0d974550542c392dc84ce55bf63723e20d0e419db004d92a2b16256f91011,148519,used,"The original PDF has no standalone publication day. A retained chapter release dated2021-11-26 links this exact PDF and has no later-day revision; that supplies a verified availability bound, not an invented PDF publication date. Organizational prompts and allegations against the opponent are not treated as candidate policy commitments.",application/pdf,,,,,,,fad33b073bd5eda9c1e9b67f-08e0d9745505,,,,,,,,,,,utf-8,['fad33b073bd5eda9c1e9b67f-08e0d9745505'],,,,,,,,,,,,,,,,,,2021-11-26,"{'document_id': 'socol-release-2021', 'source_locator': 'Max Socol questionnaire link in the electoral endorsement briefing', 'publication_date_marker': '""datePublished"":""2021-11-26T01:30:17+00:00""'}",,,,,,,
socol-release-2021,https://mdcdsa.org/chapterupdate/21-11-26/,https://mdcdsa.org/chapterupdate/21-11-26/,2021-11-26,2026-09-23T23:25:11.926334+00:00,,data/raw/policy_maryland_2022/socol-release-2021/3f5bf813b8870d228ed57071f07f2f3f03258777b91ae16522d688449ac7a47d.html,a962fd251d57aa4782db9d9b1e24ded5dbe97f5cac82b1b114b34db7f969d56e,238699,identity_only,"Dated publisher release linking the exact candidate questionnaire. Used only as availability evidence, not as candidate policy speech.",text/html,,,,,,,,,,,,,,,,2021-11-26,,utf-8,,,,,,,,,,,,,,,,,,,,,,,,,,,
md22-forum,https://marylandmatters.org/2022/06/14/at-forum-waldstreichers-foe-throws-a-few-jabs-but-incumbent-ignores-him/,https://marylandmatters.org/2022/06/14/at-forum-waldstreichers-foe-throws-a-few-jabs-but-incumbent-ignores-him/,2022-06-14,2026-09-23T23:33:48.808629+00:00,,data/raw/policy_maryland_2022/md22-forum/412af718cf3139961b8121cfd16950971186138a6cca0f7d961ff33ee05a4422.html,9fac64e92d2b6d332c97d916f819eb5697844a2f31a0506ed28d8cc174759942,166990,used,"Actual candidate words, not an organization's characterization of another candidate. Statements about records and policy effects are attributed rather than independently verified.",text/html,,,,,,,,,,,,,,,,,,utf-8,"['ba4a8661bf386789c3a817e3-412af718cf31', 'd847fe9019305a4e5f1ddffb-412af718cf31']",,,,,,,,,,,,,,,,,,,,,,,,,,
tx20-chronicle-reform,https://www.austinchronicle.com/news/how-much-reform-is-enough-in-the-travis-county-district-attorney-race-11675308/,https://www.austinchronicle.com/news/how-much-reform-is-enough-in-the-travis-county-district-attorney-race-11675308/,2019-08-22,2026-09-23T23:24:35.088209+00:00,,data/raw/policy_texas_da_2020/tx20-chronicle-reform/97e0ec875c427ca118ccabbe0ea1d070e2850de807f7e1cf19a0247235bf6ed4.html,91a60a5b5702e64e7e9131f69d2f54a060a012c36df4405b1cfa616caf484771,287466,timing_unverified,"Original interviews published during the2020 primary campaign, with a later2025 publisher modification explicitly retained. Only direct candidate quotations are attributed. Missing original PDF attachments are not reconstructed from the journalist's policy summary; the present article version remains timing-qualified.",text/html,,,,,,,,,,,,,,,,2025-09-30,"{'format': 'json_ld', 'node_id': 'https://www.austinchronicle.com/news/how-much-reform-is-enough-in-the-travis-county-district-attorney-race-11675308/'}",utf-8,"['cd289eceaf8694a3c2c144bb-97e0ec875c42', 'b53b752b8a4e7b97c3c43c05-97e0ec875c42', '86d3688c9da4b5a1a0576eea-97e0ec875c42']",,,,,,,,,,,,,,,,,,,,,,,,,,
tx24-common,https://communityimpact.com/austin/south-central-austin/election/2024/02/05/qa-meet-the-democratic-candidates-running-for-travis-county-district-attorney/,https://communityimpact.com/south-central-austin/election/qa-meet-the-democratic-candidates-running-for-travis-county-district-attorney/,2024-02-05,2026-09-23T23:42:52.296729+00:00,,data/raw/policy_questionnaire_round_3/tx24-common/4453eba5ad0151666ce026524b5ef8aa09c185bace6f733ba997934d5c6552ed.html,4453eba5ad0151666ce026524b5ef8aa09c185bace6f733ba997934d5c6552ed,279595,used,"Original Community Impact common-question responses, published February5 and updated February8 before the March5 primary. The publisher requested answers under50 words. These short responses are not exhaustive platforms or independent audits of prosecutorial performance.",text/html,,,,,,,,,,,,,,,,2024-02-08,,utf-8,"['dc175195c2c93b1009f3d51f-4453eba5ad01', '5ece328d9c55144ac21ecb31-4453eba5ad01']",,,,,,,,,,,,,,,,,,,,,,,,,,
ny22-lid-april,https://lidbk.com/candidate-responses-2022-meeting-april-21st,https://lidbk.com/candidate-responses-2022-meeting-april-21st,,2026-09-23T23:49:16.224684+00:00,,data/raw/policy_questionnaire_round_3/ny22-lid-april/2e8d8388bb1d596717d50ae69971737d944761db5bca2ac81b802b7b904d2efa.html,3cb1ab70087bba9b6e76ce35a02f89edef958cda3a15d0cbee9383ce05f0f8f8,313438,timing_unverified,"Candidate answers on the publisher's April2022 meeting page. The retained body identifies the2022 questionnaire and2021-2022 legislative session, but an unchanged pre-primary publication version is unverified. Short affirmative answers are scoped to their precise question and candidate block.",text/html,,,,,,,,,,,,,,,,,,utf-8,"['705b3c247248c49a07842fb5-2e8d8388bb1d', '241880141269181db4d1464e-2e8d8388bb1d']",,,,,,"{'election_year': '2022', 'exact_quote': '2022 LID Questionnaire Response', 'source_locator': 'candidate questionnaire headings at paragraphs 234 and 278'}",,,,,,,,,,,,,,,,,,,,
pa23-city7,https://www.wesanews.org/wesa-voter-guide/2023-04-18/pittsburgh-city-council-district-7-botta-gross,https://www.wesanews.org/wesa-voter-guide/2023-04-18/pittsburgh-city-council-district-7-botta-gross,2023-04-18,2026-09-24T00:09:44.181351+00:00,,data/raw/policy_pending_recovery/pending-aea2b2b791f3402ff11ba096/2cf0d9d82a48907b4e82fb87f1bfd8ef9b8cbb83bee4d6fd38cb13febce813da.html,2cf0d9d82a48907b4e82fb87f1bfd8ef9b8cbb83bee4d6fd38cb13febce813da,183501,used,"Named candidate answers to a common publisher questionnaire. Publication and recorded revision dates precede the primary. Candidate statistics, records and forecasts remain attributed claims, not independent findings.",text/html,,,,,,,,,,,,,,,,2023-04-18,,utf-8,"['595c60d69ae4416a1e9b1cd9-2cf0d9d82a48', '9de5ac167261e55fe6ff372e-2cf0d9d82a48']",,,,,,,,,,,,,,,,,,,,pending-aea2b2b791f3402ff11ba096,,,,,,
pa23-county11,https://www.wesanews.org/wesa-voter-guide/2023-04-18/allegheny-county-council-district-11-klein-mcdermott,https://www.wesanews.org/wesa-voter-guide/2023-04-18/allegheny-county-council-district-11-klein-mcdermott,2023-04-18,2026-09-24T00:09:45.346023+00:00,,data/raw/policy_pending_recovery/pending-5913315eb3a450cc48c2856e/a27f73cd75f8f95cce5dd1078944baf3c463e9d657ed67c4fbf147663c3b2dbe.html,a27f73cd75f8f95cce5dd1078944baf3c463e9d657ed67c4fbf147663c3b2dbe,183684,used,"Named candidate answers to a common publisher questionnaire. Publication and recorded revision dates precede the primary. Candidate statistics, records and forecasts remain attributed claims, not independent findings.",text/html,,,,,,,,,,,,,,,,2023-04-18,,utf-8,"['f1bd326629f3dfb404231a9f-a27f73cd75f8', '5ee7b9f3e0165b375549eedc-a27f73cd75f8']",,,,,,,,,,,,,,,,,,,,pending-5913315eb3a450cc48c2856e,,,,,,
wi26-madison,https://madison.citycast.fm/madison-explained/madison-democrat-candidates-assembly-district-76,https://madison.citycast.fm/madison-explained/madison-democrat-candidates-assembly-district-76,2026-08-10,2026-09-24T00:09:43.801143+00:00,,data/raw/policy_pending_recovery/pending-084a231896b187a6e2e7db44/f48d46d0de30e8b74c90e107669b1237143e46f6b5705425ea36b7868986f91d.html,0097c8bddd6f7e971176732de0865e10e350e23974f3bd22325bcd7cb1e0dd4b,541975,used,"Named candidate answers to a common publisher questionnaire. Publication and recorded revision dates precede the primary. Candidate statistics, records and forecasts remain attributed claims, not independent findings.",text/html,,,,,,,,,,,,,,,,2026-08-10,,utf-8,"['a72963ce6d844b3e6f35e25e-f48d46d0de30', '6031730026f233c29be6113e-f48d46d0de30', 'af673d86cb0b43383d5bf36f-f48d46d0de30', 'b61b1a93cca418db4a972a43-f48d46d0de30', '3a0534205fa76eca2bfdabc1-f48d46d0de30']",,,,,,,,,,,,,,,,,,,,pending-084a231896b187a6e2e7db44,,,,,,
ma16-somerville,https://www.thesomervilletimes.com/archives/70059,https://www.thesomervilletimes.com/archives/70059,2016-09-01,2026-09-24T00:09:42.660086+00:00,,data/raw/policy_pending_recovery/pending-a8a9a8c55aa78833e02cc664/f73ef4a495b9840d261e58777a72c155d2c3cd7550673e95ba1da94427ec5f80.html,f73ef4a495b9840d261e58777a72c155d2c3cd7550673e95ba1da94427ec5f80,84828,used,"Direct candidate words, read with the surrounding answer or attribution. Reporter summaries, other speakers, performance claims and legal or fiscal assertions are not silently substituted for verified candidate commitments.",text/html,,,,,,,,,,,,,,,,,,utf-8,"['bf78587c0156601ba02c892f-f73ef4a495b9', '841ec638f585ce3ef730c046-f73ef4a495b9']",,,,,,,,,,,,,,,,,,,,pending-a8a9a8c55aa78833e02cc664,,,,,,
az25-ward6,https://azluminaria.org/2025/07/10/tucson-ward-6-city-council-election-2025/,https://azluminaria.org/2025/07/10/tucson-ward-6-city-council-election-2025/,2025-07-10,2026-09-24T00:09:45.742620+00:00,,data/raw/policy_pending_recovery/pending-1d2172e07ad1fa7306b68edb/b0cb66cbf38d5cc99cafbd64c0d1fd5b9b3115320934421cfd4bd26c386f5c5a.html,a7ee8d5aeba35bcfe33c72ed72a0942eaee8555ca319e2ec5592b991635ed099,272452,used,"Direct candidate words, read with the surrounding answer or attribution. Reporter summaries, other speakers, performance claims and legal or fiscal assertions are not silently substituted for verified candidate commitments.",text/html,,,,,,,,,,,,,,,,2025-07-22,,utf-8,"['edbb9bcc48983fc1ad432a7b-b0cb66cbf38d', '667c3e640cf17968fcc321fb-b0cb66cbf38d', '9f35ad3583374a581e28a234-b0cb66cbf38d']",,,,,,,,,,,,,,,,,,,,pending-1d2172e07ad1fa7306b68edb,,,,,,
az24-rta-quote,https://azluminaria.org/2024/12/26/should-the-rta-tax-be-extended-3-residents-share-their-transit-visions-for-pima-county/,https://azluminaria.org/2024/12/26/should-the-rta-tax-be-extended-3-residents-share-their-transit-visions-for-pima-county/,2024-12-26,2026-09-24T02:11:18.456949+00:00,,data/raw/policy_recovered_batch_2/az24-rta-quote/a754bf3e0a147ad19b7b82657643487932127d2d510e151f7b1f033d7d575dae.html,66d59b30c1f0a50563b5fea9953591f226dd15b9c9fe44ddd946660824b52ea7,231204,used,The accessible publisher reproduces a direct quotation from Schubert's signed Arizona Daily Star op-ed and links the original. This records her December2024 position on the then-current RTA draft. It is not projected onto every later revision of that plan.,text/html,,,,,,,585185f475c37e3382c4b684-a754bf3e0a14,,,,,,,,,2024-12-30,,utf-8,['585185f475c37e3382c4b684-a754bf3e0a14'],,,,,,,,,,,,,,,,,,,,,,,,,,
or26-house7,https://www.klcc.org/politics-government/2026-04-16/democrats-compete-to-replace-springfields-john-lively-in-oregon-legislature,https://www.klcc.org/politics-government/2026-04-16/democrats-compete-to-replace-springfields-john-lively-in-oregon-legislature,2026-04-16,2026-09-24T00:09:42.659588+00:00,,data/raw/policy_pending_recovery/pending-4ccf6e6193e316b66a54bf4a/cb5fbf6ed697c9cdd2485c4d703ec3a7ef9a72c49ed22cb7cbac8fb12786a0ef.html,cb5fbf6ed697c9cdd2485c4d703ec3a7ef9a72c49ed22cb7cbac8fb12786a0ef,163813,used,"Direct candidate words, read with the surrounding answer or attribution. Reporter summaries, other speakers, performance claims and legal or fiscal assertions are not silently substituted for verified candidate commitments.",text/html,,,,,,,,,,,,,,,,2026-05-05,,utf-8,"['263fce8f5bfbbc4cf481664c-cb5fbf6ed697', 'a068477c965561d0cc5bb478-cb5fbf6ed697', '719071d8b14e2cafad4f6483-cb5fbf6ed697']",,,,,,,,,,,,,,,,,,,,pending-4ccf6e6193e316b66a54bf4a,,,,,,
va19-forum,https://ggwash.org/view/72118/virginias-35th-district-candidates-argue-about-dominion-energy-and-only-a-little-about-housing,https://ggwash.org/view/72118/virginias-35th-district-candidates-argue-about-dominion-energy-and-only-a-little-about-housing,2019-05-15,2026-09-24T02:11:18.456593+00:00,,data/raw/policy_recovered_batch_2/va19-forum/7afbca80fd84b131649fdbf80e253e0add0d13ac289c066ecca3b523ef501629.html,7afbca80fd84b131649fdbf80e253e0add0d13ac289c066ecca3b523ef501629,25650,used,"Direct candidate words, read with the surrounding answer or attribution. Reporter summaries, other speakers, performance claims and legal or fiscal assertions are not silently substituted for verified candidate commitments.",text/html,,,,,,,6a756cbb45282bfb1424c86f-7afbca80fd84,,,,,,,,,,,utf-8,['6a756cbb45282bfb1424c86f-7afbca80fd84'],,,,,,,,,,,,,,,,,,,,,,,,,,
va19-questionnaire,https://ggwash.org/view/72115/senator-dick-saslaw-defends-his-record-and-talks-about-the-future-of-northern-virginia,https://ggwash.org/view/72115/senator-dick-saslaw-defends-his-record-and-talks-about-the-future-of-northern-virginia,2019-05-24,2026-09-24T00:09:43.814160+00:00,,data/raw/policy_pending_recovery/pending-61fedffcabe98d64ea2009f2/fa3f82d07c5bf65aa5ff3eeb504fdaa9223f3a09197b088adf5f98b762213170.html,fa3f82d07c5bf65aa5ff3eeb504fdaa9223f3a09197b088adf5f98b762213170,34820,timing_unverified,"Original publication is dated May24,2019. An explicit publisher notice says additional candidate answers were added later without giving a revision day. Preserve the known first date but do not certify the current combined version as unchanged before the primary.",text/html,,,,,,,,,,,,,,,,,,utf-8,"['01abc1fd36ca7022ae119983-fa3f82d07c5b', 'fa785be60d7444d8bcc1bfa5-fa3f82d07c5b']",,,,,,,,,,,,,,,,,,,,pending-61fedffcabe98d64ea2009f2,"{'source_locator': 'paragraph 76', 'exact_quote': 'Update: Karen Torrent, who had not seen our previous messages, sent in her responses after this article first ran. They are now included.'}",,,,,
va19-taeb-jobs,https://yasmineforvirginia.com/issues/jobs,https://web.archive.org/web/20190513201904id_/https://yasmineforvirginia.com/issues/jobs/,,2026-08-19T23:25:54.096878+00:00,,data/raw/policy_recovered_batch_2/va19-taeb-jobs/ee0511a3908a600eced23a9818b3c8fbeca933ade79a96bd5276c5d4b34a0714.html,ee0511a3908a600eced23a9818b3c8fbeca933ade79a96bd5276c5d4b34a0714,33935,used,Actual pre-primary Wayback replay of the candidate's own jobs page. The capture date establishes availability; unknown original publication is not replaced by the archive timestamp.,text/html,,,,,,,907f205a0dd5607fad8c51ea-ee0511a3908a,,,,,,,,,,,utf-8,['907f205a0dd5607fad8c51ea-ee0511a3908a'],a7540543a42905a08098d8a5,,,,,,,,,,,,,,,,,,,,,,,,,
va19-taeb-environment,https://yasmineforvirginia.com/issues/environment,https://web.archive.org/web/20190502130923id_/https://yasmineforvirginia.com/issues/environment/,,2026-08-19T23:25:45.903767+00:00,,data/raw/policy_recovered_batch_2/va19-taeb-environment/d6a9e53fa5dfea1ea88d486cf9c417cdd4eab8f56025d4942c1e0fb1a5331598.html,d6a9e53fa5dfea1ea88d486cf9c417cdd4eab8f56025d4942c1e0fb1a5331598,34305,used,Actual pre-primary Wayback replay of the candidate's own environmental platform. Original publication day remains unknown; the real replay date provides the availability evidence.,text/html,,,,,,,a9cb12e27a91ae5050a4a6cc-d6a9e53fa5df,,,,,,,,,,,utf-8,['a9cb12e27a91ae5050a4a6cc-d6a9e53fa5df'],57dfb0752c209cb9e44edebf,,,,,,,,,,,,,,,,,,,,,,,,,
pa23-controller,https://www.wesanews.org/wesa-voter-guide/2023-04-18/allegheny-county-controller-leuba-oconnor,https://www.wesanews.org/wesa-voter-guide/2023-04-18/allegheny-county-controller-leuba-oconnor,2023-04-18,2026-09-24T02:29:31.432266+00:00,,data/raw/policy_recovered_batch_3/pa23-controller/cc050af1f95457a23d2502d350587e7e72a19e3fea7889e51d29c001e2f9b33a.html,cc050af1f95457a23d2502d350587e7e72a19e3fea7889e51d29c001e2f9b33a,185651,used,Candidate-authored answers or direct attributed statements. Policy claims and self-described records are not independently verified; missing responses are not opposition.,text/html,,,,,,,,,,,,,,,,2023-05-12,,utf-8,"['e5a9a188829a78fd212a5c09-cc050af1f954', '9d3d26d641e058a16fd2ad4d-cc050af1f954']",,,,,,,,,,,,,,,,,,,,,,,,,,
ny24-debate,https://hudsonvalleyone.com/2024/06/19/shrestha-and-madden-debate-one-last-time-before-the-primary/,https://hudsonvalleyone.com/2024/06/19/shrestha-and-madden-debate-one-last-time-before-the-primary/,2024-06-19,2026-09-24T02:30:15.329863+00:00,,data/raw/policy_recovered_batch_3/ny24-debate/1ef73de5b05a4abd28ad2aef2b906c58b4ae85e7a5d9de24e702561ff2195785.html,1ef73de5b05a4abd28ad2aef2b906c58b4ae85e7a5d9de24e702561ff2195785,240096,used,Candidate-authored answers or direct attributed statements. Policy claims and self-described records are not independently verified; missing responses are not opposition.,text/html,,,,,,,,,,,,,,,,2024-06-21,,utf-8,"['4739f77a9accc2efe68927a8-1ef73de5b05a', '0d75a510949112c55232ca3d-1ef73de5b05a']",,,,,,,,,,,,,,,,,,,,,,,,,,
pa24-cass,https://drive.google.com/file/d/1UqFu6JXMdNmPb5WcNl4AomysVVM2sr-H/view?usp=share_link,https://drive.usercontent.google.com/download?id=1UqFu6JXMdNmPb5WcNl4AomysVVM2sr-H&export=download,,2026-09-24T02:29:58.764915+00:00,,data/raw/policy_recovered_batch_3/pa24-cass/2e94cff1d8c31d3760619d04a2db734cb985a54e67dd4ce0a2761f9b82c1e00f.bin,2e94cff1d8c31d3760619d04a2db734cb985a54e67dd4ce0a2761f9b82c1e00f,259578,used,"Public PDF linked by name from Reclaim Philadelphia's candidate-response release, whose last-modified date provides a verified February20 availability bound. Cover/contact page was deliberately omitted by the publisher; same-candidate identity is supported by the named link and the response's Mill Creek/10th District biography. Original octet-stream MIME and exact bytes are preserved; PDF parsing uses the file signature. Checkbox responses are bound to exact question context, not inferred from endorsement.",application/octet-stream,,,,,,,d6470e750103c45d3dccf544-2e94cff1d8c3,,,,,,,,,,,utf-8,['d6470e750103c45d3dccf544-2e94cff1d8c3'],,,,,,,,,,,,,,,,,,2024-02-20,"{'document_id': 'pa24-reclaim-release', 'date_field': 'source_updated_date', 'availability_date_marker': '""dateModified"":""2024-02-20T16:19:11-0500""', 'source_locator': 'Cass Green PDF link under 10th District'}",,,https://drive.google.com/uc?export=download&id=1UqFu6JXMdNmPb5WcNl4AomysVVM2sr-H,,,,
pa24-blackwell,https://drive.google.com/file/d/1rsBBT36n35HZaVxnEoqZt1xnWlpqDQP-/view?usp=share_link,https://drive.usercontent.google.com/download?id=1rsBBT36n35HZaVxnEoqZt1xnWlpqDQP-&export=download,,2026-09-24T02:29:58.765223+00:00,,data/raw/policy_recovered_batch_3/pa24-blackwell/24612c970526571b9ed7d758ae11df80aa0c110682e06b882ec7f35e44ce7cda.bin,24612c970526571b9ed7d758ae11df80aa0c110682e06b882ec7f35e44ce7cda,253241,used,"Public PDF linked from Reclaim Philadelphia's10th District candidate-response list; the link label transposes Sajda as Sadja, while the response's Blackwell Culture Alliance biography establishes the reviewed same-candidate association. The publisher's February20 revision supplies an availability bound, not an invented PDF publication date. Original octet-stream MIME and bytes are preserved. Unexplained negative checkboxes are reported as marks on these questions, not extrapolated to broader beliefs.",application/octet-stream,,,,,,,bdd3a701765123b91451fa22-24612c970526,,,,,,,,,,,utf-8,['bdd3a701765123b91451fa22-24612c970526'],,,,,,,,,,,,,,,,,,2024-02-20,"{'document_id': 'pa24-reclaim-release', 'date_field': 'source_updated_date', 'availability_date_marker': '""dateModified"":""2024-02-20T16:19:11-0500""', 'source_locator': 'Blackwell PDF link under 10th District'}",,,https://drive.google.com/uc?export=download&id=1rsBBT36n35HZaVxnEoqZt1xnWlpqDQP-,,,,
pa24-reclaim-release,https://www.reclaimphiladelphia.org/blog/2024/2/18/2024-candidate-questionnaire-responses,https://www.reclaimphiladelphia.org/blog/2024/2/18/2024-candidate-questionnaire-responses,2024-02-18,2026-09-24T02:30:56.250419+00:00,,data/raw/policy_recovered_batch_3/pa24-reclaim-release/65413fea9362dd9d08e53dca5b13c842bc2d63e6cd3f8f9b6d1bca1206053d70.html,24ed7bf1761c872aa765986c915d2a1f2e94163573c8d8c72290dd07a611d3c7,116729,identity_only,Original publisher release links both public candidate PDFs. The last-modified timestamp is used conservatively as the latest documented release bound; this source is not candidate policy speech.,text/html,,,,,,,,,,,,,,,,2024-02-20,,utf-8,,,,,,,,,,,,,,,,,,,,,,,,,,,
ny24-stonewall-assembly,https://drive.google.com/file/d/1sW1XWjjvfK1AptC5JWB9Y60_NgtoTpwp/view?usp=drive_link,https://drive.usercontent.google.com/download?id=1sW1XWjjvfK1AptC5JWB9Y60_NgtoTpwp&export=download,,2026-09-24T02:40:19.858110+00:00,,data/raw/policy_ny_assembly_2024/ny24-stonewall-assembly/5b16fed8fdf559e96aee818dba11b88f30846763ff43de773d4baa362a460058.bin,5b16fed8fdf559e96aee818dba11b88f30846763ff43de773d4baa362a460058,1475923,used,"Named candidate sections in Stonewall's original public 2024 Assembly questionnaire compilation. The publisher's May1 revised release links the exact file and supplies a conservative pre-primary availability bound, not an invented PDF publication day. PDF extraction maps some ligatures imperfectly; exact source spans are retained and summaries paraphrase without silently changing raw text. Answers, not publisher prompts or endorsement lists, supply policy evidence.",application/octet-stream,,,,,,,,,,,,,,,,,,utf-8,"['432091bee8e34a69719d772c-5b16fed8fdf5', '19ace96654dc137a621f9328-5b16fed8fdf5', 'c0f5cca9556b776ea4aa703f-5b16fed8fdf5', 'f43cc5a269c23469cf5a1389-5b16fed8fdf5', 'd0b9af12b81377b7532f9500-5b16fed8fdf5', '5addb1a314bb119eee0b6a6c-5b16fed8fdf5']",,,,,,,,,,,,,,,,,,2024-05-01,"{'document_id': 'ny24-stonewall-release', 'date_field': 'source_updated_date', 'availability_date_marker': '""dateModified"":""2024-05-01T13:33:56-0400""', 'source_locator': 'NYS Assembly Questionnaire Responses link'}",,,https://drive.google.com/uc?export=download&id=1sW1XWjjvfK1AptC5JWB9Y60_NgtoTpwp,,,,
ny24-stonewall-release,https://sdnyc.org/blog/2024/4/20/2024-candidate-questionnaire-responses,https://sdnyc.org/blog/2024/4/20/2024-candidate-questionnaire-responses,2024-04-21,2026-09-24T02:40:10.269021+00:00,,data/raw/policy_ny_assembly_2024/ny24-stonewall-release/7ce206741f16b5f11943463dc8c0498104e9102dea71b9a7793533b85c8ca5e8.html,b27bba93c93a6d74260cb875bcdaf4ebbf9af6668ba967f5cb936f7b745a041f,70696,identity_only,"Publisher release linking the Assembly, Senate and congressional compilations. The later revised release date is used as the availability bound; this is not candidate policy text.",text/html,,,,,,,,,,,,,,,,2024-05-01,,utf-8,,,,,,,,,,,,,,,,,,,2024-05-01,"{'document_id': 'ny24-stonewall-release', 'date_field': 'source_updated_date', 'availability_date_marker': '""dateModified"":""2024-05-01T13:33:56-0400""', 'source_locator': 'NYS Assembly Questionnaire Responses link'}",,,,,,,
ny24-huntley,https://www.brooklynpaper.com/brooklyns-56th-assembly-district-race-heats-up-as-progressive-newcomer-challenges-incumbent/,https://www.brooklynpaper.com/brooklyns-56th-assembly-district-race-heats-up-as-progressive-newcomer-challenges-incumbent/,2024-06-24,2026-09-24T02:52:38.146067+00:00,,data/raw/policy_ny_assembly_2024/ny24-huntley/1949be96ea45130209df30d57be94afd38105d0278de8eb95b51f293e86fe197.html,1949be96ea45130209df30d57be94afd38105d0278de8eb95b51f293e86fe197,114537,used,Direct candidate statement supplied to Brooklyn Paper on the day before the primary. Reporter descriptions of the opponent's positions and donor-based inferences are not used as her speech.,text/html,,,,,,,6ae78fd31636b92711c5a30a-1949be96ea45,,,,,,,,,2024-06-24,,utf-8,['6ae78fd31636b92711c5a30a-1949be96ea45'],,,,,,,,,,,,,,,,,,,,,,,,,,
ny24-zinerman,https://amsterdamnews.com/news/2024/05/02/am-stefani-zinerman-tenants-demand-more-fair-housing/,https://amsterdamnews.com/news/2024/05/02/am-stefani-zinerman-tenants-demand-more-fair-housing/,2024-05-02,2026-09-24T02:52:38.146377+00:00,,data/raw/policy_ny_assembly_2024/ny24-zinerman/ff0273ec30d66737badb898af9b13ea1f4fa1a0f573f1960cfbbe6238927e14c.html,547a42a7294e9e687d699c36190b4c3ae5dbb26cacc7928ebd1dced4b47030d8,338202,used,Direct press-conference quotation in Amsterdam News. Other attendees' words are excluded. The proposed receivership mechanism is attributed rather than treated as an enacted legal rule.,text/html,,,,,,,beab9cdc77bd86eec1c25d0f-ff0273ec30d6,,,,,,,,,2024-05-02,,utf-8,['beab9cdc77bd86eec1c25d0f-ff0273ec30d6'],,,,,,,,,,,,,,,,,,,,,,,,,,
ny20-stonewall-2,https://drive.google.com/open?id=1Pu0nLOgXeD9__HI7oo8hZrxHrhsi84bU,https://drive.usercontent.google.com/download?id=1Pu0nLOgXeD9__HI7oo8hZrxHrhsi84bU&export=download,,2026-09-24T02:54:15.377665+00:00,,data/raw/policy_stonewall_2020/ny20-stonewall-2/48c1eb9e63bfdbacb7b8a11f4336a70e0e26047fb9495e40820f79facaa57078.bin,48c1eb9e63bfdbacb7b8a11f4336a70e0e26047fb9495e40820f79facaa57078,887168,used,Candidate-authored responses in the original Stonewall2020 compilation. A retained publisher release links the exact file and supplies a conservative April22 availability bound. Candidate identity and office are printed at each section's start. Publisher questions and duplicated questionnaire copies are not counted as new candidate speech.,application/octet-stream,,,,,,,,,,,,,,,,,,utf-8,"['ea64f9323085cc28c1a264e0-48c1eb9e63bf', '1e0d204833a171d86c96d0ee-48c1eb9e63bf']",,,,,,,,,,,,,,,,,,2020-04-22,"{'document_id': 'ny20-stonewall-release', 'date_field': 'source_updated_date', 'availability_date_marker': '""dateModified"":""2020-04-22T17:58:32-0400""', 'source_locator': 'Original candidate-response compilation link'}",,,https://drive.google.com/uc?export=download&id=1Pu0nLOgXeD9__HI7oo8hZrxHrhsi84bU,,,,
ny20-stonewall-1,https://drive.google.com/open?id=1mIjSkAFETXyDmiYLeoL2lSPidkJUiRNb,https://drive.usercontent.google.com/download?id=1mIjSkAFETXyDmiYLeoL2lSPidkJUiRNb&export=download,,2026-09-24T02:54:15.377085+00:00,,data/raw/policy_stonewall_2020/ny20-stonewall-1/d3c497ed13a8994601d789408881e1e3df2a6b278932fc0f9aaa9535007e13e9.bin,d3c497ed13a8994601d789408881e1e3df2a6b278932fc0f9aaa9535007e13e9,398318,used,Candidate-authored responses in the original Stonewall2020 compilation. A retained publisher release links the exact file and supplies a conservative April22 availability bound. Candidate identity and office are printed at each section's start. Publisher questions and duplicated questionnaire copies are not counted as new candidate speech.,application/octet-stream,,,,,,,3688ecc66f84096ef2353720-d3c497ed13a8,,,,,,,,,,,utf-8,['3688ecc66f84096ef2353720-d3c497ed13a8'],,,,,,,,,,,,,,,,,,2020-04-22,"{'document_id': 'ny20-stonewall-release', 'date_field': 'source_updated_date', 'availability_date_marker': '""dateModified"":""2020-04-22T17:58:32-0400""', 'source_locator': 'Original candidate-response compilation link'}",,,https://drive.google.com/uc?export=download&id=1mIjSkAFETXyDmiYLeoL2lSPidkJUiRNb,,,,
ny20-stonewall-release,https://sdnyc.org/blog/2020/4/21/sdnyc-2020-congressional-candidate-questionnaire-responses,https://sdnyc.org/blog/2020/4/21/sdnyc-2020-congressional-candidate-questionnaire-responses,2020-04-21,2026-09-24T02:57:14.059295+00:00,,data/raw/policy_stonewall_2020/ny20-stonewall-release/f07ae1c71ec8aa6273fa2fee954bdcdf35e12042f44f954cebdc4ab7bcde71af.html,13c425b36ce51f69b046fa3ca90293b62689350dac49728d554075ffa56ab79b,62589,identity_only,"Publisher release links the original2020 Congressional, Assembly and Senate response compilations. Used for availability proof only; no organizational views are attributed to candidates.",text/html,,,,,,,,,,,,,,,,2020-04-22,,utf-8,,,,,,,,,,,,,,,,,,,2020-04-22,"{'document_id': 'ny20-stonewall-release', 'date_field': 'source_updated_date', 'availability_date_marker': '""dateModified"":""2020-04-22T17:58:32-0400""', 'source_locator': 'Original candidate-response compilation link'}",,,,,,,
mn22-senate65-priorities,https://weststpaulreader.com/2022/07/07/state-legislature-primary-priorities/,https://weststpaulreader.com/2022/07/07/state-legislature-primary-priorities/,2022-07-07,2026-09-24T03:01:26.482365+00:00,,data/raw/policy_minnesota_2022/mn22-senate65-priorities/7acd872710d8748812d990ac2cea66d751ff16377bc351dc7da630546e4f68a8.html,b1b1ccef9bd5924e8c40395b99ebd98ec07f80d652972d873bb7b2f331700557,170163,used,"Candidate-authored platform text or direct candidate response. The original source's words and timing are retained. Claims about accomplishments, finances, opponents and policy effects are attributed rather than independently verified.",text/html,,,,,,,,,,,,,,,,,,utf-8,"['604d7cd57fe69ccf43cca345-7acd872710d8', 'd030b1d8c8f9395b1fc6fad2-7acd872710d8']",,,,,,,,,,,,,,,,,,,,,,,,,,
mn22-senate65-budget,https://weststpaulreader.com/2022/07/15/2022-state-legislature-primary-election-surplus/,https://weststpaulreader.com/2022/07/15/2022-state-legislature-primary-election-surplus/,2022-07-15,2026-09-24T03:01:26.483444+00:00,,data/raw/policy_minnesota_2022/mn22-senate65-budget/dbc55176500d35e985cfc4123378c405aaf43574c17d43f57b26eaad76c5ee66.html,40f7dee42abfa8aa1dd286aa4c93d75992d96a9fea67b25f845ed861ed723079,168721,used,"Candidate-authored platform text or direct candidate response. The original source's words and timing are retained. Claims about accomplishments, finances, opponents and policy effects are attributed rather than independently verified.",text/html,,,,,,,,,,,,,,,,,,utf-8,"['848ac298c069629d155cad4d-dbc55176500d', '25dd0524c91cb332f166c41e-dbc55176500d']",,,,,,,,,,,,,,,,,,,,,,,,,,
mn22-senate65-democrats,https://weststpaulreader.com/2022/07/29/state-legislature-primary-democratic/,https://weststpaulreader.com/2022/07/29/state-legislature-primary-democratic/,2022-07-29,2026-09-24T03:01:27.870376+00:00,,data/raw/policy_minnesota_2022/mn22-senate65-democrats/0e6a2d105c7c47f1a284dafbf67423067af72ad902b18729a10922af54d57932.html,fcdd665faa0dd59aade273605e92b917f7a27a4f3457fa908ce17ddb10054a3f,168083,used,"Candidate-authored platform text or direct candidate response. The original source's words and timing are retained. Claims about accomplishments, finances, opponents and policy effects are attributed rather than independently verified.",text/html,,,,,,,,,,,,,,,,,,utf-8,"['44cfe73ff618b505b23bf757-0e6a2d105c7c', '4327a2607f525d4424780d1f-0e6a2d105c7c']",,,,,,,,,,,,,,,,,,,,,,,,,,
mn22-pappas,https://web.archive.org/web/20220805014447id_/https://sandypappas.com/vision,https://web.archive.org/web/20220805014447id_/https://sandypappas.com/vision,,2026-08-21T03:37:47.220772+00:00,,data/raw/policy_minnesota_2022/mn22-pappas/9b28941cbfd9809ea820dd4267070812a714078468e0075df0e3b40774af4895.html,a4de263d42c6e6027baeb389af85886623f2b7d87060c3023bd6e82aca61c827,66647,used,"Actual August5,2022 pre-primary archive of Sandy Pappas for Senate's Vision and Victories page. The archive date is not substituted for unknown original publication.",text/html,,,,,,,ed6f70904a4248d4b4b7c2a7-9b28941cbfd9,,,,,,,,,,,utf-8,['ed6f70904a4248d4b4b7c2a7-9b28941cbfd9'],3e2eb68a804dc02d55890bc0,,,,,,,,,,,,,,,,,,,,,,,,,
mn22-ellis,https://web.archive.org/web/20220126231521id_/https://zukiellis.com/vision/,https://web.archive.org/web/20220126231521id_/https://zukiellis.com/vision/,,2026-08-21T03:37:48.988920+00:00,,data/raw/policy_minnesota_2022/mn22-ellis/fc06e2eb3667c0a0e44bab122ddf6b48a24a5d1a22c827921080235c1bbdbc7e.html,fc06e2eb3667c0a0e44bab122ddf6b48a24a5d1a22c827921080235c1bbdbc7e,164095,used,"Actual January26,2022 archive explicitly titled Zuki Ellis for Senate. This is the Senate campaign's platform, not an earlier school-board page. Her separate nonresponse to a publisher questionnaire is not mistaken for having no platform.",text/html,,,,,,,1a5fc9d2a3a495e53aaabb21-fc06e2eb3667,,,,,,,,,,,utf-8,['1a5fc9d2a3a495e53aaabb21-fc06e2eb3667'],51a154da3097137196079f11,,,,,,,,,,,,,,,,,,,,,,,,,
mn22-fateh-labor,https://web.archive.org/web/20220129065657/https://omarfateh.org/labor.html,https://web.archive.org/web/20220129065657/https://omarfateh.org/labor.html,,2026-08-21T00:10:26.415197+00:00,,data/raw/policy_minnesota_2022/mn22-fateh-labor/6b8f96a9fb94bf187523566cd9942d7af53c85ba426fba50634115618df2f588.html,6b8f96a9fb94bf187523566cd9942d7af53c85ba426fba50634115618df2f588,20035,used,"Actual January29,2022 pre-primary archive with a2022 Senate campaign footer and2022 wage reference. Original publication day remains unknown; the archive establishes availability.",text/html,,,,,,,e087149f85aeac27666bfb53-6b8f96a9fb94,,,,,,,,,,,utf-8,['e087149f85aeac27666bfb53-6b8f96a9fb94'],807f80bc88b2e9149b02b3b9,,,,,,,,,,,,,,,,,,,,,,,,,
mn22-laden,https://sahanjournal.com/democracy-politics/shaun-laden-omar-fateh-minnesota-senate-elections,https://sahanjournal.com/democracy-politics/shaun-laden-omar-fateh-minnesota-senate-elections/,2022-05-27,2026-08-19T23:29:43.890512+00:00,,data/raw/policy_minnesota_2022/mn22-laden/82be558db0777f11431c2749302ee38c69ad9616ff7d143c34cd3a4310db1047.html,82be558db0777f11431c2749302ee38c69ad9616ff7d143c34cd3a4310db1047,312459,timing_unverified,"Direct candidate statement in Sahan Journal. The original May27 publication and September5 modification are verified from the same webpage's JSON-LD, so the retained current body remains timing-qualified. An old HTTP canonical metadata URL is matched to the same HTTPS hostname/path; no source identity is changed. Allegations concerning the other candidate are not used as policy evidence.",text/html,,,,,,,1d0a15cddbb77247f0e33731-82be558db077,,,,,,,,,2022-09-05,"{'format': 'json_ld', 'node_id': 'http://sahanjournal.com/democracy-politics/shaun-laden-omar-fateh-minnesota-senate-elections/'}",utf-8,['1d0a15cddbb77247f0e33731-82be558db077'],8e671a76929aeb18d5e16e63,,,,,,,,,,,,,,,,,,,,,,,,,
mn20-fateh-housing,https://omarfateh.org/housing.html,https://web.archive.org/web/20200512140936/https://omarfateh.org/housing.html,,2026-08-19T23:25:32.129687+00:00,,data/raw/policy_minnesota_2020/mn20-fateh-housing/a48c813dad462aaee6270eb2a1b94782fa95858495b81b499f9695881264a6b3.html,a48c813dad462aaee6270eb2a1b94782fa95858495b81b499f9695881264a6b3,18458,used,"Actual May12,2020 archive of the housing platform with a2020 Senate campaign footer. The original publication day is unknown; the real capture establishes pre-primary availability.",text/html,,,,,,,55979aa8abcbffec740d9b01-a48c813dad46,,,,,,,,,,,utf-8,['55979aa8abcbffec740d9b01-a48c813dad46'],,,,,,,,,,,,,,,,,,,,,,,,,,
mn20-hayden-housing,https://senatedfl.mn/assistant-minority-leader-senator-jeff-hayden-urges-rent-and-mortgage-moratorium-in-minnesota/,https://senatedfl.mn/assistant-minority-leader-senator-jeff-hayden-urges-rent-and-mortgage-moratorium-in-minnesota/,2020-04-17,2026-09-24T03:11:49.532905+00:00,,data/raw/policy_minnesota_2020/mn20-hayden-housing/72c005d712af2ce8e51ec0cda17fd4628a376314710dc4873ecbd1eef2defaef.html,72c005d712af2ce8e51ec0cda17fd4628a376314710dc4873ecbd1eef2defaef,96073,used,"Candidate-authored campaign platform or an explicitly attributed incumbent statement during the primary campaign window. Official legislative statements are identified as such, not mislabeled as campaign spending or proof of every platform priority.",text/html,,,,,,,1d02dc9ce2e53b8937a1b146-72c005d712af,,,,,,,,,2020-04-22,,utf-8,['1d02dc9ce2e53b8937a1b146-72c005d712af'],,,,,,,,,,,,,,,,,,,,,,,,,,
mn20-hayden-police,https://senatedfl.mn/minnesota-senate-adjourns-second-special-session-after-passing-police-accountability-measures-no-local-jobs-and-projects-bill-2/,https://senatedfl.mn/minnesota-senate-adjourns-second-special-session-after-passing-police-accountability-measures-no-local-jobs-and-projects-bill-2/,2020-07-21,2026-09-24T03:11:49.533375+00:00,,data/raw/policy_minnesota_2020/mn20-hayden-police/4291e03b62ec7f2a03c7f91d1338e3b4fb6d32f6d5d38d0a7397db55839546fd.html,4291e03b62ec7f2a03c7f91d1338e3b4fb6d32f6d5d38d0a7397db55839546fd,95965,used,"Candidate-authored campaign platform or an explicitly attributed incumbent statement during the primary campaign window. Official legislative statements are identified as such, not mislabeled as campaign spending or proof of every platform priority.",text/html,,,,,,,87356cf970b6c27f3432f5ea-4291e03b62ec,,,,,,,,,2020-07-21,,utf-8,['87356cf970b6c27f3432f5ea-4291e03b62ec'],,,,,,,,,,,,,,,,,,,,,,,,,,
pa23-celin,https://drive.google.com/file/d/18MLZtI0-GkZmT2JeVuwR2dsZonev8dmh/view?usp=share_link,https://drive.usercontent.google.com/download?id=18MLZtI0-GkZmT2JeVuwR2dsZonev8dmh&export=download,,2026-09-24T03:16:37.128848+00:00,,data/raw/policy_philadelphia_2023/pa23-celin/6444739717c6e1bb909ffe880e34d9d2a86ced8d6efa6b69edb7fb0c9818a580.bin,6444739717c6e1bb909ffe880e34d9d2a86ced8d6efa6b69edb7fb0c9818a580,111675,used,"Exact PDF is linked in the retained January30,2023 archive of the publisher's January26 release. The archive confirms a pre-primary release route, while the PDF itself has no standalone publication date. Read the overdose-center explanation together with its negative checkbox.",application/octet-stream,,,,,,,6057a0ef3acbb4b9dc940601-6444739717c6,,,,,,,,,,,utf-8,['6057a0ef3acbb4b9dc940601-6444739717c6'],,,,,,,,,,,,,,,,,,2023-01-26,"{'document_id': 'pa23-release-archive', 'publication_date_marker': '""datePublished"":""2023-01-26T22:09:42-0500""', 'source_locator': 'Andres Celin PDF link under City Council District7'}",,,https://drive.google.com/uc?export=download&id=18MLZtI0-GkZmT2JeVuwR2dsZonev8dmh,,,,
pa23-lozada,https://drive.google.com/file/d/13J9z0FW58AFqDYcysUG02YvsdLrFlEUf/view?usp=share_link,https://drive.usercontent.google.com/download?id=13J9z0FW58AFqDYcysUG02YvsdLrFlEUf&export=download,,2026-09-24T03:16:37.128944+00:00,,data/raw/policy_philadelphia_2023/pa23-lozada/5a3d060cdfec26b905cbf3644d0ee5d7949ee8c1fbbbbbbfbbb8102c09bf0876.bin,5a3d060cdfec26b905cbf3644d0ee5d7949ee8c1fbbbbbbfbbb8102c09bf0876,102274,timing_unverified,"The PDF itself explicitly discusses Philadelphia in2023 and the candidate's newly begun council term. The latest publisher index was revised in2025 and the retained January2023 archive does not include this PDF link, so an unchanged pre-primary publication version remains unverified. It is retained as timing-qualified candidate speech, not backdated.",application/octet-stream,,,,,,,0e645cf55c72d45a967d8bd1-5a3d060cdfec,,,,,,,,,,,utf-8,['0e645cf55c72d45a967d8bd1-5a3d060cdfec'],,,,,,"{'election_year': '2023', 'exact_quote': 'Philadelphia has a very different landscape in 2023', 'source_locator': 'paragraph 8 / PDF page 8'}",,,,,,,,,,,,,,,,https://drive.google.com/uc?export=download&id=13J9z0FW58AFqDYcysUG02YvsdLrFlEUf,,,,
pa23-release-archive,https://web.archive.org/web/20230130212702id_/https://www.reclaimphiladelphia.org/blog/2023/1/13/check-out-the-questionnaire-responses-from-city-council-candidates,https://web.archive.org/web/20230130212702id_/https://www.reclaimphiladelphia.org/blog/2023/1/13/check-out-the-questionnaire-responses-from-city-council-candidates,2023-01-26,2026-09-24T03:17:57.243550+00:00,,data/raw/policy_philadelphia_2023/pa23-release-archive/96f960928a74bbd810af1f7c1b2a6eb610dc474e2b4823b18c17f9b3f521f0a4.html,881735db7b1d97325c620c74f1d7fdb4bea589ab81eeae201983ac0c98770157,82609,identity_only,"Actual January30,2023 archive links Celin's exact PDF but not Lozada's. Used as release proof only for the source it actually links.",text/html,,,,,,,,,,,,,,,,2023-01-26,,utf-8,,,,,,,,,,,,,,,,,,,,,,,,,,,
pa23-release,https://www.reclaimphiladelphia.org/blog/2023/1/13/check-out-the-questionnaire-responses-from-city-council-candidates,https://www.reclaimphiladelphia.org/blog/2023/1/13/check-out-the-questionnaire-responses-from-city-council-candidates,2023-01-26,2026-09-24T03:16:36.725482+00:00,,data/raw/policy_philadelphia_2023/pa23-release/a1103dade644380414e7b07b00314648bb6787ba4799399cd72049bd11e63055.html,e922aa8926d73a87a755717834cd19aa427763691e99cf739f06b50a84a9b34d,126267,identity_only,"Later-revised publisher index links both candidates by name and district. Supports source identity and discovery, not a pre-primary availability bound for later-added responses.",text/html,,,,,,,,,,,,,,,,2025-12-06,,utf-8,,,,,,,,,,,,,,,,,,,,,,,https://www.reclaimphiladelphia.org/blog/2023/1/13/check-out-the-questionnaire-responses-from-city-council-candidates,,,,
ny20-election-report,https://ny1.com/nyc/all-boroughs/news/2020/06/03/ocasio-cortez-faces-first-reelection-test-after-two-years-of-being-national-face-of-progressives,https://ny1.com/nyc/all-boroughs/news/2020/06/03/ocasio-cortez-faces-first-reelection-test-after-two-years-of-being-national-face-of-progressives,2020-06-03,2026-09-24T03:41:20.056913+00:00,,data/raw/policy_ny14_followup/ny20-election-report/8e1e1d9acf5dc0da58dc6704dd61b306b421edd0b2cdc05aa43b8f5fbdde5614.html,e3683e1f3115aef7ff42e019dbb8ded6280cedfe961018dc84fc2db27a870d7e,90415,used,"The retained page visibly says PUBLISHED5:39 PM ET Jun.03,2020. Includes direct quotations from a town hall and BronxNet debate. References to PPP and coronavirus relief are not treated as one precisely identified statutory vote, nor as opposition to all relief.",text/html,,,,,,,,,,,,,,,,,,utf-8,"['5df7c044ddcb02ed48f93fbe-8e1e1d9acf5d', '0b434b8da864b00a79c566b2-8e1e1d9acf5d']",,,,,,,,,,,,,,,,,,,,,,,,,,
ny20-debate,https://ny1.com/nyc/all-boroughs/news/2020/06/05/alexandria-ocasio-cortez-michelle-caruso-cabrera-badrun-khan-14th-congressional-district-virtual-ny1-debate-,https://ny1.com/nyc/all-boroughs/news/2020/06/05/alexandria-ocasio-cortez-michelle-caruso-cabrera-badrun-khan-14th-congressional-district-virtual-ny1-debate-,2020-06-05,2026-09-24T03:41:20.057223+00:00,,data/raw/policy_ny14_followup/ny20-debate/fceb0a43394ab9a959538a0dc4618f9a2bb0b78a092805d1792add9afa6063fd.html,64f7fb2d0545006bf9b79cfb081301bb51e94a7f716e16826ba6189a6857fc43,106044,used,"Direct candidate statements or quotations, not reporter or supporter paraphrases. Candidate factual claims and criticisms are attributed rather than independently verified.",text/html,,,,,,,,,,,,,,,,2020-06-05,,utf-8,"['424ddefe00e0c529adb65b9f-fceb0a43394a', '3f9c96d6e68826a47eebc8d7-fceb0a43394a']",,,,,,,,,,,,,,,,,,,,,,,,,,
ny24-aoc-rally,https://www.bxtimes.com/aoc-rally-south-bronx/,https://www.bxtimes.com/aoc-rally-south-bronx/,2024-05-20,2026-09-24T03:41:20.057306+00:00,,data/raw/policy_ny14_followup/ny24-aoc-rally/f51c9ba0ab508553540ce2276472016d4e5a33599b276d169d56e3687796ca79.html,f51c9ba0ab508553540ce2276472016d4e5a33599b276d169d56e3687796ca79,126619,used,Direct speech and post-rally interview quotations from the May19 event. The article's June15 primary-date reference conflicts with the canonical June25 election date; that reporter date error is not propagated. Supporters' stories and policy statements are not attributed to the candidate.,text/html,,,,,,,f470d48d5eba75f7494c57b5-f51c9ba0ab50,,,,,,,,,2024-05-20,,utf-8,['f470d48d5eba75f7494c57b5-f51c9ba0ab50'],,,,,,,,,,,,,,,,,,,,,,,,,,
frontier-ma26-story,https://wmasspi.com/2025/06/a-challenge-to-puppolo-in-mass-house-begins-quite-early.html,https://wmasspi.com/2025/06/a-challenge-to-puppolo-in-mass-house-begins-quite-early.html,2025-06-18,2026-08-19T23:52:31.771258+00:00,,data/raw/policy_frontier_comparisons/frontier-ma26-story/dcb575b2ad9d90d363aa9d2aecb52340889cf7e3e888e8a9ebda276b6be9cf28.html,dcb575b2ad9d90d363aa9d2aecb52340889cf7e3e888e8a9ebda276b6be9cf28,123056,used,"Exact candidate words read in full source context. Comparisons do not infer positions from reporter summaries, omit stated conditions, or treat experience claims as independently verified records.",text/html,,,,,,,636a09cbde853cd9fbafab97-dcb575b2ad9d,,,,,,,,,2025-06-18,"{'format': 'json_ld', 'node_id': 'https://wmasspi.com/2025/06/a-challenge-to-puppolo-in-mass-house-begins-quite-early.html'}",utf-8,['636a09cbde853cd9fbafab97-dcb575b2ad9d'],130be9bfd7a44c6c2c1a4a04,,,,,,,,,,,,,,,,,,,,,,,,,
frontier-pa18-kandil,http://www.kareemforpa.com/issues,https://web.archive.org/web/20180509132550id_/http://www.kareemforpa.com/issues,,2026-08-19T23:27:15.357131+00:00,,data/raw/policy_frontier_comparisons/frontier-pa18-kandil/c7dd8eaa15da37d746ad959ee1df50acf4a54df2c5a9ed2814c97b28bd2b1c6a.html,ef467c7fa81dbeb3c3334aff6e592c8dd23d967450cff798fae61967e6b7e280,45759,used,"Actual May9,2018 pre-primary campaign archive. The contest is Pennsylvania House30, as verified by the retained official2018 primary API; the previous District32 registry label has been corrected.",text/html,,,,,,,6492f3d26de5ef60d9c2efce-c7dd8eaa15da,,,,,,,,,,,utf-8,['6492f3d26de5ef60d9c2efce-c7dd8eaa15da'],5e869eb8dd1bcf2b194d60eb,,,,,,,,,,,,,,,,,,,,,,,,,
frontier-pa18-monroe,https://www.pghcitypaper.com/PolitiCrap/archives/2018/02/02/betsy-monroe-inspired-by-the-womens-march-is-challenging-state-rep-hal-english-in-pittsburghs-north-hills,https://web.archive.org/web/20180202214934id_/https://www.pghcitypaper.com/PolitiCrap/archives/2018/02/02/betsy-monroe-inspired-by-the-womens-march-is-challenging-state-rep-hal-english-in-pittsburghs-north-hills,,2026-08-19T23:29:22.409584+00:00,,data/raw/policy_frontier_comparisons/frontier-pa18-monroe/7deff3309ac697453e59b5e2af45b9a26a4dfb5edfe3cd3fb840e6dd9c18ab7d.html,7deff3309ac697453e59b5e2af45b9a26a4dfb5edfe3cd3fb840e6dd9c18ab7d,147594,used,"Actual February2,2018 pre-primary archive of the interview. Her complete answer discusses directing extraction revenue to education and renewable energy; the opening no-fracking ideal is not a categorical ban commitment.",text/html,,,,,,,4d2dfe1e3bf0493905843730-7deff3309ac6,,,,,,,,,,,utf-8,['4d2dfe1e3bf0493905843730-7deff3309ac6'],e2e60a6820c30cf8e254e710,,,,,,,,,,,,,,,,,,,,,,,,,
frontier-ithaca25-shvets,https://www.cornellsun.com/article/2025/02/hannah-shvets-27-launches-common-council-campaign-focuses-on-labor-and-housing-reform,https://www.cornellsun.com/article/2025/02/hannah-shvets-27-launches-common-council-campaign-focuses-on-labor-and-housing-reform,2025-02-08,2026-08-20T19:32:38.191980+00:00,,data/raw/policy_frontier_comparisons/frontier-ithaca25-shvets/a4c9c36cce713e5f5c1fe6565ed4e26b17332be48a58dd67f418c0e5a0c834f3.html,a4c9c36cce713e5f5c1fe6565ed4e26b17332be48a58dd67f418c0e5a0c834f3,114481,used,"Exact candidate words read in full source context. Comparisons do not infer positions from reporter summaries, omit stated conditions, or treat experience claims as independently verified records.",text/html,,,,,,,20e3c37da0d61a3f216dffdb-a4c9c36cce71,,,,,,,,,2025-02-10,"{'format': 'html_dateline', 'class_name': 'dateline', 'publication_text': 'Feb 8, 2025 7:07 pm', 'revision_text': '· Updated Feb 10, 2025 7:46 pm'}",utf-8,['20e3c37da0d61a3f216dffdb-a4c9c36cce71'],bc8bf7fafb0c0c90e466186f,,,,,,,,,,,,,,,,,,,,,,,,,
frontier-ithaca25-zurenda,https://www.cornellsun.com/article/2025/03/g-p-zurenda-88-joins-the-race-for-the-fifth-ward-common-council-seat,https://www.cornellsun.com/article/2025/03/g-p-zurenda-88-joins-the-race-for-the-fifth-ward-common-council-seat,2025-03-19,2026-08-20T19:31:57.574170+00:00,,data/raw/policy_frontier_comparisons/frontier-ithaca25-zurenda/81c95f7819e667bb56fcd8cc66cee1f3dbcc2b087a2f8904c459519ec93dec1a.html,81c95f7819e667bb56fcd8cc66cee1f3dbcc2b087a2f8904c459519ec93dec1a,115203,used,"Exact candidate words read in full source context. Comparisons do not infer positions from reporter summaries, omit stated conditions, or treat experience claims as independently verified records.",text/html,,,,,,,7301220e656b571c0ab0bb38-81c95f7819e6,,,,,,,,,2025-03-19,"{'format': 'html_dateline', 'class_name': 'dateline', 'publication_text': 'Mar 19, 2025 1:48 am', 'revision_text': '· Updated Mar 19, 2025 4:40 pm'}",utf-8,['7301220e656b571c0ab0bb38-81c95f7819e6'],44abdcbdf1cb007e968a105f,,,,,,,,,,,,,,,,,,,,,,,,,
frontier-hairston,https://web.archive.org/web/20260223193939/https://www.hairstonforpeace.com/,https://web.archive.org/web/20260223193939/https://www.hairstonforpeace.com/,,2026-08-20T19:32:34.079371+00:00,,data/raw/policy_frontier_comparisons/frontier-hairston/0ab2bf0be9e3dd978fe6f5d70dfaa7845a6ccba6bb760dbf2db3ecd7dee1bcf1.com,48a0a37818ca16e03e02d2ebf7c1ab67b23f70621d42ba3ae52c52dda400ec06,121677,used,"Exact candidate words read in full source context. Comparisons do not infer positions from reporter summaries, omit stated conditions, or treat experience claims as independently verified records.",text/html,,,,,,,10783d56f97c37a2469296c0-0ab2bf0be9e3,,,,,,,,,,,utf-8,['10783d56f97c37a2469296c0-0ab2bf0be9e3'],4d33efbbcceec3b9b2188d2b,,,,,,,,,,,,,,,,,,,,,,,,,
frontier-parks,https://www.ciaraforjp1.com/,https://www.ciaraforjp1.com/,,2026-08-20T19:31:59.199214+00:00,,data/raw/policy_frontier_comparisons/frontier-parks/9d26f2ab9e0bd8c666f6ea256f6d7417f7feff601c9370c692ddeb63215b95ae.html,dd86b01035e5e6e415f283923a33585bf680daa6004fbd07889d00219bfa1fea,541927,timing_unverified,Authentic candidate campaign page captured after the primary without a publication marker. The formerly assigned March3 election date was rejected as publication evidence. Keep these words timing-qualified.,text/html,,,,,,,80a1f55b3657609d30dcb219-9d26f2ab9e0b,,,,,,,,,,,utf-8,['80a1f55b3657609d30dcb219-9d26f2ab9e0b'],b03005607843df892c566a0a,,,,,,,,,,,,,,,,,,,,,,,,,
ny26-stonewall-orkin,https://drive.google.com/file/d/1tSfShzJczKtkMTwxPnSmkgfJEnYssrVk/view,https://drive.usercontent.google.com/download?id=1tSfShzJczKtkMTwxPnSmkgfJEnYssrVk&export=download,,2026-09-24T04:55:33.730146+00:00,,data/raw/policy_stonewall_2026/ny26-stonewall-orkin/177f1409c800a2cb5b3423bab02b24f22ad2a0bff511696fbc9d7a9158a3339e.bin,177f1409c800a2cb5b3423bab02b24f22ad2a0bff511696fbc9d7a9158a3339e,92204,timing_unverified,"Original named2026 questionnaires downloaded from the publisher's public Drive folder. The response headers identify the candidate and office. A dated release links the folder, but does not prove when each current file/version became public; no publication day is invented from folder dates or the primary date. These answers remain timing-qualified. The publisher's issue-focused prompts do not establish whole-campaign salience, and factual or legal claims inside answers are not independently verified.",application/octet-stream,,,,,,,cb7f875cab05d8e42091d7ed-177f1409c800,,,,,,,,,,,utf-8,['cb7f875cab05d8e42091d7ed-177f1409c800'],,,,,,"{'election_year': '2026', 'exact_quote': 'Stonewall Democratic Club of NYC 2026 State Legislature Questionnaires', 'source_locator': 'paragraph 1 / PDF page 1'}",,,,,,,,,,,,,,,,https://drive.google.com/uc?export=download&id=1tSfShzJczKtkMTwxPnSmkgfJEnYssrVk,,,,
ny26-stonewall-rajkumar,https://drive.google.com/file/d/1vNiJjTLbjf1vgpgEYxg0pBWHhfcNjahk/view,https://drive.usercontent.google.com/download?id=1vNiJjTLbjf1vgpgEYxg0pBWHhfcNjahk&export=download,,2026-09-24T04:55:33.730452+00:00,,data/raw/policy_stonewall_2026/ny26-stonewall-rajkumar/8b629d5debe2b50bc5d7e36d57ad74b60f40886b039b45d0e3ce8dda444a271c.bin,8b629d5debe2b50bc5d7e36d57ad74b60f40886b039b45d0e3ce8dda444a271c,92448,timing_unverified,"Original named2026 questionnaires downloaded from the publisher's public Drive folder. The response headers identify the candidate and office. A dated release links the folder, but does not prove when each current file/version became public; no publication day is invented from folder dates or the primary date. These answers remain timing-qualified. The publisher's issue-focused prompts do not establish whole-campaign salience, and factual or legal claims inside answers are not independently verified.",application/octet-stream,,,,,,,8d7de3972a9751b2df072df8-8b629d5debe2,,,,,,,,,,,utf-8,['8d7de3972a9751b2df072df8-8b629d5debe2'],,,,,,"{'election_year': '2026', 'exact_quote': 'Stonewall Democratic Club of NYC 2026 State Legislature Questionnaires', 'source_locator': 'paragraph 1 / PDF page 1'}",,,,,,,,,,,,,,,,https://drive.google.com/uc?export=download&id=1vNiJjTLbjf1vgpgEYxg0pBWHhfcNjahk,,,,
ny26-stonewall-blackburn,https://drive.google.com/file/d/1LfdbCqM8M2BL67OZPzXLz_jG1hiaQb3T/view,https://drive.usercontent.google.com/download?id=1LfdbCqM8M2BL67OZPzXLz_jG1hiaQb3T&export=download,,2026-09-24T04:55:33.730567+00:00,,data/raw/policy_stonewall_2026/ny26-stonewall-blackburn/8281a2d537854409becb03430ecb88bbb3374b35e2d1dac0bcba096eb14b073c.bin,8281a2d537854409becb03430ecb88bbb3374b35e2d1dac0bcba096eb14b073c,92408,timing_unverified,"Original named2026 questionnaires downloaded from the publisher's public Drive folder. The response headers identify the candidate and office. A dated release links the folder, but does not prove when each current file/version became public; no publication day is invented from folder dates or the primary date. These answers remain timing-qualified. The publisher's issue-focused prompts do not establish whole-campaign salience, and factual or legal claims inside answers are not independently verified.",application/octet-stream,,,,,,,3ccd84000e4288843a8e3cf1-8281a2d53785,,,,,,,,,,,utf-8,['3ccd84000e4288843a8e3cf1-8281a2d53785'],,,,,,"{'election_year': '2026', 'exact_quote': 'Stonewall Democratic Club of NYC 2026 State Legislature Questionnaires', 'source_locator': 'paragraph 1 / PDF page 1'}",,,,,,,,,,,,,,,,https://drive.google.com/uc?export=download&id=1LfdbCqM8M2BL67OZPzXLz_jG1hiaQb3T,,,,
ny26-stonewall-wright,https://drive.google.com/file/d/1Iz9LyOAfdK31Dt9Fs1XThvdOvBnY6odi/view,https://drive.usercontent.google.com/download?id=1Iz9LyOAfdK31Dt9Fs1XThvdOvBnY6odi&export=download,,2026-09-24T04:55:35.310245+00:00,,data/raw/policy_stonewall_2026/ny26-stonewall-wright/f8ed3310c846a793666c786158db4aa136ccb5f8fefdf2164b97bce91c48b2ae.bin,f8ed3310c846a793666c786158db4aa136ccb5f8fefdf2164b97bce91c48b2ae,87713,timing_unverified,"Original named2026 questionnaires downloaded from the publisher's public Drive folder. The response headers identify the candidate and office. A dated release links the folder, but does not prove when each current file/version became public; no publication day is invented from folder dates or the primary date. These answers remain timing-qualified. The publisher's issue-focused prompts do not establish whole-campaign salience, and factual or legal claims inside answers are not independently verified.",application/octet-stream,,,,,,,08050fcaf1a3fd53367e4390-f8ed3310c846,,,,,,,,,,,utf-8,['08050fcaf1a3fd53367e4390-f8ed3310c846'],,,,,,"{'election_year': '2026', 'exact_quote': 'Stonewall Democratic Club of NYC 2026 State Legislature Questionnaires', 'source_locator': 'paragraph 1 / PDF page 1'}",,,,,,,,,,,,,,,,https://drive.google.com/uc?export=download&id=1Iz9LyOAfdK31Dt9Fs1XThvdOvBnY6odi,,,,
frontier2-nv18-langford,https://thenevadaindependent.com/article/on-the-record-the-policy-positions-of-democratic-clark-county-district-attorney-candidate-rob-langford,https://thenevadaindependent.com/article/on-the-record-the-policy-positions-of-democratic-clark-county-district-attorney-candidate-rob-langford,2018-05-28,2026-08-19T23:41:02.334658+00:00,,data/raw/policy_frontier_batch_2/frontier2-nv18-langford/706c985b871006351d7c64e64afca9b223fe7113b590657a209d5b674886bbf5.html,aa4765184345f1e21b5b60c478f510754cb434217569ff3add8514fe66c7a62e,187817,used,"Original candidate responses or direct quotations, read in context. Retained publisher dates precede the primary. Reporter summaries, allegations and claimed policy effects are not independently verified or substituted for the candidate's own words.",text/html,,,,,,,2c63ec732c97871144ffb554-706c985b8710,,,,,,,,,2018-05-28,,utf-8,['2c63ec732c97871144ffb554-706c985b8710'],1b87d601c5666e3025cc1181,,,,,,,,,,,,,,,,,,,,,,,,,
frontier2-nv18-wolfson,https://thenevadaindependent.com/article/on-the-record-the-policy-positions-of-clark-county-district-attorney-steve-wolfson,https://thenevadaindependent.com/article/on-the-record-the-policy-positions-of-clark-county-district-attorney-steve-wolfson,2018-06-07,2026-08-19T23:49:24.197954+00:00,,data/raw/policy_frontier_batch_2/frontier2-nv18-wolfson/5ac83f6dd1a876ab713c49ffc2c1e061833886bfa2c53f56e7d2fec9c05887c1.html,60b1a52c52116c26dfb67eb94e7ebd60c8de168dabbe00763d11d304a0d5476c,199856,used,"Original candidate responses or direct quotations, read in context. Retained publisher dates precede the primary. Reporter summaries, allegations and claimed policy effects are not independently verified or substituted for the candidate's own words.",text/html,,,,,,,b7e22efc8afcdfcfe8d8cda3-5ac83f6dd1a8,,,,,,,,,2018-06-07,,utf-8,['b7e22efc8afcdfcfe8d8cda3-5ac83f6dd1a8'],dbd5ac4af608a6770ac976a0,,,,,,,,,,,,,,,,,,,,,,,,,
frontier2-va19-braddock,https://ggwash.org/view/72114/whos-best-on-housing-and-transportation-in-fairfaxs-braddock-district,https://ggwash.org/view/72114/whos-best-on-housing-and-transportation-in-fairfaxs-braddock-district,2019-05-21,2026-08-19T23:27:20.047784+00:00,,data/raw/policy_frontier_batch_2/frontier2-va19-braddock/65eb318ea7877ccc6764dff04c6a3dfaa081579a8ab7005478a0e6e32439b684.html,65eb318ea7877ccc6764dff04c6a3dfaa081579a8ab7005478a0e6e32439b684,38371,used,"Original candidate responses or direct quotations, read in context. Retained publisher dates precede the primary. Reporter summaries, allegations and claimed policy effects are not independently verified or substituted for the candidate's own words.",text/html,,,,,,,,,,,,,,,,,,utf-8,"['c6ae6aaaeebb19711ae37b97-65eb318ea787', '77035b6c5b30bc6bbe1303e7-65eb318ea787']",5b61479d009bb11da9476be3,,,,,,,,,,,,,,,,,,,,,,,,,
frontier2-co20-shadduck,https://berthoudsurveyor.com/larimer-county-commissioner-candidate-profile-jody-shadduck-mcnally-democrat-larimer-county-commissioner-district-3,https://berthoudsurveyor.com/larimer-county-commissioner-candidate-profile-jody-shadduck-mcnally-democrat-larimer-county-commissioner-district-3/,2020-06-22,2026-08-19T23:41:20.619048+00:00,,data/raw/policy_frontier_batch_2/frontier2-co20-shadduck/4c8953b7075620e7ee0f7f38bb6c0dc6f79f675a36874b7560b357704eebfd5d.html,21aaf2522c76f12666f3bbf6ca606d77f1da547da49d399e48bcaa909c680cbe,83483,used,"Original candidate responses or direct quotations, read in context. Retained publisher dates precede the primary. Reporter summaries, allegations and claimed policy effects are not independently verified or substituted for the candidate's own words.",text/html,,,,,,,991bbcee3616594c0d60b477-4c8953b70756,,,,,,,,,2020-06-22,,utf-8,['991bbcee3616594c0d60b477-4c8953b70756'],05278fd3ead81cfae06e8e08,,,,,,,,,,,,,,,,,,,,,,,,,
frontier2-co20-baker,https://berthoudsurveyor.com/larimer-county-commissioner-candidate-profile-myles-baker-democrat-larimer-county-commissioner-district-3,https://berthoudsurveyor.com/larimer-county-commissioner-candidate-profile-myles-baker-democrat-larimer-county-commissioner-district-3/,2020-06-19,2026-08-19T23:50:15.948317+00:00,,data/raw/policy_frontier_batch_2/frontier2-co20-baker/c45dce4b1ac0a91b4e075275a231f3653b9899de753a8e64b5ce8e03be34012f.html,10a36bd11d34ecf733889f1120e791c96a23a5f59f77d659083bee527d6c94f4,81397,used,"Original candidate responses or direct quotations, read in context. Retained publisher dates precede the primary. Reporter summaries, allegations and claimed policy effects are not independently verified or substituted for the candidate's own words.",text/html,,,,,,,86ab574b9f889f07cba1b257-c45dce4b1ac0,,,,,,,,,2020-06-19,,utf-8,['86ab574b9f889f07cba1b257-c45dce4b1ac0'],ddf2304ef232e7861e9e5a48,,,,,,,,,,,,,,,,,,,,,,,,,
ks20-portillo,https://www2.ljworld.com/news/county-government/2020/jul/19/candidate-profile-shannon-portillo-touts-her-criminal-justice-scholarship-for-douglas-county-commission-role,https://www2.ljworld.com/news/county-government/2020/jul/19/candidate-profile-shannon-portillo-touts-her-criminal-justice-scholarship-for-douglas-county-commission-role/,2020-07-19,2026-08-19T23:41:23.993197+00:00,,data/raw/policy_kansas_2020/ks20-portillo/a658051ac3ce67994f7402c053cfd0d3f6a3c7143fae414789ab22626c6b7f78.html,a658051ac3ce67994f7402c053cfd0d3f6a3c7143fae414789ab22626c6b7f78,103419,used,"Direct candidate statements in the original2020 primary guide. The publisher's last-edit field precedes the scheduled July19 publication; neither is after the primary. Candidate/race assignments are checked against the retained official county results, not the formerly crossed corpus roster.",text/html,,,,,,,bbf68dcb94f32dbc644e6e61-a658051ac3ce,,,,,,,,,2020-07-18,,utf-8,['bbf68dcb94f32dbc644e6e61-a658051ac3ce'],,,,,,,,,,,,,,,,,,,,,,,,,,
ks20-willey,https://www2.ljworld.com/news/county-government/2020/jul/19/candidate-profile-karen-willey-wants-to-lead-douglas-county-past-political-fractures/,https://www2.ljworld.com/news/county-government/2020/jul/19/candidate-profile-karen-willey-wants-to-lead-douglas-county-past-political-fractures/,2020-07-19,2026-09-24T06:17:51.616167+00:00,,data/raw/policy_kansas_2020/ks20-willey/4b6e54e57f19c3cda1c9d9721a9eaf54d1049cfc481de3a4d49deafe7a0fabd6.html,4b6e54e57f19c3cda1c9d9721a9eaf54d1049cfc481de3a4d49deafe7a0fabd6,105988,used,"Direct candidate statements in the original2020 primary guide. The publisher's last-edit field precedes the scheduled July19 publication; neither is after the primary. Candidate/race assignments are checked against the retained official county results, not the formerly crossed corpus roster.",text/html,,,,,,,6dabdda968a0c9f7c768242e-4b6e54e57f19,,,,,,,,,2020-07-18,,utf-8,['6dabdda968a0c9f7c768242e-4b6e54e57f19'],,,,,,,,,,,,,,,,,,,,,,,,,,
ks20-reid,https://www2.ljworld.com/news/county-government/2020/jul/19/candidate-profile-shannon-reid-believes-douglas-county-leaders-need-to-listen-better-to-constituents/,https://www2.ljworld.com/news/county-government/2020/jul/19/candidate-profile-shannon-reid-believes-douglas-county-leaders-need-to-listen-better-to-constituents/,2020-07-19,2026-09-24T06:17:51.616532+00:00,,data/raw/policy_kansas_2020/ks20-reid/f93f1a03b4fea0ff19875d27b06ab2a9d69a79e1c99bb60bcb2d429c4ce6bdfe.html,f93f1a03b4fea0ff19875d27b06ab2a9d69a79e1c99bb60bcb2d429c4ce6bdfe,105984,used,"Direct candidate statements in the original2020 primary guide. The publisher's last-edit field precedes the scheduled July19 publication; neither is after the primary. Candidate/race assignments are checked against the retained official county results, not the formerly crossed corpus roster.",text/html,,,,,,,3dab9a20b161e9452b94de1b-f93f1a03b4fe,,,,,,,,,2020-07-18,,utf-8,['3dab9a20b161e9452b94de1b-f93f1a03b4fe'],,,,,,,,,,,,,,,,,,,,,,,,,,
ks20-taliaferro,https://www2.ljworld.com/news/county-government/2020/jul/19/candidate-profile-sara-taliaferro-wants-to-bring-thorough-problem-solving-to-douglas-county-commission,https://www2.ljworld.com/news/county-government/2020/jul/19/candidate-profile-sara-taliaferro-wants-to-bring-thorough-problem-solving-to-douglas-county-commission/,2020-07-19,2026-08-19T23:50:19.933473+00:00,,data/raw/policy_kansas_2020/ks20-taliaferro/2ce51411de96e35482b7cd35b6d5cc664dd45588d3f97b2df0febb4af436a6e3.html,2ce51411de96e35482b7cd35b6d5cc664dd45588d3f97b2df0febb4af436a6e3,103040,used,"Direct candidate statements in the original2020 primary guide. The publisher's last-edit field precedes the scheduled July19 publication; neither is after the primary. Candidate/race assignments are checked against the retained official county results, not the formerly crossed corpus roster.",text/html,,,,,,,10a5ca5fcb80e2021a30e360-2ce51411de96,,,,,,,,,2020-07-18,,utf-8,['10a5ca5fcb80e2021a30e360-2ce51411de96'],,,,,,,,,,,,,,,,,,,,,,,,,,
ks20-thellman,https://www2.ljworld.com/news/county-government/2020/jul/19/candidate-profile-douglas-county-commissioner-nancy-thellman-wants-fourth-term-to-continue-work-she-started/,https://www2.ljworld.com/news/county-government/2020/jul/19/candidate-profile-douglas-county-commissioner-nancy-thellman-wants-fourth-term-to-continue-work-she-started/,2020-07-19,2026-09-24T06:17:51.616611+00:00,,data/raw/policy_kansas_2020/ks20-thellman/8307d3147d070e7a7a7242fa19cdda47791881ac26e18f4fa0a6f6df4285a869.html,8307d3147d070e7a7a7242fa19cdda47791881ac26e18f4fa0a6f6df4285a869,106280,used,"Direct candidate statements in the original2020 primary guide. The publisher's last-edit field precedes the scheduled July19 publication; neither is after the primary. Candidate/race assignments are checked against the retained official county results, not the formerly crossed corpus roster.",text/html,,,,,,,eb760692fb1d87a364b9f7ba-8307d3147d07,,,,,,,,,2020-07-18,,utf-8,['eb760692fb1d87a364b9f7ba-8307d3147d07'],,,,,,,,,,,,,,,,,,,,,,,,,,
ks20-forum,https://www2.ljworld.com/news/county-government/2020/jun/16/democrat-candidates-for-douglas-county-commission-all-voice-opposition-to-planned-jail-expansion/,https://www2.ljworld.com/news/county-government/2020/jun/16/democrat-candidates-for-douglas-county-commission-all-voice-opposition-to-planned-jail-expansion/,2020-06-16,2026-09-24T06:17:57.786326+00:00,,data/raw/policy_kansas_2020/ks20-forum/bec059580356e80921ff1ee3a3479d2fdc62c6d15decc2ed448fd34461cdd9b1.html,bec059580356e80921ff1ee3a3479d2fdc62c6d15decc2ed448fd34461cdd9b1,109623,used,Original forum report names all five candidates and separates District2 from District3. Only speaker-attributed quotations are retained.,text/html,,,,,,,,,,,,,,,,2020-06-23,,utf-8,"['ab0cacebc503b7fc496a87a5-bec059580356', '578107b0fe157faddde19604-bec059580356']",,,,,,,,,,,,,,,,,,,,,,,,,,
ma22-stanton-peake,https://provincetownindependent.org/featured/2022/08/17/26311,https://provincetownindependent.org/featured/2022/08/17/26311/,2022-08-17,2026-08-19T23:27:01.236658+00:00,,data/raw/policy_massachusetts_2022/ma22-stanton-peake/0682e57607e49dd3bb3cb73c7f6c91dc241b8f5d93f94167d37230b4efa35ff6.html,d8036674867393ed44faf5a660c83497825dceaf6246fa67db3c77c78439b496,118925,timing_unverified,"The article's August17,2022 publication and September16 revision are preserved and verified from retained JSON-LD. The current body was readable through ordinary anonymous browser access without bypassing any gate. The known post-primary revision keeps the statements timing-qualified.",text/html,,,,,,,,,,,,,,,,2022-09-16,"{'format': 'json_ld', 'node_id': 'https://provincetownindependent.org/featured/2022/08/17/26311/'}",utf-8,"['1c63adf02013e7ea66b744cc-0682e57607e4', '9ee962e6e77db37e8c6db172-0682e57607e4']",,,,,,,,,,,,,,,,,,,,,,,,,,
ky20-council10-questionnaire,https://www.lpm.org/news/2020-06-17/kentucky-primary-2020-louisville-metro-council-district-10,https://www.lpm.org/news/2020-06-17/kentucky-primary-2020-louisville-metro-council-district-10,2020-06-17,2026-08-19T23:30:30.761219+00:00,,data/raw/policy_kentucky_2020/ky20-council10-questionnaire/6599921dbf9218f75f14791daaec1e2decef9191f9e499fa7719264226c48d6d.html,6599921dbf9218f75f14791daaec1e2decef9191f9e499fa7719264226c48d6d,202046,timing_unverified,"WFPL/LPM explicitly identifies these as both candidates' questionnaire answers. Original publication is June17,2020, but the retained article's same-page JSON-LD records a March5,2024 modification. The current version remains timing-qualified. Candidate statistics and claims about laws or effectiveness are not independently adopted.",text/html,,,,,,,,,,,,,,,,2024-03-05,"{'format': 'json_ld', 'node_url': 'https://www.lpm.org/news/2020-06-17/kentucky-primary-2020-louisville-metro-council-district-10', 'node_type': 'NewsArticle'}",utf-8,"['84e763f1c94565bec88209d1-6599921dbf92', '872e2ad86cfb18010a8aa56f-6599921dbf92']",,,,,,,,,,,,,,,,,,,,,,,,,,
or20-state-primary-guide,https://re.bentoncountyor.gov/wp-content/uploads/2023/12/2020May19_State-Voters-Pamphlet.pdf,https://re.bentoncountyor.gov/wp-content/uploads/2023/12/2020May19_State-Voters-Pamphlet.pdf,,2026-09-24T08:06:56.430274+00:00,,data/raw/policy_oregon_2020/or20-state-primary-guide/3421ff0da058d7592c8f2fe272d18cc13576bd0f36974c24e260b8342b74c976.pdf,3421ff0da058d7592c8f2fe272d18cc13576bd0f36974c24e260b8342b74c976,3235940,timing_unverified,"Original official2020 primary pamphlet retained from the county election office. Candidate sections expressly say who furnished the information; page22 separately lists the party/district fields. The April6 certificate dates the preparation of this edition, not its first public release, and the2023 upload path is not publication evidence. Exact publication timing remains qualified. Candidate attacks and supporters' endorsements are not treated as opponents' own positions or independent factual findings.",application/pdf,,,,,,,,,,,,,,,,,,utf-8,"['fb7bbc0089aae2c84c211d72-3421ff0da058', '117f76904ca4356861e0e4e8-3421ff0da058', '4db7e30064b1e39c6ac853ab-3421ff0da058', 'e6f610ae53f7b5c7d7acb6c2-3421ff0da058', '507832e3b5e50a72396c89a1-3421ff0da058']",,,,,,"{'election_year': '2020', 'exact_quote': 'Voters’ Pamphlet Oregon Primary Election May 19, 2020', 'source_locator': 'PDF page1, official edition cover'}",,,,,,,,,,,,,,,,,,,,
tx20-sloan-health,https://heidisloan.com/issues/medicare-for-all/,https://web.archive.org/web/20200227134153id_/https://heidisloan.com/issues/medicare-for-all/,,2026-09-24T08:35:29.372402+00:00,,data/raw/policy_texas_2020_federal/tx20-sloan-health/e193e6a15fd1b845cd0ef100ec4eb4f71e27ca3eaeb9af94fac248712f236e6c.html,e193e6a15fd1b845cd0ef100ec4eb4f71e27ca3eaeb9af94fac248712f236e6c,56110,used,Candidate-controlled text from actual retained campaign versions. Unknown original publication is not replaced with an archive request date. Campaign statements and projected effects are not independent factual findings.,text/html,,,,,,,d91bf50f061e502bd18cd4e3-e193e6a15fd1,,,,,,,,,,,utf-8,['d91bf50f061e502bd18cd4e3-e193e6a15fd1'],,,,,,,,,,,,,,,,,,,,,,,,,,
tx20-sloan-housing,https://heidisloan.com/issues/housing-for-all/,https://web.archive.org/web/20200227134406id_/https://heidisloan.com/issues/housing-for-all/,,2026-09-24T08:35:29.372692+00:00,,data/raw/policy_texas_2020_federal/tx20-sloan-housing/105981379aeb6d222c482225fbc0dc552b302628c767a2216a0a0f6841a13a49.html,105981379aeb6d222c482225fbc0dc552b302628c767a2216a0a0f6841a13a49,63295,used,Candidate-controlled text from actual retained campaign versions. Unknown original publication is not replaced with an archive request date. Campaign statements and projected effects are not independent factual findings.,text/html,,,,,,,9bfd669d44a28cf0b46182c0-105981379aeb,,,,,,,,,,,utf-8,['9bfd669d44a28cf0b46182c0-105981379aeb'],,,,,,,,,,,,,,,,,,,,,,,,,,
tx20-sloan-home,https://heidisloan.com/,https://web.archive.org/web/20200227135655id_/https://heidisloan.com/,,2026-09-24T08:34:32.874204+00:00,,data/raw/policy_texas_2020_federal/tx20-sloan-home/a61ebad4954dba93cd20b7a9f971501666b5fe58c9cd41acec68bf7f276f6841.com,a61ebad4954dba93cd20b7a9f971501666b5fe58c9cd41acec68bf7f276f6841,101163,used,Candidate-controlled text from actual retained campaign versions. Unknown original publication is not replaced with an archive request date. Campaign statements and projected effects are not independent factual findings.,text/html,,,,,,,bcc96f244a47881c7e0939a0-a61ebad4954d,,,,,,,,,,,utf-8,['bcc96f244a47881c7e0939a0-a61ebad4954d'],,,,,,,,,,,,,,,,,,,,,,,,,,
tx20-sloan-organizing,https://heidisloan.com/organizing-platform/,https://web.archive.org/web/20200227134454id_/https://heidisloan.com/organizing-platform/,,2026-09-24T08:35:29.792689+00:00,,data/raw/policy_texas_2020_federal/tx20-sloan-organizing/9df1a95f4e090d24a725f596f1b60bfd5756dd02e77add7ada7fc8889bd1c807.html,9df1a95f4e090d24a725f596f1b60bfd5756dd02e77add7ada7fc8889bd1c807,52954,used,Candidate-controlled text from actual retained campaign versions. Unknown original publication is not replaced with an archive request date. Campaign statements and projected effects are not independent factual findings.,text/html,,,,,,,b7cc52c501988fea22b066b3-9df1a95f4e09,,,,,,,,,,,utf-8,['b7cc52c501988fea22b066b3-9df1a95f4e09'],,,,,,,,,,,,,,,,,,,,,,,,,,
tx20-oliver-home,https://www.julieoliver.org/,https://web.archive.org/web/20200225041743id_/https://www.julieoliver.org/,,2026-09-24T08:34:57.096820+00:00,,data/raw/policy_texas_2020_federal/tx20-oliver-home/ae65cf1c8783195ff700428489b56eb1c94d19c7ce2782bd2a848f55cc3ef46a.org,ae65cf1c8783195ff700428489b56eb1c94d19c7ce2782bd2a848f55cc3ef46a,378676,used,Candidate-controlled text from actual retained campaign versions. Unknown original publication is not replaced with an archive request date. Campaign statements and projected effects are not independent factual findings.,text/html,,,,,,,c26e1321aaabc816195e8c8c-ae65cf1c8783,,,,,,,,,,,utf-8,['c26e1321aaabc816195e8c8c-ae65cf1c8783'],,,,,,,,,,,,,,,,,,,,,,,,,,
tx20-oliver-issues,https://www.julieoliver.org/issues,https://web.archive.org/web/20200404015309id_/https://www.julieoliver.org/issues,,2026-09-24T08:36:07.554433+00:00,,data/raw/policy_texas_2020_federal/tx20-oliver-issues/0bb394f0527adcb8f04fce5379bb94b7f532e3bb14bea3f8cbfb84fe8ea988ef.html,0bb394f0527adcb8f04fce5379bb94b7f532e3bb14bea3f8cbfb84fe8ea988ef,53442,timing_unverified,"Actual April4,2020 replay is after the March3 primary. The requested March2 lookup date is not treated as a capture. The statement is kept as explicitly timing-qualified, not verified pre-primary text.",text/html,,,,,,,5e92a1e5dfb4b06f54d84fe1-0bb394f0527a,,,,,,,,,,,utf-8,['5e92a1e5dfb4b06f54d84fe1-0bb394f0527a'],,,,,,,,,,,,,,,,,,,,,,,,,,
tx20-stonewall-federal,https://www.stonewallaustin.org/hot-news/stonewalldemocratsofaustin2020pri-26003b39199db8b6/Federal%20Responses.pdf,https://web.archive.org/web/20250705074334id_/https://www.stonewallaustin.org/hot-news/stonewalldemocratsofaustin2020pri-26003b39199db8b6/Federal%20Responses.pdf,,2026-09-24T08:25:58.550559+00:00,,data/raw/policy_texas_2020_federal/tx20-stonewall-federal/f5a2a1a79412d314e496870e7224cc7c2a8bc27f01800e2580788b8ecce539b2.pdf,f5a2a1a79412d314e496870e7224cc7c2a8bc27f01800e2580788b8ecce539b2,120351,used,"Publisher compilation is explicitly dated January8,2020 on its pages. The month identifies the dated edition without inventing a first-publication day from the2025 archive. Oliver's rows were visually matched to the candidate-name column. The implausibly repeated Sloan rows, which duplicate Doggett's answer, are withheld; they are not used as Sloan's statements.",application/pdf,,,,,,,864235a08ef1334b2a1c74f4-f5a2a1a79412,,,,,,,,,,,utf-8,['864235a08ef1334b2a1c74f4-f5a2a1a79412'],,,,,,,2020-01,"{'exact_quote': 'Candidate Questionnaire Responses Federal January 8, 2020', 'source_locator': 'PDF pages1-20, printed edition heading'}",,,,,,,,,,,,,,,,,,
mi20-tlaib-health-column,https://thepulseinstitute.org/2020/03/19/rep-tlaib-coronavirus-underscores-need-for-medicare-for-all,https://thepulseinstitute.org/2020/03/19/rep-tlaib-coronavirus-underscores-need-for-medicare-for-all/,2020-03-19,2026-08-19T23:44:37.534973+00:00,,data/raw/policy_michigan_2020/mi20-tlaib-health-column/e6123de5cb3fc9f0cd6e77d49a5b6b2b7b14aa447e7c13abd4d60309b9161476.html,b513be21c49e0607a9d53fceb23e3f059665cb064ca4232c9660ead5e60246d9,231745,used,"The publisher explicitly credits this column to Congresswoman Rashida Tlaib. The visible March19,2020 date corresponds to March20 at02:04 UTC in publisher metadata; neither date is near the primary boundary. Reporter commentary and linked articles are not used as Tlaib's own words.",text/html,,,,,,,6d6e15362124d8e5300d65a7-e6123de5cb3f,,,,,,,,,,,utf-8,['6d6e15362124d8e5300d65a7-e6123de5cb3f'],,,,,,,,,,,,,,,,,,,,,,,,,,
mi20-jones-priorities,https://brendajonesforcongress.com/priorities-2/,https://web.archive.org/web/20200622002650id_/https://brendajonesforcongress.com/priorities-2/,,2026-09-24T08:41:48.724688+00:00,,data/raw/policy_michigan_2020/mi20-jones-priorities/bcbbce7e7cbf38f0896366e8bb8d019def88f4f59093b77a8cae8be4477bc571.html,bcbbce7e7cbf38f0896366e8bb8d019def88f4f59093b77a8cae8be4477bc571,108340,used,"Actual June22,2020 pre-primary archive of Jones's own campaign priorities. A closer August8 replay was after the August4 primary and was not substituted for this earlier version. Original publication day remains unknown.",text/html,,,,,,,7a8d465d56c2c41ee335a6e9-bcbbce7e7cbf,,,,,,,,,,,utf-8,['7a8d465d56c2c41ee335a6e9-bcbbce7e7cbf'],,,,,,,,,,,,,,,,,,,,,,,,,,
ms18-bohren,https://www.mississippifreepress.org/candidate-questionnaire-jensen-bohren/,https://www.mississippifreepress.org/candidate-questionnaire-jensen-bohren/,2018-05-30,2026-09-24T08:51:24.430832+00:00,,data/raw/policy_mississippi_2018/ms18-bohren/52b9e6eba0ac1d82bba7b5de8cfb8577b63c0e517b1f6768912dd07eba494d57.html,65abe5ed575640af8272c3cfbcb95062316a3f47737d0e7c49f370d1009940e7,278432,timing_unverified,"The publisher explicitly identifies these as complete candidate-submitted2018 questionnaire answers. Original May2018 publication and March2025 revision metadata are retained and source-bound; current editions remain timing-qualified. Newsletter insertions are not candidate speech. Candidate claims, statistics and criticism of opponents are attributed, not independently verified.",text/html,,,,,,,ba79371b7d0eada28d13fe99-52b9e6eba0ac,,,,,,,,,2025-03-03,"{'format': 'json_ld', 'node_id': 'https://www.mississippifreepress.org/candidate-questionnaire-jensen-bohren/'}",utf-8,['ba79371b7d0eada28d13fe99-52b9e6eba0ac'],,,,,,,,,,,,,,,,,,,,,,,,,,
ms18-baria,https://www.mississippifreepress.org/candidate-questionnaire-david-baria/,https://www.mississippifreepress.org/candidate-questionnaire-david-baria/,2018-05-30,2026-09-24T08:51:24.431297+00:00,,data/raw/policy_mississippi_2018/ms18-baria/0921f5c8bed301e276929f4d4dfbb2db25dd51018c096595bcfa6a39ef037bef.html,36b6137fb097818ac967adb349bb43a6da4e10d41719b82628e78952c9077da3,279645,timing_unverified,"The publisher explicitly identifies these as complete candidate-submitted2018 questionnaire answers. Original May2018 publication and March2025 revision metadata are retained and source-bound; current editions remain timing-qualified. Newsletter insertions are not candidate speech. Candidate claims, statistics and criticism of opponents are attributed, not independently verified.",text/html,,,,,,,3aba23fec14a3731b0b23418-0921f5c8bed3,,,,,,,,,2025-03-03,"{'format': 'json_ld', 'node_id': 'https://www.mississippifreepress.org/candidate-questionnaire-david-baria/'}",utf-8,['3aba23fec14a3731b0b23418-0921f5c8bed3'],,,,,,,,,,,,,,,,,,,,,,,,,,
ms18-garland,https://www.mississippifreepress.org/candidate-questionnaire-jerone-garland/,https://www.mississippifreepress.org/candidate-questionnaire-jerone-garland/,2018-05-30,2026-09-24T08:51:24.721577+00:00,,data/raw/policy_mississippi_2018/ms18-garland/db2dbf02f2f2f32434bdd654784086e7c10d9f19bdbdfea0daf8512fbda2e9b4.html,d0439097a513633fea1e9cacd5f5c950311adafc2e5c94037772bb0033cd94b1,279177,timing_unverified,"The publisher explicitly identifies these as complete candidate-submitted2018 questionnaire answers. Original May2018 publication and March2025 revision metadata are retained and source-bound; current editions remain timing-qualified. Newsletter insertions are not candidate speech. Candidate claims, statistics and criticism of opponents are attributed, not independently verified.",text/html,,,,,,,e1151b478ce54f972789f1c7-db2dbf02f2f2,,,,,,,,,2025-03-03,"{'format': 'json_ld', 'node_id': 'https://www.mississippifreepress.org/candidate-questionnaire-jerone-garland/'}",utf-8,['e1151b478ce54f972789f1c7-db2dbf02f2f2'],,,,,,,,,,,,,,,,,,,,,,,,,,
ms18-sherman,https://www.mississippifreepress.org/candidate-questionnaire-howard-sherman/,https://www.mississippifreepress.org/candidate-questionnaire-howard-sherman/,2018-05-30,2026-09-24T08:52:50.355559+00:00,,data/raw/policy_mississippi_2018/ms18-sherman/425236345d3256483d8aa2ecfc6e8d77d138593b31b3a8d15c1ab056e4aebadf.html,d98230655522679563b427118f9c7fc38a1c730c4a34fb34e62c9642c66b9ac0,282561,timing_unverified,"The publisher explicitly identifies these as complete candidate-submitted2018 questionnaire answers. Original May2018 publication and March2025 revision metadata are retained and source-bound; current editions remain timing-qualified. Newsletter insertions are not candidate speech. Candidate claims, statistics and criticism of opponents are attributed, not independently verified.",text/html,,,,,,,3883fda2c9ebb6556b7884dd-425236345d32,,,,,,,,,2025-03-03,"{'format': 'json_ld', 'node_id': 'https://www.mississippifreepress.org/candidate-questionnaire-howard-sherman/'}",utf-8,['3883fda2c9ebb6556b7884dd-425236345d32'],,,,,,,,,,,,,,,,,,,,,,,,,,
ms18-maurice,https://www.mississippifreepress.org/candidate-questionnaire-victor-maurice-jr/,https://www.mississippifreepress.org/candidate-questionnaire-victor-maurice-jr/,2018-05-31,2026-09-24T08:52:50.355859+00:00,,data/raw/policy_mississippi_2018/ms18-maurice/685d0c3cde3701fe63b9f6855a9c7dffcb3d4c21a47e8dd9e2189d4e1889db85.html,1f36b8e2c5e15b851c91eb8fd533fed524e143d4e61d4dcc01fc489ea6778058,280011,timing_unverified,"The publisher explicitly identifies these as complete candidate-submitted2018 questionnaire answers. Original May2018 publication and March2025 revision metadata are retained and source-bound; current editions remain timing-qualified. Newsletter insertions are not candidate speech. Candidate claims, statistics and criticism of opponents are attributed, not independently verified.",text/html,,,,,,,225748f6c1c6d097ab722827-685d0c3cde37,,,,,,,,,2025-03-03,"{'format': 'json_ld', 'node_id': 'https://www.mississippifreepress.org/candidate-questionnaire-victor-maurice-jr/'}",utf-8,['225748f6c1c6d097ab722827-685d0c3cde37'],,,,,,,,,,,,,,,,,,,,,,,,,,
nc20-chatham-primary-guide,https://cdn2.creativecirclemedia.com/chatham/files/20200225-180020-CNR_2020_0227.pdf,https://cdn2.creativecirclemedia.com/chatham/files/20200225-180020-CNR_2020_0227.pdf,2020-02-27,2026-09-24T09:23:21.116922+00:00,,data/raw/policy_north_carolina_2020/nc20-chatham-primary-guide/5665048cc23837a77d038cbe15f3d184f4a9a0002a6eb382469bb7ac99cd51b1.pdf,5665048cc23837a77d038cbe15f3d184f4a9a0002a6eb382469bb7ac99cd51b1,61882425,used,"Original Chatham News + Record weekly edition, explicitly dated February27-March4,2020 on the cover and questionnaire pages. The issue begins before the March3 primary; the URL upload timestamp is not used as publication evidence. The two Democratic questionnaire blocks on printed pagesB6-B7 (PDF pages20-21) were visually reviewed to separate candidate answers from reporter analysis and adjacent Republican columns. Candidate allegations, statistics and legislative-record claims are not independently adopted.",application/pdf,,,,,,,,,,,,,,,,,,utf-8,"['8a4dd45c706202455f2e496f-5665048cc238', '7a6d7c0950c9120d27fb233c-5665048cc238']",,,,,,,,,,,,,,,,,,,,,,,,,,
ma20-markey,https://mavotertable.org/s/MA-Voter-Table-US-Senate-Primary-Questionnaire-Ed-Markey.pdf,https://static1.squarespace.com/static/57c6d8b729687fde090b28db/t/5f2d9f6a9259ad5ccb885387/1734548911827/MA+Voter+Table+US+Senate+Primary+Questionnaire+-+Ed+Markey.pdf,,2026-08-19T23:41:27.555103+00:00,,data/raw/policy_massachusetts_senate_2020/ma20-markey/76e109e752f8c6a0aa5cb7b436ddc9711acde5748f1b7c3e8a547234518647a1.pdf,76e109e752f8c6a0aa5cb7b436ddc9711acde5748f1b7c3e8a547234518647a1,124849,timing_unverified,"Original named Massachusetts Voter Table Senate-candidate responses. The questionnaires address the pandemic election and the2020 contest, but a precise original publication day or pre-primary capture was not recovered. They remain timing-qualified. Public-policy statistics and claims about a candidate's record are attributed, not independently verified.",application/pdf,,,,,,,ff98aea25f5b240e400cf983-76e109e752f8,,,,,,,,,,,utf-8,['ff98aea25f5b240e400cf983-76e109e752f8'],,,,,,"{'election_year': '2020', 'exact_quote': 'ensuring the 2020 elections, and future elections, are resilient to emergencies', 'source_locator': 'PDF page1'}",,,,,,,,,,,,,,,,,,,,
ma20-kennedy,https://mavotertable.org/s/MA-Voter-Table-US-Senate-Primary-Questionnaire-Joseph-Kennedy.pdf,https://static1.squarespace.com/static/57c6d8b729687fde090b28db/t/5f2d9fa9c832293a518e694f/1734548911827/MA+Voter+Table+US+Senate+Primary+Questionnaire+-+Joseph+Kennedy.pdf,,2026-08-20T00:06:09.627057+00:00,,data/raw/policy_massachusetts_senate_2020/ma20-kennedy/cfd86fbc3b45fc19c7158091240a2798c8aed8a3761d336219ab2beae211770d.pdf,cfd86fbc3b45fc19c7158091240a2798c8aed8a3761d336219ab2beae211770d,132639,timing_unverified,"Original named Massachusetts Voter Table Senate-candidate responses. The questionnaires address the pandemic election and the2020 contest, but a precise original publication day or pre-primary capture was not recovered. They remain timing-qualified. Public-policy statistics and claims about a candidate's record are attributed, not independently verified.",application/pdf,,,,,,,5f0e5c49fe9ea4ae0342776d-cfd86fbc3b45,,,,,,,,,,,utf-8,['5f0e5c49fe9ea4ae0342776d-cfd86fbc3b45'],,,,,,"{'election_year': '2020', 'exact_quote': 'Responses to the Massachusetts Voter Table Questionnaire for US Senate Candidates - Joseph Kennedy', 'source_locator': 'PDF page1, named primary-questionnaire header; pandemic-election questions and same-contest official identity provide context'}",,,,,,,,,,,,,,,,,,,,
ma20-markey-chapter-endorsement,https://www.wamc.org/new-england-news/2020-08-19/berkshire-democratic-socialists-back-markey-in-senate-primary,https://www.wamc.org/new-england-news/2020-08-19/berkshire-democratic-socialists-back-markey-in-senate-primary,2020-08-19,2026-09-24T10:03:07.175858+00:00,,data/raw/policy_massachusetts_senate_2020/ma20-markey-chapter-endorsement/76e8f4f2c084faa9094602d15347e67cce8e2f3debd4ef2e50bb3d78a882d083.html,76e8f4f2c084faa9094602d15347e67cce8e2f3debd4ef2e50bb3d78a882d083,185926,identity_only,"WAMC's August19,2020 report interviews the named Berkshires DSA spokesperson about the chapter's Markey endorsement and identifies the September1 primary. This corroborates a local endorsement, not a national endorsement. The chapter's original release URL returned403 and was not bypassed. No material from a partisan secondary index is used as candidate policy evidence.",text/html,,,,,,,,,,,,,,,,,,utf-8,,,,,,,,,,,,,,,,,,,,,,,,,,,
ny17-elyateem,https://www.brooklynpaper.com/our-sit-down-with-bay-ridge-council-candidate-rev-khader-el-yateem/,https://www.brooklynpaper.com/our-sit-down-with-bay-ridge-council-candidate-rev-khader-el-yateem/,2017-08-29,2026-09-24T19:23:17.526390+00:00,,data/raw/policy_new_york_2017/ny17-elyateem/6048f43489be2b5bc792e5668b92ef822697fd8cc815278fd3c0c144d4076c62.html,6048f43489be2b5bc792e5668b92ef822697fd8cc815278fd3c0c144d4076c62,121001,used,"Read the complete published interview and distinguish literal candidate speech from the editor's headings, paraphrases and embedded claims. Publication and modification dates agree in retained publisher metadata for the Brooklyn Paper interviews. These are edited published responses, not unedited transcripts, complete platforms, or independently verified factual claims. Vincent Chirico remains without reviewed words; a guessed interview route returned404.",text/html,,,,,,,ee9580f5942b271b0ea5a5cd-6048f43489be,,,,,,,,,2017-08-29,"{'format': 'json_ld', 'node_id': 'https://www.brooklynpaper.com/our-sit-down-with-bay-ridge-council-candidate-rev-khader-el-yateem/#webpage'}",utf-8,['ee9580f5942b271b0ea5a5cd-6048f43489be'],,,,,,,,,,,,,,,,,,,,,,,,,,
ny17-brannan,https://www.brooklynpaper.com/our-sit-down-with-bay-ridge-council-candidate-justin-brannan/,https://www.brooklynpaper.com/our-sit-down-with-bay-ridge-council-candidate-justin-brannan/,2017-08-23,2026-09-24T19:23:17.602065+00:00,,data/raw/policy_new_york_2017/ny17-brannan/f56c20adb8cb7d4b7d21cd58099eb14063f0edebe16a398c05abd9867bc01790.html,f56c20adb8cb7d4b7d21cd58099eb14063f0edebe16a398c05abd9867bc01790,119823,used,"Read the complete published interview and distinguish literal candidate speech from the editor's headings, paraphrases and embedded claims. Publication and modification dates agree in retained publisher metadata for the Brooklyn Paper interviews. These are edited published responses, not unedited transcripts, complete platforms, or independently verified factual claims. Vincent Chirico remains without reviewed words; a guessed interview route returned404.",text/html,,,,,,,fb81b7ea96678381e93346b8-f56c20adb8cb,,,,,,,,,2017-08-23,"{'format': 'json_ld', 'node_id': 'https://www.brooklynpaper.com/our-sit-down-with-bay-ridge-council-candidate-justin-brannan/#webpage'}",utf-8,['fb81b7ea96678381e93346b8-f56c20adb8cb'],,,,,,,,,,,,,,,,,,,,,,,,,,
ny17-carroll,https://www.brooklynpaper.com/our-sit-down-with-bay-ridge-council-candidate-kevin-peter-carroll/,https://www.brooklynpaper.com/our-sit-down-with-bay-ridge-council-candidate-kevin-peter-carroll/,2017-08-25,2026-09-24T19:23:17.637242+00:00,,data/raw/policy_new_york_2017/ny17-carroll/a07a9a694c5867506b0adea0193bdff2ee14e943ccf321ed4d95107f50cb9a52.html,a07a9a694c5867506b0adea0193bdff2ee14e943ccf321ed4d95107f50cb9a52,119861,used,"Read the complete published interview and distinguish literal candidate speech from the editor's headings, paraphrases and embedded claims. Publication and modification dates agree in retained publisher metadata for the Brooklyn Paper interviews. These are edited published responses, not unedited transcripts, complete platforms, or independently verified factual claims. Vincent Chirico remains without reviewed words; a guessed interview route returned404.",text/html,,,,,,,6adbc8ef929fc2c351a4cf97-a07a9a694c58,,,,,,,,,2017-08-25,"{'format': 'json_ld', 'node_id': 'https://www.brooklynpaper.com/our-sit-down-with-bay-ridge-council-candidate-kevin-peter-carroll/#webpage'}",utf-8,['6adbc8ef929fc2c351a4cf97-a07a9a694c58'],,,,,,,,,,,,,,,,,,,,,,,,,,
ny17-tong,https://www.brooklynpaper.com/our-sit-down-with-bay-ridge-council-candidate-nancy-tong/,https://www.brooklynpaper.com/our-sit-down-with-bay-ridge-council-candidate-nancy-tong/,2017-09-06,2026-09-24T19:23:17.564312+00:00,,data/raw/policy_new_york_2017/ny17-tong/022a731055c70f137e8c930a55acbb9f6a84c7e938af45966cee0c521943e06d.html,022a731055c70f137e8c930a55acbb9f6a84c7e938af45966cee0c521943e06d,115562,used,"Read the complete published interview and distinguish literal candidate speech from the editor's headings, paraphrases and embedded claims. Publication and modification dates agree in retained publisher metadata for the Brooklyn Paper interviews. These are edited published responses, not unedited transcripts, complete platforms, or independently verified factual claims. Vincent Chirico remains without reviewed words; a guessed interview route returned404.",text/html,,,,,,,8632a749c8bf005d47ca542e-022a731055c7,,,,,,,,,2017-09-06,"{'format': 'json_ld', 'node_id': 'https://www.brooklynpaper.com/our-sit-down-with-bay-ridge-council-candidate-nancy-tong/#webpage'}",utf-8,['8632a749c8bf005d47ca542e-022a731055c7'],,,,,,,,,,,,,,,,,,,,,,,,,,
ny17-elyateem-thorn,https://thethorn.nyc/posts/fair-workweek-el-yateem-interview/,https://thethorn.nyc/posts/fair-workweek-el-yateem-interview/,2017-06-05,2026-09-24T19:23:17.495613+00:00,,data/raw/policy_new_york_2017/ny17-elyateem-thorn/486103d5db83ef913967a86f3f3bb58e61ab5d5e36f391329b2b9aff2f51bcbe.html,486103d5db83ef913967a86f3f3bb58e61ab5d5e36f391329b2b9aff2f51bcbe,568370,used,"The original NYC DSA newsletter archive explicitly labels issue16 Monday, June05,2017 in paragraph7 and identifies the named candidate's email interview in paragraph26. The2022 Substack migration notice is sitewide publisher text, not a2017 candidate statement or a claim of a particular article-revision date. Only the candidate's explicitly prefixed answers are reviewed; surrounding newsletter stories are not his words.",text/html,,,,,,,a231591d1255bd3590020099-486103d5db83,,,,,,,,,,,utf-8,['a231591d1255bd3590020099-486103d5db83'],,,,,,,,,,,,,,,,,,,,,,,,,,
wi26-gov-housing,https://pbswisconsin.org/watch/here-and-now/wisconsins-2026-governor-candidates-on-the-cost-of-housing-rxmiyw/,https://pbswisconsin.org/watch/here-and-now/wisconsins-2026-governor-candidates-on-the-cost-of-housing-rxmiyw/,2026-04-22,2026-09-24T19:47:49.431443+00:00,,data/raw/policy_wisconsin_governor_2026/wi26-gov-housing/317ed5a620a3b13a3552a5de2cb7b18c1b1c2f1d7f0cd3c2d36e1a4f3896dbd3.html,eb5e87edf9d9baae3ca243fa8fd90a665dcb910cc2478d1c5fab2bd501a32811,248484,used,"Original publicly accessible PBS Wisconsin episode transcript with separately named speakers. Episode dates are printed in the retained page and agree with the publisher's VideoObject datePublished metadata. Empty unrelated JSON-LD blocks supply no evidence. Only the named candidate's own response is quoted; reporters, Republican candidates and Missy Hughes, who is outside the current tracked ballot field, are not silently attributed to these six candidates. Statements describe the interview period, not a guarantee of an unchanged platform or continued campaign activity at the primary. Statistics, legal descriptions and claimed records remain attributed speech, not independently verified findings.",text/html,,,,,,,,,,,,,,,,,,utf-8,"['aa725c1fc2d3e3d4bccb217f-317ed5a620a3', '0bb1391fa67da1f0af427510-317ed5a620a3', '5043dbf8200bef327f5fd767-317ed5a620a3', '122d92167fdea8228702a0e5-317ed5a620a3', '100ad5ab1cd963f4b7f29f70-317ed5a620a3', '326c3e08bcc520c123cbd592-317ed5a620a3']",,,,,,,,,,,,,,,,,,,,,,,,,,
wi26-gov-data,https://pbswisconsin.org/watch/here-and-now/data-centers-and-wisconsins-2026-candidates-for-governor-erbniy/,https://pbswisconsin.org/watch/here-and-now/data-centers-and-wisconsins-2026-candidates-for-governor-erbniy/,2026-02-18,2026-09-24T19:47:49.542801+00:00,,data/raw/policy_wisconsin_governor_2026/wi26-gov-data/7e7c591a43ac62017910fdb70378bd1e4fcce284afa16beb880ecf773d1045e8.html,9c82bcd0eefaa0f94f54b0ecbba2bd3a0121b892863b69568a3f659c6891cda5,247756,used,"Original publicly accessible PBS Wisconsin episode transcript with separately named speakers. Episode dates are printed in the retained page and agree with the publisher's VideoObject datePublished metadata. Empty unrelated JSON-LD blocks supply no evidence. Only the named candidate's own response is quoted; reporters, Republican candidates and Missy Hughes, who is outside the current tracked ballot field, are not silently attributed to these six candidates. Statements describe the interview period, not a guarantee of an unchanged platform or continued campaign activity at the primary. Statistics, legal descriptions and claimed records remain attributed speech, not independently verified findings.",text/html,,,,,,,,,,,,,,,,,,utf-8,"['32b8808b1bcddebb3457e9c3-7e7c591a43ac', 'af25c89c45d18e8923afefb1-7e7c591a43ac', '4b32e66ef3448e129bef093c-7e7c591a43ac', '6f4f21fff25b47072d97b2ee-7e7c591a43ac', '0a6d0128e899c97dd9ccbb4e-7e7c591a43ac', '5913367b6f127697c9fb8f8a-7e7c591a43ac']",,,,,,,,,,,,,,,,,,,,,,,,,,
wi26-gov-schools,https://pbswisconsin.org/watch/wisconsin-s-2026-governor-candidates-consider-school-funding/wisconsins-2026-governor-candidates-consider-school-funding-lgrrw3/,https://pbswisconsin.org/watch/wisconsin-s-2026-governor-candidates-consider-school-funding/wisconsins-2026-governor-candidates-consider-school-funding-lgrrw3/,2026-01-30,2026-09-24T19:47:49.403003+00:00,,data/raw/policy_wisconsin_governor_2026/wi26-gov-schools/c0879d657652137bf3f0d9583a457d661b8e46aef798b9a1635969f70a32d1b5.html,394a7cc0f9f6041e8ad7a641946d129b4bddcbcfe303100634ad2a7f98b215eb,256811,used,"Original publicly accessible PBS Wisconsin episode transcript with separately named speakers. Episode dates are printed in the retained page and agree with the publisher's VideoObject datePublished metadata. Empty unrelated JSON-LD blocks supply no evidence. Only the named candidate's own response is quoted; reporters, Republican candidates and Missy Hughes, who is outside the current tracked ballot field, are not silently attributed to these six candidates. Statements describe the interview period, not a guarantee of an unchanged platform or continued campaign activity at the primary. Statistics, legal descriptions and claimed records remain attributed speech, not independently verified findings.",text/html,,,,,,,,,,,,,,,,,,utf-8,"['06904ca8601ba26cee6a04fd-c0879d657652', 'a310798c5d892d647def6a00-c0879d657652', '748eae64e421fa29ebdb8549-c0879d657652', '129f2376f8efc15ef2dcbf9a-c0879d657652', 'ae15d888cd27824a58706c15-c0879d657652', 'b00c07326cdb355bbe63e4a8-c0879d657652']",,,,,,,,,,,,,,,,,,,,,,,,,,
wi26-gov-priorities,https://pbswisconsin.org/watch/what-wisconsin-s-2026-governor-hopefuls-want-to-pursue-first/what-wisconsins-2026-governor-hopefuls-want-to-pursue-first-hjb4yp/,https://pbswisconsin.org/watch/what-wisconsin-s-2026-governor-hopefuls-want-to-pursue-first/what-wisconsins-2026-governor-hopefuls-want-to-pursue-first-hjb4yp/,2026-01-16,2026-09-24T19:47:49.468165+00:00,,data/raw/policy_wisconsin_governor_2026/wi26-gov-priorities/dbff53b22655f4e96e264deaa2c1bf1276069d1f791a7ae5a9a84a9af057d614.html,5544c90f735a00436918e9944f1b20657d7ef98b119c7275c636d5deebc4c589,252075,used,"Original publicly accessible PBS Wisconsin episode transcript with separately named speakers. Episode dates are printed in the retained page and agree with the publisher's VideoObject datePublished metadata. Empty unrelated JSON-LD blocks supply no evidence. Only the named candidate's own response is quoted; reporters, Republican candidates and Missy Hughes, who is outside the current tracked ballot field, are not silently attributed to these six candidates. Statements describe the interview period, not a guarantee of an unchanged platform or continued campaign activity at the primary. Statistics, legal descriptions and claimed records remain attributed speech, not independently verified findings.",text/html,,,,,,,,,,,,,,,,,,utf-8,"['42b1f686f3a284ce82747b65-dbff53b22655', 'e15664890d0f7d447cedd08b-dbff53b22655', '3e2d2b3639816bb3021ae153-dbff53b22655', '093c12dbc07b6e5cd52d40c4-dbff53b22655', 'fe1e0524e294aae969c09d1a-dbff53b22655', '08877f9b171934cdab157ba5-dbff53b22655']",,,,,,,,,,,,,,,,,,,,,,,,,,
wi26-gov-bipartisan,https://pbswisconsin.org/watch/how-wisconsin-s-2026-governor-candidates-view-bipartisanship/how-wisconsins-2026-governor-candidates-view-bipartisanship-pw3vgb/,https://pbswisconsin.org/watch/how-wisconsin-s-2026-governor-candidates-view-bipartisanship/how-wisconsins-2026-governor-candidates-view-bipartisanship-pw3vgb/,2026-01-21,2026-09-24T19:47:49.508433+00:00,,data/raw/policy_wisconsin_governor_2026/wi26-gov-bipartisan/cb5df6e7b009ec25cd71ee53d2dff34bf94f543b0516acb6efdb100973e0e64a.html,14d7addd3ed3d65f2f054c4b477a3216a6ac0c985d252a02acd75834fc0d304b,252784,used,"Original publicly accessible PBS Wisconsin episode transcript with separately named speakers. Episode dates are printed in the retained page and agree with the publisher's VideoObject datePublished metadata. Empty unrelated JSON-LD blocks supply no evidence. Only the named candidate's own response is quoted; reporters, Republican candidates and Missy Hughes, who is outside the current tracked ballot field, are not silently attributed to these six candidates. Statements describe the interview period, not a guarantee of an unchanged platform or continued campaign activity at the primary. Statistics, legal descriptions and claimed records remain attributed speech, not independently verified findings.",text/html,,,,,,,,,,,,,,,,,,utf-8,"['3e63292ec596f3255b7ae37d-cb5df6e7b009', '4f38c539308513aba02ceb50-cb5df6e7b009', '71b50bcf63a5390535987090-cb5df6e7b009', 'a841e9716cfcda73859549e5-cb5df6e7b009', 'c01790a3d61dcaa77ea462dc-cb5df6e7b009', 'f0f507fe3a5a3276d8abeaea-cb5df6e7b009']",,,,,,,,,,,,,,,,,,,,,,,,,,
hp20-sanders-extra,https://web.archive.org/web/20200105220028id_/https://berniesanders.com/issues/,https://web.archive.org/web/20200105220028id_/https://berniesanders.com/issues/,,2026-08-21T01:50:48.939529+00:00,,data/raw/policy_presidential_2020_followup/hp20-sanders-extra/d9fc63d68b43a1e19ecd2fa6f6b3e8288d44f21f98ae52859d0d8965518e5f1a.html,d9fc63d68b43a1e19ecd2fa6f6b3e8288d44f21f98ae52859d0d8965518e5f1a,66700,used,"Original candidate-controlled presidential campaign text retained in actual pre-primary archive versions. National material is reviewed once in the2020 New Hampshire context and may only be reused elsewhere with explicit identity/date checks; it adds no independent state-specific observations. These are campaign-period snapshots, not proof of continued activity after withdrawal or an unchanged final platform. Candidate statistics, medical claims, legal assertions and projected effects are not independently adopted.",text/html,,,,,,,85738f2f25b3adfa4f3159ad-d9fc63d68b43,,,,,,,,,,,utf-8,['85738f2f25b3adfa4f3159ad-d9fc63d68b43'],,,,,,,,,,,,,,,,,,,,,,,offline_replay_of_retained_source,b1092dbc6977f2e591f1d242,official_campaign_platform,
hp20-gleib,https://web.archive.org/web/20190921214849id_/https://www.gleib2020.com/issues,https://web.archive.org/web/20190921214849id_/https://www.gleib2020.com/issues,,2026-08-21T03:37:43.679748+00:00,,data/raw/policy_presidential_2020_followup/hp20-gleib/e5014bc57c4cea4137565de70bdca22ebcac6c0552d8a860c29cbcb6a8b9ab9a.html,6f18c98f72872bb40976c418c0338863ebb9d7d67eb91b8327946240ddc084ed,80150,used,"Original candidate-controlled presidential campaign text retained in actual pre-primary archive versions. National material is reviewed once in the2020 New Hampshire context and may only be reused elsewhere with explicit identity/date checks; it adds no independent state-specific observations. These are campaign-period snapshots, not proof of continued activity after withdrawal or an unchanged final platform. Candidate statistics, medical claims, legal assertions and projected effects are not independently adopted.",text/html,,,,,,,00ebc05ea1059e039823ad9e-e5014bc57c4c,,,,,,,,,,,utf-8,['00ebc05ea1059e039823ad9e-e5014bc57c4c'],,,,,,,,,,,,,,,,,,,,,,,offline_replay_of_retained_source,16514502a00fa3beca2c60c1,official_campaign_platform,
hp20-patrick,https://web.archive.org/web/20191206035149id_/https://devalpatrick2020.com/vision/,https://web.archive.org/web/20191206035149id_/https://devalpatrick2020.com/vision/,2019-11-12,2026-08-21T02:30:26.038890+00:00,,data/raw/policy_presidential_2020_followup/hp20-patrick/86b54bbe7ef593c9011f1a1524eab10aed78065984da772e71f98d089358aea0.html,86b54bbe7ef593c9011f1a1524eab10aed78065984da772e71f98d089358aea0,29438,used,"Original candidate-controlled presidential campaign text retained in actual pre-primary archive versions. National material is reviewed once in the2020 New Hampshire context and may only be reused elsewhere with explicit identity/date checks; it adds no independent state-specific observations. These are campaign-period snapshots, not proof of continued activity after withdrawal or an unchanged final platform. Candidate statistics, medical claims, legal assertions and projected effects are not independently adopted.",text/html,,,,,,,d648ae5d973d3f8740dd515c-86b54bbe7ef5,,,,,,,,,,{'format': 'html_meta'},utf-8,['d648ae5d973d3f8740dd515c-86b54bbe7ef5'],,,,,,,,,,,,,,,,,,,,,,,offline_replay_of_retained_source,9e290dfa680ac5e82da8a8ff,official_campaign_platform,
hp20-bullock,https://web.archive.org/web/20191020085924id_/https://stevebullock.com/economic-inclusion/,https://web.archive.org/web/20191020085924id_/https://stevebullock.com/economic-inclusion/,2019-10-04,2026-08-21T03:37:41.278620+00:00,,data/raw/policy_presidential_2020_followup/hp20-bullock/646d038b3b34749fceef4b49e1ac45919b366edea110ed34a4d672d1a4a96a24.html,646d038b3b34749fceef4b49e1ac45919b366edea110ed34a4d672d1a4a96a24,78446,used,"Original candidate-controlled presidential campaign text retained in actual pre-primary archive versions. National material is reviewed once in the2020 New Hampshire context and may only be reused elsewhere with explicit identity/date checks; it adds no independent state-specific observations. These are campaign-period snapshots, not proof of continued activity after withdrawal or an unchanged final platform. Candidate statistics, medical claims, legal assertions and projected effects are not independently adopted.",text/html,,,,,,,90907553a342623128ea8350-646d038b3b34,,,,,,,,,2019-10-04,"{'format': 'json_ld', 'node_id': 'https://stevebullock.com/economic-inclusion/#webpage'}",utf-8,['90907553a342623128ea8350-646d038b3b34'],,,,,,,,,,,,,,,,,,,,,,,offline_replay_of_retained_source,a73b20df8ed1ca6ac6e5f71c,official_campaign_platform,
hp20-yang-health-preprimary,https://web.archive.org/web/20200201000000id_/https://www.yang2020.com/policies/medicare-for-all/,https://web.archive.org/web/20200204080054id_/https://www.yang2020.com/policies/medicare-for-all/,2019-04-16,2026-09-24T20:26:21.855254+00:00,,data/raw/policy_presidential_2020_followup/hp20-yang-health-preprimary/a171bd700a48499df5ca7c46fbe67ef19f85db3f379d86e0ad9e03062c30bb1e.html,ef9389fb7aac1345274320ce047fc25eb2a37e6b28f230cff56c97ec553d9c43,439790,used,"The actual retained replay is February4,2020, not the requested February1 timestamp. Publisher metadata reports original publication April16,2019 and revision January20,2020. The current policy discussion is separated from embedded older book and interview quotations. An earlier recovery attempt redirected to February12, after the New Hampshire primary, and was not used.",text/html,,,,,,,e37c3ffb99273d62e63415bf-a171bd700a48,,,,,,,,,2020-01-20,"{'format': 'json_ld', 'node_id': 'https://www.yang2020.com/policies/medicare-for-all/#webpage'}",utf-8,['e37c3ffb99273d62e63415bf-a171bd700a48'],,,,,,,,,,,,,,,,,,,,,,,,,official_campaign_platform,
hp20-yang-dividend,https://web.archive.org/web/20200201000000id_/https://www.yang2020.com/policies/the-freedom-dividend/,https://web.archive.org/web/20200204082527id_/https://www.yang2020.com/policies/the-freedom-dividend/,2018-01-22,2026-09-24T20:26:21.777882+00:00,,data/raw/policy_presidential_2020_followup/hp20-yang-dividend/9b79cd0933baeb0ce5f99c358074a8b8e69cdef3535d330d6dedef4c06b469d4.html,fe1c8af9266afaab3caea5daf5b697ab90eca48a056b26f633a1272b390d967d,438731,used,"The original page dates to2018, while its January20,2020 revision and actual February4,2020 campaign replay establish the retained edition. Original publication is preserved, not relabeled as the capture. Historical quotations from other people and the embedded book excerpt are not candidate-model inputs. This page does not fully specify interaction with existing benefit programs.",text/html,,,,,,,cf6f5ef5d8bd0e95b3a052c2-9b79cd0933ba,,,,,,,,,2020-01-20,"{'format': 'json_ld', 'node_id': 'https://www.yang2020.com/policies/the-freedom-dividend/#webpage'}",utf-8,['cf6f5ef5d8bd0e95b3a052c2-9b79cd0933ba'],,,,,,,,,,,,,,,,,,,,,,,,,official_campaign_platform,pre_primary_archived_campaign_platform
hp20-yang-capitalism,https://web.archive.org/web/20200201000000id_/https://www.yang2020.com/policies/human-capitalism/,https://web.archive.org/web/20200208035659id_/https://www.yang2020.com/policies/human-capitalism/,2018-01-21,2026-09-24T20:26:21.813156+00:00,,data/raw/policy_presidential_2020_followup/hp20-yang-capitalism/856732a4b236af9f7d9affa553f6098f74a3cc69d4bcda39eb8419d864e09458.html,526146a55b50e6e338101dd813686aefca9436d13a701d8d365b8ca933745e4f,442082,used,"Preserve the2018 original publication and January20,2020 revision separately from the actual February8,2020 replay. The current campaign proposals are scoped separately from older book excerpts and historical quotations. The late replay cannot establish this edition's availability before an earlier primary.",text/html,,,,,,,894dba0e683b9e6b40f0165f-856732a4b236,,,,,,,,,2020-01-20,"{'format': 'json_ld', 'node_id': 'https://www.yang2020.com/policies/human-capitalism/#webpage'}",utf-8,['894dba0e683b9e6b40f0165f-856732a4b236'],,,,,,,,,,,,,,,,,,,,,,,,,official_campaign_platform,pre_primary_archived_campaign_platform
hp20-williamson-health,https://web.archive.org/web/20200101000000id_/https://www.marianne2020.com/issues/healthcare,https://web.archive.org/web/20200105103132id_/https://www.marianne2020.com/issues/healthcare,,2026-09-24T20:38:59.739314+00:00,,data/raw/policy_presidential_2020_followup/hp20-williamson-health/fc2b3acffe536e969d832cf9c46ada03058992b856574e9dc160b4355769c8e3.html,fc2b3acffe536e969d832cf9c46ada03058992b856574e9dc160b4355769c8e3,59016,used,"Actual January5,2020 replay of the dedicated healthcare page; original publication is unknown. Its specific public-Medicare option and private-insurance choice are preserved rather than replacing them with a label inferred from Medicare-for-all language elsewhere. Medical and epidemiological claims are attributed campaign material, not clinical guidance.",text/html,,,,,,,3afa47c0c9704b03c032b624-fc2b3acffe53,,,,,,,,,,,utf-8,['3afa47c0c9704b03c032b624-fc2b3acffe53'],,,,,,,,,,,,,,,,,,,,,,,,,official_campaign_platform,
hp20-williamson-economy,https://web.archive.org/web/20200101000000id_/https://www.marianne2020.com/issues/the-economy,https://web.archive.org/web/20191214155435id_/https://www.marianne2020.com/issues/the-economy,,2026-09-24T20:38:59.725542+00:00,,data/raw/policy_presidential_2020_followup/hp20-williamson-economy/20f9031ea002e04a7547ebdfb9987e6a8066568d3226aa620111a85ae597a03a.html,20f9031ea002e04a7547ebdfb9987e6a8066568d3226aa620111a85ae597a03a,84046,used,"Actual December14,2019 replay. The complete source includes an embedded Nation/IPS questionnaire; prompts and unverified selection-option lists are not automatically candidate commitments or model inputs. Main paragraph80 offers UBI to all American adults, while her explicit questionnaire comment in paragraph140 says ages18-65. Preserve that intra-page eligibility ambiguity rather than silently choosing one version. The healthcare page separately states an optional Medicare route.",text/html,,,,,,,111656877f9091502bb30612-20f9031ea002,,,,,,,,,,,utf-8,['111656877f9091502bb30612-20f9031ea002'],,,,,,,,,,,,,,,,,,,,,,,,,official_campaign_platform,
hp20-williamson-reparations,https://web.archive.org/web/20200101000000id_/https://www.marianne2020.com/issues/racial-reconciliation-and-healing,https://web.archive.org/web/20191129150626id_/https://www.marianne2020.com/issues/racial-reconciliation-and-healing,,2026-09-24T20:38:59.776579+00:00,,data/raw/policy_presidential_2020_followup/hp20-williamson-reparations/a6978de595fec941cd6efa5f3c7d5f2e8222f4937224561319551afe1215d3ed.html,a6978de595fec941cd6efa5f3c7d5f2e8222f4937224561319551afe1215d3ed,50883,used,"Actual November29,2019 replay of the candidate's own reparations proposal. Historical figures and legal claims are not independently verified; the coded commitment is the expressly proposed funding range, period and decision-making council.",text/html,,,,,,,8a6c0520737aa553d190abd5-a6978de595fe,,,,,,,,,,,utf-8,['8a6c0520737aa553d190abd5-a6978de595fe'],,,,,,,,,,,,,,,,,,,,,,,,,official_campaign_platform,
hp20-williamson-hub,https://web.archive.org/web/20190607121027id_/https://www.marianne2020.com/issues,https://web.archive.org/web/20190607121027id_/https://www.marianne2020.com/issues,,2026-08-21T02:30:59.097826+00:00,,data/raw/policy_presidential_2020_followup/hp20-williamson-hub/af4ea8bd84ef7d262326a6df6b340004376c383d617d7d8425ab3c1a2e3338d1.html,af4ea8bd84ef7d262326a6df6b340004376c383d617d7d8425ab3c1a2e3338d1,34246,used,"The June7,2019 issue hub contains actual candidate-authored campaign framing as well as issue-link labels. Only its substantive framing supports the reviewed statement; labels such as Health Care are not substituted for a financing policy.",text/html,,,,,,,f0bcff69bdd936f87e991abe-af4ea8bd84ef,,,,,,,,,,,utf-8,['f0bcff69bdd936f87e991abe-af4ea8bd84ef'],,,,,,,,,,,,,,,,,,,,,,,offline_replay_of_retained_source,2049ff46a51a373a1b0f1fd1,official_campaign_platform,
md26-d39,https://marylandmatters.org/voter-guides/contests/district-39-democratic-primary/,https://marylandmatters.org/voter-guides/contests/district-39-democratic-primary/,,2026-09-25T00:47:10.654358+00:00,,data/raw/policy_maryland_2026_followup/md26-d39/188da9a9f73e6e871c93a11daa868452e9c7dc98aee33661ef5b55204a35e86c.html,0450d6bac13ebae34b84e0f602832b46cc7092ec2a0c8a68d2abdff51ab4c75c,243056,timing_unverified,"Maryland Matters republishes named Vote411 candidate answers. Its retained2026 guide methodology explicitly says campaign-site biographies were edited/condensed but questionnaire answers were not edited. Only the five named answer blocks are reviewed here, not biographies. This contest page lacks a verified original publication/revision timestamp; the current guide also displays an election-complete notice. Parent-guide release metadata is not proof these exact answers were available before June23. Preserve pre-primary version uncertainty and original wording. Amar Mukunda is absent from this guide; absence is not proof of nonresponse, withdrawal or no platform. All legal, fiscal and biographical claims remain attributed candidate statements, not independent findings.",text/html,,,,,,,,,,,,,,,,,,utf-8,"['e37fa093c5059d507579aedf-188da9a9f73e', '36734c21d28f7a13e9d78bee-188da9a9f73e', '9656d815edb1b0541f30c744-188da9a9f73e', '68ed161b43df64f055d46391-188da9a9f73e', 'a819a8af1368316ddfec4a68-188da9a9f73e']",,,,,,"{'election_year': '2026', 'exact_quote': 'Voter Guide: 2026 Primary election', 'source_locator': 'paragraph122, publisher republishing attribution for this District39 guide'}",,,,,,,,,,,,,,,,,,,candidate_questionnaire,
md26-guide-method,https://marylandmatters.org/voter-guides/2026-primary-election/,https://marylandmatters.org/voter-guides/2026-primary-election/,2026-06-08,2026-09-25T00:47:10.619272+00:00,,data/raw/policy_maryland_2026_followup/md26-guide-method/8f56286d76b75a6e88b9f38a2f41b9914988dc61afeffc1e9dd464da8ca3d94c.html,b8b554fd45af0af6183a42fdac6ff9228fe4c9a5480ec5c688df564a7f692c4b,545539,identity_only,Retained publisher methodology: paragraphs36-37 attribute the questionnaire answers to Vote411 and distinguish unedited answers from edited campaign-site biographies. Publication and modification metadata are recorded for this parent page only. Its current election-complete notice means the parent metadata is not used to certify the precise contest-answer version before the primary.,text/html,,,,,,,,,,,,,,,,2026-06-12,"{'format': 'json_ld', 'node_id': 'https://marylandmatters.org/voter-guides/2026-primary-election/'}",utf-8,,,,,,,"{'election_year': '2026', 'exact_quote': 'Voter Guide: 2026 Primary election', 'source_locator': 'paragraph122, publisher republishing attribution for this District39 guide'}",,,,,,,,,,,,,,,,,,,candidate_questionnaire,
az18-westbrook-old-platform,https://web.archive.org/web/20170701000000id_/https://westbrook2018.com/our-platform,https://web.archive.org/web/20170612211046id_/https://westbrook2018.com/our-platform,,2026-09-25T00:54:38.755005+00:00,,data/raw/policy_arizona_2018_followup/az18-westbrook-old-platform/008fd573adbbd8c04e40bd6bb806e8ecff4714dcb24a15bfac746a25c2f96dd4.html,008fd573adbbd8c04e40bd6bb806e8ecff4714dcb24a15bfac746a25c2f96dd4,177542,used,"Original candidate-controlled congressional campaign pages retained in actual pre-primary archive versions. The June2017 Westbrook pages precede the special-election announcement but explicitly identify the same2018 Arizona8 congressional candidacy; they are early campaign positions, not proof every detail remained unchanged until February27. Article bylines, template edit timestamps and copyright years are not promoted to first-publication dates. Candidate factual, medical, legal and fiscal claims remain attributed, not independently verified. Later state-house material reached through redirects is excluded from this congressional comparison.",text/html,,,,,,,383d4f40ea2e00150a4bebcc-008fd573adbb,,,,,,,,,,,utf-8,['383d4f40ea2e00150a4bebcc-008fd573adbb'],,,,,,,,,,,,,,,,,,,,,,,,,official_campaign_platform,
az18-westbrook-old-issues,https://web.archive.org/web/20170701000000id_/https://westbrook2018.com/on-the-issues,https://web.archive.org/web/20170612211055id_/https://westbrook2018.com/on-the-issues,,2026-09-25T00:54:38.719320+00:00,,data/raw/policy_arizona_2018_followup/az18-westbrook-old-issues/e913770b5cd103dab2db674e737a3593179d3c2d64bf2d785dab002ddba2d99d.html,e913770b5cd103dab2db674e737a3593179d3c2d64bf2d785dab002ddba2d99d,192472,used,"Original June12,2017 congressional issue page. Repeated reproductive-rights, gun and climate paragraphs are preserved in the complete download but enrolled only once. The repeated sections do not create independent evidence.",text/html,,,,,,,305580629286af87bfc67f4b-e913770b5cd1,,,,,,,,,,,utf-8,['305580629286af87bfc67f4b-e913770b5cd1'],,,,,,,,,,,,,,,,,,,,,,,,,official_campaign_platform,
az18-westbrook-single-payer,https://web.archive.org/web/20171216170154id_/https://westbrookforcongress.com/an-unintended-benefit-for-older-americans-with-single-payer-system/,https://web.archive.org/web/20171216170154id_/https://westbrookforcongress.com/an-unintended-benefit-for-older-americans-with-single-payer-system/,,2026-09-25T00:54:29.224002+00:00,,data/raw/policy_arizona_2018_followup/az18-westbrook-single-payer/d8f12dc0c6b1ddcdd6b095b6a8582c6913b437f31dfba337a035586049ddece6.html,8564b52b9e13152dbcfc8dfff37301e22adc630ef149d149680b59bdd4c91d93,74773,used,"Original candidate-authored single-payer article, actual December16,2017 replay. Paragraph22 says expansion of Medicaid while the heading in paragraph25 says Medicare for All. Preserve the program-name inconsistency. The unambiguous commitments are tax-financed single payer, private delivery, removal of financial barriers and elimination of private health insurers; do not silently change Medicaid to Medicare.",text/html,,,,,,,0a9a74266dd3eb2fd120c0ba-d8f12dc0c6b1,,,,,,,,,,,utf-8,['0a9a74266dd3eb2fd120c0ba-d8f12dc0c6b1'],,,,,,,,,,,,,,,,,,,,,,,,,official_campaign_platform,
az18-westbrook-economic-frame,https://web.archive.org/web/20180121034703id_/https://westbrookforcongress.com/governments-war-and-exploitation-of-the-poor-middle-class/,https://web.archive.org/web/20180121034703id_/https://westbrookforcongress.com/governments-war-and-exploitation-of-the-poor-middle-class/,,2026-09-25T00:54:29.295878+00:00,,data/raw/policy_arizona_2018_followup/az18-westbrook-economic-frame/10468dc162de8ecd7d500d0073c81a7f7f1b07a8b164fdb7fad866a5c0d366c2.html,10468dc162de8ecd7d500d0073c81a7f7f1b07a8b164fdb7fad866a5c0d366c2,67068,used,"Original candidate-controlled congressional campaign pages retained in actual pre-primary archive versions. The June2017 Westbrook pages precede the special-election announcement but explicitly identify the same2018 Arizona8 congressional candidacy; they are early campaign positions, not proof every detail remained unchanged until February27. Article bylines, template edit timestamps and copyright years are not promoted to first-publication dates. Candidate factual, medical, legal and fiscal claims remain attributed, not independently verified. Later state-house material reached through redirects is excluded from this congressional comparison.",text/html,,,,,,,b207cb2a13d53a5aa7001ca8-10468dc162de,,,,,,,,,,,utf-8,['b207cb2a13d53a5aa7001ca8-10468dc162de'],,,,,,,,,,,,,,,,,,,,,,,,,official_campaign_platform,
az18-tipirneni-health,https://web.archive.org/web/20180215000000id_/http://hiralforcongress.com/issues/healthcare/,https://web.archive.org/web/20180215044926id_/http://hiralforcongress.com/issues/healthcare/,,2026-09-25T00:52:52.931856+00:00,,data/raw/policy_arizona_2018_followup/az18-tipirneni-health/5affea324015551e329a0420b37a39dc8ba1dd713b7a6071772b0af8732370ad.html,5affea324015551e329a0420b37a39dc8ba1dd713b7a6071772b0af8732370ad,61039,used,"Original candidate-controlled congressional campaign pages retained in actual pre-primary archive versions. The June2017 Westbrook pages precede the special-election announcement but explicitly identify the same2018 Arizona8 congressional candidacy; they are early campaign positions, not proof every detail remained unchanged until February27. Article bylines, template edit timestamps and copyright years are not promoted to first-publication dates. Candidate factual, medical, legal and fiscal claims remain attributed, not independently verified. Later state-house material reached through redirects is excluded from this congressional comparison.",text/html,,,,,,,1102c7de7a5b884e5d1112fb-5affea324015,,,,,,,,,,,utf-8,['1102c7de7a5b884e5d1112fb-5affea324015'],,,,,,,,,,,,,,,,,,,,,,,,,official_campaign_platform,
az18-tipirneni-economy,https://web.archive.org/web/20180118020724id_/http://hiralforcongress.com/issues/economy/,https://web.archive.org/web/20180118020724id_/http://hiralforcongress.com/issues/economy/,,2026-09-25T00:55:08.990085+00:00,,data/raw/policy_arizona_2018_followup/az18-tipirneni-economy/55570442a4eb9a3a907253e3a5bfb321c90a5e964145d6ca5da8c5a09385e7a5.html,55570442a4eb9a3a907253e3a5bfb321c90a5e964145d6ca5da8c5a09385e7a5,61499,used,"The page is an official Hiral campaign platform, not a claim that Hiral personally typed each word. It has a staff/template author label, and explicitly describes District8 economic proposals. The existing retained copy includes archive chrome; this exact replay is separately retained and the same substantive text is deduplicated downstream.",text/html,,,,,,,951248aca3414078de182109-55570442a4eb,,,,,,,,,,,utf-8,['951248aca3414078de182109-55570442a4eb'],,,,,,,,,,,,,,,,,,,,,,,,,official_campaign_platform,
