canonical_race_id,race_id,is_canonical,scope_kind,election_date,state_code,office,jurisdiction,merge_group_size,candidate_aliases
me-house-39-dem-primary-2016,me-house-39-dem-primary-2016,true,tracked_dsa_endorsed_democratic_primary,2016-06-14,ME,State Representative District 39,Maine,1,a edwards | and edwards | andrew edwards | m sylvester | mik sylvester | mike sylvester
national-rec0ntzcTu773zMP5-dem-primary,national-rec0ntzcTu773zMP5-dem-primary,true,tracked_dsa_endorsed_democratic_primary,2023-05-16,PA,"Allegheny County Council, District 11",Allegheny County,1,d mcdermott | den mcdermott | dennis mcdermott | p klein | pau klein | paul klein
national-rec86L5cxZpX2cLlO-dem-primary,national-rec86L5cxZpX2cLlO-dem-primary,true,tracked_dsa_endorsed_democratic_primary,2018-06-26,CO,Boulder County Commissioner,Boulder County,1,c willmeng | cli willmeng | cliff willmeng
national-recAcpDZztXL02ym0-dem-primary,national-recAcpDZztXL02ym0-dem-primary,true,tracked_dsa_endorsed_democratic_primary,2021-09-14,CT,"Legislative Council, Hamden District 3",Hamden,1,a osmanu | abd osmanu | abdul osmanu
national-recDXw3CpyWrmjZpF-dem-primary,national-recDXw3CpyWrmjZpF-dem-primary,true,tracked_dsa_endorsed_democratic_primary,2026-08-04,MI,US Congress (MI-13),District 13,1,d congress | d for | don congress | don for | donavan congress | donavan for | donavan mckinney for congress | s thanedar | shr thanedar | shri thanedar
national-reccwrJN64S6TImp4-dem-primary,national-reccwrJN64S6TImp4-dem-primary,true,tracked_dsa_endorsed_democratic_primary,2018-06-12,ME,US Senate,Statewide,1,z ringelstein | zak ringelstein
national-recdSNsXy6cvCBnso-dem-primary,national-recdSNsXy6cvCBnso-dem-primary,true,tracked_dsa_endorsed_democratic_primary,2021-06-22,NY,"Common Council, Ithaca Ward 1",Ithaca,1,m halpert | mad halpert | maddie halpert
national-recfesuwYaOGwn0M1-dem-primary,national-recfesuwYaOGwn0M1-dem-primary,true,tracked_dsa_endorsed_democratic_primary,2021-06-22,NY,"Common Council, Ithaca Ward 4",Ithaca,1,g defendini | geo defendini | george defendini
national-rechYkbRdzk70pbun-dem-primary,national-rechYkbRdzk70pbun-dem-primary,true,tracked_dsa_endorsed_democratic_primary,2022-05-17,KY,"Louisville Metro Council, District 15",Louisville,1,t lamon | tyl lamon | tyler lamon
national-reciWW5o3Sg5OjAgj-dem-primary,national-reciWW5o3Sg5OjAgj-dem-primary,true,tracked_dsa_endorsed_democratic_primary,2025-06-24,NY,"Alderperson Ward 1, Ithaca Common Council",Ithaca,1,j defendini | jor defendini | jorge defendini
national-recihG0fIKbvStGIg-dem-primary,national-recihG0fIKbvStGIg-dem-primary,true,tracked_dsa_endorsed_democratic_primary,2023-05-16,PA,"Pittsburgh City Council, District 7",City of Pittsburgh / Allegheny County,1,d gross | deb gross | j botta | jor botta | jordan botta
national-recxFBpmHW4uAhpHQ-dem-primary,national-recxFBpmHW4uAhpHQ-dem-primary,true,tracked_dsa_endorsed_democratic_primary,2021-09-14,CT,"Legislative Council, Hamden District 5",Hamden,1,j farmer | jus farmer | justin farmer
national-recz9WOUNjTC3V34x-dem-primary,national-recz9WOUNjTC3V34x-dem-primary,true,tracked_dsa_endorsed_democratic_primary,2026-06-02,NJ,"Plainfield City Council, Ward 1",Plainfield,1,m anandarangam | meg anandarangam | r graham | rob graham | robert graham | y griffin | yas griffin | yasmin griffin
nyc-mayor-dem-primary-2025,nyc-mayor-dem-primary-2025,true,tracked_dsa_endorsed_democratic_primary,2025-06-24,NY,Mayor,New York City,1,a adams | a cuomo | a e | a m | adr adams | adr e | adrienne adams | adrienne e | adrienne e adams | and cuomo | and m | andrew cuomo | andrew m | andrew m cuomo | b lander | bra lander | brad lander | j ramos | jes ramos | jessica ramos | m blake | mic blake | michael blake | p love | p prince | pap love | pap prince | paperboy love | paperboy love prince | paperboy prince | s bartholomew | s k | s m | s stringer | sco m | sco stringer | scott m | scott m stringer | scott stringer | sel bartholomew | sel k | selma bartholomew | selma k | selma k bartholomew | w r | w tilson | whi r | whi tilson | whitney r | whitney r tilson | whitney tilson | z mamdani | z myrie | zel myrie | zellnor myrie | zoh mamdani | zohran mamdani
race-008359a3ae2f818fb2a9,race-008359a3ae2f818fb2a9,true,other_corpus_race,2024-11-05,LA,US House,District 2,1,c lynch | chr lynch | christy lynch | d davis | d graham | d lance | dev davis | dev graham | dev lance | devin davis | devin graham | devin lance | devin lance graham | s perrilloux | sho perrilloux | shondrell perrilloux | t a | t carter | tro a | tro carter | troy a | troy a carter | troy carter
race-01544fd6f43d869a7792,race-01544fd6f43d869a7792,true,other_corpus_race,2024-06-25,,,,1,m benedetto | mic benedetto | michael benedetto
race-0159b30b2abfcca8ea6b,race-0159b30b2abfcca8ea6b,true,tracked_dsa_endorsed_democratic_primary,2025-06-24,NY,City Council,District 38,1,a aviles | ale aviles | alexa aviles | l ye | lin ye | ling ye
race-017fe96eb07366f790ea,race-017fe96eb07366f790ea,true,tracked_dsa_endorsed_democratic_primary,2024-06-25,NY,State Assembly,District 56,2,e huntley | e tyrell | eon huntley | eon tyrell | eon tyrell huntley | s l | s zinerman | ste l | ste zinerman | stefani l | stefani l zinerman | stefani zinerman
race-017fe96eb07366f790ea,race-5c72cfd566dcc338d6c1,false,tracked_dsa_endorsed_democratic_primary,2024-06-25,NY,State Assembly,District 56,2,e huntley | e tyrell | eon huntley | eon tyrell | eon tyrell huntley | s l | s zinerman | ste l | ste zinerman | stefani l | stefani l zinerman | stefani zinerman
race-01a8a2624bb11b60a39a,race-01a8a2624bb11b60a39a,true,other_corpus_race,2020-08-04,,,,1,b doglio | bet doglio | beth doglio | d hewett | d johnson | dea johnson | dean johnson | don hewett | e lemay | eri lemay | eric lemay | g allen | g pross | gor allen | gor pross | gordon allen | gordon allen pross | gordon pross | j collins | j maynard | jac maynard | jackson maynard | jos collins | joshua collins | k m | k reeves | kri m | kri reeves | kristine m | kristine m reeves | kristine reeves | m bacon | m strickland | mar bacon | mar strickland | marilyn strickland | mary bacon | n dailey | n slotnick | nan dailey | nan slotnick | nancy dailey | nancy dailey slotnick | nancy slotnick | p gardner | phi gardner | phil gardner | r bell | r boyce | r ingrim | r johnson | r tate | ral johnson | ralph johnson | ran bell | randolph bell | ria ingrim | rian ingrim | ric boyce | richard boyce | rya tate | ryan tate | s wright | sam wright | t buckley | tod buckley | todd buckley
race-0218abea5bd67b0db8de,race-0218abea5bd67b0db8de,true,tracked_dsa_endorsed_democratic_primary,2024-06-11,NV,State Assembly,District 10,2,k greenwood | kyl greenwood | kyle greenwood | v karris | v l | v thomason | val thomason | valerie thomason | ven karris | ven l | venise karris | venise l | venise l karris
race-0218abea5bd67b0db8de,race-9b0675e2de4790a2c295,false,tracked_dsa_endorsed_democratic_primary,2024-06-11,NV,State Assembly,District 10,2,k greenwood | kyl greenwood | kyle greenwood | v karris | v l | v thomason | val thomason | valerie thomason | ven karris | ven l | venise karris | venise l | venise l karris
race-0237c4a27ae65d01b793,race-0237c4a27ae65d01b793,true,tracked_dsa_endorsed_democratic_primary,2024-06-04,DC,City Council,Ward 4,1,j george | j lewis | jan george | jan lewis | janeese george | janeese lewis | janeese lewis george | l gore | lis gore | lisa gore | p johnson | pau johnson | paul johnson
race-0238993b2ccb424dc347,race-0238993b2ccb424dc347,true,tracked_dsa_endorsed_democratic_primary,2026-08-04,MI,US House,District 12,2,b h | b nolen | byr h | byr nolen | byron h | byron h nolen | byron nolen | r tlaib | ras tlaib | rashida tlaib | s jackson | sha jackson | shanelle jackson
race-0238993b2ccb424dc347,race-4203a44e4268ffb9f421,false,tracked_dsa_endorsed_democratic_primary,2026-08-04,MI,US House,District 12,2,b h | b nolen | byr h | byr nolen | byron h | byron h nolen | byron nolen | r tlaib | ras tlaib | rashida tlaib | s jackson | sha jackson | shanelle jackson
race-026beb7df1654b4ca5c4,race-026beb7df1654b4ca5c4,true,tracked_dsa_endorsed_democratic_primary,2018-06-12,NV,District Attorney,Clark County,1,r l | r langford | rob l | rob langford | robert l | robert l langford | robert langford | s wolfson | ste wolfson | steve wolfson
race-02c4c65549e1b95a5ad9,race-02c4c65549e1b95a5ad9,true,tracked_dsa_endorsed_democratic_primary,2021-05-18,PA,City Council At-Large,Allentown,1,c mota | cyn mota | cynthia mota | d hendricks | d l | dar hendricks | dar l | daryl hendricks | daryl l | daryl l hendricks | e rodriguez | e zucal | ed zucal | eri rodriguez | erik rodriguez | j fields | jus fields | justan fields | n santos | nat santos | natalie santos | p palmer | pat palmer | patrick palmer | s napoli | san napoli | santo napoli | t babayan | tin babayan | tino babayan
race-0371ba58189e203d8e3e,race-0371ba58189e203d8e3e,true,tracked_dsa_endorsed_democratic_primary,2020-06-23,NY,State Assembly,District 149,1,a bojak | a l | ada bojak | ada l | adam bojak | adam l | adam l bojak | j d | j rivera | jon d | jon rivera | jonathan d | jonathan d rivera | jonathan rivera | r quintana | rob quintana | robert quintana
race-049299a4595c67aafc85,race-049299a4595c67aafc85,true,other_corpus_race,2026-05-19,,Mayor,Athens,1,d fisher | dex fisher | dexter fisher | l gantt | lak gantt | lakeisha gantt | m zuniga | mar zuniga | mara zuniga | s miller | sha miller | sharon miller | t denson | tim denson
race-04cb327196963b09ba9f,race-04cb327196963b09ba9f,true,tracked_dsa_endorsed_democratic_primary,2021-06-22,NY,Common Council,Albany Ward 6,1,g a | g romero | gab a | gab romero | gabriella a | gabriella a romero | gabriella romero | j d | j mayo | jef d | jef mayo | jeffrey d | jeffrey d mayo | jeffrey mayo | r marius | r olivier | ric marius | ric olivier | richard marius | richard olivier | richard olivier marius | s m | s pedo | sus m | sus pedo | susan m | susan m pedo | susan pedo
race-04edaf6b921af5fb05b3,race-04edaf6b921af5fb05b3,true,other_corpus_race,2026-08-11,TX,Mayor,,1,b short | bre short | brenda short | j austin | jea austin | jeanelle austin | o fateh | oma fateh | omar fateh
race-04f4b140e43f16fb25b0,race-04f4b140e43f16fb25b0,true,other_corpus_race,2021-08-03,MI,City Council,Lansing Ward 2,1,j a | j garza | jer a | jer garza | jeremy a | jeremy a garza | jeremy garza | n zande | nic zande | nicklas zande | o revish | opr revish | oprah revish
race-05835d3a049b0be0e256,race-05835d3a049b0be0e256,true,tracked_dsa_endorsed_democratic_primary,2020-09-15,DE,City Council,Wilmington District 1,1,a al | a mills | alb al | alb mills | albert al | albert al mills | albert mills | c owens | cob owens | coby owens | k butter | k flowers | kar butter | kar flowers | karen butter | karen butter flowers | karen flowers | l gray | lin gray | linda gray
race-05c887ffae75d010ea4d,race-05c887ffae75d010ea4d,true,tracked_dsa_endorsed_democratic_primary,2024-08-06,MI,State Representative,District 26,1,d coleman | d richardson | d wegela | dea coleman | dea richardson | deartriss coleman | deartriss coleman richardson | deartriss richardson | dyl wegela | dylan wegela
race-0650530eb5458097dae5,race-0650530eb5458097dae5,true,tracked_dsa_endorsed_democratic_primary,2021-08-03,OH,US House,District 11,1,i powell | isa powell | isaac powell | j barnes | j bell | j e | j jerome | j johnson | jam bell | jam jerome | james bell | james jerome | james jerome bell | jef johnson | jeff johnson | joh barnes | joh e | john barnes | john e | john e barnes | l shabazz | lat shabazz | lateek shabazz | m alexander | mar alexander | martin alexander | n turner | nin turner | nina turner | p m | p pinkney | pam m | pam pinkney | pamela m | pamela m pinkney | pamela pinkney | s brown | s corey | s j | s smith | set corey | set j | seth corey | seth j | seth j corey | shi smith | shirley smith | sho brown | shontel brown | t k | t shabazz | tar k | tar shabazz | tariq k | tariq k shabazz | tariq shabazz | w knight | wil knight | will knight
race-070b37bae80f159ff674,race-070b37bae80f159ff674,true,other_corpus_race,2021-02-16,WI,School Board,Milwaukee Public Schools Board,1,a brower | a fishman | abb fishman | abbie fishman | ale brower | alex brower | j gokalgandhi | jil gokalgandhi | jilly gokalgandhi | k okoro | k phelps | kah okoro | kah phelps | kahri okoro | kahri phelps | kahri phelps okoro
race-0737ecc067d5cc0799e8,race-0737ecc067d5cc0799e8,true,tracked_dsa_endorsed_democratic_primary,2018-03-06,TX,"U.S. House, Texas District 2","U.S. House, Texas District 2",1,a khorasani | ali khorasani | h parvizian | ham parvizian | hamid parvizian | j jones | jim jones | jimmy jones | s malik | sil malik | silky malik | t litton | tod litton | todd litton
race-07e8c0f659f04a7168be,race-07e8c0f659f04a7168be,true,other_corpus_race,2021-08-10,MN,City Council,Duluth At-Large,1,a awal | a castaldo | ash castaldo | ashlie castaldo | azr awal | azrin awal | d davila | d pez | dez davila | dez pez | dezuwon davila | dezuwon pez | dezuwon pez davila | j macor | joe macor | n stam | nan stam | nancy stam | s jenkins | sco jenkins | scot jenkins | t l | t meyer | t tomanek | ter tomanek | terese tomanek | tim l | tim meyer | timothy l | timothy l meyer | timothy meyer
race-0a67e638042856300063,race-0a67e638042856300063,true,other_corpus_race,2026-06-02,CA,City Council,District 9,1,e mazariegos | e roldan | elm roldan | elmer roldan | est mazariegos | estuardo mazariegos | j hernandez | j nuno | j rosas | j ugarte | jor hernandez | jor nuno | jor rosas | jorge hernandez | jorge hernandez rosas | jorge nuno | jorge rosas | jos ugarte | jose ugarte | m sanchez | mar sanchez | martha sanchez
race-0b648ab38046db8ff140,race-0b648ab38046db8ff140,true,tracked_dsa_endorsed_democratic_primary,2021-06-22,NY,County Legislature,Ulster County District 6,1,d donaldson | dav donaldson | david donaldson | p erner | phi erner | phil erner
race-0b902d615156cfc70e34,race-0b902d615156cfc70e34,true,tracked_dsa_endorsed_democratic_primary,2026-06-16,DC,City Council,Ward 1,1,a raj | apa raj | aparna raj | j reyes | j yanes | jac reyes | jac yanes | jackie reyes | jackie reyes yanes | jackie yanes | m deramo | m trindade | mig deramo | mig trindade | miguel deramo | miguel trindade | miguel trindade deramo | r brown | ras brown | rashida brown | t lynch | ter lynch | terry lynch
race-0c197de9cc747ac05e9d,race-0c197de9cc747ac05e9d,true,other_corpus_race,2024-08-06,,,,1,a murphy | ali murphy | alissa murphy | c harris | c henderson | car harris | car henderson | carl harris | carl henderson
race-0d82e08f0a96b36956e8,race-0d82e08f0a96b36956e8,true,other_corpus_race,2022-08-23,NY,,,1,k mays | k parker | k williams | kae mays | kae williams | kaegan mays | kaegan mays williams | kaegan williams | kev parker | kevin parker
race-0de2ddb13df7ec856a27,race-0de2ddb13df7ec856a27,true,tracked_dsa_endorsed_democratic_primary,2021-06-22,NY,City Council,Poughkeepsie At-Large,1,c petsas | chr petsas | chris petsas | d ron | d wilson | da ron | da ron wilson | da wilson | s salem | sar salem | sarah salem
race-0deb7056246c06a2c331,race-0deb7056246c06a2c331,true,tracked_dsa_endorsed_democratic_primary,2026-03-17,IL,State Senate,District 33,1,s mago | sat mago | satnaam mago
race-0defc60b6d18a763a9a6,race-0defc60b6d18a763a9a6,true,tracked_dsa_endorsed_democratic_primary,2019-06-11,VA,City Council,Charlottesville At-Large,1,b pinkston | b russell | bri pinkston | bri russell | brian pinkston | brian russell | brian russell pinkston | j lloyd | j snook | joh lloyd | joh snook | john lloyd | john lloyd snook | john snook | m keith | m payne | mic keith | mic payne | michael keith | michael keith payne | michael payne | r fenwick | r francis | rob fenwick | rob francis | robert fenwick | robert francis | robert francis fenwick | s amelia | s magill | sen amelia | sen magill | sena amelia | sena amelia magill | sena magill
race-0e827af23fd1b67250ce,race-0e827af23fd1b67250ce,true,other_corpus_race,2021-08-03,MI,Mayor,Lansing,1,a schor | and schor | andy schor | f omar | f sheikh | far omar | far sheikh | farhan omar | farhan sheikh | farhan sheikh omar | k dunbar | kat dunbar | kathie dunbar | l hutchinson | l james | lar hutchinson | lar james | larry hutchinson | larry james | larry james hutchinson | m huber | mel huber | melissa huber | p spitzley | pat spitzley | patricia spitzley
race-0ef60b3e6338b2638ff2,race-0ef60b3e6338b2638ff2,true,other_corpus_race,2021-08-24,FL,City Council,St. Petersburg District 8,1,d kuplicki | dan kuplicki | dane kuplicki | j danner | j mayo | jam mayo | jamie mayo | jef danner | jeff danner | r floyd | ric floyd | richie floyd
race-0efcfaf846114fe67a11,race-0efcfaf846114fe67a11,true,tracked_dsa_endorsed_democratic_primary,2023-09-12,CT,Legislative Council At-Large,Hamden,1,d baez | dom baez | dominique baez | k kiely | kat kiely | katie kiely | l p | l sweet | l zackery | lar p | lar zackery | larry p | larry p zackery | larry zackery | lau sweet | laurie sweet | m l | m saller | mel l | mel saller | melinda l | melinda l saller | melinda saller | r d | r lytle | reg d | reg lytle | reginald d | reginald d lytle | reginald lytle | s boddie | s l | ste boddie | ste l | steven boddie | steven l | steven l boddie | t hunt | t m | tas hunt | tas m | tasha hunt | tasha m | tasha m hunt
race-0f0734c608b02353f3cf,race-0f0734c608b02353f3cf,true,tracked_dsa_endorsed_democratic_primary,2016-09-08,MA,State Representative 26th Middlesex District,Massachusetts 26th Middlesex District,1,m connolly | mik connolly | mike connolly | t j | t toomey | tim j | tim toomey | timothy j | timothy j toomey | timothy toomey
race-0f831c1823a5528f7bf6,race-0f831c1823a5528f7bf6,true,tracked_dsa_endorsed_democratic_primary,2020-09-15,DE,State House,District 27,1,e a | e jaques | e morrison | ear jaques | earl jaques | eri a | eri morrison | eric a | eric a morrison | eric morrison
race-1018572bbe0d5cb327c4,race-1018572bbe0d5cb327c4,true,tracked_dsa_endorsed_democratic_primary,2025-06-24,NY,Mayor,Rochester,1,m d | m evans | m lupien | mal d | mal evans | malik d | malik d evans | malik evans | mar lupien | mary lupien | s ranjan | s sinha | sha ranjan | sha sinha | shashi ranjan | shashi ranjan sinha | shashi sinha
race-1100fb533385dbaeb1f8,race-1100fb533385dbaeb1f8,true,other_corpus_race,2017-09-26,,,,1,a bernhard | a golonka | ale bernhard | ale golonka | alexander bernhard | alexander bernhard golonka | alexander golonka | b bowser | b david | bra bowser | bra david | brandon bowser | brandon david | brandon david bowser | m ciommo | m s | mar ciommo | mar s | mark ciommo | mark s | mark s ciommo
race-113c05b3c91fa4d614bf,race-113c05b3c91fa4d614bf,true,tracked_dsa_endorsed_democratic_primary,2018-09-13,NY,Lieutenant Governor,Statewide,1,j williams | jum williams | jumaane williams | k c | k hochul | kat c | kat hochul | kathy c | kathy c hochul | kathy hochul
race-118f532f469a0fced428,race-118f532f469a0fced428,true,tracked_dsa_endorsed_democratic_primary,2021-05-18,PA,Magisterial District Judge,Magisterial District 05-3-10,1,a ceoffe | ant ceoffe | anthony ceoffe | x orenstein | xan orenstein | xander orenstein
race-11b2afab91d000318469,race-11b2afab91d000318469,true,tracked_dsa_endorsed_democratic_primary,2022-08-23,NY,State Senate,District 21,1,d alexis | dav alexis | david alexis | k mays | k parker | k s | k williams | kae mays | kae williams | kaegan marie mays williams | kaegan mays | kaegan williams | kev parker | kev s | kevin parker | kevin s | kevin s parker
race-1222367a071612c7736a,race-1222367a071612c7736a,true,tracked_dsa_endorsed_democratic_primary,2021-06-22,NY,City Council,District 38,2,a aviles | ale aviles | alexa aviles | c zuniga | ces zuniga | cesar zuniga | j painter | jac painter | jacqui painter | r camarena | r g | rod camarena | rod g | rodrigo camarena | rodrigo g | rodrigo g camarena | v swinton | vic swinton | victor swinton | y lin | yu lin
race-1222367a071612c7736a,race-e25b4a06c884a6586b71,false,tracked_dsa_endorsed_democratic_primary,2021-06-22,NY,City Council,District 38,2,a aviles | ale aviles | alexa aviles | c zuniga | ces zuniga | cesar zuniga | j painter | jac painter | jacqui painter | r camarena | r g | rod camarena | rod g | rodrigo camarena | rodrigo g | rodrigo g camarena | v swinton | vic swinton | victor swinton | y lin | yu lin
race-126843eb8d9937b28ff1,race-126843eb8d9937b28ff1,true,tracked_dsa_endorsed_democratic_primary,2018-03-06,TX,US House,Congressional District 23,1,a angie | a villescaz | ang angie | ang villescaz | angela angie | angela angie villescaz | angela villescaz | g jones | g ortiz | gin jones | gin ortiz | gina jones | gina ortiz | gina ortiz jones | j canales | j hulings | jay hulings | jud canales | judy canales | r trevino | ric trevino | rick trevino
race-145ef0f5b3eee7d39938,race-145ef0f5b3eee7d39938,true,tracked_dsa_endorsed_democratic_primary,2018-06-05,MS,US Senate,Statewide,1,d baria | dav baria | david baria | h sherman | how sherman | howard sherman | j bohren | j garland | jen bohren | jensen bohren | jer garland | jerone garland | o scott | ome scott | omeria scott | v g | v maurice | vic g | vic maurice | victor g | victor g maurice | victor maurice
race-148f3a6d232181dd80d9,race-148f3a6d232181dd80d9,true,other_corpus_race,2020-03-03,CA,US House,District 50,1,a campa | a najjar | amm campa | amm najjar | ammar campa | ammar campa najjar | ammar najjar | b jones | b w | bri jones | bri w | brian jones | brian w | brian w jones | c demaio | car demaio | carl demaio | d issa | dar issa | darrell issa | h alan | h horvath | h l | h ota | hel horvath | hel l | helen horvath | helen l | helen l horvath | hen alan | hen ota | henry alan | henry alan ota | henry ota | j cortes | jos cortes | jose cortes | l jahn | l kwh | luc jahn | luc kwh | lucinda jahn | lucinda kwh | lucinda kwh jahn | m calderon | mar calderon | marisa calderon | n nate | n wilkins | nat nate | nat wilkins | nathan nate | nathan nate wilkins | nathan wilkins
race-14d53ce965776b0cb235,race-14d53ce965776b0cb235,true,tracked_dsa_endorsed_democratic_primary,2026-03-03,TX,Justice of the Peace,Precinct 1 (Travis County),1,a hairston | and hairston | andrew hairston | c parks | cia parks | ciara parks
race-1619e17f83ec30198cc9,race-1619e17f83ec30198cc9,true,tracked_dsa_endorsed_democratic_primary,2026-09-01,MA,State Representative,25th Middlesex,1,e mackay | eva mackay | evan mackay | m c | m decker | mar c | mar decker | marjorie c | marjorie c decker | marjorie decker
race-169d6d06ee847f1df0db,race-169d6d06ee847f1df0db,true,other_corpus_race,2025-09-09,,,,1,f maldonado | fra maldonado | francisco maldonado | j descoteaux | j g | joh descoteaux | joh g | john descoteaux | john g | john g descoteaux | m a | m candido | mar a | mar candido | marcos a | marcos a candido | marcos candido
race-16d397610d7e59470898,race-16d397610d7e59470898,true,other_corpus_race,2021-02-16,WI,County Supervisor,Milwaukee County District 10,1,a anderson | ale anderson | aleyah anderson | d b | d madison | d mcclendon | dan mcclendon | danielle mcclendon | dar b | dar madison | darrin b | darrin b madison | darrin madison | j ferguson | j m | jam ferguson | jam m | james ferguson | james m | james m ferguson | p coggs | p jones | pri coggs | pri jones | priscilla coggs | priscilla e coggs jones | priscilla jones
race-1746d4d5babab5e5d1cd,race-1746d4d5babab5e5d1cd,true,other_corpus_race,2022-09-13,MO,Board of Aldermen President,St. Louis,1,j coatar | jac coatar | jack coatar | m green | meg green | megan green
race-183cee175deff89674c1,race-183cee175deff89674c1,true,tracked_dsa_endorsed_democratic_primary,2022-05-17,KY,State House,District 43,2,p d | p stevenson | pam d | pam stevenson | pamela d | pamela d stevenson | pamela stevenson | r bell | r levertis | rob bell | rob levertis | robert bell | robert levertis | robert levertis bell
race-183cee175deff89674c1,race-feec176b89a4744d3bba,false,other_corpus_race,2022-05-17,KY,State House,District 43,2,p d | p stevenson | pam d | pam stevenson | pamela d | pamela d stevenson | pamela stevenson | r bell | r levertis | rob bell | rob levertis | robert bell | robert levertis | robert levertis bell
race-1a63cae0504360d8eb38,race-1a63cae0504360d8eb38,true,tracked_dsa_endorsed_democratic_primary,2022-05-17,OR,US House,District 4,1,a kalloch | and kalloch | andrew kalloch | d canning | doy canning | doyle canning | g smith | g tommy | g tommy smith | j matthews | j selker | jak matthews | jake matthews | joh selker | john selker | s abdrabbuh | s al | s laible | sam abdrabbuh | sam al | sami abdrabbuh | sami al | sami al abdrabbuh | ste laible | steve laible | v hoyle | val hoyle
race-1ae0377fbe0218036806,race-1ae0377fbe0218036806,true,tracked_dsa_endorsed_democratic_primary,2020-06-02,MD,City Council,Baltimore District 12,1,d heilker | dav heilker | dave heilker | g crum | gar crum | gary crum | h ajaz | har ajaz | haroon ajaz | m reeds | mat reeds | matthew reeds | p lee | p westry | phi lee | phi westry | phillip lee | phillip lee westry | phillip westry | r stokes | rob stokes | robert stokes
race-1af451a3ce317a50f4f1,race-1af451a3ce317a50f4f1,true,other_corpus_race,2021-09-14,MA,City Council,Boston District 4,1,b j | b worrell | bri j | bri worrell | brian j | brian j worrell | brian worrell | d jibril | d m | dee jibril | dee m | deeqo jibril | deeqo m | deeqo m jibril | e c | e carvalho | eva c | eva carvalho | evandro c | evandro c carvalho | evandro carvalho | j g | j jaleel | j k | j richards | j urena | j williams | jac jaleel | jac urena | jacob jaleel | jacob jaleel urena | jacob urena | joe g | joe richards | joel g | joel g richards | joel richards | jos k | jos williams | josette k | josette k williams | josette williams | l lee | leo lee | leonard lee | t a | t smith | tro a | tro smith | troy a | troy a smith | troy smith | w dickerson | w edward | wil dickerson | wil edward | william dickerson | william edward | william edward dickerson
race-1b141d6fe80a6b092dc9,race-1b141d6fe80a6b092dc9,true,other_corpus_race,2022-06-28,NY,State Assembly,District 103,2,k a | k cahill | kev a | kev cahill | kevin a | kevin a cahill | kevin cahill | s shrestha | sar shrestha | sarahana shrestha
race-1b141d6fe80a6b092dc9,race-ac2561225b5e741feb63,false,tracked_dsa_endorsed_democratic_primary,2022-06-28,NY,State Assembly,District 103,2,k a | k cahill | kev a | kev cahill | kevin a | kevin a cahill | kevin cahill | s shrestha | sar shrestha | sarahana shrestha
race-1b16bc7d886dcbb78057,race-1b16bc7d886dcbb78057,true,tracked_dsa_endorsed_democratic_primary,2024-05-21,OR,State Representative,District 35,1,c zimmerman | cas zimmerman | casey zimmerman | f chaichi | far chaichi | farrah chaichi
race-1b273b10a29d54af6b83,race-1b273b10a29d54af6b83,true,tracked_dsa_endorsed_democratic_primary,2018-05-15,PA,State House,District 168,1,k seale | kri seale | kristin seale
race-1b75c0e578468fd6ef46,race-1b75c0e578468fd6ef46,true,tracked_dsa_endorsed_democratic_primary,2020-09-01,MA,State Representative,2nd Suffolk District,1,d joseph | d ryan | d vidot | dam vidot | damali vidot | dan joseph | dan ryan | daniel joseph | daniel joseph ryan | daniel ryan
race-1d2c5471b666d1dfee92,race-1d2c5471b666d1dfee92,true,other_corpus_race,2026-11-03,LA,US House,District 1,1,e glass | e liddy | e liddy glass | l jewett | lau jewett | lauren jewett | r arrington | ran arrington | randall arrington | s scalise | ste scalise | steve scalise
race-1d52e9db30dc8b63812b,race-1d52e9db30dc8b63812b,true,tracked_dsa_endorsed_democratic_primary,2024-09-10,DE,County Council President,New Castle County,1,g frankel | g s | geo frankel | geo s | george frankel | george s | george s frankel | j hoover | jas hoover | jason hoover | m johns | mon johns | monique johns | r a | r williams | rob a | rob williams | robert a | robert a williams | robert williams | v gould | val gould
race-1e3efde0247356c47dbb,race-1e3efde0247356c47dbb,true,tracked_dsa_endorsed_democratic_primary,2022-06-28,IL,County Commissioner,Cook County District 8,1,a joel | a quezada | ant joel | ant quezada | anthony joel | anthony joel quezada | anthony quezada | e reyes | edw reyes | edwin reyes | l arroyo | lui arroyo | luis arroyo | n toro | nat toro | natalie toro | r mchale | ror mchale | rory mchale
race-1e73e737c92d27505df4,race-1e73e737c92d27505df4,true,tracked_dsa_endorsed_democratic_primary,2023-06-27,NY,City Council,Ithaca Ward 3,1,d shapiro | dav shapiro | david shapiro | n sitaraman | nat sitaraman | nathan sitaraman
race-1ebf8dc775ced8d30b89,race-1ebf8dc775ced8d30b89,true,tracked_dsa_endorsed_democratic_primary,2024-03-05,CO,Democratic Presidential Primary,Statewide,1,a perez | a serrato | arm perez | arm serrato | armando mando perez serrato | armando perez | armando serrato | d phillips | dea phillips | dean phillips | f lozada | fra lozada | frankie lozada | g cornejo | gab cornejo | gabriel cornejo | j biden | j palmer | jas palmer | jason palmer | joe biden | m williamson | mar williamson | marianne williamson | n delegate | non delegate | noncommitted delegate | s lyons | s p | ste lyons | ste p | stephen lyons | stephen p | stephen p lyons
race-1fd5827f1c16c0d86383,race-1fd5827f1c16c0d86383,true,tracked_dsa_endorsed_democratic_primary,2022-03-01,TX,US House,District 30,1,a dixon | a mulugheta | abe mulugheta | abel mulugheta | art dixon | arthur dixon | b caraway | b mallory | bar caraway | bar mallory | barbara caraway | barbara mallory | barbara mallory caraway | j crockett | j hamilton | j hope | j mason | jan hamilton | jan hope | jane hamilton | jane hope | jane hope hamilton | jas crockett | jasmine crockett | jes mason | jessica mason | k lankford | k williams | kei lankford | kei williams | keisha lankford | keisha williams | keisha williams lankford | r williams | roy williams | v hill | von hill | vonciel hill
race-2005b47032b558f2b4f8,race-2005b47032b558f2b4f8,true,other_corpus_race,2023-02-28,TX,,,1,a peloquin | a peters | and peloquin | and peters | andre peloquin | andy peters | b haag | b j | bri haag | bri j | brian haag | brian j | brian j haag | i freilich | i jones | isa freilich | isa jones | isaac freilich | isaac freilich jones | isaac jones | j dunne | joe dunne | l hoppenworth | l manaa | l svabek | lar svabek | larry svabek | len hoppenworth | len manaa | leni hoppenworth | leni manaa | leni manaa hoppenworth | n faulkner | n ward | nas faulkner | nassir faulkner | nic ward | nick ward | r volkmann | rox volkmann | roxanne volkmann
race-22a899eddaf5c65171b5,race-22a899eddaf5c65171b5,true,tracked_dsa_endorsed_democratic_primary,2026-06-09,NV,State Assembly,District 10,1,v karris | v l | v thomason | val thomason | ven karris | ven l | venise karris | venise l | venise l karris
race-22a936e1e172dbe73f83,race-22a936e1e172dbe73f83,true,tracked_dsa_endorsed_democratic_primary,2020-09-15,DE,State Senate,District 13,1,d b | d mcbride | dav b | dav mcbride | david b | david b mcbride | david mcbride | m pinkney | mar pinkney | marie pinkney
race-22fe359f88b8827fa9c3,race-22fe359f88b8827fa9c3,true,tracked_dsa_endorsed_democratic_primary,2025-06-24,NY,City Council,Ward 8 (Poughkeepsie),1,d atonna | d l | dan atonna | dan l | daniel atonna | daniel l | daniel l atonna | s ag | s mcclinton | sak ag | sak mcclinton | sakima ag | sakima ag mcclinton | sakima mcclinton
race-23a81db2e61ea7e89f32,race-23a81db2e61ea7e89f32,true,tracked_dsa_endorsed_democratic_primary,2026-05-19,AL,State Representative,House District 28,1,r hunter | rob hunter | robert hunter
race-248037f4a8dd844f2fd3,race-248037f4a8dd844f2fd3,true,tracked_dsa_endorsed_democratic_primary,2020-09-08,RI,State House,District 7,1,a subervi | ang subervi | angel subervi | d mckiernan | d morales | d n | dan mckiernan | dan n | daniel mckiernan | daniel n | daniel n mckiernan | dav morales | david morales
race-24985f44b17b3b11253a,race-24985f44b17b3b11253a,true,tracked_dsa_endorsed_democratic_primary,2024-09-10,DE,City Council,Wilmington District 7,1,c johnson | chr johnson | chris johnson | j dahlke | jam dahlke | james dahlke | p a | p brooks | peg a | peg brooks | peggy a | peggy a brooks | peggy brooks
race-24aa59df50abd920bfce,race-24aa59df50abd920bfce,true,tracked_dsa_endorsed_democratic_primary,2020-06-23,NY,State Assembly,District 36,2,a simotas | ara simotas | aravella simotas | z kwame | z mamdani | zoh kwame | zoh mamdani | zohran kwame | zohran kwame mamdani | zohran mamdani
race-24aa59df50abd920bfce,race-4f7375b495a669836478,false,tracked_dsa_endorsed_democratic_primary,2020-06-23,NY,State Assembly,District 36,2,a simotas | ara simotas | aravella simotas | z kwame | z mamdani | zoh kwame | zoh mamdani | zohran kwame | zohran kwame mamdani | zohran mamdani
race-270213668f9b0459e1f5,race-270213668f9b0459e1f5,true,tracked_dsa_endorsed_democratic_primary,2020-08-04,MO,US House,District 1,1,c bush | cor bush | cori bush | k bruckner | kat bruckner | katherine bruckner | w clay | w lacy | wil clay | wil lacy | william clay | william lacy | william lacy clay
race-271730fa96966d7953eb,race-271730fa96966d7953eb,true,tracked_dsa_endorsed_democratic_primary,2020-05-19,OR,President,Oregon,2,b sanders | ber sanders | bernie sanders | e warren | eli warren | elizabeth warren | j biden | j r | jos biden | jos r | joseph biden | joseph r | joseph r biden | miscellaneous | t gabbard | tul gabbard | tulsi gabbard
race-271730fa96966d7953eb,us-president-dem-primary-2020-or,false,tracked_dsa_endorsed_democratic_primary,2020-05-19,OR,President,Oregon,2,b sanders | ber sanders | bernie sanders | e warren | eli warren | elizabeth warren | j biden | j r | jos biden | jos r | joseph biden | joseph r | joseph r biden | miscellaneous | t gabbard | tul gabbard | tulsi gabbard
race-272467423dd3b8accee4,race-272467423dd3b8accee4,true,tracked_dsa_endorsed_democratic_primary,2026-06-09,NV,State Assembly,District 34,2,h nadeem | han nadeem | hanadi nadeem | s navarro | s r | sha navarro | sha r | shaun navarro | shaun r | shaun r navarro
race-272467423dd3b8accee4,race-769f83762ec3df2d24a4,false,tracked_dsa_endorsed_democratic_primary,2026-06-09,NV,State Assembly,District 34,2,h nadeem | han nadeem | hanadi nadeem | s navarro | s r | sha navarro | sha r | shaun navarro | shaun r | shaun r navarro
race-272d21c083662bb8a814,race-272d21c083662bb8a814,true,tracked_dsa_endorsed_democratic_primary,2026-06-23,UT,State Senate,District 13,1,e done | eva done | evan done | s catten | sil catten | silvia catten | t j | t paden | tay j | tay paden | taylor j | taylor j paden | taylor paden
race-27898efa1748e81e5d56,race-27898efa1748e81e5d56,true,tracked_dsa_endorsed_democratic_primary,2020-06-30,CO,US Senate,Statewide,1,a romanoff | and romanoff | andrew romanoff | j hickenlooper | joh hickenlooper | john hickenlooper | l garcia | lor garcia | lorena garcia
race-2812e849ff7ef05c62d9,race-2812e849ff7ef05c62d9,true,tracked_dsa_endorsed_democratic_primary,2020-06-02,PA,State Senate,District 1,1,l farnese | lar farnese | larry farnese | n saval | nik saval | nikil saval
race-29704c58690113fb2a50,race-29704c58690113fb2a50,true,tracked_dsa_endorsed_democratic_primary,2022-08-23,NY,State Senate,District 59,2,e crowley | e s | eli crowley | eli s | elizabeth crowley | elizabeth s | elizabeth s crowley | f olivas | fra olivas | francoise olivas | k gonzalez | kri gonzalez | kristen gonzalez | m corbett | m d | mic corbett | mic d | michael corbett | michael d | michael d corbett | n konst | nom konst | nomiki konst
race-29704c58690113fb2a50,race-e234f502113bda9a4ca7,false,other_corpus_race,2022-08-23,NY,State Senate,District 59,2,e crowley | e s | eli crowley | eli s | elizabeth crowley | elizabeth s | elizabeth s crowley | f olivas | fra olivas | francoise olivas | k gonzalez | kri gonzalez | kristen gonzalez | m corbett | m d | mic corbett | mic d | michael corbett | michael d | michael d corbett | n konst | nom konst | nomiki konst
race-2a3689814b363475c0ca,race-2a3689814b363475c0ca,true,other_corpus_race,2025-02-18,WI,,,1,f ferrante | fra ferrante | franco ferrante | n musa | nas musa | nasser musa
race-2ad627f1f643d221f19f,race-2ad627f1f643d221f19f,true,tracked_dsa_endorsed_democratic_primary,2021-06-22,NY,New York City Council,District 14,1,a abreu | ado abreu | adolfo abreu | f aquino | fer aquino | fernando aquino | h rivera | hai rivera | haile rivera | p sanchez | pie sanchez | pierina sanchez | s solano | soc solano | socrates solano | y tapia | yud tapia | yudelka tapia
race-2b388b22da81a36b8441,race-2b388b22da81a36b8441,true,tracked_dsa_endorsed_democratic_primary,2024-06-25,CO,State House,District 36,1,b lindstrom | bry lindstrom | bryan lindstrom | m carter | mic carter | michael carter
race-2bc33021849fefc6c865,race-2bc33021849fefc6c865,true,other_corpus_race,2024-03-05,,,,1,b bartlett | ben bartlett | c moore | chr moore | chris moore | g hodge | g pechenuk | ger pechenuk | gerald pechenuk | gre hodge | gregory hodge | j bauters | j j | joh bauters | joh j | john bauters | john j | john j bauters | k berrick | ken berrick | l plimier | lor plimier | lorrel plimier | n bas | n fortunato | nik bas | nik fortunato | nikki bas | nikki fortunato | nikki fortunato bas | o farmer | oma farmer | omar farmer
race-2c2133100c33cde0b378,race-2c2133100c33cde0b378,true,tracked_dsa_endorsed_democratic_primary,2026-06-23,NY,State Assembly,District 149,1,a bojak | ada bojak | adam bojak | k deese | k hoak | kar hoak | karen hoak | kev deese | kevin deese
race-2c460539f3855b59165c,race-2c460539f3855b59165c,true,tracked_dsa_endorsed_democratic_primary,2025-09-09,CT,City Council,New London,1,a peck | aki peck | akil peck | c clouet | chr clouet | christopher clouet | e dominguez | efr dominguez | efrain dominguez | j hart | j satti | jef hart | jefferey hart | joh satti | john satti | r dyess | reo dyess | reona dyess | s fareus | shi fareus | shineika fareus | v mueller | vic mueller | victoria mueller
race-2cb370f41a9f6b25f511,race-2cb370f41a9f6b25f511,true,other_corpus_race,2020-06-23,,,,1,a marte | and marte | andy marte
race-2d10d6bfeefa457261b9,race-2d10d6bfeefa457261b9,true,other_corpus_race,2023-08-01,,,,1,c lagow | cam lagow | camila lagow | k khanh | k van | kim khanh | kim khanh van | kim van | m westgaard | mic westgaard | michael westgaard | n sivitilli | nan sivitilli | nancy sivitilli | r corman | ran corman | randy corman | s atchison | s vargas | sea atchison | sean atchison | ste vargas | steven vargas
race-2d19081ae745dd848507,race-2d19081ae745dd848507,true,other_corpus_race,2026-06-02,CA,City Council,District 11,1,f malik | fai malik | faizah malik | t irene | t park | tra irene | tra park | traci irene | traci irene park | traci park
race-2d45550960d2b093207f,race-2d45550960d2b093207f,true,tracked_dsa_endorsed_democratic_primary,2024-06-25,NY,State Senate,District 59,1,g lambropoulos | gus lambropoulos | k gonzalez | kri gonzalez | kristen gonzalez
race-2d77a10e3b62e9f5ec19,race-2d77a10e3b62e9f5ec19,true,tracked_dsa_endorsed_democratic_primary,2026-08-04,MI,US House,District 13,1,d mckinney | don mckinney | donavan mckinney | s thanedar | shr thanedar | shri thanedar
race-2e28c0e4d9bec0a415a3,race-2e28c0e4d9bec0a415a3,true,other_corpus_race,2019-02-26,,,,1,d mell | deb mell | k sieracki | kat sieracki | katie sieracki | r rodriguez | r sanchez | ros rodriguez | ros sanchez | rossana rodriguez | rossana rodriguez sanchez | rossana sanchez
race-2e4af1073bbd9c36634b,race-2e4af1073bbd9c36634b,true,other_corpus_race,2023-05-16,PA,City Council,,1,a edwards | a v | abu edwards | abu v | abu v edwards | d s | d west | don s | don west | donavan s | donavan s west | donavan west | i thomas | isa thomas | isaiah thomas | j b | j kelly | joh b | joh kelly | john b | john b kelly | john kelly | n griffin | nad griffin | naderah griffin | o hagins | o paul | ogb hagins | ogb paul | ogbonna hagins | ogbonna paul | ogbonna paul hagins | r landau | rue landau | w dorsey | w e | way dorsey | way e | wayne dorsey | wayne e | wayne e dorsey
race-2ea8c35c5f98b117696b,race-2ea8c35c5f98b117696b,true,other_corpus_race,2021-08-03,MI,City Clerk,Detroit,1,b kindle | b walker | bev kindle | bev walker | beverly kindle | beverly kindle walker | beverly walker | d anton | d mccampbell | den anton | den mccampbell | denzel anton | denzel anton mccampbell | denzel mccampbell | j m | j winfrey | jan m | jan winfrey | janice m | janice m winfrey | janice winfrey | m chard | m ri | mic chard | mic ri | michael chard | michael ri | michael stephen ri chard
race-2ecff9498c2feda5de76,race-2ecff9498c2feda5de76,true,tracked_dsa_endorsed_democratic_primary,2022-08-09,VT,State House,Chittenden 15,1,b cina | bri cina | brian cina | t headrick | tro headrick | troy headrick
race-2f8e4895b4a4f1338b92,race-2f8e4895b4a4f1338b92,true,tracked_dsa_endorsed_democratic_primary,2020-06-02,MT,State House,District 95,1,d tenenbaum | dan tenenbaum | danny tenenbaum
race-2fe58715c24c42ff8338,race-2fe58715c24c42ff8338,true,other_corpus_race,2020-03-03,CA,State Assembly,District 78,1,c ward | chr ward | chris ward | m perlin | mic perlin | micah perlin | s davis | sar davis | sarah davis
race-31fe14573c903bb5d74d,race-31fe14573c903bb5d74d,true,tracked_dsa_endorsed_democratic_primary,2024-08-13,VT,State Senate,Chittenden Central,2,m gulick | m larocque | mar gulick | mar larocque | martine gulick | martine larocque | martine larocque gulick | p baruth | phi baruth | phil baruth | philip baruth | s ledbetter | ste ledbetter | stewart ledbetter | t vyhovsky | tan vyhovsky | tanya vyhovsky
race-31fe14573c903bb5d74d,race-37d84e89f40adca092d4,false,tracked_dsa_endorsed_democratic_primary,2024-08-13,VT,State Senate,Chittenden Central,2,m gulick | m larocque | mar gulick | mar larocque | martine gulick | martine larocque | martine larocque gulick | p baruth | phi baruth | phil baruth | philip baruth | s ledbetter | ste ledbetter | stewart ledbetter | t vyhovsky | tan vyhovsky | tanya vyhovsky
race-32787f9ccc5947c3fca5,race-32787f9ccc5947c3fca5,true,tracked_dsa_endorsed_democratic_primary,2023-06-27,NY,City Council,Rochester East,1,m lupien | mar lupien | mary lupien | p conrow | pau conrow | paul conrow
race-3363a35e7979bec3ed7e,race-3363a35e7979bec3ed7e,true,tracked_dsa_endorsed_democratic_primary,2022-06-28,NY,Common Council,Ithaca Ward 4,1,p mehler | pat mehler | patrick mehler | t chen | t kumar | tif chen | tif kumar | tiffany chen | tiffany chen kumar | tiffany kumar
race-34447ab34d9b093ff08a,race-34447ab34d9b093ff08a,true,tracked_dsa_endorsed_democratic_primary,2020-08-04,MI,State House,District 4,1,a aiyash | a ali | a d | a shaw | abr aiyash | abr d | abr shaw | abraham aiyash | abraham d | abraham d shaw | abraham shaw | ant ali | anthony ali | c collins | c l | chr collins | chr l | christopher collins | christopher l | christopher l collins | d holmes | d navarro | dar navarro | darwood navarro | del holmes | delorean holmes | f h | f kimpson | fra h | fra kimpson | frazier h | frazier h kimpson | frazier kimpson | g reyner | g w | gre reyner | gre w | gregory reyner | gregory w | gregory w reyner | m oberholtzer | mic oberholtzer | michele oberholtzer | s ahmed | s john | s szczepkowski | sha ahmed | shahab ahmed | sig john | sig szczepkowski | sigmunt john | sigmunt john szczepkowski | sigmunt szczepkowski | t myers | t phillips | t simpson | taw simpson | tawanna simpson | ton myers | ton phillips | tonya myers | tonya myers phillips | tonya phillips
race-3473e276467be8490f7a,race-3473e276467be8490f7a,true,other_corpus_race,2019-10-12,LA,Commissioner of Agriculture and Forestry,Statewide,2,b zaunbrecher | bra zaunbrecher | bradley zaunbrecher | c greer | cha greer | charlie greer | m green | m mike | m strain | mar green | marguerite green | mic mike | mic strain | michael g mike strain | michael mike | michael strain | p williams | pet williams | peter williams
race-3473e276467be8490f7a,race-ab159e431662d849f3f8,false,other_corpus_race,2019-10-12,LA,Commissioner of Agriculture and Forestry,Statewide,2,b zaunbrecher | bra zaunbrecher | bradley zaunbrecher | c greer | cha greer | charlie greer | m green | m mike | m strain | mar green | marguerite green | mic mike | mic strain | michael g mike strain | michael mike | michael strain | p williams | pet williams | peter williams
race-35217e2dd2fbf27eafc1,race-35217e2dd2fbf27eafc1,true,other_corpus_race,2020-08-04,WA,State House,District 19 Position 1,1,c bryson | cli bryson | clint bryson | j walsh | jim walsh | m everson | mar everson | marianna everson
race-35fa446ca326b84f7fb7,race-35fa446ca326b84f7fb7,true,tracked_dsa_endorsed_democratic_primary,2023-05-16,PA,City Council,Philadelphia District 7,2,a celin | and celin | andres celin | q lozada | q m | que lozada | que m | quetcy lozada | quetcy m | quetcy m lozada
race-35fa446ca326b84f7fb7,race-6021f58200774a34f13c,false,tracked_dsa_endorsed_democratic_primary,2023-05-16,PA,City Council,Philadelphia District 7,2,a celin | and celin | andres celin | q lozada | q m | que lozada | que m | quetcy lozada | quetcy m | quetcy m lozada
race-36d1965b7e6d86021803,race-36d1965b7e6d86021803,true,other_corpus_race,2023-02-28,,,,1,l shaaban | lai shaaban | laith shaaban | r rodriguez | r sanchez | ros rodriguez | ros sanchez | rossana rodriguez | rossana rodriguez sanchez | rossana sanchez | s martinez | sam martinez | samie martinez
race-38c2bd8a8965b9dd0b5a,race-38c2bd8a8965b9dd0b5a,true,tracked_dsa_endorsed_democratic_primary,2020-06-02,PA,State House,District 184,1,e fiedler | eli fiedler | elizabeth fiedler
race-38c48dfc001f2881c404,race-38c48dfc001f2881c404,true,tracked_dsa_endorsed_democratic_primary,2023-05-02,OH,City Council At-Large,Akron,1,d hall | der hall | derrick hall | e garrett | eri garrett | eric garrett | f wilson | fra wilson | fran wilson | g baylor | gin baylor | ginger baylor | j fusco | j osby | jef fusco | jeff fusco | joh osby | johnny osby | l omobien | lin omobien | linda omobien | r mcclendon | r smith | rea mcclendon | reau mcclendon | ron smith | ronald smith
race-3928850e2f90dbc3b55f,race-3928850e2f90dbc3b55f,true,tracked_dsa_endorsed_democratic_primary,2024-06-25,CO,State House,District 4,1,c espenoza | cec espenoza | cecelia espenoza | t hernandez | tim hernandez
race-39f265caadf4efc1cdd3,race-39f265caadf4efc1cdd3,true,tracked_dsa_endorsed_democratic_primary,2026-06-23,NY,State Assembly,District 38,1,d orkin | dav orkin | david orkin | j rajkumar | jen rajkumar | jenifer rajkumar
race-3a50f4e7ad1567ae0820,race-3a50f4e7ad1567ae0820,true,tracked_dsa_endorsed_democratic_primary,2022-06-28,NY,State Assembly,District 50,1,e e | e gallagher | emi e | emi gallagher | emily e | emily e gallagher | emily gallagher | p o | p sullivan | pad o | pad sullivan | paddy o | paddy o sullivan | paddy sullivan
race-3abbb30ca77835052430,race-3abbb30ca77835052430,true,tracked_dsa_endorsed_democratic_primary,2022-08-09,MN,State House,Minnesota District 63A,1,f bean | fab bean | fabian bean | s mura | s sencer | sam mura | sam sencer | samantha mura | samantha sencer | samantha sencer mura | v a | v williams | ven a | ven williams | venus a | venus a williams | venus williams
race-3b2b88f146005f2e7e13,race-3b2b88f146005f2e7e13,true,tracked_dsa_endorsed_democratic_primary,2026-08-04,MI,City Council,Ward 4 (Ann Arbor),1,a sova | aid sova | aidan sova | d zeglen | dav zeglen | dave zeglen
race-3b8f105d02f390f68f75,race-3b8f105d02f390f68f75,true,tracked_dsa_endorsed_democratic_primary,2024-03-12,WA,Democratic Presidential Primary,Statewide,1,d phillips | dea phillips | dean phillips | j biden | j r | jos biden | jos r | joseph biden | joseph r | joseph r biden | m williamson | mar williamson | marianne williamson | u delegates | unc delegates | uncommitted delegates
race-3b9a8d1c4fa2cbcadb73,race-3b9a8d1c4fa2cbcadb73,true,tracked_dsa_endorsed_democratic_primary,2026-08-04,MO,US House,District 4,1,a rogers | ash rogers | ashleigh rogers | g rick | h gray | har gray | hartzell gray | j cass | j herrera | jea cass | jeanette cass | jor herrera | jordan herrera | r miller | ran miller | randy miller | w russell | way russell | wayne russell
race-3ba2bec0d19c64a42d5b,race-3ba2bec0d19c64a42d5b,true,other_corpus_race,2022-08-09,MN,State House,Minnesota District 41A,1,a wagner | aar wagner | aaron wagner | k kirchner | kyl kirchner | kyle kirchner | p backen | pat backen | r johnson | reb johnson | rebecca johnson
race-3beef604baf61c83ac0c,race-3beef604baf61c83ac0c,true,other_corpus_race,2020-08-04,WA,US House,District 2,1,c hart | c kennedy | c r | car kennedy | car r | carrie kennedy | carrie r | carrie r kennedy | cod hart | cody hart | j call | j dean | j golder | jam dean | jam golder | james dean | james dean golder | james golder | jas call | jason call | k ilonummi | kar ilonummi | kari ilonummi | r larsen | ric larsen | rick larsen | t hazelo | t s | t uy | tim hazelo | tim s | tim uy | timothy hazelo | timothy s | timothy s hazelo
race-3c627e0363e4b2564075,race-3c627e0363e4b2564075,true,tracked_dsa_endorsed_democratic_primary,2020-09-01,MA,State Representative,27th Middlesex District,1,c sharp | cat sharp | catia sharp | e uyterhoeven | eri uyterhoeven | erika uyterhoeven
race-3cc44f97e31858996064,race-3cc44f97e31858996064,true,other_corpus_race,2024-08-06,WA,State Representative,Legislative District 27 Position 2,1,d kelly | d rydel | dev kelly | dev rydel | devin kelly | devin rydel | devin rydel kelly | j fey | jak fey | jake fey
race-3cfd6cf7df471fd4e7a3,race-3cfd6cf7df471fd4e7a3,true,tracked_dsa_endorsed_democratic_primary,2024-06-04,NM,State Senate,District 24,2,a c | a hansen | ann c | ann hansen | anna c | anna c hansen | anna hansen | l m | l trujillo | lin m | lin trujillo | linda m | linda m trujillo | linda trujillo | v krupnick | v ray | ver krupnick | ver ray | veronica krupnick | veronica ray | veronica ray krupnick
race-3cfd6cf7df471fd4e7a3,race-59cb9c967710a43533d3,false,tracked_dsa_endorsed_democratic_primary,2024-06-04,NM,State Senate,District 24,2,a c | a hansen | ann c | ann hansen | anna c | anna c hansen | anna hansen | l m | l trujillo | lin m | lin trujillo | linda m | linda m trujillo | linda trujillo | v krupnick | v ray | ver krupnick | ver ray | veronica krupnick | veronica ray | veronica ray krupnick
race-3d4a968ce106f259b80d,race-3d4a968ce106f259b80d,true,tracked_dsa_endorsed_democratic_primary,2021-05-18,PA,City Council,Allegheny County District 3,1,a prizio | ani prizio | anita prizio
race-3db59a6535d2b87f2703,race-3db59a6535d2b87f2703,true,tracked_dsa_endorsed_democratic_primary,2017-09-12,NY,City Council,District 43,1,j brannan | jus brannan | justin brannan | k carroll | k el | k yateem | kev carroll | kevin carroll | kha el | kha yateem | khader el | khader el yateem | khader yateem | n tong | nan tong | nancy tong | v chirico | vin chirico | vincent chirico
race-3db62fccce64bbd64336,race-3db62fccce64bbd64336,true,tracked_dsa_endorsed_democratic_primary,2026-05-19,GA,State House,District 58,2,d henderson | dem henderson | demetria henderson | e ladipo | e m | edi ladipo | edi m | edith ladipo | edith m | edith m ladipo | k lamont | kyl lamont | kyle lamont | m samson | mat samson | mathewos samson
race-3db62fccce64bbd64336,race-62284e6ada39ddf7906f,false,tracked_dsa_endorsed_democratic_primary,2026-05-19,GA,State House,District 58,2,d henderson | dem henderson | demetria henderson | e ladipo | e m | edi ladipo | edi m | edith ladipo | edith m | edith m ladipo | k lamont | kyl lamont | kyle lamont | m samson | mat samson | mathewos samson
race-3ecc1eb1bf0838801a6b,race-3ecc1eb1bf0838801a6b,true,tracked_dsa_endorsed_democratic_primary,2026-06-23,NY,State Assembly,District 50,1,a bodiford | and bodiford | andrew bodiford | e gallagher | emi gallagher | emily gallagher
race-3f9a5712e5759d632957,race-3f9a5712e5759d632957,true,tracked_dsa_endorsed_democratic_primary,2026-06-23,MD,County Council,District 5 (Prince George's County),1,s adams | s stafford | sha adams | sha stafford | shayla adams | shayla d adams stafford | shayla stafford | w johnson | w r | wyn johnson | wyn r | wynton johnson | wynton r | wynton r johnson
race-3feef0e6623161e871c8,race-3feef0e6623161e871c8,true,tracked_dsa_endorsed_democratic_primary,2026-06-23,MD,County Council,District 3 (Montgomery County),1,a eriksen | all eriksen | allison eriksen | i shaw | i zola | izo shaw | izo zola | izola shaw | izola zola | izola zola shaw | j ashman | jud ashman
race-4039c8c7f564597846fa,race-4039c8c7f564597846fa,true,tracked_dsa_endorsed_democratic_primary,2020-06-02,MD,City Council,Baltimore District 4,1,a asaka | a winder | ang winder | angie winder | ans asaka | anson asaka | l endow | log endow | logan endow | m conway | mar conway | mark conway | n crest | n harris | nic crest | nic harris | nicole crest | nicole e harris crest | nicole harris | s cole | sta cole | stanley cole | t goldsby | tim goldsby | v brady | v lee | v lee brady | w broaddus | w sam | wil broaddus | wil sam | william broaddus | william sam | william sam broaddus | z dingle | zac dingle
race-417720608784b36ffacb,race-417720608784b36ffacb,true,tracked_dsa_endorsed_democratic_primary,2024-06-25,CO,State House,District 52,1,e treick | eth treick | ethnie treick | y zokaie | yar zokaie | yara zokaie
race-41ad8ea70f3bdbc7e4e4,race-41ad8ea70f3bdbc7e4e4,true,tracked_dsa_endorsed_democratic_primary,2022-03-01,TX,Judge,Harris County Criminal Court at Law No. 8,1,e ramirez | eri ramirez | erika ramirez | f bynum | fra bynum | franklin bynum
race-420509e6a8ba25c451f7,race-420509e6a8ba25c451f7,true,other_corpus_race,2023-03-07,,,,1,k bellis | kat bellis | katie bellis | p menendez | phi menendez | phill menendez | t oldenburg | tho oldenburg | thomas oldenburg
race-431f8b55628db7cfe4be,race-431f8b55628db7cfe4be,true,tracked_dsa_endorsed_democratic_primary,2022-07-19,MD,State House,Delegates D43A,1,e embry | eli embry | elizabeth embry | l endow | log endow | logan endow | r benbow | r boyce | r t | r vaughn | reg benbow | reg boyce | reg t | regina boyce | regina t | regina t boyce | reginald benbow | rik vaughn | rikki vaughn | s douglas | s mcgrier | she douglas | she mcgrier | sherricka alayshia mcgrier douglas | sherricka douglas | sherricka mcgrier
race-43bf3dfb597a32359b63,race-43bf3dfb597a32359b63,true,tracked_dsa_endorsed_democratic_primary,2021-06-22,NY,County Legislature,County Legislature,1,d donaldson | dav donaldson | david donaldson | p erner | p m | phi erner | phi m | philip erner | philip m | philip m erner
race-43e72676de9c6085ee97,race-43e72676de9c6085ee97,true,tracked_dsa_endorsed_democratic_primary,2020-06-30,CO,County Commissioner,Larimer County District 3,1,j mcnally | j shadduck | jod mcnally | jod shadduck | jody mcnally | jody shadduck | jody shadduck mcnally | m baker | m g | myl baker | myl g | myles baker | myles g | myles g baker
race-440dcbc50602efe64cb3,race-440dcbc50602efe64cb3,true,tracked_dsa_endorsed_democratic_primary,2024-06-25,NY,State Assembly,District 37,1,c valdez | cla valdez | claire valdez | j ardila | j carmona | joh carmona | johanna carmona | jua ardila | juan ardila
race-44fa4abc5f1e04d0b657,race-44fa4abc5f1e04d0b657,true,tracked_dsa_endorsed_democratic_primary,2024-05-21,KY,State Senate,District 33,1,a scott | a woodson | att scott | att woodson | attica scott | attica woodson | attica woodson scott | g a | g neal | ger a | ger neal | gerald a | gerald a neal | gerald neal | m churchill | m w | mic churchill | mic w | michael churchill | michael w | michael w churchill
race-455aa8fc8417a3519b85,race-455aa8fc8417a3519b85,true,tracked_dsa_endorsed_democratic_primary,2023-05-16,PA,City Council,Philadelphia At-Large,1,a edwards | a mcillmurray | a v | abu edwards | abu v | abu v edwards | ama mcillmurray | amanda mcillmurray | c booth | c gladstone | c reyes | c segers | cha reyes | charles reyes | chr booth | chr gladstone | christopher booth | christopher gladstone | christopher gladstone booth | cur segers | curtis segers | d s | d selby | d west | d williams | der selby | derwood selby | des williams | deshawnda williams | don s | don west | donavan s | donavan s west | donavan west | e almiron | e santamoor | eri almiron | erika almiron | ery santamoor | eryn santamoor | g stevenson | geo stevenson | george stevenson | i thomas | isa thomas | isaiah thomas | j alexander | j b | j harrity | j itzkowitz | j kelly | jal alexander | jalon alexander | jim harrity | job itzkowitz | joh b | joh kelly | john b | john b kelly | john kelly | k gilmore | k richardson | kat gilmore | kat richardson | katherine gilmore | katherine gilmore richardson | katherine richardson | l colon | luz colon | m prettyman | m robbins | mel robbins | melissa robbins | mic prettyman | michelle prettyman | n ahmad | n griffin | nad griffin | naderah griffin | nin ahmad | nina ahmad | o hagins | o paul | ogb hagins | ogb paul | ogbonna hagins | ogbonna paul | ogbonna paul hagins | q shedrick | qia shedrick | qiana shedrick | r landau | rue landau | s cohen | she cohen | sherrie cohen | w dorsey | w e | way dorsey | way e | wayne dorsey | wayne e | wayne e dorsey
race-46743736b1d8a06d6eff,race-46743736b1d8a06d6eff,true,tracked_dsa_endorsed_democratic_primary,2026-03-17,IL,US House,District 6,1,j joey | j ruzevich | jos joey | jos ruzevich | joseph joey | joseph joey ruzevich | joseph ruzevich | s casten | sea casten | sean casten
race-46de282bd5aa28481623,race-46de282bd5aa28481623,true,tracked_dsa_endorsed_democratic_primary,2018-09-13,NY,Governor,Statewide,1,a cuomo | a m | and cuomo | and m | andrew cuomo | andrew m | andrew m cuomo | c e | c nixon | cyn e | cyn nixon | cynthia e | cynthia e nixon | cynthia nixon
race-472337bed396b2b11f58,race-472337bed396b2b11f58,true,tracked_dsa_endorsed_democratic_primary,2020-01-21,,State Senate,District 60,1,a ibrahim | a neumann | a rahman | aar neumann | aaron neumann | ama ibrahim | amal ibrahim | asw rahman | aswar rahman | j intermill | jes intermill | jessica intermill | m barre | m issa | moh barre | moh issa | mohamed barre | mohamed issa | mohamed issa barre | p dalal | p nath | piy dalal | piy nath | piyali dalal | piyali nath | piyali nath dalal | s jordan | s neculescu | s shaie | s whitaker | sac shaie | saciido shaie | son neculescu | sonia neculescu | sus whitaker | susan whitaker | syd jordan | sydney jordan | z wefel | zac wefel | zachary wefel
race-48b209f7fa641f4b280d,race-48b209f7fa641f4b280d,true,tracked_dsa_endorsed_democratic_primary,2026-08-11,WI,Governor,Wisconsin,1,d crowley | dav crowley | david crowley | f hong | fra hong | francesca hong | j brennan | joe brennan | joel brennan | k roys | kel roys | kelda roys | m barnes | man barnes | mandela barnes | s rodriguez | sar rodriguez | sara rodriguez
race-48e746d7aba9c1b3ef19,race-48e746d7aba9c1b3ef19,true,other_corpus_race,2024-03-05,CA,City Council,District 4,1,j mackey | j marilynn mackey meyer | j meyer | k valenzuela | kat valenzuela | katie valenzuela | p pluckebaum | phi pluckebaum | phil pluckebaum
race-492a0903da1e2087b446,race-492a0903da1e2087b446,true,other_corpus_race,2026-06-02,,City Council,District 1,1,a bryson | ant bryson | anthony bryson | b goleman | bro goleman | brock goleman | d kahookele | deb kahookele | l logan | lor logan | lori logan | m zendejas | mar zendejas | mary zendejas | t osio | t wagner | tam osio | tam wagner | tamika osio | tamika wagner | tamika wagner osio
race-4999db34a0dac2410460,race-4999db34a0dac2410460,true,tracked_dsa_endorsed_democratic_primary,2026-03-17,IL,State Senate,District 24,2,b ben | b mcadams | ben ben | ben mcadams | benjamin ben | benjamin ben mcadams | benjamin mcadams
race-4999db34a0dac2410460,race-ea4b493abc12bd83e1d8,false,tracked_dsa_endorsed_democratic_primary,2026-03-17,IL,State Senate,District 24,2,b ben | b mcadams | ben ben | ben mcadams | benjamin ben | benjamin ben mcadams | benjamin mcadams
race-4a19411701e40165da88,race-4a19411701e40165da88,true,tracked_dsa_endorsed_democratic_primary,2022-09-06,MA,State Representative,4th Barnstable District,1,j stanton | jac stanton | jack stanton | s k | s peake | sar k | sar peake | sarah k | sarah k peake | sarah peake
race-4a705a0766bb6d4c5478,race-4a705a0766bb6d4c5478,true,tracked_dsa_endorsed_democratic_primary,2021-06-22,NY,City Council,Newburgh Ward 1,1,g martinez | gis martinez | giselle martinez | s d | s grant | son d | son grant | sonya d | sonya d grant | sonya grant
race-4a8873c3f97a05cdb974,race-4a8873c3f97a05cdb974,true,other_corpus_race,2018-06-05,CA,City Council,,1,a martinez | ant martinez | antonio martinez | c ramirez | chr ramirez | christian ramirez | v moreno | viv moreno | vivian moreno | z lazarus | zac lazarus | zachary lazarus
race-4ab4dfc62a70075bfc27,race-4ab4dfc62a70075bfc27,true,tracked_dsa_endorsed_democratic_primary,2025-06-24,NY,County Legislature,District 8 (Onondaga County),1,c ryan | cha ryan | chad ryan | t honeywell | t m | tam honeywell | tam m | tammy honeywell | tammy m | tammy m honeywell
race-4add975df09b0b0aaa6d,race-4add975df09b0b0aaa6d,true,tracked_dsa_endorsed_democratic_primary,2022-08-02,MO,US House,Missouri District 1,1,c bush | cor bush | cori bush | e childress | ear childress | earl childress | m daniels | mic daniels | michael daniels | r harshaw | ron harshaw | s roberts | ste roberts | steve roberts
race-4afc66bae06154e36ec3,race-4afc66bae06154e36ec3,true,tracked_dsa_endorsed_democratic_primary,2022-06-28,IL,US House,District 10,1,a broad | ada broad | adam broad | b schneider | bra schneider | brad schneider
race-4b929677b97b0adadb2b,race-4b929677b97b0adadb2b,true,other_corpus_race,2026-03-17,,,,1,m clark | mic clark | michele clark
race-4bb2099cc5872680ef90,race-4bb2099cc5872680ef90,true,other_corpus_race,2023-02-28,TX,,,1,d la | d spata | dan la | dan spata | daniel la | daniel la spata | daniel spata | p joe | p moreno | pro joe | pro moreno | proco joe | proco joe moreno | proco moreno | s royko | s schneider | sam royko | ste schneider | stephen schneider
race-4bb8173fd4fdca0b2d3f,race-4bb8173fd4fdca0b2d3f,true,tracked_dsa_endorsed_democratic_primary,2024-08-06,MO,US House,District 1,1,c bush | cor bush | cori bush | m chappelle | m nadal | mar chappelle | mar nadal | maria chappelle | maria chappelle nadal | maria nadal | w bell | wes bell | wesley bell
race-4ccedc03fd0aec1094b0,race-4ccedc03fd0aec1094b0,true,tracked_dsa_endorsed_democratic_primary,2020-06-23,NY,US House,District 16,1,a ghebreghiorgis | and ghebreghiorgis | andom ghebreghiorgis | c fink | chr fink | chris fink | e engel | e l | eli engel | eli l | eliot engel | eliot l | eliot l engel | j bowman | jam bowman | jamaal bowman | s ravelo | sam ravelo | sammy ravelo
race-4d9a31842f64c5c123e4,race-4d9a31842f64c5c123e4,true,other_corpus_race,2023-08-08,,,,1,a castaldo | a estrin | a forsman | a haire | ari forsman | arik forsman | ash castaldo | ash estrin | ash haire | asher estrin | asher estrin haire | asher haire | ashlie castaldo | j yeakle | jen yeakle | jenna yeakle | l marie | l nephew | lyn marie | lyn nephew | lynn marie | lynn marie nephew | lynn nephew | m pacheco | mir pacheco | miranda pacheco | s a | s savela | sha a | sha savela | shawn a | shawn a savela | shawn savela | t wisocki | the wisocki | therese wisocki
race-4d9e32ed7f0d618a96ce,race-4d9e32ed7f0d618a96ce,true,tracked_dsa_endorsed_democratic_primary,2026-06-23,NY,US House,District 14,1,a cortez | a ocasio | ale cortez | ale ocasio | alexandria cortez | alexandria ocasio | alexandria ocasio cortez | f garcia | fel garcia | felipe garcia | m dolan | mar dolan | marty dolan
race-4dbcc4bbfc94a2eab707,race-4dbcc4bbfc94a2eab707,true,other_corpus_race,2025-09-09,MT,City Council,Ward 3,1,d carlino | d knudson | d m | dan carlino | daniel carlino | dav knudson | dav m | david knudson | david m | david m knudson | j savage | j vivas | jen savage | jennifer savage | jon vivas | n coyan | n d | nat coyan | nat d | nathan coyan | nathan d | nathan d coyan
race-4e0ada02ef4cde424267,race-4e0ada02ef4cde424267,true,other_corpus_race,2022-07-19,MD,County Council,Montgomery County At-Large,1,b brooks | b m | bra brooks | bra m | brandy brooks | brandy h m brooks | brandy m | d e | d gassaway | dan e | dan gassaway | dana e | dana e gassaway | dana gassaway | e glass | eva glass | evan glass | g albornoz | gab albornoz | gabe albornoz | l anne | l sayles | lau anne | lau sayles | laurie anne | laurie anne sayles | laurie sayles | s evan | s goldberg | sco evan | sco goldberg | scott evan | scott evan goldberg | scott goldberg | t hucker | tom hucker | w jawando | wil jawando | will jawando
race-4e46c62a2ddca032101d,race-4e46c62a2ddca032101d,true,tracked_dsa_endorsed_democratic_primary,2019-03-05,MO,President of the Board of Aldermen,City of St. Louis,1,j matthews | j nasheed | jam nasheed | jamilah nasheed | jim matthews | jimmie matthews | l reed | lew reed | lewis reed | m ellyia | m green | meg ellyia | meg green | megan ellyia | megan ellyia green | megan green
race-4e8a0f4bc251df040d09,race-4e8a0f4bc251df040d09,true,tracked_dsa_endorsed_democratic_primary,2018-06-05,MT,State House,District 50,1,j bahr | j bradshaw | jad bahr | jade bahr | jos bradshaw | joshua bradshaw
race-50548ada602a94d636d7,race-50548ada602a94d636d7,true,tracked_dsa_endorsed_democratic_primary,2018-06-26,MD,House of Delegates,District 39,3,a hoverman | and hoverman | andy hoverman | b bartlett | bob bartlett | bobby bartlett | c sobratti | cli sobratti | clint sobratti | g acevero | gab acevero | gabriel acevero | k reznik | kir reznik | kirill reznik | l j | l lopez | les j | les lopez | lesley j | lesley j lopez | lesley lopez | s robinson | sha robinson | shane robinson
race-50548ada602a94d636d7,race-c503977740ec9c6a566f,false,tracked_dsa_endorsed_democratic_primary,2018-06-26,MD,House of Delegates,District 39,3,a hoverman | and hoverman | andy hoverman | b bartlett | bob bartlett | bobby bartlett | c sobratti | cli sobratti | clint sobratti | g acevero | gab acevero | gabriel acevero | k reznik | kir reznik | kirill reznik | l j | l lopez | les j | les lopez | lesley j | lesley j lopez | lesley lopez | s robinson | sha robinson | shane robinson
race-50548ada602a94d636d7,race-d892092155bdfe3ed17e,false,tracked_dsa_endorsed_democratic_primary,2018-06-26,MD,House of Delegates,District 39,3,a hoverman | and hoverman | andy hoverman | b bartlett | bob bartlett | bobby bartlett | c sobratti | cli sobratti | clint sobratti | g acevero | gab acevero | gabriel acevero | k reznik | kir reznik | kirill reznik | l j | l lopez | les j | les lopez | lesley j | lesley j lopez | lesley lopez | s robinson | sha robinson | shane robinson
race-5096e76dd885c0d5395c,race-5096e76dd885c0d5395c,true,tracked_dsa_endorsed_democratic_primary,2020-11-03,GA,State Senate,District 39,1,j anna | j potts | jo anna | jo anna potts | jo potts | l pritchett | lin pritchett | linda pritchett | s halpern | son halpern | sonya halpern | z fort | zan fort
race-53f4a0c7a1770190ca18,race-53f4a0c7a1770190ca18,true,tracked_dsa_endorsed_democratic_primary,2020-09-15,DE,US Senate,Delaware,1,c a | c coons | chr a | chr coons | christopher a | christopher a coons | christopher coons | j scarane | jes scarane | jessica scarane
race-540c0e670ce40aac1925,race-540c0e670ce40aac1925,true,other_corpus_race,2023-02-28,TX,,,1,j gutierrez | j prieto | j w | jes gutierrez | jes w | jessica gutierrez | jessica w | jessica w gutierrez | jua prieto | juanpablo prieto | w williams | war williams | warren williams
race-545d24c0467c329fe6e1,race-545d24c0467c329fe6e1,true,tracked_dsa_endorsed_democratic_primary,2020-06-23,KY,City Council,Louisville Metro Council District 10,1,p mulvihill | pat mulvihill | r fenwick | rya fenwick | ryan fenwick
race-54b552116a27a8f0ef97,race-54b552116a27a8f0ef97,true,tracked_dsa_endorsed_democratic_primary,2026-09-01,MA,State Representative,12th Hampden,1,a j | a puppolo | ang j | ang puppolo | angelo j | angelo j puppolo | angelo puppolo | m lachenmeyer | mic lachenmeyer | michael lachenmeyer
race-55403cc726be644d5b3b,race-55403cc726be644d5b3b,true,tracked_dsa_endorsed_democratic_primary,2020-06-23,NY,State Assembly,District 51,1,f ortiz | f w | fel ortiz | fel w | felix ortiz | felix w | felix w ortiz | g aquino | g e | gen aquino | gen e | genesis aquino | genesis e | genesis e aquino | k p | k walsh | kat p | kat walsh | katherine p | katherine p walsh | katherine walsh | m mitaynes | mar mitaynes | marcela mitaynes
race-558960c0224035d1fd83,race-558960c0224035d1fd83,true,tracked_dsa_endorsed_democratic_primary,2022-08-23,NY,State Senate,District 25,1,c b | c tillard | con b | con tillard | conrad b | conrad b tillard | conrad tillard | j brisport | jab brisport | jabari brisport | r holmes | ren holmes | renee holmes
race-5650629789d1169ab061,race-5650629789d1169ab061,true,tracked_dsa_endorsed_democratic_primary,2024-06-25,NY,US House,District 16,1,g latimer | g s | geo latimer | geo s | george latimer | george s | george s latimer | j bowman | jam bowman | jamaal bowman
race-56a9ee9cf010f2c3e726,race-56a9ee9cf010f2c3e726,true,tracked_dsa_endorsed_democratic_primary,2018-08-28,AZ,State House,District 18,1,d epstein | d mitzi | den epstein | den mitzi | denise epstein | denise mitzi | denise mitzi epstein | j jermaine | jen jermaine | jennifer jermaine | l stuben | lad stuben | ladawn stuben
race-576f5cc22ee2fc40eb6c,race-576f5cc22ee2fc40eb6c,true,other_corpus_race,2018-03-06,,,,1,f aguilar | f bland | f l | f pierce | fra aguilar | fra bland | fra l | fra pierce | frank aguilar | frank bland | frank l | frank l bland | frank pierce | l bates | l g | luc bates | luc g | lucia bates | lucia g | lucia g bates
race-579cd47b961c0dc2fe36,race-579cd47b961c0dc2fe36,true,other_corpus_race,2022-06-07,CA,State Assembly,District 65,2,f iqbal | f zubair | fat iqbal | fat zubair | fatima iqbal | fatima iqbal zubair | fatima zubair | l gutierrez | lyd gutierrez | lydia gutierrez | m anthony | m gipson | mik anthony | mik gipson | mike anthony | mike anthony gipson | mike gipson
race-579cd47b961c0dc2fe36,race-f9001a0ab4fcd5f648ae,false,other_corpus_race,2022-06-07,CA,State Assembly,District 65,2,f iqbal | f zubair | fat iqbal | fat zubair | fatima iqbal | fatima iqbal zubair | fatima zubair | l gutierrez | lyd gutierrez | lydia gutierrez | m anthony | m gipson | mik anthony | mik gipson | mike anthony | mike anthony gipson | mike gipson
race-57e2d6b0e33ba222fd92,race-57e2d6b0e33ba222fd92,true,other_corpus_race,2021-09-14,MA,City Council,Boston District 6,2,k hicks | k rosalie | ken hicks | ken rosalie | kendra hicks | kendra rosalie | kendra rosalie hicks | m tamer | mar tamer | mary tamer | w eke | w i | win eke | win i | winnie a i eke | winnie eke | winnie i
race-57e2d6b0e33ba222fd92,race-864018b7e4dc45f8b012,false,other_corpus_race,2021-09-14,MA,City Council,Boston District 6,2,k hicks | k rosalie | ken hicks | ken rosalie | kendra hicks | kendra rosalie | kendra rosalie hicks | m tamer | mar tamer | mary tamer | w eke | w i | win eke | win i | winnie a i eke | winnie eke | winnie i
race-58b72b969d7a10ff414a,race-58b72b969d7a10ff414a,true,other_corpus_race,2023-08-01,,,,1,c van | c vechten | chr van | chr vechten | chris van | chris van vechten | chris vechten | j frazier | j scott | jam scott | jamika scott | joh frazier | john frazier | m redeemer | mal redeemer | malando redeemer | s greyell | she greyell | sheldon greyell
race-58bd65d4bf27835baac1,race-58bd65d4bf27835baac1,true,tracked_dsa_endorsed_democratic_primary,2020-03-17,IL,US House,District 11,1,b foster | bil foster | bill foster | r ventura | rac ventura | rachel ventura
race-591cacda9a0457d12b44,race-591cacda9a0457d12b44,true,tracked_dsa_endorsed_democratic_primary,2018-09-13,NY,State Senate,District 18,2,j salazar | jul salazar | julia salazar | m dilan | m m | m malave | mar dilan | mar m | mar malave | martin dilan | martin m | martin m dilan | martin malave | martin malave dilan
race-591cacda9a0457d12b44,race-fd729fa07c67d3881087,false,tracked_dsa_endorsed_democratic_primary,2018-09-13,NY,State Senate,District 18,2,j salazar | jul salazar | julia salazar | m dilan | m m | m malave | mar dilan | mar m | mar malave | martin dilan | martin m | martin m dilan | martin malave | martin malave dilan
race-59573766433aa2f955e8,race-59573766433aa2f955e8,true,other_corpus_race,2017-09-12,,,,1,j brisport | jab brisport | jabari brisport | s hutchinson | sco hutchinson | scott hutchinson
race-5984c9799d268a401686,race-5984c9799d268a401686,true,tracked_dsa_endorsed_democratic_primary,2019-06-11,VA,State Senate,District 35,1,k elena | k torrent | kar elena | kar torrent | karen elena | karen elena torrent | karen torrent | r lawrence | r saslaw | ric lawrence | ric saslaw | richard lawrence | richard lawrence saslaw | richard saslaw | y parinaz | y taeb | yas parinaz | yas taeb | yasmine parinaz | yasmine parinaz taeb | yasmine taeb
race-59a94aa6e72d959987cc,race-59a94aa6e72d959987cc,true,tracked_dsa_endorsed_democratic_primary,2023-06-27,NY,County Legislature,Monroe District 21,2,o brewer | o l | osc brewer | osc l | oscar brewer | oscar l | oscar l brewer | s cruz | s e | san cruz | san e | santos cruz | santos e | santos e cruz
race-59a94aa6e72d959987cc,race-8b1ddd5292021f9f794c,false,tracked_dsa_endorsed_democratic_primary,2023-06-27,NY,County Legislature,Monroe District 21,2,o brewer | o l | osc brewer | osc l | oscar brewer | oscar l | oscar l brewer | s cruz | s e | san cruz | san e | santos cruz | santos e | santos e cruz
race-5a97dce0ed256661ab24,race-5a97dce0ed256661ab24,true,other_corpus_race,2023-02-28,,,,1,a smith | and smith | andre smith | j b | j maddox | j o | j taylor | jea b | jea taylor | jeanette b | jeanette b taylor | jeanette taylor | jen maddox | jen o | jennifer maddox | jennifer o | jennifer o maddox
race-5ba9477febab5af3e898,race-5ba9477febab5af3e898,true,tracked_dsa_endorsed_democratic_primary,2022-08-09,MN,State House,Minnesota District 66B,1,a hollins | ath hollins | athena hollins
race-5c08fa2bbce03a90932e,race-5c08fa2bbce03a90932e,true,tracked_dsa_endorsed_democratic_primary,2024-08-06,MI,US House,District 12,1,r tlaib | ras tlaib | rashida tlaib
race-5db7edca6b190a1d4c39,race-5db7edca6b190a1d4c39,true,tracked_dsa_endorsed_democratic_primary,2022-06-21,DC,Councilmember,Ward 5,1,a lloyd | art lloyd | f gibson | f hubbard | fai gibson | fai hubbard | faith gibson | faith gibson hubbard | faith hubbard | g champion | g fletcher | g johnson | g to | gar johnson | gar to | gary johnson | gary to | gary to to johnson | gor champion | gor fletcher | gordon champion | gordon fletcher | gordon the people s champion fletcher | k henderson | kat henderson | kathy henderson | v orange | v vo | vin orange | vin vo | vincent orange | vincent orange vo | vincent vo | z parker | zac parker | zachary parker
race-5e5b97772655d92ca963,race-5e5b97772655d92ca963,true,tracked_dsa_endorsed_democratic_primary,2020-06-23,KY,President,Kentucky,2,a klobuchar | a yang | amy klobuchar | and yang | andrew yang | b sanders | ber sanders | bernie sanders | d patrick | dev patrick | deval patrick | e warren | eli warren | elizabeth warren | j biden | j r | jos biden | jos r | joseph biden | joseph r | joseph r biden | m bennet | mic bennet | michael bennet | p buttigieg | pet buttigieg | pete buttigieg | t gabbard | t steyer | tom steyer | tul gabbard | tulsi gabbard | uncommitted
race-5e5b97772655d92ca963,us-president-dem-primary-2020-ky,false,tracked_dsa_endorsed_democratic_primary,2020-06-23,KY,President,Kentucky,2,a klobuchar | a yang | amy klobuchar | and yang | andrew yang | b sanders | ber sanders | bernie sanders | d patrick | dev patrick | deval patrick | e warren | eli warren | elizabeth warren | j biden | j r | jos biden | jos r | joseph biden | joseph r | joseph r biden | m bennet | mic bennet | michael bennet | p buttigieg | pet buttigieg | pete buttigieg | t gabbard | t steyer | tom steyer | tul gabbard | tulsi gabbard | uncommitted
race-5f19151fb24a0a026037,race-5f19151fb24a0a026037,true,tracked_dsa_endorsed_democratic_primary,2018-05-15,PA,State House,District 21,1,d costa | dom costa | s innamorato | sar innamorato | sara innamorato
race-60a20e415203eadd2b99,race-60a20e415203eadd2b99,true,tracked_dsa_endorsed_democratic_primary,2021-06-22,NY,City Council,District 39,1,b rein | b west | bra west | brandon west | bri rein | briget rein | d m | d schneider | dou m | dou schneider | douglas m | douglas m schneider | douglas schneider | j krebs | j m | j simmons | jes simmons | jessica simmons | jus krebs | jus m | justin krebs | justin m | justin m krebs | m haq | m m | mam haq | mam m | mamnun haq | mamnun m | mamnun m haq | s hanif | s k | sha hanif | sha k | shahana hanif | shahana k | shahana k hanif
race-61dff94dedb2b01f7999,race-61dff94dedb2b01f7999,true,other_corpus_race,2021-03-02,MO,Alderperson,St. Louis Ward 15,1,a gremp | ale gremp | alexander gremp | j florida | jen florida | jennifer florida | m green | meg green | megan green
race-6233a2b380836f3b2218,race-6233a2b380836f3b2218,true,tracked_dsa_endorsed_democratic_primary,2026-08-04,MO,US Congress MO-01,Missouri 1st Congressional District,1,a murphy | ali murphy | alissa murphy | c bush | c harris | c henderson | car harris | car henderson | carl harris | carl henderson | cor bush | cori bush | w bell | wes bell | wesley bell
race-6257eff967cc9b358e87,race-6257eff967cc9b358e87,true,other_corpus_race,2020-03-03,CA,US House,District 53,1,a meza | ann meza | annette meza | c stoddard | chr stoddard | chris stoddard | e kutner | e roger | eri kutner | eri roger | eric kutner | eric roger | eric roger kutner | f garcia | f ramos | fam ramos | famela ramos | fer garcia | fernando garcia | g gomez | geo gomez | georgette gomez | j brooks | j caballero | j fountain | j goldbeck | j r | j vazquez | jan goldbeck | janessa goldbeck | joa vazquez | joaquin vazquez | joh brooks | john brooks | jos caballero | jos fountain | jos r | jose caballero | joseph fountain | joseph r | joseph r fountain | m oristian | m patrick | mic oristian | mic patrick | michael oristian | michael patrick | michael patrick oristian | s jacobs | s santori | sar jacobs | sara jacobs | suz santori | suzette santori | t wong | tom wong
race-6265542f48c928292d6f,race-6265542f48c928292d6f,true,other_corpus_race,2026-06-02,CA,City Council,District 2,1,r rivas | r zamora | raq zamora | raquel zamora | roc rivas | rocio rivas
race-6309d2d0fa189cfbbdcc,race-6309d2d0fa189cfbbdcc,true,tracked_dsa_endorsed_democratic_primary,2024-05-21,GA,State Representative,District 42,1,g sanchez | gab sanchez | gabriel sanchez | t anulewicz | ter anulewicz | teri anulewicz
race-6335823482c22ec33412,race-6335823482c22ec33412,true,other_corpus_race,2019-02-26,TX,,,1,a dieterich | a yu | ama dieterich | ama yu | amanda dieterich | amanda yu | amanda yu dieterich | c ramirez | c rosa | car ramirez | car rosa | carlos ramirez | carlos ramirez rosa | carlos rosa
race-634e869e6260148d2f4a,race-634e869e6260148d2f4a,true,tracked_dsa_endorsed_democratic_primary,2019-05-21,PA,District Attorney,Allegheny County,1,s zappala | ste zappala | stephen zappala | t jenkins | tur jenkins | turahn jenkins
race-63523454c44d7106fb43,race-63523454c44d7106fb43,true,tracked_dsa_endorsed_democratic_primary,2022-06-28,NY,State Assembly,District 65,2,a sivin | ala sivin | alana sivin | d salas | den salas | denny salas | g lee | gra lee | grace lee | i sairitupac | ill sairitupac | illapa sairitupac
race-63523454c44d7106fb43,race-eda1655ed77072d54e26,false,tracked_dsa_endorsed_democratic_primary,2022-06-28,NY,State Assembly,District 65,2,a sivin | ala sivin | alana sivin | d salas | den salas | denny salas | g lee | gra lee | grace lee | i sairitupac | ill sairitupac | illapa sairitupac
race-63fdf2a3a376c0513ea3,race-63fdf2a3a376c0513ea3,true,other_corpus_race,2020-08-04,WA,US House,,1,c welton | chr welton | chris welton | d kilmer | der kilmer | derek kilmer | e kreiselmaier | eli kreiselmaier | elizabeth kreiselmaier | j alberg | joh alberg | johny alberg | r parson | reb parson | rebecca parson | s brodhead | ste brodhead | stephan brodhead
race-64bde8b146c8826d40ce,race-64bde8b146c8826d40ce,true,tracked_dsa_endorsed_democratic_primary,2026-06-23,NY,US House,District 13,1,a espaillat | adr espaillat | adriano espaillat | d avila | d chevalier | dar avila | dar chevalier | darializa avila | darializa avila chevalier | darializa chevalier | o j | o romero | osc j | osc romero | oscar j | oscar j romero | oscar romero | t chino | t tavarez | the chino | the tavarez | theo bruce chino tavarez | theo chino | theo tavarez
race-65136bae40d3d3d9d35a,race-65136bae40d3d3d9d35a,true,tracked_dsa_endorsed_democratic_primary,2021-06-22,NY,City Council,District 35,1,c harris | c hudson | c m | cry hudson | crystal hudson | cur harris | cur m | curtis harris | curtis m | curtis m harris | d levy | d m | dei levy | dei m | deirdre levy | deirdre m | deirdre m levy | h robertson | hec robertson | hector robertson | m hollingsworth | mic hollingsworth | michael hollingsworth | r a | r collymore | r kinsey | r t | reg a | reg kinsey | regina a | regina a kinsey | regina kinsey | ren collymore | ren t | renee collymore | renee t | renee t collymore
race-65b42f86e7f537aa461c,race-65b42f86e7f537aa461c,true,other_corpus_race,2024-03-05,CA,US House,District 7,1,d lee | d mandel | d matsui | dav lee | dav mandel | david lee | david lee mandel | david mandel | dor matsui | doris matsui | t silva | tom silva
race-66a798375c1e65a7cd63,race-66a798375c1e65a7cd63,true,other_corpus_race,2021-02-16,WI,School Board,Milwaukee Public Schools Board District 4,1,a carr | ais carr | aisha carr | c hayes | che hayes | cheryl hayes | d kelley | dan kelley | dana kelley | v nwagbaraocha | vic nwagbaraocha | victor nwagbaraocha
race-66bb8f9e8a232cb583d0,race-66bb8f9e8a232cb583d0,true,other_corpus_race,2020-06-23,,,,1,a caperton | a fields | a g | ada caperton | ada g | adam caperton | adam g | adam g caperton | ale fields | aletha fields | d j | d young | dar j | dar young | darryl j | darryl j young | darryl young
race-671431314d6098bad4f2,race-671431314d6098bad4f2,true,tracked_dsa_endorsed_democratic_primary,2020-09-01,MA,US Senate,Statewide,1,e j | e markey | edw j | edw markey | edward j | edward j markey | edward markey | j kennedy | j p | jos kennedy | jos p | joseph kennedy | joseph p | joseph p kennedy
race-673de31aaecd5921c9f6,race-673de31aaecd5921c9f6,true,other_corpus_race,2024-03-05,CA,State Senate,District 7,1,d kalb | dan kalb | j arreguin | j beckles | j solnordal | jea solnordal | jeanne solnordal | jes arreguin | jesse arreguin | jov beckles | jovanka beckles | k lybarger | kat lybarger | kathryn lybarger | s r | s swanson | san r | san swanson | sandre r | sandre r swanson | sandre swanson
race-67aab1345a0c0f830221,race-67aab1345a0c0f830221,true,other_corpus_race,2020-03-03,CA,State Assembly,District 64,1,f iqbal | f zubair | fat iqbal | fat zubair | fatima iqbal | fatima iqbal zubair | fatima zubair | m a | m gipson | mik a | mik gipson | mike a | mike a gipson | mike gipson
race-686ed0f1771e83016f0c,race-686ed0f1771e83016f0c,true,tracked_dsa_endorsed_democratic_primary,2019-06-11,VA,Board of Supervisors,"Braddock District, Fairfax County",1,i corado | i marianela | irm corado | irm marianela | irma corado | irma marianela | irma marianela corado | j robert | j walkinshaw | jam robert | jam walkinshaw | james robert | james robert walkinshaw | james walkinshaw
race-695f3443e4961cfa625f,race-695f3443e4961cfa625f,true,tracked_dsa_endorsed_democratic_primary,2020-08-04,KS,County Commissioner,Douglas County District 2,1,n thellman | nan thellman | nancy thellman | s reid | s taliaferro | sar taliaferro | sara taliaferro | sha reid | shannon reid
race-69a3183706d3f7f24dc9,race-69a3183706d3f7f24dc9,true,tracked_dsa_endorsed_democratic_primary,2024-09-10,DE,City Council,Wilmington District 2,1,j johnson | joh johnson | john johnson | s darby | s nicole | sha darby | sha nicole | shane darby | shane nicole | shane nicole darby
race-6aab05ad42328552fc9e,race-6aab05ad42328552fc9e,true,other_corpus_race,2022-05-17,PA,State Senate,District 8,2,a h | a hardy | a williams | ant h | ant hardy | ant williams | anthony h | anthony h williams | anthony hardy | anthony hardy williams | anthony williams | p prescod | pau prescod | paul prescod
race-6aab05ad42328552fc9e,race-f616f2365354180cc1e6,false,tracked_dsa_endorsed_democratic_primary,2022-05-17,PA,State Senate,District 8,2,a h | a hardy | a williams | ant h | ant hardy | ant williams | anthony h | anthony h williams | anthony hardy | anthony hardy williams | anthony williams | p prescod | pau prescod | paul prescod
race-6b3e32b312459df68fc0,race-6b3e32b312459df68fc0,true,other_corpus_race,2019-02-26,TX,,,1,a acevedo | a alex | a flores | aid flores | aida flores | ale acevedo | ale alex | alexander acevedo | alexander alex | alexander alex acevedo | b lopez | b sigcho | byr lopez | byr sigcho | byron lopez | byron sigcho | byron sigcho lopez | h dominguez | hil dominguez | hilario dominguez | t antonio | t hernandez | tro antonio | tro hernandez | troy antonio | troy antonio hernandez | troy hernandez
race-6bc6d62915559580d7fb,race-6bc6d62915559580d7fb,true,tracked_dsa_endorsed_democratic_primary,2024-08-06,MI,State Representative,District 25,1,l maxwell | l taha | lay taha | layla taha | lek maxwell | lekisha maxwell | m hines | mel hines | melandie hines | p herzberg | pet herzberg | peter herzberg | s kourouma | sal kourouma | salif kourouma
race-6c49c02991cbfb1d3722,race-6c49c02991cbfb1d3722,true,other_corpus_race,2020-03-03,CA,City Council,District 4,1,k valenzuela | kat valenzuela | katie valenzuela | s hansen | ste hansen | steve hansen
race-6c5f503aa953fe3879af,race-6c5f503aa953fe3879af,true,other_corpus_race,2023-06-27,,,,1,p conrow | p d | pau conrow | pau d | paul conrow | paul d | paul d conrow
race-6c98bb2fc5fe3ff2da6f,race-6c98bb2fc5fe3ff2da6f,true,tracked_dsa_endorsed_democratic_primary,2022-06-28,NY,State Assembly,District 92,1,a englebrecht | and englebrecht | andrew englebrecht | s boniecki | s cooling | she boniecki | she cooling | sheri boniecki | sheri boniecki cooling | sheri cooling
race-6ca0cac667cb09f82cd7,race-6ca0cac667cb09f82cd7,true,tracked_dsa_endorsed_democratic_primary,2022-06-28,NY,State Assembly,District 68,1,d ortiz | des ortiz | destinee ortiz | k hedemark | k kollins | kev hedemark | kev kollins | kevin hedemark | kevin kollins | kevin kollins hedemark | m tyson | mar tyson | margaret tyson
race-6d54288abb793fe9d3a8,race-6d54288abb793fe9d3a8,true,tracked_dsa_endorsed_democratic_primary,2022-08-09,VT,State House,Chittenden 16,1,j krowinski | jil krowinski | jill krowinski | k logan | kat logan | kate logan | r addario | rya addario | ryan addario
race-6d7952e39ee3bae35dff,race-6d7952e39ee3bae35dff,true,tracked_dsa_endorsed_democratic_primary,2018-05-15,PA,State House,District 34,1,p costa | pau costa | paul costa | s lee | sum lee | summer lee
race-6e0142fbda7cbc420395,race-6e0142fbda7cbc420395,true,tracked_dsa_endorsed_democratic_primary,2024-09-10,DE,State House,District 27,1,e morrison | eri morrison | eric morrison | m lopez | m waite | mar lopez | mar waite | margie lopez | margie lopez waite | margie waite
race-6eae8594188f3f85bd66,race-6eae8594188f3f85bd66,true,other_corpus_race,2020-08-04,WA,State House,District 22 Position 2,1,a novack | ant novack | anthony novack | d pierpoint | dus pierpoint | dusty pierpoint | g breiler | gle breiler | glenda breiler | j bateman | jes bateman | jessica bateman | m biggerstaff | m ellen | mar biggerstaff | mar ellen | mary biggerstaff | mary ellen | mary ellen biggerstaff
race-70174b009240792ba021,race-70174b009240792ba021,true,other_corpus_race,2022-06-07,CA,City Council,District 13,1,a corado | alb corado | albert corado | h martinez | h soto | hug martinez | hug soto | hugo martinez | hugo soto | hugo soto martinez | k pynoos | kat pynoos | kate pynoos | m farrell | m o | mit farrell | mit o | mitch farrell | mitch o | mitch o farrell | s johnson | ste johnson | steve johnson
race-707589896734489b0382,race-707589896734489b0382,true,tracked_dsa_endorsed_democratic_primary,2020-03-10,MI,President,Michigan,2,a klobuchar | a yang | amy klobuchar | and yang | andrew yang | b sanders | ber sanders | bernie sanders | c booker | cor booker | cory booker | e warren | eli warren | elizabeth warren | j biden | j castro | j delaney | j sestak | joe biden | joe sestak | joh delaney | john delaney | jul castro | julian castro | m bennet | m bloomberg | m r | m williamson | mar williamson | marianne williamson | mic bennet | mic bloomberg | mic r | michael bennet | michael bloomberg | michael r | michael r bloomberg | p buttigieg | pet buttigieg | pete buttigieg | t gabbard | t steyer | tom steyer | tul gabbard | tulsi gabbard | uncommitted
race-707589896734489b0382,us-president-dem-primary-2020-mi,false,tracked_dsa_endorsed_democratic_primary,2020-03-10,MI,President,Michigan,2,a klobuchar | a yang | amy klobuchar | and yang | andrew yang | b sanders | ber sanders | bernie sanders | c booker | cor booker | cory booker | e warren | eli warren | elizabeth warren | j biden | j castro | j delaney | j sestak | joe biden | joe sestak | joh delaney | john delaney | jul castro | julian castro | m bennet | m bloomberg | m r | m williamson | mar williamson | marianne williamson | mic bennet | mic bloomberg | mic r | michael bennet | michael bloomberg | michael r | michael r bloomberg | p buttigieg | pet buttigieg | pete buttigieg | t gabbard | t steyer | tom steyer | tul gabbard | tulsi gabbard | uncommitted
race-7081dbc3d51dd48bb991,race-7081dbc3d51dd48bb991,true,tracked_dsa_endorsed_democratic_primary,2026-05-19,KY,State House,District 43,1,j mcatee | joi mcatee | r bell | r levertis | rob bell | rob levertis | robert bell | robert levertis | robert levertis bell
race-70d6e7aea0a07570e2a8,race-70d6e7aea0a07570e2a8,true,tracked_dsa_endorsed_democratic_primary,2020-08-11,WI,State Senate,District 26,1,a burris | a latimer | a moe | ais moe | aisha moe | ama burris | ama latimer | amani burris | amani latimer | amani latimer burris | b benford | bri benford | brian benford | j imes | joh imes | john imes | k helen | k roys | kel helen | kel roys | kelda helen | kelda helen roys | kelda roys | n elmikashfi | nad elmikashfi | nada elmikashfi | w davis | w henry | wil davis | wil henry | william davis | william henry | william henry davis
race-71a7cdf5a6e739f65b82,race-71a7cdf5a6e739f65b82,true,other_corpus_race,2023-02-28,,,,1,a flores | aid flores | aida flores | b lopez | b sigcho | byr lopez | byr sigcho | byron lopez | byron sigcho | byron sigcho lopez
race-71d7bee252db5f33e151,race-71d7bee252db5f33e151,true,tracked_dsa_endorsed_democratic_primary,2024-08-13,WI,State Assembly,District 76,1,f hong | fra hong | francesca hong
race-71eb1dc46eec69477a01,race-71eb1dc46eec69477a01,true,tracked_dsa_endorsed_democratic_primary,2020-09-15,DE,State House,District 26,1,g adelagunja | g olawale | gab adelagunja | gab olawale | gabriel adelagunja | gabriel olawale | gabriel olawale adelagunja | j j | j viola | joh j | joh viola | john j | john j viola | john viola | m anton | m wilson | mad anton | mad wilson | madinah anton | madinah wilson | madinah wilson anton
race-724ef5d41ff708f8ef45,race-724ef5d41ff708f8ef45,true,tracked_dsa_endorsed_democratic_primary,2022-06-28,CO,State House,Colorado District 1,1,j mabrey | jav mabrey | javier mabrey
race-7280deaba4ff6d65102b,race-7280deaba4ff6d65102b,true,tracked_dsa_endorsed_democratic_primary,2026-06-23,NY,State Assembly,District 65,1,f ip | fan ip | fannie ip | g olivares | gra olivares | grauaven olivares | i sairitupac | ill sairitupac | illapa sairitupac | m minsley | mor minsley | morton minsley
race-729c8dc2a2c48df272ec,race-729c8dc2a2c48df272ec,true,other_corpus_race,2021-06-22,NY,City Council,Beacon Ward 4,1,d aymar | d blair | dan aymar | dan aymar blair | dan blair | p wake | pal wake | paloma wake
race-72ad3b3ad8222d02404f,race-72ad3b3ad8222d02404f,true,other_corpus_race,2026-06-02,,,,1,j e | j king | j paun | joa paun | joanna paun | joh e | joh king | john e | john e king | john king | s lemus | s moreda | she moreda | shelina moreda | syl lemus | sylvia lemus
race-73071b15a1c4c8d1ee8f,race-73071b15a1c4c8d1ee8f,true,other_corpus_race,2020-03-03,,,,1,uncommitted
race-739b00d07e247e111eb1,race-739b00d07e247e111eb1,true,other_corpus_race,2025-10-11,LA,City Council,District E (New Orleans),1,c nguyen | cyn nguyen | cyndi nguyen | d christmas | dan christmas | danyelle christmas | g richard | gav richard | gavin richard | j anthony | j hughes | j roberts | jas hughes | jason hughes | jon anthony | jon roberts | jonathan anthony | jonathan anthony roberts | jonathan roberts | k burbank | kim burbank | kimberly burbank | n jones | nat jones | nathaniel jones | r bell | ric bell | richard bell | w morgan | wil morgan | willie morgan
race-73ab9dfc740e7a921829,race-73ab9dfc740e7a921829,true,tracked_dsa_endorsed_democratic_primary,2026-08-04,MI,Mayor,Ann Arbor,1,c taylor | chr taylor | christopher taylor | y rabhi | you rabhi | yousef rabhi
race-740085b1e14034609354,race-740085b1e14034609354,true,tracked_dsa_endorsed_democratic_primary,2024-06-25,NY,State Assembly,District 103,1,g madden | gab madden | gabi madden | s shrestha | sar shrestha | sarahana shrestha
race-74050d04f83c96e831f1,race-74050d04f83c96e831f1,true,tracked_dsa_endorsed_democratic_primary,2026-05-19,ID,Governor,Idaho,1,c torrez | cha torrez | chanelle torrez | j c | j kirkham | jil c | jil kirkham | jill c | jill c kirkham | jill kirkham | m durand | max durand | maxine durand | t pickens | ter pickens | terri pickens
race-74334f63d0a95ab26466,race-74334f63d0a95ab26466,true,tracked_dsa_endorsed_democratic_primary,2026-05-19,GA,Georgia State House District 58,Georgia State House District 58,1,d henderson | dem henderson | demetria henderson | e ladipo | edi ladipo | edith ladipo | k lamont | kyl lamont | kyle lamont | m samson | mat samson | mathewos samson
race-76c7cbb9d6b99bc5d802,race-76c7cbb9d6b99bc5d802,true,other_corpus_race,2026-06-02,CA,US House,District 26,1,c espinosa | chr espinosa | chris espinosa | d miller | dan miller | daniel miller | j irwin | jac irwin | jacqui irwin | l hernandez | l neill | lia hernandez | lia neill | liam andres o neill hernandez | liam hernandez | liam neill | m koslow | m s | mic koslow | mic s | michael koslow | michael s | michael s koslow | s devgan | s gallucci | s kacker | s samadzadeh | sam gallucci | sas samadzadeh | sasan samadzadeh | son devgan | son kacker | sonia devgan | sonia devgan kacker | sonia kacker | w bill | w scott | wil bill | wil scott | william bill | william bill scott | william scott
race-76f51d329af062247a1f,race-76f51d329af062247a1f,true,other_corpus_race,2024-08-06,WA,State House,District 43 Position 2,1,a suarez | and suarez | andrea suarez | d carusello | dan carusello | daniel carusello | s agnew | s lloyd | s scott | sha scott | shaun scott | ste agnew | ste lloyd | stephanie agnew | stephanie lloyd | stephanie lloyd agnew
race-771aff796d89fe4ec1df,race-771aff796d89fe4ec1df,true,other_corpus_race,2025-10-11,LA,City Council,,1,a mccarron | a mossing | aim mccarron | aimee mccarron | ale mossing | alex mossing | b neal | bri neal | bridget neal | h friedman | hol friedman | holly friedman | r bob | r murrell | rob bob | rob murrell | robert bob | robert bob murrell | robert murrell
race-773a75def2a0d13c9f49,race-773a75def2a0d13c9f49,true,tracked_dsa_endorsed_democratic_primary,2020-06-23,NY,US House,District 15,1,c newsome | c r | chi newsome | chi r | chivona newsome | chivona r | chivona r newsome | f basora | fra basora | frangell basora | j pabon | jul pabon | julio pabon | m a | m bey | m blake | m escoffery | m j | m mark | m tapper | m viverito | mar bey | mar escoffery | mar j | mar tapper | mark bey | mark escoffery | mark escoffery bey | marlene j | marlene j tapper | marlene tapper | mel mark | mel viverito | melissa mark | melissa mark viverito | melissa viverito | mic a | mic blake | michael a | michael a blake | michael blake | r diaz | r torres | rit torres | ritchie torres | rub diaz | ruben diaz | s lopez | sam lopez | samelys lopez | t ramos | tom ramos | tomas ramos | y rodriguez | yda rodriguez | ydanis rodriguez
race-77a704658c0877fef129,race-77a704658c0877fef129,true,tracked_dsa_endorsed_democratic_primary,2025-08-05,AZ,City Council,Ward 3 (Tucson),1,k dahl | kev dahl | kevin dahl | s shaw | sad shaw | sadie shaw
race-785cd875182ba04e60a0,race-785cd875182ba04e60a0,true,other_corpus_race,2017-09-26,,,,1,l edwards | l marie | lyd edwards | lyd marie | lydia edwards | lydia marie | lydia marie edwards | m farmer | m m | mar farmer | mar m | margaret farmer | margaret m | margaret m farmer | s passacantilli | ste passacantilli | stephen passacantilli
race-7862bcce7f0ad6b9d65a,race-7862bcce7f0ad6b9d65a,true,other_corpus_race,2018-06-12,,,,1,e graham | e lee | ela graham | ela lee | elana graham | elana lee | elana lee graham | j dean | j leavitt | jam dean | jam leavitt | james dean | james dean leavitt | james leavitt | v ginn | v vinny | vin ginn | vin vinny | vincent ginn | vincent vinny | vincent vinny ginn
race-7887f598f39fd35231f5,race-7887f598f39fd35231f5,true,tracked_dsa_endorsed_democratic_primary,2026-08-04,MI,State Representative,District 8,1,c gilmer | c hill | chr gilmer | chr hill | chris gilmer | chris gilmer hill | chris hill | d austin | dea austin | deanne austin | f kinaya | fed kinaya | fedor kinaya | h scott | hel scott | helena scott
race-78a523131093325999f8,race-78a523131093325999f8,true,tracked_dsa_endorsed_democratic_primary,2018-06-26,MD,House of Delegates,District 19,1,b crider | b cullison | bon cullison | bonnie cullison | bri crider | brian crider | c crutchfield | c ward | car ward | carl ward | cha crutchfield | charlotte crutchfield | j wiles | jad wiles | jade wiles | m ivette | m jenkins | m morales | mar ivette | mar jenkins | mar morales | marice ivette | marice ivette morales | marice morales | marlin jenkins | v stewart | vau stewart | vaughn stewart
race-7a17f4540c1495b69557,race-7a17f4540c1495b69557,true,other_corpus_race,2024-03-05,,,,1,e weaver | eth weaver | ethan weaver | l baronian | lev baronian | levon baronian | n raman | nit raman | nithya raman
race-7ab35229d5841ad0bb44,race-7ab35229d5841ad0bb44,true,tracked_dsa_endorsed_democratic_primary,2020-03-03,TX,District Attorney,Travis County,1,e martinson | eri martinson | erin martinson | j garza | jos garza | jose garza | m moore | mar moore | margaret moore
race-7abc41a08fe8e114fb4c,race-7abc41a08fe8e114fb4c,true,tracked_dsa_endorsed_democratic_primary,2022-05-17,PA,State House,District 184,1,e fiedler | eli fiedler | elizabeth fiedler | m giangiordano | mic giangiordano | michael giangiordano
race-7b205412dcd5835f97f9,race-7b205412dcd5835f97f9,true,tracked_dsa_endorsed_democratic_primary,2018-03-06,TX,State Senate,District 17,1,f watson | fra watson | fran watson | r lucido | rit lucido | rita lucido
race-7d1d86d506cf06be54a0,race-7d1d86d506cf06be54a0,true,tracked_dsa_endorsed_democratic_primary,2026-06-23,NY,State Assembly,District 54,1,c celeste | c tate | chr celeste | chr tate | christian celeste | christian celeste tate | christian tate | e dilan | eri dilan | erik dilan
race-7d7842f6876d4d0f9ce9,race-7d7842f6876d4d0f9ce9,true,tracked_dsa_endorsed_democratic_primary,2018-03-06,TX,US House,Congressional District 21,1,d crowe | der crowe | derrick crowe | e mcfadden | ell mcfadden | elliott mcfadden | j kopser | jos kopser | joseph kopser | m street | m wilson | mar street | mar wilson | mary street | mary street wilson | mary wilson
race-7d93ab6b51ec87b8170e,race-7d93ab6b51ec87b8170e,true,tracked_dsa_endorsed_democratic_primary,2022-06-28,NY,State Assembly,District 54,2,e dilan | e martin | eri dilan | eri martin | erik dilan | erik martin | erik martin dilan | s nemir | s olivares | sam nemir | sam olivares | samy nemir | samy nemir olivares | samy olivares
race-7d93ab6b51ec87b8170e,race-fb0214cd885b74a0c037,false,tracked_dsa_endorsed_democratic_primary,2022-06-28,NY,State Assembly,District 54,2,e dilan | e martin | eri dilan | eri martin | erik dilan | erik martin | erik martin dilan | s nemir | s olivares | sam nemir | sam olivares | samy nemir | samy nemir olivares | samy olivares
race-7ded791ebe860d42de68,race-7ded791ebe860d42de68,true,tracked_dsa_endorsed_democratic_primary,2020-06-02,DC,City Council,Ward 4,1,b todd | bra todd | brandon todd | j george | j lewis | jan george | jan lewis | janeese george | janeese lewis | janeese lewis george | m d | m edwards | mar d | mar edwards | marlena d | marlena d edwards | marlena edwards
race-7e4150318d47dffcf2ff,race-7e4150318d47dffcf2ff,true,other_corpus_race,2024-11-05,LA,School Board,Orleans Parish District 2,1,c tucker | cha tucker | chan tucker | e jones | eri jones | eric jones | g biro | gab biro | gabriela biro
race-7ecc5bf058cba323d432,race-7ecc5bf058cba323d432,true,tracked_dsa_endorsed_democratic_primary,2025-03-04,DC,Prince George’s County Council District 5,Prince George’s County Council District 5,1,c r | c wade | chr r | chr wade | christopher r | christopher r wade | christopher wade | k gray | k munyeneh | kay munyeneh | kayce munyeneh | ken gray | kendal gray | r middleton | rya middleton | ryan middleton | s adams | s stafford | sha adams | sha stafford | shayla adams | shayla d adams stafford | shayla stafford | t dudley | t mitchell | the dudley | the mitchell | theresa dudley | theresa mitchell | theresa mitchell dudley
race-7f202ea8e34ed7d7a624,race-7f202ea8e34ed7d7a624,true,tracked_dsa_endorsed_democratic_primary,2022-06-28,NY,State Assembly,District 60,1,k alleyne | k w | ker alleyne | ker w | keron alleyne | keron w | keron w alleyne | n lucas | nik lucas | nikki lucas
race-812b072a862c472a346d,race-812b072a862c472a346d,true,other_corpus_race,2022-06-07,CA,District Attorney,Sacramento County,1,a mathews | ala mathews | alana mathews | t ho | thi ho | thien ho
race-8136e9ee637d909073dd,race-8136e9ee637d909073dd,true,other_corpus_race,2019-02-19,,,,1,d beyer | der beyer | derek beyer | k gabor | kat gabor | kathryn gabor | m halloran | m o | meg halloran | meg o | megan halloran | megan o | megan o halloran
race-81e2713609390a44638a,race-81e2713609390a44638a,true,tracked_dsa_endorsed_democratic_primary,2026-06-23,NY,State Assembly,District 70,1,c blackburn | con blackburn | conrad blackburn | j wright | jor wright | jordan wright
race-821c6c804097fcedd897,race-821c6c804097fcedd897,true,other_corpus_race,2020-03-03,CA,State Assembly,District 25,1,a e | a kepner | a lee | a phan | a song | ale lee | alex lee | ann e | ann kepner | ann song | anna e | anna e song | anna song | anne kepner | ant phan | anthony phan | b brunton | bob brunton | c montano | car montano | carmen montano | j canova | jim canova | n gupta | nat gupta | natasha gupta | r reed | rom reed | roman reed
race-82b317d0ebb6e5f1d97a,race-82b317d0ebb6e5f1d97a,true,other_corpus_race,2017-08-01,WA,City Council,,1,c strong | cha strong | charlene strong | j grant | jon grant | m mcgregor | mac mcgregor | r pantoja | rud pantoja | rudy pantoja | s nelson | s secrest | sar nelson | sara nelson | she secrest | sheley secrest
race-839b10104820793a268a,race-839b10104820793a268a,true,tracked_dsa_endorsed_democratic_primary,2024-06-04,NJ,Democratic Presidential Primary,Statewide,1,j biden | joe biden | u nj | unc nj | uncommitted nj
race-849af2fd1b577481cd2b,race-849af2fd1b577481cd2b,true,other_corpus_race,2022-06-28,NY,State Assembly,District 95,2,c d | c smith | col d | col smith | colin d | colin d smith | colin smith | d levenberg | dan levenberg | dana levenberg | v agudelo | van agudelo | vanessa agudelo
race-849af2fd1b577481cd2b,race-8bba9144ce654761bfce,false,tracked_dsa_endorsed_democratic_primary,2022-06-28,NY,State Assembly,District 95,2,c d | c smith | col d | col smith | colin d | colin d smith | colin smith | d levenberg | dan levenberg | dana levenberg | v agudelo | van agudelo | vanessa agudelo
race-84ecee2258420ae34951,race-84ecee2258420ae34951,true,tracked_dsa_endorsed_democratic_primary,2021-06-22,NY,City Council,Rochester At,2,a hall | a white | ale white | alexander white | ant hall | anthony hall | b hardgers | bri hardgers | brittan hardgers | j hardin | j ivery | j reggler | jas reggler | jasmin reggler | jaz ivery | jazzmyn ivery | jon hardin | jonathan hardin | k smith | kim smith | l aponte | l astacio | let astacio | leticia astacio | lui aponte | luis aponte | m gruber | m melendez | m powell | mig melendez | miguel melendez | miq powell | miquel powell | mit gruber | mitch gruber | p mcgahee | pat mcgahee | patricia mcgahee | s martin | sta martin | stanley martin | v sanchez | vic sanchez | victor sanchez | w lightfoot | wil lightfoot | willie lightfoot
race-84ecee2258420ae34951,race-a48d808d0d89aabde3c9,false,tracked_dsa_endorsed_democratic_primary,2021-06-22,NY,City Council,Rochester At,2,a hall | a white | ale white | alexander white | ant hall | anthony hall | b hardgers | bri hardgers | brittan hardgers | j hardin | j ivery | j reggler | jas reggler | jasmin reggler | jaz ivery | jazzmyn ivery | jon hardin | jonathan hardin | k smith | kim smith | l aponte | l astacio | let astacio | leticia astacio | lui aponte | luis aponte | m gruber | m melendez | m powell | mig melendez | miguel melendez | miq powell | miquel powell | mit gruber | mitch gruber | p mcgahee | pat mcgahee | patricia mcgahee | s martin | sta martin | stanley martin | v sanchez | vic sanchez | victor sanchez | w lightfoot | wil lightfoot | willie lightfoot
race-8530b8aec7d615db3151,race-8530b8aec7d615db3151,true,tracked_dsa_endorsed_democratic_primary,2021-06-08,VA,House of Delegates,District 89,1,h blair | h kinder | han blair | han kinder | hannah blair | hannah blair kinder | hannah kinder | j corey | j jones | jer corey | jer jones | jerrauld charles corey jones | jerrauld corey | jerrauld jones
race-85b2e006fa2ae5e8a85f,race-85b2e006fa2ae5e8a85f,true,tracked_dsa_endorsed_democratic_primary,2022-05-17,KY,State House,District 41,1,d j | d young | dar j | dar young | darryl j | darryl j young | darryl young | j crowder | j raymond | jos crowder | jos raymond | joshua crowder | josie raymond
race-87536ce63cbcd2897523,race-87536ce63cbcd2897523,true,tracked_dsa_endorsed_democratic_primary,2024-06-25,CO,State Senate,District 18,1,j amabile | j schiffer | jov schiffer | jovita schiffer | jud amabile | judy amabile
race-885bf92cab55e56ae2b7,race-885bf92cab55e56ae2b7,true,tracked_dsa_endorsed_democratic_primary,2023-05-16,PA,City Council,Philadelphia District 8,1,c bass | cin bass | cindy bass | s anderson | s oberman | set anderson | set oberman | seth anderson | seth anderson oberman | seth oberman
race-8883cb5968c8f5306cc5,race-8883cb5968c8f5306cc5,true,other_corpus_race,2021-06-22,NY,Common Council,Ithaca Ward 2,1,p brown | pho brown | phoebe brown | r murray | ric murray | rick murray
race-896b7a238243a848b1c2,race-896b7a238243a848b1c2,true,tracked_dsa_endorsed_democratic_primary,2018-08-28,AZ,State House,District 24,1,a shah | ami shah | amish shah | d link | den link | denise link | f dominguez | fre dominguez | fred dominguez | j glenn | j longdon | jen longdon | jennifer longdon | joh glenn | john glenn | k clark | ken clark | m ferrell | mar ferrell | marcus ferrell
race-8a21811bb8adfcdf5f46,race-8a21811bb8adfcdf5f46,true,tracked_dsa_endorsed_democratic_primary,2023-06-27,NY,County Legislature,Monroe District 25,2,c d | c delvecchio | c hoffman | car d | car delvecchio | car hoffman | carolyn d | carolyn d hoffman | carolyn delvecchio | carolyn delvecchio hoffman | carolyn hoffman | n justice | nad justice | nadja justice
race-8a21811bb8adfcdf5f46,race-eb6f8cc31fad826aab63,false,tracked_dsa_endorsed_democratic_primary,2023-06-27,NY,County Legislature,Monroe District 25,2,c d | c delvecchio | c hoffman | car d | car delvecchio | car hoffman | carolyn d | carolyn d hoffman | carolyn delvecchio | carolyn delvecchio hoffman | carolyn hoffman | n justice | nad justice | nadja justice
race-8a99a689340f254d2852,race-8a99a689340f254d2852,true,other_corpus_race,2021-08-03,WA,City Council,Seattle Citywide Position 9,1,b k | b thomas | bri k | bri thomas | brianna k | brianna k thomas | brianna thomas | c eichner | cor eichner | corey eichner | l mchaffie | lin mchaffie | lindsay mchaffie | n oliver | nik oliver | nikkita oliver | r l | r williamson | reb l | reb williamson | rebecca l | rebecca l williamson | rebecca williamson | s nelson | sar nelson | sara nelson | x gunther | xti gunther | xtian gunther
race-8b7a8f7e7882f4f63dbb,race-8b7a8f7e7882f4f63dbb,true,tracked_dsa_endorsed_democratic_primary,2026-06-23,NY,State Assembly,District 56,1,e huntley | eon huntley | m bailey | mic bailey | michael bailey | s l | s zinerman | ste l | ste zinerman | stefani l | stefani l zinerman | stefani zinerman
race-8bb4a2d445ddc18ae3ff,race-8bb4a2d445ddc18ae3ff,true,tracked_dsa_endorsed_democratic_primary,2022-05-17,NC,County Commissioner,Forsyth County District A,1,f amin | f el | fle amin | fle el | fleming amin | fleming el | fleming el amin | g henley | gar henley | gardenia henley | m woodbury | mal woodbury | malishai woodbury | p carter | phi carter | phil carter | t d | t mcdaniel | ton d | ton mcdaniel | tonya d | tonya d mcdaniel | tonya mcdaniel
race-8c1736034dcd6cd4f3ba,race-8c1736034dcd6cd4f3ba,true,tracked_dsa_endorsed_democratic_primary,2021-06-22,NY,City Council,District 22,2,c gioino | cat gioino | catherina gioino | catherine gioino | e hantzopoulos | evi hantzopoulos | evie hantzopoulos | j ciafone | j j | joh ciafone | joh j | john ciafone | john j | john j ciafone | l bullaro | l t | leo bullaro | leo t | leonardo bullaro | leonardo t | leonardo t bullaro | n velkov | nic velkov | nick velkov | t caban | tif caban | tiffany caban
race-8c1736034dcd6cd4f3ba,race-af2946bea89ae6832a3c,false,tracked_dsa_endorsed_democratic_primary,2021-06-22,NY,City Council,District 22,2,c gioino | cat gioino | catherina gioino | catherine gioino | e hantzopoulos | evi hantzopoulos | evie hantzopoulos | j ciafone | j j | joh ciafone | joh j | john ciafone | john j | john j ciafone | l bullaro | l t | leo bullaro | leo t | leonardo bullaro | leonardo t | leonardo t bullaro | n velkov | nic velkov | nick velkov | t caban | tif caban | tiffany caban
race-8c3d7b6db38bb41e2be2,race-8c3d7b6db38bb41e2be2,true,other_corpus_race,2025-08-05,,,,1,b a | b vollmer | bra a | bra vollmer | brandon a | brandon a vollmer | brandon vollmer | j bushnell | joe bushnell | z cook | zev cook
race-8c8777f6b2110f814f34,race-8c8777f6b2110f814f34,true,other_corpus_race,2021-09-14,,,,1,a anderson | a h | ale anderson | ale h | alexander anderson | alexander h | alexander h anderson | b miller | bec miller | becca miller | j neufeld | j pineda | jud neufeld | jud pineda | judith neufeld | judith pineda | judith pineda neufeld | m koutsoubaris | mar koutsoubaris | maria koutsoubaris
race-8d1e88972b7232ea26d0,race-8d1e88972b7232ea26d0,true,tracked_dsa_endorsed_democratic_primary,2021-05-18,PA,City Council At-Large,Erie,2,c diloreto | c nelson | chu nelson | chuck nelson | cor diloreto | cory diloreto | e kate | e koehle | els kate | els koehle | elspeth kate | elspeth kate koehle | elspeth koehle | j flores | jas flores | jasmine flores | k tate | ken tate | kendrick tate | l allen | liz allen | m mo | m p | m troop | m yuille | mar p | mar yuille | marcus p | marcus p yuille | marcus yuille | mau mo | mau troop | maurice mo | maurice mo troop | maurice troop
race-8d1e88972b7232ea26d0,race-c6bb913e7ac75477d6b5,false,tracked_dsa_endorsed_democratic_primary,2021-05-18,PA,City Council At-Large,Erie,2,c diloreto | c nelson | chu nelson | chuck nelson | cor diloreto | cory diloreto | e kate | e koehle | els kate | els koehle | elspeth kate | elspeth kate koehle | elspeth koehle | j flores | jas flores | jasmine flores | k tate | ken tate | kendrick tate | l allen | liz allen | m mo | m p | m troop | m yuille | mar p | mar yuille | marcus p | marcus p yuille | marcus yuille | mau mo | mau troop | maurice mo | maurice mo troop | maurice troop
race-8d8eda039bc2f1fd15e4,race-8d8eda039bc2f1fd15e4,true,tracked_dsa_endorsed_democratic_primary,2022-08-09,WI,Wisconsin State Assembly District 10,Wisconsin State Assembly District 10,1,b kennedy | bry kennedy | bryan kennedy | d madison | dar madison | darrin madison
race-8dbe7e847ee21df8fe5f,race-8dbe7e847ee21df8fe5f,true,tracked_dsa_endorsed_democratic_primary,2026-08-11,CT,State Senate,District 2,1,a taylor | aya taylor | ayana taylor | d mccrory | dou mccrory | douglas mccrory | m khan | mar khan | maryam khan
race-8e0b684ada7986ee77fc,race-8e0b684ada7986ee77fc,true,other_corpus_race,2021-09-14,,,,1,b gomez | b mouakad | bea gomez | bea mouakad | beatriz c gomez mouakad | beatriz gomez | beatriz mouakad | t bridge | t e | t easton | tes bridge | tessa bridge | tod e | tod easton | todd e | todd e easton | todd easton
race-8fa8aa6966350616c680,race-8fa8aa6966350616c680,true,tracked_dsa_endorsed_democratic_primary,2024-08-13,WI,State Assembly,District 78,1,m pearson | mai pearson | maia pearson | s stubbs | she stubbs | shelia stubbs
race-8fc9beee4a94871c9105,race-8fc9beee4a94871c9105,true,other_corpus_race,2019-08-06,,,,1,a nguyen | ami nguyen | e orion | ega orion | egan orion | k sawant | ksh sawant | kshama sawant | l bowers | log bowers | logan bowers | p murakami | pat murakami | z dewolf | zac dewolf | zachary dewolf
race-9041fe23eca88c27b6bf,race-9041fe23eca88c27b6bf,true,tracked_dsa_endorsed_democratic_primary,2020-05-19,OR,State House,District 42,1,p kreisman | pai kreisman | paige kreisman | r nosse | rob nosse
race-9065e448b7091dd55686,race-9065e448b7091dd55686,true,tracked_dsa_endorsed_democratic_primary,2024-03-05,MN,Democratic Presidential Primary,Statewide,1,d phillips | dea phillips | dean phillips | j biden | j r | jos biden | jos r | joseph biden | joseph r | joseph r biden | m williamson | mar williamson | marianne williamson | uncommitted
race-9172cee3bc57bf96a6c8,race-9172cee3bc57bf96a6c8,true,tracked_dsa_endorsed_democratic_primary,2026-06-23,NY,State Assembly,District 36,1,d c | d moreno | dia c | dia moreno | diana c | diana c moreno | diana moreno | k coenen | kev coenen | kevin coenen | m jobaida | mar jobaida | mary jobaida
race-92bef0369296358f5e9b,race-92bef0369296358f5e9b,true,tracked_dsa_endorsed_democratic_primary,2022-08-09,MN,Senate D63,District 63,1,t scott | tod scott | todd scott | z mohamed | zay mohamed | zaynab mohamed
race-92d9ab18d64e4a42b737,race-92d9ab18d64e4a42b737,true,tracked_dsa_endorsed_democratic_primary,2026-06-30,CO,US House,District 1,1,d degette | dia degette | diana degette | m kiros | mel kiros | melat kiros | w james | wan james | wanda james
race-93787fac3bcf83084723,race-93787fac3bcf83084723,true,tracked_dsa_endorsed_democratic_primary,2026-05-19,OR,State Representative,District 35,1,f chaichi | far chaichi | farrah chaichi | j arteaga | j cruz | joh arteaga | joh cruz | johan arteaga | johan arteaga cruz | johan cruz
race-93cd6092eff8fe9e79f6,race-93cd6092eff8fe9e79f6,true,other_corpus_race,2025-09-16,,,,1,j wilson | jac wilson | jacob wilson | w burnley | wil burnley | willie burnley
race-93f10ec56327b652df21,race-93f10ec56327b652df21,true,tracked_dsa_endorsed_democratic_primary,2024-06-04,NM,Santa Fe County Commission District 4,Santa Fe County Commission District 4,1,a fulton | a johnson | ada fulton | ada johnson | adam fulton | adam fulton johnson | adam johnson | m a | m old | mik a | mik old | mika a | mika a old | mika old | s a | s chiulli | ste a | ste chiulli | stephen a | stephen a chiulli | stephen chiulli
race-9400e70ef79c1129b61c,race-9400e70ef79c1129b61c,true,other_corpus_race,2025-08-05,,,,1,g hosea | g mimms | gwe hosea | gwe mimms | gwendolyn hosea | gwendolyn hosea mimms | gwendolyn mimms | j alberson | jam alberson | james alberson | m westgaard | mic westgaard | michael westgaard
race-9488fafc0bceacab9ee9,race-9488fafc0bceacab9ee9,true,tracked_dsa_endorsed_democratic_primary,2021-06-22,NY,City Council,Rochester At-Large,1,c corrado | c e | chr corrado | chr e | christine corrado | christine e | christine e corrado | j richard | jac richard | jaclyn richard | r wilt | rob wilt | robin wilt
race-95a691a9cb8491b42328,race-95a691a9cb8491b42328,true,tracked_dsa_endorsed_democratic_primary,2026-05-19,PA,US House,District 3,1,a stanford | ala stanford | c rabb | chr rabb | chris rabb | s griffith | s street | sha griffith | sha street | sharif street | shaun griffith
race-963c37b83b359ddc79cb,race-963c37b83b359ddc79cb,true,tracked_dsa_endorsed_democratic_primary,2026-08-04,MI,Mayor,Ypsilanti,1,a fellows | amb fellows | amber fellows | n a | n brown | nic a | nic brown | nicole a | nicole a brown | nicole brown
race-96505629f7ffc39a5c0e,race-96505629f7ffc39a5c0e,true,other_corpus_race,2023-02-28,,,,1,l shaaban | lai shaaban | laith shaaban | r rodriguez | ros rodriguez | rossana rodriguez | s martinez | sam martinez | samie martinez
race-97cfab5130640c94bcc2,race-97cfab5130640c94bcc2,true,tracked_dsa_endorsed_democratic_primary,2024-04-02,CT,Democratic Presidential Primary,Statewide,1,c uygur | cen uygur | cenk uygur | d phillips | dea phillips | dean phillips | j biden | joe biden | m williamson | mar williamson | marianne williamson | uncommitted
race-980dc8b6fade3efe9c74,race-980dc8b6fade3efe9c74,true,tracked_dsa_endorsed_democratic_primary,2020-03-03,CO,President,Colorado,2,a yang | and yang | andrew yang | b sanders | ber sanders | bernie sanders | c booker | cor booker | cory booker | d patrick | dev patrick | deval patrick | e warren | eli warren | elizabeth warren | j biden | j delaney | j r | joh delaney | john delaney | jos biden | jos r | joseph biden | joseph r | joseph r biden | m bennet | m bloomberg | m r | m williamson | mar williamson | marianne williamson | mic bennet | mic bloomberg | mic r | michael bennet | michael bloomberg | michael r | michael r bloomberg | r fuente | r krichevsky | r la | r wells | rit krichevsky | rita krichevsky | rob wells | robby wells | roq fuente | roq la | roque fuente | roque la | roque rocky de la fuente | t gabbard | t steyer | tom steyer | tul gabbard | tulsi gabbard
race-980dc8b6fade3efe9c74,us-president-dem-primary-2020-co,false,tracked_dsa_endorsed_democratic_primary,2020-03-03,CO,President,Colorado,2,a yang | and yang | andrew yang | b sanders | ber sanders | bernie sanders | c booker | cor booker | cory booker | d patrick | dev patrick | deval patrick | e warren | eli warren | elizabeth warren | j biden | j delaney | j r | joh delaney | john delaney | jos biden | jos r | joseph biden | joseph r | joseph r biden | m bennet | m bloomberg | m r | m williamson | mar williamson | marianne williamson | mic bennet | mic bloomberg | mic r | michael bennet | michael bloomberg | michael r | michael r bloomberg | r fuente | r krichevsky | r la | r wells | rit krichevsky | rita krichevsky | rob wells | robby wells | roq fuente | roq la | roque fuente | roque la | roque rocky de la fuente | t gabbard | t steyer | tom steyer | tul gabbard | tulsi gabbard
race-989068ddac35efb3cefd,race-989068ddac35efb3cefd,true,tracked_dsa_endorsed_democratic_primary,2018-08-14,WI,State Assembly,District 16,1,b bond | bra bond | brandy bond | d mcclendon | d williams | dan mcclendon | dan williams | danielle mcclendon | danielle mcclendon williams | danielle williams | k haywood | kal haywood | kalan haywood | r banks | ric banks | rick banks | s moore | s omokunde | sup moore | sup omokunde | supreme moore | supreme moore omokunde | supreme omokunde
race-98a94ea45af952a751bc,race-98a94ea45af952a751bc,true,tracked_dsa_endorsed_democratic_primary,2020-05-19,OR,US House,District 3,1,a lee | alb lee | albert lee | c barnett | c rand | cha barnett | cha rand | charles barnett | charles rand | charles rand barnett | d wilcox | dan wilcox | dane wilcox | e blumenauer | ear blumenauer | earl blumenauer | m davis | m s | mat davis | mat s | matthew davis | matthew s | matthew s davis
race-9905f8386be5406ca942,race-9905f8386be5406ca942,true,other_corpus_race,2023-02-28,,,,1,j gutierrez | j prieto | jes gutierrez | jessica gutierrez | jua prieto | juanpablo prieto | r cruz | rut cruz | ruth cruz | w williams | war williams | warren williams
race-996219411814ef8b62f1,race-996219411814ef8b62f1,true,tracked_dsa_endorsed_democratic_primary,2026-06-02,NM,State Representative,District 60,1,l alfaro | l jungmann | luk alfaro | luk jungmann | luke alfaro | luke alfaro jungmann | luke jungmann
race-9a964e5d79326deb3255,race-9a964e5d79326deb3255,true,tracked_dsa_endorsed_democratic_primary,2026-02-03,MI,State Senate,District 35,1,b adams | bra adams | brandell adams | c greene | che greene | chedrick greene | m blank | m l | mar blank | mar l | martin blank | martin l | martin l blank | p pugh | pam pugh | pamela pugh | s hope | s salak | ser hope | ser salak | serenity hope | serenity hope salak | serenity salak | w morrone | wil morrone | william morrone
race-9b23daac37f99a66baef,race-9b23daac37f99a66baef,true,tracked_dsa_endorsed_democratic_primary,2018-06-12,ME,State House,District 39,1,m sylvester | mik sylvester | mike sylvester
race-9b3740fc757fa37aee1b,race-9b3740fc757fa37aee1b,true,other_corpus_race,2019-09-17,,,,1,a antonio | a castagnetti | a cugno | a d | a knight | a marie | a p | ada knight | adam knight | and castagnetti | and p | andrew castagnetti | andrew p | andrew p castagnetti | ann cugno | ann marie | ann marie cugno | ant antonio | ant d | anthony antonio | anthony d | anthony d antonio | c tuden | cur tuden | curtis tuden | e a | e dibenedetto | eri a | eri dibenedetto | erin a | erin a dibenedetto | erin dibenedetto | g a | g scarpelli | geo a | geo scarpelli | george a | george a scarpelli | george scarpelli | i bears | i zac | isa bears | isa zac | isaac b zac bears | isaac bears | isaac zac | j c | j falco | j m | j nuzzo | jea m | jea nuzzo | jean m | jean m nuzzo | jean nuzzo | joh c | joh falco | john c | john c falco | john falco | m j | m marks | mic j | mic marks | michael j | michael j marks | michael marks | n breen | n morell | nat breen | natalie breen | nic morell | nicole morell | r caraviello | r f | ric caraviello | ric f | richard caraviello | richard f | richard f caraviello | s collicelli | ste collicelli | steven collicelli
race-9b4326ee8df6f190d378,race-9b4326ee8df6f190d378,true,other_corpus_race,2024-03-05,,,City of Sacramento,1,f cofer | f flo | flo cofer | flo flo | flojaune cofer | flojaune flo | flojaune flo cofer | j antonio | j avina | j engel | j m | jos antonio | jos avina | jose antonio | jose antonio avina | jose avina | jul engel | jul m | julius engel | julius m | julius m engel | k mccarty | kev mccarty | kevin mccarty | r pan | ric pan | richard pan | s hansen | ste hansen | steve hansen
race-9c0672482c0386144da4,race-9c0672482c0386144da4,true,tracked_dsa_endorsed_democratic_primary,2023-05-02,IN,City-County Council,District 13,1,j brown | jes brown | jesse brown | z adamson | zac adamson | zach adamson
race-9c280b17549e7416b0f3,race-9c280b17549e7416b0f3,true,other_corpus_race,2021-08-10,MN,City Council,Duluth District 2,1,a c | a hilfers | a jarocki | and c | and hilfers | and jarocki | andrew c | andrew c jarocki | andrew hilfers | andrew jarocki | d zbaracki | dav zbaracki | dave zbaracki | m mayou | mik mayou | mike mayou
race-9c5f47278f523126e61b,race-9c5f47278f523126e61b,true,tracked_dsa_endorsed_democratic_primary,2022-06-28,IL,US House,Illinois District 8,1,j ahmed | jun ahmed | junaid ahmed | r krishnamoorthi | raj krishnamoorthi | raja krishnamoorthi
race-9c84c4f62bbebc0b7b7d,race-9c84c4f62bbebc0b7b7d,true,tracked_dsa_endorsed_democratic_primary,2025-06-24,NY,Common Council,Ward 5 (Ithaca),1,d fisher | deb fisher | deborah fisher | g p | g p zurenda | g zurenda | h shvets | han shvets | hannah shvets
race-9c8b6c97ae90b94029df,race-9c8b6c97ae90b94029df,true,tracked_dsa_endorsed_democratic_primary,2022-05-17,PA,State Representative,District 184,1,e fiedler | eli fiedler | elizabeth fiedler | m a | m giangiordano | mic a | mic giangiordano | michael a | michael a giangiordano | michael giangiordano
race-9ca784db2d625d8783bf,race-9ca784db2d625d8783bf,true,tracked_dsa_endorsed_democratic_primary,2020-06-02,MD,US House,District 5,1,b urbina | bri urbina | briana urbina | m wilkes | mck wilkes | mckayla wilkes | s h | s hoyer | ste h | ste hoyer | steny h | steny h hoyer | steny hoyer | v hoffman | v marie | van hoffman | van marie | vanessa hoffman | vanessa marie | vanessa marie hoffman | w devine | wil devine | william devine
race-9d81c90e4175cd261dc2,race-9d81c90e4175cd261dc2,true,tracked_dsa_endorsed_democratic_primary,2022-07-19,MD,State Senate,District 18,1,j waldstreicher | jef waldstreicher | jeff waldstreicher | m socol | max socol
race-9d82dba19c1d7ed773d0,race-9d82dba19c1d7ed773d0,true,tracked_dsa_endorsed_democratic_primary,2020-05-19,OR,US House,District 5,1,b g | b reynolds | bla g | bla reynolds | blair g | blair g reynolds | blair reynolds | k schrader | kur schrader | kurt schrader | m f | m gamba | mar f | mar gamba | mark f | mark f gamba | mark gamba
race-9dceacf3417bf74c80ec,race-9dceacf3417bf74c80ec,true,other_corpus_race,2025-09-16,,Mayor,reelect,1,j wilson | jak wilson | jake wilson | k ballantyne | kat ballantyne | katjana ballantyne | w burnley | wil burnley | willie burnley
race-9ec6691d67b9c9ad482a,race-9ec6691d67b9c9ad482a,true,tracked_dsa_endorsed_democratic_primary,2024-05-14,MD,US House,District 5,1,a crooms | a l | and crooms | and l | andrea crooms | andrea l | andrea l crooms | m wilkes | mck wilkes | mckayla wilkes | q bareebe | qui bareebe | quincy bareebe | s hoyer | ste hoyer | steny hoyer
race-a036ccb35ff1bcadc510,race-a036ccb35ff1bcadc510,true,tracked_dsa_endorsed_democratic_primary,2022-06-28,NY,State Assembly,District 57,1,o alabi | ola alabi | olanike alabi | p forrest | p souffrant | pha forrest | pha souffrant | phara forrest | phara souffrant | phara souffrant forrest
race-a04f856ead4ec956148b,race-a04f856ead4ec956148b,true,other_corpus_race,2026-06-09,,,,1,v karris | v l | ven karris | ven l | venise karris | venise l | venise l karris
race-a0ccc13a066fcae2bee5,race-a0ccc13a066fcae2bee5,true,tracked_dsa_endorsed_democratic_primary,2026-08-04,MI,State Representative,District 26,1,d wegela | dyl wegela | dylan wegela
race-a0d0079bd79eae1cceb4,race-a0d0079bd79eae1cceb4,true,tracked_dsa_endorsed_democratic_primary,2026-08-11,WI,US House,District 3,1,e berge | emi berge | emily berge | r cooke | reb cooke | rebecca cooke
race-a0d62e41239ac39f095c,race-a0d62e41239ac39f095c,true,tracked_dsa_endorsed_democratic_primary,2018-08-07,MI,US House,District 13,1,b jones | b wild | bil wild | bill wild | bre jones | brenda jones | c a | c young | col a | col young | coleman a | coleman a young | coleman young | i conyers | ian conyers | r tlaib | ras tlaib | rashida tlaib | s jackson | sha jackson | shanelle jackson
race-a1279704863b895c5ee9,race-a1279704863b895c5ee9,true,other_corpus_race,2026-06-02,CA,City Council,District 1,1,e hernandez | eun hernandez | eunisses hernandez | m calanche | m lou | mar calanche | mar lou | maria calanche | maria lou | maria lou calanche | n grande | nel grande | nelson grande | r claros | rau claros | raul claros | s robledo | syl robledo | sylvia robledo
race-a15fa79529a2d8246fd8,race-a15fa79529a2d8246fd8,true,tracked_dsa_endorsed_democratic_primary,2020-06-23,NY,US House,District 14,1,a cortez | a ocasio | ale cortez | ale ocasio | alexandria cortez | alexandria ocasio | alexandria ocasio cortez | b khan | b n | bad khan | bad n | badrun khan | badrun n | badrun n khan | m cabrera | m caruso | mic cabrera | mic caruso | michelle cabrera | michelle caruso | michelle caruso cabrera | s h | s sloan | sam h | sam sloan | samuel h | samuel h sloan | samuel sloan
race-a225fd571279e925a8f0,race-a225fd571279e925a8f0,true,tracked_dsa_endorsed_democratic_primary,2022-03-01,TX,County Commissioner,Travis County Precinct 2,1,b libal | b shea | bob libal | bri shea | brigid shea
race-a23ad92e100d09e11ea8,race-a23ad92e100d09e11ea8,true,other_corpus_race,2018-06-05,,,,1,g jones | g wright | gen jones | gen wright | genevieve jones | genevieve l jones wright | genevieve wright | s stephan | sum stephan | summer stephan
race-a241869bcd246e43da06,race-a241869bcd246e43da06,true,other_corpus_race,2019-08-06,,,,1,a pedersen | ale pedersen | alex pedersen | b mountsier | bet mountsier | beth mountsier | c tuttle | cat tuttle | cathy tuttle | e hunter | e myers | emi myers | emily myers | eth hunter | ethan hunter | f a | f krueger | fra a | fra krueger | frank a | frank a krueger | frank krueger | h stuber | hei stuber | heidi stuber | j newman | jos newman | joshua newman | s anderson | s scott | sas anderson | sasha anderson | sha scott | shaun scott
race-a2c5fa7107339af30327,race-a2c5fa7107339af30327,true,other_corpus_race,2023-02-28,TX,City Council,,1,a guajardo | ana guajardo | j a | j venegas | jes a | jes venegas | jessica a | jessica a venegas | jessica venegas | o sanchez | osc sanchez | oscar sanchez | p chico | pet chico | peter chico | y carreon | yes carreon | yessenia carreon
race-a33fad75fa545bc079d3,race-a33fad75fa545bc079d3,true,other_corpus_race,2026-08-11,,,,1,m hughes | mis hughes | missy hughes
race-a392fccdcf3d58c3c5a9,race-a392fccdcf3d58c3c5a9,true,tracked_dsa_endorsed_democratic_primary,2025-08-05,AZ,City Council,Ward 6 (Tucson),1,j sinex | jam sinex | james sinex | l h | l rockafellow | lei h | lei rockafellow | leighton h | leighton h rockafellow | leighton rockafellow | m schubert | mir schubert | miranda schubert
race-a47f2c44662b82173189,race-a47f2c44662b82173189,true,tracked_dsa_endorsed_democratic_primary,2017-05-16,PA,Allegheny County Council,Allegheny County Council,1,a prizio | ani prizio | anita prizio
race-a493243e3fd4b72b829f,race-a493243e3fd4b72b829f,true,tracked_dsa_endorsed_democratic_primary,2026-06-16,DC,Mayor,District of Columbia,1,e e | e johnson | ern e | ern johnson | ernest e | ernest e johnson | ernest johnson | g goodweather | gar goodweather | gary goodweather | h solomon | hop solomon | hope solomon | j george | j lewis | jan george | jan lewis | janeese george | janeese lewis | janeese lewis george | k mcduffie | k r | ken mcduffie | ken r | kenyan mcduffie | kenyan r | kenyan r mcduffie | r sampath | rin sampath | rini sampath | v orange | vin orange | vincent orange
race-a4c7ce86cc6f9f088e33,race-a4c7ce86cc6f9f088e33,true,tracked_dsa_endorsed_democratic_primary,2019-06-25,NY,District Attorney,District 22,1,b lugo | bet lugo | betty lugo | g l | g lasak | gre l | gre lasak | gregory l | gregory l lasak | gregory lasak | j l | j nieves | jos l | jos nieves | jose l | jose l nieves | jose nieves | m katz | m malik | mel katz | melinda katz | min malik | mina malik | r i | r lancman | ror i | ror lancman | rory i | rory i lancman | rory lancman | t caban | tif caban | tiffany caban
race-a4cb4c786c15bc1f06d5,race-a4cb4c786c15bc1f06d5,true,tracked_dsa_endorsed_democratic_primary,2026-06-23,MD,County Council,District 9 (Prince George's County),1,e a | e washington | ele a | ele washington | eleanor a | eleanor a washington | eleanor washington | i crooms | ima crooms | imara crooms | j lattisaw | jer lattisaw | jerome lattisaw | k carter | kim carter | l dwight | l e | l walker | les dwight | leslye dwight | lol e | lol walker | lolita e | lolita e walker | lolita walker | s hardy | s swint | seq swint | sequan swint | she hardy | sherman hardy | t brown | t davis | tam brown | tam davis | tamara brown | tamara davis | tamara davis brown
race-a4f6ebb856fb4c3cc6a2,race-a4f6ebb856fb4c3cc6a2,true,tracked_dsa_endorsed_democratic_primary,2020-03-17,IL,US House,District 7,1,a clark | ant clark | anthony clark | d davis | d k | dan davis | dan k | danny davis | danny k | danny k davis | k collins | k schanbacher | kin collins | kina collins | kri schanbacher | kristine schanbacher
race-a5186a12bf492f76df58,race-a5186a12bf492f76df58,true,tracked_dsa_endorsed_democratic_primary,2024-06-04,NM,State House,District 18,1,a taneja | anj taneja | anjali taneja | g doherty | glo doherty | gloria doherty | j larranaga | jua larranaga | juan larranaga | m anaya | mar anaya | marianna anaya
race-a5403a594bae555bf7e7,race-a5403a594bae555bf7e7,true,other_corpus_race,2022-02-15,,,,1,e rorholm | eri rorholm | eric rorholm | j current | jen current | jennifer current | s a | s wasserman | she a | she wasserman | sheldon a | sheldon a wasserman | sheldon wasserman
race-a549270d5ac94a42b26f,race-a549270d5ac94a42b26f,true,other_corpus_race,2018-06-12,,,,1,d ford | d gardner | dan ford | danielle ford | dav gardner | david gardner | e eady | eil eady | eileen eady | j trumbull | j wilson | jac trumbull | jacquelyn trumbull | joh wilson | johnny wilson | k fox | k miller | kal fox | kal miller | kali fox | kali fox miller | kali miller | m ballinger | m e | m thomas | mar ballinger | mar e | mary ballinger | mary e | mary e ballinger | mik thomas | mike thomas | t musemici | t n | tam musemici | tam n | tammi musemici | tammi n | tammi n musemici
race-a5c9cc4ff2b525bcb410,race-a5c9cc4ff2b525bcb410,true,tracked_dsa_endorsed_democratic_primary,2018-08-11,HI,US House,District 1,1,b fukumoto | b keiko | bet fukumoto | bet keiko | beth fukumoto | beth keiko | beth keiko fukumoto | d chin | d kim | d mercado | d s | don kim | don mercado | donna kim | donna mercado | donna mercado kim | dou chin | dou s | doug chin | doug s | doug s chin | e case | e martin | e yorihiko | ed case | ern martin | ern yorihiko | ernest martin | ernest yorihiko | ernest yorihiko martin | k ing | k saito | kan ing | kan saito | kaniela ing | kaniela saito | kaniela saito ing | s puletasi | sam puletasi
race-a60764955d622e35ba31,race-a60764955d622e35ba31,true,tracked_dsa_endorsed_democratic_primary,2018-06-05,MT,State House,District 52,1,a marquez | ame marquez | amelia marquez | d deering | dus deering | dusty deering
race-a62aacdf6088aedd0b39,race-a62aacdf6088aedd0b39,true,other_corpus_race,2026-02-17,,,,1,j leest | j schultz | j vander | joh leest | joh vander | john leest | john s vander leest | john vander | jon schultz | p borchardt | pet borchardt | pete borchardt
race-a65480d7c6c9c2b8e845,race-a65480d7c6c9c2b8e845,true,tracked_dsa_endorsed_democratic_primary,2021-05-18,PA,County Commissioner,Lehigh County,1,l heffner | l vargo | lor heffner | lor vargo | lori heffner | lori vargo | lori vargo heffner | p bruno | pat bruno | patti bruno | r heckman | r r | ron heckman | ron r | ronald heckman | ronald r | ronald r heckman | t zrinski | tar zrinski | tara zrinski | w mcgee | wil mcgee | william mcgee
race-a6abe667124f4bdfeafd,race-a6abe667124f4bdfeafd,true,other_corpus_race,2020-03-03,,,,1,d ryu | dav ryu | david ryu | n raman | nit raman | nithya raman | s kate | s levy | sar kate | sar levy | sarah kate | sarah kate levy | sarah levy
race-a79342159e3444bf6767,race-a79342159e3444bf6767,true,tracked_dsa_endorsed_democratic_primary,2020-03-03,TX,US House,District 25,1,h sloan | hei sloan | heidi sloan | j oliver | jul oliver | julie oliver
race-a865a800cc51fb1bd037,race-a865a800cc51fb1bd037,true,tracked_dsa_endorsed_democratic_primary,2024-06-25,NY,State Assembly,District 82,1,j soto | jon soto | jonathan soto | m benedetto | m r | mic benedetto | mic r | michael benedetto | michael r | michael r benedetto
race-a8714bfc41c3a8b6f98f,race-a8714bfc41c3a8b6f98f,true,tracked_dsa_endorsed_democratic_primary,2026-06-23,NY,State Assembly,District 37,1,m orlando | mel orlando | melissa orlando | p rahman | pia rahman | s kattan | sam kattan | samantha kattan
race-a945b216b91745281d99,race-a945b216b91745281d99,true,tracked_dsa_endorsed_democratic_primary,2018-03-06,TX,Department of Education Trustee,"Harris County Precinct 6, Position 1",1,d norris | dan norris | danyahel norris | j f | j miller | joh f | joh miller | john f | john f miller | john miller | p bryant | p e | pri bryant | pri e | prince bryant | prince e | prince e bryant
race-a9e9e45fbefba85dea2e,race-a9e9e45fbefba85dea2e,true,tracked_dsa_endorsed_democratic_primary,2024-06-25,NY,State Assembly,District 50,1,a bodiford | a c | a simpkins | ana c | ana simpkins | anathea c | anathea c simpkins | anathea simpkins | and bodiford | andrew bodiford | e e | e gallagher | emi e | emi gallagher | emily e | emily e gallagher | emily gallagher
race-aa5003c070b361f1e672,race-aa5003c070b361f1e672,true,tracked_dsa_endorsed_democratic_primary,2020-08-04,KS,County Commissioner,Douglas County District 3,1,k willey | kar willey | karen willey | s portillo | sha portillo | shannon portillo
race-aa619f073bb1cd24ef4e,race-aa619f073bb1cd24ef4e,true,tracked_dsa_endorsed_democratic_primary,2018-03-20,IL,US House,District 4,1,c ramirez | c rosa | car ramirez | car rosa | carlos ramirez | carlos ramirez rosa | carlos rosa | j g | j garcia | jes g | jes garcia | jesus g | jesus g garcia | jesus garcia | r gonzalez | ric gonzalez | richard gonzalez | s a | s flores | sol a | sol a flores | sol flores
race-ac18370d47435bd68552,race-ac18370d47435bd68552,true,other_corpus_race,2026-08-04,WA,State Representative,District 24 Position 2,1,b callaway | b nemo | bra callaway | bra nemo | bradley callaway | bradley nemo | bradley nemo callaway | k kuehn | kay kuehn | kaylee kuehn | m hodgson | m kelbon | mar hodgson | mar kelbon | marcia kelbon | mark hodgson | p depoe | pat depoe | patrick depoe
race-ac20ab59155880ab9c39,race-ac20ab59155880ab9c39,true,tracked_dsa_endorsed_democratic_primary,2026-05-19,OR,State Representative,District 7,1,k fireside | k huffman | k rodley | kc huffman | kor rodley | kori rodley | ky fireside
race-ac7dc722977f480b3f38,race-ac7dc722977f480b3f38,true,tracked_dsa_endorsed_democratic_primary,2021-08-03,AZ,City Council,Tucson Ward 6,1,a portela | and portela | andres portela | m schubert | mir schubert | miranda schubert | s kozachik | ste kozachik | steve kozachik
race-aed8879df9fbc709db76,race-aed8879df9fbc709db76,true,tracked_dsa_endorsed_democratic_primary,2020-03-03,CA,President,California,2,a klobuchar | a yang | amy klobuchar | and yang | andrew yang | b sanders | ber sanders | bernie sanders | c booker | cor booker | cory booker | d patrick | dev patrick | deval patrick | e warren | eli warren | elizabeth warren | j biden | j castro | j delaney | j k | j r | j sestak | joe sestak | joh delaney | joh k | john delaney | john k | john k delaney | jos biden | jos r | joseph biden | joseph r | joseph r biden | jul castro | julian castro | m a | m bennet | m bloomberg | m boyd | m ellinger | m greenstein | m r | m stewart | m williamson | mar greenstein | mar stewart | mar williamson | marianne williamson | mark greenstein | mark stewart | mark stewart greenstein | mic a | mic bennet | mic bloomberg | mic ellinger | mic r | michael a | michael a ellinger | michael bennet | michael bloomberg | michael ellinger | michael r | michael r bloomberg | mos boyd | mosie boyd | p buttigieg | pet buttigieg | pete buttigieg | r fuente | r la | roq fuente | roq la | roque fuente | roque la | roque rocky de la fuente | t gabbard | t steyer | tom steyer | tul gabbard | tulsi gabbard
race-aed8879df9fbc709db76,us-president-dem-primary-2020-ca,false,tracked_dsa_endorsed_democratic_primary,2020-03-03,CA,President,California,2,a klobuchar | a yang | amy klobuchar | and yang | andrew yang | b sanders | ber sanders | bernie sanders | c booker | cor booker | cory booker | d patrick | dev patrick | deval patrick | e warren | eli warren | elizabeth warren | j biden | j castro | j delaney | j k | j r | j sestak | joe sestak | joh delaney | joh k | john delaney | john k | john k delaney | jos biden | jos r | joseph biden | joseph r | joseph r biden | jul castro | julian castro | m a | m bennet | m bloomberg | m boyd | m ellinger | m greenstein | m r | m stewart | m williamson | mar greenstein | mar stewart | mar williamson | marianne williamson | mark greenstein | mark stewart | mark stewart greenstein | mic a | mic bennet | mic bloomberg | mic ellinger | mic r | michael a | michael a ellinger | michael bennet | michael bloomberg | michael ellinger | michael r | michael r bloomberg | mos boyd | mosie boyd | p buttigieg | pet buttigieg | pete buttigieg | r fuente | r la | roq fuente | roq la | roque fuente | roque la | roque rocky de la fuente | t gabbard | t steyer | tom steyer | tul gabbard | tulsi gabbard
race-af30f7e96f0a9183d919,race-af30f7e96f0a9183d919,true,other_corpus_race,2021-08-03,MI,City Council,Lansing At-Large,1,c duckett | c freeman | cla duckett | cla freeman | claretta duckett | claretta duckett freeman | claretta freeman | d taft | g blood | g m | gra blood | gra m | grant blood | grant m | grant m blood | j brown | jef brown | jeffrey brown | l appling | l d | l keefe | lin appling | lin d | lin keefe | linda appling | linda d | linda d appling | linda keefe | p spadafore | pet spadafore | peter spadafore | r r | r willis | rac r | rac willis | rachel r | rachel r willis | rachel willis
race-af740de05cb7f05c11ad,race-af740de05cb7f05c11ad,true,tracked_dsa_endorsed_democratic_primary,2026-06-09,NV,Assembly District 10,Assembly District 10,1,v karris | v thomason | val thomason | valerie thomason | ven karris | venise karris
race-b039f5d6691d15051b5d,race-b039f5d6691d15051b5d,true,tracked_dsa_endorsed_democratic_primary,2021-06-22,NY,Mayor,Buffalo,1,b brown | b w | byr brown | byr w | byron brown | byron w | byron w brown | i b | i walton | ind b | ind walton | india b | india b walton | india walton | l durham | l m | le candice m durham | le durham | le m
race-b09000f66d0e00938b76,race-b09000f66d0e00938b76,true,tracked_dsa_endorsed_democratic_primary,2018-09-12,RI,City Council,Providence Ward 13,1,c mckenna | cyd mckenna | l papp | les papp | leslie papp | r berarducci | r miller | rac miller | rachel miller | ray berarducci | raymond berarducci
race-b1998f438329c13186c3,race-b1998f438329c13186c3,true,other_corpus_race,2021-08-03,WA,City Attorney,Seattle,1,a davison | ann davison | n kennedy | n thomas | nic kennedy | nic thomas | nicole kennedy | nicole thomas | nicole thomas kennedy | p holmes | pet holmes | pete holmes
race-b1a420450d32f5e0bd93,race-b1a420450d32f5e0bd93,true,tracked_dsa_endorsed_democratic_primary,2026-03-17,IL,US House,District 8,1,d tully | dan tully | j ahmed | jun ahmed | junaid ahmed | k b | k morrison | kev b | kev morrison | kevin b | kevin b morrison | kevin morrison | m bean | m l | mel bean | mel l | melissa bean | melissa l | melissa l bean | n khot | nei khot | neil khot | r vetticad | rya vetticad | ryan vetticad | s dunung | san dunung | sanjyot dunung | y bankole | yas bankole | yasmeen bankole
race-b1ff317b20f8edf3ba07,race-b1ff317b20f8edf3ba07,true,other_corpus_race,2023-08-01,,City Council,District 4,1,g artem | geo artem | george artem | k wilson | ken wilson | m mitnick | m rivera | mar rivera | maritza rivera | mat mitnick | matthew mitnick | r davis | ron davis
race-b2f56d1987a501b29012,race-b2f56d1987a501b29012,true,tracked_dsa_endorsed_democratic_primary,2020-06-23,NY,President,New York,2,a klobuchar | a yang | amy klobuchar | and yang | andrew yang | b sanders | ber sanders | bernie sanders | d patrick | dev patrick | deval patrick | e warren | eli warren | elizabeth warren | j biden | j r | jos biden | jos r | joseph biden | joseph r | joseph r biden | m bennet | m bloomberg | m r | mic bennet | mic bloomberg | mic r | michael bennet | michael bloomberg | michael r | michael r bloomberg | p buttigieg | pet buttigieg | pete buttigieg | t gabbard | t steyer | tom steyer | tul gabbard | tulsi gabbard
race-b2f56d1987a501b29012,us-president-dem-primary-2020-ny,false,tracked_dsa_endorsed_democratic_primary,2020-06-23,NY,President,New York,2,a klobuchar | a yang | amy klobuchar | and yang | andrew yang | b sanders | ber sanders | bernie sanders | d patrick | dev patrick | deval patrick | e warren | eli warren | elizabeth warren | j biden | j r | jos biden | jos r | joseph biden | joseph r | joseph r biden | m bennet | m bloomberg | m r | mic bennet | mic bloomberg | mic r | michael bennet | michael bloomberg | michael r | michael r bloomberg | p buttigieg | pet buttigieg | pete buttigieg | t gabbard | t steyer | tom steyer | tul gabbard | tulsi gabbard
race-b329e1eeb5cd234c8ba2,race-b329e1eeb5cd234c8ba2,true,other_corpus_race,2019-02-26,,,,1,a vasquez | and vasquez | andre vasquez | d daleiden | dia daleiden | dianne daleiden | m keefe | m o | mag keefe | mag o | maggie keefe | maggie o | maggie o keefe | p connor | p o | pat connor | pat o | patrick connor | patrick j o connor | patrick o | u okere | ugo okere
race-b3391a7e7677cdca4f09,race-b3391a7e7677cdca4f09,true,other_corpus_race,2022-06-07,CA,School Board,Los Angeles Unified School District Board District 2,1,e espinosa | e vilardi | eri espinosa | eri vilardi | erica espinosa | erica vilardi | erica vilardi espinosa | m angel | m brenes | m segura | mar brenes | maria brenes | mig angel | mig segura | miguel angel | miguel angel segura | miguel segura | r rivas | roc rivas | rocio rivas
race-b38ec123e8b56bd502ec,race-b38ec123e8b56bd502ec,true,other_corpus_race,2024-03-05,,,,1,b chang | bar chang | barry chang | m abe | m koga | mar abe | mar koga | margaret abe | margaret abe koga | margaret koga | p c | p fung | pet c | pet fung | peter c | peter c fung | peter fung | s j | s lieber | s sans | sal j | sal lieber | sally j | sally j lieber | sally lieber | san sans | sandy sans
race-b38f46eb6b6a8ac16a5d,race-b38f46eb6b6a8ac16a5d,true,tracked_dsa_endorsed_democratic_primary,2021-06-22,NY,County Legislature,Onondaga County District 15,1,b kinne | bil kinne | bill kinne | j bennett | joe bennett
race-b481f0e166e141a2451a,race-b481f0e166e141a2451a,true,other_corpus_race,2018-06-05,CA,Lieutenant Governor,,1,c gharabiklou | c harris | cam gharabiklou | cameron gharabiklou | col harris | cole harris | d fennell | d hernandez | d r | d thomas | dan thomas | danny thomas | dav fennell | dav hernandez | dav r | david fennell | david hernandez | david r | david r hernandez | e hernandez | e kounalakis | ed hernandez | ele kounalakis | eleni kounalakis | g mclaughlin | gay mclaughlin | gayle mclaughlin | j bleich | jef bleich | jeff bleich | l ortega | lyd ortega | lydia ortega | m fariba | m s | mar fariba | mar s | marjan fariba | marjan s | marjan s fariba | t ferreira | tim ferreira
race-b4a00d1c6cfef90c530e,race-b4a00d1c6cfef90c530e,true,tracked_dsa_endorsed_democratic_primary,2021-06-22,NY,City Council,Troy District 6,1,c kennedy | c l | che kennedy | che l | cheryl kennedy | cheryl l | cheryl l kennedy | m edwards | m m | mar edwards | mar m | marketa edwards | marketa m | marketa m edwards
race-b4f6fe7d9ee2bac1986f,race-b4f6fe7d9ee2bac1986f,true,tracked_dsa_endorsed_democratic_primary,2018-03-06,TX,US House,Congressional District 2,1,a a | a khorasani | ali a | ali a khorasani | ali khorasani | h p | h p parvizian | h parvizian | j darnell | j darnell jones | j jones | s malik | sil malik | silky malik | t litton | tod litton | todd litton
race-b5372ac01c3f03b6971c,race-b5372ac01c3f03b6971c,true,other_corpus_race,2018-06-12,NV,,,1,a j | a lefebvre | ala j | ala lefebvre | alan j | alan j lefebvre | alan lefebvre | e cadish | eli cadish | elissa cadish | j rutledge | j tao | jer tao | jerry tao | joh rutledge | john rutledge | l aberasturi | leo aberasturi | leon aberasturi
race-b54ed7e577f1d4c09f77,race-b54ed7e577f1d4c09f77,true,other_corpus_race,2020-05-19,,,,1,b ricker | ben ricker | l vinis | luc vinis | lucy vinis | m yook | mat yook | matthew yook | r patterson | rob patterson | robert patterson | s westover | sta westover | stacey westover | t hiura | tho hiura | thomas hiura | z zinke | zon zinke | zondie zinke
race-b5c1581e14a7b7989000,race-b5c1581e14a7b7989000,true,other_corpus_race,2026-03-10,,City Council,,1,a chin | arl chin | arlene chin | b george | b hodge | b nichols | b st | ber hodge | berdetta hodge | bob nichols | bobby nichols | bro george | bro st | brooke george | brooke st | brooke st george | e taska | elv taska | elvis taska | j adams | j forte | jen adams | jennifer adams | joe forte
race-b5fb722f3ee83006712a,race-b5fb722f3ee83006712a,true,other_corpus_race,2026-06-02,CA,Lieutenant Governor,Statewide,1,a rahman | a sikder | a stek | abd rahman | abd sikder | abdur rahman | abdur rahman sikder | abdur sikder | ali stek | alice stek | d collenberg | d fennell | dav collenberg | dav fennell | david collenberg | david fennell | e lynch | ebi lynch | ebie lynch | f ma | fio ma | fiona ma | g romero | glo romero | gloria romero | j fryday | j kellman | j lopez | jan kellman | janelle kellman | jey lopez | jeyson lopez | jos fryday | josh fryday | m tubbs | mic tubbs | michael tubbs | o ma | oli ma | oliver ma | r christian | rak christian | rakesh christian | s collinson | s shelton | sea collinson | sean collinson | ski shelton | skip shelton | t myers | tim myers
race-b701775ebc5e0586ec3c,race-b701775ebc5e0586ec3c,true,tracked_dsa_endorsed_democratic_primary,2020-06-23,NY,State Assembly,District 57,1,p forrest | p souffrant | pha forrest | pha souffrant | phara forrest | phara souffrant | phara souffrant forrest | w mosley | w t | wal mosley | wal t | walter mosley | walter t | walter t mosley
race-b72c70764e7173f3e7b1,race-b72c70764e7173f3e7b1,true,other_corpus_race,2026-06-02,CA,US House,District 24,1,b smith | bob smith | h pasquarella | hel pasquarella | helena pasquarella | s bacon | s carbajal | sal carbajal | salud carbajal | sar bacon | sarah bacon
race-b7a4ba81baaed6e4cbae,race-b7a4ba81baaed6e4cbae,true,tracked_dsa_endorsed_democratic_primary,2022-08-09,VT,US House,Vermont At-Large,1,b balint | bec balint | becca balint | l meyers | lou meyers | louis meyers | m gray | mol gray | molly gray | s chase | s clifford | sia chase | sia clifford | sianay chase | sianay chase clifford | sianay clifford
race-b8f238ec989961d03079,race-b8f238ec989961d03079,true,tracked_dsa_endorsed_democratic_primary,2018-05-22,KY,State House,District 35,1,j w | j walker | jac w | jac walker | jack w | jack w walker | jack walker | l willner | lis willner | lisa willner | r becker | ric becker | richard becker
race-b946fb34ccef5d22cc99,race-b946fb34ccef5d22cc99,true,tracked_dsa_endorsed_democratic_primary,2024-01-30,MI,State Representative,District 25,1,a rutkowski | and rutkowski | andrea rutkowski | l taha | lay taha | layla taha | m hines | m yvonne | mel hines | mel yvonne | melandie hines | melandie yvonne | melandie yvonne hines | p herzberg | pet herzberg | peter herzberg | s rochon | sha rochon | shannon rochon
race-b9eae99f1bef8d552966,race-b9eae99f1bef8d552966,true,tracked_dsa_endorsed_democratic_primary,2021-09-14,CT,Board of Education,Hamden,1,d asbery | dav asbery | david asbery | f dixon | fra dixon | frank dixon | j jason | j l | j sweeten | j watkins | jen jason | jen sweeten | jennifer jason | jennifer m jason sweeten | jennifer sweeten | jos l | jos watkins | joshua l | joshua l watkins | joshua watkins | m charkow | m kaplan | m khan | mar khan | mariam khan | mel charkow | mel kaplan | melissa a kaplan charkow | melissa charkow | melissa kaplan | n mcdonald | nic mcdonald | nicholas mcdonald | s carter | s david | sio carter | sio david | siobhan carter | siobhan carter david | siobhan david
race-bac785822c8a53b0ea8e,race-bac785822c8a53b0ea8e,true,tracked_dsa_endorsed_democratic_primary,2026-06-23,MD,State Senate,District 23,1,r ahmed | r watson | raa ahmed | raaheela ahmed | ron watson
race-bb09e2478a37b6714c42,race-bb09e2478a37b6714c42,true,tracked_dsa_endorsed_democratic_primary,2022-08-09,WI,Wisconsin State Assembly District 19,Wisconsin State Assembly District 19,1,r clancy | rya clancy | ryan clancy
race-bbdf1bd6c90a7465648e,race-bbdf1bd6c90a7465648e,true,other_corpus_race,2023-09-12,,,,1,a m | a walsh | ann m | ann m walsh | ann walsh | b lawton | b oliver | bar lawton | bar oliver | barry lawton | barry oliver | barry oliver lawton | j anne | j fitzgerald | j g | j johnson | j m | j richards | jen anne | jen johnson | jennifer anne | jennifer anne johnson | jennifer johnson | joe g | joe richards | joel g | joel g richards | joel richards | joh fitzgerald | joh m | john fitzgerald | john m | john m fitzgerald | m d | m patton | mat d | mat patton | matthew d | matthew d patton | matthew patton | r wornum | ros wornum | rosalind wornum
race-bc91cd01622a56afcdbd,race-bc91cd01622a56afcdbd,true,tracked_dsa_endorsed_democratic_primary,2020-06-23,NY,State Senate,District 18,1,a j | a marte | and j | and marte | andy j | andy j marte | andy marte | j salazar | jul salazar | julia salazar
race-bd0a707d919d98a6334c,race-bd0a707d919d98a6334c,true,tracked_dsa_endorsed_democratic_primary,2022-08-09,MN,State Senate,Minnesota District 62,1,o fateh | oma fateh | omar fateh | s laden | sha laden | shaun laden
race-bdb8e4340ea9b3a4ff66,race-bdb8e4340ea9b3a4ff66,true,tracked_dsa_endorsed_democratic_primary,2020-08-04,KS,District Attorney,Douglas County,1,c branson | c e | c overstreet | cha branson | cha e | charles branson | charles e | charles e branson | coo overstreet | cooper overstreet | s valdez | suz valdez | suzanne valdez
race-be4bad5778e280b31274,race-be4bad5778e280b31274,true,tracked_dsa_endorsed_democratic_primary,2020-08-06,TN,US Senate,Statewide,1,g davis | g g | gar davis | gar g | gary davis | gary g | gary g davis | j mackler | jam mackler | james mackler | m bradshaw | m pickrell | mar bradshaw | mar pickrell | mark pickrell | marquita bradshaw | r kimbrough | rob kimbrough | robin kimbrough
race-be73fd30b364372edaf2,race-be73fd30b364372edaf2,true,tracked_dsa_endorsed_democratic_primary,2024-06-04,NM,State House,District 26,1,e chavez | ele chavez | eleanor chavez
race-be96afd9bcbb8bb2d184,race-be96afd9bcbb8bb2d184,true,other_corpus_race,2019-09-24,,,,1,a gail | a smart | ama gail | ama smart | amanda gail | amanda gail smart | amanda smart | b bowser | b david | bra bowser | bra david | brandon bowser | brandon david | brandon david bowser | c cashman | c r | cra cashman | cra r | craig cashman | craig r | craig r cashman | d daly | d j | dan daly | dan j | daniel daly | daniel j | daniel j daly | j allen | j lamar | jon allen | jon lamar | jonathan allen | jonathan lamar | jonathan lamar allen | l a | l breadon | l nave | lee nave | liz a | liz a breadon | liz breadon
race-bee19609822a5a9d5625,race-bee19609822a5a9d5625,true,other_corpus_race,2023-02-28,TX,,,1,d silverstein | deb silverstein | debra silverstein | m bawany | mue bawany | mueze bawany
race-bf142501819a99862bac,race-bf142501819a99862bac,true,other_corpus_race,2022-06-07,CA,State Assembly,District 21,2,a m | a madden | ali m | ali madden | alison m | alison m madden | alison madden | d papan | dia papan | diane papan | g hale | gis hale | giselle hale | j coleman | j hsuchen | jam coleman | jam hsuchen | james coleman | james hsuchen | james hsuchen coleman | m gilham | m goodman | mar gilham | mark gilham | mau goodman | maurice goodman | t sole | tan sole | tania sole
race-bf142501819a99862bac,race-cac1f44acada50e1bb64,false,other_corpus_race,2022-06-07,CA,State Assembly,District 21,2,a m | a madden | ali m | ali madden | alison m | alison m madden | alison madden | d papan | dia papan | diane papan | g hale | gis hale | giselle hale | j coleman | j hsuchen | jam coleman | jam hsuchen | james coleman | james hsuchen | james hsuchen coleman | m gilham | m goodman | mar gilham | mark gilham | mau goodman | maurice goodman | t sole | tan sole | tania sole
race-bf6c66701601243da841,race-bf6c66701601243da841,true,tracked_dsa_endorsed_democratic_primary,2018-03-06,TX,Criminal Court at Law Judge,Harris County Court No. 8,1,f bynum | fra bynum | franklin bynum
race-c0281c2f7e9fa4145d2d,race-c0281c2f7e9fa4145d2d,true,tracked_dsa_endorsed_democratic_primary,2026-06-23,NY,County Legislature,District 8 (Onondaga County),1,c ryan | cha ryan | chad ryan | t honeywell | t m | tam honeywell | tam m | tammy honeywell | tammy m | tammy m honeywell
race-c034a8ef17219201036a,race-c034a8ef17219201036a,true,other_corpus_race,2019-04-02,,,,1,a strassle | aus strassle | austin strassle | k shields | kat shields | katheryn shields | r westfall | rob westfall | robert westfall
race-c05a1295eea5d13e296b,race-c05a1295eea5d13e296b,true,tracked_dsa_endorsed_democratic_primary,2018-02-27,AZ,US House,District 8,1,b westbrook | bri westbrook | brianna westbrook | h tipirneni | hir tipirneni | hiral tipirneni
race-c0f83caf67dced29fe0e,race-c0f83caf67dced29fe0e,true,other_corpus_race,2025-08-05,,,,1,b johnson | bob johnson | bobbi johnson | d anton | d mccampbell | den anton | den mccampbell | denzel anton | denzel anton mccampbell | denzel mccampbell | k whitsett | kar whitsett | karen whitsett | r ross | reg ross | regina ross
race-c1bc1ffe72e97dc4e320,race-c1bc1ffe72e97dc4e320,true,tracked_dsa_endorsed_democratic_primary,2020-03-10,WA,President,Washington,2,a klobuchar | a yang | amy klobuchar | and yang | andrew yang | b sanders | ber sanders | bernie sanders | c booker | cor booker | cory booker | d patrick | dev patrick | deval patrick | e warren | eli warren | elizabeth warren | j biden | j delaney | j r | joh delaney | john delaney | jos biden | jos r | joseph biden | joseph r | joseph r biden | m bennet | m bloomberg | mic bennet | mic bloomberg | michael bennet | michael bloomberg | p buttigieg | pet buttigieg | pete buttigieg | t gabbard | t steyer | tom steyer | tul gabbard | tulsi gabbard | u delegates | unc delegates | uncommitted delegates
race-c1bc1ffe72e97dc4e320,us-president-dem-primary-2020-wa,false,tracked_dsa_endorsed_democratic_primary,2020-03-10,WA,President,Washington,2,a klobuchar | a yang | amy klobuchar | and yang | andrew yang | b sanders | ber sanders | bernie sanders | c booker | cor booker | cory booker | d patrick | dev patrick | deval patrick | e warren | eli warren | elizabeth warren | j biden | j delaney | j r | joh delaney | john delaney | jos biden | jos r | joseph biden | joseph r | joseph r biden | m bennet | m bloomberg | mic bennet | mic bloomberg | michael bennet | michael bloomberg | p buttigieg | pet buttigieg | pete buttigieg | t gabbard | t steyer | tom steyer | tul gabbard | tulsi gabbard | u delegates | unc delegates | uncommitted delegates
race-c2af122ea1c155492aba,race-c2af122ea1c155492aba,true,other_corpus_race,2022-08-02,WA,US House,Washington District 9,1,a smith | ada smith | adam smith | d anderson | d basler | d michael | dav anderson | dav michael | david anderson | david michael | david michael anderson | dou basler | doug basler | s chan | s d | s gallardo | s m | s pedersen | sea chan | sea m | sea m chan | set d | set pedersen | seth d | seth d pedersen | seth pedersen | ste gallardo | stephanie gallardo
race-c322c6a34951f0c48895,race-c322c6a34951f0c48895,true,tracked_dsa_endorsed_democratic_primary,2022-05-17,PA,State Representative,District 188,1,j wright | jam wright | james wright | r krajewski | ric krajewski | rick krajewski
race-c3b021b27cd1f9089be2,race-c3b021b27cd1f9089be2,true,tracked_dsa_endorsed_democratic_primary,2020-03-03,AR,President,Arkansas,2,a klobuchar | a yang | amy klobuchar | and yang | andrew yang | b sanders | ber sanders | bernie sanders | c booker | cor booker | cory booker | e warren | eli warren | elizabeth warren | j biden | j castro | j delaney | j k | j r | j sestak | joe sestak | joh delaney | joh k | john delaney | john k | john k delaney | jos biden | jos r | joseph biden | joseph r | joseph r biden | jul castro | julian castro | k harris | kam harris | kamala harris | m bennet | m bloomberg | m boyd | m r | m williamson | mar williamson | marianne williamson | mic bennet | mic bloomberg | mic r | michael bennet | michael bloomberg | michael r | michael r bloomberg | mos boyd | mosie boyd | p buttigieg | pet buttigieg | pete buttigieg | s bullock | ste bullock | steve bullock | t gabbard | t steyer | tom steyer | tul gabbard | tulsi gabbard
race-c3b021b27cd1f9089be2,us-president-dem-primary-2020-ar,false,tracked_dsa_endorsed_democratic_primary,2020-03-03,AR,President,Arkansas,2,a klobuchar | a yang | amy klobuchar | and yang | andrew yang | b sanders | ber sanders | bernie sanders | c booker | cor booker | cory booker | e warren | eli warren | elizabeth warren | j biden | j castro | j delaney | j k | j r | j sestak | joe sestak | joh delaney | joh k | john delaney | john k | john k delaney | jos biden | jos r | joseph biden | joseph r | joseph r biden | jul castro | julian castro | k harris | kam harris | kamala harris | m bennet | m bloomberg | m boyd | m r | m williamson | mar williamson | marianne williamson | mic bennet | mic bloomberg | mic r | michael bennet | michael bloomberg | michael r | michael r bloomberg | mos boyd | mosie boyd | p buttigieg | pet buttigieg | pete buttigieg | s bullock | ste bullock | steve bullock | t gabbard | t steyer | tom steyer | tul gabbard | tulsi gabbard
race-c5296c20ca06b0713b08,race-c5296c20ca06b0713b08,true,tracked_dsa_endorsed_democratic_primary,2021-06-08,VA,House of Delegates,District 49,1,a lopez | alf lopez | alfonso lopez | k mehta | kar mehta | karishma mehta
race-c56b98aec020c60a5f6f,race-c56b98aec020c60a5f6f,true,tracked_dsa_endorsed_democratic_primary,2022-06-28,CO,State House,Colorado District 6,1,e epps | eli epps | elisabeth epps | k march | kat march | katie march
race-c5cb5879430c2ad69f6b,race-c5cb5879430c2ad69f6b,true,tracked_dsa_endorsed_democratic_primary,2022-06-28,IL,State Senate,Illinois District 43,1,e mattson | eri mattson | eric mattson | r ventura | rac ventura | rachel ventura
race-c5d0d4ddd63f35adacc7,race-c5d0d4ddd63f35adacc7,true,tracked_dsa_endorsed_democratic_primary,2020-08-04,MI,US House,District 13,1,b jones | bre jones | brenda jones | r tlaib | ras tlaib | rashida tlaib
race-c631ad071570afd36541,race-c631ad071570afd36541,true,other_corpus_race,2019-03-05,,,,1,a bajracharya | a cubas | all bajracharya | allison bajracharya | ana cubas | c gonzalez | cyn gonzalez | cynthia gonzalez | d valdez | dav valdez | david valdez | g ortiz | gra ortiz | graciela ortiz | h repenning | hea repenning | heather repenning | j goldberg | jac goldberg | jackie goldberg | n enrique | n valencia | nes enrique | nes valencia | nestor enrique | nestor enrique valencia | nestor valencia | r rivas | roc rivas | rocio rivas | s chamba | s sanchez | sal chamba | sal sanchez | salvador chamba | salvador chamba sanchez | salvador sanchez
race-c74ad0b73e1151dcdf19,race-c74ad0b73e1151dcdf19,true,tracked_dsa_endorsed_democratic_primary,2018-03-20,IL,US House,District 7,1,a clark | ant clark | anthony clark | d davis | d k | dan davis | dan k | danny davis | danny k | danny k davis | r mayers | ric mayers | richard mayers
race-c84964a11f77b774c993,race-c84964a11f77b774c993,true,tracked_dsa_endorsed_democratic_primary,2023-06-27,NY,City Council,Ithaca Ward 1,1,c brock | cyn brock | cynthia brock | k matos | kay matos | kayla matos
race-ca0f470cfbe302d74777,race-ca0f470cfbe302d74777,true,tracked_dsa_endorsed_democratic_primary,2022-06-28,NY,State Assembly,District 51,1,e frankel | e s | eri frankel | eri s | erik frankel | erik s | erik s frankel | m mitaynes | mar mitaynes | marcela mitaynes
race-caaa92bf3977191343ac,race-caaa92bf3977191343ac,true,tracked_dsa_endorsed_democratic_primary,2020-09-15,DE,City Council,Wilmington District 2,1,b lane | bil lane | billy lane | d king | dor king | dorothy king | j johnson | joh johnson | john johnson | s darby | sha darby | shane darby
race-cc16575c10bba581f8b7,race-cc16575c10bba581f8b7,true,tracked_dsa_endorsed_democratic_primary,2022-08-02,MI,US House,District 12,1,j winfrey | jan winfrey | janice winfrey | k garrett | kel garrett | kelly garrett | r tlaib | ras tlaib | rashida tlaib | s jackson | sha jackson | shanelle jackson
race-cc530a7a0c16d159fcf7,race-cc530a7a0c16d159fcf7,true,other_corpus_race,2018-06-12,,,,1,c b | c friedberg | cra b | cra friedberg | craig b | craig b friedberg | craig friedberg | j rogan | jef rogan | jeff rogan | m garza | m la | mel garza | mel la | melisa de la garza | melisa garza | melisa la | r kurth | rob kurth | robert kurth
race-cd399ec12b7b060fffa5,race-cd399ec12b7b060fffa5,true,other_corpus_race,2026-06-02,CA,City Council,,1,a ashouri | aid ashouri | aida ashouri | h feldstein | h soto | hyd feldstein | hyd soto | hydee feldstein | hydee feldstein soto | hydee soto | j mckinney | joh mckinney | john mckinney | m roy | mar roy | marissa roy
race-cd9ce8e2fbf078eb5eca,race-cd9ce8e2fbf078eb5eca,true,tracked_dsa_endorsed_democratic_primary,2018-05-08,IN,US House,District 9,1,d canon | dan canon | l watson | liz watson | r chatlos | rob chatlos
race-ce230166d53b758968b6,race-ce230166d53b758968b6,true,tracked_dsa_endorsed_democratic_primary,2024-06-25,NY,US House,District 14,1,a cortez | a ocasio | ale cortez | ale ocasio | alexandria cortez | alexandria ocasio | alexandria ocasio cortez | m dolan | m w | mar dolan | mar w | martin dolan | martin w | martin w dolan
race-ceb86db4c84836622c21,race-ceb86db4c84836622c21,true,tracked_dsa_endorsed_democratic_primary,2025-06-24,NY,City Council,Rochester,1,a c | a lewis | ann c | ann c lewis | ann lewis | c a | c florence | c kee | c smith | chi kee | chi smith | chiara kee | chiara kee kee smith | chiara smith | cli a | cli florence | clifford a | clifford a florence | clifford florence | j mcclary | j t | jos mcclary | jos t | josie mcclary | josie t | josie t mcclary | k cheatle | k stewart | kel cheatle | kelly cheatle | kev stewart | kevin stewart | l aponte | l leslie | l smith | las leslie | las smith | lashunda c leslie smith | lashunda leslie | lashunda smith | lui aponte | luis aponte | m a | m gruber | m melendez | m powell | mig a | mig melendez | miguel a | miguel a melendez | miguel melendez | miq powell | miquel powell | mit gruber | mitch gruber | n davis | n m | nin davis | nin m | niner davis | niner m | niner m davis | s martin | sta martin | stanley martin | t noel | t stevens | ton noel | ton stevens | tonya noel | tonya noel stevens | tonya stevens | v h | v sanchez | vic h | vic sanchez | victor h | victor h sanchez | victor sanchez
race-d07bcf8f1b4fd12c23bb,race-d07bcf8f1b4fd12c23bb,true,tracked_dsa_endorsed_democratic_primary,2020-08-04,MO,State Senate,District 5,1,m green | m sherod | meg green | megan green | mic sherod | michelle sherod | r hubbard | rod hubbard | rodney hubbard | s roberts | ste roberts | steve roberts
race-d0a205ac0803c1dc637e,race-d0a205ac0803c1dc637e,true,other_corpus_race,2020-03-03,CA,State Senate,District 13,1,a glew | a oliva | ale glew | alexander glew | ann oliva | annie oliva | j becker | j h | j webster | joh h | joh webster | john h | john h webster | john webster | jos becker | josh becker | m brownrigg | mik brownrigg | mike brownrigg | s j | s lieber | s masur | sal j | sal lieber | sally j | sally j lieber | sally lieber | she masur | shelly masur
race-d0d830cb7a9e40e91152,race-d0d830cb7a9e40e91152,true,tracked_dsa_endorsed_democratic_primary,2025-06-24,NY,Mayor,NYC,1,a adams | a cuomo | a e | a m | adr adams | adr e | adrienne adams | adrienne e | adrienne e adams | and cuomo | and m | andrew cuomo | andrew m | andrew m cuomo | b lander | bra lander | brad lander | j ramos | jes ramos | jessica ramos | m blake | mic blake | michael blake | p love | p prince | pap love | pap prince | paperboy love | paperboy love prince | paperboy prince | s bartholomew | s k | s m | s stringer | sco m | sco stringer | scott m | scott m stringer | scott stringer | sel bartholomew | sel k | selma bartholomew | selma k | selma k bartholomew | w r | w tilson | whi r | whi tilson | whitney r | whitney r tilson | whitney tilson | z kwame | z mamdani | z myrie | zel myrie | zellnor myrie | zoh kwame | zoh mamdani | zohran kwame | zohran kwame mamdani | zohran mamdani
race-d2390152c5fc57670ba9,race-d2390152c5fc57670ba9,true,other_corpus_race,2023-02-28,TX,,,1,a clay | ang clay | angela clay | k walz | kim walz | m cortez | m lalonde | mar lalonde | marianne lalonde | mic cortez | michael cortez | p nagle | pat nagle | patrick nagle | r williams | rou williams | roushaunda williams
race-d290f3e349192a5c696a,race-d290f3e349192a5c696a,true,other_corpus_race,2026-05-19,,Mayor,,1,d fisher | d l | dex fisher | dex l | dexter fisher | dexter l | dexter l fisher | l gantt | lak gantt | lakeisha gantt | m zuniga | mar zuniga | mara zuniga | s miller | sha miller | sharon miller | t denson | tim denson
race-d2aabb75a31f1e810737,race-d2aabb75a31f1e810737,true,tracked_dsa_endorsed_democratic_primary,2026-06-23,NY,US House,District 7,1,a reynoso | ant reynoso | antonio reynoso | c valdez | cla valdez | claire valdez | j won | jul won | julie won | v kumar | vic kumar | vichal kumar
race-d3d54e895ad132bafc82,race-d3d54e895ad132bafc82,true,other_corpus_race,2019-08-06,OR,City Council,District 4,1,a pedersen | ale pedersen | alex pedersen | b mountsier | bet mountsier | beth mountsier | c tuttle | cat tuttle | cathy tuttle | e hunter | e myers | emi myers | emily myers | eth hunter | ethan hunter | f a | f krueger | fra a | fra krueger | frank a | frank a krueger | frank krueger | h stuber | hei stuber | heidi stuber | j newman | jos newman | joshua newman | s anderson | s scott | sas anderson | sasha anderson | sha scott | shaun scott
race-d45c9105a9d86f541f3d,race-d45c9105a9d86f541f3d,true,tracked_dsa_endorsed_democratic_primary,2024-06-25,NY,State Assembly,District 51,1,m mitaynes | mar mitaynes | marcela mitaynes
race-d48f1a508deba96b730b,race-d48f1a508deba96b730b,true,tracked_dsa_endorsed_democratic_primary,2020-06-02,DC,President,District of Columbia,3,b sanders | ber sanders | bernie sanders | e warren | eli warren | elizabeth warren | j biden | j r | jos biden | jos r | joseph biden | joseph r | joseph r biden | scattered | t gabbard | tul gabbard | tulsi gabbard
race-d48f1a508deba96b730b,race-e172eca6da6aee3f3c56,false,tracked_dsa_endorsed_democratic_primary,2020-06-02,DC,President,District of Columbia,3,b sanders | ber sanders | bernie sanders | e warren | eli warren | elizabeth warren | j biden | j r | jos biden | jos r | joseph biden | joseph r | joseph r biden | scattered | t gabbard | tul gabbard | tulsi gabbard
race-d48f1a508deba96b730b,us-president-dem-primary-2020-dc,false,tracked_dsa_endorsed_democratic_primary,2020-06-02,DC,President,District of Columbia,3,b sanders | ber sanders | bernie sanders | e warren | eli warren | elizabeth warren | j biden | j r | jos biden | jos r | joseph biden | joseph r | joseph r biden | scattered | t gabbard | tul gabbard | tulsi gabbard
race-d696522faa4508ad99d7,race-d696522faa4508ad99d7,true,tracked_dsa_endorsed_democratic_primary,2026-06-02,NJ,City Council,Ward 1 (Plainfield),1,m anandarangam | m meg | meg anandarangam | meg meg | meghana anandarangam | meghana meg | meghana meg anandarangam | r graham | rob graham | robert graham | y griffin | yas griffin | yasmin griffin
race-d6b2b42e806068d1745f,race-d6b2b42e806068d1745f,true,tracked_dsa_endorsed_democratic_primary,2026-05-19,OR,State Representative,District 27,1,a hartmeier | a prigg | ash hartmeier | ash prigg | ashley hartmeier | ashley hartmeier prigg | ashley prigg | t carpenter | tam carpenter | tammy carpenter
race-d74df06a662d8e830bb8,race-d74df06a662d8e830bb8,true,other_corpus_race,2025-02-18,WI,,District 3,1,a brower | a kostal | ale brower | ale kostal | alex brower | alexander kostal | b junco | bry junco | bryant junco | d bauman | dan bauman | daniel bauman | f ferrante | fra ferrante | frank ferrante | i griffin | ies griffin | ieshuh griffin | j anderson | jos anderson | josh anderson | n musa | nas musa | nasser musa
race-d79b97f8b9365c8484c1,race-d79b97f8b9365c8484c1,true,tracked_dsa_endorsed_democratic_primary,2020-06-30,CO,State House,District 52,1,y hanlin | y zokaien | yar hanlin | yar zokaien | yara hanlin | yara hanlin zokaien | yara zokaien
race-d869a767938a99fbf252,race-d869a767938a99fbf252,true,tracked_dsa_endorsed_democratic_primary,2020-08-11,CT,State Senate,District 17,1,j cabrera | j farmer | jor cabrera | jorge cabrera | jus farmer | justin farmer
race-d8835fb9366a2e5d54c7,race-d8835fb9366a2e5d54c7,true,tracked_dsa_endorsed_democratic_primary,2026-06-23,MD,State Delegate,District 39,1,a mukunda | ama mukunda | amar mukunda | g acevero | g lluberes | g wims | gab acevero | gabriel acevero | geo lluberes | george lluberes | gre wims | greg wims | l j | l lopez | les j | les lopez | lesley j | lesley j lopez | lesley lopez | r t | r wu | rob t | rob wu | robert t | robert t wu | robert wu
race-d8a540e504ab2749d7b9,race-d8a540e504ab2749d7b9,true,tracked_dsa_endorsed_democratic_primary,2024-09-10,DE,City Council,Wilmington District 1,1,c owens | cob owens | coby owens | t lopez | the lopez | thea lopez | v m | v white | vin m | vin white | vincent m | vincent m white | vincent white
race-d96bd5f1de26b3d3b7d6,race-d96bd5f1de26b3d3b7d6,true,tracked_dsa_endorsed_democratic_primary,2020-08-11,MN,State Senate,District 62,1,j hayden | jef hayden | jeff hayden | o fateh | oma fateh | omar fateh
race-d9975d056a3fdc203541,race-d9975d056a3fdc203541,true,other_corpus_race,2018-06-12,,,,1,e thompson | eli thompson | i cepeda | ire cepeda | irene cepeda | k child | k l | kev child | kev l | kevin child | kevin l | kevin l child | l martinez | leo martinez | leobardo martinez
race-db12d296fd5fe40602af,race-db12d296fd5fe40602af,true,tracked_dsa_endorsed_democratic_primary,2024-04-23,PA,State House,District 10,1,a brown | ame brown | amen brown | c green | cas green | cass green | s blackwell | saj blackwell | sajda blackwell
race-db2bbdecf941c5b1478e,race-db2bbdecf941c5b1478e,true,tracked_dsa_endorsed_democratic_primary,2021-06-22,NY,City Council,District 23,1,d markell | deb markell | debra markell | h s | h toor | har s | har toor | harpreet s | harpreet s toor | harpreet toor | j kaur | jas kaur | jaslin kaur | k o | k thomas | kos o | kos thomas | koshy o | koshy o thomas | koshy thomas | l lee | lin lee | linda lee | s behar | s jindal | s kumar | san jindal | san kumar | sanjeev jindal | sanjeev kumar | sanjeev kumar jindal | ste behar | steve behar
race-dcc5f1f910b38647e104,race-dcc5f1f910b38647e104,true,other_corpus_race,2021-08-03,WA,City Council,Seattle Citywide Position 8,1,l urner | l wennstrom | lib urner | lib wennstrom | libby urner | libby urner wennstrom | libby wennstrom | s hardesty | s thompson | sky hardesty | sky hardesty thompson | sky thompson | t myles | t vega | tyl myles | tyl vega | tyler myles | tyler myles vega | tyler vega
race-dd06d2c4839b786be1bd,race-dd06d2c4839b786be1bd,true,tracked_dsa_endorsed_democratic_primary,2024-03-05,TX,District Attorney,Travis County,1,j garza | j sylestine | jer sylestine | jeremy sylestine | jos garza | jose garza
race-de21053db68753151e45,race-de21053db68753151e45,true,tracked_dsa_endorsed_democratic_primary,2025-09-09,MD,City Council,District 2 (Frederick),1,c diaz | ces diaz | cesar diaz
race-de351b5bf3d35c3ad4d1,race-de351b5bf3d35c3ad4d1,true,tracked_dsa_endorsed_democratic_primary,2020-03-17,IL,President,Illinois,2,a yang | and yang | andrew yang | b sanders | ber sanders | bernie sanders | c booker | cor booker | cory booker | d patrick | dev patrick | deval patrick | e warren | eli warren | elizabeth warren | j biden | j delaney | j k | j r | joh delaney | joh k | john delaney | john k | john k delaney | jos biden | jos r | joseph biden | joseph r | joseph r biden | m bennet | m bloomberg | m r | mic bennet | mic bloomberg | mic r | michael bennet | michael bloomberg | michael r | michael r bloomberg | p buttigieg | pet buttigieg | pete buttigieg | t gabbard | t steyer | tom steyer | tul gabbard | tulsi gabbard
race-de351b5bf3d35c3ad4d1,us-president-dem-primary-2020-il,false,tracked_dsa_endorsed_democratic_primary,2020-03-17,IL,President,Illinois,2,a yang | and yang | andrew yang | b sanders | ber sanders | bernie sanders | c booker | cor booker | cory booker | d patrick | dev patrick | deval patrick | e warren | eli warren | elizabeth warren | j biden | j delaney | j k | j r | joh delaney | joh k | john delaney | john k | john k delaney | jos biden | jos r | joseph biden | joseph r | joseph r biden | m bennet | m bloomberg | m r | mic bennet | mic bloomberg | mic r | michael bennet | michael bloomberg | michael r | michael r bloomberg | p buttigieg | pet buttigieg | pete buttigieg | t gabbard | t steyer | tom steyer | tul gabbard | tulsi gabbard
race-de378ad3073d92f58c34,race-de378ad3073d92f58c34,true,tracked_dsa_endorsed_democratic_primary,2020-08-04,MI,City Council,Ann Arbor Ward 5,1,d a | d michniewicz | d silkworth | dan michniewicz | dav a | dav silkworth | david a | david a silkworth | david silkworth | e briggs | eri briggs | erica briggs
race-de3a3ef025ba2f70352c,race-de3a3ef025ba2f70352c,true,other_corpus_race,2019-08-06,,City Council,District 5,1,a davison | a sattler | a tsimerman | ale tsimerman | alex tsimerman | ann davison | ann davison sattler | ann sattler | c suarez | cha suarez | chanan suarez | d juarez | deb juarez | debora juarez | j lombard | joh lombard | john lombard | m mendez | mar mendez | mark mendez | t mahoney | tay mahoney | tayla mahoney
race-dea09345e3386c2ae157,race-dea09345e3386c2ae157,true,other_corpus_race,2020-03-03,CA,State Senate,District 11,1,e smith | eri smith | erin smith | j fielder | jac fielder | jackie fielder | s wiener | sco wiener | scott wiener
race-dea57c83cdef4681dc1f,race-dea57c83cdef4681dc1f,true,tracked_dsa_endorsed_democratic_primary,2020-08-11,MN,"Senate, District 7",District 7,1,e simonson | eri simonson | erik simonson | j mcewen | jen mcewen
race-ded95c1b5f793906a45a,race-ded95c1b5f793906a45a,true,other_corpus_race,2019-02-26,,,,1,a driver | a smith | and smith | andre smith | ant driver | anthony driver | d d | d newell | der d | der newell | dernard d | dernard d newell | dernard newell | j b | j maddox | j o | j taylor | jea b | jea taylor | jeanette b | jeanette b taylor | jeanette taylor | jen maddox | jen o | jennifer maddox | jennifer o | jennifer o maddox | k bailey | k m | kev bailey | kev m | kevin bailey | kevin m | kevin m bailey | m hodari | may hodari | maya hodari | n j | n johnson | nic j | nic johnson | nicole j | nicole j johnson | nicole johnson | q speights | q v | qua speights | qua v | quandra speights | quandra v | quandra v speights
race-deff03074ea69358d8e9,race-deff03074ea69358d8e9,true,tracked_dsa_endorsed_democratic_primary,2022-08-09,MN,State Senate,District 65,1,s freeberg | s pappas | san pappas | sandy pappas | she freeberg | sheigh freeberg | z ellis | zuk ellis | zuki ellis
race-df353a5d05f5d7acb107,race-df353a5d05f5d7acb107,true,tracked_dsa_endorsed_democratic_primary,2018-05-22,KY,Mayor,Louisville/Jefferson County Metro,1,d biggers | d gillette | dan gillette | daniel gillette | dav biggers | dave biggers | g fischer | gre fischer | greg fischer | l williams | law williams | lawrence williams | r fenwick | rya fenwick | ryan fenwick
race-e00225d954a0fcd6d7b0,race-e00225d954a0fcd6d7b0,true,other_corpus_race,2018-06-05,CA,District Attorney,,1,g jones | g wright | gen jones | gen wright | genevieve jones | genevieve jones wright | genevieve wright | s stephan | sum stephan | summer stephan
race-e0d4748f07ff2fb03395,race-e0d4748f07ff2fb03395,true,tracked_dsa_endorsed_democratic_primary,2022-07-19,MD,House of Delegates,District 39,1,c sobratti | cli sobratti | clint sobratti | g acevero | gab acevero | gabriel acevero | k reznik | kir reznik | kirill reznik | l lopez | les lopez | lesley lopez
race-e14b65c050d5e86544bd,race-e14b65c050d5e86544bd,true,other_corpus_race,2019-02-19,,,,1,a mirilli | a roe | amo roe | amos roe | ana mirilli | ananda mirilli | t mertz | tj mertz
race-e166c53fb5f8e99b0379,race-e166c53fb5f8e99b0379,true,tracked_dsa_endorsed_democratic_primary,2022-03-01,TX,State Senate,District 15,1,j whitmire | joh whitmire | john whitmire | m cook | mol cook | molly cook
race-e17ce052c9a9edfe68f6,race-e17ce052c9a9edfe68f6,true,tracked_dsa_endorsed_democratic_primary,2018-06-26,MD,County Council At-Large,Montgomery County,1,a jain | ash jain | ashwani jain | b brooks | b conway | b m | bil conway | bill conway | bra brooks | bra m | brandy brooks | brandy h m brooks | brandy m | c barkley | c branson | c carozza | c caviness | c l | c wilhelm | cha barkley | charles barkley | che branson | che l | cherri branson | cherri l | cherri l branson | chr wilhelm | chris wilhelm | cra carozza | cra caviness | craig carozza | craig carozza caviness | craig caviness | d lipscomb | d meitiv | d romero | d v | dan meitiv | danielle meitiv | dar romero | darwin romero | dav lipscomb | dav v | david lipscomb | david v | david v lipscomb | e glass | eva glass | evan glass | g albornoz | g i | g oven | g rivera | gab albornoz | gab i | gabriel albornoz | gabriel i | gabriel i albornoz | gra oven | gra rivera | graciela oven | graciela rivera | graciela rivera oven | h dang | h riemer | han riemer | hans riemer | hoa dang | hoan dang | j fouse | j ortman | j smith | jar smith | jarrett smith | jil fouse | jil ortman | jill fouse | jill ortman | jill ortman fouse | l forde | l garcia | l jean | l phillips | lor forde | lor garcia | lor jean | lor phillips | loretta garcia | loretta jean | loretta jean garcia | lorna forde | lorna phillips | lorna phillips forde | m balcombe | m mckenna | m riley | m siddique | mar balcombe | marilyn balcombe | mel mckenna | melissa mckenna | mic riley | michele riley | moh siddique | mohammad siddique | n greenberger | n h | nei greenberger | nei h | neil greenberger | neil h | neil h greenberger | p geller | p s | pau geller | pau s | paul geller | paul s | paul s geller | r arkoian | r colbert | r gottfried | r o | ric gottfried | richard gottfried | ron colbert | ros arkoian | ros o | rosemary arkoian | rosemary o | rosemary o arkoian | s bhatnagar | s grimes | s solomon | set grimes | seth grimes | shr bhatnagar | shruti bhatnagar | ste solomon | steve solomon | t falcinelli | t r | tom falcinelli | tom r | tom r falcinelli | w jawando | wil jawando | will jawando
race-e187caea2168121e2e21,race-e187caea2168121e2e21,true,tracked_dsa_endorsed_democratic_primary,2026-06-23,NY,County Legislature,District 15 (Onondaga County),1,b kinne | bil kinne | bill kinne | j bennett | jo bennett
race-e291edf93c516f46f9d3,race-e291edf93c516f46f9d3,true,other_corpus_race,2023-02-28,,,,1,a ciaravino | a taylor | a tony | amb taylor | ambria taylor | ant ciaravino | ant tony | anthony ciaravino | anthony tony | anthony tony ciaravino | n lee | nic lee | nicole lee
race-e2986338c907db53279e,race-e2986338c907db53279e,true,other_corpus_race,2020-06-02,,,,1,g benjamin | g r | gre benjamin | gre r | gregory benjamin | gregory r | gregory r benjamin | j r | j roebuck | jam r | jam roebuck | james r | james r roebuck | james roebuck
race-e2b6f8d54db828efc7e2,race-e2b6f8d54db828efc7e2,true,tracked_dsa_endorsed_democratic_primary,2024-05-14,MD,Democratic Presidential Primary,Statewide,1,d phillips | dea phillips | dean phillips | j biden | joe biden | m williamson | mar williamson | marianne williamson | uncommitted
race-e311906b4ccb39c194bc,race-e311906b4ccb39c194bc,true,tracked_dsa_endorsed_democratic_primary,2026-05-19,KY,City Council,District 5 (Louisville Metro),1,a hearn | apr hearn | aprile hearn | b bailey | bet bailey | betty bailey | d duncan | d purvis | dav duncan | dave duncan | don purvis | donna purvis | r barker | ray barker | w garner | wal garner | wallace garner
race-e380dcac34b2bd829dd4,race-e380dcac34b2bd829dd4,true,tracked_dsa_endorsed_democratic_primary,2026-08-04,MI,City Council,Ward 2 (Ypsilanti),1,a rondel | amy rondel | p a | p mclean | pat a | pat mclean | patrick a | patrick a mclean | patrick mclean
race-e3c15129647db8f661a4,race-e3c15129647db8f661a4,true,other_corpus_race,2020-03-03,,City Council,,1,d davis | d dev | dev davis | dev dev | devora davis | devora dev | devora dev davis | j tonkel | jak tonkel | jake tonkel | m woodmansee | mar woodmansee | marshall woodmansee | r navarro | rub navarro | ruben navarro
race-e4f88f1286d62b12a1ab,race-e4f88f1286d62b12a1ab,true,tracked_dsa_endorsed_democratic_primary,2018-05-15,PA,State House,District 30,1,b monroe | bet monroe | betsy monroe | j pavlecic | jac pavlecic | jacob pavlecic | k kandil | kar kandil | kareem kandil
race-e587bbefb97c581e910a,race-e587bbefb97c581e910a,true,other_corpus_race,2017-08-01,,,,1,c d | c strong | cha d | cha strong | charlene d | charlene d strong | charlene strong | h goueli | his goueli | hisam goueli | j grant | jon grant | m mcgregor | mac mcgregor | r pantoja | rud pantoja | rudy pantoja | s e | s nelson | s secrest | sar e | sar nelson | sara e | sara e nelson | sara nelson | she secrest | sheley secrest | t mosqueda | ter mosqueda | teresa mosqueda
race-e6494c2530d8a2c89afa,race-e6494c2530d8a2c89afa,true,tracked_dsa_endorsed_democratic_primary,2022-08-09,VT,State Senate,Chittenden Central,1,a brown | and brown | andrew brown | d ellis | daw ellis | dawn ellis | e mahnke | erh mahnke | erhard mahnke | m gulick | m larocque | mar gulick | mar larocque | martine gulick | martine larocque | martine larocque gulick | p baruth | phi baruth | phil baruth | t vyhovsky | tan vyhovsky | tanya vyhovsky
race-e7ab577213f4505717ec,race-e7ab577213f4505717ec,true,tracked_dsa_endorsed_democratic_primary,2023-06-27,NY,County Legislature District 15,County Legislature District 15,1,m brown | mau brown | maurice brown | t rudd | tim rudd
race-e86fd589efa245645b1e,race-e86fd589efa245645b1e,true,tracked_dsa_endorsed_democratic_primary,2018-06-26,MD,County Executive,Montgomery County,1,c frick | c william | c william frick | d blair | dav blair | david blair | g l | g leventhal | geo l | geo leventhal | george l | george l leventhal | george leventhal | m b | m elrich | mar b | mar elrich | marc b | marc b elrich | marc elrich | r berliner | r g | r krasnow | rog berliner | roger berliner | ros g | ros krasnow | rose g | rose g krasnow | rose krasnow
race-e87a600880ee817b68f9,race-e87a600880ee817b68f9,true,other_corpus_race,2020-03-03,CA,US House,District 12,1,a bacelar | aga bacelar | agatha bacelar | d lorraine | dea lorraine | deanna lorraine | j dennis | joh dennis | john dennis | n pelosi | nan pelosi | nancy pelosi | s buttar | sha buttar | shahid buttar | t gallagher | tom gallagher
race-e87b28f84c6a49987afa,race-e87b28f84c6a49987afa,true,tracked_dsa_endorsed_democratic_primary,2026-08-11,WI,State Assembly,District 76,1,d martinez | d rutherford | din martinez | din rutherford | dina martinez | dina nina martinez rutherford | dina rutherford | i ami | i ben | isa ami | isa ben | isaia ami | isaia ben | isaia ben ami | j bennett | jul bennett | juliana bennett | t castaneda | ton castaneda | tony castaneda | z sullivan | zoe sullivan
race-e8ab7964ed1c0352d699,race-e8ab7964ed1c0352d699,true,tracked_dsa_endorsed_democratic_primary,2018-06-26,NY,US House,District 14,1,a cortez | a ocasio | ale cortez | ale ocasio | alexandria cortez | alexandria ocasio | alexandria ocasio cortez | j crowley | jos crowley | joseph crowley
race-e8d8bf3d5cbd3d734a6f,race-e8d8bf3d5cbd3d734a6f,true,tracked_dsa_endorsed_democratic_primary,2020-03-03,NC,US House,District 4,1,d e | d lockwood | d price | d ulysses | dan lockwood | dan ulysses | daniel lockwood | daniel ulysses | daniel ulysses lockwood | dav e | dav price | david e | david e price | david price
race-e8e05c727cae155eb824,race-e8e05c727cae155eb824,true,tracked_dsa_endorsed_democratic_primary,2026-06-23,MD,County Commissioner,District 3 (Charles County),1,j f | j wade | jam f | jam wade | james f | james f wade | james wade | m wilkes | mck wilkes | mckayla wilkes
race-e998c1da8d59c9a7b9df,race-e998c1da8d59c9a7b9df,true,tracked_dsa_endorsed_democratic_primary,2023-05-16,PA,County Controller,Allegheny County,1,c connor | c o | cor connor | cor o | corey connor | corey o | corey o connor | d leuba | dar leuba | darwin leuba
race-ea5afd75c9af396451a4,race-ea5afd75c9af396451a4,true,tracked_dsa_endorsed_democratic_primary,2020-03-03,VA,President,Statewide,1,a j | a klobuchar | a yang | amy j | amy j klobuchar | amy klobuchar | and yang | andrew yang | b sanders | ber sanders | bernard sanders | c a | c booker | cor a | cor booker | cory a | cory a booker | cory booker | d patrick | dev patrick | deval patrick | e warren | eli warren | elizabeth warren | j biden | j castro | j robinette | jos biden | jos robinette | joseph biden | joseph robinette | joseph robinette biden | jul castro | juli castro | m bennet | m bloomberg | m d | m f | m r | m williamson | mar d | mar williamson | marianne d | marianne d williamson | marianne williamson | mic bennet | mic bloomberg | mic f | mic r | michael bennet | michael bloomberg | michael f | michael f bennet | michael r | michael r bloomberg | p buttigieg | p p | pet buttigieg | pet p | peter buttigieg | peter m p buttigieg | peter p | t gabbard | t steyer | tho steyer | thomas steyer | tul gabbard | tulsi gabbard
race-ea84c90b785e35a083cc,race-ea84c90b785e35a083cc,true,tracked_dsa_endorsed_democratic_primary,2023-09-12,CT,Legislative Council,District 3,1,a osmanu | a razak | abd osmanu | abd razak | abdul osmanu | abdul razak | abdul razak osmanu | d crawford | del crawford | delroy crawford
race-eaa79aedeab5e04f8046,race-eaa79aedeab5e04f8046,true,tracked_dsa_endorsed_democratic_primary,2020-06-23,KY,State House,District 28,1,c miller | c w | cha miller | cha w | charles miller | charles w | charles w miller | r jade | r thomas | ram jade | ram thomas | ramona jade | ramona jade thomas | ramona thomas
race-eb3f0f10b223fdebdf9e,race-eb3f0f10b223fdebdf9e,true,tracked_dsa_endorsed_democratic_primary,2024-08-01,TN,State Representative,District 83,1,n nordstrom | noa nordstrom | noah nordstrom
race-ecc2987534fdb6d1d696,race-ecc2987534fdb6d1d696,true,tracked_dsa_endorsed_democratic_primary,2025-09-09,CT,Legislative Council,At-Large (Hamden),1,d crawford | d foley | d j | del crawford | delroy crawford | dou foley | dou j | douglas foley | douglas j | douglas j foley | k kiely | kat kiely | katie kiely | m crouch | m mullings | m regina | mar mullings | mar regina | marion mullings | marion regina | marion regina mullings | mau crouch | maurine crouch | t hunt | tas hunt | tasha hunt
race-ed78b96c6f3c0fcafb06,race-ed78b96c6f3c0fcafb06,true,tracked_dsa_endorsed_democratic_primary,2020-09-01,MA,State Representative,34th Middlesex District,1,a callahan | ann callahan | anna callahan | c barber | c p | chr barber | chr p | christine barber | christine p | christine p barber
race-ee8aea83e59eacdd064a,race-ee8aea83e59eacdd064a,true,other_corpus_race,2018-06-05,,City Council,,1,r jennings | ric jennings | rick jennings | t brown | tri brown | tristan brown | v edinburgh | vic edinburgh | victor edinburgh
race-ef20ff0afae6a0db133a,race-ef20ff0afae6a0db133a,true,tracked_dsa_endorsed_democratic_primary,2024-09-03,MA,State Representative,25th Middlesex District,1,e mackay | eva mackay | evan mackay | m c | m decker | mar c | mar decker | marjorie c | marjorie c decker | marjorie decker
race-ef838ba30a1ad20d4a10,race-ef838ba30a1ad20d4a10,true,other_corpus_race,2017-08-01,,,,1,a tsimerman | ale tsimerman | alex tsimerman | b hasegawa | bob hasegawa | c carlisle | c moon | car moon | cary moon | cas carlisle | casey carlisle | d kane | dav kane | dave kane | g brose | g e | g hamilton | gar brose | gar e | gary brose | gary e | gary e brose | gre hamilton | greg hamilton | h lever | har lever | harley lever | j durkan | j farrell | j norton | j roberts | j w | jam norton | jam w | james norton | james w | james w norton | jas roberts | jason roberts | jen durkan | jenny durkan | jes farrell | jessyn farrell | k j | k whiteman | kei j | kei whiteman | keith j | keith j whiteman | keith whiteman | l a | l jones | l oberto | lar oberto | larry oberto | lew a | lew jones | lewis a | lewis a jones | lewis jones | m harris | m j | m martin | m mcginn | mar j | mar martin | mary j | mary j martin | mary martin | mic harris | michael harris | mik mcginn | mike mcginn | n oliver | nik oliver | nikkita oliver | t cato | t gunn | tho gunn | thom gunn | tin cato | tiniell cato
race-efcab956da48210a967a,race-efcab956da48210a967a,true,tracked_dsa_endorsed_democratic_primary,2022-09-06,MA,State Representative,27th Middlesex District,1,e uyterhoeven | eri uyterhoeven | erika uyterhoeven | j daniel | j mackey | jas daniel | jas mackey | jason daniel | jason daniel mackey | jason mackey
race-f03a784ec551ce92bcff,race-f03a784ec551ce92bcff,true,other_corpus_race,2023-09-12,,,,1,b jacob | b weber | ben jacob | ben weber | benjamin jacob | benjamin jacob weber | benjamin weber | k lara | k rosalie | ken lara | ken rosalie | kendra lara | kendra rosalie | kendra rosalie lara | w a | w king | wil a | wil king | william a | william a king | william king
race-f1956e4841f9053f1c5f,race-f1956e4841f9053f1c5f,true,tracked_dsa_endorsed_democratic_primary,2022-03-01,TX,Justice of the Peace,Travis County Precinct 1,1,a hairston | and hairston | andrew hairston | y williams | yvo williams | yvonne williams
race-f1e0f94b57d24c62031b,race-f1e0f94b57d24c62031b,true,tracked_dsa_endorsed_democratic_primary,2026-05-19,GA,State House,District 42,1,c vilela | car vilela | carlos vilela | g sanchez | gab sanchez | gabriel sanchez
race-f289969f5b8add9b1d6d,race-f289969f5b8add9b1d6d,true,tracked_dsa_endorsed_democratic_primary,2024-04-02,WI,Democratic Presidential Primary,Statewide,1,j biden | joe biden | u campaign | uni campaign | uninstructed campaign
race-f2c9d92dc23853bec68c,race-f2c9d92dc23853bec68c,true,tracked_dsa_endorsed_democratic_primary,2020-09-15,DE,State House,District 7,1,l d | l lambert | lar d | lar lambert | larry d | larry d lambert | larry lambert | r seigfried | ray seigfried
race-f3aaa34dd9a639324f87,race-f3aaa34dd9a639324f87,true,tracked_dsa_endorsed_democratic_primary,2024-05-21,KY,Metro Council,District 6,2,j lyninger | j p | j p lyninger | jp lyninger | k dittmeier | k holm | kat dittmeier | kat holm | kate dittmeier | kate dittmeier holm | kate holm | p baker | phi baker | phil baker
race-f3aaa34dd9a639324f87,race-f9cc5d061b7cd79bea54,false,tracked_dsa_endorsed_democratic_primary,2024-05-21,KY,Metro Council,District 6,2,j lyninger | j p | j p lyninger | jp lyninger | k dittmeier | k holm | kat dittmeier | kat holm | kate dittmeier | kate dittmeier holm | kate holm | p baker | phi baker | phil baker
race-f3f07859937b7b7f9309,race-f3f07859937b7b7f9309,true,tracked_dsa_endorsed_democratic_primary,2020-06-23,KY,City Council,Louisville Metro Council District 4,1,a caperton | ada caperton | adam caperton | c green | cur green | curtis green | j arthur | jec arthur | jecorey arthur | n marshall | nia marshall | r bell | r bolton | r levertis | rob bell | rob levertis | robert bell | robert levertis | robert levertis bell | ron bolton
race-f478dbd185e25b18240c,race-f478dbd185e25b18240c,true,other_corpus_race,2020-03-03,,,,1,c ramirez | car ramirez | carmen ramirez | j burum | j herrera | jef burum | jeffrey burum | jes herrera | jess herrera | t flynn | tim flynn | v robles | v solis | ver robles | ver solis | veronica robles | veronica robles solis | veronica solis
race-f5d88d4b7c40170bed67,race-f5d88d4b7c40170bed67,true,other_corpus_race,2018-06-05,CA,State Assembly,District 15,1,a katz | and katz | andy katz | b bartlett | b wicks | ben bartlett | buf wicks | buffy wicks | c sudduth | che sudduth | cheryl sudduth | d kalb | dan kalb | j appel | j beckles | jov beckles | jovanka beckles | jud appel | judy appel | o poindexter | owe poindexter | owen poindexter | p jandhyala | pra jandhyala | pranav jandhyala | r okimoto | r pardue | r thaman | raq thaman | raquella thaman | roc okimoto | roc pardue | rochelle okimoto | rochelle pardue | rochelle pardue okimoto | s piterman | s vikramsingh | ser piterman | ser vikramsingh | sergey piterman | sergey vikramsingh | sergey vikramsingh piterman
race-f8472a6d24864b436bac,race-f8472a6d24864b436bac,true,tracked_dsa_endorsed_democratic_primary,2020-06-23,NY,State Senate,District 25,1,j brisport | j salmon | jab brisport | jabari brisport | jas salmon | jason salmon | t s | t wright | tre s | tre wright | tremaine s | tremaine s wright | tremaine wright
race-f8cfb1649c4840b162d0,race-f8cfb1649c4840b162d0,true,other_corpus_race,2018-06-05,CA,State Senate,District 4,1,j nielsen | jim nielsen | m worley | mic worley | michael worley | p kim | phi kim | phillip kim
race-f8df4a4c16bc84f24420,race-f8df4a4c16bc84f24420,true,other_corpus_race,2026-06-02,CA,City Council,District 13,1,c carlisle | col carlisle | colter carlisle | d kendall | dyl kendall | dylan kendall | h martinez | h soto | hug martinez | hug soto | hugo martinez | hugo soto | hugo soto martinez | r sarian | ric sarian | rich sarian
race-f96b28cfef78a6d2939c,race-f96b28cfef78a6d2939c,true,other_corpus_race,2022-06-07,CA,City Council,Los Angeles District 1,1,e hernandez | eun hernandez | eunisses hernandez | g cedillo | g gil | gil cedillo | gil gil | gilbert cedillo | gilbert gil | gilbert gil cedillo
race-f9f7cf71f368ebb7198f,race-f9f7cf71f368ebb7198f,true,tracked_dsa_endorsed_democratic_primary,2021-06-22,NY,City Council,Troy District 5,1,c dresher | c m | car dresher | car m | cary dresher | cary m | cary m dresher | k conley | k wilson | kia conley | kia wilson | kiani conley | kiani conley wilson | kiani wilson
race-faedb9eae89753fe8246,race-faedb9eae89753fe8246,true,tracked_dsa_endorsed_democratic_primary,2020-06-02,PA,State House,District 188,1,g benjamin | gre benjamin | gregory benjamin | j roebuck | jam roebuck | james roebuck | k dunn | kar dunn | karen dunn | r krajewski | ric krajewski | rick krajewski
race-fb65bfde62e1421cbc4d,race-fb65bfde62e1421cbc4d,true,tracked_dsa_endorsed_democratic_primary,2024-05-21,KY,City Council,Louisville Metro District 4,1,b sexton | b smith | bar sexton | bar smith | barbara sexton | barbara sexton smith | barbara smith | bri smith | bridgett smith | c clark | car clark | carol clark | d johnson | d mcdowell | d rivers | dem mcdowell | demetrius mcdowell | den rivers | dennisha rivers | din johnson | dino johnson | j alexander | j crowder | j dahmer | jos alexander | jos crowder | jos dahmer | joseph dahmer | joshua alexander | joshua alexander crowder | joshua crowder | k herndon | ken herndon | m hall | mar hall | mary hall | p wright | pei wright | peighton wright | s moore | sta moore | stan moore
race-fb8880263e03b2c97832,race-fb8880263e03b2c97832,true,tracked_dsa_endorsed_democratic_primary,2020-05-19,OR,US House,District 4,1,d canning | doy canning | doyle canning | p defazio | pet defazio | peter defazio
race-fc455554338c9836cfc0,race-fc455554338c9836cfc0,true,tracked_dsa_endorsed_democratic_primary,2026-06-23,NY,State Senate,District 25,1,j brisport | jab brisport | jabari brisport | m rice | mar rice | marlon rice
race-fcfe33f1e003a147ac5c,race-fcfe33f1e003a147ac5c,true,tracked_dsa_endorsed_democratic_primary,2023-06-27,NY,City Council,District 8,1,j defendini | jor defendini | jorge defendini
race-fd0900f47f5255e7a8c0,race-fd0900f47f5255e7a8c0,true,other_corpus_race,2024-03-05,WI,,,1,d phillips | dea phillips | dean phillips | m williamson | mar williamson | marianne williamson
race-fd225d3c460010b703ba,race-fd225d3c460010b703ba,true,other_corpus_race,2024-11-05,,,,1,t a | t carter | tro a | tro carter | troy a | troy a carter | troy carter
race-fd97e89a58d56d7d9494,race-fd97e89a58d56d7d9494,true,tracked_dsa_endorsed_democratic_primary,2026-06-23,MD,County Council,At-Large (Montgomery County),1,c tichy | chr tichy | christa tichy | d eugene | d gassaway | dan eugene | dan gassaway | dana eugene | dana eugene gassaway | dana gassaway | f barrie | fat barrie | fatmata barrie | h khan | ham khan | hamza khan | j caballero | j mcnulty | j pope | jer pope | jeremiah pope | jim mcnulty | jos caballero | josie caballero | k silvestre | kar silvestre | karla silvestre | l anne | l b | l sayles | l true | lau anne | lau sayles | laurie anne | laurie anne sayles | laurie sayles | lel b | lel true | lelia b | lelia b true | lelia true | m arif | m elrich | m losak | m wali | mar elrich | marc elrich | mat losak | matt losak | muh arif | muh wali | muhammad arif | muhammad arif wali | muhammad wali | p selvam | pra selvam | prabu selvam | r chowdhury | rad chowdhury | radwan chowdhury | s evan | s goldberg | s solomon | sco evan | sco goldberg | scott evan | scott evan goldberg | scott goldberg | ste solomon | steve solomon | v vergagni | vic vergagni | vicki vergagni
race-fdaa52172ee2bd5da855,race-fdaa52172ee2bd5da855,true,tracked_dsa_endorsed_democratic_primary,2022-08-09,MN,State Senate,Minnesota District 8,1,j mcewen | jen mcewen
race-fe1f1d02b936bf366fab,race-fe1f1d02b936bf366fab,true,tracked_dsa_endorsed_democratic_primary,2018-05-15,PA,State House,District 184,1,e fiedler | eli fiedler | elizabeth fiedler | j rowan | jon rowan | jonathan rowan | n didonato | nic didonato | nicholas didonato | t wyatt | tho wyatt | thomas wyatt
race-fe92684731ec882c74f9,race-fe92684731ec882c74f9,true,other_corpus_race,2025-10-11,LA,,,1,e barron | e s | eli barron | eli s | eliot barron | eliot s | eliot s barron | f king | fre king | freddie king | j kimbrell | jac kimbrell | jackson kimbrell | k foster | kel foster | kelsey foster
us-president-dem-primary-2016-al,us-president-dem-primary-2016-al,true,tracked_dsa_endorsed_democratic_primary,2016-03-01,AL,President,Alabama,1,b sanders | ber sanders | bernie sanders | h clinton | hil clinton | hillary clinton | m malley | m o | mar malley | mar o | martin j o malley | martin malley | martin o | r fuente | r la | roq fuente | roq la | roque fuente | roque la | roque rocky de la fuente | uncommitted
us-president-dem-primary-2016-ar,us-president-dem-primary-2016-ar,true,tracked_dsa_endorsed_democratic_primary,2016-03-01,AR,President,Arkansas,1,b sanders | ber sanders | bernie sanders | h clinton | hil clinton | hillary clinton | j valentine | j wolfe | jam valentine | james valentine | joh wolfe | john wolfe | m malley | m o | mar malley | mar o | martin j o malley | martin malley | martin o | r fuente | r la | roq fuente | roq la | roque fuente | roque la | roque rocky de la fuente
us-president-dem-primary-2016-az,us-president-dem-primary-2016-az,true,tracked_dsa_endorsed_democratic_primary,2016-03-22,AZ,President,Arizona,1,b sanders | ber sanders | bernie sanders | h clinton | h hewes | hen hewes | henry hewes | hil clinton | hillary clinton | m malley | m o | m steinberg | mar malley | mar o | martin malley | martin o | martin o malley | mic steinberg | michael steinberg | r fuente | r la | roq fuente | roq la | roque fuente | roque la | roque rocky de la fuente
us-president-dem-primary-2016-ca,us-president-dem-primary-2016-ca,true,tracked_dsa_endorsed_democratic_primary,2016-06-07,CA,President,California,1,b sanders | ber sanders | bernie sanders | h clinton | h hewes | hen hewes | henry hewes | hil clinton | hillary clinton | k judd | kei judd | keith judd | m steinberg | mic steinberg | michael steinberg | r fuente | r la | roq fuente | roq la | roque fuente | roque la | roque rocky de la fuente | w wilson | wil wilson | willie wilson
us-president-dem-primary-2016-ct,us-president-dem-primary-2016-ct,true,tracked_dsa_endorsed_democratic_primary,2016-04-26,CT,President,Connecticut,1,b sanders | ber sanders | bernie sanders | h clinton | hil clinton | hillary clinton | r fuente | r la | roq fuente | roq la | roque fuente | roque la | roque rocky de la fuente | uncommitted
us-president-dem-primary-2016-dc,us-president-dem-primary-2016-dc,true,tracked_dsa_endorsed_democratic_primary,2016-06-14,DC,President,District of Columbia,1,b sanders | ber sanders | bernie sanders | h clinton | hil clinton | hillary clinton | r fuente | r la | roq fuente | roq la | roque fuente | roque la | roque rocky de la fuente | scattered
us-president-dem-primary-2016-de,us-president-dem-primary-2016-de,true,tracked_dsa_endorsed_democratic_primary,2016-04-26,DE,President,Delaware,1,b sanders | ber sanders | bernie sanders | h clinton | hil clinton | hillary clinton | r fuente | r la | roq fuente | roq la | roque fuente | roque la | roque rocky de la fuente
us-president-dem-primary-2016-fl,us-president-dem-primary-2016-fl,true,tracked_dsa_endorsed_democratic_primary,2016-03-15,FL,President,Florida,1,b sanders | ber sanders | bernie sanders | h clinton | hil clinton | hillary clinton | m malley | m o | mar malley | mar o | martin j o malley | martin malley | martin o
us-president-dem-primary-2016-ga,us-president-dem-primary-2016-ga,true,tracked_dsa_endorsed_democratic_primary,2016-03-01,GA,President,Georgia,1,b sanders | ber sanders | bernie sanders | h clinton | hil clinton | hillary clinton | m malley | m o | m steinberg | mar malley | mar o | martin malley | martin o | martin o malley | mic steinberg | michael steinberg
us-president-dem-primary-2016-il,us-president-dem-primary-2016-il,true,tracked_dsa_endorsed_democratic_primary,2016-03-15,IL,President,Illinois,1,b sanders | ber sanders | bernie sanders | h clinton | hil clinton | hillary clinton | l cohen | lar cohen | larry cohen | m malley | m o | mar malley | mar o | martin j o malley | martin malley | martin o | r fuente | r la | roq fuente | roq la | roque fuente | roque la | roque rocky de la fuente | w l | w wilson | wil l | wil wilson | wille l | wille l wilson | wille wilson
us-president-dem-primary-2016-in,us-president-dem-primary-2016-in,true,tracked_dsa_endorsed_democratic_primary,2016-05-03,IN,President,Indiana,1,b sanders | ber sanders | bernie sanders | h clinton | hil clinton | hillary clinton
us-president-dem-primary-2016-ma,us-president-dem-primary-2016-ma,true,tracked_dsa_endorsed_democratic_primary,2016-03-01,MA,President,Massachusetts,1,b sanders | ber sanders | bernie sanders | h clinton | hil clinton | hillary clinton | m malley | m o | mar malley | mar o | martin malley | martin o | martin o malley | n preference | no preference | r fuente | r la | roq fuente | roq la | roque fuente | roque la | roque rocky de la fuente
us-president-dem-primary-2016-md,us-president-dem-primary-2016-md,true,tracked_dsa_endorsed_democratic_primary,2016-04-26,MD,President,Maryland,1,b sanders | ber sanders | bernie sanders | h clinton | hil clinton | hillary clinton | r fuente | r la | roq fuente | roq la | roque fuente | roque la | roque rocky de la fuente | uncommitted
us-president-dem-primary-2016-mi,us-president-dem-primary-2016-mi,true,tracked_dsa_endorsed_democratic_primary,2016-03-08,MI,President,Michigan,1,b sanders | ber sanders | bernie sanders | h clinton | hil clinton | hillary clinton | m malley | m o | mar malley | mar o | martin malley | martin o | martin o malley | r fuente | r la | roq fuente | roq la | roque fuente | roque la | roque rocky de la fuente | uncommitted
us-president-dem-primary-2016-mo,us-president-dem-primary-2016-mo,true,tracked_dsa_endorsed_democratic_primary,2016-03-15,MO,President,Missouri,1,b sanders | ber sanders | bernie sanders | h clinton | h hewes | hen hewes | henry hewes | hil clinton | hillary clinton | j adams | j wolfe | joh wolfe | john wolfe | jon adams | k judd | kei judd | keith judd | m malley | m o | mar malley | mar o | martin j o malley | martin malley | martin o | r fuente | r la | roq fuente | roq la | roque fuente | roque la | roque rocky de la fuente | uncommitted | w l | w wilson | wil l | wil wilson | willie l | willie l wilson | willie wilson
us-president-dem-primary-2016-ms,us-president-dem-primary-2016-ms,true,tracked_dsa_endorsed_democratic_primary,2016-03-08,MS,President,Mississippi,1,b sanders | ber sanders | bernie sanders | h clinton | hil clinton | hillary clinton | m malley | m o | mar malley | mar o | martin malley | martin o | martin o malley | r fuente | r la | roq fuente | roq la | roque fuente | roque la | roque rocky de la fuente
us-president-dem-primary-2016-mt,us-president-dem-primary-2016-mt,true,tracked_dsa_endorsed_democratic_primary,2016-06-07,MT,President,Montana,1,b sanders | ber sanders | bernie sanders | h clinton | hil clinton | hillary clinton | n preference | no preference
us-president-dem-primary-2016-nc,us-president-dem-primary-2016-nc,true,tracked_dsa_endorsed_democratic_primary,2016-03-15,NC,President,North Carolina,1,b sanders | ber sanders | bernie sanders | h clinton | hil clinton | hillary clinton | m malley | m o | mar malley | mar o | martin malley | martin o | martin o malley | n preference | no preference | r fuente | r la | roq fuente | roq la | roque fuente | roque la | roque rocky de la fuente
us-president-dem-primary-2016-ne,us-president-dem-primary-2016-ne,true,tracked_dsa_endorsed_democratic_primary,2016-05-10,NE,President,Nebraska,1,b sanders | ber sanders | bernie sanders | h clinton | hil clinton | hillary clinton
us-president-dem-primary-2016-nh,us-president-dem-primary-2016-nh,true,tracked_dsa_endorsed_democratic_primary,2016-02-09,NH,President,New Hampshire,1,b c | b french | b hutton | b sanders | ber sanders | bernie sanders | bil french | bill french | bro c | bro hutton | brock c | brock c hutton | brock hutton | d john | d thistle | dav john | dav thistle | david john | david john thistle | david thistle | e donnell | e elbot | e o | e sonnino | edw donnell | edw o | edw sonnino | edward donnell | edward o | edward sonnino | edward t o donnell | eri elbot | eric elbot | g schwass | gra schwass | graham schwass | h clinton | h hewes | hen hewes | henry hewes | hil clinton | hillary clinton | j adams | j valentine | j wolfe | jam valentine | james valentine | joh wolfe | john wolfe | jon adams | k judd | kei judd | keith judd | l kelso | llo kelso | lloyd kelso | m a | m greenstein | m malley | m o | m steinberg | m stewart | mar greenstein | mar malley | mar o | mar stewart | mark greenstein | mark stewart | mark stewart greenstein | martin j o malley | martin malley | martin o | mic a | mic steinberg | michael a | michael a steinberg | michael steinberg | r fuente | r la | r lovitt | r lyons | r michael | r moroz | r weil | ray michael | ray moroz | raymond michael | raymond michael moroz | raymond moroz | ric lyons | ric weil | richard lyons | richard lyons weil | richard weil | rob lovitt | robert lovitt | roq fuente | roq la | roque fuente | roque la | roque rocky de la fuente | s burke | s lipscomb | s locke | s roy | s sloan | sam sloan | sta locke | star locke | ste burke | ste lipscomb | ste roy | steve burke | steven lipscomb | steven roy | steven roy lipscomb | v supreme | ver supreme | vermin supreme | w h | w mcgaughey | wil h | wil mcgaughey | william h | william h mcgaughey | william mcgaughey
us-president-dem-primary-2016-nj,us-president-dem-primary-2016-nj,true,tracked_dsa_endorsed_democratic_primary,2016-06-07,NJ,President,New Jersey,1,b sanders | ber sanders | bernie sanders | h clinton | hil clinton | hillary clinton
us-president-dem-primary-2016-ny,us-president-dem-primary-2016-ny,true,tracked_dsa_endorsed_democratic_primary,2016-04-19,NY,President,New York,1,b sanders | ber sanders | bernie sanders | h clinton | hil clinton | hillary clinton
us-president-dem-primary-2016-oh,us-president-dem-primary-2016-oh,true,tracked_dsa_endorsed_democratic_primary,2016-03-15,OH,President,Ohio,1,b sanders | ber sanders | bernie sanders | h clinton | hil clinton | hillary clinton | r fuente | r la | roq fuente | roq la | roque fuente | roque la | roque rocky de la fuente
us-president-dem-primary-2016-ok,us-president-dem-primary-2016-ok,true,tracked_dsa_endorsed_democratic_primary,2016-03-01,OK,President,Oklahoma,1,b sanders | ber sanders | bernie sanders | h clinton | hil clinton | hillary clinton | k judd | kei judd | keith judd | m a | m malley | m o | m steinberg | mar malley | mar o | martin j o malley | martin malley | martin o | mic a | mic steinberg | michael a | michael a steinberg | michael steinberg | r fuente | r la | roq fuente | roq la | roque fuente | roque la | roque rocky de la fuente | s locke | sta locke | star locke
us-president-dem-primary-2016-or,us-president-dem-primary-2016-or,true,tracked_dsa_endorsed_democratic_primary,2016-05-17,OR,President,Oregon,1,b sanders | ber sanders | bernie sanders | h clinton | hil clinton | hillary clinton
us-president-dem-primary-2016-pa,us-president-dem-primary-2016-pa,true,tracked_dsa_endorsed_democratic_primary,2016-04-26,PA,President,Pennsylvania,1,b sanders | ber sanders | bernie sanders | h clinton | hil clinton | hillary clinton | r fuente | r la | roq fuente | roq la | roque fuente | roque la | roque rocky de la fuente
us-president-dem-primary-2016-pr,us-president-dem-primary-2016-pr,true,tracked_dsa_endorsed_democratic_primary,2016-06-05,PR,President,Puerto Rico,1,b sanders | ber sanders | bernie sanders | h clinton | hil clinton | hillary clinton | r fuente | r la | roc fuente | roc la | rocky fuente | rocky la | rocky roque de la fuente
us-president-dem-primary-2016-ri,us-president-dem-primary-2016-ri,true,tracked_dsa_endorsed_democratic_primary,2016-04-26,RI,President,Rhode Island,1,b sanders | ber sanders | bernie sanders | h clinton | hil clinton | hillary clinton | m stewart | mar stewart | mark stewart | r fuente | r la | roq fuente | roq la | roque fuente | roque la | roque rocky de la fuente | uncommitted
us-president-dem-primary-2016-sd,us-president-dem-primary-2016-sd,true,tracked_dsa_endorsed_democratic_primary,2016-06-07,SD,President,South Dakota,1,b sanders | ber sanders | bernie sanders | h clinton | hil clinton | hillary clinton
us-president-dem-primary-2016-tn,us-president-dem-primary-2016-tn,true,tracked_dsa_endorsed_democratic_primary,2016-03-01,TN,President,Tennessee,1,b sanders | ber sanders | bernie sanders | h clinton | hil clinton | hillary clinton | m malley | m o | mar malley | mar o | martin j o malley | martin malley | martin o | uncommitted
us-president-dem-primary-2016-tx,us-president-dem-primary-2016-tx,true,tracked_dsa_endorsed_democratic_primary,2016-03-01,TX,President,Texas,1,b sanders | ber sanders | bernie sanders | c hawes | c l | cal hawes | cal l | calvis hawes | calvis l | calvis l hawes | h clinton | hil clinton | hillary clinton | k judd | kei judd | keith judd | m malley | m o | mar malley | mar o | martin j o malley | martin malley | martin o | r fuente | r la | roq fuente | roq la | roque fuente | roque la | roque rocky de la fuente | s locke | sta locke | star locke | w l | w wilson | wil l | wil wilson | willie l | willie l wilson | willie wilson
us-president-dem-primary-2016-va,us-president-dem-primary-2016-va,true,tracked_dsa_endorsed_democratic_primary,2016-03-01,VA,President,Virginia,1,b sanders | ber sanders | bernie sanders | h clinton | hil clinton | hillary clinton | m malley | m o | mar malley | mar o | martin j o malley | martin malley | martin o
us-president-dem-primary-2016-vt,us-president-dem-primary-2016-vt,true,tracked_dsa_endorsed_democratic_primary,2016-03-01,VT,President,Vermont,1,b sanders | ber sanders | bernie sanders | h clinton | hil clinton | hillary clinton | m malley | m o | mar malley | mar o | martin j o malley | martin malley | martin o | r fuente | r la | roq fuente | roq la | roque fuente | roque la | roque rocky de la fuente
us-president-dem-primary-2016-wa,us-president-dem-primary-2016-wa,true,tracked_dsa_endorsed_democratic_primary,2016-05-24,WA,President,Washington,1,b sanders | ber sanders | bernie sanders | h clinton | hil clinton | hillary clinton
us-president-dem-primary-2016-wi,us-president-dem-primary-2016-wi,true,tracked_dsa_endorsed_democratic_primary,2016-04-05,WI,President,Wisconsin,1,b sanders | ber sanders | bernie sanders | h clinton | hil clinton | hillary clinton | m malley | m o | mar malley | mar o | martin j o malley | martin malley | martin o | r fuente | r la | roq fuente | roq la | roque fuente | roque la | roque rocky de la fuente | u delegation | uni delegation | uninstructed delegation
us-president-dem-primary-2016-wv,us-president-dem-primary-2016-wv,true,tracked_dsa_endorsed_democratic_primary,2016-05-10,WV,President,West Virginia,1,b sanders | ber sanders | bernie sanders | h clinton | hil clinton | hillary clinton | k judd | kei judd | keith judd | m malley | m o | mar malley | mar o | martin j o malley | martin malley | martin o | p farrell | p t | pau farrell | pau t | paul farrell | paul t | paul t farrell | r fuente | r la | roq fuente | roq la | roque fuente | roque la | roque rocky de la fuente
us-president-dem-primary-2020-ak,us-president-dem-primary-2020-ak,true,tracked_dsa_endorsed_democratic_primary,2020-04-10,AK,President,Alaska,1,a klobuchar | amy klobuchar | b sanders | ber sanders | bernie sanders | e warren | eli warren | elizabeth warren | j biden | j r | jos biden | jos r | joseph biden | joseph r | joseph r biden | m bloomberg | m r | mic bloomberg | mic r | michael bloomberg | michael r | michael r bloomberg | p buttigieg | pet buttigieg | pete buttigieg | t gabbard | t steyer | tom steyer | tul gabbard | tulsi gabbard | undeclared
us-president-dem-primary-2020-al,us-president-dem-primary-2020-al,true,tracked_dsa_endorsed_democratic_primary,2020-03-03,AL,President,Alabama,1,a klobuchar | a yang | amy klobuchar | and yang | andrew yang | b sanders | ber sanders | bernie sanders | c booker | cor booker | cory booker | e warren | eli warren | elizabeth warren | j biden | j castro | j delaney | j k | j r | joh delaney | joh k | john delaney | john k | john k delaney | jos biden | jos r | joseph biden | joseph r | joseph r biden | jul castro | julian castro | m bennet | m bloomberg | m r | m williamson | mar williamson | marianne williamson | mic bennet | mic bloomberg | mic r | michael bennet | michael bloomberg | michael r | michael r bloomberg | p buttigieg | pet buttigieg | pete buttigieg | t gabbard | t steyer | tom steyer | tul gabbard | tulsi gabbard | uncommitted
us-president-dem-primary-2020-az,us-president-dem-primary-2020-az,true,tracked_dsa_endorsed_democratic_primary,2020-03-17,AZ,President,Arizona,1,a yang | and yang | andrew yang | b sanders | ber sanders | bernie sanders | d patrick | dev patrick | deval patrick | e warren | eli warren | elizabeth warren | h hewes | hen hewes | henry hewes | j biden | j castro | jos biden | joseph biden | jul castro | julian castro | m ellinger | m williamson | mar williamson | marianne williamson | mic ellinger | michael ellinger | p buttigieg | pet buttigieg | pete buttigieg | r fuente | r la | roq fuente | roq la | roque fuente | roque la | roque rocky de la fuente | t gabbard | tul gabbard | tulsi gabbard
us-president-dem-primary-2020-ct,us-president-dem-primary-2020-ct,true,tracked_dsa_endorsed_democratic_primary,2020-08-11,CT,President,Connecticut,1,b sanders | ber sanders | bernie sanders | j biden | joe biden | t gabbard | tul gabbard | tulsi gabbard | uncommitted
us-president-dem-primary-2020-de,us-president-dem-primary-2020-de,true,tracked_dsa_endorsed_democratic_primary,2020-07-07,DE,President,Delaware,1,b sanders | ber sanders | bernie sanders | e warren | eli warren | elizabeth warren | j biden | j r | jos biden | jos r | joseph biden | joseph r | joseph r biden
us-president-dem-primary-2020-fl,us-president-dem-primary-2020-fl,true,tracked_dsa_endorsed_democratic_primary,2020-03-17,FL,President,Florida,1,a klobuchar | a yang | amy klobuchar | and yang | andrew yang | b sanders | ber sanders | bernie sanders | c booker | cor booker | cory booker | d patrick | dev patrick | deval patrick | e warren | eli warren | elizabeth warren | j biden | j castro | j delaney | j sestak | joe biden | joe sestak | joh delaney | john delaney | jul castro | julian castro | m bennet | m bloomberg | m r | m williamson | mar williamson | marianne williamson | mic bennet | mic bloomberg | mic r | michael bennet | michael bloomberg | michael r | michael r bloomberg | p buttigieg | pet buttigieg | pete buttigieg | t gabbard | t steyer | tom steyer | tul gabbard | tulsi gabbard
us-president-dem-primary-2020-ga,us-president-dem-primary-2020-ga,true,tracked_dsa_endorsed_democratic_primary,2020-06-09,GA,President,Georgia,1,a klobuchar | a yang | amy klobuchar | and yang | andrew yang | b sanders | ber sanders | bernie sanders | d patrick | dev patrick | deval patrick | e warren | eli warren | elizabeth warren | j biden | j delaney | j k | j r | joh delaney | joh k | john delaney | john k | john k delaney | jos biden | jos r | joseph biden | joseph r | joseph r biden | m bennet | m bloomberg | m r | mic bennet | mic bloomberg | mic r | michael bennet | michael bloomberg | michael r | michael r bloomberg | p buttigieg | pet buttigieg | pete buttigieg | t gabbard | t steyer | tom steyer | tul gabbard | tulsi gabbard
us-president-dem-primary-2020-id,us-president-dem-primary-2020-id,true,tracked_dsa_endorsed_democratic_primary,2020-03-10,ID,President,Idaho,1,a klobuchar | a yang | amy klobuchar | and yang | andrew yang | b sanders | ber sanders | bernie sanders | c booker | cor booker | cory booker | d patrick | dev patrick | deval patrick | e warren | eli warren | elizabeth warren | j biden | j castro | j delaney | j k | j r | joh delaney | joh k | john delaney | john k | john k delaney | jos biden | jos r | joseph biden | joseph r | joseph r biden | jul castro | julian castro | m bennet | m bloomberg | m r | m williamson | mar williamson | marianne williamson | mic bennet | mic bloomberg | mic r | michael bennet | michael bloomberg | michael r | michael r bloomberg | p buttigieg | pet buttigieg | pete buttigieg | r fuente | r la | roq fuente | roq la | roque fuente | roque la | roque rocky de la fuente | s burke | ste burke | steve burke | t gabbard | t steyer | tom steyer | tul gabbard | tulsi gabbard
us-president-dem-primary-2020-in,us-president-dem-primary-2020-in,true,tracked_dsa_endorsed_democratic_primary,2020-06-02,IN,President,Indiana,1,a klobuchar | a yang | amy klobuchar | and yang | andrew yang | b sanders | ber sanders | bernie sanders | e warren | eli warren | elizabeth warren | j biden | j r | jos biden | jos r | joseph biden | joseph r | joseph r biden | m bloomberg | m r | mic bloomberg | mic r | michael bloomberg | michael r | michael r bloomberg | p buttigieg | pet buttigieg | pete buttigieg | t gabbard | t steyer | tom steyer | tul gabbard | tulsi gabbard
us-president-dem-primary-2020-ks,us-president-dem-primary-2020-ks,true,tracked_dsa_endorsed_democratic_primary,2020-05-02,KS,President,Kansas,1,b sanders | ber sanders | bernie sanders | e warren | eli warren | elizabeth warren | j biden | j r | jos biden | jos r | joseph biden | joseph r | joseph r biden | t gabbard | tul gabbard | tulsi gabbard | uncommitted
us-president-dem-primary-2020-ma,us-president-dem-primary-2020-ma,true,tracked_dsa_endorsed_democratic_primary,2020-03-03,MA,President,Massachusetts,1,a klobuchar | a yang | amy klobuchar | and yang | andrew yang | b sanders | ber sanders | bernie sanders | c booker | cor booker | cory booker | d patrick | dev patrick | deval patrick | e warren | eli warren | elizabeth warren | j biden | j castro | j delaney | j k | j r | joh delaney | joh k | john delaney | john k | john k delaney | jos biden | jos r | joseph biden | joseph r | joseph r biden | jul castro | julian castro | m bennet | m bloomberg | m r | m williamson | mar williamson | marianne williamson | mic bennet | mic bloomberg | mic r | michael bennet | michael bloomberg | michael r | michael r bloomberg | n preference | no preference | p buttigieg | pet buttigieg | pete buttigieg | t gabbard | t steyer | tom steyer | tul gabbard | tulsi gabbard
us-president-dem-primary-2020-md,us-president-dem-primary-2020-md,true,tracked_dsa_endorsed_democratic_primary,2020-06-02,MD,President,Maryland,1,a klobuchar | a yang | amy klobuchar | and yang | andrew yang | b sanders | ber sanders | bernie sanders | c booker | cor booker | cory booker | d patrick | dev patrick | deval patrick | e warren | eli warren | elizabeth warren | j biden | j castro | joe biden | jul castro | julian castro | m bennet | m bloomberg | m williamson | mar williamson | marianne williamson | mic bennet | mic bloomberg | michael bennet | michael bloomberg | p buttigieg | pet buttigieg | pete buttigieg | t gabbard | t steyer | tom steyer | tul gabbard | tulsi gabbard | uncommitted
us-president-dem-primary-2020-mo,us-president-dem-primary-2020-mo,true,tracked_dsa_endorsed_democratic_primary,2020-03-10,MO,President,Missouri,1,a klobuchar | a yang | amy klobuchar | and yang | andrew yang | b sanders | ber sanders | bernie sanders | c booker | cor booker | cory booker | d patrick | dev patrick | deval patrick | e warren | eli warren | elizabeth warren | h hewes | hen hewes | henry hewes | j biden | j castro | j delaney | j k | j r | joh delaney | joh k | john delaney | john k | john k delaney | jos biden | jos r | joseph biden | joseph r | joseph r biden | jul castro | julian castro | l j | l steinman | leo j | leo steinman | leonard j | leonard j steinman | leonard steinman | m bennet | m bloomberg | m r | m williamson | mar williamson | marianne williamson | mic bennet | mic bloomberg | mic r | michael bennet | michael bloomberg | michael r | michael r bloomberg | p buttigieg | pet buttigieg | pete buttigieg | r fuente | r la | r wells | rob wells | robby wells | roq fuente | roq la | roque de la fuente | roque fuente | roque la | s burke | ste burke | steve burke | t gabbard | t steyer | tom steyer | tul gabbard | tulsi gabbard | uncommitted | v steinman | vel steinman | velma steinman | w c | w haas | wil c | wil haas | william c | william c haas | william haas
us-president-dem-primary-2020-ms,us-president-dem-primary-2020-ms,true,tracked_dsa_endorsed_democratic_primary,2020-03-10,MS,President,Mississippi,1,a klobuchar | a yang | amy klobuchar | and yang | andrew yang | b sanders | ber sanders | bernie sanders | d patrick | dev patrick | deval patrick | e warren | eli warren | elizabeth warren | j biden | j r | jos biden | jos r | joseph biden | joseph r | joseph r biden | m bloomberg | m r | mic bloomberg | mic r | michael bloomberg | michael r | michael r bloomberg | p buttigieg | pet buttigieg | pete buttigieg | t gabbard | t steyer | tom steyer | tul gabbard | tulsi gabbard
us-president-dem-primary-2020-mt,us-president-dem-primary-2020-mt,true,tracked_dsa_endorsed_democratic_primary,2020-06-02,MT,President,Montana,1,b sanders | ber sanders | bernie sanders | e warren | eli warren | elizabeth warren | j biden | j r | jos biden | jos r | joseph biden | joseph r | joseph r biden | n preference | no preference
us-president-dem-primary-2020-nc,us-president-dem-primary-2020-nc,true,tracked_dsa_endorsed_democratic_primary,2020-03-03,NC,President,North Carolina,1,a klobuchar | a yang | amy klobuchar | and yang | andrew yang | b sanders | ber sanders | bernie sanders | c booker | cor booker | cory booker | d patrick | dev patrick | deval patrick | e warren | eli warren | elizabeth warren | j biden | j castro | j delaney | j k | j r | joh delaney | joh k | john delaney | john k | john k delaney | jos biden | jos r | joseph biden | joseph r | joseph r biden | jul castro | julian castro | m bennet | m bloomberg | m r | m williamson | mar williamson | marianne williamson | mic bennet | mic bloomberg | mic r | michael bennet | michael bloomberg | michael r | michael r bloomberg | n preference | no preference | p buttigieg | pet buttigieg | pete buttigieg | t gabbard | t steyer | tom steyer | tul gabbard | tulsi gabbard
us-president-dem-primary-2020-ne,us-president-dem-primary-2020-ne,true,tracked_dsa_endorsed_democratic_primary,2020-05-12,NE,President,Nebraska,1,b sanders | ber sanders | bernie sanders | e warren | eli warren | elizabeth warren | j biden | joe biden | t gabbard | tul gabbard | tulsi gabbard
us-president-dem-primary-2020-nh,us-president-dem-primary-2020-nh,true,tracked_dsa_endorsed_democratic_primary,2020-02-11,NH,President,New Hampshire,1,a klobuchar | a yang | amy klobuchar | and yang | andrew yang | b gleib | b gleiberman | b sanders | ben gleib | ben gleib gleiberman | ben gleiberman | ber sanders | bernie sanders | c booker | cor booker | cory booker | d john | d patrick | d thistle | dav john | dav thistle | david john | david john thistle | david thistle | dev patrick | deval patrick | e warren | eli warren | elizabeth warren | h hewes | hen hewes | henry hewes | j biden | j castro | j delaney | j dunlap | j evritte | j k | j r | j sestak | jas dunlap | jas evritte | jason dunlap | jason evritte | jason evritte dunlap | joe sestak | joh delaney | joh k | john delaney | john k | john k delaney | jos biden | jos r | joseph biden | joseph r | joseph r biden | jul castro | julian castro | k harris | kam harris | kamala harris | l kraus | lor kraus | lorenz kraus | m a | m bennet | m boyd | m ellinger | m greenstein | m stewart | m williamson | mar greenstein | mar stewart | mar williamson | marianne williamson | mark greenstein | mark stewart | mark stewart greenstein | mic a | mic bennet | mic ellinger | michael a | michael a ellinger | michael bennet | michael ellinger | mos boyd | mosie boyd | p buttigieg | pet buttigieg | pete buttigieg | r fuente | r krichevsky | r la | r michael | r moroz | r wells | ray michael | ray moroz | raymond michael | raymond michael moroz | raymond moroz | rit krichevsky | rita krichevsky | rob wells | robby wells | roq fuente | roq la | roque de la fuente | roque fuente | roque la | s bullock | s burke | s sloan | sam sloan | ste bullock | ste burke | steve bullock | steve burke | t gabbard | t james | t koos | t steyer | t torgesen | tho james | tho torgesen | thomas james | thomas james torgesen | thomas torgesen | tom koos | tom steyer | tul gabbard | tulsi gabbard
us-president-dem-primary-2020-nj,us-president-dem-primary-2020-nj,true,tracked_dsa_endorsed_democratic_primary,2020-07-07,NJ,President,New Jersey,1,b sanders | ber sanders | bernie sanders | j biden | j r | jos biden | jos r | joseph biden | joseph r | joseph r biden
us-president-dem-primary-2020-nm,us-president-dem-primary-2020-nm,true,tracked_dsa_endorsed_democratic_primary,2020-06-02,NM,President,New Mexico,1,a yang | and yang | andrew yang | b sanders | ber sanders | bernie sanders | d patrick | dev patrick | deval patrick | e warren | eli warren | elizabeth warren | j biden | j r | jos biden | jos r | joseph biden | joseph r | joseph r biden | t gabbard | tul gabbard | tulsi gabbard | u delegate | unc delegate | uncommitted delegate
us-president-dem-primary-2020-oh,us-president-dem-primary-2020-oh,true,tracked_dsa_endorsed_democratic_primary,2020-04-28,OH,President,Ohio,1,a klobuchar | amy klobuchar | b sanders | ber sanders | bernie sanders | d patrick | dev patrick | deval patrick | e warren | eli warren | elizabeth warren | j biden | j r | jos biden | jos r | joseph biden | joseph r | joseph r biden | m bennet | m bloomberg | mic bennet | mic bloomberg | michael bennet | michael bloomberg | p buttigieg | pet buttigieg | pete buttigieg | t gabbard | t steyer | tom steyer | tul gabbard | tulsi gabbard
us-president-dem-primary-2020-ok,us-president-dem-primary-2020-ok,true,tracked_dsa_endorsed_democratic_primary,2020-03-03,OK,President,Oklahoma,1,a klobuchar | a yang | amy klobuchar | and yang | andrew yang | b sanders | ber sanders | bernie sanders | c booker | cor booker | cory booker | d patrick | dev patrick | deval patrick | e warren | eli warren | elizabeth warren | j biden | j castro | j r | jos biden | jos r | joseph biden | joseph r | joseph r biden | jul castro | julian castro | m bennet | m bloomberg | m r | m williamson | mar williamson | marianne williamson | mic bennet | mic bloomberg | mic r | michael bennet | michael bloomberg | michael r | michael r bloomberg | p buttigieg | pet buttigieg | pete buttigieg | t gabbard | t steyer | tom steyer | tul gabbard | tulsi gabbard
us-president-dem-primary-2020-pr,us-president-dem-primary-2020-pr,true,tracked_dsa_endorsed_democratic_primary,2020-07-12,PR,President,Puerto Rico,1,a klobuchar | amy klobuchar | b sanders | ber sanders | bernie sanders | e warren | eli warren | elizabeth warren | j biden | j r | jos biden | jos r | joseph biden | joseph r | joseph r biden | m bloomberg | m r | mic bloomberg | mic r | michael bloomberg | michael r | michael r bloomberg | p buttigieg | pet buttigieg | pete buttigieg | t gabbard | t steyer | tom steyer | tul gabbard | tulsi gabbard
us-president-dem-primary-2020-ri,us-president-dem-primary-2020-ri,true,tracked_dsa_endorsed_democratic_primary,2020-06-02,RI,President,Rhode Island,1,a yang | and yang | andrew yang | b sanders | ber sanders | bernie sanders | e ann | e warren | eli ann | eli warren | elizabeth ann | elizabeth ann warren | elizabeth warren | j biden | j r | jos biden | jos r | joseph biden | joseph r | joseph r biden | t gabbard | tul gabbard | tulsi gabbard | uncommitted
us-president-dem-primary-2020-sc,us-president-dem-primary-2020-sc,true,tracked_dsa_endorsed_democratic_primary,2020-02-29,SC,President,South Carolina,1,a klobuchar | a yang | amy klobuchar | and yang | andrew yang | b sanders | ber sanders | bernie sanders | c booker | cor booker | cory booker | d patrick | dev patrick | deval patrick | e warren | eli warren | elizabeth warren | j biden | j delaney | j k | j r | joh delaney | joh k | john delaney | john k | john k delaney | jos biden | jos r | joseph biden | joseph r | joseph r biden | m bennet | mic bennet | michael bennet | p buttigieg | pet buttigieg | pete buttigieg | t gabbard | t steyer | tom steyer | tul gabbard | tulsi gabbard
us-president-dem-primary-2020-sd,us-president-dem-primary-2020-sd,true,tracked_dsa_endorsed_democratic_primary,2020-06-02,SD,President,South Dakota,1,b sanders | ber sanders | bernie sanders | j biden | j r | jos biden | jos r | joseph biden | joseph r | joseph r biden
us-president-dem-primary-2020-tn,us-president-dem-primary-2020-tn,true,tracked_dsa_endorsed_democratic_primary,2020-03-03,TN,President,Tennessee,1,a klobuchar | a yang | amy klobuchar | and yang | andrew yang | b sanders | ber sanders | bernie sanders | c booker | cor booker | cory booker | d patrick | dev patrick | deval patrick | e warren | eli warren | elizabeth warren | j biden | j castro | j delaney | j k | j r | joh delaney | joh k | john delaney | john k | john k delaney | jos biden | jos r | joseph biden | joseph r | joseph r biden | jul castro | julian castro | m bennet | m bloomberg | m r | m williamson | mar williamson | marianne williamson | mic bennet | mic bloomberg | mic r | michael bennet | michael bloomberg | michael r | michael r bloomberg | p buttigieg | pet buttigieg | pete buttigieg | t gabbard | t steyer | tom steyer | tul gabbard | tulsi gabbard | uncommitted
us-president-dem-primary-2020-tx,us-president-dem-primary-2020-tx,true,tracked_dsa_endorsed_democratic_primary,2020-03-03,TX,President,Texas,1,a klobuchar | a yang | amy klobuchar | and yang | andrew yang | b sanders | ber sanders | bernie sanders | c booker | cor booker | cory booker | d patrick | dev patrick | deval patrick | e warren | eli warren | elizabeth warren | j biden | j castro | j delaney | j k | j r | joh delaney | joh k | john delaney | john k | john k delaney | jos biden | jos r | joseph biden | joseph r | joseph r biden | jul castro | julian castro | m bennet | m bloomberg | m r | m williamson | mar williamson | marianne williamson | mic bennet | mic bloomberg | mic r | michael bennet | michael bloomberg | michael r | michael r bloomberg | p buttigieg | pet buttigieg | pete buttigieg | r fuente | r la | r wells | rob wells | robby wells | roq fuente | roq la | roque fuente | roque la | roque rocky de la fuente | t gabbard | t steyer | tom steyer | tul gabbard | tulsi gabbard
us-president-dem-primary-2020-ut,us-president-dem-primary-2020-ut,true,tracked_dsa_endorsed_democratic_primary,2020-03-03,UT,President,Utah,1,a klobuchar | a yang | amy klobuchar | and yang | andrew yang | b sanders | ber sanders | bernie sanders | c booker | cor booker | cory booker | d patrick | dev patrick | deval patrick | e warren | eli warren | elizabeth warren | j biden | j castro | j r | jos biden | jos r | joseph biden | joseph r | joseph r biden | jul castro | julian castro | m bloomberg | m r | m williamson | mar williamson | marianne williamson | mic bloomberg | mic r | michael bloomberg | michael r | michael r bloomberg | n bloxham | nat bloxham | nathan bloxham | p buttigieg | pet buttigieg | pete buttigieg | r fuente | r la | roq fuente | roq la | roque de la fuente | roque fuente | roque la | t gabbard | t steyer | tom steyer | tul gabbard | tulsi gabbard
us-president-dem-primary-2020-va,us-president-dem-primary-2020-va,true,tracked_dsa_endorsed_democratic_primary,2020-03-03,VA,President,Virginia,1,a klobuchar | a yang | amy klobuchar | and yang | andrew yang | b sanders | ber sanders | bernie sanders | c booker | cor booker | cory booker | d patrick | dev patrick | deval patrick | e warren | eli warren | elizabeth warren | j biden | j castro | j r | jos biden | jos r | joseph biden | joseph r | joseph r biden | jul castro | julian castro | m bennet | m bloomberg | m r | m williamson | mar williamson | marianne williamson | mic bennet | mic bloomberg | mic r | michael bennet | michael bloomberg | michael r | michael r bloomberg | p buttigieg | pet buttigieg | pete buttigieg | t gabbard | t steyer | tom steyer | tul gabbard | tulsi gabbard
us-president-dem-primary-2020-vt,us-president-dem-primary-2020-vt,true,tracked_dsa_endorsed_democratic_primary,2020-03-03,VT,President,Vermont,1,a klobuchar | a yang | amy klobuchar | and yang | andrew yang | b sanders | ber sanders | bernie sanders | d patrick | dev patrick | deval patrick | e warren | eli warren | elizabeth warren | j biden | j castro | j r | jos biden | jos r | joseph biden | joseph r | joseph r biden | jul castro | julian castro | m bloomberg | m r | m stewart | m williamson | mar stewart | mar williamson | marianne williamson | mark stewart | mic bloomberg | mic r | michael bloomberg | michael r | michael r bloomberg | p buttigieg | pet buttigieg | pete buttigieg | t gabbard | t steyer | tom steyer | tul gabbard | tulsi gabbard
us-president-dem-primary-2020-wi,us-president-dem-primary-2020-wi,true,tracked_dsa_endorsed_democratic_primary,2020-04-07,WI,President,Wisconsin,1,a klobuchar | a yang | amy klobuchar | and yang | andrew yang | b sanders | ber sanders | bernie sanders | d patrick | dev patrick | deval patrick | e warren | eli warren | elizabeth warren | j biden | j delaney | joe biden | joh delaney | john delaney | m bennet | m bloomberg | m r | mic bennet | mic bloomberg | mic r | michael bennet | michael bloomberg | michael r | michael r bloomberg | p buttigieg | pet buttigieg | pete buttigieg | t gabbard | t steyer | tom steyer | tul gabbard | tulsi gabbard | u delegate | uni delegate | uninstructed delegate
us-president-dem-primary-2020-wv,us-president-dem-primary-2020-wv,true,tracked_dsa_endorsed_democratic_primary,2020-06-09,WV,President,West Virginia,1,a klobuchar | a yang | amy klobuchar | and yang | andrew yang | b sanders | ber sanders | bernie sanders | d lee | d patrick | d rice | dav lee | dav rice | david lee | david lee rice | david rice | dev patrick | deval patrick | e warren | eli warren | elizabeth warren | j biden | j r | jos biden | jos r | joseph biden | joseph r | joseph r biden | m bennet | m bloomberg | m r | mic bennet | mic bloomberg | mic r | michael bennet | michael bloomberg | michael r | michael r bloomberg | p buttigieg | pet buttigieg | pete buttigieg | t gabbard | t steyer | tom steyer | tul gabbard | tulsi gabbard
