race_id,candidate_name,role,election_date,research_status,title,source_type,source_tier,publication_date,effective_date,source_url,live_url,archive_url,locator,analysis_scope,notes
race-a47f2c44662b82173189,Anita Prizio,endorsed,2017-05-16,verified_source,Anita Prizio 2017 campaign issues,archived_campaign_platform,tier_2,,2017-09-22,https://web.archive.org/web/20181108190712id_/https://ballotpedia.org/Anita_Prizio,https://ballotpedia.org/Anita_Prizio#Campaign_themes,https://web.archive.org/web/20181108190712id_/https://ballotpedia.org/Anita_Prizio,Campaign themes > 2017,"Full quoted first-party platform text on constituent voice, transparency, fracking, affordable housing, and clean water. Ballotpedia identifies the source as the 2017 campaign Issues page, accessed 2017-09-22; original campaign URL is no longer fetchable.",
race-0737ecc067d5cc0799e8,Ali Khorasani,endorsed,2018-03-06,verified_source,Ali A. Khorasani Ballotpedia candidate survey,candidate_questionnaire,tier_2,2018-02-26,2018-02-26,https://ballotpedia.org/Ali_Khorasani#Campaign_themes,https://ballotpedia.org/Ali_Khorasani#Campaign_themes,,Campaign themes > 2018 > Ballotpedia survey responses,"Candidate-authored answers on Green New Deal, Medicare for All, public-school funding, criminal-justice reform, racial equality, reproductive rights, capitalism, term limits, and redistricting.",Dated questionnaire completed eight days before the primary.
race-0737ecc067d5cc0799e8,Ali Khorasani,endorsed,2018-03-06,verified_source,Ali for Congress campaign site,archived_campaign_platform,tier_1,,2018-02-09,https://web.archive.org/web/20180209101917id_/https://www.tx2.rocks/,https://www.tx2.rocks/,https://web.archive.org/web/20180209101917id_/https://www.tx2.rocks/,homepage and Issues navigation; snapshot 20180209101917,"First-party progressive framing and issue agenda: Green New Deal, Medicare for All, public education, racial justice, reproductive rights, labor rights, electoral reform, and taxes on the wealthy.",Campaign-domain snapshot taken before the primary; archive target is fetchable and preserves first-party provenance.
race-0737ecc067d5cc0799e8,Hamid Parvizian,opponent,2018-03-06,searched_not_found,,,,,,,,,,,"Searched exact-name web results, Ballotpedia alias H. P. Parvizian, campaign/FEC references, issue-position aggregators, and Houston interview indexes. Off the Kuff states Parvizian did not respond to its 2018 interview request; no recoverable campaign-window substantive text was located."
race-0737ecc067d5cc0799e8,Jimmy Jones,opponent,2018-03-06,searched_not_found,,,,,,,,,,,"Searched exact-name and race-specific variants and the ballot identity J. Darnell Jones shown in contemporary TX-02 election records. Located ballot/biographical references but no recoverable campaign-window platform, questionnaire, interview, speech, or debate text."
race-0737ecc067d5cc0799e8,Silky Malik,opponent,2018-03-06,verified_source,So You Want to Be In Charge: Silky Malik (D) for Texas District 2,candidate_interview,tier_2,2017-12-06,2017-12-06,https://web.archive.org/web/20180118215314id_/https://www.freepresshouston.com/so-you-want-to-be-in-charge-silky-malik-d-for-texas-district-2/,https://freepresshouston.com/so-you-want-to-be-in-charge-silky-malik-d-for-texas-district-2/,https://web.archive.org/web/20180118215314id_/https://www.freepresshouston.com/so-you-want-to-be-in-charge-silky-malik-d-for-texas-district-2/,full text Q&A; archive snapshot 20180118215314,"Attributable answers on teacher tax deductions, the Windfall Elimination Provision, education costs, universal health care, and preserving the ACA.","Use the archive target: the live article currently displays an erroneous 2026 date, while the archived capture preserves the original 2017 publication context and 2018-race wording."
race-0737ecc067d5cc0799e8,Todd Litton,opponent,2018-03-06,verified_source,Todd Litton for Congress,archived_campaign_page,tier_1,,2018-01-18,https://web.archive.org/web/20180118144058id_/https://toddlitton.com/,https://toddlitton.com/,https://web.archive.org/web/20180118144058id_/https://toddlitton.com/,homepage; snapshot 20180118144058,"First-party campaign framing around common sense and decency, inclusive representation, investment in all residents, and education/nonprofit service to children and families.",Campaign-domain snapshot taken before the primary; source remains recoverable despite the live domain TLS failure.
race-9ca784db2d625d8783bf,Briana Urbina,opponent,2020-06-02,verified_source,Briana Urbina Ballotpedia Candidate Connection survey,candidate_questionnaire,tier_2,,,https://web.archive.org/web/20201123044732id_/https://ballotpedia.org/Briana_Urbina,https://ballotpedia.org/Briana_Urbina#Campaign_themes,https://web.archive.org/web/20201123044732id_/https://ballotpedia.org/Briana_Urbina,Campaign themes > 2019 Ballotpedia survey responses,"Candidate-authored priorities and values: affordable housing, Medicare for All, social justice, education, criminal-justice reform, civil rights, environmental justice, Green New Deal, honesty, inclusion, and family.",Ballotpedia records the survey as completed in 2019 during the 2020 campaign; Urbina suspended the campaign in January 2020 but remained on the ballot.
race-9ca784db2d625d8783bf,Vanessa Marie Hoffman,opponent,2020-06-02,verified_source,"Voter guide: Vanessa Marie Hoffman, Congress, District 5",candidate_questionnaire,tier_2,2020-05-18,2020-05-18,https://www.capitalgazette.com/2020/05/18/voter-guide-vanessa-marie-hoffman-congress-district-5/,https://www.capitalgazette.com/2020/05/18/voter-guide-vanessa-marie-hoffman-congress-district-5/,,full candidate Q&A,"Extensive attributable answers on climate, taxation, inequality, gun laws, ACA and health care, urban policy, opioids, immigration/DACA, trade, and foreign policy.",Published during the primary window; page contains the candidate responses in full text.
race-9ca784db2d625d8783bf,William Devine III,opponent,2020-06-02,searched_not_found,,,,,,,,,,,"Searched exact-name/race queries, Ballotpedia, campaign-domain variants, voter guides, and archive indexes. Found election/biographical records, including his prior 2018 Republican candidacy and 2020 Democratic ballot appearance, but no recoverable substantive text attributable to the 2020 campaign."
race-dea57c83cdef4681dc1f,Erik Simonson,opponent,2020-08-11,verified_source,What a progressive DFLer’s primary victory in Duluth says — and doesn’t say — about politics and environmental policy in northern Minnesota,attributable_interview,tier_2,2020-08-13,2020-08-11,https://www.minnpost.com/greater-minnesota/2020/08/what-a-progressive-dflers-primary-victory-in-duluth-says-and-doesnt-say-about-politics-and-environmental-policy-in-northern-minnesota/,https://www.minnpost.com/greater-minnesota/2020/08/what-a-progressive-dflers-primary-victory-in-duluth-says-and-doesnt-say-about-politics-and-environmental-policy-in-northern-minnesota/,,Replacing a moderate Democrat; direct Simonson quotation,"Directly attributable Simonson position on a slower fossil-fuel transition and baseload power, plus documented campaign positions supporting PolyMet and contrasting with McEwen on mining and clean-energy timing.",Published two days after the primary but reports and quotes the campaign-defining positions; suitable for primary discourse analysis with this timing caveat.
race-dea57c83cdef4681dc1f,Jen McEwen,endorsed,2020-08-11,verified_source,Jen McEwen Ballotpedia Candidate Connection survey,candidate_questionnaire,tier_2,,2020,https://web.archive.org/web/20201130033543id_/https://ballotpedia.org/Jen_McEwen,https://ballotpedia.org/Jen_McEwen#Campaign_themes,https://web.archive.org/web/20201130033543id_/https://ballotpedia.org/Jen_McEwen,Campaign themes > 2020 Ballotpedia survey responses,"Candidate-authored case for single-payer Medicare for All/Minnesota Health Plan, secure housing, clean-energy transition, community advocacy, and Duluth-first representation.",Ballotpedia records the survey as completed in 2020; substantive answers are tied directly to the Senate District 7 campaign.
race-02c4c65549e1b95a5ad9,Cynthia Mota,opponent,2021-05-18,verified_source,The Morning Call Allentown City Council candidate forum,candidate_forum,tier_2,2021-04-22,2021-04-22,https://www.mcall.com/2021/04/22/the-morning-call-held-an-allentown-city-council-candidate-forum-thursday-watch-a-replay/,https://www.mcall.com/2021/04/22/the-morning-call-held-an-allentown-city-council-candidate-forum-thursday-watch-a-replay/,,forum replay; Cynthia Mota participant,"Candidate discussion of jobs, housing, taxes, policing, COVID-19 governance, American Rescue Plan spending, homelessness, small business, and youth opportunities.",The article confirms Mota participated and summarizes the questions; replay is embedded/linked from the page.
race-02c4c65549e1b95a5ad9,Daryl L Hendricks,opponent,2021-05-18,verified_source,The Morning Call Allentown City Council candidate forum,candidate_forum,tier_2,2021-04-22,2021-04-22,https://www.mcall.com/2021/04/22/the-morning-call-held-an-allentown-city-council-candidate-forum-thursday-watch-a-replay/,https://www.mcall.com/2021/04/22/the-morning-call-held-an-allentown-city-council-candidate-forum-thursday-watch-a-replay/,,forum replay; Daryl Hendricks participant,"Candidate discussion of jobs, housing, taxes, policing, COVID-19 governance, American Rescue Plan spending, homelessness, small business, and youth opportunities.",The article confirms Hendricks participated and summarizes the questions; replay is embedded/linked from the page.
race-02c4c65549e1b95a5ad9,Ed Zucal,opponent,2021-05-18,verified_source,The Morning Call Allentown City Council candidate forum,candidate_forum,tier_2,2021-04-22,2021-04-22,https://www.mcall.com/2021/04/22/the-morning-call-held-an-allentown-city-council-candidate-forum-thursday-watch-a-replay/,https://www.mcall.com/2021/04/22/the-morning-call-held-an-allentown-city-council-candidate-forum-thursday-watch-a-replay/,,forum replay; Ed Zucal participant,"Candidate discussion of jobs, housing, taxes, policing, COVID-19 governance, American Rescue Plan spending, homelessness, small business, and youth opportunities.",The article confirms Zucal participated and summarizes the questions; replay is embedded/linked from the page.
race-02c4c65549e1b95a5ad9,Erik Rodriguez,endorsed,2021-05-18,verified_source,The Morning Call Allentown City Council candidate forum,candidate_forum,tier_2,2021-04-22,2021-04-22,https://www.mcall.com/2021/04/22/the-morning-call-held-an-allentown-city-council-candidate-forum-thursday-watch-a-replay/,https://www.mcall.com/2021/04/22/the-morning-call-held-an-allentown-city-council-candidate-forum-thursday-watch-a-replay/,,forum replay; Erik Rodriguez participant,"Candidate discussion of jobs, housing, taxes, policing, COVID-19 governance, American Rescue Plan spending, homelessness, small business, and youth opportunities.",The article confirms Rodriguez participated and summarizes the questions; replay is embedded/linked from the page.
race-02c4c65549e1b95a5ad9,Erik Rodriguez,opponent,2021-05-18,verified_source,The Morning Call Allentown City Council candidate forum,candidate_forum,tier_2,2021-04-22,2021-04-22,https://www.mcall.com/2021/04/22/the-morning-call-held-an-allentown-city-council-candidate-forum-thursday-watch-a-replay/,https://www.mcall.com/2021/04/22/the-morning-call-held-an-allentown-city-council-candidate-forum-thursday-watch-a-replay/,,forum replay; Erik Rodriguez participant,"Candidate discussion of jobs, housing, taxes, policing, COVID-19 governance, American Rescue Plan spending, homelessness, small business, and youth opportunities.",Input contains Erik Rodriguez in both endorsed and opponent roles; this duplicate-role row preserves exact input coverage using the same verified forum source.
race-02c4c65549e1b95a5ad9,Justan Fields,opponent,2021-05-18,verified_source,"Allentown City Council race: 9 Democrats, 1 Republican vying for 4 seats",attributable_campaign_profile,tier_2,2021-03-15,2021-03-15,https://www.mcall.com/2021/03/15/allentown-city-council-race-9-democrats-1-republican-vying-for-4-seats/,https://www.mcall.com/2021/03/15/allentown-city-council-race-9-democrats-1-republican-vying-for-4-seats/,,Heading “Justan Parker Fields”,"public safety, police-budget reallocation, mental-health response, housing-first policy","Campaign-window overview based on candidate announcements and attributed statements; suitable for candidate-level issue coding, though edited and reported by journalism rather than published by the campaign. Source uses the fuller name Justan Parker Fields."
race-02c4c65549e1b95a5ad9,Natalie Santos,endorsed,2021-05-18,verified_source,"Allentown City Council race: 9 Democrats, 1 Republican vying for 4 seats",attributable_campaign_profile,tier_2,2021-03-15,2021-03-15,https://www.mcall.com/2021/03/15/allentown-city-council-race-9-democrats-1-republican-vying-for-4-seats/,https://www.mcall.com/2021/03/15/allentown-city-council-race-9-democrats-1-republican-vying-for-4-seats/,,Heading “Natalie Santos”,"racial and social equity, youth representation, homelessness, apprenticeships, responsible contracting, climate","Campaign-window overview based on candidate announcements and attributed statements; suitable for candidate-level issue coding, though edited and reported by journalism rather than published by the campaign. Article links the campaign’s then-live joint platform, now offline."
race-02c4c65549e1b95a5ad9,Natalie Santos,opponent,2021-05-18,verified_source,"Allentown City Council race: 9 Democrats, 1 Republican vying for 4 seats",attributable_campaign_profile,tier_2,2021-03-15,2021-03-15,https://www.mcall.com/2021/03/15/allentown-city-council-race-9-democrats-1-republican-vying-for-4-seats/,https://www.mcall.com/2021/03/15/allentown-city-council-race-9-democrats-1-republican-vying-for-4-seats/,,Heading “Natalie Santos”,"racial and social equity, youth representation, homelessness, apprenticeships, responsible contracting, climate","Campaign-window overview based on candidate announcements and attributed statements; suitable for candidate-level issue coding, though edited and reported by journalism rather than published by the campaign. Article links the campaign’s then-live joint platform, now offline."
race-02c4c65549e1b95a5ad9,Patrick Palmer,endorsed,2021-05-18,verified_source,"Allentown City Council race: 9 Democrats, 1 Republican vying for 4 seats",attributable_campaign_profile,tier_2,2021-03-15,2021-03-15,https://www.mcall.com/2021/03/15/allentown-city-council-race-9-democrats-1-republican-vying-for-4-seats/,https://www.mcall.com/2021/03/15/allentown-city-council-race-9-democrats-1-republican-vying-for-4-seats/,,Heading “Patrick Palmer”,"city finances, mental health, homelessness and housing insecurity, youth anti-violence programs","Campaign-window overview based on candidate announcements and attributed statements; suitable for candidate-level issue coding, though edited and reported by journalism rather than published by the campaign. A separate 2021 Lehigh Valley Stands Up questionnaire is indexed on Scribd, but the newspaper profile is more directly fetchable."
race-02c4c65549e1b95a5ad9,Patrick Palmer,opponent,2021-05-18,verified_source,"Allentown City Council race: 9 Democrats, 1 Republican vying for 4 seats",attributable_campaign_profile,tier_2,2021-03-15,2021-03-15,https://www.mcall.com/2021/03/15/allentown-city-council-race-9-democrats-1-republican-vying-for-4-seats/,https://www.mcall.com/2021/03/15/allentown-city-council-race-9-democrats-1-republican-vying-for-4-seats/,,Heading “Patrick Palmer”,"city finances, mental health, homelessness and housing insecurity, youth anti-violence programs","Campaign-window overview based on candidate announcements and attributed statements; suitable for candidate-level issue coding, though edited and reported by journalism rather than published by the campaign. A separate 2021 Lehigh Valley Stands Up questionnaire is indexed on Scribd, but the newspaper profile is more directly fetchable."
race-02c4c65549e1b95a5ad9,Santo Napoli,opponent,2021-05-18,verified_source,"Allentown City Council race: 9 Democrats, 1 Republican vying for 4 seats",attributable_campaign_profile,tier_2,2021-03-15,2021-03-15,https://www.mcall.com/2021/03/15/allentown-city-council-race-9-democrats-1-republican-vying-for-4-seats/,https://www.mcall.com/2021/03/15/allentown-city-council-race-9-democrats-1-republican-vying-for-4-seats/,,Heading “Santo Napoli”,"small business, entrepreneurship, jobs, landlord standards, housing code enforcement, city finances","Campaign-window overview based on candidate announcements and attributed statements; suitable for candidate-level issue coding, though edited and reported by journalism rather than published by the campaign. Article also links his then-live official campaign site."
race-02c4c65549e1b95a5ad9,Tino Babayan,opponent,2021-05-18,verified_source,"Allentown City Council race: 9 Democrats, 1 Republican vying for 4 seats",attributable_campaign_profile,tier_2,2021-03-15,2021-03-15,https://www.mcall.com/2021/03/15/allentown-city-council-race-9-democrats-1-republican-vying-for-4-seats/,https://www.mcall.com/2021/03/15/allentown-city-council-race-9-democrats-1-republican-vying-for-4-seats/,,Heading “Tino Babayan”,"affordable housing, youth programs, community-oriented policing, opposition to police defunding","Campaign-window overview based on candidate announcements and attributed statements; suitable for candidate-level issue coding, though edited and reported by journalism rather than published by the campaign."
race-8d1e88972b7232ea26d0,Chuck Nelson,opponent,2021-05-18,source_unavailable,Chuck Nelson official campaign website,official_campaign_site,tier_1,,2021-05-18,,https://www.chucknelson.info/,,Official campaign URL listed in the contemporaneous Erie Times-News race guide,potential first-party platform/issues text,"The contemporaneous race guide preserves the official campaign URL, but the domain no longer resolves and no accessible campaign-window text snapshot was recovered."
race-8d1e88972b7232ea26d0,Elspeth Koehle,endorsed,2021-05-18,verified_source,Democrat Elspeth Koehle: the race for Erie City Council,candidate_questionnaire_interview,tier_1,2021-04-29,2021-04-29,https://web.archive.org/web/20210501140122id_/https://www.goerie.com/story/news/local/2021/04/29/democrat-elspeth-koehle-race-erie-city-council/7392072002/,https://www.goerie.com/story/news/local/2021/04/29/democrat-elspeth-koehle-race-erie-city-council/7392072002/,https://web.archive.org/web/20210501140122id_/https://www.goerie.com/story/news/local/2021/04/29/democrat-elspeth-koehle-race-erie-city-council/7392072002/,Candidate quotation and headings beginning “What unique ability or skill would you bring to City Council?”,"anti-racism, equitable development, housing, wages and taxes, community benefits, crisis response, police oversight, transit",Contemporaneous Erie Times-News questionnaire reproduces Koehle’s edited first-person responses and is directly fetchable.
race-8d1e88972b7232ea26d0,Jasmine Flores,opponent,2021-05-18,source_unavailable,Flores for Erie campaign social page / Erie Can’t Wait slate livestream,campaign_social_video,tier_1,,2021-05-18,,https://www.facebook.com/FloresForErie/,,Campaign page and indexed “Meet Our Erie Can’t Wait City Council slate” livestream,potential first-party campaign statements on the Erie County United slate,"Campaign-window material was located on Facebook, but no stable, fetchable text or transcript suitable for discourse analysis was recovered; the contemporaneous GoErie race guide contains no substantive Flores responses."
race-8d1e88972b7232ea26d0,Liz Allen,opponent,2021-05-18,verified_source,Democrat Liz Allen: the race for Erie City Council,candidate_questionnaire_interview,tier_1,2021-04-29,2021-04-29,https://web.archive.org/web/20210430142024id_/https://www.goerie.com/story/news/local/2021/04/29/democrat-liz-allen-race-erie-city-council/7388188002/,https://www.goerie.com/story/news/local/2021/04/29/democrat-liz-allen-race-erie-city-council/7388188002/,https://web.archive.org/web/20210430142024id_/https://www.goerie.com/story/news/local/2021/04/29/democrat-liz-allen-race-erie-city-council/7388188002/,Headings beginning “What unique ability or skill would you bring to City Council?”,"budget, revenue, ARP spending, racial equity, housing and homelessness, health and child care, broadband, police oversight, development",Contemporaneous Erie Times-News questionnaire reproduces Allen’s edited first-person responses and is directly fetchable.
race-8d1e88972b7232ea26d0,"Maurice ""Mo"" Troop",opponent,2021-05-18,verified_source,Democrat Maurice Troop: the race for Erie City Council,candidate_questionnaire_interview,tier_1,2021-04-29,2021-04-29,https://web.archive.org/web/20210516130843id_/https://www.goerie.com/story/news/local/2021/04/29/democrat-maurice-troop-race-erie-city-council/7380098002/,https://www.goerie.com/story/news/local/2021/04/29/democrat-maurice-troop-race-erie-city-council/7380098002/,https://web.archive.org/web/20210516130843id_/https://www.goerie.com/story/news/local/2021/04/29/democrat-maurice-troop-race-erie-city-council/7380098002/,Headings beginning “What unique ability or skill would you bring to City Council?”,"candidate priorities and responses on city finance, ARP spending, policing and development",Contemporaneous Erie Times-News questionnaire reproduces Troop’s edited first-person responses and is directly fetchable.
race-c6bb913e7ac75477d6b5,Maurice Mo Troop,opponent,2021-05-18,verified_source,Democrat Maurice Troop: the race for Erie City Council,candidate_questionnaire_interview,tier_1,2021-04-29,2021-04-29,https://web.archive.org/web/20210516130843id_/https://www.goerie.com/story/news/local/2021/04/29/democrat-maurice-troop-race-erie-city-council/7380098002/,https://www.goerie.com/story/news/local/2021/04/29/democrat-maurice-troop-race-erie-city-council/7380098002/,https://web.archive.org/web/20210516130843id_/https://www.goerie.com/story/news/local/2021/04/29/democrat-maurice-troop-race-erie-city-council/7380098002/,Headings beginning “What unique ability or skill would you bring to City Council?”,"candidate priorities and responses on city finance, ARP spending, policing and development",Same candidate and 2021 Erie City Council campaign as the quoted-name record; contemporaneous questionnaire is directly fetchable.
race-4a705a0766bb6d4c5478,Giselle Martinez,endorsed,2021-06-22,verified_source,"Giselle Martinez — Newburgh City Council, Ward 1, NY",endorsing_organization_candidate_profile,tier_2,,2021-06-22,https://directory.runforsomething.net/candidate/1756/martinez-giselle/,https://directory.runforsomething.net/candidate/1756/martinez-giselle/,,"Profile body, especially final paragraph beginning “Martinez’s platform”","housing, infrastructure, environment, immigrant and women’s rights, racial equity","Run for Something’s preserved 2021 endorsement profile summarizes the candidate’s platform and biography; attributable campaign-era profile, but not first-party publication."
race-4a705a0766bb6d4c5478,Sonya D. Grant,opponent,2021-06-22,searched_not_found,,,,,,,,,,,"Searched exact-name combinations with Newburgh, Ward 1, City Council, 2021, platform, questionnaire, interview, and campaign. Official candidate listings/results establish the candidacy, but no recoverable substantive campaign-window text source was found."
race-729c8dc2a2c48df272ec,Dan Aymar-Blair,endorsed,2021-06-22,searched_not_found,,,,,,,,,,,"Searched exact-name combinations with Beacon Ward 4, 2021 campaign, platform, questionnaire, interview, and DSA. Search results expose campaign/party social posts but no stable substantive text or transcript. Official Dutchess results indicate he did not contest a 2021 Democratic primary, limiting primary-window material."
race-729c8dc2a2c48df272ec,Paloma Wake,opponent,2021-06-22,searched_not_found,,,,,,,,,,,"Exact-name and paired-candidate (Dan Aymar-Blair) searches across campaign/issues, questionnaires, interviews, debates, local election coverage, and archive-oriented queries found no campaign-window attributable policy text; later Beacon references were excluded."
race-8883cb5968c8f5306cc5,Rick Murray,opponent,2021-06-22,source_unavailable,,,,,,,,,,,"Located evidence of campaign-era web pages while checking the Tompkins County/Ithaca race against Phoebe Brown, but archived captures rendered only JavaScript-disabled placeholders; exact-name, questionnaire, interview, debate, and campaign-social searches produced no recoverable attributable policy text."
race-b38f46eb6b6a8ac16a5d,Bill Kinne,opponent,2021-06-22,searched_not_found,,,,,,,,,,,"Searched exact name with Onondaga/Syracuse race, campaign, issues, questionnaire, interview, debate, BallotReady, and archive terms through the cutoff. Results were election metadata, later general-election material, or 2026-cycle content; no qualifying 2021 campaign-window text was found."
race-b38f46eb6b6a8ac16a5d,Joe Bennett,endorsed,2021-06-22,searched_not_found,,,,,,,,,,,"Searched Joe and Jo Bennett variants with Bill Kinne, Onondaga/Syracuse, campaign, issues, questionnaire, interview, debate, voter-guide, and archive terms. Results were election metadata, post-primary/general-election reporting, or 2026-cycle content; no qualifying 2021 campaign-window text was found."
race-b9eae99f1bef8d552966,David Asbery,opponent,2021-09-14,searched_not_found,,,,,,,,,,,"Searched exact-name Hamden Board of Education primary queries across official/campaign pages, Patch and local voter guides, questionnaires, interviews, debates, social/video, and archives. No accessible attributable campaign-window policy text was located."
race-b9eae99f1bef8d552966,Frank Dixon,opponent,2021-09-14,searched_not_found,,,,,,,,,,,"Searched exact-name Hamden Board of Education primary queries across official/campaign pages, Patch and local voter guides, questionnaires, interviews, debates, social/video, and archives. No accessible attributable campaign-window policy text was located."
race-b9eae99f1bef8d552966,Joshua L. Watkins,opponent,2021-09-14,searched_not_found,,,,,,,,,,,"Searched exact-name Hamden Board of Education primary queries across official/campaign pages, Patch and local voter guides, questionnaires, interviews, debates, social/video, and archives. No accessible attributable campaign-window policy text was located."
race-b9eae99f1bef8d552966,Mariam Khan,endorsed,2021-09-14,verified_source,‘A force that is hopeful’: Why 2 Hamden teens seek public office,attributable_interview,tier_2,2021-08-03,2021-08-03,https://www.nhregister.com/news/article/A-force-that-is-hopeful-Why-2-Hamden-teens-16358684.php,https://www.nhregister.com/news/article/A-force-that-is-hopeful-Why-2-Hamden-teens-16358684.php,,"Mariam Khan interview passages beginning “I think there’s so much opportunity here” and discussing Eid al-Fitr, student/family engagement, equity, and mental health",Candidate-attributed policy statements in a pre-primary reported interview,Live Hearst page is retrievable as HTML and contains direct quotations and attributed paraphrases from Khan during the campaign window.
race-b9eae99f1bef8d552966,Melissa A. Kaplan-Charkow,opponent,2021-09-14,searched_not_found,,,,,,,,,,,"Searched exact-name Hamden Board of Education primary queries across official/campaign pages, Patch and local voter guides, questionnaires, interviews, debates, social/video, and archives. A Patch general-election profile dated after the primary was excluded; no qualifying pre-primary text was found."
race-b9eae99f1bef8d552966,Nicholas McDonald,opponent,2021-09-14,searched_not_found,,,,,,,,,,,"Searched exact-name Hamden Board of Education primary queries across official/campaign pages, Patch and local voter guides, questionnaires, interviews, debates, social/video, and archives. No accessible attributable campaign-window policy text was located."
race-b9eae99f1bef8d552966,Siobhan Carter-David,opponent,2021-09-14,searched_not_found,,,,,,,,,,,"Searched exact-name Hamden Board of Education primary queries across official/campaign pages, Patch and local voter guides, questionnaires, interviews, debates, social/video, and archives. Later reporting about board service/resignation was excluded; no qualifying campaign-window text was found."
national-rec0ntzcTu773zMP5-dem-primary,Dennis McDermott,endorsed,2023-05-16,verified_source,"Allegheny County Council, District 11: A guide to the 2023 primary between Klein and McDermott",candidate_questionnaire,tier_2,2023-04-18,2023-04-18,https://www.wesanews.org/wesa-voter-guide/2023-04-18/allegheny-county-council-district-11-klein-mcdermott,https://www.wesa.fm/wesa-voter-guide/2023-04-18/allegheny-county-council-district-11-klein-mcdermott,,Dennis McDermott — WESA Candidate Survey,"Full candidate-authored survey responses on climate, taxation, environmental regulation, detention facilities, and council power/resources",WESA voter guide preserves McDermott’s verbatim pre-primary survey answers; live WESA URL redirects to the current WESA News domain.
national-rec0ntzcTu773zMP5-dem-primary,Paul Klein,opponent,2023-05-16,verified_source,"Allegheny County Council, District 11: A guide to the 2023 primary between Klein and McDermott",candidate_questionnaire,tier_2,2023-04-18,2023-04-18,https://www.wesanews.org/wesa-voter-guide/2023-04-18/allegheny-county-council-district-11-klein-mcdermott,https://www.wesa.fm/wesa-voter-guide/2023-04-18/allegheny-county-council-district-11-klein-mcdermott,,Paul Klein — WESA Candidate Survey,"Full candidate-authored survey responses on social equity, taxation, pollution, detention facilities, and council power/resources",WESA voter guide preserves Klein’s verbatim pre-primary survey answers; live WESA URL redirects to the current WESA News domain.
national-recihG0fIKbvStGIg-dem-primary,Deb Gross,endorsed,2023-05-16,verified_source,"Pittsburgh City Council, District 7: A guide to the 2023 primary between Botta and Gross",candidate_questionnaire,tier_2,2023-04-18,2023-04-18,https://www.wesanews.org/wesa-voter-guide/2023-04-18/pittsburgh-city-council-district-7-botta-gross,https://www.wesa.fm/wesa-voter-guide/2023-04-18/pittsburgh-city-council-district-7-botta-gross,,Deb Gross — WESA Candidate Survey,"Full candidate-authored survey responses on municipal services, affordability, youth violence, housing, and policing",WESA voter guide preserves Gross’s verbatim pre-primary survey answers; live WESA URL redirects to the current WESA News domain.
national-recihG0fIKbvStGIg-dem-primary,Jordan Botta,opponent,2023-05-16,verified_source,"Pittsburgh City Council, District 7: A guide to the 2023 primary between Botta and Gross",candidate_questionnaire,tier_2,2023-04-18,2023-04-18,https://www.wesanews.org/wesa-voter-guide/2023-04-18/pittsburgh-city-council-district-7-botta-gross,https://www.wesa.fm/wesa-voter-guide/2023-04-18/pittsburgh-city-council-district-7-botta-gross,,Jordan Botta — WESA Candidate Survey,"Full candidate-authored survey responses on equitable development, district services, youth violence, housing, and policing",WESA voter guide preserves Botta’s verbatim pre-primary survey answers; live WESA URL redirects to the current WESA News domain.
race-e7ab577213f4505717ec,Maurice Brown,endorsed,2023-06-27,verified_source,"Maurice Brown, Onondaga Legislator candidate, emphasizes community values",candidate_op_ed,tier_2,2023-03-13,2023-03-13,https://dailyorange.com/2023/03/maurice-brown-onondaga-legislator-candidate-emphasizes-community-values/,https://dailyorange.com/2023/03/maurice-brown-onondaga-legislator-candidate-emphasizes-community-values/,,"Entire signed first-person essay; especially housing, transportation, public health, county budgeting, race, and class passages",Full candidate-authored campaign essay published before the Democratic primary,The Daily Orange hosts a signed first-person statement by Brown and links his campaign priorities/site; suitable as attributable campaign text.
race-e7ab577213f4505717ec,Tim Rudd,opponent,2023-06-27,verified_source,Tim Rudd: Growing Syracuse’s urban core improves economy for all,candidate_op_ed,tier_1,2023-06-20,,https://web.archive.org/web/20230624171610/https://www.syracuse.com/opinion/2023/06/tim-rudd-growing-syracuses-urban-core-improves-economy-for-all-your-letters.html,https://www.syracuse.com/opinion/2023/06/tim-rudd-growing-syracuses-urban-core-improves-economy-for-all-your-letters.html,https://web.archive.org/web/20230624171610/https://www.syracuse.com/opinion/2023/06/tim-rudd-growing-syracuses-urban-core-improves-economy-for-all-your-letters.html,Full candidate-authored letter; housing/density and aquarium sections,Full text,Candidate-authored campaign-window letter; archived target is fetchable because the live page blocks automated access.
race-dd06d2c4839b786be1bd,Jeremy Sylestine,opponent,2024-03-05,verified_source,Travis County District Attorney race: Jeremy Sylestine prepares for primary,candidate_interview,tier_2,2024-02-15,,https://web.archive.org/web/20240423043255/https://www.axios.com/local/austin/2024/02/15/jeremy-sylestine-travis-county-district-attorney,https://www.axios.com/local/austin/2024/02/15/jeremy-sylestine-travis-county-district-attorney,https://web.archive.org/web/20240423043255/https://www.axios.com/local/austin/2024/02/15/jeremy-sylestine-travis-county-district-attorney,Q&A from “Why are you running?” through “What are your goals for the office?”,Candidate answers only,"Attributable campaign-window Q&A covering prosecution, police relations, domestic violence, child abuse, case backlog, and party positioning. Archived target is used because direct automated requests to Axios return HTTP 403."
race-dd06d2c4839b786be1bd,Jeremy Sylestine,opponent,2024-03-05,verified_source,Democratic primary for Travis County DA,candidate_interview,tier_2,2024-02-20,,https://www.fox7austin.com/news/travis-county-district-attorney-race-jose-garza-jeremy-sylestine,https://www.fox7austin.com/news/travis-county-district-attorney-race-jose-garza-jeremy-sylestine,,All direct quotations attributed to Sylestine,Sylestine remarks only,"Paired-candidate campaign report with extensive attributable remarks on Garza, trials, police prosecutions, experience, and donor support."
race-d45c9105a9d86f541f3d,Marcela Mitaynes,endorsed,2024-06-25,verified_source,Assemblymember Marcela Mitaynes — official biography and priorities,official_office_page_archived,tier_1,,2024-06-05,https://web.archive.org/web/20240605175409/https://nyassembly.gov/mem/Marcela-Mitaynes,https://nyassembly.gov/mem/Marcela-Mitaynes,https://web.archive.org/web/20240605175409/https://nyassembly.gov/mem/Marcela-Mitaynes,Full archived page,Full text,"Official Assembly page captured during the campaign window; substantive first-party language on tenant organizing, housing, health care, energy, and working-class power."
national-reciWW5o3Sg5OjAgj-dem-primary,Jorge DeFendini,endorsed,2025-06-24,verified_source,Former Alderperson Jorge DeFendini launches campaign for First Ward seat,candidate_interview,tier_2,2025-01-24,,https://ithacavoice.org/2025/01/former-alderperson-jorge-defendini-launches-campaign-for-first-ward-seat/,https://ithacavoice.org/2025/01/former-alderperson-jorge-defendini-launches-campaign-for-first-ward-seat/,,Initial campaign-launch portion; stop before later general-election update,Candidate quotations and stated priorities,"Attributable launch interview on affordability, employment stability, housing, organizing, rent stabilization, and DSA background; page later received a general-election update."
race-0159b30b2abfcca8ea6b,Ling Ye,opponent,2025-06-24,verified_source,Meet Your Candidates: Alexa Avilés and Ling Ye for City Council District 38,candidate_interview,tier_2,2025-04-08,,https://www.bkreader.com/newsletter/meet-your-candidates-alexa-aviles-and-ling-ye-for-city-council-district-38-10485822,https://www.bkreader.com/newsletter/meet-your-candidates-alexa-aviles-and-ling-ye-for-city-council-district-38-10485822,,All passages and quotations attributed to Ling Ye,Ye remarks only,"Direct comparative interview especially suited to DSA-vs-Democratic-primary analysis; covers party strategy, housing, developers, taxation, policing, Cuomo, Israel/Palestine, and working-class representation."
race-0159b30b2abfcca8ea6b,Ling Ye,opponent,2025-06-24,verified_source,NYC Primaries: Meet the candidates for Brooklyn’s City Council District 38,candidate_questionnaire_statement,tier_2,2025-06-10,,https://www.brooklynpaper.com/nyc-primaries-candidates-council-district-38/,https://www.brooklynpaper.com/nyc-primaries-candidates-council-district-38/,,“Ling Ye” candidate section,Ye statement and platform only,"Campaign-supplied statement and attributable answers on public safety, housing, education, small business, climate, taxes, service, and results."
race-9c84c4f62bbebc0b7b7d,Deborah Fisher,opponent,2025-06-24,verified_source,"Deborah Fisher, Ithaca Common Council candidate (Ward 5)",candidate_interview_audio,tier_2,2025-03-05,,https://607newsnow.com/podcasts/deborah-fisher-ithaca-common-council-candidate-ward-5/,https://607newsnow.com/podcasts/deborah-fisher-ithaca-common-council-candidate-ward-5/,,Embedded WHCU/SoundCloud interview,Full candidate interview,"Campaign-window candidate interview on Cornell-Ithaca relations, taxes, affordable housing, and reasons for running."
race-9c84c4f62bbebc0b7b7d,G. P. Zurenda Jr.,opponent,2025-06-24,verified_source,G. P. Zurenda ’88 Joins the Race for the Fifth Ward Common Council Seat,candidate_interview,tier_2,2025-03-19,,https://www.cornellsun.com/article/2025/03/g-p-zurenda-88-joins-the-race-for-the-fifth-ward-common-council-seat,https://www.cornellsun.com/article/2025/03/g-p-zurenda-88-joins-the-race-for-the-fifth-ward-common-council-seat,,All quotations and platform passages attributed to Zurenda,Zurenda remarks only,"Detailed campaign-window interview on taxes, housing, abatements, Cornell, budgeting, the Green New Deal, landlords, and middle-class retention."
race-9c84c4f62bbebc0b7b7d,Hannah Shvets,endorsed,2025-06-24,verified_source,"Hannah Shvets ’27 Launches Common Council Campaign, Focuses on Labor and Housing Reform",candidate_interview,tier_2,2025-02-08,,https://www.cornellsun.com/article/2025/02/hannah-shvets-27-launches-common-council-campaign-focuses-on-labor-and-housing-reform,https://www.cornellsun.com/article/2025/02/hannah-shvets-27-launches-common-council-campaign-focuses-on-labor-and-housing-reform,,Candidate platform and direct quotations,Shvets remarks only,"Campaign-launch interview with substantive labor, tenant, housing, affordability, and organizing positions."
race-ceb86db4c84836622c21,"Clifford A Florence, Jr",opponent,2025-06-24,verified_source,Rochester City Council Primary 2025,debate_video,tier_2,2025-06-10,,https://www.youtube.com/watch?v=Lzs9KzZI4Ww,https://www.youtube.com/watch?v=Lzs9KzZI4Ww,,LWV Rochester Metropolitan Area video; description names Clifford Florence Jr. as a participant; 1:42:14 full debate,Florence answers only,"Official League of Women Voters Democratic-primary debate. Auto-generated English captions are exposed by YouTube, though no stable text transcript URL was available."
race-ceb86db4c84836622c21,Niner M Davis,opponent,2025-06-24,verified_source,Rochester City Council Primary 2025,debate_video,tier_2,2025-06-10,,https://www.youtube.com/watch?v=Lzs9KzZI4Ww,https://www.youtube.com/watch?v=Lzs9KzZI4Ww,,LWV Rochester Metropolitan Area video; description names Niner Davis as a participant; 1:42:14 full debate,Davis answers only,"Official League of Women Voters Democratic-primary debate. Auto-generated English captions are exposed by YouTube, though no stable text transcript URL was available."
race-ceb86db4c84836622c21,Tonya Noel Stevens,endorsed,2025-06-24,verified_source,New faces vying to join Rochester City Council,campaign_announcement_remarks,tier_2,2025-01-21,,https://13wham.com/news/local/new-faces-vying-to-join-rochester-city-council,https://13wham.com/news/local/new-faces-vying-to-join-rochester-city-council,,Tonya-Noel Stevens quotation and People’s State campaign description,Stevens remarks and campaign framing only,"Attributable campaign-launch remarks framing collective work, responsibility, progressive-majority politics, and governance with residents."
race-ceb86db4c84836622c21,Tonya Noel Stevens,opponent,2025-06-24,verified_source,New faces vying to join Rochester City Council,campaign_announcement_remarks,tier_2,2025-01-21,,https://13wham.com/news/local/new-faces-vying-to-join-rochester-city-council,https://13wham.com/news/local/new-faces-vying-to-join-rochester-city-council,,Tonya-Noel Stevens quotation and People’s State campaign description,Stevens remarks and campaign framing only,Same input candidate appears with both endorsed and opponent roles; source is retained for role-level coverage.
race-a392fccdcf3d58c3c5a9,James Sinex,opponent,2025-08-05,verified_source,"Ward 6 primary election guide: Tucson City Council candidates on budget, housing and roads",candidate_interview,tier_2,2025-07-10,,https://azluminaria.org/2025/07/10/tucson-ward-6-city-council-election-2025/,https://azluminaria.org/2025/07/10/tucson-ward-6-city-council-election-2025/,,"Intro and every “Sinex” subsection under budget, housing/homelessness, and roads",Sinex answers only,"Extensive attributable primary guide covering solar revenue, desert limits, homelessness, service dispatch, road planning, contracting, and civil service."
race-a392fccdcf3d58c3c5a9,"Leighton H. Rockafellow, Jr.",opponent,2025-08-05,verified_source,"Ward 6 primary election guide: Tucson City Council candidates on budget, housing and roads",candidate_interview,tier_2,2025-07-10,,https://azluminaria.org/2025/07/10/tucson-ward-6-city-council-election-2025/,https://azluminaria.org/2025/07/10/tucson-ward-6-city-council-election-2025/,,"Intro and every “Rockafellow” subsection under budget, housing/homelessness, and roads",Rockafellow answers only,"Extensive attributable primary guide covering core services, homelessness, shelter, coordination, rent aid, policing, transit, pedestrian infrastructure, and RTA Next."
race-ecc2987534fdb6d1d696,Delroy Crawford,opponent,2025-09-09,searched_not_found,,,,,,,,,,,"Searched exact-name web/news queries, Hamden primary coverage, likely party/candidate pages, and YouTube. Found election-result/name-only coverage but no recoverable campaign-window platform, questionnaire, attributable interview, speech, release, or debate text/video identifying Crawford."
race-ecc2987534fdb6d1d696,Douglas J Foley,opponent,2025-09-09,searched_not_found,,,,,,,,,,,"Searched exact-name web/news queries, Hamden primary coverage, likely party/candidate pages, and YouTube. Found election-result/name-only coverage but no recoverable campaign-window platform, questionnaire, attributable interview, speech, release, or debate text/video identifying Foley."
race-ecc2987534fdb6d1d696,Katie Kiely,opponent,2025-09-09,searched_not_found,,,,,,,,,,,"No recoverable campaign-window first-party platform, release, speech, questionnaire, interview, or debate transcript found. The similarly titled Hamden DTC At-Large forum at YouTube ID MKdgvcRTmC4 was verified as published 2021-04-26 and excluded; the LWV 2025 meet-and-greet was published after the primary."
race-ecc2987534fdb6d1d696,Marion Regina Mullings,opponent,2025-09-09,searched_not_found,,,,,,,,,,,"No recoverable campaign-window first-party platform, release, speech, questionnaire, interview, or debate transcript found. The 2021 Hamden DTC forum was excluded as outside the campaign window; the post-primary LWV event did not cover this eliminated candidate."
race-ecc2987534fdb6d1d696,Maurine Crouch,endorsed,2025-09-09,searched_not_found,,,,,,,,,,,No recoverable campaign-window substantive text found. Official town directory and campaign event listings contained contact/logistical information only. The 2021 DTC forum and post-primary 2025 LWV event were excluded.
race-ecc2987534fdb6d1d696,Tasha Hunt,opponent,2025-09-09,searched_not_found,,,,,,,,,,,No recoverable campaign-window substantive text found. Campaign Linktree and town directory contained links/contact information but no platform text; Facebook campaign posts were not fetchable. The 2021 DTC forum and post-primary 2025 LWV event were excluded.
race-739b00d07e247e111eb1,Cyndi Nguyen,opponent,2025-10-11,source_unavailable,Cyndi Nguyen official campaign website,archived_campaign_page,tier_1,,2025-03-02,,http://www.cyndinguyen.com/,https://web.archive.org/web/20250302214928/http://www.cyndinguyen.com/,Wayback snapshot 20250302214928,Potential official campaign platform/issues text; content could not be recovered.,"Wayback capture was located, but the direct snapshot returned HTTP 406 and the live domain no longer resolved. Journalism summaries were excluded because they did not provide attributable candidate text."
race-739b00d07e247e111eb1,Jonathan Anthony Roberts,opponent,2025-10-11,searched_not_found,,,,,,,,,,,"No recoverable campaign-window official platform, archived campaign page, questionnaire, attributable interview, or debate transcript found after candidate-name, local outlet, voter-guide, and likely-domain searches."
race-739b00d07e247e111eb1,Kimberly Burbank,opponent,2025-10-11,searched_not_found,,,,,,,,,,,"No recoverable campaign-window official platform, archived campaign page, questionnaire, attributable interview, or debate transcript found after candidate-name, local outlet, voter-guide, and likely-domain searches."
race-739b00d07e247e111eb1,Nathaniel Jones,opponent,2025-10-11,searched_not_found,,,,,,,,,,,"No recoverable campaign-window official platform, archived campaign page, questionnaire, attributable interview, or debate transcript found after candidate-name, local outlet, voter-guide, and likely-domain searches."
race-739b00d07e247e111eb1,"Richard Bell, Sr.",opponent,2025-10-11,searched_not_found,,,,,,,,,,,"No recoverable campaign-window official platform, archived campaign page, questionnaire, attributable interview, or debate transcript found after candidate-name, local outlet, voter-guide, and likely-domain searches."
race-739b00d07e247e111eb1,Willie Morgan,opponent,2025-10-11,searched_not_found,,,,,,,,,,,"No recoverable campaign-window official platform, archived campaign page, questionnaire, attributable interview, or debate transcript found after candidate-name, local outlet, voter-guide, and likely-domain searches."
race-9a964e5d79326deb3255,Brandell Adams,opponent,2026-02-03,searched_not_found,,,,,,,,,,,"No recoverable campaign-window first-party site, archive, questionnaire, attributable interview, or debate transcript found across candidate-name, voter-guide, local-news, campaign-finance, and likely-domain searches."
race-9a964e5d79326deb3255,Chedrick Greene,opponent,2026-02-03,verified_source,Meet Chedrick — Chedrick Greene for Michigan State Senate District 35,archived_campaign_page,tier_1,,2026-02-04,https://web.archive.org/web/20260204024542/https://chedrickgreene.com/,https://chedrickgreene.com/,https://web.archive.org/web/20260204024542/https://chedrickgreene.com/,"Wayback capture 20260204024542 UTC, during election-night hours","First-party biography and campaign framing: Marine and fire-service record, union identity, working-class leadership, rights, costs, and opportunity.",Direct archive fetch verified. Snapshot was captured hours after the 2026-02-03 primary and preserves the election-period homepage.
race-9a964e5d79326deb3255,Martin L. Blank,opponent,2026-02-03,searched_not_found,,,,,,,,,,,"No recoverable campaign-window substantive text found. A possible domain, blankformichigan.com, returned HTTP 401 and had no confirmed archive or verifiable candidate association, so it was not treated as a source."
race-9a964e5d79326deb3255,Serenity Hope Salak,opponent,2026-02-03,searched_not_found,,,,,,,,,,,"No recoverable campaign-window first-party site, archive, questionnaire, attributable interview, or debate transcript found across candidate-name, voter-guide, local-news, and likely-domain searches."
race-9a964e5d79326deb3255,William Morrone,opponent,2026-02-03,searched_not_found,,,,,,,,,,,"No recoverable campaign-window first-party site, archive, questionnaire, attributable interview, or debate transcript found across candidate-name, voter-guide, local-news, and likely-domain searches."
race-14d53ce965776b0cb235,Andrew Hairston,endorsed,2026-03-03,verified_source,"Andrew Hairston for Justice of the Peace, Precinct 1",archived_campaign_page,tier_1,,2026-02-23,https://web.archive.org/web/20260223193939/https://www.hairstonforpeace.com/,https://www.hairstonforpeace.com/,https://web.archive.org/web/20260223193939/https://www.hairstonforpeace.com/,Wayback capture 20260223193939 UTC,"First-party campaign statement covering identity, democratic-socialist orientation, care-not-punishment justice, housing stability, community safety, dignity, and integrity.",Direct archive fetch verified; live campaign domain no longer resolves. Snapshot is eight days before the primary.
race-14d53ce965776b0cb235,Andrew Hairston,endorsed,2026-03-03,verified_source,Hairston for Peace: No One is Disposable,campaign_interview,tier_2,2026-02-24,2026-02-24,https://www.youtube.com/watch?v=hQpD_9rJjQU,https://www.youtube.com/watch?v=hQpD_9rJjQU,,YouTube video hQpD_9rJjQU; Austin DSA Batcast,"Attributable candidate interview on Justice of the Peace powers, campaign motivation, democratic-socialist governance, tenant and working-class accountability, and care-centered justice.",YouTube title and upload date were directly verified. Spoken source is suitable via video/audio and available captions.
race-14d53ce965776b0cb235,Ciara Parks,opponent,2026-03-03,verified_source,Ciara Parks for Justice of the Peace | Vote for Fair Justice - Get Involved Today,official campaign priorities,tier_1,,2026-03-03,https://www.ciaraforjp1.com/#priorities,https://www.ciaraforjp1.com/#priorities,,Priorities section on campaign homepage,candidate-authored campaign rationale and justice-system priorities,"Live first-party page; text discusses dignity, restorative approaches, root causes, and alternatives to incarceration. URL and content verified 2026-08-20."
race-4999db34a0dac2410460,"Benjamin ""Ben"" McAdams",endorsed,2026-03-17,verified_source,Platform | Ben McAdams for IL Senate 24,official campaign platform,tier_1,,2026-03-17,https://www.mcadamsforil.com/platform,https://www.mcadamsforil.com/platform,,Platform page,candidate-authored full policy platform,"Live first-party platform with substantive positions on immigration and due process, civil rights, climate, healthcare, taxation, labor, and Palestine/BDS. Identity is the Illinois candidate, not the former Utah officeholder. URL and content verified 2026-08-20."
race-3db62fccce64bbd64336,Edith M. Ladipo,opponent,2026-05-19,verified_source,"Edith M. Ladipo platform & website | Georgia State Representative, District 58, Democratic Primary",attributable candidate profile,tier_2,,2026-03-11,https://branch.vote/races/2026-georgia-primary-election-ga-state-state-representative-ga-house-58-d/candidates/edith-m-ladipo,https://branch.vote/races/2026-georgia-primary-election-ga-state-state-representative-ga-house-58-d/candidates/edith-m-ladipo,,"Issue sections; Branch labels website checks as of March 11, 2026",website-derived issue positions,"Fetchable Branch profile preserves substantive positions on workforce development, small business, blight/illegal dumping, police visibility, and at-risk residents. It links the first-party domain voteladipo4change.com, which no longer resolves. URL and content verified 2026-08-20."
race-3db62fccce64bbd64336,Kyle Lamont,opponent,2026-05-19,verified_source,Kyle Lamont for Georgia House District 58 campaign website,archived official campaign page,tier_1,,2026-03-11,https://web.archive.org/web/20260311030252id_/https://www.kylelamontfor58.com/,https://kylelamontfor58.com/,https://web.archive.org/web/20260311030252id_/https://www.kylelamontfor58.com/,Archived campaign homepage; snapshot 2026-03-11 03:02:52 UTC,candidate-authored archived campaign text,"First-party Wix campaign site is now a domain-connection error; the campaign-window Wayback snapshot is fetchable. Branch contemporaneously indexed positions on income-based senior property-tax relief, affordable housing, healthcare/abortion access, juvenile justice, and special education. Archive fetch verified 2026-08-20."
race-74050d04f83c96e831f1,Chanelle Torrez,opponent,2026-05-19,searched_not_found,No recoverable campaign-window text located,search decision,,,,,,,BallotReady profile; exact-name campaign/web/social searches; Idaho governor context,candidate-level source search,"BallotReady had only a name-only profile with no platform, campaign links, biography, or issue text. Exact-name searches did not locate an official campaign site, archive, questionnaire, interview, or debate transcript suitable for discourse analysis."
race-74050d04f83c96e831f1,Jill C. Kirkham,opponent,2026-05-19,verified_source,Jill C. Kirkham | BallotReady,attributable candidate profile,tier_2,,2026-05-19,https://www.ballotready.org/people/jill-c-kirkham,https://www.ballotready.org/people/jill-c-kirkham,,Platform sections preserved from jillforidaho.com/jill-platform,preserved campaign platform text,"Fetchable profile preserves substantive campaign positions on incarceration and marijuana, schools, water, rural healthcare, housing, infrastructure, progressive taxation, utility costs, and grocery-tax relief. The linked first-party platform is now 404. URL and content verified 2026-08-20."
race-74050d04f83c96e831f1,Maxine Durand,endorsed,2026-05-19,verified_source,Platform | Durand for Idaho,official campaign platform,tier_1,,2026-05-19,https://durandforidaho.com/platform/,https://durandforidaho.com/platform/,,Platform page,candidate-authored full policy platform,"Live first-party platform with detailed proposals on energy, technology, right to repair, transit, arts, healthcare, housing, labor, farming, education, drugs, public lands, and reproductive/gender-affirming care. URL and content verified 2026-08-20."
race-74050d04f83c96e831f1,Terri Pickens,opponent,2026-05-19,verified_source,Issues | Terri for Idaho,official campaign issues page,tier_1,,2026-05-19,https://www.terriforidaho.com/issues,https://www.terriforidaho.com/issues,,Issues page,candidate-authored campaign issue positions,"Live first-party issues page covers bodily autonomy, education, healthcare, public lands, immigration, wages, discrimination, and infrastructure. URL and content verified 2026-08-20."
race-ac20ab59155880ab9c39,KC Huffman,opponent,2026-05-19,verified_source,"KC Huffman — State Representative, 7th District",official voter pamphlet candidate statement,tier_1,,2026-05-19,https://www.oregonvotes.gov/voters-guide/english/kchuffman.html,https://www.oregonvotes.gov/voters-guide/english/kchuffman.html,,Candidate statement; marked “This information furnished by KC Huffman”,candidate-authored official candidate statement,"Official Oregon Secretary of State online voters’ pamphlet. Statement discusses opportunity, kindness, political climate, open-mindedness, negotiation, preparation, and community involvement. URL and content verified 2026-08-20."
race-ac20ab59155880ab9c39,Kori Rodley,opponent,2026-05-19,verified_source,Prioritizing People,attributable_interview,tier_2,2026-03-26,2026-03-26,https://eugeneweekly.com/2026/03/26/prioritizing-people/,https://eugeneweekly.com/2026/03/26/prioritizing-people/,,Rodley quotations throughout the profile,"Candidate-attributed campaign positions on universal health care, affordable and middle housing, child care at public schools, universal preschool, education funding, budgeting, and bipartisan strategy",Live pre-primary profile is retrievable and contains extensive direct quotations from Rodley; it links the campaign site and identifies the May 19 primary.
race-ac20ab59155880ab9c39,Kori Rodley,opponent,2026-05-19,verified_source,Democrats compete to succeed Springfield's John Lively in Oregon Legislature,attributable_interview,tier_2,2026-04-16,2026-04-16,https://www.klcc.org/politics-government/2026-04-16/democrats-compete-to-replace-springfields-john-lively-in-oregon-legislature,https://www.klcc.org/politics-government/2026-04-16/democrats-compete-to-replace-springfields-john-lively-in-oregon-legislature,,Kori Rodley section and general-election section,"Direct campaign quotations on universal health care, child care, tax and spending tradeoffs, local implementation, progressive pragmatism, and the district electorate",KLCC comparative pre-primary interview is live and attributes policy statements directly to Rodley.
race-ac20ab59155880ab9c39,Ky Fireside,endorsed,2026-05-19,verified_source,"Progressive organizer, archaeologist from Springfield seeks to fill state House seat",attributable_interview,tier_2,2025-12-03,2025-12-03,https://oregoncapitalchronicle.com/2025/12/03/progressive-organizer-archaeologist-from-springfield-seeks-to-fill-state-house-seat/,https://oregoncapitalchronicle.com/2025/12/03/progressive-organizer-archaeologist-from-springfield-seeks-to-fill-state-house-seat/,,Fireside quotations throughout,"Direct campaign statements on queer rights, the health-care crisis, centrism, data privacy and Flock cameras, labor protections, civil rights, and anti-ICE organizing",Live pre-primary reported interview contains extensive quotations and attributable policy discussion.
race-ac20ab59155880ab9c39,Ky Fireside,endorsed,2026-05-19,verified_source,Voter Guide: 2026 Democratic Primary Oregon House District 7,candidate_questionnaire,tier_2,,,https://oregoncapitalchronicle.com/voter-guides/contests/2026-democratic-primary-oregon-house-district-7/,https://oregoncapitalchronicle.com/voter-guides/contests/2026-democratic-primary-oregon-house-district-7/,,Fireside candidate-response text returned by the voter-guide page,"Candidate-authored platform on universal health care, private-equity home ownership, a Renters Bill of Rights and rent caps, taxing big business, and education and health-care funding",The live Oregon Capital Chronicle voter-guide endpoint returns Fireside’s first-person response; no publication date was exposed in the fetched page.
race-ac20ab59155880ab9c39,Ky Fireside,endorsed,2026-05-19,verified_source,Democrats compete to succeed Springfield's John Lively in Oregon Legislature,attributable_interview,tier_2,2026-04-16,2026-04-16,https://www.klcc.org/politics-government/2026-04-16/democrats-compete-to-replace-springfields-john-lively-in-oregon-legislature,https://www.klcc.org/politics-government/2026-04-16/democrats-compete-to-replace-springfields-john-lively-in-oregon-legislature,,Ky Fireside section and general-election section,"Direct campaign quotations on single-payer health care, working-class taxation, corporate power, taxing high earners, surveillance, affordability, and swing-voter outreach",KLCC comparative pre-primary interview is live and attributes policy statements directly to Fireside.
race-d6b2b42e806068d1745f,Ashley Hartmeier-Prigg,opponent,2026-05-19,verified_source,"State Rep. Ken Helm to retire in 2026, endorses Beaverton city councilor",attributable_interview,tier_2,2025-10-30,2025-10-30,https://oregoncapitalchronicle.com/2025/10/30/state-rep-ken-helm-to-retire-in-2026-endorses-beaverton-city-councilor/,https://oregoncapitalchronicle.com/2025/10/30/state-rep-ken-helm-to-retire-in-2026-endorses-beaverton-city-councilor/,,Endorsing a successor section,"Direct campaign quotations on environmental stewardship, housing affordability, dignified work and wages, state capacity, consensus-building, budgeting, shelters, and public service",Live pre-primary profile contains multiple direct Hartmeier-Prigg quotations and attributable descriptions of her record and priorities.
race-d6b2b42e806068d1745f,Ashley Hartmeier-Prigg,opponent,2026-05-19,verified_source,Voter Guide: 2026 Democratic Primary Oregon House District 27,candidate_questionnaire,tier_2,,,https://oregoncapitalchronicle.com/voter-guides/contests/2026-democratic-primary-oregon-house-district-27/,https://oregoncapitalchronicle.com/voter-guides/contests/2026-democratic-primary-oregon-house-district-27/,,Hartmeier-Prigg candidate-response text returned by the voter-guide page,"Candidate-authored response on evidence-based voting, labor and organizational stakeholder consultation, legislative preparation, and constituent outreach",The live voter-guide endpoint returns Hartmeier-Prigg’s first-person answer; no publication date was exposed in the fetched page.
race-e311906b4ccb39c194bc,Aprile Hearn,endorsed,2026-05-19,verified_source,Aprile Hearn | BallotReady,attributable candidate profile,tier_2,,2026-05-19,https://www.ballotready.org/people/aprile-hearn,https://www.ballotready.org/people/aprile-hearn,,Issue-position section preserved from aprilehearn.org/d5,preserved campaign platform text,"Fetchable profile preserves substantive proposals on public ownership of LG&E, lead protections, data centers, free/expanded transit, city-run groceries, public investment, violence prevention, and participatory district spending. Linked first-party page is now 404. URL and content verified 2026-08-20."
race-e311906b4ccb39c194bc,Betty Bailey,opponent,2026-05-19,verified_source,District 5 Run | Betty Bailey,official campaign priorities,tier_1,,2026-05-19,https://www.district5run.com/,https://www.district5run.com/,,My Why for Metro Council – District 5,candidate-authored campaign priorities,"Live first-party page provides substantive priorities on jobs, infrastructure, storefront rehabilitation, public safety, neighborhood history, and police-community accountability. URL and content verified 2026-08-20."
race-e311906b4ccb39c194bc,Dave Duncan,opponent,2026-05-19,searched_not_found,No recoverable campaign-window text located,search decision,,,,,,,Exact-name campaign/web/social searches; BallotReady identity check; Louisville local-media search,candidate-level source search,"No attributable District 5 campaign platform, archived campaign page, questionnaire, interview, or debate transcript was located. The BallotReady page at /people/dave-duncan is for an unrelated White Plains City Council candidate and was excluded."
race-e311906b4ccb39c194bc,Donna Purvis,opponent,2026-05-19,searched_not_found,No recoverable campaign-window text located,search decision,,,,,,,Exact-name campaign/web/social searches; BallotReady profile check; Louisville local-media search,candidate-level source search,"No official campaign site, archive, substantive candidate profile, questionnaire, interview, or debate transcript suitable for discourse analysis was located."
race-e311906b4ccb39c194bc,Ray Barker,opponent,2026-05-19,searched_not_found,No recoverable campaign-window text located,search decision,,,,,,,Exact-name campaign/web/social searches; BallotReady profile check; Louisville local-media search,candidate-level source search,"No official campaign site, archive, substantive candidate profile, questionnaire, interview, or debate transcript suitable for discourse analysis was located."
race-e311906b4ccb39c194bc,Wallace Garner,opponent,2026-05-19,searched_not_found,No recoverable campaign-window text located,search decision,,,,,,,Exact-name campaign/web/social searches; BallotReady profile check; Louisville local-media search,candidate-level source search,"No official campaign site, archive, substantive candidate profile, questionnaire, interview, or debate transcript suitable for discourse analysis was located."
race-f1e0f94b57d24c62031b,Carlos Vilela,opponent,2026-05-19,verified_source,Carlos Vilela | BallotReady,attributable candidate profile,tier_2,,2026-05-19,https://www.ballotready.org/people/carlos-vilela,https://www.ballotready.org/people/carlos-vilela,,Issue-position sections sourced from campaign website,preserved campaign issue text,"Fetchable profile preserves detailed campaign positions on reproductive healthcare, justice, costs, education, housing, elections, and progressive taxation. It identifies the first-party issues URL https://www.carlosforhouse.com/issues, now 404. URL and content verified 2026-08-20."
national-recz9WOUNjTC3V34x-dem-primary,Meg Anandarangam,endorsed,2026-06-02,verified_source,Issues,official_campaign_platform,tier_1,,,https://www.megforqueencity.com/issues,https://www.megforqueencity.com/issues,,Full Issues page,"Candidate-authored platform on rent control and code enforcement, responsible development, municipal grocery and transit, public services, sanctuary policy, harm reduction, transparent administration, labor rights, child care, BDS and arms embargo, charter reform, noncitizen and youth voting, ranked-choice voting, and participatory budgeting",Official campaign page is live and its full substantive text is recoverable from the HTML.
national-recz9WOUNjTC3V34x-dem-primary,Meg Anandarangam,endorsed,2026-06-02,verified_source,Why I’m running for City Council,official_campaign_statement,tier_1,2026-03-26,2026-03-26,https://www.megforqueencity.com/press/candidatestatement,https://www.megforqueencity.com/press/candidatestatement,,Entire campaign-site statement,"First-person democratic-socialist campaign rationale centered on tenants, workers, families, working-class leadership, public services, development, profit, and political insiders","Official campaign press page preserves the candidate statement and links the originally published TAPinto article, which was blocked during review."
national-recz9WOUNjTC3V34x-dem-primary,Meg Anandarangam,endorsed,2026-06-02,verified_source,Plainfield Needs Rent Control Now: Why and the plan to get it done,official_campaign_statement,tier_1,2026-05-03,2026-05-03,https://www.megforqueencity.com/press/plainfieldneedsrentcontrolnow,https://www.megforqueencity.com/press/plainfieldneedsrentcontrolnow,,Campaign-site excerpt from candidate op-ed,"First-person commitment to rent stabilization, a rent-control ordinance, tenant organizing, and accountability for council and the mayor","Official campaign press page preserves a substantive excerpt and links the full TAPinto op-ed, which was blocked during review."
national-recz9WOUNjTC3V34x-dem-primary,Robert Graham,opponent,2026-06-02,verified_source,Inaugural Plainfield City Council Debate (LIVE),candidate_debate,tier_2,2026-05-22,2026-05-21,https://www.youtube.com/watch?v=AbiFHPP4UIs,https://www.youtube.com/watch?v=AbiFHPP4UIs,,"Ward 1 segment featuring Robert Graham, Meghana “Meg” Anandarangam, and Yasmin Griffin",Attributable candidate debate responses on Plainfield community issues before the primary,"Cindelle’s Bookstore description names all Ward 1 candidates and the moderator; YouTube metadata gives an 80:45 runtime, May 22 upload, and an English automatic-caption track. The campaign press page dates the debate event to May 21."
national-recz9WOUNjTC3V34x-dem-primary,Yasmin Griffin,opponent,2026-06-02,verified_source,Inaugural Plainfield City Council Debate (LIVE),candidate_debate,tier_2,2026-05-22,2026-05-21,https://www.youtube.com/watch?v=AbiFHPP4UIs,https://www.youtube.com/watch?v=AbiFHPP4UIs,,"Ward 1 segment featuring Robert Graham, Meghana “Meg” Anandarangam, and Yasmin Griffin",Attributable candidate debate responses on Plainfield community issues before the primary,"Cindelle’s Bookstore description names all Ward 1 candidates and the moderator; YouTube metadata gives an 80:45 runtime, May 22 upload, and an English automatic-caption track. The campaign press page dates the debate event to May 21."
race-76c7cbb9d6b99bc5d802,Chris Espinosa,endorsed,2026-06-02,verified_source,Issues,official_campaign_platform,tier_1,,,https://www.espinosaforcongress.com/issues,https://www.espinosaforcongress.com/issues,,Full Issues page,"First-person platform on cost of living, housing and tenant protections, universal child care, tuition-free education, Medicare for All, democracy, abolishing ICE, digital privacy, climate and environmental justice, reproductive and LGBTQ rights, and Gaza",Official campaign page is live and fetchable; its full text is recoverable from the page HTML despite accordion-style presentation.
race-76c7cbb9d6b99bc5d802,Chris Espinosa,endorsed,2026-06-02,verified_source,Chris Espinosa for Congress | Our Community. Our Future,official_campaign_video_description,tier_1,2026-05-11,2026-05-11,https://www.youtube.com/watch?v=9R5VBr78ZTY,https://www.youtube.com/watch?v=9R5VBr78ZTY,,Official campaign channel description and auto-captioned 1:49 video,"Campaign-authored text on working families, immigrants, teachers, union workers, accountability, affordability, opportunity, and community-rooted representation","YouTube metadata identifies the uploader as Chris Espinosa For Congress, supplies a substantive campaign description, and indicates English automatic captions."
race-76c7cbb9d6b99bc5d802,Daniel Miller,opponent,2026-06-02,verified_source,Daniel Miller for Congress — California’s 26th Congressional District,official_campaign_platform,tier_1,,,https://danielmillerforcongress.com/,https://danielmillerforcongress.com/,,"Homepage sections About Daniel, Campaign Priorities, and California’s 26th District","Official platform on affordability, tax and spending control, property-tax relief, agriculture and water rights, parental rights, free speech and the Second Amendment, overregulation, and smart-city oversight",Live official campaign page is fully retrievable as HTML and contains extensive substantive text; publication date is not stated.
race-76c7cbb9d6b99bc5d802,Jacqui Irwin,opponent,2026-06-02,verified_source,Campaign announcement for the 26th Congressional District,official_campaign_statement,tier_1,,2026-05-10,https://jacquiirwin.com/,https://jacquiirwin.com/,https://web.archive.org/web/20260510130851/https://jacquiirwin.com/,Homepage announcement quotation,"Candidate statement opposing Trump and prioritizing democracy, public safety, affordability, and Ventura and Los Angeles County needs","Live homepage remains fetchable and preserves the campaign quotation; CDX identified a pre-primary May 10 capture, recorded for provenance, though the archive service was intermittently unavailable during review."
race-76c7cbb9d6b99bc5d802,Liam Andres O’Neill Hernandez,opponent,2026-06-02,source_unavailable,,,,,,,,,,,"Located Ballotpedia/iVoterGuide references and the former congressional domain, but Ballotpedia was not recoverable and liamhernandezforcongress.com has been repurposed for a later health-care-district race. Internet Archive access was unavailable during the final check, so no recoverable campaign-window text target could be verified."
race-76c7cbb9d6b99bc5d802,Michael S. Koslow,opponent,2026-06-02,source_unavailable,,,,,,,,,,,michaelkoslow.com resolves to a redirect shell whose /lander target returns HTTP 500; the only located archive capture preserved the same non-substantive shell. Ballotpedia/Vote411/VoteSmart checks did not yield a recoverable attributable campaign text.
race-76c7cbb9d6b99bc5d802,Sam Gallucci,opponent,2026-06-02,verified_source,Sam Gallucci for Congress | CA-26 | The Talking Stops Now,official_campaign_platform,tier_1,,2026-05-10,https://web.archive.org/web/20260510130850id_/https://samgallucci.com/,https://samgallucci.com/,https://web.archive.org/web/20260510130850id_/https://samgallucci.com/,Homepage issue cards; text in /assets/Index-CmO9r-Y5.js,"Official platform on cost of living, housing, energy, spending and SNAP, small business, congressional ethics, parental rights and anti-DEI/CRT policy, homelessness, immigration, veterans, policing and bail, family policy, water, wildfire, and coastal stewardship",Live SPA is fetchable and its substantive issue text is recoverable from the current first-party JavaScript bundle. A May 10 pre-primary Wayback capture establishes campaign-window provenance; the archived shell may require its assets to render.
race-76c7cbb9d6b99bc5d802,Sasan Samadzadeh,opponent,2026-06-02,searched_not_found,,,,,,,,,,,"Exact-name, CA-26, campaign, issues, questionnaire, interview, debate, FEC, California election, domain-variant, and archive-oriented searches found no attributable campaign-window text. No campaign domain or archive capture was located, and the name was not found in the reviewed FEC CA-26 candidate list."
race-76c7cbb9d6b99bc5d802,William “Bill” Scott,opponent,2026-06-02,searched_not_found,,,,,,,,,,,"Exact-name and CA-26 searches across campaign sites, issues, questionnaires, interviews, debates, voter guides, FEC-linked information, guessed domains, and archive-oriented queries found no recoverable attributable campaign-window text. FEC evidence confirmed a candidacy but supplied no substantive discourse source."
race-996219411814ef8b62f1,Luke Alfaro-Jungmann,endorsed,2026-06-02,verified_source,Electoral Work,endorsement_statement,tier_2,,,https://abqdsa.org/electoral-work,https://abqdsa.org/electoral-work,,Luke Alfaro-Jungmann endorsement paragraph,"Albuquerque DSA summary of the endorsed member-candidate’s universal-health-care, affordable-housing, and environmental-protection platform",Live chapter page identifies Luke as a DSA member and links directly to the official campaign site; included as corroborating campaign-window context.
race-996219411814ef8b62f1,Luke Alfaro-Jungmann,endorsed,2026-06-02,verified_source,Luke for NM — Issues,official_campaign_platform,tier_1,,2026-04-16,https://web.archive.org/web/20260416234018id_/https://lukefornm.com/,https://www.lukefornm.com/,https://web.archive.org/web/20260416234018id_/https://lukefornm.com/,Issues content rendered from /static/js/main.a1887ad5.js,"First-person platform on universal public health care, medical labor standards and public hospitals, public and affordable housing, rent caps and short-term rentals, wages and unions, renewable energy and water, voting rights, LGBTQ protections, education, public safety, reproductive rights, small business, and veterans",Live official SPA and first-party JavaScript bundle are fetchable and contain the full platform. CDX identified an April 16 pre-primary capture; archive availability was intermittent during the final review.
race-d696522faa4508ad99d7,Robert Graham,opponent,2026-06-02,verified_source,Inaugural Plainfield City Council Debate (LIVE),candidate_debate,tier_2,2026-05-22,2026-05-21,https://www.youtube.com/watch?v=AbiFHPP4UIs,https://www.youtube.com/watch?v=AbiFHPP4UIs,,"Ward 1 segment featuring Robert Graham, Meghana “Meg” Anandarangam, and Yasmin Griffin",Attributable candidate debate responses on Plainfield community issues before the primary,"Cindelle’s Bookstore description names all Ward 1 candidates and the moderator; YouTube metadata gives an 80:45 runtime, May 22 upload, and an English automatic-caption track. The campaign press page dates the debate event to May 21."
race-272467423dd3b8accee4,Shaun R. Navarro,endorsed,2026-06-09,verified_source,Home - Shaun Navarro for Assembly District 34,official_campaign_platform,tier_1,,2026-06-09,https://navarrofornevada.com/,https://navarrofornevada.com/,,Homepage sections “Meet Shaun” and “Issues” (Cap the Rent; Wages; End Money in Politics),"Candidate-authored campaign biography and policy planks on housing, wages, campaign finance, Palestine organizing, and corporate power",Official 2026 campaign site is live and fetchable; the page identifies the Assembly District 34 campaign and is paid/copyrighted by the campaign.
race-2c2133100c33cde0b378,Karen Hoak,opponent,2026-06-23,verified_source,Who are the candidates for the NY 149th District Assembly seat?,attributable_interview,tier_2,2026-06-04,2026-06-04,https://investigativepost.org/2026/06/04/three-democrats-vie-for-149th-assembly-seat/,https://investigativepost.org/2026/06/04/three-democrats-vie-for-149th-assembly-seat/,,Section “Hoak: a single mother with government experience”,"Direct quotations and attributed positions on housing, healthcare, childcare, energy costs, public safety, and government experience","Investigative Post reports that all three candidates sat for interviews. Hoak’s official platform domain later became unavailable, making this live pre-primary interview the recoverable attributable source."
race-2c2133100c33cde0b378,Kevin Deese,opponent,2026-06-23,verified_source,Platform | Kevin Deese for New York State Assembly,official_campaign_platform,tier_1,,2026-06-23,https://www.kevindeese.com/platform,https://www.kevindeese.com/platform,,"Entire platform page; especially AI data centers, New York for All, civil rights, privacy/surveillance, election reform, and government accountability",Candidate-authored campaign policy platform,Official campaign page is live and fetchable and contains detailed policy planks from the 2026 primary campaign.
race-39f265caadf4efc1cdd3,David Orkin,endorsed,2026-06-23,verified_source,Thirty Minutes With David Orkin: “The Number One Most Important Thing in My Life Is Having Integrity”,attributable_interview,tier_2,2026-06-02,2026-06-02,https://hellgatenyc.com/david-orkin-assembly-district-38-interview/,https://hellgatenyc.com/david-orkin-assembly-district-38-interview/,,Full interview beginning with Orkin’s campaign headquarters and stated Assembly priorities,"Candidate-attributed discussion of district needs, Albany priorities, campaign integrity, immigrant-worker advocacy, and political strategy","Live, fetchable campaign-period interview conducted three weeks before the primary."
race-39f265caadf4efc1cdd3,Jenifer Rajkumar,opponent,2026-06-23,verified_source,The Opportunity Agenda,official_campaign_platform,tier_1,,2026-06-23,https://www.jeniferforny.com/a-better-new-york,https://www.jeniferforny.com/a-better-new-york,,"Opportunity Agenda sections on freedoms/equality, affordability, quality of life, and transit",Candidate-authored 2026 campaign agenda and framing,"Official campaign site is live, fetchable, and marked ©2026 / paid for by Jenifer Rajkumar for New York."
race-3ecc1eb1bf0838801a6b,Andrew Bodiford,opponent,2026-06-23,verified_source,Andrew Bodiford — New York State Assembly District 50,official_campaign_platform,tier_1,,2026-06-23,https://andrewbodiford.com/,https://andrewbodiford.com/,,"Homepage “Priorities and Issues” plus Housing and Affordability, Climate and Energy, Transit, and Jobs and Industry sections","Candidate-authored platform on rent, development, small businesses, transit, climate, pollution, parks, AI, labor, and rail",Official campaign site is live and identifies Bodiford as a Democrat for Assembly District 50.
race-3ecc1eb1bf0838801a6b,Emily Gallagher,endorsed,2026-06-23,verified_source,Emily’s 2026 Platform,official_campaign_platform,tier_1,,2026-06-23,https://www.emilyforassembly.com/issues/,https://www.emilyforassembly.com/issues/,,"Entire issues page; major sections on climate, social housing, commercial rent stabilization, street safety, immigrants, and taxing the rich","Candidate-authored 2026 platform, including legislation and explicit next-term priorities",Official re-election site is live and the issues page is explicitly titled “Emily’s 2026 Platform.”
race-3f9a5712e5759d632957,"Wynton R. Johnson, Sr.",opponent,2026-06-23,source_unavailable,,,,,,,https://www.facebook.com/WyntonJohnsonforDistrict5,,,,"Maryland’s official candidate filing lists only campaign Facebook/Instagram accounts and no website; The Banner’s May 18 voter guide says Johnson did not respond. Searches for issues, questionnaires, interviews, debates, and archived pages found no recoverable campaign-window policy text."
race-64bde8b146c8826d40ce,Darializa Avila Chevalier,endorsed,2026-06-23,verified_source,Priorities,official_campaign_platform,tier_1,,,https://www.darializaforcongress.com/issues,https://www.darializaforcongress.com/issues,,"Issue hub beginning “Economic Security for All”; homepage also labels Abolish ICE, Medicare for All, Housing for All, Quality Education, and Fighting Corporate Greed","Candidate-authored campaign positions on labor, immigration, healthcare, housing, education, military spending, and corporate power",Live official campaign page remained retrievable after the primary; undated page is clearly branded and paid for by Darializa for Congress.
race-64bde8b146c8826d40ce,Oscar J. Romero Jr.,opponent,2026-06-23,verified_source,"Tax the Rich: You Pay Your Taxes, So Should They",official_campaign_platform,tier_1,,,https://www.oscarforcongress.com/tax-the-rich,https://www.oscarforcongress.com/tax-the-rich,,Full issue page under campaign issue navigation,"Candidate-authored economic argument on wealth concentration, progressive taxation, corporate taxes, loopholes, and political influence","Live official campaign issue page; the broader site also exposes substantive pages on healthcare, housing, immigration, climate, education, Gaza, public safety, and digital equity."
race-64bde8b146c8826d40ce,Theo Bruce Chino-Tavarez,opponent,2026-06-23,verified_source,Theo Chino for Congress campaign statement and platform links,official_campaign_statement,tier_1,,,https://secure.actblue.com/donate/socialist,https://pubadvocate.nyc/,,Opening campaign statement beginning “My name is Theo Chino and I am running for Congress in Northern Manhattan”,Candidate-authored statement identifying a social-democratic-socialist campaign and linking its campaign Substack and adopted Socialist Manifesto,"The former campaign domain redirects to this fetchable ActBlue page, which preserves the candidate-authored text and live links to the campaign Substack and manifesto."
race-7280deaba4ff6d65102b,Fannie Ip,opponent,2026-06-23,searched_not_found,,,,,,,,,,,"Exact-name and AD-65 searches across campaign/issues sites, questionnaires, interviews, debates, candidate guides, social/video leads, and archive-oriented queries found only older non-campaign advocacy coverage and election metadata; no recoverable attributable 2026 campaign policy text was located."
race-7280deaba4ff6d65102b,Grauaven Olivares,opponent,2026-06-23,searched_not_found,,,,,,,,,,,"Exact-name and AD-65 searches across campaign, platform, questionnaire, interview, debate, voter-guide, social/video, and archive terms produced no substantive candidate source beyond election-list context; no recoverable attributable campaign-window text was found."
race-7280deaba4ff6d65102b,Illapa Sairitupac,endorsed,2026-06-23,verified_source,Campaign Insiders: A Q&A with AD-65 Candidate Illapa Sairitupac,candidate_questionnaire,tier_2,2026-05-20,2026-05-20,https://politicsny.com/2026/05/20/campaign-insiders-a-qa-with-ad-65-candidate-illapa-sairitupac/,https://politicsny.com/2026/05/20/campaign-insiders-a-qa-with-ad-65-candidate-illapa-sairitupac/,,Complete five-question Campaign Insiders Q&A,"Candidate-attributed answers on taxing the rich, free childcare, social housing, ICE, affordability, organizing, and the Mamdani agenda","PoliticsNY preserves the full pre-primary Q&A. The linked official campaign site was identified but served an anti-bot challenge during verification, so the recoverable questionnaire is the fetchable target."
race-7280deaba4ff6d65102b,Morton Minsley,opponent,2026-06-23,searched_not_found,,,,,,,,,,,"Exact-name and AD-65 searches across campaign/issues, questionnaires, interviews, debates, voter guides, social/video, and archive-oriented queries returned unrelated same-name results or election metadata; no recoverable attributable 2026 campaign policy text was located."
race-8b7a8f7e7882f4f63dbb,Stefani L. Zinerman,opponent,2026-06-23,verified_source,Passions run high at Bed-Stuy state election debates,attributable_debate_coverage,tier_2,2026-06-04,2026-05-30,https://amsterdamnews.com/news/2026/06/04/passions-run-high-at-bed-stuy-state-election-debates/,https://amsterdamnews.com/news/2026/06/04/passions-run-high-at-bed-stuy-state-election-debates/,,"State Assembly District 56 section, especially “Zinerman platform” and her quoted opening statement","Candidate-attributed debate statements and platform points on displacement, transit costs, subway mental-health response, public safety, nonprofits, maternal health, and neighborhood investment",Reported account of the May 30 pre-primary debate includes a direct Zinerman quotation and a discrete platform list.
race-9172cee3bc57bf96a6c8,Diana C. Moreno,endorsed,2026-06-23,verified_source,Diana Moreno Wants You To Organize as if the World You Want is Within Grasp,attributable_interview,tier_2,2026-06-01,2026-06-01,https://democraticleft.dsausa.org/2026/06/01/diana-moreno-organize-as-if-the-world-you-want-is-within-grasp/,https://democraticleft.dsausa.org/2026/06/01/diana-moreno-organize-as-if-the-world-you-want-is-within-grasp/,https://web.archive.org/web/20260602223800id_/https://democraticleft.dsausa.org/2026/06/01/diana-moreno-organize-as-if-the-world-you-want-is-within-grasp/,Full Democratic Left interview with questions labeled “DL” and answers labeled “Moreno” or “Diana”,"Extended candidate interview on democratic socialism, DSA movement strategy, affordability, immigration, climate, Palestine, trans rights, labor, electoral organizing, and relations with corporate Democrats",Official DSA publication preserves a long pre-primary interview with direct candidate answers and explicit discussion of DSA electoral strategy. The live page was fully retrieved with the web fetcher; an Internet Archive campaign-window capture is preserved separately because generic scripted requests receive an anti-bot response.
race-9172cee3bc57bf96a6c8,Kevin Coenen,opponent,2026-06-23,searched_not_found,,,,,,,,,,,"Exact-name and AD-36 searches across campaign/issues, questionnaire, interview, debate, candidate-guide, social/video, and archive terms found candidate-list and finance coverage identifying him as a retired FDNY lieutenant, but no attributable substantive campaign policy text; no qualifying source was located."
race-9172cee3bc57bf96a6c8,Mary Jobaida,opponent,2026-06-23,verified_source,Mary Jobaida pledges to advocate for the voiceless in AD36 ahead of Feb. 3 special election,attributable_interview,tier_2,2026-01-27,2026-01-27,https://qns.com/2026/01/mary-jobaida-ad-36-special-election/,https://qns.com/2026/01/mary-jobaida-ad-36-special-election/,,Edited Q&A beginning “How do you separate yourself from two candidates…”,"Candidate-attributed positions on immigration, housing and social housing, taxing the rich, climate resilience and renewable energy, education, constituent services, and political exclusion",The interview preceded the February special election for the same AD-36 seat and remained directly relevant to Jobaida’s continuing June primary campaign.
race-a4cb4c786c15bc1f06d5,Eleanor A. Washington,opponent,2026-06-23,source_unavailable,,,,,,,https://www.eleanorwashingtonfordistrict9.com,,,,"Maryland’s official candidate filing listed this campaign website, but the domain no longer resolves. The Banner voter guide and exact-name searches produced no recoverable candidate-attributed campaign-window policy text."
race-a4cb4c786c15bc1f06d5,Jerome Lattisaw,opponent,2026-06-23,searched_not_found,,,,,,,,,,,"Maryland’s official filing lists no campaign website or social account; The Banner’s May 18 voter guide says Lattisaw did not respond. Exact-name searches across campaign/issues, questionnaires, interviews, debates, local coverage, social, and archive-oriented queries found no qualifying text."
race-a4cb4c786c15bc1f06d5,Kim Carter,opponent,2026-06-23,searched_not_found,,,,,,,,,,,"Maryland’s official filing lists no campaign website or social account; The Banner’s May 18 voter guide says Carter did not respond. Exact-name and committee-name searches across campaign/issues, questionnaires, interviews, debates, local coverage, social, and archives found no qualifying text."
race-a8714bfc41c3a8b6f98f,Pia Rahman,opponent,2026-06-23,verified_source,Campaign Insiders: A Q&A with AD-37 Candidate Pia Rahman,candidate_questionnaire,tier_2,2026-06-01,2026-06-01,https://politicsny.com/2026/06/01/campaign-insiders-a-qa-with-ad-37-candidate-pia-rahman/,https://politicsny.com/2026/06/01/campaign-insiders-a-qa-with-ad-37-candidate-pia-rahman/,,Complete five-question Campaign Insiders Q&A,"Candidate-attributed answers on healthcare, immigration, affordability, education, transportation, civic engagement, housing, small business, and campaign differentiation",PoliticsNY preserves the full pre-primary questionnaire. The linked official campaign domain was checked but now displays a paused/lapsed-site notice.
race-e8e05c727cae155eb824,Mckayla Wilkes,endorsed,2026-06-23,source_unavailable,,,,,,,https://www.mckaylawilkes.org/,,,,"Maryland’s official filing identifies McKaylaWilkes.org as the 2026 campaign website, but it now returns a Squarespace “Website Expired” page. Searches found older congressional-cycle interviews but no recoverable 2026 Charles County campaign text, so older-cycle material was excluded."
race-fd97e89a58d56d7d9494,Christa Tichy,opponent,2026-06-23,source_unavailable,,,,,,,https://christatichy.com/,,,,"Maryland’s official filing shows Tichy withdrew from the at-large council race on 2026-01-30 to pursue a delegate seat. The live site was subsequently reused and its current text/social branding cannot be safely assigned to the council campaign; no preserved council-specific questionnaire, interview, debate, or archived platform was recovered."
race-fd97e89a58d56d7d9494,Lelia B. True,opponent,2026-06-23,verified_source,Montgomery County Council At-Large: 2026 Maryland Voter Guide,candidate_questionnaire,tier_2,2026-05-18,2026-05-18,https://www.thebanner.com/voter-guide/2026/montgomery-county/montgomery-county-council-at-large-UQEFYXBIKRCNHCWJFEYUAGMIHA/,https://www.thebanner.com/voter-guide/2026/montgomery-county/montgomery-county-council-at-large-UQEFYXBIKRCNHCWJFEYUAGMIHA/,,“Name: Lelia B. True” and the following Questionnaire section,"Full candidate-authored responses on federal-worker recovery, school budgets, rent stabilization, housing, data centers, waste, immigration, and governing experience",The Banner page is live and preserves True’s verbatim pre-primary questionnaire answers.
race-fd97e89a58d56d7d9494,Muhammad Arif Wali,opponent,2026-06-23,verified_source,Montgomery County Council At-Large: 2026 Maryland Voter Guide,candidate_questionnaire,tier_2,2026-05-18,2026-05-18,https://www.thebanner.com/voter-guide/2026/montgomery-county/montgomery-county-council-at-large-UQEFYXBIKRCNHCWJFEYUAGMIHA/,https://www.thebanner.com/voter-guide/2026/montgomery-county/montgomery-county-council-at-large-UQEFYXBIKRCNHCWJFEYUAGMIHA/,,“Name: Muhammad Arif Wali” and the following Questionnaire section,"Full candidate-authored responses on jobs, schools, housing, data centers, environmental policy, immigration, and county services",The Banner page is live and preserves Wali’s verbatim pre-primary questionnaire answers.
race-fd97e89a58d56d7d9494,Prabu Selvam,opponent,2026-06-23,verified_source,Prabu Selvam for Montgomery County Council At-Large,official_campaign_platform,tier_1,,2026-06-23,https://web.archive.org/web/20251006151855id_/https://prabuselvam.com/,https://prabuselvam.com/,https://web.archive.org/web/20251006151855id_/https://prabuselvam.com/,"Homepage policy panels, including affordable housing, just-cause eviction, education, health workforce, public safety, and BRT expansion",Candidate-authored 2026 campaign platform and biography,Official campaign site is live and fetchable. Its Canva payload contains detailed English policy text even though basic text-only renderers may show only the title.
race-92d9ab18d64e4a42b737,Wanda James,opponent,2026-06-30,verified_source,1st Congressional District: Democrat Wanda James,attributable_interview,tier_2,2026-05-29,2026-05-18,https://web.archive.org/web/20260530085924id_/https://www.cpr.org/2026/05/29/vg-2026-primary-election-1st-congressional-district-wanda-james/,https://www.cpr.org/2026/05/29/vg-2026-primary-election-1st-congressional-district-wanda-james/,https://web.archive.org/web/20260530085924id_/https://www.cpr.org/2026/05/29/vg-2026-primary-election-1st-congressional-district-wanda-james/,"Candidate profile sections “On affordability,” “On immigration,” “On healthcare,” and “On Israel and Gaza”","Direct candidate quotations on affordability, housing, coalition-building, immigration, abortion rights, Gaza, Israel, weapons transfers, and anti-war policy",CPR voter guide states that the issue comments derive from its May 18 Colorado Matters candidate interview and preserves extensive direct quotations before the primary. Source URL uses a campaign-window Internet Archive capture because direct scripted retrieval of the live page returned an anti-bot response; live provenance is preserved separately.
national-recDXw3CpyWrmjZpF-dem-primary,Donavan McKinney for Congress,endorsed,2026-08-04,verified_source,MI State Rep. Donavan McKinney launches Democratic primary challenge,campaign_release,tier_1_first_party,,,https://www.donavanforcongress.com/news,https://www.donavanforcongress.com/news,,campaign launch release beginning at top of page,release_text,"Official campaign news page; launch release directly contrasts McKinney with Shri Thanedar and states positions on wages, housing, environmental justice, education, transit, unions, violence prevention, and corporate political money."
national-recDXw3CpyWrmjZpF-dem-primary,Donavan McKinney for Congress,endorsed,2026-08-04,verified_source,Priorities,campaign_platform,tier_1_first_party,,,https://www.donavanforcongress.com/priorities,https://www.donavanforcongress.com/priorities,,all priority sections,full_page,"Official campaign platform with extensive first-person text on Medicare for All, a homes guarantee, public housing, rent control, eviction protections, tenant unions, and economic justice."
national-recDXw3CpyWrmjZpF-dem-primary,Shri Thanedar,opponent,2026-08-04,verified_source,Media — 2026 voter communications strategy and accomplishments,campaign_communication,tier_1_first_party,2026-07-28,2026-07-28,https://shriforcongress.com/media/,https://shriforcongress.com/media/,,"Updated July 28, 2026; Week 0 and accomplishments sections",full_page,"Official campaign communication memo. Especially suitable for comparative discourse: attacks McKinney and frames Thanedar on affordability, gun policy, ICE, Medicare for All, taxation, student debt, and district delivery."
race-0238993b2ccb424dc347,Byron H. Nolen,opponent,2026-08-04,verified_source,Inkster mayor challenges Rep. Rashida Tlaib in Democratic primary,candidate_interview,tier_2_attributable_interview,2026-07-28,2026-07-28,https://wdet.org/2026/07/28/inkster-mayor-challenges-rep-rashida-tlaib-in-democratic-primary/,https://wdet.org/2026/07/28/inkster-mayor-challenges-rep-rashida-tlaib-in-democratic-primary/,,interview quotations and issue sections,candidate_interview,"Public-radio candidate interview with direct quotations during the primary window. Covers affordability, governing style, Israel aid, reproductive rights, LGBTQ rights, and universal healthcare."
race-3b9a8d1c4fa2cbcadb73,Ashleigh Rogers,opponent,2026-08-04,verified_source,On the Issues,official_campaign_platform,tier_1,,,https://ashleighrogers4congress.com/on-the-issues,https://ashleighrogers4congress.com/on-the-issues,,"Full issue page; sections cover economy, education, healthcare, agriculture, housing and childcare, immigration, and LGBTQ+ healthcare/privacy","Candidate-authored platform with specific federal proposals and issue arguments across economic, social, healthcare, rural, housing, childcare, immigration, and civil-rights policy",Live official campaign page identifies the August 4 Democratic primary and is paid for by Ashleigh Rogers for Congress.
race-3b9a8d1c4fa2cbcadb73,G. Rick,opponent,2026-08-04,searched_not_found,,,,,,,,,,,"Exact-name and Missouri 4th District searches across campaign/platform sites, questionnaires, interviews, debates, voter guides, social/video, Ballotpedia, and archives found no substantive attributable text. Axios reported that G. Rick did not answer its candidate questions, and KSHB likewise recorded no response to its equal-question data-center survey."
race-3b9a8d1c4fa2cbcadb73,Hartzell Gray,endorsed,2026-08-04,verified_source,Liberation Now Is Here: The Kansas City Defender Launches the Midwest’s First Radical Black Video News Show,attributable_interview,tier_2,2026-04-16,2026-04-16,https://kansascitydefender.com/videos/liberation-now-debut-hartzell-gray-interview/,https://kansascitydefender.com/videos/liberation-now-debut-hartzell-gray-interview/,,Article synopsis and embedded debut interview with Hartzell Gray,"Candidate-attributed discussion of AIPAC, Democratic leadership, Palestine, reparations, universal healthcare, social housing, union jobs, racial capitalism, DHS abolition, and tenant organizing","The page preserves substantial quotations and a detailed synopsis of the campaign-window video interview, with the full episode embedded."
race-3b9a8d1c4fa2cbcadb73,Hartzell Gray,endorsed,2026-08-04,verified_source,Issues,official_campaign_platform,tier_1,,,https://www.hartzellforcongress.com/issues,https://www.hartzellforcongress.com/issues,,"Campaign issue hub linking detailed pages on wealth, healthcare, climate, housing, war, jobs and unions, reparations, reproductive rights, LGBTQIA+ rights, immigration, veterans, guns, and data centers","Candidate-authored democratic-socialist platform spanning political economy, social rights, labor, climate, housing, foreign policy, racial justice, and public safety",Live official campaign issue hub remained fetchable after the primary and contains detailed linked policy pages.
race-3b9a8d1c4fa2cbcadb73,Jeanette Cass,opponent,2026-08-04,verified_source,My Issues,campaign_platform,tier_1_first_party,,,https://www.cassforcongress.com/my-issues,https://www.cassforcongress.com/my-issues,,issue headings and full page,full_page,"Official 2026 campaign issues page; fetchable live target. Covers cost of living, farms, infrastructure, healthcare, labor, rights, immigration, guns, and families."
race-3b9a8d1c4fa2cbcadb73,Jordan Herrera,opponent,2026-08-04,verified_source,Issues,campaign_platform,tier_1_first_party,,,https://jordanjherrera.com/issues/,https://jordanjherrera.com/issues/,,all issue sections,full_page,"Official campaign platform; fetchable live target. Detailed positions include AI and worker rights, data centers, economic security, healthcare, education, freedom, agriculture, veterans, and democracy reform."
race-3b9a8d1c4fa2cbcadb73,Randy Miller,opponent,2026-08-04,verified_source,Randy Miller for Congress — policy priorities,campaign_platform,tier_1_first_party,,,https://www.randymillercongress.com/,https://www.randymillercongress.com/,,homepage policy bullet list,full_page,"Official campaign site with substantive first-person policy list: universal healthcare, veterans, farms, renewable energy, data-center moratorium, progressive taxation, affordable housing, teacher pay, and FCC reform."
race-3b9a8d1c4fa2cbcadb73,Wayne Russell,opponent,2026-08-04,verified_source,American Values,campaign_platform,tier_1_first_party,,,https://votewaynerussell.com/american-values/,https://votewaynerussell.com/american-values/,,The Democrat Party values bullet list,full_page,"Official campaign platform; fetchable live target. Substantive positions on economic fairness, healthcare, democracy, immigration, civil rights, labor, climate, foreign policy, and education."
race-e87b28f84c6a49987afa,Dina Nina Martinez-Rutherford,opponent,2026-08-11,verified_source,Wisconsin District 76 Primary Candidate Information,candidate_questionnaire,tier_2_attributable_questionnaire,2026-08-10,2026-08-10,https://madison.citycast.fm/madison-explained/madison-democrat-candidates-assembly-district-76,https://madison.citycast.fm/madison-explained/madison-democrat-candidates-assembly-district-76,,Dina Nina Martinez-Rutherford answers under each question,candidate_section,"Election-eve questionnaire reproducing attributable candidate answers. Covers cost of living, wages, utilities, healthcare, housing, childcare, price gouging, school funding, taxes, democracy, and corporate influence."
race-e87b28f84c6a49987afa,Dina Nina Martinez-Rutherford,opponent,2026-08-11,verified_source,Vote Dina Nina — campaign homepage,campaign_platform,tier_1_first_party,,,https://www.votedinanina.com/,https://www.votedinanina.com/,,homepage biography and bold progressive change paragraph,full_page,"Official campaign page with first-person positions on living wages, affordable housing, universal healthcare and childcare, public-school funding, and democratic rights."
race-e87b28f84c6a49987afa,Isaia Ben-Ami,opponent,2026-08-11,verified_source,Wisconsin District 76 Primary Candidate Information,candidate_questionnaire,tier_2_attributable_questionnaire,2026-08-10,2026-08-10,https://madison.citycast.fm/madison-explained/madison-democrat-candidates-assembly-district-76,https://madison.citycast.fm/madison-explained/madison-democrat-candidates-assembly-district-76,,Isaia Ben-Ami answers under each question,candidate_section,"Election-eve questionnaire with direct candidate answers on housing, Homestead Tax Credit, transit, public investment, education, healthcare, the environment, and taxation."
race-e87b28f84c6a49987afa,Isaia Ben-Ami,opponent,2026-08-11,verified_source,Platform,campaign_platform,tier_1_first_party,,,https://www.voteisaia.com/platform,https://www.voteisaia.com/platform,,all platform sections,full_page,"Official campaign platform; fetchable live target. Detailed policy text includes transportation, regional transit, union labor, housing, education, healthcare, utilities, taxes, childcare, wages, and environmental protection."
race-e87b28f84c6a49987afa,Juliana Bennett,endorsed,2026-08-11,verified_source,Wisconsin District 76 Primary Candidate Information,candidate_questionnaire,tier_2_attributable_questionnaire,2026-08-10,2026-08-10,https://madison.citycast.fm/madison-explained/madison-democrat-candidates-assembly-district-76,https://madison.citycast.fm/madison-explained/madison-democrat-candidates-assembly-district-76,,Juliana Bennett answers under each question,candidate_section,"Election-eve questionnaire with direct candidate answers. Strong DSA-comparison material on a millionaire tax, rent control, data-center subsidies, a $23 minimum wage, Act 10, labor rights, schools, housing, and affordability. Official campaign site was discoverable but returned 404 at review time, so this fetchable attributable source is used."
race-e87b28f84c6a49987afa,Tony Castañeda,opponent,2026-08-11,verified_source,Wisconsin District 76 Primary Candidate Information,candidate_questionnaire,tier_2_attributable_questionnaire,2026-08-10,2026-08-10,https://madison.citycast.fm/madison-explained/madison-democrat-candidates-assembly-district-76,https://madison.citycast.fm/madison-explained/madison-democrat-candidates-assembly-district-76,,Tony Castañeda answers under each question,candidate_section,"Election-eve questionnaire with direct candidate answers on housing affordability, school finance, progressive taxation, cannabis revenue, public institutions, immigration, and ICE."
race-e87b28f84c6a49987afa,Tony Castañeda,opponent,2026-08-11,verified_source,Local jazz artist hopes community connection can take him to legislature,candidate_interview,tier_2_attributable_interview,2026-07-30,2026-07-30,https://www.channel3000.com/news/local-jazz-artist-hopes-community-connection-can-take-him-to-legislature/article_77c8ea0e-ef0e-4eda-ad2c-de48c79bc0dc.html,https://www.channel3000.com/news/local-jazz-artist-hopes-community-connection-can-take-him-to-legislature/article_77c8ea0e-ef0e-4eda-ad2c-de48c79bc0dc.html,,candidate quotations throughout interview,candidate_interview,"Attributable campaign-window interview with direct quotations on property taxes, school funding, affordable housing, wealth taxation, trickle-down economics, and regulating ICE activity."
race-e87b28f84c6a49987afa,Zoe Sullivan,opponent,2026-08-11,verified_source,Wisconsin District 76 Primary Candidate Information,candidate_questionnaire,tier_2_attributable_questionnaire,2026-08-10,2026-08-10,https://madison.citycast.fm/madison-explained/madison-democrat-candidates-assembly-district-76,https://madison.citycast.fm/madison-explained/madison-democrat-candidates-assembly-district-76,,Zoe Sullivan answers under each question,candidate_section,"Election-eve questionnaire with direct candidate answers on housing funds, budget surplus, public education, data centers, childcare, transit, taxation, ICE cooperation, and public banking."
race-e87b28f84c6a49987afa,Zoe Sullivan,opponent,2026-08-11,verified_source,She reported on the issues facing Wisconsin. Now she wants to fix them,candidate_interview,tier_2_attributable_interview,2026-07-21,2026-07-21,https://www.channel3000.com/news/she-reported-on-the-issues-facing-wisconsin-now-she-wants-to-fix-them/article_ea4fedb9-f421-418a-aca5-9f84888c0c76.html,https://www.channel3000.com/news/she-reported-on-the-issues-facing-wisconsin-now-she-wants-to-fix-them/article_ea4fedb9-f421-418a-aca5-9f84888c0c76.html,,candidate quotations throughout interview,candidate_interview,"Attributable campaign-window interview with direct quotations on transit, traffic safety, universal childcare, public banking, millionaire taxation, school vouchers, Act 10, coalition building, and progressive governance."
race-1d2c5471b666d1dfee92,E. “Liddy” Glass,opponent,2026-11-03,searched_not_found,,,,,,,,,,,"Searched exact-name variants with Louisiana 1st District, Congress, campaign, issues, platform, questionnaire, interview, and transcript terms. Election listings were found, but no substantive first-party, archived campaign, or attributable campaign-window text source was located as of 2026-08-20."
