race_candidate_id,race_id,candidate_id,candidate_name,party,role,ballot_status,outcome,evidence_status,source_url,notes
ma-hd26m-2016-mike-connolly,ma-house-26th-middlesex-dem-primary-2016,mike-connolly,Mike Connolly,Democratic,endorsed,certified,Win,verified,https://electionstats.state.ma.us/elections/view/129704,"Official Massachusetts results certify the 2016 primary roster; verified campaign platform, posts, Q&A, and transcript seeds are tracked in candidate_documents.csv."
ma-hd26m-2016-timothy-toomey-jr,ma-house-26th-middlesex-dem-primary-2016,timothy-j-toomey-jr,"Timothy J. Toomey, Jr.",Democratic,opponent,certified,Loss,verified,https://electionstats.state.ma.us/elections/view/129704,"Official Massachusetts results certify the 2016 primary roster; archived homepage, transportation page, Q&A, and transcript seeds are tracked in candidate_documents.csv."
me-hd39-2016-mike-sylvester,me-house-39-dem-primary-2016,mike-sylvester,Mike Sylvester,Democratic,endorsed,certified,Win,verified,https://www.maine.gov/sos/cec/elec/results/2016/June16/STREPDEM.xlsx,Official Maine results certify the 2016 primary roster; verified candidate-profile seeds are tracked in candidate_documents.csv.
me-hd39-2016-andrew-edwards,me-house-39-dem-primary-2016,andrew-edwards,Andrew Edwards,Democratic,opponent,certified,Loss,verified,https://www.maine.gov/sos/cec/elec/results/2016/June16/STREPDEM.xlsx,Official Maine results certify the 2016 primary roster; Press Herald section seeds provide verified analysis support while Ballotpedia remains context-only.
mo01-2026-cori-bush,mo01-dem-primary-2026,cori-bush,Cori Bush,Democratic,endorsed,certified,Loss,verified,https://www.stlpr.org/show/st-louis-on-the-air/2026-07-24/missouri-wesley-bell-cori-bush-radio-appearance,Direct joint-appearance evidence collected
mo01-2026-wesley-bell,mo01-dem-primary-2026,wesley-bell,Wesley Bell,Democratic,opponent,certified,Win,verified,https://www.stlpr.org/show/st-louis-on-the-air/2026-07-24/missouri-wesley-bell-cori-bush-radio-appearance,Direct joint-appearance evidence collected
mo01-2026-alissa-murphy,mo01-dem-primary-2026,alissa-murphy,Alissa Murphy,Democratic,opponent,certified,Loss,not_searched,https://www.stlpr.org/government-politics-issues/2026-08-04/live-missouri-election-results-primary-st-louis-st-charles-jefferson,Election metadata only
mo01-2026-carl-harris,mo01-dem-primary-2026,carl-harris-sr,Carl Harris Sr.,Democratic,opponent,certified,Loss,not_searched,https://www.stlpr.org/government-politics-issues/2026-08-04/live-missouri-election-results-primary-st-louis-st-charles-jefferson,Election metadata only
mo01-2026-carl-henderson,mo01-dem-primary-2026,carl-henderson,Carl Henderson,Democratic,opponent,certified,Loss,not_searched,https://www.stlpr.org/government-politics-issues/2026-08-04/live-missouri-election-results-primary-st-louis-st-charles-jefferson,Election metadata only
nyc-mayor-2025-zohran-mamdani,nyc-mayor-dem-primary-2025,zohran-mamdani,Zohran Mamdani,Democratic,endorsed,certified,Win,not_searched,https://www.vote.nyc/sites/default/files/news/2025-05/6_3_2025%203_04_37%20PM_Contest%20List.pdf,Official ballot roster; historic campaign evidence still needed
nyc-mayor-2025-andrew-cuomo,nyc-mayor-dem-primary-2025,andrew-cuomo,Andrew M. Cuomo,Democratic,opponent,certified,Loss,not_searched,https://www.vote.nyc/sites/default/files/news/2025-05/6_3_2025%203_04_37%20PM_Contest%20List.pdf,Historic primary-period campaign evidence needed
nyc-mayor-2025-brad-lander,nyc-mayor-dem-primary-2025,brad-lander,Brad Lander,Democratic,opponent,certified,Loss,not_searched,https://www.vote.nyc/sites/default/files/news/2025-05/6_3_2025%203_04_37%20PM_Contest%20List.pdf,Historic primary-period campaign evidence needed
nyc-mayor-2025-adrienne-adams,nyc-mayor-dem-primary-2025,adrienne-adams,Adrienne E. Adams,Democratic,opponent,certified,Loss,not_searched,https://www.vote.nyc/sites/default/files/news/2025-05/6_3_2025%203_04_37%20PM_Contest%20List.pdf,Historic primary-period campaign evidence needed
nyc-mayor-2025-scott-stringer,nyc-mayor-dem-primary-2025,scott-stringer,Scott M. Stringer,Democratic,opponent,certified,Loss,not_searched,https://www.vote.nyc/sites/default/files/news/2025-05/6_3_2025%203_04_37%20PM_Contest%20List.pdf,Historic primary-period campaign evidence needed
nyc-mayor-2025-zellnor-myrie,nyc-mayor-dem-primary-2025,zellnor-myrie,Zellnor Myrie,Democratic,opponent,certified,Loss,not_searched,https://www.vote.nyc/sites/default/files/news/2025-05/6_3_2025%203_04_37%20PM_Contest%20List.pdf,Historic primary-period campaign evidence needed
nyc-mayor-2025-whitney-tilson,nyc-mayor-dem-primary-2025,whitney-tilson,Whitney R. Tilson,Democratic,opponent,certified,Loss,not_searched,https://www.vote.nyc/sites/default/files/news/2025-05/6_3_2025%203_04_37%20PM_Contest%20List.pdf,Historic primary-period campaign evidence needed
nyc-mayor-2025-michael-blake,nyc-mayor-dem-primary-2025,michael-blake,Michael Blake,Democratic,opponent,certified,Loss,not_searched,https://www.vote.nyc/sites/default/files/news/2025-05/6_3_2025%203_04_37%20PM_Contest%20List.pdf,Historic primary-period campaign evidence needed
nyc-mayor-2025-jessica-ramos,nyc-mayor-dem-primary-2025,jessica-ramos,Jessica Ramos,Democratic,opponent,certified,Loss,not_searched,https://www.vote.nyc/sites/default/files/news/2025-05/6_3_2025%203_04_37%20PM_Contest%20List.pdf,Historic primary-period campaign evidence needed
nyc-mayor-2025-paperboy-love-prince,nyc-mayor-dem-primary-2025,paperboy-love-prince,Paperboy Love Prince,Democratic,opponent,certified,Loss,not_searched,https://www.vote.nyc/sites/default/files/news/2025-05/6_3_2025%203_04_37%20PM_Contest%20List.pdf,Historic primary-period campaign evidence needed
nyc-mayor-2025-selma-bartholomew,nyc-mayor-dem-primary-2025,selma-bartholomew,Selma K. Bartholomew,Democratic,opponent,certified,Loss,not_searched,https://www.vote.nyc/sites/default/files/news/2025-05/6_3_2025%203_04_37%20PM_Contest%20List.pdf,Historic primary-period campaign evidence needed
wi-governor-2026-francesca-hong,wi-governor-dem-primary-2026,francesca-hong,Francesca Hong,Democratic,endorsed,certified,Loss,not_searched,https://francescahong.com/endorsements/,Official endorsement list collected; campaign statements still needed
wi-governor-2026-david-crowley,wi-governor-dem-primary-2026,david-crowley,David Crowley,Democratic,opponent,certified,Win,not_searched,https://www.branch.vote/races/2026-wisconsin-primary-election-wi-state-governor-wi-state-d,Candidate metadata pending official WEC verification
wi-governor-2026-joel-brennan,wi-governor-dem-primary-2026,joel-brennan,Joel Brennan,Democratic,opponent,certified,Loss,not_searched,https://www.branch.vote/races/2026-wisconsin-primary-election-wi-state-governor-wi-state-d,Candidate metadata pending official WEC verification
wi-governor-2026-kelda-roys,wi-governor-dem-primary-2026,kelda-roys,Kelda Roys,Democratic,opponent,certified,Loss,not_searched,https://www.branch.vote/races/2026-wisconsin-primary-election-wi-state-governor-wi-state-d,Candidate metadata pending official WEC verification
wi-governor-2026-mandela-barnes,wi-governor-dem-primary-2026,mandela-barnes,Mandela Barnes,Democratic,opponent,certified,Loss,not_searched,https://www.branch.vote/races/2026-wisconsin-primary-election-wi-state-governor-wi-state-d,Campaign suspension status needs official verification
wi-governor-2026-missy-hughes,wi-governor-dem-primary-2026,missy-hughes,Missy Hughes,Democratic,opponent,certified,Loss,not_searched,https://www.branch.vote/races/2026-wisconsin-primary-election-wi-state-governor-wi-state-d,Campaign suspension status needs official verification
wi-governor-2026-sara-rodriguez,wi-governor-dem-primary-2026,sara-rodriguez,Sara Rodriguez,Democratic,opponent,certified,Loss,not_searched,https://www.branch.vote/races/2026-wisconsin-primary-election-wi-state-governor-wi-state-d,Campaign withdrawal status needs official verification
us-president-dem-primary-2016-nh-bernie-sanders,us-president-dem-primary-2016-nh,bernie-sanders,Bernie Sanders,Democratic,endorsed,certified,Win,verified,https://www.fec.gov/introduction-campaign-finance/election-results-and-voting-information/federal-elections-2016/,Official FEC 2016 results compilation supplies the certified New Hampshire Democratic presidential-primary roster and vote totals; DSA National endorsed Sanders on 2015-06-22 (https://www.dsausa.org/news/dsa-endorses-bernie-sanders-for-president/).
us-president-dem-primary-2016-nh-hillary-clinton,us-president-dem-primary-2016-nh,hillary-clinton,Hillary Clinton,Democratic,opponent,certified,Loss,verified,https://www.fec.gov/introduction-campaign-finance/election-results-and-voting-information/federal-elections-2016/,Official FEC 2016 results compilation supplies the certified New Hampshire Democratic presidential-primary roster and vote totals; DSA National endorsed Sanders on 2015-06-22 (https://www.dsausa.org/news/dsa-endorses-bernie-sanders-for-president/).
us-president-dem-primary-2016-nh-martin-j-o-malley,us-president-dem-primary-2016-nh,martin-j-o-malley,Martin J. O'Malley,Democratic,opponent,certified,Loss,verified,https://www.fec.gov/introduction-campaign-finance/election-results-and-voting-information/federal-elections-2016/,Official FEC 2016 results compilation supplies the certified New Hampshire Democratic presidential-primary roster and vote totals; DSA National endorsed Sanders on 2015-06-22 (https://www.dsausa.org/news/dsa-endorses-bernie-sanders-for-president/).
us-president-dem-primary-2016-nh-vermin-supreme,us-president-dem-primary-2016-nh,vermin-supreme,Vermin Supreme,Democratic,opponent,certified,Loss,verified,https://www.fec.gov/introduction-campaign-finance/election-results-and-voting-information/federal-elections-2016/,Official FEC 2016 results compilation supplies the certified New Hampshire Democratic presidential-primary roster and vote totals; DSA National endorsed Sanders on 2015-06-22 (https://www.dsausa.org/news/dsa-endorses-bernie-sanders-for-president/).
us-president-dem-primary-2016-nh-david-john-thistle,us-president-dem-primary-2016-nh,david-john-thistle,David John Thistle,Democratic,opponent,certified,Loss,verified,https://www.fec.gov/introduction-campaign-finance/election-results-and-voting-information/federal-elections-2016/,Official FEC 2016 results compilation supplies the certified New Hampshire Democratic presidential-primary roster and vote totals; DSA National endorsed Sanders on 2015-06-22 (https://www.dsausa.org/news/dsa-endorses-bernie-sanders-for-president/).
us-president-dem-primary-2016-nh-graham-schwass,us-president-dem-primary-2016-nh,graham-schwass,Graham Schwass,Democratic,opponent,certified,Loss,verified,https://www.fec.gov/introduction-campaign-finance/election-results-and-voting-information/federal-elections-2016/,Official FEC 2016 results compilation supplies the certified New Hampshire Democratic presidential-primary roster and vote totals; DSA National endorsed Sanders on 2015-06-22 (https://www.dsausa.org/news/dsa-endorses-bernie-sanders-for-president/).
us-president-dem-primary-2016-nh-steve-burke,us-president-dem-primary-2016-nh,steve-burke,Steve Burke,Democratic,opponent,certified,Loss,verified,https://www.fec.gov/introduction-campaign-finance/election-results-and-voting-information/federal-elections-2016/,Official FEC 2016 results compilation supplies the certified New Hampshire Democratic presidential-primary roster and vote totals; DSA National endorsed Sanders on 2015-06-22 (https://www.dsausa.org/news/dsa-endorses-bernie-sanders-for-president/).
us-president-dem-primary-2016-nh-roque-rocky-de-la-fuente,us-president-dem-primary-2016-nh,roque-rocky-de-la-fuente,"Roque ""Rocky"" De La Fuente",Democratic,opponent,certified,Loss,verified,https://www.fec.gov/introduction-campaign-finance/election-results-and-voting-information/federal-elections-2016/,Official FEC 2016 results compilation supplies the certified New Hampshire Democratic presidential-primary roster and vote totals; DSA National endorsed Sanders on 2015-06-22 (https://www.dsausa.org/news/dsa-endorses-bernie-sanders-for-president/).
us-president-dem-primary-2016-nh-john-wolfe,us-president-dem-primary-2016-nh,john-wolfe,John Wolfe,Democratic,opponent,certified,Loss,verified,https://www.fec.gov/introduction-campaign-finance/election-results-and-voting-information/federal-elections-2016/,Official FEC 2016 results compilation supplies the certified New Hampshire Democratic presidential-primary roster and vote totals; DSA National endorsed Sanders on 2015-06-22 (https://www.dsausa.org/news/dsa-endorses-bernie-sanders-for-president/).
us-president-dem-primary-2016-nh-jon-adams,us-president-dem-primary-2016-nh,jon-adams,Jon Adams,Democratic,opponent,certified,Loss,verified,https://www.fec.gov/introduction-campaign-finance/election-results-and-voting-information/federal-elections-2016/,Official FEC 2016 results compilation supplies the certified New Hampshire Democratic presidential-primary roster and vote totals; DSA National endorsed Sanders on 2015-06-22 (https://www.dsausa.org/news/dsa-endorses-bernie-sanders-for-president/).
us-president-dem-primary-2016-nh-lloyd-kelso,us-president-dem-primary-2016-nh,lloyd-kelso,Lloyd Kelso,Democratic,opponent,certified,Loss,verified,https://www.fec.gov/introduction-campaign-finance/election-results-and-voting-information/federal-elections-2016/,Official FEC 2016 results compilation supplies the certified New Hampshire Democratic presidential-primary roster and vote totals; DSA National endorsed Sanders on 2015-06-22 (https://www.dsausa.org/news/dsa-endorses-bernie-sanders-for-president/).
us-president-dem-primary-2016-nh-keith-judd,us-president-dem-primary-2016-nh,keith-judd,Keith Judd,Democratic,opponent,certified,Loss,verified,https://www.fec.gov/introduction-campaign-finance/election-results-and-voting-information/federal-elections-2016/,Official FEC 2016 results compilation supplies the certified New Hampshire Democratic presidential-primary roster and vote totals; DSA National endorsed Sanders on 2015-06-22 (https://www.dsausa.org/news/dsa-endorses-bernie-sanders-for-president/).
us-president-dem-primary-2016-nh-eric-elbot,us-president-dem-primary-2016-nh,eric-elbot,Eric Elbot,Democratic,opponent,certified,Loss,verified,https://www.fec.gov/introduction-campaign-finance/election-results-and-voting-information/federal-elections-2016/,Official FEC 2016 results compilation supplies the certified New Hampshire Democratic presidential-primary roster and vote totals; DSA National endorsed Sanders on 2015-06-22 (https://www.dsausa.org/news/dsa-endorses-bernie-sanders-for-president/).
us-president-dem-primary-2016-nh-star-locke,us-president-dem-primary-2016-nh,star-locke,Star Locke,Democratic,opponent,certified,Loss,verified,https://www.fec.gov/introduction-campaign-finance/election-results-and-voting-information/federal-elections-2016/,Official FEC 2016 results compilation supplies the certified New Hampshire Democratic presidential-primary roster and vote totals; DSA National endorsed Sanders on 2015-06-22 (https://www.dsausa.org/news/dsa-endorses-bernie-sanders-for-president/).
us-president-dem-primary-2016-nh-bill-french,us-president-dem-primary-2016-nh,bill-french,Bill French,Democratic,opponent,certified,Loss,verified,https://www.fec.gov/introduction-campaign-finance/election-results-and-voting-information/federal-elections-2016/,Official FEC 2016 results compilation supplies the certified New Hampshire Democratic presidential-primary roster and vote totals; DSA National endorsed Sanders on 2015-06-22 (https://www.dsausa.org/news/dsa-endorses-bernie-sanders-for-president/).
us-president-dem-primary-2016-nh-mark-stewart-greenstein,us-president-dem-primary-2016-nh,mark-stewart-greenstein,Mark Stewart Greenstein,Democratic,opponent,certified,Loss,verified,https://www.fec.gov/introduction-campaign-finance/election-results-and-voting-information/federal-elections-2016/,Official FEC 2016 results compilation supplies the certified New Hampshire Democratic presidential-primary roster and vote totals; DSA National endorsed Sanders on 2015-06-22 (https://www.dsausa.org/news/dsa-endorses-bernie-sanders-for-president/).
us-president-dem-primary-2016-nh-edward-t-jr-o-donnell,us-president-dem-primary-2016-nh,edward-t-jr-o-donnell,"Edward T., Jr. O'Donnell",Democratic,opponent,certified,Loss,verified,https://www.fec.gov/introduction-campaign-finance/election-results-and-voting-information/federal-elections-2016/,Official FEC 2016 results compilation supplies the certified New Hampshire Democratic presidential-primary roster and vote totals; DSA National endorsed Sanders on 2015-06-22 (https://www.dsausa.org/news/dsa-endorses-bernie-sanders-for-president/).
us-president-dem-primary-2016-nh-james-valentine,us-president-dem-primary-2016-nh,james-valentine,James Valentine,Democratic,opponent,certified,Loss,verified,https://www.fec.gov/introduction-campaign-finance/election-results-and-voting-information/federal-elections-2016/,Official FEC 2016 results compilation supplies the certified New Hampshire Democratic presidential-primary roster and vote totals; DSA National endorsed Sanders on 2015-06-22 (https://www.dsausa.org/news/dsa-endorses-bernie-sanders-for-president/).
us-president-dem-primary-2016-nh-robert-lovitt,us-president-dem-primary-2016-nh,robert-lovitt,Robert Lovitt,Democratic,opponent,certified,Loss,verified,https://www.fec.gov/introduction-campaign-finance/election-results-and-voting-information/federal-elections-2016/,Official FEC 2016 results compilation supplies the certified New Hampshire Democratic presidential-primary roster and vote totals; DSA National endorsed Sanders on 2015-06-22 (https://www.dsausa.org/news/dsa-endorses-bernie-sanders-for-president/).
us-president-dem-primary-2016-nh-michael-a-steinberg,us-president-dem-primary-2016-nh,michael-a-steinberg,Michael A. Steinberg,Democratic,opponent,certified,Loss,verified,https://www.fec.gov/introduction-campaign-finance/election-results-and-voting-information/federal-elections-2016/,Official FEC 2016 results compilation supplies the certified New Hampshire Democratic presidential-primary roster and vote totals; DSA National endorsed Sanders on 2015-06-22 (https://www.dsausa.org/news/dsa-endorses-bernie-sanders-for-president/).
us-president-dem-primary-2016-nh-william-h-jr-mcgaughey,us-president-dem-primary-2016-nh,william-h-jr-mcgaughey,"William H., Jr. McGaughey",Democratic,opponent,certified,Loss,verified,https://www.fec.gov/introduction-campaign-finance/election-results-and-voting-information/federal-elections-2016/,Official FEC 2016 results compilation supplies the certified New Hampshire Democratic presidential-primary roster and vote totals; DSA National endorsed Sanders on 2015-06-22 (https://www.dsausa.org/news/dsa-endorses-bernie-sanders-for-president/).
us-president-dem-primary-2016-nh-henry-hewes,us-president-dem-primary-2016-nh,henry-hewes,Henry Hewes,Democratic,opponent,certified,Loss,verified,https://www.fec.gov/introduction-campaign-finance/election-results-and-voting-information/federal-elections-2016/,Official FEC 2016 results compilation supplies the certified New Hampshire Democratic presidential-primary roster and vote totals; DSA National endorsed Sanders on 2015-06-22 (https://www.dsausa.org/news/dsa-endorses-bernie-sanders-for-president/).
us-president-dem-primary-2016-nh-edward-sonnino,us-president-dem-primary-2016-nh,edward-sonnino,Edward Sonnino,Democratic,opponent,certified,Loss,verified,https://www.fec.gov/introduction-campaign-finance/election-results-and-voting-information/federal-elections-2016/,Official FEC 2016 results compilation supplies the certified New Hampshire Democratic presidential-primary roster and vote totals; DSA National endorsed Sanders on 2015-06-22 (https://www.dsausa.org/news/dsa-endorses-bernie-sanders-for-president/).
us-president-dem-primary-2016-nh-steven-roy-lipscomb,us-president-dem-primary-2016-nh,steven-roy-lipscomb,Steven Roy Lipscomb,Democratic,opponent,certified,Loss,verified,https://www.fec.gov/introduction-campaign-finance/election-results-and-voting-information/federal-elections-2016/,Official FEC 2016 results compilation supplies the certified New Hampshire Democratic presidential-primary roster and vote totals; DSA National endorsed Sanders on 2015-06-22 (https://www.dsausa.org/news/dsa-endorses-bernie-sanders-for-president/).
us-president-dem-primary-2016-nh-sam-sloan,us-president-dem-primary-2016-nh,sam-sloan,Sam Sloan,Democratic,opponent,certified,Loss,verified,https://www.fec.gov/introduction-campaign-finance/election-results-and-voting-information/federal-elections-2016/,Official FEC 2016 results compilation supplies the certified New Hampshire Democratic presidential-primary roster and vote totals; DSA National endorsed Sanders on 2015-06-22 (https://www.dsausa.org/news/dsa-endorses-bernie-sanders-for-president/).
us-president-dem-primary-2016-nh-brock-c-hutton,us-president-dem-primary-2016-nh,brock-c-hutton,Brock C. Hutton,Democratic,opponent,certified,Loss,verified,https://www.fec.gov/introduction-campaign-finance/election-results-and-voting-information/federal-elections-2016/,Official FEC 2016 results compilation supplies the certified New Hampshire Democratic presidential-primary roster and vote totals; DSA National endorsed Sanders on 2015-06-22 (https://www.dsausa.org/news/dsa-endorses-bernie-sanders-for-president/).
us-president-dem-primary-2016-nh-raymond-michael-moroz,us-president-dem-primary-2016-nh,raymond-michael-moroz,Raymond Michael Moroz,Democratic,opponent,certified,Loss,verified,https://www.fec.gov/introduction-campaign-finance/election-results-and-voting-information/federal-elections-2016/,Official FEC 2016 results compilation supplies the certified New Hampshire Democratic presidential-primary roster and vote totals; DSA National endorsed Sanders on 2015-06-22 (https://www.dsausa.org/news/dsa-endorses-bernie-sanders-for-president/).
us-president-dem-primary-2016-nh-richard-lyons-weil,us-president-dem-primary-2016-nh,richard-lyons-weil,Richard Lyons Weil,Democratic,opponent,certified,Loss,verified,https://www.fec.gov/introduction-campaign-finance/election-results-and-voting-information/federal-elections-2016/,Official FEC 2016 results compilation supplies the certified New Hampshire Democratic presidential-primary roster and vote totals; DSA National endorsed Sanders on 2015-06-22 (https://www.dsausa.org/news/dsa-endorses-bernie-sanders-for-president/).
us-president-dem-primary-2016-al-hillary-clinton,us-president-dem-primary-2016-al,hillary-clinton,Hillary Clinton,Democratic,opponent,certified,Win,verified,https://www.fec.gov/introduction-campaign-finance/election-results-and-voting-information/federal-elections-2016/,Official FEC 2016 results compilation supplies the certified Alabama Democratic presidential-primary roster and vote totals; DSA National endorsed Sanders on 2015-06-22 (https://www.dsausa.org/news/dsa-endorses-bernie-sanders-for-president/).
us-president-dem-primary-2016-al-bernie-sanders,us-president-dem-primary-2016-al,bernie-sanders,Bernie Sanders,Democratic,endorsed,certified,Loss,verified,https://www.fec.gov/introduction-campaign-finance/election-results-and-voting-information/federal-elections-2016/,Official FEC 2016 results compilation supplies the certified Alabama Democratic presidential-primary roster and vote totals; DSA National endorsed Sanders on 2015-06-22 (https://www.dsausa.org/news/dsa-endorses-bernie-sanders-for-president/).
us-president-dem-primary-2016-al-uncommitted,us-president-dem-primary-2016-al,uncommitted,Uncommitted,Democratic,opponent,certified,Loss,verified,https://www.fec.gov/introduction-campaign-finance/election-results-and-voting-information/federal-elections-2016/,Official FEC 2016 results compilation supplies the certified Alabama Democratic presidential-primary roster and vote totals; DSA National endorsed Sanders on 2015-06-22 (https://www.dsausa.org/news/dsa-endorses-bernie-sanders-for-president/).
us-president-dem-primary-2016-al-martin-j-o-malley,us-president-dem-primary-2016-al,martin-j-o-malley,Martin J. O'Malley,Democratic,opponent,certified,Loss,verified,https://www.fec.gov/introduction-campaign-finance/election-results-and-voting-information/federal-elections-2016/,Official FEC 2016 results compilation supplies the certified Alabama Democratic presidential-primary roster and vote totals; DSA National endorsed Sanders on 2015-06-22 (https://www.dsausa.org/news/dsa-endorses-bernie-sanders-for-president/).
us-president-dem-primary-2016-al-roque-rocky-de-la-fuente,us-president-dem-primary-2016-al,roque-rocky-de-la-fuente,"Roque ""Rocky"" De La Fuente",Democratic,opponent,certified,Loss,verified,https://www.fec.gov/introduction-campaign-finance/election-results-and-voting-information/federal-elections-2016/,Official FEC 2016 results compilation supplies the certified Alabama Democratic presidential-primary roster and vote totals; DSA National endorsed Sanders on 2015-06-22 (https://www.dsausa.org/news/dsa-endorses-bernie-sanders-for-president/).
us-president-dem-primary-2016-ar-hillary-clinton,us-president-dem-primary-2016-ar,hillary-clinton,Hillary Clinton,Democratic,opponent,certified,Win,verified,https://www.fec.gov/introduction-campaign-finance/election-results-and-voting-information/federal-elections-2016/,Official FEC 2016 results compilation supplies the certified Arkansas Democratic presidential-primary roster and vote totals; DSA National endorsed Sanders on 2015-06-22 (https://www.dsausa.org/news/dsa-endorses-bernie-sanders-for-president/).
us-president-dem-primary-2016-ar-bernie-sanders,us-president-dem-primary-2016-ar,bernie-sanders,Bernie Sanders,Democratic,endorsed,certified,Loss,verified,https://www.fec.gov/introduction-campaign-finance/election-results-and-voting-information/federal-elections-2016/,Official FEC 2016 results compilation supplies the certified Arkansas Democratic presidential-primary roster and vote totals; DSA National endorsed Sanders on 2015-06-22 (https://www.dsausa.org/news/dsa-endorses-bernie-sanders-for-president/).
us-president-dem-primary-2016-ar-martin-j-o-malley,us-president-dem-primary-2016-ar,martin-j-o-malley,Martin J. O'Malley,Democratic,opponent,certified,Loss,verified,https://www.fec.gov/introduction-campaign-finance/election-results-and-voting-information/federal-elections-2016/,Official FEC 2016 results compilation supplies the certified Arkansas Democratic presidential-primary roster and vote totals; DSA National endorsed Sanders on 2015-06-22 (https://www.dsausa.org/news/dsa-endorses-bernie-sanders-for-president/).
us-president-dem-primary-2016-ar-john-wolfe,us-president-dem-primary-2016-ar,john-wolfe,John Wolfe,Democratic,opponent,certified,Loss,verified,https://www.fec.gov/introduction-campaign-finance/election-results-and-voting-information/federal-elections-2016/,Official FEC 2016 results compilation supplies the certified Arkansas Democratic presidential-primary roster and vote totals; DSA National endorsed Sanders on 2015-06-22 (https://www.dsausa.org/news/dsa-endorses-bernie-sanders-for-president/).
us-president-dem-primary-2016-ar-james-valentine,us-president-dem-primary-2016-ar,james-valentine,James Valentine,Democratic,opponent,certified,Loss,verified,https://www.fec.gov/introduction-campaign-finance/election-results-and-voting-information/federal-elections-2016/,Official FEC 2016 results compilation supplies the certified Arkansas Democratic presidential-primary roster and vote totals; DSA National endorsed Sanders on 2015-06-22 (https://www.dsausa.org/news/dsa-endorses-bernie-sanders-for-president/).
us-president-dem-primary-2016-ar-roque-rocky-de-la-fuente,us-president-dem-primary-2016-ar,roque-rocky-de-la-fuente,"Roque ""Rocky"" De La Fuente",Democratic,opponent,certified,Loss,verified,https://www.fec.gov/introduction-campaign-finance/election-results-and-voting-information/federal-elections-2016/,Official FEC 2016 results compilation supplies the certified Arkansas Democratic presidential-primary roster and vote totals; DSA National endorsed Sanders on 2015-06-22 (https://www.dsausa.org/news/dsa-endorses-bernie-sanders-for-president/).
us-president-dem-primary-2016-ga-hillary-clinton,us-president-dem-primary-2016-ga,hillary-clinton,Hillary Clinton,Democratic,opponent,certified,Win,verified,https://www.fec.gov/introduction-campaign-finance/election-results-and-voting-information/federal-elections-2016/,Official FEC 2016 results compilation supplies the certified Georgia Democratic presidential-primary roster and vote totals; DSA National endorsed Sanders on 2015-06-22 (https://www.dsausa.org/news/dsa-endorses-bernie-sanders-for-president/).
us-president-dem-primary-2016-ga-bernie-sanders,us-president-dem-primary-2016-ga,bernie-sanders,Bernie Sanders,Democratic,endorsed,certified,Loss,verified,https://www.fec.gov/introduction-campaign-finance/election-results-and-voting-information/federal-elections-2016/,Official FEC 2016 results compilation supplies the certified Georgia Democratic presidential-primary roster and vote totals; DSA National endorsed Sanders on 2015-06-22 (https://www.dsausa.org/news/dsa-endorses-bernie-sanders-for-president/).
us-president-dem-primary-2016-ga-martin-o-malley,us-president-dem-primary-2016-ga,martin-o-malley,Martin O'Malley,Democratic,opponent,certified,Loss,verified,https://www.fec.gov/introduction-campaign-finance/election-results-and-voting-information/federal-elections-2016/,Official FEC 2016 results compilation supplies the certified Georgia Democratic presidential-primary roster and vote totals; DSA National endorsed Sanders on 2015-06-22 (https://www.dsausa.org/news/dsa-endorses-bernie-sanders-for-president/).
us-president-dem-primary-2016-ga-michael-steinberg,us-president-dem-primary-2016-ga,michael-steinberg,Michael Steinberg,Democratic,opponent,certified,Loss,verified,https://www.fec.gov/introduction-campaign-finance/election-results-and-voting-information/federal-elections-2016/,Official FEC 2016 results compilation supplies the certified Georgia Democratic presidential-primary roster and vote totals; DSA National endorsed Sanders on 2015-06-22 (https://www.dsausa.org/news/dsa-endorses-bernie-sanders-for-president/).
us-president-dem-primary-2016-ma-hillary-clinton,us-president-dem-primary-2016-ma,hillary-clinton,Hillary Clinton,Democratic,opponent,certified,Win,verified,https://www.fec.gov/introduction-campaign-finance/election-results-and-voting-information/federal-elections-2016/,Official FEC 2016 results compilation supplies the certified Massachusetts Democratic presidential-primary roster and vote totals; DSA National endorsed Sanders on 2015-06-22 (https://www.dsausa.org/news/dsa-endorses-bernie-sanders-for-president/).
us-president-dem-primary-2016-ma-bernie-sanders,us-president-dem-primary-2016-ma,bernie-sanders,Bernie Sanders,Democratic,endorsed,certified,Loss,verified,https://www.fec.gov/introduction-campaign-finance/election-results-and-voting-information/federal-elections-2016/,Official FEC 2016 results compilation supplies the certified Massachusetts Democratic presidential-primary roster and vote totals; DSA National endorsed Sanders on 2015-06-22 (https://www.dsausa.org/news/dsa-endorses-bernie-sanders-for-president/).
us-president-dem-primary-2016-ma-no-preference,us-president-dem-primary-2016-ma,no-preference,No Preference,Democratic,opponent,certified,Loss,verified,https://www.fec.gov/introduction-campaign-finance/election-results-and-voting-information/federal-elections-2016/,Official FEC 2016 results compilation supplies the certified Massachusetts Democratic presidential-primary roster and vote totals; DSA National endorsed Sanders on 2015-06-22 (https://www.dsausa.org/news/dsa-endorses-bernie-sanders-for-president/).
us-president-dem-primary-2016-ma-martin-o-malley,us-president-dem-primary-2016-ma,martin-o-malley,Martin O'Malley,Democratic,opponent,certified,Loss,verified,https://www.fec.gov/introduction-campaign-finance/election-results-and-voting-information/federal-elections-2016/,Official FEC 2016 results compilation supplies the certified Massachusetts Democratic presidential-primary roster and vote totals; DSA National endorsed Sanders on 2015-06-22 (https://www.dsausa.org/news/dsa-endorses-bernie-sanders-for-president/).
us-president-dem-primary-2016-ma-roque-rocky-de-la-fuente,us-president-dem-primary-2016-ma,roque-rocky-de-la-fuente,"Roque ""Rocky"" De La Fuente",Democratic,opponent,certified,Loss,verified,https://www.fec.gov/introduction-campaign-finance/election-results-and-voting-information/federal-elections-2016/,Official FEC 2016 results compilation supplies the certified Massachusetts Democratic presidential-primary roster and vote totals; DSA National endorsed Sanders on 2015-06-22 (https://www.dsausa.org/news/dsa-endorses-bernie-sanders-for-president/).
us-president-dem-primary-2016-ok-bernie-sanders,us-president-dem-primary-2016-ok,bernie-sanders,Bernie Sanders,Democratic,endorsed,certified,Win,verified,https://www.fec.gov/introduction-campaign-finance/election-results-and-voting-information/federal-elections-2016/,Official FEC 2016 results compilation supplies the certified Oklahoma Democratic presidential-primary roster and vote totals; DSA National endorsed Sanders on 2015-06-22 (https://www.dsausa.org/news/dsa-endorses-bernie-sanders-for-president/).
us-president-dem-primary-2016-ok-hillary-clinton,us-president-dem-primary-2016-ok,hillary-clinton,Hillary Clinton,Democratic,opponent,certified,Loss,verified,https://www.fec.gov/introduction-campaign-finance/election-results-and-voting-information/federal-elections-2016/,Official FEC 2016 results compilation supplies the certified Oklahoma Democratic presidential-primary roster and vote totals; DSA National endorsed Sanders on 2015-06-22 (https://www.dsausa.org/news/dsa-endorses-bernie-sanders-for-president/).
us-president-dem-primary-2016-ok-martin-j-o-malley,us-president-dem-primary-2016-ok,martin-j-o-malley,Martin J. O'Malley,Democratic,opponent,certified,Loss,verified,https://www.fec.gov/introduction-campaign-finance/election-results-and-voting-information/federal-elections-2016/,Official FEC 2016 results compilation supplies the certified Oklahoma Democratic presidential-primary roster and vote totals; DSA National endorsed Sanders on 2015-06-22 (https://www.dsausa.org/news/dsa-endorses-bernie-sanders-for-president/).
us-president-dem-primary-2016-ok-keith-judd,us-president-dem-primary-2016-ok,keith-judd,Keith Judd,Democratic,opponent,certified,Loss,verified,https://www.fec.gov/introduction-campaign-finance/election-results-and-voting-information/federal-elections-2016/,Official FEC 2016 results compilation supplies the certified Oklahoma Democratic presidential-primary roster and vote totals; DSA National endorsed Sanders on 2015-06-22 (https://www.dsausa.org/news/dsa-endorses-bernie-sanders-for-president/).
us-president-dem-primary-2016-ok-michael-a-steinberg,us-president-dem-primary-2016-ok,michael-a-steinberg,Michael A. Steinberg,Democratic,opponent,certified,Loss,verified,https://www.fec.gov/introduction-campaign-finance/election-results-and-voting-information/federal-elections-2016/,Official FEC 2016 results compilation supplies the certified Oklahoma Democratic presidential-primary roster and vote totals; DSA National endorsed Sanders on 2015-06-22 (https://www.dsausa.org/news/dsa-endorses-bernie-sanders-for-president/).
us-president-dem-primary-2016-ok-star-locke,us-president-dem-primary-2016-ok,star-locke,Star Locke,Democratic,opponent,certified,Loss,verified,https://www.fec.gov/introduction-campaign-finance/election-results-and-voting-information/federal-elections-2016/,Official FEC 2016 results compilation supplies the certified Oklahoma Democratic presidential-primary roster and vote totals; DSA National endorsed Sanders on 2015-06-22 (https://www.dsausa.org/news/dsa-endorses-bernie-sanders-for-president/).
us-president-dem-primary-2016-ok-roque-rocky-de-la-fuente,us-president-dem-primary-2016-ok,roque-rocky-de-la-fuente,Roque Rocky De La Fuente,Democratic,opponent,certified,Loss,verified,https://www.fec.gov/introduction-campaign-finance/election-results-and-voting-information/federal-elections-2016/,Official FEC 2016 results compilation supplies the certified Oklahoma Democratic presidential-primary roster and vote totals; DSA National endorsed Sanders on 2015-06-22 (https://www.dsausa.org/news/dsa-endorses-bernie-sanders-for-president/).
us-president-dem-primary-2016-tn-hillary-clinton,us-president-dem-primary-2016-tn,hillary-clinton,Hillary Clinton,Democratic,opponent,certified,Win,verified,https://www.fec.gov/introduction-campaign-finance/election-results-and-voting-information/federal-elections-2016/,Official FEC 2016 results compilation supplies the certified Tennessee Democratic presidential-primary roster and vote totals; DSA National endorsed Sanders on 2015-06-22 (https://www.dsausa.org/news/dsa-endorses-bernie-sanders-for-president/).
us-president-dem-primary-2016-tn-bernie-sanders,us-president-dem-primary-2016-tn,bernie-sanders,Bernie Sanders,Democratic,endorsed,certified,Loss,verified,https://www.fec.gov/introduction-campaign-finance/election-results-and-voting-information/federal-elections-2016/,Official FEC 2016 results compilation supplies the certified Tennessee Democratic presidential-primary roster and vote totals; DSA National endorsed Sanders on 2015-06-22 (https://www.dsausa.org/news/dsa-endorses-bernie-sanders-for-president/).
us-president-dem-primary-2016-tn-uncommitted,us-president-dem-primary-2016-tn,uncommitted,Uncommitted,Democratic,opponent,certified,Loss,verified,https://www.fec.gov/introduction-campaign-finance/election-results-and-voting-information/federal-elections-2016/,Official FEC 2016 results compilation supplies the certified Tennessee Democratic presidential-primary roster and vote totals; DSA National endorsed Sanders on 2015-06-22 (https://www.dsausa.org/news/dsa-endorses-bernie-sanders-for-president/).
us-president-dem-primary-2016-tn-martin-j-o-malley,us-president-dem-primary-2016-tn,martin-j-o-malley,Martin J. O'Malley,Democratic,opponent,certified,Loss,verified,https://www.fec.gov/introduction-campaign-finance/election-results-and-voting-information/federal-elections-2016/,Official FEC 2016 results compilation supplies the certified Tennessee Democratic presidential-primary roster and vote totals; DSA National endorsed Sanders on 2015-06-22 (https://www.dsausa.org/news/dsa-endorses-bernie-sanders-for-president/).
us-president-dem-primary-2016-tx-hillary-clinton,us-president-dem-primary-2016-tx,hillary-clinton,Hillary Clinton,Democratic,opponent,certified,Win,verified,https://www.fec.gov/introduction-campaign-finance/election-results-and-voting-information/federal-elections-2016/,Official FEC 2016 results compilation supplies the certified Texas Democratic presidential-primary roster and vote totals; DSA National endorsed Sanders on 2015-06-22 (https://www.dsausa.org/news/dsa-endorses-bernie-sanders-for-president/).
us-president-dem-primary-2016-tx-bernie-sanders,us-president-dem-primary-2016-tx,bernie-sanders,Bernie Sanders,Democratic,endorsed,certified,Loss,verified,https://www.fec.gov/introduction-campaign-finance/election-results-and-voting-information/federal-elections-2016/,Official FEC 2016 results compilation supplies the certified Texas Democratic presidential-primary roster and vote totals; DSA National endorsed Sanders on 2015-06-22 (https://www.dsausa.org/news/dsa-endorses-bernie-sanders-for-president/).
us-president-dem-primary-2016-tx-roque-rocky-de-la-fuente,us-president-dem-primary-2016-tx,roque-rocky-de-la-fuente,"Roque ""Rocky"" De La Fuente",Democratic,opponent,certified,Loss,verified,https://www.fec.gov/introduction-campaign-finance/election-results-and-voting-information/federal-elections-2016/,Official FEC 2016 results compilation supplies the certified Texas Democratic presidential-primary roster and vote totals; DSA National endorsed Sanders on 2015-06-22 (https://www.dsausa.org/news/dsa-endorses-bernie-sanders-for-president/).
us-president-dem-primary-2016-tx-martin-j-o-malley,us-president-dem-primary-2016-tx,martin-j-o-malley,Martin J. O'Malley,Democratic,opponent,certified,Loss,verified,https://www.fec.gov/introduction-campaign-finance/election-results-and-voting-information/federal-elections-2016/,Official FEC 2016 results compilation supplies the certified Texas Democratic presidential-primary roster and vote totals; DSA National endorsed Sanders on 2015-06-22 (https://www.dsausa.org/news/dsa-endorses-bernie-sanders-for-president/).
us-president-dem-primary-2016-tx-willie-l-wilson,us-president-dem-primary-2016-tx,willie-l-wilson,Willie L. Wilson,Democratic,opponent,certified,Loss,verified,https://www.fec.gov/introduction-campaign-finance/election-results-and-voting-information/federal-elections-2016/,Official FEC 2016 results compilation supplies the certified Texas Democratic presidential-primary roster and vote totals; DSA National endorsed Sanders on 2015-06-22 (https://www.dsausa.org/news/dsa-endorses-bernie-sanders-for-president/).
us-president-dem-primary-2016-tx-keith-judd,us-president-dem-primary-2016-tx,keith-judd,Keith Judd,Democratic,opponent,certified,Loss,verified,https://www.fec.gov/introduction-campaign-finance/election-results-and-voting-information/federal-elections-2016/,Official FEC 2016 results compilation supplies the certified Texas Democratic presidential-primary roster and vote totals; DSA National endorsed Sanders on 2015-06-22 (https://www.dsausa.org/news/dsa-endorses-bernie-sanders-for-president/).
us-president-dem-primary-2016-tx-calvis-l-hawes,us-president-dem-primary-2016-tx,calvis-l-hawes,Calvis L. Hawes,Democratic,opponent,certified,Loss,verified,https://www.fec.gov/introduction-campaign-finance/election-results-and-voting-information/federal-elections-2016/,Official FEC 2016 results compilation supplies the certified Texas Democratic presidential-primary roster and vote totals; DSA National endorsed Sanders on 2015-06-22 (https://www.dsausa.org/news/dsa-endorses-bernie-sanders-for-president/).
us-president-dem-primary-2016-tx-star-locke,us-president-dem-primary-2016-tx,star-locke,Star Locke,Democratic,opponent,certified,Loss,verified,https://www.fec.gov/introduction-campaign-finance/election-results-and-voting-information/federal-elections-2016/,Official FEC 2016 results compilation supplies the certified Texas Democratic presidential-primary roster and vote totals; DSA National endorsed Sanders on 2015-06-22 (https://www.dsausa.org/news/dsa-endorses-bernie-sanders-for-president/).
us-president-dem-primary-2016-va-hillary-clinton,us-president-dem-primary-2016-va,hillary-clinton,Hillary Clinton,Democratic,opponent,certified,Win,verified,https://www.fec.gov/introduction-campaign-finance/election-results-and-voting-information/federal-elections-2016/,Official FEC 2016 results compilation supplies the certified Virginia Democratic presidential-primary roster and vote totals; DSA National endorsed Sanders on 2015-06-22 (https://www.dsausa.org/news/dsa-endorses-bernie-sanders-for-president/).
us-president-dem-primary-2016-va-bernie-sanders,us-president-dem-primary-2016-va,bernie-sanders,Bernie Sanders,Democratic,endorsed,certified,Loss,verified,https://www.fec.gov/introduction-campaign-finance/election-results-and-voting-information/federal-elections-2016/,Official FEC 2016 results compilation supplies the certified Virginia Democratic presidential-primary roster and vote totals; DSA National endorsed Sanders on 2015-06-22 (https://www.dsausa.org/news/dsa-endorses-bernie-sanders-for-president/).
us-president-dem-primary-2016-va-martin-j-o-malley,us-president-dem-primary-2016-va,martin-j-o-malley,Martin J. O'Malley,Democratic,opponent,certified,Loss,verified,https://www.fec.gov/introduction-campaign-finance/election-results-and-voting-information/federal-elections-2016/,Official FEC 2016 results compilation supplies the certified Virginia Democratic presidential-primary roster and vote totals; DSA National endorsed Sanders on 2015-06-22 (https://www.dsausa.org/news/dsa-endorses-bernie-sanders-for-president/).
us-president-dem-primary-2016-vt-bernie-sanders,us-president-dem-primary-2016-vt,bernie-sanders,Bernie Sanders,Democratic,endorsed,certified,Win,verified,https://www.fec.gov/introduction-campaign-finance/election-results-and-voting-information/federal-elections-2016/,Official FEC 2016 results compilation supplies the certified Vermont Democratic presidential-primary roster and vote totals; DSA National endorsed Sanders on 2015-06-22 (https://www.dsausa.org/news/dsa-endorses-bernie-sanders-for-president/).
us-president-dem-primary-2016-vt-hillary-clinton,us-president-dem-primary-2016-vt,hillary-clinton,Hillary Clinton,Democratic,opponent,certified,Loss,verified,https://www.fec.gov/introduction-campaign-finance/election-results-and-voting-information/federal-elections-2016/,Official FEC 2016 results compilation supplies the certified Vermont Democratic presidential-primary roster and vote totals; DSA National endorsed Sanders on 2015-06-22 (https://www.dsausa.org/news/dsa-endorses-bernie-sanders-for-president/).
us-president-dem-primary-2016-vt-martin-j-o-malley,us-president-dem-primary-2016-vt,martin-j-o-malley,Martin J. O'Malley,Democratic,opponent,certified,Loss,verified,https://www.fec.gov/introduction-campaign-finance/election-results-and-voting-information/federal-elections-2016/,Official FEC 2016 results compilation supplies the certified Vermont Democratic presidential-primary roster and vote totals; DSA National endorsed Sanders on 2015-06-22 (https://www.dsausa.org/news/dsa-endorses-bernie-sanders-for-president/).
us-president-dem-primary-2016-vt-roque-rocky-de-la-fuente,us-president-dem-primary-2016-vt,roque-rocky-de-la-fuente,"Roque ""Rocky"" De La Fuente",Democratic,opponent,certified,Loss,verified,https://www.fec.gov/introduction-campaign-finance/election-results-and-voting-information/federal-elections-2016/,Official FEC 2016 results compilation supplies the certified Vermont Democratic presidential-primary roster and vote totals; DSA National endorsed Sanders on 2015-06-22 (https://www.dsausa.org/news/dsa-endorses-bernie-sanders-for-president/).
us-president-dem-primary-2016-mi-bernie-sanders,us-president-dem-primary-2016-mi,bernie-sanders,Bernie Sanders,Democratic,endorsed,certified,Win,verified,https://www.fec.gov/introduction-campaign-finance/election-results-and-voting-information/federal-elections-2016/,Official FEC 2016 results compilation supplies the certified Michigan Democratic presidential-primary roster and vote totals; DSA National endorsed Sanders on 2015-06-22 (https://www.dsausa.org/news/dsa-endorses-bernie-sanders-for-president/).
us-president-dem-primary-2016-mi-hillary-clinton,us-president-dem-primary-2016-mi,hillary-clinton,Hillary Clinton,Democratic,opponent,certified,Loss,verified,https://www.fec.gov/introduction-campaign-finance/election-results-and-voting-information/federal-elections-2016/,Official FEC 2016 results compilation supplies the certified Michigan Democratic presidential-primary roster and vote totals; DSA National endorsed Sanders on 2015-06-22 (https://www.dsausa.org/news/dsa-endorses-bernie-sanders-for-president/).
us-president-dem-primary-2016-mi-uncommitted,us-president-dem-primary-2016-mi,uncommitted,Uncommitted,Democratic,opponent,certified,Loss,verified,https://www.fec.gov/introduction-campaign-finance/election-results-and-voting-information/federal-elections-2016/,Official FEC 2016 results compilation supplies the certified Michigan Democratic presidential-primary roster and vote totals; DSA National endorsed Sanders on 2015-06-22 (https://www.dsausa.org/news/dsa-endorses-bernie-sanders-for-president/).
us-president-dem-primary-2016-mi-martin-o-malley,us-president-dem-primary-2016-mi,martin-o-malley,Martin O'Malley,Democratic,opponent,certified,Loss,verified,https://www.fec.gov/introduction-campaign-finance/election-results-and-voting-information/federal-elections-2016/,Official FEC 2016 results compilation supplies the certified Michigan Democratic presidential-primary roster and vote totals; DSA National endorsed Sanders on 2015-06-22 (https://www.dsausa.org/news/dsa-endorses-bernie-sanders-for-president/).
us-president-dem-primary-2016-mi-roque-rocky-de-la-fuente,us-president-dem-primary-2016-mi,roque-rocky-de-la-fuente,Roque Rocky De La Fuente,Democratic,opponent,certified,Loss,verified,https://www.fec.gov/introduction-campaign-finance/election-results-and-voting-information/federal-elections-2016/,Official FEC 2016 results compilation supplies the certified Michigan Democratic presidential-primary roster and vote totals; DSA National endorsed Sanders on 2015-06-22 (https://www.dsausa.org/news/dsa-endorses-bernie-sanders-for-president/).
us-president-dem-primary-2016-ms-hillary-clinton,us-president-dem-primary-2016-ms,hillary-clinton,Hillary Clinton,Democratic,opponent,certified,Win,verified,https://www.fec.gov/introduction-campaign-finance/election-results-and-voting-information/federal-elections-2016/,Official FEC 2016 results compilation supplies the certified Mississippi Democratic presidential-primary roster and vote totals; DSA National endorsed Sanders on 2015-06-22 (https://www.dsausa.org/news/dsa-endorses-bernie-sanders-for-president/).
us-president-dem-primary-2016-ms-bernie-sanders,us-president-dem-primary-2016-ms,bernie-sanders,Bernie Sanders,Democratic,endorsed,certified,Loss,verified,https://www.fec.gov/introduction-campaign-finance/election-results-and-voting-information/federal-elections-2016/,Official FEC 2016 results compilation supplies the certified Mississippi Democratic presidential-primary roster and vote totals; DSA National endorsed Sanders on 2015-06-22 (https://www.dsausa.org/news/dsa-endorses-bernie-sanders-for-president/).
us-president-dem-primary-2016-ms-martin-o-malley,us-president-dem-primary-2016-ms,martin-o-malley,Martin O'Malley,Democratic,opponent,certified,Loss,verified,https://www.fec.gov/introduction-campaign-finance/election-results-and-voting-information/federal-elections-2016/,Official FEC 2016 results compilation supplies the certified Mississippi Democratic presidential-primary roster and vote totals; DSA National endorsed Sanders on 2015-06-22 (https://www.dsausa.org/news/dsa-endorses-bernie-sanders-for-president/).
us-president-dem-primary-2016-ms-roque-rocky-de-la-fuente,us-president-dem-primary-2016-ms,roque-rocky-de-la-fuente,"Roque ""Rocky"" De La Fuente",Democratic,opponent,certified,Loss,verified,https://www.fec.gov/introduction-campaign-finance/election-results-and-voting-information/federal-elections-2016/,Official FEC 2016 results compilation supplies the certified Mississippi Democratic presidential-primary roster and vote totals; DSA National endorsed Sanders on 2015-06-22 (https://www.dsausa.org/news/dsa-endorses-bernie-sanders-for-president/).
us-president-dem-primary-2016-fl-hillary-clinton,us-president-dem-primary-2016-fl,hillary-clinton,Hillary Clinton,Democratic,opponent,certified,Win,verified,https://www.fec.gov/introduction-campaign-finance/election-results-and-voting-information/federal-elections-2016/,Official FEC 2016 results compilation supplies the certified Florida Democratic presidential-primary roster and vote totals; DSA National endorsed Sanders on 2015-06-22 (https://www.dsausa.org/news/dsa-endorses-bernie-sanders-for-president/).
us-president-dem-primary-2016-fl-bernie-sanders,us-president-dem-primary-2016-fl,bernie-sanders,Bernie Sanders,Democratic,endorsed,certified,Loss,verified,https://www.fec.gov/introduction-campaign-finance/election-results-and-voting-information/federal-elections-2016/,Official FEC 2016 results compilation supplies the certified Florida Democratic presidential-primary roster and vote totals; DSA National endorsed Sanders on 2015-06-22 (https://www.dsausa.org/news/dsa-endorses-bernie-sanders-for-president/).
us-president-dem-primary-2016-fl-martin-j-o-malley,us-president-dem-primary-2016-fl,martin-j-o-malley,Martin J. O'Malley,Democratic,opponent,certified,Loss,verified,https://www.fec.gov/introduction-campaign-finance/election-results-and-voting-information/federal-elections-2016/,Official FEC 2016 results compilation supplies the certified Florida Democratic presidential-primary roster and vote totals; DSA National endorsed Sanders on 2015-06-22 (https://www.dsausa.org/news/dsa-endorses-bernie-sanders-for-president/).
us-president-dem-primary-2016-il-hillary-clinton,us-president-dem-primary-2016-il,hillary-clinton,Hillary Clinton,Democratic,opponent,certified,Win,verified,https://www.fec.gov/introduction-campaign-finance/election-results-and-voting-information/federal-elections-2016/,Official FEC 2016 results compilation supplies the certified Illinois Democratic presidential-primary roster and vote totals; DSA National endorsed Sanders on 2015-06-22 (https://www.dsausa.org/news/dsa-endorses-bernie-sanders-for-president/).
us-president-dem-primary-2016-il-bernie-sanders,us-president-dem-primary-2016-il,bernie-sanders,Bernie Sanders,Democratic,endorsed,certified,Loss,verified,https://www.fec.gov/introduction-campaign-finance/election-results-and-voting-information/federal-elections-2016/,Official FEC 2016 results compilation supplies the certified Illinois Democratic presidential-primary roster and vote totals; DSA National endorsed Sanders on 2015-06-22 (https://www.dsausa.org/news/dsa-endorses-bernie-sanders-for-president/).
us-president-dem-primary-2016-il-wille-l-wilson,us-president-dem-primary-2016-il,wille-l-wilson,Wille L. Wilson,Democratic,opponent,certified,Loss,verified,https://www.fec.gov/introduction-campaign-finance/election-results-and-voting-information/federal-elections-2016/,Official FEC 2016 results compilation supplies the certified Illinois Democratic presidential-primary roster and vote totals; DSA National endorsed Sanders on 2015-06-22 (https://www.dsausa.org/news/dsa-endorses-bernie-sanders-for-president/).
us-president-dem-primary-2016-il-martin-j-o-malley,us-president-dem-primary-2016-il,martin-j-o-malley,Martin J. O'Malley,Democratic,opponent,certified,Loss,verified,https://www.fec.gov/introduction-campaign-finance/election-results-and-voting-information/federal-elections-2016/,Official FEC 2016 results compilation supplies the certified Illinois Democratic presidential-primary roster and vote totals; DSA National endorsed Sanders on 2015-06-22 (https://www.dsausa.org/news/dsa-endorses-bernie-sanders-for-president/).
us-president-dem-primary-2016-il-larry-lawrence-cohen,us-president-dem-primary-2016-il,larry-lawrence-cohen,Larry (Lawrence) Cohen,Democratic,opponent,certified,Loss,verified,https://www.fec.gov/introduction-campaign-finance/election-results-and-voting-information/federal-elections-2016/,Official FEC 2016 results compilation supplies the certified Illinois Democratic presidential-primary roster and vote totals; DSA National endorsed Sanders on 2015-06-22 (https://www.dsausa.org/news/dsa-endorses-bernie-sanders-for-president/).
us-president-dem-primary-2016-il-roque-rocky-de-la-fuente,us-president-dem-primary-2016-il,roque-rocky-de-la-fuente,"Roque ""Rocky"" De La Fuente",Democratic,opponent,certified,Loss,verified,https://www.fec.gov/introduction-campaign-finance/election-results-and-voting-information/federal-elections-2016/,Official FEC 2016 results compilation supplies the certified Illinois Democratic presidential-primary roster and vote totals; DSA National endorsed Sanders on 2015-06-22 (https://www.dsausa.org/news/dsa-endorses-bernie-sanders-for-president/).
us-president-dem-primary-2016-mo-hillary-clinton,us-president-dem-primary-2016-mo,hillary-clinton,Hillary Clinton,Democratic,opponent,certified,Win,verified,https://www.fec.gov/introduction-campaign-finance/election-results-and-voting-information/federal-elections-2016/,Official FEC 2016 results compilation supplies the certified Missouri Democratic presidential-primary roster and vote totals; DSA National endorsed Sanders on 2015-06-22 (https://www.dsausa.org/news/dsa-endorses-bernie-sanders-for-president/).
us-president-dem-primary-2016-mo-bernie-sanders,us-president-dem-primary-2016-mo,bernie-sanders,Bernie Sanders,Democratic,endorsed,certified,Loss,verified,https://www.fec.gov/introduction-campaign-finance/election-results-and-voting-information/federal-elections-2016/,Official FEC 2016 results compilation supplies the certified Missouri Democratic presidential-primary roster and vote totals; DSA National endorsed Sanders on 2015-06-22 (https://www.dsausa.org/news/dsa-endorses-bernie-sanders-for-president/).
us-president-dem-primary-2016-mo-uncommitted,us-president-dem-primary-2016-mo,uncommitted,Uncommitted,Democratic,opponent,certified,Loss,verified,https://www.fec.gov/introduction-campaign-finance/election-results-and-voting-information/federal-elections-2016/,Official FEC 2016 results compilation supplies the certified Missouri Democratic presidential-primary roster and vote totals; DSA National endorsed Sanders on 2015-06-22 (https://www.dsausa.org/news/dsa-endorses-bernie-sanders-for-president/).
us-president-dem-primary-2016-mo-henry-hewes,us-president-dem-primary-2016-mo,henry-hewes,Henry Hewes,Democratic,opponent,certified,Loss,verified,https://www.fec.gov/introduction-campaign-finance/election-results-and-voting-information/federal-elections-2016/,Official FEC 2016 results compilation supplies the certified Missouri Democratic presidential-primary roster and vote totals; DSA National endorsed Sanders on 2015-06-22 (https://www.dsausa.org/news/dsa-endorses-bernie-sanders-for-president/).
us-president-dem-primary-2016-mo-martin-j-o-malley,us-president-dem-primary-2016-mo,martin-j-o-malley,Martin J. O'Malley,Democratic,opponent,certified,Loss,verified,https://www.fec.gov/introduction-campaign-finance/election-results-and-voting-information/federal-elections-2016/,Official FEC 2016 results compilation supplies the certified Missouri Democratic presidential-primary roster and vote totals; DSA National endorsed Sanders on 2015-06-22 (https://www.dsausa.org/news/dsa-endorses-bernie-sanders-for-president/).
us-president-dem-primary-2016-mo-jon-adams,us-president-dem-primary-2016-mo,jon-adams,Jon Adams,Democratic,opponent,certified,Loss,verified,https://www.fec.gov/introduction-campaign-finance/election-results-and-voting-information/federal-elections-2016/,Official FEC 2016 results compilation supplies the certified Missouri Democratic presidential-primary roster and vote totals; DSA National endorsed Sanders on 2015-06-22 (https://www.dsausa.org/news/dsa-endorses-bernie-sanders-for-president/).
us-president-dem-primary-2016-mo-roque-rocky-de-la-fuente,us-president-dem-primary-2016-mo,roque-rocky-de-la-fuente,"Roque ""Rocky"" De La Fuente",Democratic,opponent,certified,Loss,verified,https://www.fec.gov/introduction-campaign-finance/election-results-and-voting-information/federal-elections-2016/,Official FEC 2016 results compilation supplies the certified Missouri Democratic presidential-primary roster and vote totals; DSA National endorsed Sanders on 2015-06-22 (https://www.dsausa.org/news/dsa-endorses-bernie-sanders-for-president/).
us-president-dem-primary-2016-mo-willie-l-wilson,us-president-dem-primary-2016-mo,willie-l-wilson,Willie L. Wilson,Democratic,opponent,certified,Loss,verified,https://www.fec.gov/introduction-campaign-finance/election-results-and-voting-information/federal-elections-2016/,Official FEC 2016 results compilation supplies the certified Missouri Democratic presidential-primary roster and vote totals; DSA National endorsed Sanders on 2015-06-22 (https://www.dsausa.org/news/dsa-endorses-bernie-sanders-for-president/).
us-president-dem-primary-2016-mo-keith-judd,us-president-dem-primary-2016-mo,keith-judd,Keith Judd,Democratic,opponent,certified,Loss,verified,https://www.fec.gov/introduction-campaign-finance/election-results-and-voting-information/federal-elections-2016/,Official FEC 2016 results compilation supplies the certified Missouri Democratic presidential-primary roster and vote totals; DSA National endorsed Sanders on 2015-06-22 (https://www.dsausa.org/news/dsa-endorses-bernie-sanders-for-president/).
us-president-dem-primary-2016-mo-john-wolfe,us-president-dem-primary-2016-mo,john-wolfe,John Wolfe,Democratic,opponent,certified,Loss,verified,https://www.fec.gov/introduction-campaign-finance/election-results-and-voting-information/federal-elections-2016/,Official FEC 2016 results compilation supplies the certified Missouri Democratic presidential-primary roster and vote totals; DSA National endorsed Sanders on 2015-06-22 (https://www.dsausa.org/news/dsa-endorses-bernie-sanders-for-president/).
us-president-dem-primary-2016-nc-hillary-clinton,us-president-dem-primary-2016-nc,hillary-clinton,Hillary Clinton,Democratic,opponent,certified,Win,verified,https://www.fec.gov/introduction-campaign-finance/election-results-and-voting-information/federal-elections-2016/,Official FEC 2016 results compilation supplies the certified North Carolina Democratic presidential-primary roster and vote totals; DSA National endorsed Sanders on 2015-06-22 (https://www.dsausa.org/news/dsa-endorses-bernie-sanders-for-president/).
us-president-dem-primary-2016-nc-bernie-sanders,us-president-dem-primary-2016-nc,bernie-sanders,Bernie Sanders,Democratic,endorsed,certified,Loss,verified,https://www.fec.gov/introduction-campaign-finance/election-results-and-voting-information/federal-elections-2016/,Official FEC 2016 results compilation supplies the certified North Carolina Democratic presidential-primary roster and vote totals; DSA National endorsed Sanders on 2015-06-22 (https://www.dsausa.org/news/dsa-endorses-bernie-sanders-for-president/).
us-president-dem-primary-2016-nc-no-preference,us-president-dem-primary-2016-nc,no-preference,No Preference,Democratic,opponent,certified,Loss,verified,https://www.fec.gov/introduction-campaign-finance/election-results-and-voting-information/federal-elections-2016/,Official FEC 2016 results compilation supplies the certified North Carolina Democratic presidential-primary roster and vote totals; DSA National endorsed Sanders on 2015-06-22 (https://www.dsausa.org/news/dsa-endorses-bernie-sanders-for-president/).
us-president-dem-primary-2016-nc-martin-o-malley,us-president-dem-primary-2016-nc,martin-o-malley,Martin O'Malley,Democratic,opponent,certified,Loss,verified,https://www.fec.gov/introduction-campaign-finance/election-results-and-voting-information/federal-elections-2016/,Official FEC 2016 results compilation supplies the certified North Carolina Democratic presidential-primary roster and vote totals; DSA National endorsed Sanders on 2015-06-22 (https://www.dsausa.org/news/dsa-endorses-bernie-sanders-for-president/).
us-president-dem-primary-2016-nc-roque-rocky-de-la-fuente,us-president-dem-primary-2016-nc,roque-rocky-de-la-fuente,"Roque ""Rocky"" De La Fuente",Democratic,opponent,certified,Loss,verified,https://www.fec.gov/introduction-campaign-finance/election-results-and-voting-information/federal-elections-2016/,Official FEC 2016 results compilation supplies the certified North Carolina Democratic presidential-primary roster and vote totals; DSA National endorsed Sanders on 2015-06-22 (https://www.dsausa.org/news/dsa-endorses-bernie-sanders-for-president/).
us-president-dem-primary-2016-oh-hillary-clinton,us-president-dem-primary-2016-oh,hillary-clinton,Hillary Clinton,Democratic,opponent,certified,Win,verified,https://www.fec.gov/introduction-campaign-finance/election-results-and-voting-information/federal-elections-2016/,Official FEC 2016 results compilation supplies the certified Ohio Democratic presidential-primary roster and vote totals; DSA National endorsed Sanders on 2015-06-22 (https://www.dsausa.org/news/dsa-endorses-bernie-sanders-for-president/).
us-president-dem-primary-2016-oh-bernie-sanders,us-president-dem-primary-2016-oh,bernie-sanders,Bernie Sanders,Democratic,endorsed,certified,Loss,verified,https://www.fec.gov/introduction-campaign-finance/election-results-and-voting-information/federal-elections-2016/,Official FEC 2016 results compilation supplies the certified Ohio Democratic presidential-primary roster and vote totals; DSA National endorsed Sanders on 2015-06-22 (https://www.dsausa.org/news/dsa-endorses-bernie-sanders-for-president/).
us-president-dem-primary-2016-oh-roque-rocky-de-la-fuente,us-president-dem-primary-2016-oh,roque-rocky-de-la-fuente,"Roque ""Rocky"" De La Fuente",Democratic,opponent,certified,Loss,verified,https://www.fec.gov/introduction-campaign-finance/election-results-and-voting-information/federal-elections-2016/,Official FEC 2016 results compilation supplies the certified Ohio Democratic presidential-primary roster and vote totals; DSA National endorsed Sanders on 2015-06-22 (https://www.dsausa.org/news/dsa-endorses-bernie-sanders-for-president/).
us-president-dem-primary-2016-az-hillary-clinton,us-president-dem-primary-2016-az,hillary-clinton,Hillary Clinton,Democratic,opponent,certified,Win,verified,https://www.fec.gov/introduction-campaign-finance/election-results-and-voting-information/federal-elections-2016/,Official FEC 2016 results compilation supplies the certified Arizona Democratic presidential-primary roster and vote totals; DSA National endorsed Sanders on 2015-06-22 (https://www.dsausa.org/news/dsa-endorses-bernie-sanders-for-president/).
us-president-dem-primary-2016-az-bernie-sanders,us-president-dem-primary-2016-az,bernie-sanders,Bernie Sanders,Democratic,endorsed,certified,Loss,verified,https://www.fec.gov/introduction-campaign-finance/election-results-and-voting-information/federal-elections-2016/,Official FEC 2016 results compilation supplies the certified Arizona Democratic presidential-primary roster and vote totals; DSA National endorsed Sanders on 2015-06-22 (https://www.dsausa.org/news/dsa-endorses-bernie-sanders-for-president/).
us-president-dem-primary-2016-az-martin-o-malley,us-president-dem-primary-2016-az,martin-o-malley,Martin O'Malley,Democratic,opponent,certified,Loss,verified,https://www.fec.gov/introduction-campaign-finance/election-results-and-voting-information/federal-elections-2016/,Official FEC 2016 results compilation supplies the certified Arizona Democratic presidential-primary roster and vote totals; DSA National endorsed Sanders on 2015-06-22 (https://www.dsausa.org/news/dsa-endorses-bernie-sanders-for-president/).
us-president-dem-primary-2016-az-roque-rocky-de-la-fuente,us-president-dem-primary-2016-az,roque-rocky-de-la-fuente,"Roque ""Rocky"" De La Fuente",Democratic,opponent,certified,Loss,verified,https://www.fec.gov/introduction-campaign-finance/election-results-and-voting-information/federal-elections-2016/,Official FEC 2016 results compilation supplies the certified Arizona Democratic presidential-primary roster and vote totals; DSA National endorsed Sanders on 2015-06-22 (https://www.dsausa.org/news/dsa-endorses-bernie-sanders-for-president/).
us-president-dem-primary-2016-az-michael-steinberg,us-president-dem-primary-2016-az,michael-steinberg,Michael Steinberg,Democratic,opponent,certified,Loss,verified,https://www.fec.gov/introduction-campaign-finance/election-results-and-voting-information/federal-elections-2016/,Official FEC 2016 results compilation supplies the certified Arizona Democratic presidential-primary roster and vote totals; DSA National endorsed Sanders on 2015-06-22 (https://www.dsausa.org/news/dsa-endorses-bernie-sanders-for-president/).
us-president-dem-primary-2016-az-henry-hewes,us-president-dem-primary-2016-az,henry-hewes,Henry Hewes,Democratic,opponent,certified,Loss,verified,https://www.fec.gov/introduction-campaign-finance/election-results-and-voting-information/federal-elections-2016/,Official FEC 2016 results compilation supplies the certified Arizona Democratic presidential-primary roster and vote totals; DSA National endorsed Sanders on 2015-06-22 (https://www.dsausa.org/news/dsa-endorses-bernie-sanders-for-president/).
us-president-dem-primary-2016-wi-bernie-sanders,us-president-dem-primary-2016-wi,bernie-sanders,Bernie Sanders,Democratic,endorsed,certified,Win,verified,https://www.fec.gov/introduction-campaign-finance/election-results-and-voting-information/federal-elections-2016/,Official FEC 2016 results compilation supplies the certified Wisconsin Democratic presidential-primary roster and vote totals; DSA National endorsed Sanders on 2015-06-22 (https://www.dsausa.org/news/dsa-endorses-bernie-sanders-for-president/).
us-president-dem-primary-2016-wi-hillary-clinton,us-president-dem-primary-2016-wi,hillary-clinton,Hillary Clinton,Democratic,opponent,certified,Loss,verified,https://www.fec.gov/introduction-campaign-finance/election-results-and-voting-information/federal-elections-2016/,Official FEC 2016 results compilation supplies the certified Wisconsin Democratic presidential-primary roster and vote totals; DSA National endorsed Sanders on 2015-06-22 (https://www.dsausa.org/news/dsa-endorses-bernie-sanders-for-president/).
us-president-dem-primary-2016-wi-martin-j-o-malley,us-president-dem-primary-2016-wi,martin-j-o-malley,Martin J. O'Malley,Democratic,opponent,certified,Loss,verified,https://www.fec.gov/introduction-campaign-finance/election-results-and-voting-information/federal-elections-2016/,Official FEC 2016 results compilation supplies the certified Wisconsin Democratic presidential-primary roster and vote totals; DSA National endorsed Sanders on 2015-06-22 (https://www.dsausa.org/news/dsa-endorses-bernie-sanders-for-president/).
us-president-dem-primary-2016-wi-uninstructed-delegation,us-president-dem-primary-2016-wi,uninstructed-delegation,Uninstructed Delegation,Democratic,opponent,certified,Loss,verified,https://www.fec.gov/introduction-campaign-finance/election-results-and-voting-information/federal-elections-2016/,Official FEC 2016 results compilation supplies the certified Wisconsin Democratic presidential-primary roster and vote totals; DSA National endorsed Sanders on 2015-06-22 (https://www.dsausa.org/news/dsa-endorses-bernie-sanders-for-president/).
us-president-dem-primary-2016-wi-roque-rocky-de-la-fuente,us-president-dem-primary-2016-wi,roque-rocky-de-la-fuente,Roque Rocky De La Fuente,Democratic,opponent,certified,Loss,verified,https://www.fec.gov/introduction-campaign-finance/election-results-and-voting-information/federal-elections-2016/,Official FEC 2016 results compilation supplies the certified Wisconsin Democratic presidential-primary roster and vote totals; DSA National endorsed Sanders on 2015-06-22 (https://www.dsausa.org/news/dsa-endorses-bernie-sanders-for-president/).
us-president-dem-primary-2016-ny-hillary-clinton,us-president-dem-primary-2016-ny,hillary-clinton,Hillary Clinton,Democratic,opponent,certified,Win,verified,https://www.fec.gov/introduction-campaign-finance/election-results-and-voting-information/federal-elections-2016/,Official FEC 2016 results compilation supplies the certified New York Democratic presidential-primary roster and vote totals; DSA National endorsed Sanders on 2015-06-22 (https://www.dsausa.org/news/dsa-endorses-bernie-sanders-for-president/).
us-president-dem-primary-2016-ny-bernie-sanders,us-president-dem-primary-2016-ny,bernie-sanders,Bernie Sanders,Democratic,endorsed,certified,Loss,verified,https://www.fec.gov/introduction-campaign-finance/election-results-and-voting-information/federal-elections-2016/,Official FEC 2016 results compilation supplies the certified New York Democratic presidential-primary roster and vote totals; DSA National endorsed Sanders on 2015-06-22 (https://www.dsausa.org/news/dsa-endorses-bernie-sanders-for-president/).
us-president-dem-primary-2016-ct-hillary-clinton,us-president-dem-primary-2016-ct,hillary-clinton,Hillary Clinton,Democratic,opponent,certified,Win,verified,https://www.fec.gov/introduction-campaign-finance/election-results-and-voting-information/federal-elections-2016/,Official FEC 2016 results compilation supplies the certified Connecticut Democratic presidential-primary roster and vote totals; DSA National endorsed Sanders on 2015-06-22 (https://www.dsausa.org/news/dsa-endorses-bernie-sanders-for-president/).
us-president-dem-primary-2016-ct-bernie-sanders,us-president-dem-primary-2016-ct,bernie-sanders,Bernie Sanders,Democratic,endorsed,certified,Loss,verified,https://www.fec.gov/introduction-campaign-finance/election-results-and-voting-information/federal-elections-2016/,Official FEC 2016 results compilation supplies the certified Connecticut Democratic presidential-primary roster and vote totals; DSA National endorsed Sanders on 2015-06-22 (https://www.dsausa.org/news/dsa-endorses-bernie-sanders-for-president/).
us-president-dem-primary-2016-ct-uncommitted,us-president-dem-primary-2016-ct,uncommitted,Uncommitted,Democratic,opponent,certified,Loss,verified,https://www.fec.gov/introduction-campaign-finance/election-results-and-voting-information/federal-elections-2016/,Official FEC 2016 results compilation supplies the certified Connecticut Democratic presidential-primary roster and vote totals; DSA National endorsed Sanders on 2015-06-22 (https://www.dsausa.org/news/dsa-endorses-bernie-sanders-for-president/).
us-president-dem-primary-2016-ct-roque-rocky-de-la-fuente,us-president-dem-primary-2016-ct,roque-rocky-de-la-fuente,"Roque ""Rocky"" De La Fuente",Democratic,opponent,certified,Loss,verified,https://www.fec.gov/introduction-campaign-finance/election-results-and-voting-information/federal-elections-2016/,Official FEC 2016 results compilation supplies the certified Connecticut Democratic presidential-primary roster and vote totals; DSA National endorsed Sanders on 2015-06-22 (https://www.dsausa.org/news/dsa-endorses-bernie-sanders-for-president/).
us-president-dem-primary-2016-de-hillary-clinton,us-president-dem-primary-2016-de,hillary-clinton,Hillary Clinton,Democratic,opponent,certified,Win,verified,https://www.fec.gov/introduction-campaign-finance/election-results-and-voting-information/federal-elections-2016/,Official FEC 2016 results compilation supplies the certified Delaware Democratic presidential-primary roster and vote totals; DSA National endorsed Sanders on 2015-06-22 (https://www.dsausa.org/news/dsa-endorses-bernie-sanders-for-president/).
us-president-dem-primary-2016-de-bernie-sanders,us-president-dem-primary-2016-de,bernie-sanders,Bernie Sanders,Democratic,endorsed,certified,Loss,verified,https://www.fec.gov/introduction-campaign-finance/election-results-and-voting-information/federal-elections-2016/,Official FEC 2016 results compilation supplies the certified Delaware Democratic presidential-primary roster and vote totals; DSA National endorsed Sanders on 2015-06-22 (https://www.dsausa.org/news/dsa-endorses-bernie-sanders-for-president/).
us-president-dem-primary-2016-de-roque-rocky-de-la-fuente,us-president-dem-primary-2016-de,roque-rocky-de-la-fuente,"Roque ""Rocky"" De La Fuente",Democratic,opponent,certified,Loss,verified,https://www.fec.gov/introduction-campaign-finance/election-results-and-voting-information/federal-elections-2016/,Official FEC 2016 results compilation supplies the certified Delaware Democratic presidential-primary roster and vote totals; DSA National endorsed Sanders on 2015-06-22 (https://www.dsausa.org/news/dsa-endorses-bernie-sanders-for-president/).
us-president-dem-primary-2016-md-hillary-clinton,us-president-dem-primary-2016-md,hillary-clinton,Hillary Clinton,Democratic,opponent,certified,Win,verified,https://www.fec.gov/introduction-campaign-finance/election-results-and-voting-information/federal-elections-2016/,Official FEC 2016 results compilation supplies the certified Maryland Democratic presidential-primary roster and vote totals; DSA National endorsed Sanders on 2015-06-22 (https://www.dsausa.org/news/dsa-endorses-bernie-sanders-for-president/).
us-president-dem-primary-2016-md-bernie-sanders,us-president-dem-primary-2016-md,bernie-sanders,Bernie Sanders,Democratic,endorsed,certified,Loss,verified,https://www.fec.gov/introduction-campaign-finance/election-results-and-voting-information/federal-elections-2016/,Official FEC 2016 results compilation supplies the certified Maryland Democratic presidential-primary roster and vote totals; DSA National endorsed Sanders on 2015-06-22 (https://www.dsausa.org/news/dsa-endorses-bernie-sanders-for-president/).
us-president-dem-primary-2016-md-uncommitted,us-president-dem-primary-2016-md,uncommitted,Uncommitted,Democratic,opponent,certified,Loss,verified,https://www.fec.gov/introduction-campaign-finance/election-results-and-voting-information/federal-elections-2016/,Official FEC 2016 results compilation supplies the certified Maryland Democratic presidential-primary roster and vote totals; DSA National endorsed Sanders on 2015-06-22 (https://www.dsausa.org/news/dsa-endorses-bernie-sanders-for-president/).
us-president-dem-primary-2016-md-roque-rocky-de-la-fuente,us-president-dem-primary-2016-md,roque-rocky-de-la-fuente,"Roque ""Rocky"" De La Fuente",Democratic,opponent,certified,Loss,verified,https://www.fec.gov/introduction-campaign-finance/election-results-and-voting-information/federal-elections-2016/,Official FEC 2016 results compilation supplies the certified Maryland Democratic presidential-primary roster and vote totals; DSA National endorsed Sanders on 2015-06-22 (https://www.dsausa.org/news/dsa-endorses-bernie-sanders-for-president/).
us-president-dem-primary-2016-pa-hillary-clinton,us-president-dem-primary-2016-pa,hillary-clinton,Hillary Clinton,Democratic,opponent,certified,Win,verified,https://www.fec.gov/introduction-campaign-finance/election-results-and-voting-information/federal-elections-2016/,Official FEC 2016 results compilation supplies the certified Pennsylvania Democratic presidential-primary roster and vote totals; DSA National endorsed Sanders on 2015-06-22 (https://www.dsausa.org/news/dsa-endorses-bernie-sanders-for-president/).
us-president-dem-primary-2016-pa-bernie-sanders,us-president-dem-primary-2016-pa,bernie-sanders,Bernie Sanders,Democratic,endorsed,certified,Loss,verified,https://www.fec.gov/introduction-campaign-finance/election-results-and-voting-information/federal-elections-2016/,Official FEC 2016 results compilation supplies the certified Pennsylvania Democratic presidential-primary roster and vote totals; DSA National endorsed Sanders on 2015-06-22 (https://www.dsausa.org/news/dsa-endorses-bernie-sanders-for-president/).
us-president-dem-primary-2016-pa-roque-rocky-de-la-fuente,us-president-dem-primary-2016-pa,roque-rocky-de-la-fuente,Roque Rocky De La Fuente,Democratic,opponent,certified,Loss,verified,https://www.fec.gov/introduction-campaign-finance/election-results-and-voting-information/federal-elections-2016/,Official FEC 2016 results compilation supplies the certified Pennsylvania Democratic presidential-primary roster and vote totals; DSA National endorsed Sanders on 2015-06-22 (https://www.dsausa.org/news/dsa-endorses-bernie-sanders-for-president/).
us-president-dem-primary-2016-ri-bernie-sanders,us-president-dem-primary-2016-ri,bernie-sanders,Bernie Sanders,Democratic,endorsed,certified,Win,verified,https://www.fec.gov/introduction-campaign-finance/election-results-and-voting-information/federal-elections-2016/,Official FEC 2016 results compilation supplies the certified Rhode Island Democratic presidential-primary roster and vote totals; DSA National endorsed Sanders on 2015-06-22 (https://www.dsausa.org/news/dsa-endorses-bernie-sanders-for-president/).
us-president-dem-primary-2016-ri-hillary-clinton,us-president-dem-primary-2016-ri,hillary-clinton,Hillary Clinton,Democratic,opponent,certified,Loss,verified,https://www.fec.gov/introduction-campaign-finance/election-results-and-voting-information/federal-elections-2016/,Official FEC 2016 results compilation supplies the certified Rhode Island Democratic presidential-primary roster and vote totals; DSA National endorsed Sanders on 2015-06-22 (https://www.dsausa.org/news/dsa-endorses-bernie-sanders-for-president/).
us-president-dem-primary-2016-ri-uncommitted,us-president-dem-primary-2016-ri,uncommitted,Uncommitted,Democratic,opponent,certified,Loss,verified,https://www.fec.gov/introduction-campaign-finance/election-results-and-voting-information/federal-elections-2016/,Official FEC 2016 results compilation supplies the certified Rhode Island Democratic presidential-primary roster and vote totals; DSA National endorsed Sanders on 2015-06-22 (https://www.dsausa.org/news/dsa-endorses-bernie-sanders-for-president/).
us-president-dem-primary-2016-ri-mark-stewart,us-president-dem-primary-2016-ri,mark-stewart,Mark Stewart,Democratic,opponent,certified,Loss,verified,https://www.fec.gov/introduction-campaign-finance/election-results-and-voting-information/federal-elections-2016/,Official FEC 2016 results compilation supplies the certified Rhode Island Democratic presidential-primary roster and vote totals; DSA National endorsed Sanders on 2015-06-22 (https://www.dsausa.org/news/dsa-endorses-bernie-sanders-for-president/).
us-president-dem-primary-2016-ri-roque-rocky-de-la-fuente,us-president-dem-primary-2016-ri,roque-rocky-de-la-fuente,"Roque ""Rocky"" De La Fuente",Democratic,opponent,certified,Loss,verified,https://www.fec.gov/introduction-campaign-finance/election-results-and-voting-information/federal-elections-2016/,Official FEC 2016 results compilation supplies the certified Rhode Island Democratic presidential-primary roster and vote totals; DSA National endorsed Sanders on 2015-06-22 (https://www.dsausa.org/news/dsa-endorses-bernie-sanders-for-president/).
us-president-dem-primary-2016-in-bernie-sanders,us-president-dem-primary-2016-in,bernie-sanders,Bernie Sanders,Democratic,endorsed,certified,Win,verified,https://www.fec.gov/introduction-campaign-finance/election-results-and-voting-information/federal-elections-2016/,Official FEC 2016 results compilation supplies the certified Indiana Democratic presidential-primary roster and vote totals; DSA National endorsed Sanders on 2015-06-22 (https://www.dsausa.org/news/dsa-endorses-bernie-sanders-for-president/).
us-president-dem-primary-2016-in-hillary-clinton,us-president-dem-primary-2016-in,hillary-clinton,Hillary Clinton,Democratic,opponent,certified,Loss,verified,https://www.fec.gov/introduction-campaign-finance/election-results-and-voting-information/federal-elections-2016/,Official FEC 2016 results compilation supplies the certified Indiana Democratic presidential-primary roster and vote totals; DSA National endorsed Sanders on 2015-06-22 (https://www.dsausa.org/news/dsa-endorses-bernie-sanders-for-president/).
us-president-dem-primary-2016-ne-hillary-clinton,us-president-dem-primary-2016-ne,hillary-clinton,Hillary Clinton,Democratic,opponent,certified,Win,verified,https://www.fec.gov/introduction-campaign-finance/election-results-and-voting-information/federal-elections-2016/,Official FEC 2016 results compilation supplies the certified Nebraska Democratic presidential-primary roster and vote totals; DSA National endorsed Sanders on 2015-06-22 (https://www.dsausa.org/news/dsa-endorses-bernie-sanders-for-president/).
us-president-dem-primary-2016-ne-bernie-sanders,us-president-dem-primary-2016-ne,bernie-sanders,Bernie Sanders,Democratic,endorsed,certified,Loss,verified,https://www.fec.gov/introduction-campaign-finance/election-results-and-voting-information/federal-elections-2016/,Official FEC 2016 results compilation supplies the certified Nebraska Democratic presidential-primary roster and vote totals; DSA National endorsed Sanders on 2015-06-22 (https://www.dsausa.org/news/dsa-endorses-bernie-sanders-for-president/).
us-president-dem-primary-2016-wv-bernie-sanders,us-president-dem-primary-2016-wv,bernie-sanders,Bernie Sanders,Democratic,endorsed,certified,Win,verified,https://www.fec.gov/introduction-campaign-finance/election-results-and-voting-information/federal-elections-2016/,Official FEC 2016 results compilation supplies the certified West Virginia Democratic presidential-primary roster and vote totals; DSA National endorsed Sanders on 2015-06-22 (https://www.dsausa.org/news/dsa-endorses-bernie-sanders-for-president/).
us-president-dem-primary-2016-wv-hillary-clinton,us-president-dem-primary-2016-wv,hillary-clinton,Hillary Clinton,Democratic,opponent,certified,Loss,verified,https://www.fec.gov/introduction-campaign-finance/election-results-and-voting-information/federal-elections-2016/,Official FEC 2016 results compilation supplies the certified West Virginia Democratic presidential-primary roster and vote totals; DSA National endorsed Sanders on 2015-06-22 (https://www.dsausa.org/news/dsa-endorses-bernie-sanders-for-president/).
us-president-dem-primary-2016-wv-paul-t-jr-farrell,us-president-dem-primary-2016-wv,paul-t-jr-farrell,"Paul T., Jr. Farrell",Democratic,opponent,certified,Loss,verified,https://www.fec.gov/introduction-campaign-finance/election-results-and-voting-information/federal-elections-2016/,Official FEC 2016 results compilation supplies the certified West Virginia Democratic presidential-primary roster and vote totals; DSA National endorsed Sanders on 2015-06-22 (https://www.dsausa.org/news/dsa-endorses-bernie-sanders-for-president/).
us-president-dem-primary-2016-wv-keith-judd,us-president-dem-primary-2016-wv,keith-judd,Keith Judd,Democratic,opponent,certified,Loss,verified,https://www.fec.gov/introduction-campaign-finance/election-results-and-voting-information/federal-elections-2016/,Official FEC 2016 results compilation supplies the certified West Virginia Democratic presidential-primary roster and vote totals; DSA National endorsed Sanders on 2015-06-22 (https://www.dsausa.org/news/dsa-endorses-bernie-sanders-for-president/).
us-president-dem-primary-2016-wv-martin-j-o-malley,us-president-dem-primary-2016-wv,martin-j-o-malley,Martin J. O'Malley,Democratic,opponent,certified,Loss,verified,https://www.fec.gov/introduction-campaign-finance/election-results-and-voting-information/federal-elections-2016/,Official FEC 2016 results compilation supplies the certified West Virginia Democratic presidential-primary roster and vote totals; DSA National endorsed Sanders on 2015-06-22 (https://www.dsausa.org/news/dsa-endorses-bernie-sanders-for-president/).
us-president-dem-primary-2016-wv-roque-rocky-de-la-fuente,us-president-dem-primary-2016-wv,roque-rocky-de-la-fuente,Roque Rocky De La Fuente,Democratic,opponent,certified,Loss,verified,https://www.fec.gov/introduction-campaign-finance/election-results-and-voting-information/federal-elections-2016/,Official FEC 2016 results compilation supplies the certified West Virginia Democratic presidential-primary roster and vote totals; DSA National endorsed Sanders on 2015-06-22 (https://www.dsausa.org/news/dsa-endorses-bernie-sanders-for-president/).
us-president-dem-primary-2016-or-bernie-sanders,us-president-dem-primary-2016-or,bernie-sanders,Bernie Sanders,Democratic,endorsed,certified,Win,verified,https://www.fec.gov/introduction-campaign-finance/election-results-and-voting-information/federal-elections-2016/,Official FEC 2016 results compilation supplies the certified Oregon Democratic presidential-primary roster and vote totals; DSA National endorsed Sanders on 2015-06-22 (https://www.dsausa.org/news/dsa-endorses-bernie-sanders-for-president/).
us-president-dem-primary-2016-or-hillary-clinton,us-president-dem-primary-2016-or,hillary-clinton,Hillary Clinton,Democratic,opponent,certified,Loss,verified,https://www.fec.gov/introduction-campaign-finance/election-results-and-voting-information/federal-elections-2016/,Official FEC 2016 results compilation supplies the certified Oregon Democratic presidential-primary roster and vote totals; DSA National endorsed Sanders on 2015-06-22 (https://www.dsausa.org/news/dsa-endorses-bernie-sanders-for-president/).
us-president-dem-primary-2016-wa-hillary-clinton,us-president-dem-primary-2016-wa,hillary-clinton,Hillary Clinton,Democratic,opponent,certified,Win,verified,https://www.fec.gov/introduction-campaign-finance/election-results-and-voting-information/federal-elections-2016/,Official FEC 2016 results compilation supplies the certified Washington Democratic presidential-primary roster and vote totals; DSA National endorsed Sanders on 2015-06-22 (https://www.dsausa.org/news/dsa-endorses-bernie-sanders-for-president/).
us-president-dem-primary-2016-wa-bernie-sanders,us-president-dem-primary-2016-wa,bernie-sanders,Bernie Sanders,Democratic,endorsed,certified,Loss,verified,https://www.fec.gov/introduction-campaign-finance/election-results-and-voting-information/federal-elections-2016/,Official FEC 2016 results compilation supplies the certified Washington Democratic presidential-primary roster and vote totals; DSA National endorsed Sanders on 2015-06-22 (https://www.dsausa.org/news/dsa-endorses-bernie-sanders-for-president/).
us-president-dem-primary-2016-pr-hillary-clinton,us-president-dem-primary-2016-pr,hillary-clinton,Hillary Clinton,Democratic,opponent,certified,Win,verified,https://www.fec.gov/introduction-campaign-finance/election-results-and-voting-information/federal-elections-2016/,Official FEC 2016 results compilation supplies the certified Puerto Rico Democratic presidential-primary roster and vote totals; DSA National endorsed Sanders on 2015-06-22 (https://www.dsausa.org/news/dsa-endorses-bernie-sanders-for-president/).
us-president-dem-primary-2016-pr-bernie-sanders,us-president-dem-primary-2016-pr,bernie-sanders,Bernie Sanders,Democratic,endorsed,certified,Loss,verified,https://www.fec.gov/introduction-campaign-finance/election-results-and-voting-information/federal-elections-2016/,Official FEC 2016 results compilation supplies the certified Puerto Rico Democratic presidential-primary roster and vote totals; DSA National endorsed Sanders on 2015-06-22 (https://www.dsausa.org/news/dsa-endorses-bernie-sanders-for-president/).
us-president-dem-primary-2016-pr-rocky-roque-de-la-fuente,us-president-dem-primary-2016-pr,rocky-roque-de-la-fuente,"""Rocky"" Roque De La Fuente",Democratic,opponent,certified,Loss,verified,https://www.fec.gov/introduction-campaign-finance/election-results-and-voting-information/federal-elections-2016/,Official FEC 2016 results compilation supplies the certified Puerto Rico Democratic presidential-primary roster and vote totals; DSA National endorsed Sanders on 2015-06-22 (https://www.dsausa.org/news/dsa-endorses-bernie-sanders-for-president/).
us-president-dem-primary-2016-ca-hillary-clinton,us-president-dem-primary-2016-ca,hillary-clinton,Hillary Clinton,Democratic,opponent,certified,Win,verified,https://www.fec.gov/introduction-campaign-finance/election-results-and-voting-information/federal-elections-2016/,Official FEC 2016 results compilation supplies the certified California Democratic presidential-primary roster and vote totals; DSA National endorsed Sanders on 2015-06-22 (https://www.dsausa.org/news/dsa-endorses-bernie-sanders-for-president/).
us-president-dem-primary-2016-ca-bernie-sanders,us-president-dem-primary-2016-ca,bernie-sanders,Bernie Sanders,Democratic,endorsed,certified,Loss,verified,https://www.fec.gov/introduction-campaign-finance/election-results-and-voting-information/federal-elections-2016/,Official FEC 2016 results compilation supplies the certified California Democratic presidential-primary roster and vote totals; DSA National endorsed Sanders on 2015-06-22 (https://www.dsausa.org/news/dsa-endorses-bernie-sanders-for-president/).
us-president-dem-primary-2016-ca-willie-wilson,us-president-dem-primary-2016-ca,willie-wilson,Willie Wilson,Democratic,opponent,certified,Loss,verified,https://www.fec.gov/introduction-campaign-finance/election-results-and-voting-information/federal-elections-2016/,Official FEC 2016 results compilation supplies the certified California Democratic presidential-primary roster and vote totals; DSA National endorsed Sanders on 2015-06-22 (https://www.dsausa.org/news/dsa-endorses-bernie-sanders-for-president/).
us-president-dem-primary-2016-ca-michael-steinberg,us-president-dem-primary-2016-ca,michael-steinberg,Michael Steinberg,Democratic,opponent,certified,Loss,verified,https://www.fec.gov/introduction-campaign-finance/election-results-and-voting-information/federal-elections-2016/,Official FEC 2016 results compilation supplies the certified California Democratic presidential-primary roster and vote totals; DSA National endorsed Sanders on 2015-06-22 (https://www.dsausa.org/news/dsa-endorses-bernie-sanders-for-president/).
us-president-dem-primary-2016-ca-roque-rocky-de-la-fuente,us-president-dem-primary-2016-ca,roque-rocky-de-la-fuente,"Roque ""Rocky"" De La Fuente",Democratic,opponent,certified,Loss,verified,https://www.fec.gov/introduction-campaign-finance/election-results-and-voting-information/federal-elections-2016/,Official FEC 2016 results compilation supplies the certified California Democratic presidential-primary roster and vote totals; DSA National endorsed Sanders on 2015-06-22 (https://www.dsausa.org/news/dsa-endorses-bernie-sanders-for-president/).
us-president-dem-primary-2016-ca-henry-hewes,us-president-dem-primary-2016-ca,henry-hewes,Henry Hewes,Democratic,opponent,certified,Loss,verified,https://www.fec.gov/introduction-campaign-finance/election-results-and-voting-information/federal-elections-2016/,Official FEC 2016 results compilation supplies the certified California Democratic presidential-primary roster and vote totals; DSA National endorsed Sanders on 2015-06-22 (https://www.dsausa.org/news/dsa-endorses-bernie-sanders-for-president/).
us-president-dem-primary-2016-ca-keith-judd,us-president-dem-primary-2016-ca,keith-judd,Keith Judd,Democratic,opponent,certified,Loss,verified,https://www.fec.gov/introduction-campaign-finance/election-results-and-voting-information/federal-elections-2016/,Official FEC 2016 results compilation supplies the certified California Democratic presidential-primary roster and vote totals; DSA National endorsed Sanders on 2015-06-22 (https://www.dsausa.org/news/dsa-endorses-bernie-sanders-for-president/).
us-president-dem-primary-2016-mt-bernie-sanders,us-president-dem-primary-2016-mt,bernie-sanders,Bernie Sanders,Democratic,endorsed,certified,Win,verified,https://www.fec.gov/introduction-campaign-finance/election-results-and-voting-information/federal-elections-2016/,Official FEC 2016 results compilation supplies the certified Montana Democratic presidential-primary roster and vote totals; DSA National endorsed Sanders on 2015-06-22 (https://www.dsausa.org/news/dsa-endorses-bernie-sanders-for-president/).
us-president-dem-primary-2016-mt-hillary-clinton,us-president-dem-primary-2016-mt,hillary-clinton,Hillary Clinton,Democratic,opponent,certified,Loss,verified,https://www.fec.gov/introduction-campaign-finance/election-results-and-voting-information/federal-elections-2016/,Official FEC 2016 results compilation supplies the certified Montana Democratic presidential-primary roster and vote totals; DSA National endorsed Sanders on 2015-06-22 (https://www.dsausa.org/news/dsa-endorses-bernie-sanders-for-president/).
us-president-dem-primary-2016-mt-no-preference,us-president-dem-primary-2016-mt,no-preference,No Preference,Democratic,opponent,certified,Loss,verified,https://www.fec.gov/introduction-campaign-finance/election-results-and-voting-information/federal-elections-2016/,Official FEC 2016 results compilation supplies the certified Montana Democratic presidential-primary roster and vote totals; DSA National endorsed Sanders on 2015-06-22 (https://www.dsausa.org/news/dsa-endorses-bernie-sanders-for-president/).
us-president-dem-primary-2016-nj-hillary-clinton,us-president-dem-primary-2016-nj,hillary-clinton,Hillary Clinton,Democratic,opponent,certified,Win,verified,https://www.fec.gov/introduction-campaign-finance/election-results-and-voting-information/federal-elections-2016/,Official FEC 2016 results compilation supplies the certified New Jersey Democratic presidential-primary roster and vote totals; DSA National endorsed Sanders on 2015-06-22 (https://www.dsausa.org/news/dsa-endorses-bernie-sanders-for-president/).
us-president-dem-primary-2016-nj-bernie-sanders,us-president-dem-primary-2016-nj,bernie-sanders,Bernie Sanders,Democratic,endorsed,certified,Loss,verified,https://www.fec.gov/introduction-campaign-finance/election-results-and-voting-information/federal-elections-2016/,Official FEC 2016 results compilation supplies the certified New Jersey Democratic presidential-primary roster and vote totals; DSA National endorsed Sanders on 2015-06-22 (https://www.dsausa.org/news/dsa-endorses-bernie-sanders-for-president/).
us-president-dem-primary-2016-sd-hillary-clinton,us-president-dem-primary-2016-sd,hillary-clinton,Hillary Clinton,Democratic,opponent,certified,Win,verified,https://www.fec.gov/introduction-campaign-finance/election-results-and-voting-information/federal-elections-2016/,Official FEC 2016 results compilation supplies the certified South Dakota Democratic presidential-primary roster and vote totals; DSA National endorsed Sanders on 2015-06-22 (https://www.dsausa.org/news/dsa-endorses-bernie-sanders-for-president/).
us-president-dem-primary-2016-sd-bernie-sanders,us-president-dem-primary-2016-sd,bernie-sanders,Bernie Sanders,Democratic,endorsed,certified,Loss,verified,https://www.fec.gov/introduction-campaign-finance/election-results-and-voting-information/federal-elections-2016/,Official FEC 2016 results compilation supplies the certified South Dakota Democratic presidential-primary roster and vote totals; DSA National endorsed Sanders on 2015-06-22 (https://www.dsausa.org/news/dsa-endorses-bernie-sanders-for-president/).
us-president-dem-primary-2016-dc-hillary-clinton,us-president-dem-primary-2016-dc,hillary-clinton,Hillary Clinton,Democratic,opponent,certified,Win,verified,https://www.fec.gov/introduction-campaign-finance/election-results-and-voting-information/federal-elections-2016/,Official FEC 2016 results compilation supplies the certified District of Columbia Democratic presidential-primary roster and vote totals; DSA National endorsed Sanders on 2015-06-22 (https://www.dsausa.org/news/dsa-endorses-bernie-sanders-for-president/).
us-president-dem-primary-2016-dc-bernie-sanders,us-president-dem-primary-2016-dc,bernie-sanders,Bernie Sanders,Democratic,endorsed,certified,Loss,verified,https://www.fec.gov/introduction-campaign-finance/election-results-and-voting-information/federal-elections-2016/,Official FEC 2016 results compilation supplies the certified District of Columbia Democratic presidential-primary roster and vote totals; DSA National endorsed Sanders on 2015-06-22 (https://www.dsausa.org/news/dsa-endorses-bernie-sanders-for-president/).
us-president-dem-primary-2016-dc-scattered,us-president-dem-primary-2016-dc,scattered,Scattered,Democratic,opponent,certified,Loss,verified,https://www.fec.gov/introduction-campaign-finance/election-results-and-voting-information/federal-elections-2016/,Official FEC 2016 results compilation supplies the certified District of Columbia Democratic presidential-primary roster and vote totals; DSA National endorsed Sanders on 2015-06-22 (https://www.dsausa.org/news/dsa-endorses-bernie-sanders-for-president/).
us-president-dem-primary-2016-dc-roque-rocky-de-la-fuente,us-president-dem-primary-2016-dc,roque-rocky-de-la-fuente,"Roque ""Rocky"" De La Fuente",Democratic,opponent,certified,Loss,verified,https://www.fec.gov/introduction-campaign-finance/election-results-and-voting-information/federal-elections-2016/,Official FEC 2016 results compilation supplies the certified District of Columbia Democratic presidential-primary roster and vote totals; DSA National endorsed Sanders on 2015-06-22 (https://www.dsausa.org/news/dsa-endorses-bernie-sanders-for-president/).
us-president-dem-primary-2020-nh-bernie-sanders,us-president-dem-primary-2020-nh,bernie-sanders,Bernie Sanders,Democratic,endorsed,certified,Win,verified,https://www.fec.gov/introduction-campaign-finance/election-results-and-voting-information/federal-elections-2020/,Official FEC 2020 results compilation supplies the certified New Hampshire Democratic presidential-primary roster and vote totals; DSA National endorsed Sanders on 2019-03-21 (https://www.dsausa.org/bernie-2020-dsa-endorsement-debate-process/).
us-president-dem-primary-2020-nh-pete-buttigieg,us-president-dem-primary-2020-nh,pete-buttigieg,Pete Buttigieg,Democratic,opponent,certified,Loss,verified,https://www.fec.gov/introduction-campaign-finance/election-results-and-voting-information/federal-elections-2020/,Official FEC 2020 results compilation supplies the certified New Hampshire Democratic presidential-primary roster and vote totals; DSA National endorsed Sanders on 2019-03-21 (https://www.dsausa.org/bernie-2020-dsa-endorsement-debate-process/).
us-president-dem-primary-2020-nh-amy-klobuchar,us-president-dem-primary-2020-nh,amy-klobuchar,Amy Klobuchar,Democratic,opponent,certified,Loss,verified,https://www.fec.gov/introduction-campaign-finance/election-results-and-voting-information/federal-elections-2020/,Official FEC 2020 results compilation supplies the certified New Hampshire Democratic presidential-primary roster and vote totals; DSA National endorsed Sanders on 2019-03-21 (https://www.dsausa.org/bernie-2020-dsa-endorsement-debate-process/).
us-president-dem-primary-2020-nh-elizabeth-warren,us-president-dem-primary-2020-nh,elizabeth-warren,Elizabeth Warren,Democratic,opponent,certified,Loss,verified,https://www.fec.gov/introduction-campaign-finance/election-results-and-voting-information/federal-elections-2020/,Official FEC 2020 results compilation supplies the certified New Hampshire Democratic presidential-primary roster and vote totals; DSA National endorsed Sanders on 2019-03-21 (https://www.dsausa.org/bernie-2020-dsa-endorsement-debate-process/).
us-president-dem-primary-2020-nh-joseph-r-biden,us-president-dem-primary-2020-nh,joseph-r-biden,Joseph R. Biden,Democratic,opponent,certified,Loss,verified,https://www.fec.gov/introduction-campaign-finance/election-results-and-voting-information/federal-elections-2020/,Official FEC 2020 results compilation supplies the certified New Hampshire Democratic presidential-primary roster and vote totals; DSA National endorsed Sanders on 2019-03-21 (https://www.dsausa.org/bernie-2020-dsa-endorsement-debate-process/).
us-president-dem-primary-2020-nh-tom-steyer,us-president-dem-primary-2020-nh,tom-steyer,Tom Steyer,Democratic,opponent,certified,Loss,verified,https://www.fec.gov/introduction-campaign-finance/election-results-and-voting-information/federal-elections-2020/,Official FEC 2020 results compilation supplies the certified New Hampshire Democratic presidential-primary roster and vote totals; DSA National endorsed Sanders on 2019-03-21 (https://www.dsausa.org/bernie-2020-dsa-endorsement-debate-process/).
us-president-dem-primary-2020-nh-tulsi-gabbard,us-president-dem-primary-2020-nh,tulsi-gabbard,Tulsi Gabbard,Democratic,opponent,certified,Loss,verified,https://www.fec.gov/introduction-campaign-finance/election-results-and-voting-information/federal-elections-2020/,Official FEC 2020 results compilation supplies the certified New Hampshire Democratic presidential-primary roster and vote totals; DSA National endorsed Sanders on 2019-03-21 (https://www.dsausa.org/bernie-2020-dsa-endorsement-debate-process/).
us-president-dem-primary-2020-nh-andrew-yang,us-president-dem-primary-2020-nh,andrew-yang,Andrew Yang,Democratic,opponent,certified,Loss,verified,https://www.fec.gov/introduction-campaign-finance/election-results-and-voting-information/federal-elections-2020/,Official FEC 2020 results compilation supplies the certified New Hampshire Democratic presidential-primary roster and vote totals; DSA National endorsed Sanders on 2019-03-21 (https://www.dsausa.org/bernie-2020-dsa-endorsement-debate-process/).
us-president-dem-primary-2020-nh-deval-patrick,us-president-dem-primary-2020-nh,deval-patrick,Deval Patrick,Democratic,opponent,certified,Loss,verified,https://www.fec.gov/introduction-campaign-finance/election-results-and-voting-information/federal-elections-2020/,Official FEC 2020 results compilation supplies the certified New Hampshire Democratic presidential-primary roster and vote totals; DSA National endorsed Sanders on 2019-03-21 (https://www.dsausa.org/bernie-2020-dsa-endorsement-debate-process/).
us-president-dem-primary-2020-nh-michael-bennet,us-president-dem-primary-2020-nh,michael-bennet,Michael Bennet,Democratic,opponent,certified,Loss,verified,https://www.fec.gov/introduction-campaign-finance/election-results-and-voting-information/federal-elections-2020/,Official FEC 2020 results compilation supplies the certified New Hampshire Democratic presidential-primary roster and vote totals; DSA National endorsed Sanders on 2019-03-21 (https://www.dsausa.org/bernie-2020-dsa-endorsement-debate-process/).
us-president-dem-primary-2020-nh-cory-booker,us-president-dem-primary-2020-nh,cory-booker,Cory Booker,Democratic,opponent,certified,Loss,verified,https://www.fec.gov/introduction-campaign-finance/election-results-and-voting-information/federal-elections-2020/,Official FEC 2020 results compilation supplies the certified New Hampshire Democratic presidential-primary roster and vote totals; DSA National endorsed Sanders on 2019-03-21 (https://www.dsausa.org/bernie-2020-dsa-endorsement-debate-process/).
us-president-dem-primary-2020-nh-joe-sestak,us-president-dem-primary-2020-nh,joe-sestak,Joe Sestak,Democratic,opponent,certified,Loss,verified,https://www.fec.gov/introduction-campaign-finance/election-results-and-voting-information/federal-elections-2020/,Official FEC 2020 results compilation supplies the certified New Hampshire Democratic presidential-primary roster and vote totals; DSA National endorsed Sanders on 2019-03-21 (https://www.dsausa.org/bernie-2020-dsa-endorsement-debate-process/).
us-president-dem-primary-2020-nh-kamala-harris,us-president-dem-primary-2020-nh,kamala-harris,Kamala Harris,Democratic,opponent,certified,Loss,verified,https://www.fec.gov/introduction-campaign-finance/election-results-and-voting-information/federal-elections-2020/,Official FEC 2020 results compilation supplies the certified New Hampshire Democratic presidential-primary roster and vote totals; DSA National endorsed Sanders on 2019-03-21 (https://www.dsausa.org/bernie-2020-dsa-endorsement-debate-process/).
us-president-dem-primary-2020-nh-marianne-williamson,us-president-dem-primary-2020-nh,marianne-williamson,Marianne Williamson,Democratic,opponent,certified,Loss,verified,https://www.fec.gov/introduction-campaign-finance/election-results-and-voting-information/federal-elections-2020/,Official FEC 2020 results compilation supplies the certified New Hampshire Democratic presidential-primary roster and vote totals; DSA National endorsed Sanders on 2019-03-21 (https://www.dsausa.org/bernie-2020-dsa-endorsement-debate-process/).
us-president-dem-primary-2020-nh-steve-burke,us-president-dem-primary-2020-nh,steve-burke,Steve Burke,Democratic,opponent,certified,Loss,verified,https://www.fec.gov/introduction-campaign-finance/election-results-and-voting-information/federal-elections-2020/,Official FEC 2020 results compilation supplies the certified New Hampshire Democratic presidential-primary roster and vote totals; DSA National endorsed Sanders on 2019-03-21 (https://www.dsausa.org/bernie-2020-dsa-endorsement-debate-process/).
us-president-dem-primary-2020-nh-juli-n-castro,us-president-dem-primary-2020-nh,juli-n-castro,Julián Castro,Democratic,opponent,certified,Loss,verified,https://www.fec.gov/introduction-campaign-finance/election-results-and-voting-information/federal-elections-2020/,Official FEC 2020 results compilation supplies the certified New Hampshire Democratic presidential-primary roster and vote totals; DSA National endorsed Sanders on 2019-03-21 (https://www.dsausa.org/bernie-2020-dsa-endorsement-debate-process/).
us-president-dem-primary-2020-nh-john-k-delaney,us-president-dem-primary-2020-nh,john-k-delaney,John K. Delaney,Democratic,opponent,certified,Loss,verified,https://www.fec.gov/introduction-campaign-finance/election-results-and-voting-information/federal-elections-2020/,Official FEC 2020 results compilation supplies the certified New Hampshire Democratic presidential-primary roster and vote totals; DSA National endorsed Sanders on 2019-03-21 (https://www.dsausa.org/bernie-2020-dsa-endorsement-debate-process/).
us-president-dem-primary-2020-nh-tom-koos,us-president-dem-primary-2020-nh,tom-koos,Tom Koos,Democratic,opponent,certified,Loss,verified,https://www.fec.gov/introduction-campaign-finance/election-results-and-voting-information/federal-elections-2020/,Official FEC 2020 results compilation supplies the certified New Hampshire Democratic presidential-primary roster and vote totals; DSA National endorsed Sanders on 2019-03-21 (https://www.dsausa.org/bernie-2020-dsa-endorsement-debate-process/).
us-president-dem-primary-2020-nh-steve-bullock,us-president-dem-primary-2020-nh,steve-bullock,Steve Bullock,Democratic,opponent,certified,Loss,verified,https://www.fec.gov/introduction-campaign-finance/election-results-and-voting-information/federal-elections-2020/,Official FEC 2020 results compilation supplies the certified New Hampshire Democratic presidential-primary roster and vote totals; DSA National endorsed Sanders on 2019-03-21 (https://www.dsausa.org/bernie-2020-dsa-endorsement-debate-process/).
us-president-dem-primary-2020-nh-david-john-thistle,us-president-dem-primary-2020-nh,david-john-thistle,David John Thistle,Democratic,opponent,certified,Loss,verified,https://www.fec.gov/introduction-campaign-finance/election-results-and-voting-information/federal-elections-2020/,Official FEC 2020 results compilation supplies the certified New Hampshire Democratic presidential-primary roster and vote totals; DSA National endorsed Sanders on 2019-03-21 (https://www.dsausa.org/bernie-2020-dsa-endorsement-debate-process/).
us-president-dem-primary-2020-nh-lorenz-kraus,us-president-dem-primary-2020-nh,lorenz-kraus,Lorenz Kraus,Democratic,opponent,certified,Loss,verified,https://www.fec.gov/introduction-campaign-finance/election-results-and-voting-information/federal-elections-2020/,Official FEC 2020 results compilation supplies the certified New Hampshire Democratic presidential-primary roster and vote totals; DSA National endorsed Sanders on 2019-03-21 (https://www.dsausa.org/bernie-2020-dsa-endorsement-debate-process/).
us-president-dem-primary-2020-nh-robby-wells,us-president-dem-primary-2020-nh,robby-wells,Robby Wells,Democratic,opponent,certified,Loss,verified,https://www.fec.gov/introduction-campaign-finance/election-results-and-voting-information/federal-elections-2020/,Official FEC 2020 results compilation supplies the certified New Hampshire Democratic presidential-primary roster and vote totals; DSA National endorsed Sanders on 2019-03-21 (https://www.dsausa.org/bernie-2020-dsa-endorsement-debate-process/).
us-president-dem-primary-2020-nh-henry-hewes,us-president-dem-primary-2020-nh,henry-hewes,Henry Hewes,Democratic,opponent,certified,Loss,verified,https://www.fec.gov/introduction-campaign-finance/election-results-and-voting-information/federal-elections-2020/,Official FEC 2020 results compilation supplies the certified New Hampshire Democratic presidential-primary roster and vote totals; DSA National endorsed Sanders on 2019-03-21 (https://www.dsausa.org/bernie-2020-dsa-endorsement-debate-process/).
us-president-dem-primary-2020-nh-sam-sloan,us-president-dem-primary-2020-nh,sam-sloan,Sam Sloan,Democratic,opponent,certified,Loss,verified,https://www.fec.gov/introduction-campaign-finance/election-results-and-voting-information/federal-elections-2020/,Official FEC 2020 results compilation supplies the certified New Hampshire Democratic presidential-primary roster and vote totals; DSA National endorsed Sanders on 2019-03-21 (https://www.dsausa.org/bernie-2020-dsa-endorsement-debate-process/).
us-president-dem-primary-2020-nh-mosie-boyd,us-president-dem-primary-2020-nh,mosie-boyd,Mosie Boyd,Democratic,opponent,certified,Loss,verified,https://www.fec.gov/introduction-campaign-finance/election-results-and-voting-information/federal-elections-2020/,Official FEC 2020 results compilation supplies the certified New Hampshire Democratic presidential-primary roster and vote totals; DSA National endorsed Sanders on 2019-03-21 (https://www.dsausa.org/bernie-2020-dsa-endorsement-debate-process/).
us-president-dem-primary-2020-nh-ben-gleib-gleiberman,us-president-dem-primary-2020-nh,ben-gleib-gleiberman,Ben Gleib Gleiberman,Democratic,opponent,certified,Loss,verified,https://www.fec.gov/introduction-campaign-finance/election-results-and-voting-information/federal-elections-2020/,Official FEC 2020 results compilation supplies the certified New Hampshire Democratic presidential-primary roster and vote totals; DSA National endorsed Sanders on 2019-03-21 (https://www.dsausa.org/bernie-2020-dsa-endorsement-debate-process/).
us-president-dem-primary-2020-nh-mark-stewart-greenstein,us-president-dem-primary-2020-nh,mark-stewart-greenstein,Mark Stewart Greenstein,Democratic,opponent,certified,Loss,verified,https://www.fec.gov/introduction-campaign-finance/election-results-and-voting-information/federal-elections-2020/,Official FEC 2020 results compilation supplies the certified New Hampshire Democratic presidential-primary roster and vote totals; DSA National endorsed Sanders on 2019-03-21 (https://www.dsausa.org/bernie-2020-dsa-endorsement-debate-process/).
us-president-dem-primary-2020-nh-thomas-james-torgesen,us-president-dem-primary-2020-nh,thomas-james-torgesen,Thomas James Torgesen,Democratic,opponent,certified,Loss,verified,https://www.fec.gov/introduction-campaign-finance/election-results-and-voting-information/federal-elections-2020/,Official FEC 2020 results compilation supplies the certified New Hampshire Democratic presidential-primary roster and vote totals; DSA National endorsed Sanders on 2019-03-21 (https://www.dsausa.org/bernie-2020-dsa-endorsement-debate-process/).
us-president-dem-primary-2020-nh-rita-krichevsky,us-president-dem-primary-2020-nh,rita-krichevsky,Rita Krichevsky,Democratic,opponent,certified,Loss,verified,https://www.fec.gov/introduction-campaign-finance/election-results-and-voting-information/federal-elections-2020/,Official FEC 2020 results compilation supplies the certified New Hampshire Democratic presidential-primary roster and vote totals; DSA National endorsed Sanders on 2019-03-21 (https://www.dsausa.org/bernie-2020-dsa-endorsement-debate-process/).
us-president-dem-primary-2020-nh-michael-a-ellinger,us-president-dem-primary-2020-nh,michael-a-ellinger,Michael A. Ellinger,Democratic,opponent,certified,Loss,verified,https://www.fec.gov/introduction-campaign-finance/election-results-and-voting-information/federal-elections-2020/,Official FEC 2020 results compilation supplies the certified New Hampshire Democratic presidential-primary roster and vote totals; DSA National endorsed Sanders on 2019-03-21 (https://www.dsausa.org/bernie-2020-dsa-endorsement-debate-process/).
us-president-dem-primary-2020-nh-jason-evritte-dunlap,us-president-dem-primary-2020-nh,jason-evritte-dunlap,Jason Evritte Dunlap,Democratic,opponent,certified,Loss,verified,https://www.fec.gov/introduction-campaign-finance/election-results-and-voting-information/federal-elections-2020/,Official FEC 2020 results compilation supplies the certified New Hampshire Democratic presidential-primary roster and vote totals; DSA National endorsed Sanders on 2019-03-21 (https://www.dsausa.org/bernie-2020-dsa-endorsement-debate-process/).
us-president-dem-primary-2020-nh-roque-de-la-fuente,us-president-dem-primary-2020-nh,roque-de-la-fuente,Roque De La Fuente,Democratic,opponent,certified,Loss,verified,https://www.fec.gov/introduction-campaign-finance/election-results-and-voting-information/federal-elections-2020/,Official FEC 2020 results compilation supplies the certified New Hampshire Democratic presidential-primary roster and vote totals; DSA National endorsed Sanders on 2019-03-21 (https://www.dsausa.org/bernie-2020-dsa-endorsement-debate-process/).
us-president-dem-primary-2020-nh-raymond-michael-moroz,us-president-dem-primary-2020-nh,raymond-michael-moroz,Raymond Michael Moroz,Democratic,opponent,certified,Loss,verified,https://www.fec.gov/introduction-campaign-finance/election-results-and-voting-information/federal-elections-2020/,Official FEC 2020 results compilation supplies the certified New Hampshire Democratic presidential-primary roster and vote totals; DSA National endorsed Sanders on 2019-03-21 (https://www.dsausa.org/bernie-2020-dsa-endorsement-debate-process/).
us-president-dem-primary-2020-sc-joseph-r-biden,us-president-dem-primary-2020-sc,joseph-r-biden,Joseph R. Biden,Democratic,opponent,certified,Win,verified,https://www.fec.gov/introduction-campaign-finance/election-results-and-voting-information/federal-elections-2020/,Official FEC 2020 results compilation supplies the certified South Carolina Democratic presidential-primary roster and vote totals; DSA National endorsed Sanders on 2019-03-21 (https://www.dsausa.org/bernie-2020-dsa-endorsement-debate-process/).
us-president-dem-primary-2020-sc-bernie-sanders,us-president-dem-primary-2020-sc,bernie-sanders,Bernie Sanders,Democratic,endorsed,certified,Loss,verified,https://www.fec.gov/introduction-campaign-finance/election-results-and-voting-information/federal-elections-2020/,Official FEC 2020 results compilation supplies the certified South Carolina Democratic presidential-primary roster and vote totals; DSA National endorsed Sanders on 2019-03-21 (https://www.dsausa.org/bernie-2020-dsa-endorsement-debate-process/).
us-president-dem-primary-2020-sc-tom-steyer,us-president-dem-primary-2020-sc,tom-steyer,Tom Steyer,Democratic,opponent,certified,Loss,verified,https://www.fec.gov/introduction-campaign-finance/election-results-and-voting-information/federal-elections-2020/,Official FEC 2020 results compilation supplies the certified South Carolina Democratic presidential-primary roster and vote totals; DSA National endorsed Sanders on 2019-03-21 (https://www.dsausa.org/bernie-2020-dsa-endorsement-debate-process/).
us-president-dem-primary-2020-sc-pete-buttigieg,us-president-dem-primary-2020-sc,pete-buttigieg,Pete Buttigieg,Democratic,opponent,certified,Loss,verified,https://www.fec.gov/introduction-campaign-finance/election-results-and-voting-information/federal-elections-2020/,Official FEC 2020 results compilation supplies the certified South Carolina Democratic presidential-primary roster and vote totals; DSA National endorsed Sanders on 2019-03-21 (https://www.dsausa.org/bernie-2020-dsa-endorsement-debate-process/).
us-president-dem-primary-2020-sc-elizabeth-warren,us-president-dem-primary-2020-sc,elizabeth-warren,Elizabeth Warren,Democratic,opponent,certified,Loss,verified,https://www.fec.gov/introduction-campaign-finance/election-results-and-voting-information/federal-elections-2020/,Official FEC 2020 results compilation supplies the certified South Carolina Democratic presidential-primary roster and vote totals; DSA National endorsed Sanders on 2019-03-21 (https://www.dsausa.org/bernie-2020-dsa-endorsement-debate-process/).
us-president-dem-primary-2020-sc-amy-klobuchar,us-president-dem-primary-2020-sc,amy-klobuchar,Amy Klobuchar,Democratic,opponent,certified,Loss,verified,https://www.fec.gov/introduction-campaign-finance/election-results-and-voting-information/federal-elections-2020/,Official FEC 2020 results compilation supplies the certified South Carolina Democratic presidential-primary roster and vote totals; DSA National endorsed Sanders on 2019-03-21 (https://www.dsausa.org/bernie-2020-dsa-endorsement-debate-process/).
us-president-dem-primary-2020-sc-tulsi-gabbard,us-president-dem-primary-2020-sc,tulsi-gabbard,Tulsi Gabbard,Democratic,opponent,certified,Loss,verified,https://www.fec.gov/introduction-campaign-finance/election-results-and-voting-information/federal-elections-2020/,Official FEC 2020 results compilation supplies the certified South Carolina Democratic presidential-primary roster and vote totals; DSA National endorsed Sanders on 2019-03-21 (https://www.dsausa.org/bernie-2020-dsa-endorsement-debate-process/).
us-president-dem-primary-2020-sc-andrew-yang,us-president-dem-primary-2020-sc,andrew-yang,Andrew Yang,Democratic,opponent,certified,Loss,verified,https://www.fec.gov/introduction-campaign-finance/election-results-and-voting-information/federal-elections-2020/,Official FEC 2020 results compilation supplies the certified South Carolina Democratic presidential-primary roster and vote totals; DSA National endorsed Sanders on 2019-03-21 (https://www.dsausa.org/bernie-2020-dsa-endorsement-debate-process/).
us-president-dem-primary-2020-sc-michael-bennet,us-president-dem-primary-2020-sc,michael-bennet,Michael Bennet,Democratic,opponent,certified,Loss,verified,https://www.fec.gov/introduction-campaign-finance/election-results-and-voting-information/federal-elections-2020/,Official FEC 2020 results compilation supplies the certified South Carolina Democratic presidential-primary roster and vote totals; DSA National endorsed Sanders on 2019-03-21 (https://www.dsausa.org/bernie-2020-dsa-endorsement-debate-process/).
us-president-dem-primary-2020-sc-cory-booker,us-president-dem-primary-2020-sc,cory-booker,Cory Booker,Democratic,opponent,certified,Loss,verified,https://www.fec.gov/introduction-campaign-finance/election-results-and-voting-information/federal-elections-2020/,Official FEC 2020 results compilation supplies the certified South Carolina Democratic presidential-primary roster and vote totals; DSA National endorsed Sanders on 2019-03-21 (https://www.dsausa.org/bernie-2020-dsa-endorsement-debate-process/).
us-president-dem-primary-2020-sc-john-k-delaney,us-president-dem-primary-2020-sc,john-k-delaney,John K. Delaney,Democratic,opponent,certified,Loss,verified,https://www.fec.gov/introduction-campaign-finance/election-results-and-voting-information/federal-elections-2020/,Official FEC 2020 results compilation supplies the certified South Carolina Democratic presidential-primary roster and vote totals; DSA National endorsed Sanders on 2019-03-21 (https://www.dsausa.org/bernie-2020-dsa-endorsement-debate-process/).
us-president-dem-primary-2020-sc-deval-patrick,us-president-dem-primary-2020-sc,deval-patrick,Deval Patrick,Democratic,opponent,certified,Loss,verified,https://www.fec.gov/introduction-campaign-finance/election-results-and-voting-information/federal-elections-2020/,Official FEC 2020 results compilation supplies the certified South Carolina Democratic presidential-primary roster and vote totals; DSA National endorsed Sanders on 2019-03-21 (https://www.dsausa.org/bernie-2020-dsa-endorsement-debate-process/).
us-president-dem-primary-2020-al-joseph-r-biden,us-president-dem-primary-2020-al,joseph-r-biden,Joseph R. Biden,Democratic,opponent,certified,Win,verified,https://www.fec.gov/introduction-campaign-finance/election-results-and-voting-information/federal-elections-2020/,Official FEC 2020 results compilation supplies the certified Alabama Democratic presidential-primary roster and vote totals; DSA National endorsed Sanders on 2019-03-21 (https://www.dsausa.org/bernie-2020-dsa-endorsement-debate-process/).
us-president-dem-primary-2020-al-bernie-sanders,us-president-dem-primary-2020-al,bernie-sanders,Bernie Sanders,Democratic,endorsed,certified,Loss,verified,https://www.fec.gov/introduction-campaign-finance/election-results-and-voting-information/federal-elections-2020/,Official FEC 2020 results compilation supplies the certified Alabama Democratic presidential-primary roster and vote totals; DSA National endorsed Sanders on 2019-03-21 (https://www.dsausa.org/bernie-2020-dsa-endorsement-debate-process/).
us-president-dem-primary-2020-al-michael-r-bloomberg,us-president-dem-primary-2020-al,michael-r-bloomberg,Michael R. Bloomberg,Democratic,opponent,certified,Loss,verified,https://www.fec.gov/introduction-campaign-finance/election-results-and-voting-information/federal-elections-2020/,Official FEC 2020 results compilation supplies the certified Alabama Democratic presidential-primary roster and vote totals; DSA National endorsed Sanders on 2019-03-21 (https://www.dsausa.org/bernie-2020-dsa-endorsement-debate-process/).
us-president-dem-primary-2020-al-elizabeth-warren,us-president-dem-primary-2020-al,elizabeth-warren,Elizabeth Warren,Democratic,opponent,certified,Loss,verified,https://www.fec.gov/introduction-campaign-finance/election-results-and-voting-information/federal-elections-2020/,Official FEC 2020 results compilation supplies the certified Alabama Democratic presidential-primary roster and vote totals; DSA National endorsed Sanders on 2019-03-21 (https://www.dsausa.org/bernie-2020-dsa-endorsement-debate-process/).
us-president-dem-primary-2020-al-uncommitted,us-president-dem-primary-2020-al,uncommitted,Uncommitted,Democratic,opponent,certified,Loss,verified,https://www.fec.gov/introduction-campaign-finance/election-results-and-voting-information/federal-elections-2020/,Official FEC 2020 results compilation supplies the certified Alabama Democratic presidential-primary roster and vote totals; DSA National endorsed Sanders on 2019-03-21 (https://www.dsausa.org/bernie-2020-dsa-endorsement-debate-process/).
us-president-dem-primary-2020-al-michael-bennet,us-president-dem-primary-2020-al,michael-bennet,Michael Bennet,Democratic,opponent,certified,Loss,verified,https://www.fec.gov/introduction-campaign-finance/election-results-and-voting-information/federal-elections-2020/,Official FEC 2020 results compilation supplies the certified Alabama Democratic presidential-primary roster and vote totals; DSA National endorsed Sanders on 2019-03-21 (https://www.dsausa.org/bernie-2020-dsa-endorsement-debate-process/).
us-president-dem-primary-2020-al-pete-buttigieg,us-president-dem-primary-2020-al,pete-buttigieg,Pete Buttigieg,Democratic,opponent,certified,Loss,verified,https://www.fec.gov/introduction-campaign-finance/election-results-and-voting-information/federal-elections-2020/,Official FEC 2020 results compilation supplies the certified Alabama Democratic presidential-primary roster and vote totals; DSA National endorsed Sanders on 2019-03-21 (https://www.dsausa.org/bernie-2020-dsa-endorsement-debate-process/).
us-president-dem-primary-2020-al-tom-steyer,us-president-dem-primary-2020-al,tom-steyer,Tom Steyer,Democratic,opponent,certified,Loss,verified,https://www.fec.gov/introduction-campaign-finance/election-results-and-voting-information/federal-elections-2020/,Official FEC 2020 results compilation supplies the certified Alabama Democratic presidential-primary roster and vote totals; DSA National endorsed Sanders on 2019-03-21 (https://www.dsausa.org/bernie-2020-dsa-endorsement-debate-process/).
us-president-dem-primary-2020-al-tulsi-gabbard,us-president-dem-primary-2020-al,tulsi-gabbard,Tulsi Gabbard,Democratic,opponent,certified,Loss,verified,https://www.fec.gov/introduction-campaign-finance/election-results-and-voting-information/federal-elections-2020/,Official FEC 2020 results compilation supplies the certified Alabama Democratic presidential-primary roster and vote totals; DSA National endorsed Sanders on 2019-03-21 (https://www.dsausa.org/bernie-2020-dsa-endorsement-debate-process/).
us-president-dem-primary-2020-al-amy-klobuchar,us-president-dem-primary-2020-al,amy-klobuchar,Amy Klobuchar,Democratic,opponent,certified,Loss,verified,https://www.fec.gov/introduction-campaign-finance/election-results-and-voting-information/federal-elections-2020/,Official FEC 2020 results compilation supplies the certified Alabama Democratic presidential-primary roster and vote totals; DSA National endorsed Sanders on 2019-03-21 (https://www.dsausa.org/bernie-2020-dsa-endorsement-debate-process/).
us-president-dem-primary-2020-al-andrew-yang,us-president-dem-primary-2020-al,andrew-yang,Andrew Yang,Democratic,opponent,certified,Loss,verified,https://www.fec.gov/introduction-campaign-finance/election-results-and-voting-information/federal-elections-2020/,Official FEC 2020 results compilation supplies the certified Alabama Democratic presidential-primary roster and vote totals; DSA National endorsed Sanders on 2019-03-21 (https://www.dsausa.org/bernie-2020-dsa-endorsement-debate-process/).
us-president-dem-primary-2020-al-cory-booker,us-president-dem-primary-2020-al,cory-booker,Cory Booker,Democratic,opponent,certified,Loss,verified,https://www.fec.gov/introduction-campaign-finance/election-results-and-voting-information/federal-elections-2020/,Official FEC 2020 results compilation supplies the certified Alabama Democratic presidential-primary roster and vote totals; DSA National endorsed Sanders on 2019-03-21 (https://www.dsausa.org/bernie-2020-dsa-endorsement-debate-process/).
us-president-dem-primary-2020-al-john-k-delaney,us-president-dem-primary-2020-al,john-k-delaney,John K. Delaney,Democratic,opponent,certified,Loss,verified,https://www.fec.gov/introduction-campaign-finance/election-results-and-voting-information/federal-elections-2020/,Official FEC 2020 results compilation supplies the certified Alabama Democratic presidential-primary roster and vote totals; DSA National endorsed Sanders on 2019-03-21 (https://www.dsausa.org/bernie-2020-dsa-endorsement-debate-process/).
us-president-dem-primary-2020-al-marianne-williamson,us-president-dem-primary-2020-al,marianne-williamson,Marianne Williamson,Democratic,opponent,certified,Loss,verified,https://www.fec.gov/introduction-campaign-finance/election-results-and-voting-information/federal-elections-2020/,Official FEC 2020 results compilation supplies the certified Alabama Democratic presidential-primary roster and vote totals; DSA National endorsed Sanders on 2019-03-21 (https://www.dsausa.org/bernie-2020-dsa-endorsement-debate-process/).
us-president-dem-primary-2020-al-juli-n-castro,us-president-dem-primary-2020-al,juli-n-castro,Julián Castro,Democratic,opponent,certified,Loss,verified,https://www.fec.gov/introduction-campaign-finance/election-results-and-voting-information/federal-elections-2020/,Official FEC 2020 results compilation supplies the certified Alabama Democratic presidential-primary roster and vote totals; DSA National endorsed Sanders on 2019-03-21 (https://www.dsausa.org/bernie-2020-dsa-endorsement-debate-process/).
us-president-dem-primary-2020-ar-joseph-r-biden,us-president-dem-primary-2020-ar,joseph-r-biden,Joseph R. Biden,Democratic,opponent,certified,Win,verified,https://www.fec.gov/introduction-campaign-finance/election-results-and-voting-information/federal-elections-2020/,Official FEC 2020 results compilation supplies the certified Arkansas Democratic presidential-primary roster and vote totals; DSA National endorsed Sanders on 2019-03-21 (https://www.dsausa.org/bernie-2020-dsa-endorsement-debate-process/).
us-president-dem-primary-2020-ar-bernie-sanders,us-president-dem-primary-2020-ar,bernie-sanders,Bernie Sanders,Democratic,endorsed,certified,Loss,verified,https://www.fec.gov/introduction-campaign-finance/election-results-and-voting-information/federal-elections-2020/,Official FEC 2020 results compilation supplies the certified Arkansas Democratic presidential-primary roster and vote totals; DSA National endorsed Sanders on 2019-03-21 (https://www.dsausa.org/bernie-2020-dsa-endorsement-debate-process/).
us-president-dem-primary-2020-ar-michael-r-bloomberg,us-president-dem-primary-2020-ar,michael-r-bloomberg,Michael R. Bloomberg,Democratic,opponent,certified,Loss,verified,https://www.fec.gov/introduction-campaign-finance/election-results-and-voting-information/federal-elections-2020/,Official FEC 2020 results compilation supplies the certified Arkansas Democratic presidential-primary roster and vote totals; DSA National endorsed Sanders on 2019-03-21 (https://www.dsausa.org/bernie-2020-dsa-endorsement-debate-process/).
us-president-dem-primary-2020-ar-elizabeth-warren,us-president-dem-primary-2020-ar,elizabeth-warren,Elizabeth Warren,Democratic,opponent,certified,Loss,verified,https://www.fec.gov/introduction-campaign-finance/election-results-and-voting-information/federal-elections-2020/,Official FEC 2020 results compilation supplies the certified Arkansas Democratic presidential-primary roster and vote totals; DSA National endorsed Sanders on 2019-03-21 (https://www.dsausa.org/bernie-2020-dsa-endorsement-debate-process/).
us-president-dem-primary-2020-ar-pete-buttigieg,us-president-dem-primary-2020-ar,pete-buttigieg,Pete Buttigieg,Democratic,opponent,certified,Loss,verified,https://www.fec.gov/introduction-campaign-finance/election-results-and-voting-information/federal-elections-2020/,Official FEC 2020 results compilation supplies the certified Arkansas Democratic presidential-primary roster and vote totals; DSA National endorsed Sanders on 2019-03-21 (https://www.dsausa.org/bernie-2020-dsa-endorsement-debate-process/).
us-president-dem-primary-2020-ar-amy-klobuchar,us-president-dem-primary-2020-ar,amy-klobuchar,Amy Klobuchar,Democratic,opponent,certified,Loss,verified,https://www.fec.gov/introduction-campaign-finance/election-results-and-voting-information/federal-elections-2020/,Official FEC 2020 results compilation supplies the certified Arkansas Democratic presidential-primary roster and vote totals; DSA National endorsed Sanders on 2019-03-21 (https://www.dsausa.org/bernie-2020-dsa-endorsement-debate-process/).
us-president-dem-primary-2020-ar-tom-steyer,us-president-dem-primary-2020-ar,tom-steyer,Tom Steyer,Democratic,opponent,certified,Loss,verified,https://www.fec.gov/introduction-campaign-finance/election-results-and-voting-information/federal-elections-2020/,Official FEC 2020 results compilation supplies the certified Arkansas Democratic presidential-primary roster and vote totals; DSA National endorsed Sanders on 2019-03-21 (https://www.dsausa.org/bernie-2020-dsa-endorsement-debate-process/).
us-president-dem-primary-2020-ar-tulsi-gabbard,us-president-dem-primary-2020-ar,tulsi-gabbard,Tulsi Gabbard,Democratic,opponent,certified,Loss,verified,https://www.fec.gov/introduction-campaign-finance/election-results-and-voting-information/federal-elections-2020/,Official FEC 2020 results compilation supplies the certified Arkansas Democratic presidential-primary roster and vote totals; DSA National endorsed Sanders on 2019-03-21 (https://www.dsausa.org/bernie-2020-dsa-endorsement-debate-process/).
us-president-dem-primary-2020-ar-kamala-harris,us-president-dem-primary-2020-ar,kamala-harris,Kamala Harris,Democratic,opponent,certified,Loss,verified,https://www.fec.gov/introduction-campaign-finance/election-results-and-voting-information/federal-elections-2020/,Official FEC 2020 results compilation supplies the certified Arkansas Democratic presidential-primary roster and vote totals; DSA National endorsed Sanders on 2019-03-21 (https://www.dsausa.org/bernie-2020-dsa-endorsement-debate-process/).
us-president-dem-primary-2020-ar-andrew-yang,us-president-dem-primary-2020-ar,andrew-yang,Andrew Yang,Democratic,opponent,certified,Loss,verified,https://www.fec.gov/introduction-campaign-finance/election-results-and-voting-information/federal-elections-2020/,Official FEC 2020 results compilation supplies the certified Arkansas Democratic presidential-primary roster and vote totals; DSA National endorsed Sanders on 2019-03-21 (https://www.dsausa.org/bernie-2020-dsa-endorsement-debate-process/).
us-president-dem-primary-2020-ar-michael-bennet,us-president-dem-primary-2020-ar,michael-bennet,Michael Bennet,Democratic,opponent,certified,Loss,verified,https://www.fec.gov/introduction-campaign-finance/election-results-and-voting-information/federal-elections-2020/,Official FEC 2020 results compilation supplies the certified Arkansas Democratic presidential-primary roster and vote totals; DSA National endorsed Sanders on 2019-03-21 (https://www.dsausa.org/bernie-2020-dsa-endorsement-debate-process/).
us-president-dem-primary-2020-ar-cory-booker,us-president-dem-primary-2020-ar,cory-booker,Cory Booker,Democratic,opponent,certified,Loss,verified,https://www.fec.gov/introduction-campaign-finance/election-results-and-voting-information/federal-elections-2020/,Official FEC 2020 results compilation supplies the certified Arkansas Democratic presidential-primary roster and vote totals; DSA National endorsed Sanders on 2019-03-21 (https://www.dsausa.org/bernie-2020-dsa-endorsement-debate-process/).
us-president-dem-primary-2020-ar-marianne-williamson,us-president-dem-primary-2020-ar,marianne-williamson,Marianne Williamson,Democratic,opponent,certified,Loss,verified,https://www.fec.gov/introduction-campaign-finance/election-results-and-voting-information/federal-elections-2020/,Official FEC 2020 results compilation supplies the certified Arkansas Democratic presidential-primary roster and vote totals; DSA National endorsed Sanders on 2019-03-21 (https://www.dsausa.org/bernie-2020-dsa-endorsement-debate-process/).
us-president-dem-primary-2020-ar-steve-bullock,us-president-dem-primary-2020-ar,steve-bullock,Steve Bullock,Democratic,opponent,certified,Loss,verified,https://www.fec.gov/introduction-campaign-finance/election-results-and-voting-information/federal-elections-2020/,Official FEC 2020 results compilation supplies the certified Arkansas Democratic presidential-primary roster and vote totals; DSA National endorsed Sanders on 2019-03-21 (https://www.dsausa.org/bernie-2020-dsa-endorsement-debate-process/).
us-president-dem-primary-2020-ar-john-k-delaney,us-president-dem-primary-2020-ar,john-k-delaney,John K. Delaney,Democratic,opponent,certified,Loss,verified,https://www.fec.gov/introduction-campaign-finance/election-results-and-voting-information/federal-elections-2020/,Official FEC 2020 results compilation supplies the certified Arkansas Democratic presidential-primary roster and vote totals; DSA National endorsed Sanders on 2019-03-21 (https://www.dsausa.org/bernie-2020-dsa-endorsement-debate-process/).
us-president-dem-primary-2020-ar-joe-sestak,us-president-dem-primary-2020-ar,joe-sestak,Joe Sestak,Democratic,opponent,certified,Loss,verified,https://www.fec.gov/introduction-campaign-finance/election-results-and-voting-information/federal-elections-2020/,Official FEC 2020 results compilation supplies the certified Arkansas Democratic presidential-primary roster and vote totals; DSA National endorsed Sanders on 2019-03-21 (https://www.dsausa.org/bernie-2020-dsa-endorsement-debate-process/).
us-president-dem-primary-2020-ar-mosie-boyd,us-president-dem-primary-2020-ar,mosie-boyd,Mosie Boyd,Democratic,opponent,certified,Loss,verified,https://www.fec.gov/introduction-campaign-finance/election-results-and-voting-information/federal-elections-2020/,Official FEC 2020 results compilation supplies the certified Arkansas Democratic presidential-primary roster and vote totals; DSA National endorsed Sanders on 2019-03-21 (https://www.dsausa.org/bernie-2020-dsa-endorsement-debate-process/).
us-president-dem-primary-2020-ar-julian-castro,us-president-dem-primary-2020-ar,julian-castro,Julian Castro,Democratic,opponent,certified,Loss,verified,https://www.fec.gov/introduction-campaign-finance/election-results-and-voting-information/federal-elections-2020/,Official FEC 2020 results compilation supplies the certified Arkansas Democratic presidential-primary roster and vote totals; DSA National endorsed Sanders on 2019-03-21 (https://www.dsausa.org/bernie-2020-dsa-endorsement-debate-process/).
us-president-dem-primary-2020-ca-bernie-sanders,us-president-dem-primary-2020-ca,bernie-sanders,Bernie Sanders,Democratic,endorsed,certified,Win,verified,https://www.fec.gov/introduction-campaign-finance/election-results-and-voting-information/federal-elections-2020/,Official FEC 2020 results compilation supplies the certified California Democratic presidential-primary roster and vote totals; DSA National endorsed Sanders on 2019-03-21 (https://www.dsausa.org/bernie-2020-dsa-endorsement-debate-process/).
us-president-dem-primary-2020-ca-joseph-r-biden,us-president-dem-primary-2020-ca,joseph-r-biden,Joseph R. Biden,Democratic,opponent,certified,Loss,verified,https://www.fec.gov/introduction-campaign-finance/election-results-and-voting-information/federal-elections-2020/,Official FEC 2020 results compilation supplies the certified California Democratic presidential-primary roster and vote totals; DSA National endorsed Sanders on 2019-03-21 (https://www.dsausa.org/bernie-2020-dsa-endorsement-debate-process/).
us-president-dem-primary-2020-ca-elizabeth-warren,us-president-dem-primary-2020-ca,elizabeth-warren,Elizabeth Warren,Democratic,opponent,certified,Loss,verified,https://www.fec.gov/introduction-campaign-finance/election-results-and-voting-information/federal-elections-2020/,Official FEC 2020 results compilation supplies the certified California Democratic presidential-primary roster and vote totals; DSA National endorsed Sanders on 2019-03-21 (https://www.dsausa.org/bernie-2020-dsa-endorsement-debate-process/).
us-president-dem-primary-2020-ca-michael-r-bloomberg,us-president-dem-primary-2020-ca,michael-r-bloomberg,Michael R. Bloomberg,Democratic,opponent,certified,Loss,verified,https://www.fec.gov/introduction-campaign-finance/election-results-and-voting-information/federal-elections-2020/,Official FEC 2020 results compilation supplies the certified California Democratic presidential-primary roster and vote totals; DSA National endorsed Sanders on 2019-03-21 (https://www.dsausa.org/bernie-2020-dsa-endorsement-debate-process/).
us-president-dem-primary-2020-ca-pete-buttigieg,us-president-dem-primary-2020-ca,pete-buttigieg,Pete Buttigieg,Democratic,opponent,certified,Loss,verified,https://www.fec.gov/introduction-campaign-finance/election-results-and-voting-information/federal-elections-2020/,Official FEC 2020 results compilation supplies the certified California Democratic presidential-primary roster and vote totals; DSA National endorsed Sanders on 2019-03-21 (https://www.dsausa.org/bernie-2020-dsa-endorsement-debate-process/).
us-president-dem-primary-2020-ca-amy-klobuchar,us-president-dem-primary-2020-ca,amy-klobuchar,Amy Klobuchar,Democratic,opponent,certified,Loss,verified,https://www.fec.gov/introduction-campaign-finance/election-results-and-voting-information/federal-elections-2020/,Official FEC 2020 results compilation supplies the certified California Democratic presidential-primary roster and vote totals; DSA National endorsed Sanders on 2019-03-21 (https://www.dsausa.org/bernie-2020-dsa-endorsement-debate-process/).
us-president-dem-primary-2020-ca-tom-steyer,us-president-dem-primary-2020-ca,tom-steyer,Tom Steyer,Democratic,opponent,certified,Loss,verified,https://www.fec.gov/introduction-campaign-finance/election-results-and-voting-information/federal-elections-2020/,Official FEC 2020 results compilation supplies the certified California Democratic presidential-primary roster and vote totals; DSA National endorsed Sanders on 2019-03-21 (https://www.dsausa.org/bernie-2020-dsa-endorsement-debate-process/).
us-president-dem-primary-2020-ca-andrew-yang,us-president-dem-primary-2020-ca,andrew-yang,Andrew Yang,Democratic,opponent,certified,Loss,verified,https://www.fec.gov/introduction-campaign-finance/election-results-and-voting-information/federal-elections-2020/,Official FEC 2020 results compilation supplies the certified California Democratic presidential-primary roster and vote totals; DSA National endorsed Sanders on 2019-03-21 (https://www.dsausa.org/bernie-2020-dsa-endorsement-debate-process/).
us-president-dem-primary-2020-ca-tulsi-gabbard,us-president-dem-primary-2020-ca,tulsi-gabbard,Tulsi Gabbard,Democratic,opponent,certified,Loss,verified,https://www.fec.gov/introduction-campaign-finance/election-results-and-voting-information/federal-elections-2020/,Official FEC 2020 results compilation supplies the certified California Democratic presidential-primary roster and vote totals; DSA National endorsed Sanders on 2019-03-21 (https://www.dsausa.org/bernie-2020-dsa-endorsement-debate-process/).
us-president-dem-primary-2020-ca-juli-n-castro,us-president-dem-primary-2020-ca,juli-n-castro,Julián Castro,Democratic,opponent,certified,Loss,verified,https://www.fec.gov/introduction-campaign-finance/election-results-and-voting-information/federal-elections-2020/,Official FEC 2020 results compilation supplies the certified California Democratic presidential-primary roster and vote totals; DSA National endorsed Sanders on 2019-03-21 (https://www.dsausa.org/bernie-2020-dsa-endorsement-debate-process/).
us-president-dem-primary-2020-ca-michael-bennet,us-president-dem-primary-2020-ca,michael-bennet,Michael Bennet,Democratic,opponent,certified,Loss,verified,https://www.fec.gov/introduction-campaign-finance/election-results-and-voting-information/federal-elections-2020/,Official FEC 2020 results compilation supplies the certified California Democratic presidential-primary roster and vote totals; DSA National endorsed Sanders on 2019-03-21 (https://www.dsausa.org/bernie-2020-dsa-endorsement-debate-process/).
us-president-dem-primary-2020-ca-marianne-williamson,us-president-dem-primary-2020-ca,marianne-williamson,Marianne Williamson,Democratic,opponent,certified,Loss,verified,https://www.fec.gov/introduction-campaign-finance/election-results-and-voting-information/federal-elections-2020/,Official FEC 2020 results compilation supplies the certified California Democratic presidential-primary roster and vote totals; DSA National endorsed Sanders on 2019-03-21 (https://www.dsausa.org/bernie-2020-dsa-endorsement-debate-process/).
us-president-dem-primary-2020-ca-roque-rocky-iii-de-la-fuente,us-president-dem-primary-2020-ca,roque-rocky-iii-de-la-fuente,"Roque ""Rocky,"" III De La Fuente",Democratic,opponent,certified,Loss,verified,https://www.fec.gov/introduction-campaign-finance/election-results-and-voting-information/federal-elections-2020/,Official FEC 2020 results compilation supplies the certified California Democratic presidential-primary roster and vote totals; DSA National endorsed Sanders on 2019-03-21 (https://www.dsausa.org/bernie-2020-dsa-endorsement-debate-process/).
us-president-dem-primary-2020-ca-cory-booker,us-president-dem-primary-2020-ca,cory-booker,Cory Booker,Democratic,opponent,certified,Loss,verified,https://www.fec.gov/introduction-campaign-finance/election-results-and-voting-information/federal-elections-2020/,Official FEC 2020 results compilation supplies the certified California Democratic presidential-primary roster and vote totals; DSA National endorsed Sanders on 2019-03-21 (https://www.dsausa.org/bernie-2020-dsa-endorsement-debate-process/).
us-president-dem-primary-2020-ca-john-k-delaney,us-president-dem-primary-2020-ca,john-k-delaney,John K. Delaney,Democratic,opponent,certified,Loss,verified,https://www.fec.gov/introduction-campaign-finance/election-results-and-voting-information/federal-elections-2020/,Official FEC 2020 results compilation supplies the certified California Democratic presidential-primary roster and vote totals; DSA National endorsed Sanders on 2019-03-21 (https://www.dsausa.org/bernie-2020-dsa-endorsement-debate-process/).
us-president-dem-primary-2020-ca-michael-a-ellinger,us-president-dem-primary-2020-ca,michael-a-ellinger,Michael A. Ellinger,Democratic,opponent,certified,Loss,verified,https://www.fec.gov/introduction-campaign-finance/election-results-and-voting-information/federal-elections-2020/,Official FEC 2020 results compilation supplies the certified California Democratic presidential-primary roster and vote totals; DSA National endorsed Sanders on 2019-03-21 (https://www.dsausa.org/bernie-2020-dsa-endorsement-debate-process/).
us-president-dem-primary-2020-ca-joe-sestak,us-president-dem-primary-2020-ca,joe-sestak,Joe Sestak,Democratic,opponent,certified,Loss,verified,https://www.fec.gov/introduction-campaign-finance/election-results-and-voting-information/federal-elections-2020/,Official FEC 2020 results compilation supplies the certified California Democratic presidential-primary roster and vote totals; DSA National endorsed Sanders on 2019-03-21 (https://www.dsausa.org/bernie-2020-dsa-endorsement-debate-process/).
us-president-dem-primary-2020-ca-mark-stewart-greenstein,us-president-dem-primary-2020-ca,mark-stewart-greenstein,Mark Stewart Greenstein,Democratic,opponent,certified,Loss,verified,https://www.fec.gov/introduction-campaign-finance/election-results-and-voting-information/federal-elections-2020/,Official FEC 2020 results compilation supplies the certified California Democratic presidential-primary roster and vote totals; DSA National endorsed Sanders on 2019-03-21 (https://www.dsausa.org/bernie-2020-dsa-endorsement-debate-process/).
us-president-dem-primary-2020-ca-deval-patrick,us-president-dem-primary-2020-ca,deval-patrick,Deval Patrick,Democratic,opponent,certified,Loss,verified,https://www.fec.gov/introduction-campaign-finance/election-results-and-voting-information/federal-elections-2020/,Official FEC 2020 results compilation supplies the certified California Democratic presidential-primary roster and vote totals; DSA National endorsed Sanders on 2019-03-21 (https://www.dsausa.org/bernie-2020-dsa-endorsement-debate-process/).
us-president-dem-primary-2020-ca-mosie-boyd,us-president-dem-primary-2020-ca,mosie-boyd,Mosie Boyd,Democratic,opponent,certified,Loss,verified,https://www.fec.gov/introduction-campaign-finance/election-results-and-voting-information/federal-elections-2020/,Official FEC 2020 results compilation supplies the certified California Democratic presidential-primary roster and vote totals; DSA National endorsed Sanders on 2019-03-21 (https://www.dsausa.org/bernie-2020-dsa-endorsement-debate-process/).
us-president-dem-primary-2020-co-bernie-sanders,us-president-dem-primary-2020-co,bernie-sanders,Bernie Sanders,Democratic,endorsed,certified,Win,verified,https://www.fec.gov/introduction-campaign-finance/election-results-and-voting-information/federal-elections-2020/,Official FEC 2020 results compilation supplies the certified Colorado Democratic presidential-primary roster and vote totals; DSA National endorsed Sanders on 2019-03-21 (https://www.dsausa.org/bernie-2020-dsa-endorsement-debate-process/).
us-president-dem-primary-2020-co-joseph-r-biden,us-president-dem-primary-2020-co,joseph-r-biden,Joseph R. Biden,Democratic,opponent,certified,Loss,verified,https://www.fec.gov/introduction-campaign-finance/election-results-and-voting-information/federal-elections-2020/,Official FEC 2020 results compilation supplies the certified Colorado Democratic presidential-primary roster and vote totals; DSA National endorsed Sanders on 2019-03-21 (https://www.dsausa.org/bernie-2020-dsa-endorsement-debate-process/).
us-president-dem-primary-2020-co-michael-r-bloomberg,us-president-dem-primary-2020-co,michael-r-bloomberg,Michael R. Bloomberg,Democratic,opponent,certified,Loss,verified,https://www.fec.gov/introduction-campaign-finance/election-results-and-voting-information/federal-elections-2020/,Official FEC 2020 results compilation supplies the certified Colorado Democratic presidential-primary roster and vote totals; DSA National endorsed Sanders on 2019-03-21 (https://www.dsausa.org/bernie-2020-dsa-endorsement-debate-process/).
us-president-dem-primary-2020-co-elizabeth-warren,us-president-dem-primary-2020-co,elizabeth-warren,Elizabeth Warren,Democratic,opponent,certified,Loss,verified,https://www.fec.gov/introduction-campaign-finance/election-results-and-voting-information/federal-elections-2020/,Official FEC 2020 results compilation supplies the certified Colorado Democratic presidential-primary roster and vote totals; DSA National endorsed Sanders on 2019-03-21 (https://www.dsausa.org/bernie-2020-dsa-endorsement-debate-process/).
us-president-dem-primary-2020-co-tulsi-gabbard,us-president-dem-primary-2020-co,tulsi-gabbard,Tulsi Gabbard,Democratic,opponent,certified,Loss,verified,https://www.fec.gov/introduction-campaign-finance/election-results-and-voting-information/federal-elections-2020/,Official FEC 2020 results compilation supplies the certified Colorado Democratic presidential-primary roster and vote totals; DSA National endorsed Sanders on 2019-03-21 (https://www.dsausa.org/bernie-2020-dsa-endorsement-debate-process/).
us-president-dem-primary-2020-co-andrew-yang,us-president-dem-primary-2020-co,andrew-yang,Andrew Yang,Democratic,opponent,certified,Loss,verified,https://www.fec.gov/introduction-campaign-finance/election-results-and-voting-information/federal-elections-2020/,Official FEC 2020 results compilation supplies the certified Colorado Democratic presidential-primary roster and vote totals; DSA National endorsed Sanders on 2019-03-21 (https://www.dsausa.org/bernie-2020-dsa-endorsement-debate-process/).
us-president-dem-primary-2020-co-tom-steyer,us-president-dem-primary-2020-co,tom-steyer,Tom Steyer,Democratic,opponent,certified,Loss,verified,https://www.fec.gov/introduction-campaign-finance/election-results-and-voting-information/federal-elections-2020/,Official FEC 2020 results compilation supplies the certified Colorado Democratic presidential-primary roster and vote totals; DSA National endorsed Sanders on 2019-03-21 (https://www.dsausa.org/bernie-2020-dsa-endorsement-debate-process/).
us-president-dem-primary-2020-co-cory-booker,us-president-dem-primary-2020-co,cory-booker,Cory Booker,Democratic,opponent,certified,Loss,verified,https://www.fec.gov/introduction-campaign-finance/election-results-and-voting-information/federal-elections-2020/,Official FEC 2020 results compilation supplies the certified Colorado Democratic presidential-primary roster and vote totals; DSA National endorsed Sanders on 2019-03-21 (https://www.dsausa.org/bernie-2020-dsa-endorsement-debate-process/).
us-president-dem-primary-2020-co-roque-rocky-iii-de-la-fuente,us-president-dem-primary-2020-co,roque-rocky-iii-de-la-fuente,"Roque ""Rocky,"" III De La Fuente",Democratic,opponent,certified,Loss,verified,https://www.fec.gov/introduction-campaign-finance/election-results-and-voting-information/federal-elections-2020/,Official FEC 2020 results compilation supplies the certified Colorado Democratic presidential-primary roster and vote totals; DSA National endorsed Sanders on 2019-03-21 (https://www.dsausa.org/bernie-2020-dsa-endorsement-debate-process/).
us-president-dem-primary-2020-co-marianne-williamson,us-president-dem-primary-2020-co,marianne-williamson,Marianne Williamson,Democratic,opponent,certified,Loss,verified,https://www.fec.gov/introduction-campaign-finance/election-results-and-voting-information/federal-elections-2020/,Official FEC 2020 results compilation supplies the certified Colorado Democratic presidential-primary roster and vote totals; DSA National endorsed Sanders on 2019-03-21 (https://www.dsausa.org/bernie-2020-dsa-endorsement-debate-process/).
us-president-dem-primary-2020-co-rita-krichevsky,us-president-dem-primary-2020-co,rita-krichevsky,Rita Krichevsky,Democratic,opponent,certified,Loss,verified,https://www.fec.gov/introduction-campaign-finance/election-results-and-voting-information/federal-elections-2020/,Official FEC 2020 results compilation supplies the certified Colorado Democratic presidential-primary roster and vote totals; DSA National endorsed Sanders on 2019-03-21 (https://www.dsausa.org/bernie-2020-dsa-endorsement-debate-process/).
us-president-dem-primary-2020-co-robby-wells,us-president-dem-primary-2020-co,robby-wells,Robby Wells,Democratic,opponent,certified,Loss,verified,https://www.fec.gov/introduction-campaign-finance/election-results-and-voting-information/federal-elections-2020/,Official FEC 2020 results compilation supplies the certified Colorado Democratic presidential-primary roster and vote totals; DSA National endorsed Sanders on 2019-03-21 (https://www.dsausa.org/bernie-2020-dsa-endorsement-debate-process/).
us-president-dem-primary-2020-co-deval-patrick,us-president-dem-primary-2020-co,deval-patrick,Deval Patrick,Democratic,opponent,certified,Loss,verified,https://www.fec.gov/introduction-campaign-finance/election-results-and-voting-information/federal-elections-2020/,Official FEC 2020 results compilation supplies the certified Colorado Democratic presidential-primary roster and vote totals; DSA National endorsed Sanders on 2019-03-21 (https://www.dsausa.org/bernie-2020-dsa-endorsement-debate-process/).
us-president-dem-primary-2020-ma-joseph-r-biden,us-president-dem-primary-2020-ma,joseph-r-biden,Joseph R. Biden,Democratic,opponent,certified,Win,verified,https://www.fec.gov/introduction-campaign-finance/election-results-and-voting-information/federal-elections-2020/,Official FEC 2020 results compilation supplies the certified Massachusetts Democratic presidential-primary roster and vote totals; DSA National endorsed Sanders on 2019-03-21 (https://www.dsausa.org/bernie-2020-dsa-endorsement-debate-process/).
us-president-dem-primary-2020-ma-bernie-sanders,us-president-dem-primary-2020-ma,bernie-sanders,Bernie Sanders,Democratic,endorsed,certified,Loss,verified,https://www.fec.gov/introduction-campaign-finance/election-results-and-voting-information/federal-elections-2020/,Official FEC 2020 results compilation supplies the certified Massachusetts Democratic presidential-primary roster and vote totals; DSA National endorsed Sanders on 2019-03-21 (https://www.dsausa.org/bernie-2020-dsa-endorsement-debate-process/).
us-president-dem-primary-2020-ma-elizabeth-warren,us-president-dem-primary-2020-ma,elizabeth-warren,Elizabeth Warren,Democratic,opponent,certified,Loss,verified,https://www.fec.gov/introduction-campaign-finance/election-results-and-voting-information/federal-elections-2020/,Official FEC 2020 results compilation supplies the certified Massachusetts Democratic presidential-primary roster and vote totals; DSA National endorsed Sanders on 2019-03-21 (https://www.dsausa.org/bernie-2020-dsa-endorsement-debate-process/).
us-president-dem-primary-2020-ma-michael-r-bloomberg,us-president-dem-primary-2020-ma,michael-r-bloomberg,Michael R. Bloomberg,Democratic,opponent,certified,Loss,verified,https://www.fec.gov/introduction-campaign-finance/election-results-and-voting-information/federal-elections-2020/,Official FEC 2020 results compilation supplies the certified Massachusetts Democratic presidential-primary roster and vote totals; DSA National endorsed Sanders on 2019-03-21 (https://www.dsausa.org/bernie-2020-dsa-endorsement-debate-process/).
us-president-dem-primary-2020-ma-pete-buttigieg,us-president-dem-primary-2020-ma,pete-buttigieg,Pete Buttigieg,Democratic,opponent,certified,Loss,verified,https://www.fec.gov/introduction-campaign-finance/election-results-and-voting-information/federal-elections-2020/,Official FEC 2020 results compilation supplies the certified Massachusetts Democratic presidential-primary roster and vote totals; DSA National endorsed Sanders on 2019-03-21 (https://www.dsausa.org/bernie-2020-dsa-endorsement-debate-process/).
us-president-dem-primary-2020-ma-amy-klobuchar,us-president-dem-primary-2020-ma,amy-klobuchar,Amy Klobuchar,Democratic,opponent,certified,Loss,verified,https://www.fec.gov/introduction-campaign-finance/election-results-and-voting-information/federal-elections-2020/,Official FEC 2020 results compilation supplies the certified Massachusetts Democratic presidential-primary roster and vote totals; DSA National endorsed Sanders on 2019-03-21 (https://www.dsausa.org/bernie-2020-dsa-endorsement-debate-process/).
us-president-dem-primary-2020-ma-tulsi-gabbard,us-president-dem-primary-2020-ma,tulsi-gabbard,Tulsi Gabbard,Democratic,opponent,certified,Loss,verified,https://www.fec.gov/introduction-campaign-finance/election-results-and-voting-information/federal-elections-2020/,Official FEC 2020 results compilation supplies the certified Massachusetts Democratic presidential-primary roster and vote totals; DSA National endorsed Sanders on 2019-03-21 (https://www.dsausa.org/bernie-2020-dsa-endorsement-debate-process/).
us-president-dem-primary-2020-ma-deval-patrick,us-president-dem-primary-2020-ma,deval-patrick,Deval Patrick,Democratic,opponent,certified,Loss,verified,https://www.fec.gov/introduction-campaign-finance/election-results-and-voting-information/federal-elections-2020/,Official FEC 2020 results compilation supplies the certified Massachusetts Democratic presidential-primary roster and vote totals; DSA National endorsed Sanders on 2019-03-21 (https://www.dsausa.org/bernie-2020-dsa-endorsement-debate-process/).
us-president-dem-primary-2020-ma-tom-steyer,us-president-dem-primary-2020-ma,tom-steyer,Tom Steyer,Democratic,opponent,certified,Loss,verified,https://www.fec.gov/introduction-campaign-finance/election-results-and-voting-information/federal-elections-2020/,Official FEC 2020 results compilation supplies the certified Massachusetts Democratic presidential-primary roster and vote totals; DSA National endorsed Sanders on 2019-03-21 (https://www.dsausa.org/bernie-2020-dsa-endorsement-debate-process/).
us-president-dem-primary-2020-ma-no-preference,us-president-dem-primary-2020-ma,no-preference,No Preference,Democratic,opponent,certified,Loss,verified,https://www.fec.gov/introduction-campaign-finance/election-results-and-voting-information/federal-elections-2020/,Official FEC 2020 results compilation supplies the certified Massachusetts Democratic presidential-primary roster and vote totals; DSA National endorsed Sanders on 2019-03-21 (https://www.dsausa.org/bernie-2020-dsa-endorsement-debate-process/).
us-president-dem-primary-2020-ma-andrew-yang,us-president-dem-primary-2020-ma,andrew-yang,Andrew Yang,Democratic,opponent,certified,Loss,verified,https://www.fec.gov/introduction-campaign-finance/election-results-and-voting-information/federal-elections-2020/,Official FEC 2020 results compilation supplies the certified Massachusetts Democratic presidential-primary roster and vote totals; DSA National endorsed Sanders on 2019-03-21 (https://www.dsausa.org/bernie-2020-dsa-endorsement-debate-process/).
us-president-dem-primary-2020-ma-michael-bennet,us-president-dem-primary-2020-ma,michael-bennet,Michael Bennet,Democratic,opponent,certified,Loss,verified,https://www.fec.gov/introduction-campaign-finance/election-results-and-voting-information/federal-elections-2020/,Official FEC 2020 results compilation supplies the certified Massachusetts Democratic presidential-primary roster and vote totals; DSA National endorsed Sanders on 2019-03-21 (https://www.dsausa.org/bernie-2020-dsa-endorsement-debate-process/).
us-president-dem-primary-2020-ma-john-k-delaney,us-president-dem-primary-2020-ma,john-k-delaney,John K. Delaney,Democratic,opponent,certified,Loss,verified,https://www.fec.gov/introduction-campaign-finance/election-results-and-voting-information/federal-elections-2020/,Official FEC 2020 results compilation supplies the certified Massachusetts Democratic presidential-primary roster and vote totals; DSA National endorsed Sanders on 2019-03-21 (https://www.dsausa.org/bernie-2020-dsa-endorsement-debate-process/).
us-president-dem-primary-2020-ma-marianne-williamson,us-president-dem-primary-2020-ma,marianne-williamson,Marianne Williamson,Democratic,opponent,certified,Loss,verified,https://www.fec.gov/introduction-campaign-finance/election-results-and-voting-information/federal-elections-2020/,Official FEC 2020 results compilation supplies the certified Massachusetts Democratic presidential-primary roster and vote totals; DSA National endorsed Sanders on 2019-03-21 (https://www.dsausa.org/bernie-2020-dsa-endorsement-debate-process/).
us-president-dem-primary-2020-ma-cory-booker,us-president-dem-primary-2020-ma,cory-booker,Cory Booker,Democratic,opponent,certified,Loss,verified,https://www.fec.gov/introduction-campaign-finance/election-results-and-voting-information/federal-elections-2020/,Official FEC 2020 results compilation supplies the certified Massachusetts Democratic presidential-primary roster and vote totals; DSA National endorsed Sanders on 2019-03-21 (https://www.dsausa.org/bernie-2020-dsa-endorsement-debate-process/).
us-president-dem-primary-2020-ma-juli-n-castro,us-president-dem-primary-2020-ma,juli-n-castro,Julián Castro,Democratic,opponent,certified,Loss,verified,https://www.fec.gov/introduction-campaign-finance/election-results-and-voting-information/federal-elections-2020/,Official FEC 2020 results compilation supplies the certified Massachusetts Democratic presidential-primary roster and vote totals; DSA National endorsed Sanders on 2019-03-21 (https://www.dsausa.org/bernie-2020-dsa-endorsement-debate-process/).
us-president-dem-primary-2020-nc-joseph-r-biden,us-president-dem-primary-2020-nc,joseph-r-biden,Joseph R. Biden,Democratic,opponent,certified,Win,verified,https://www.fec.gov/introduction-campaign-finance/election-results-and-voting-information/federal-elections-2020/,Official FEC 2020 results compilation supplies the certified North Carolina Democratic presidential-primary roster and vote totals; DSA National endorsed Sanders on 2019-03-21 (https://www.dsausa.org/bernie-2020-dsa-endorsement-debate-process/).
us-president-dem-primary-2020-nc-bernie-sanders,us-president-dem-primary-2020-nc,bernie-sanders,Bernie Sanders,Democratic,endorsed,certified,Loss,verified,https://www.fec.gov/introduction-campaign-finance/election-results-and-voting-information/federal-elections-2020/,Official FEC 2020 results compilation supplies the certified North Carolina Democratic presidential-primary roster and vote totals; DSA National endorsed Sanders on 2019-03-21 (https://www.dsausa.org/bernie-2020-dsa-endorsement-debate-process/).
us-president-dem-primary-2020-nc-michael-r-bloomberg,us-president-dem-primary-2020-nc,michael-r-bloomberg,Michael R. Bloomberg,Democratic,opponent,certified,Loss,verified,https://www.fec.gov/introduction-campaign-finance/election-results-and-voting-information/federal-elections-2020/,Official FEC 2020 results compilation supplies the certified North Carolina Democratic presidential-primary roster and vote totals; DSA National endorsed Sanders on 2019-03-21 (https://www.dsausa.org/bernie-2020-dsa-endorsement-debate-process/).
us-president-dem-primary-2020-nc-elizabeth-warren,us-president-dem-primary-2020-nc,elizabeth-warren,Elizabeth Warren,Democratic,opponent,certified,Loss,verified,https://www.fec.gov/introduction-campaign-finance/election-results-and-voting-information/federal-elections-2020/,Official FEC 2020 results compilation supplies the certified North Carolina Democratic presidential-primary roster and vote totals; DSA National endorsed Sanders on 2019-03-21 (https://www.dsausa.org/bernie-2020-dsa-endorsement-debate-process/).
us-president-dem-primary-2020-nc-pete-buttigieg,us-president-dem-primary-2020-nc,pete-buttigieg,Pete Buttigieg,Democratic,opponent,certified,Loss,verified,https://www.fec.gov/introduction-campaign-finance/election-results-and-voting-information/federal-elections-2020/,Official FEC 2020 results compilation supplies the certified North Carolina Democratic presidential-primary roster and vote totals; DSA National endorsed Sanders on 2019-03-21 (https://www.dsausa.org/bernie-2020-dsa-endorsement-debate-process/).
us-president-dem-primary-2020-nc-amy-klobuchar,us-president-dem-primary-2020-nc,amy-klobuchar,Amy Klobuchar,Democratic,opponent,certified,Loss,verified,https://www.fec.gov/introduction-campaign-finance/election-results-and-voting-information/federal-elections-2020/,Official FEC 2020 results compilation supplies the certified North Carolina Democratic presidential-primary roster and vote totals; DSA National endorsed Sanders on 2019-03-21 (https://www.dsausa.org/bernie-2020-dsa-endorsement-debate-process/).
us-president-dem-primary-2020-nc-no-preference,us-president-dem-primary-2020-nc,no-preference,No Preference,Democratic,opponent,certified,Loss,verified,https://www.fec.gov/introduction-campaign-finance/election-results-and-voting-information/federal-elections-2020/,Official FEC 2020 results compilation supplies the certified North Carolina Democratic presidential-primary roster and vote totals; DSA National endorsed Sanders on 2019-03-21 (https://www.dsausa.org/bernie-2020-dsa-endorsement-debate-process/).
us-president-dem-primary-2020-nc-tom-steyer,us-president-dem-primary-2020-nc,tom-steyer,Tom Steyer,Democratic,opponent,certified,Loss,verified,https://www.fec.gov/introduction-campaign-finance/election-results-and-voting-information/federal-elections-2020/,Official FEC 2020 results compilation supplies the certified North Carolina Democratic presidential-primary roster and vote totals; DSA National endorsed Sanders on 2019-03-21 (https://www.dsausa.org/bernie-2020-dsa-endorsement-debate-process/).
us-president-dem-primary-2020-nc-tulsi-gabbard,us-president-dem-primary-2020-nc,tulsi-gabbard,Tulsi Gabbard,Democratic,opponent,certified,Loss,verified,https://www.fec.gov/introduction-campaign-finance/election-results-and-voting-information/federal-elections-2020/,Official FEC 2020 results compilation supplies the certified North Carolina Democratic presidential-primary roster and vote totals; DSA National endorsed Sanders on 2019-03-21 (https://www.dsausa.org/bernie-2020-dsa-endorsement-debate-process/).
us-president-dem-primary-2020-nc-andrew-yang,us-president-dem-primary-2020-nc,andrew-yang,Andrew Yang,Democratic,opponent,certified,Loss,verified,https://www.fec.gov/introduction-campaign-finance/election-results-and-voting-information/federal-elections-2020/,Official FEC 2020 results compilation supplies the certified North Carolina Democratic presidential-primary roster and vote totals; DSA National endorsed Sanders on 2019-03-21 (https://www.dsausa.org/bernie-2020-dsa-endorsement-debate-process/).
us-president-dem-primary-2020-nc-cory-booker,us-president-dem-primary-2020-nc,cory-booker,Cory Booker,Democratic,opponent,certified,Loss,verified,https://www.fec.gov/introduction-campaign-finance/election-results-and-voting-information/federal-elections-2020/,Official FEC 2020 results compilation supplies the certified North Carolina Democratic presidential-primary roster and vote totals; DSA National endorsed Sanders on 2019-03-21 (https://www.dsausa.org/bernie-2020-dsa-endorsement-debate-process/).
us-president-dem-primary-2020-nc-michael-bennet,us-president-dem-primary-2020-nc,michael-bennet,Michael Bennet,Democratic,opponent,certified,Loss,verified,https://www.fec.gov/introduction-campaign-finance/election-results-and-voting-information/federal-elections-2020/,Official FEC 2020 results compilation supplies the certified North Carolina Democratic presidential-primary roster and vote totals; DSA National endorsed Sanders on 2019-03-21 (https://www.dsausa.org/bernie-2020-dsa-endorsement-debate-process/).
us-president-dem-primary-2020-nc-deval-patrick,us-president-dem-primary-2020-nc,deval-patrick,Deval Patrick,Democratic,opponent,certified,Loss,verified,https://www.fec.gov/introduction-campaign-finance/election-results-and-voting-information/federal-elections-2020/,Official FEC 2020 results compilation supplies the certified North Carolina Democratic presidential-primary roster and vote totals; DSA National endorsed Sanders on 2019-03-21 (https://www.dsausa.org/bernie-2020-dsa-endorsement-debate-process/).
us-president-dem-primary-2020-nc-marianne-williamson,us-president-dem-primary-2020-nc,marianne-williamson,Marianne Williamson,Democratic,opponent,certified,Loss,verified,https://www.fec.gov/introduction-campaign-finance/election-results-and-voting-information/federal-elections-2020/,Official FEC 2020 results compilation supplies the certified North Carolina Democratic presidential-primary roster and vote totals; DSA National endorsed Sanders on 2019-03-21 (https://www.dsausa.org/bernie-2020-dsa-endorsement-debate-process/).
us-president-dem-primary-2020-nc-john-k-delaney,us-president-dem-primary-2020-nc,john-k-delaney,John K. Delaney,Democratic,opponent,certified,Loss,verified,https://www.fec.gov/introduction-campaign-finance/election-results-and-voting-information/federal-elections-2020/,Official FEC 2020 results compilation supplies the certified North Carolina Democratic presidential-primary roster and vote totals; DSA National endorsed Sanders on 2019-03-21 (https://www.dsausa.org/bernie-2020-dsa-endorsement-debate-process/).
us-president-dem-primary-2020-nc-julian-castro,us-president-dem-primary-2020-nc,julian-castro,Julian Castro,Democratic,opponent,certified,Loss,verified,https://www.fec.gov/introduction-campaign-finance/election-results-and-voting-information/federal-elections-2020/,Official FEC 2020 results compilation supplies the certified North Carolina Democratic presidential-primary roster and vote totals; DSA National endorsed Sanders on 2019-03-21 (https://www.dsausa.org/bernie-2020-dsa-endorsement-debate-process/).
us-president-dem-primary-2020-ok-joseph-r-biden,us-president-dem-primary-2020-ok,joseph-r-biden,Joseph R. Biden,Democratic,opponent,certified,Win,verified,https://www.fec.gov/introduction-campaign-finance/election-results-and-voting-information/federal-elections-2020/,Official FEC 2020 results compilation supplies the certified Oklahoma Democratic presidential-primary roster and vote totals; DSA National endorsed Sanders on 2019-03-21 (https://www.dsausa.org/bernie-2020-dsa-endorsement-debate-process/).
us-president-dem-primary-2020-ok-bernie-sanders,us-president-dem-primary-2020-ok,bernie-sanders,Bernie Sanders,Democratic,endorsed,certified,Loss,verified,https://www.fec.gov/introduction-campaign-finance/election-results-and-voting-information/federal-elections-2020/,Official FEC 2020 results compilation supplies the certified Oklahoma Democratic presidential-primary roster and vote totals; DSA National endorsed Sanders on 2019-03-21 (https://www.dsausa.org/bernie-2020-dsa-endorsement-debate-process/).
us-president-dem-primary-2020-ok-michael-r-bloomberg,us-president-dem-primary-2020-ok,michael-r-bloomberg,Michael R. Bloomberg,Democratic,opponent,certified,Loss,verified,https://www.fec.gov/introduction-campaign-finance/election-results-and-voting-information/federal-elections-2020/,Official FEC 2020 results compilation supplies the certified Oklahoma Democratic presidential-primary roster and vote totals; DSA National endorsed Sanders on 2019-03-21 (https://www.dsausa.org/bernie-2020-dsa-endorsement-debate-process/).
us-president-dem-primary-2020-ok-elizabeth-warren,us-president-dem-primary-2020-ok,elizabeth-warren,Elizabeth Warren,Democratic,opponent,certified,Loss,verified,https://www.fec.gov/introduction-campaign-finance/election-results-and-voting-information/federal-elections-2020/,Official FEC 2020 results compilation supplies the certified Oklahoma Democratic presidential-primary roster and vote totals; DSA National endorsed Sanders on 2019-03-21 (https://www.dsausa.org/bernie-2020-dsa-endorsement-debate-process/).
us-president-dem-primary-2020-ok-amy-klobuchar,us-president-dem-primary-2020-ok,amy-klobuchar,Amy Klobuchar,Democratic,opponent,certified,Loss,verified,https://www.fec.gov/introduction-campaign-finance/election-results-and-voting-information/federal-elections-2020/,Official FEC 2020 results compilation supplies the certified Oklahoma Democratic presidential-primary roster and vote totals; DSA National endorsed Sanders on 2019-03-21 (https://www.dsausa.org/bernie-2020-dsa-endorsement-debate-process/).
us-president-dem-primary-2020-ok-pete-buttigieg,us-president-dem-primary-2020-ok,pete-buttigieg,Pete Buttigieg,Democratic,opponent,certified,Loss,verified,https://www.fec.gov/introduction-campaign-finance/election-results-and-voting-information/federal-elections-2020/,Official FEC 2020 results compilation supplies the certified Oklahoma Democratic presidential-primary roster and vote totals; DSA National endorsed Sanders on 2019-03-21 (https://www.dsausa.org/bernie-2020-dsa-endorsement-debate-process/).
us-president-dem-primary-2020-ok-tulsi-gabbard,us-president-dem-primary-2020-ok,tulsi-gabbard,Tulsi Gabbard,Democratic,opponent,certified,Loss,verified,https://www.fec.gov/introduction-campaign-finance/election-results-and-voting-information/federal-elections-2020/,Official FEC 2020 results compilation supplies the certified Oklahoma Democratic presidential-primary roster and vote totals; DSA National endorsed Sanders on 2019-03-21 (https://www.dsausa.org/bernie-2020-dsa-endorsement-debate-process/).
us-president-dem-primary-2020-ok-tom-steyer,us-president-dem-primary-2020-ok,tom-steyer,Tom Steyer,Democratic,opponent,certified,Loss,verified,https://www.fec.gov/introduction-campaign-finance/election-results-and-voting-information/federal-elections-2020/,Official FEC 2020 results compilation supplies the certified Oklahoma Democratic presidential-primary roster and vote totals; DSA National endorsed Sanders on 2019-03-21 (https://www.dsausa.org/bernie-2020-dsa-endorsement-debate-process/).
us-president-dem-primary-2020-ok-andrew-yang,us-president-dem-primary-2020-ok,andrew-yang,Andrew Yang,Democratic,opponent,certified,Loss,verified,https://www.fec.gov/introduction-campaign-finance/election-results-and-voting-information/federal-elections-2020/,Official FEC 2020 results compilation supplies the certified Oklahoma Democratic presidential-primary roster and vote totals; DSA National endorsed Sanders on 2019-03-21 (https://www.dsausa.org/bernie-2020-dsa-endorsement-debate-process/).
us-president-dem-primary-2020-ok-cory-booker,us-president-dem-primary-2020-ok,cory-booker,Cory Booker,Democratic,opponent,certified,Loss,verified,https://www.fec.gov/introduction-campaign-finance/election-results-and-voting-information/federal-elections-2020/,Official FEC 2020 results compilation supplies the certified Oklahoma Democratic presidential-primary roster and vote totals; DSA National endorsed Sanders on 2019-03-21 (https://www.dsausa.org/bernie-2020-dsa-endorsement-debate-process/).
us-president-dem-primary-2020-ok-michael-bennet,us-president-dem-primary-2020-ok,michael-bennet,Michael Bennet,Democratic,opponent,certified,Loss,verified,https://www.fec.gov/introduction-campaign-finance/election-results-and-voting-information/federal-elections-2020/,Official FEC 2020 results compilation supplies the certified Oklahoma Democratic presidential-primary roster and vote totals; DSA National endorsed Sanders on 2019-03-21 (https://www.dsausa.org/bernie-2020-dsa-endorsement-debate-process/).
us-president-dem-primary-2020-ok-marianne-williamson,us-president-dem-primary-2020-ok,marianne-williamson,Marianne Williamson,Democratic,opponent,certified,Loss,verified,https://www.fec.gov/introduction-campaign-finance/election-results-and-voting-information/federal-elections-2020/,Official FEC 2020 results compilation supplies the certified Oklahoma Democratic presidential-primary roster and vote totals; DSA National endorsed Sanders on 2019-03-21 (https://www.dsausa.org/bernie-2020-dsa-endorsement-debate-process/).
us-president-dem-primary-2020-ok-deval-patrick,us-president-dem-primary-2020-ok,deval-patrick,Deval Patrick,Democratic,opponent,certified,Loss,verified,https://www.fec.gov/introduction-campaign-finance/election-results-and-voting-information/federal-elections-2020/,Official FEC 2020 results compilation supplies the certified Oklahoma Democratic presidential-primary roster and vote totals; DSA National endorsed Sanders on 2019-03-21 (https://www.dsausa.org/bernie-2020-dsa-endorsement-debate-process/).
us-president-dem-primary-2020-ok-juli-n-castro,us-president-dem-primary-2020-ok,juli-n-castro,Julián Castro,Democratic,opponent,certified,Loss,verified,https://www.fec.gov/introduction-campaign-finance/election-results-and-voting-information/federal-elections-2020/,Official FEC 2020 results compilation supplies the certified Oklahoma Democratic presidential-primary roster and vote totals; DSA National endorsed Sanders on 2019-03-21 (https://www.dsausa.org/bernie-2020-dsa-endorsement-debate-process/).
us-president-dem-primary-2020-tn-joseph-r-biden,us-president-dem-primary-2020-tn,joseph-r-biden,Joseph R. Biden,Democratic,opponent,certified,Win,verified,https://www.fec.gov/introduction-campaign-finance/election-results-and-voting-information/federal-elections-2020/,Official FEC 2020 results compilation supplies the certified Tennessee Democratic presidential-primary roster and vote totals; DSA National endorsed Sanders on 2019-03-21 (https://www.dsausa.org/bernie-2020-dsa-endorsement-debate-process/).
us-president-dem-primary-2020-tn-bernie-sanders,us-president-dem-primary-2020-tn,bernie-sanders,Bernie Sanders,Democratic,endorsed,certified,Loss,verified,https://www.fec.gov/introduction-campaign-finance/election-results-and-voting-information/federal-elections-2020/,Official FEC 2020 results compilation supplies the certified Tennessee Democratic presidential-primary roster and vote totals; DSA National endorsed Sanders on 2019-03-21 (https://www.dsausa.org/bernie-2020-dsa-endorsement-debate-process/).
us-president-dem-primary-2020-tn-michael-r-bloomberg,us-president-dem-primary-2020-tn,michael-r-bloomberg,Michael R. Bloomberg,Democratic,opponent,certified,Loss,verified,https://www.fec.gov/introduction-campaign-finance/election-results-and-voting-information/federal-elections-2020/,Official FEC 2020 results compilation supplies the certified Tennessee Democratic presidential-primary roster and vote totals; DSA National endorsed Sanders on 2019-03-21 (https://www.dsausa.org/bernie-2020-dsa-endorsement-debate-process/).
us-president-dem-primary-2020-tn-elizabeth-warren,us-president-dem-primary-2020-tn,elizabeth-warren,Elizabeth Warren,Democratic,opponent,certified,Loss,verified,https://www.fec.gov/introduction-campaign-finance/election-results-and-voting-information/federal-elections-2020/,Official FEC 2020 results compilation supplies the certified Tennessee Democratic presidential-primary roster and vote totals; DSA National endorsed Sanders on 2019-03-21 (https://www.dsausa.org/bernie-2020-dsa-endorsement-debate-process/).
us-president-dem-primary-2020-tn-pete-buttigieg,us-president-dem-primary-2020-tn,pete-buttigieg,Pete Buttigieg,Democratic,opponent,certified,Loss,verified,https://www.fec.gov/introduction-campaign-finance/election-results-and-voting-information/federal-elections-2020/,Official FEC 2020 results compilation supplies the certified Tennessee Democratic presidential-primary roster and vote totals; DSA National endorsed Sanders on 2019-03-21 (https://www.dsausa.org/bernie-2020-dsa-endorsement-debate-process/).
us-president-dem-primary-2020-tn-amy-klobuchar,us-president-dem-primary-2020-tn,amy-klobuchar,Amy Klobuchar,Democratic,opponent,certified,Loss,verified,https://www.fec.gov/introduction-campaign-finance/election-results-and-voting-information/federal-elections-2020/,Official FEC 2020 results compilation supplies the certified Tennessee Democratic presidential-primary roster and vote totals; DSA National endorsed Sanders on 2019-03-21 (https://www.dsausa.org/bernie-2020-dsa-endorsement-debate-process/).
us-president-dem-primary-2020-tn-tulsi-gabbard,us-president-dem-primary-2020-tn,tulsi-gabbard,Tulsi Gabbard,Democratic,opponent,certified,Loss,verified,https://www.fec.gov/introduction-campaign-finance/election-results-and-voting-information/federal-elections-2020/,Official FEC 2020 results compilation supplies the certified Tennessee Democratic presidential-primary roster and vote totals; DSA National endorsed Sanders on 2019-03-21 (https://www.dsausa.org/bernie-2020-dsa-endorsement-debate-process/).
us-president-dem-primary-2020-tn-tom-steyer,us-president-dem-primary-2020-tn,tom-steyer,Tom Steyer,Democratic,opponent,certified,Loss,verified,https://www.fec.gov/introduction-campaign-finance/election-results-and-voting-information/federal-elections-2020/,Official FEC 2020 results compilation supplies the certified Tennessee Democratic presidential-primary roster and vote totals; DSA National endorsed Sanders on 2019-03-21 (https://www.dsausa.org/bernie-2020-dsa-endorsement-debate-process/).
us-president-dem-primary-2020-tn-michael-bennet,us-president-dem-primary-2020-tn,michael-bennet,Michael Bennet,Democratic,opponent,certified,Loss,verified,https://www.fec.gov/introduction-campaign-finance/election-results-and-voting-information/federal-elections-2020/,Official FEC 2020 results compilation supplies the certified Tennessee Democratic presidential-primary roster and vote totals; DSA National endorsed Sanders on 2019-03-21 (https://www.dsausa.org/bernie-2020-dsa-endorsement-debate-process/).
us-president-dem-primary-2020-tn-uncommitted,us-president-dem-primary-2020-tn,uncommitted,Uncommitted,Democratic,opponent,certified,Loss,verified,https://www.fec.gov/introduction-campaign-finance/election-results-and-voting-information/federal-elections-2020/,Official FEC 2020 results compilation supplies the certified Tennessee Democratic presidential-primary roster and vote totals; DSA National endorsed Sanders on 2019-03-21 (https://www.dsausa.org/bernie-2020-dsa-endorsement-debate-process/).
us-president-dem-primary-2020-tn-andrew-yang,us-president-dem-primary-2020-tn,andrew-yang,Andrew Yang,Democratic,opponent,certified,Loss,verified,https://www.fec.gov/introduction-campaign-finance/election-results-and-voting-information/federal-elections-2020/,Official FEC 2020 results compilation supplies the certified Tennessee Democratic presidential-primary roster and vote totals; DSA National endorsed Sanders on 2019-03-21 (https://www.dsausa.org/bernie-2020-dsa-endorsement-debate-process/).
us-president-dem-primary-2020-tn-cory-booker,us-president-dem-primary-2020-tn,cory-booker,Cory Booker,Democratic,opponent,certified,Loss,verified,https://www.fec.gov/introduction-campaign-finance/election-results-and-voting-information/federal-elections-2020/,Official FEC 2020 results compilation supplies the certified Tennessee Democratic presidential-primary roster and vote totals; DSA National endorsed Sanders on 2019-03-21 (https://www.dsausa.org/bernie-2020-dsa-endorsement-debate-process/).
us-president-dem-primary-2020-tn-marianne-williamson,us-president-dem-primary-2020-tn,marianne-williamson,Marianne Williamson,Democratic,opponent,certified,Loss,verified,https://www.fec.gov/introduction-campaign-finance/election-results-and-voting-information/federal-elections-2020/,Official FEC 2020 results compilation supplies the certified Tennessee Democratic presidential-primary roster and vote totals; DSA National endorsed Sanders on 2019-03-21 (https://www.dsausa.org/bernie-2020-dsa-endorsement-debate-process/).
us-president-dem-primary-2020-tn-john-k-delaney,us-president-dem-primary-2020-tn,john-k-delaney,John K. Delaney,Democratic,opponent,certified,Loss,verified,https://www.fec.gov/introduction-campaign-finance/election-results-and-voting-information/federal-elections-2020/,Official FEC 2020 results compilation supplies the certified Tennessee Democratic presidential-primary roster and vote totals; DSA National endorsed Sanders on 2019-03-21 (https://www.dsausa.org/bernie-2020-dsa-endorsement-debate-process/).
us-president-dem-primary-2020-tn-juli-n-castro,us-president-dem-primary-2020-tn,juli-n-castro,Julián Castro,Democratic,opponent,certified,Loss,verified,https://www.fec.gov/introduction-campaign-finance/election-results-and-voting-information/federal-elections-2020/,Official FEC 2020 results compilation supplies the certified Tennessee Democratic presidential-primary roster and vote totals; DSA National endorsed Sanders on 2019-03-21 (https://www.dsausa.org/bernie-2020-dsa-endorsement-debate-process/).
us-president-dem-primary-2020-tn-deval-patrick,us-president-dem-primary-2020-tn,deval-patrick,Deval Patrick,Democratic,opponent,certified,Loss,verified,https://www.fec.gov/introduction-campaign-finance/election-results-and-voting-information/federal-elections-2020/,Official FEC 2020 results compilation supplies the certified Tennessee Democratic presidential-primary roster and vote totals; DSA National endorsed Sanders on 2019-03-21 (https://www.dsausa.org/bernie-2020-dsa-endorsement-debate-process/).
us-president-dem-primary-2020-tx-joseph-r-biden,us-president-dem-primary-2020-tx,joseph-r-biden,Joseph R. Biden,Democratic,opponent,certified,Win,verified,https://www.fec.gov/introduction-campaign-finance/election-results-and-voting-information/federal-elections-2020/,Official FEC 2020 results compilation supplies the certified Texas Democratic presidential-primary roster and vote totals; DSA National endorsed Sanders on 2019-03-21 (https://www.dsausa.org/bernie-2020-dsa-endorsement-debate-process/).
us-president-dem-primary-2020-tx-bernie-sanders,us-president-dem-primary-2020-tx,bernie-sanders,Bernie Sanders,Democratic,endorsed,certified,Loss,verified,https://www.fec.gov/introduction-campaign-finance/election-results-and-voting-information/federal-elections-2020/,Official FEC 2020 results compilation supplies the certified Texas Democratic presidential-primary roster and vote totals; DSA National endorsed Sanders on 2019-03-21 (https://www.dsausa.org/bernie-2020-dsa-endorsement-debate-process/).
us-president-dem-primary-2020-tx-michael-r-bloomberg,us-president-dem-primary-2020-tx,michael-r-bloomberg,Michael R. Bloomberg,Democratic,opponent,certified,Loss,verified,https://www.fec.gov/introduction-campaign-finance/election-results-and-voting-information/federal-elections-2020/,Official FEC 2020 results compilation supplies the certified Texas Democratic presidential-primary roster and vote totals; DSA National endorsed Sanders on 2019-03-21 (https://www.dsausa.org/bernie-2020-dsa-endorsement-debate-process/).
us-president-dem-primary-2020-tx-elizabeth-warren,us-president-dem-primary-2020-tx,elizabeth-warren,Elizabeth Warren,Democratic,opponent,certified,Loss,verified,https://www.fec.gov/introduction-campaign-finance/election-results-and-voting-information/federal-elections-2020/,Official FEC 2020 results compilation supplies the certified Texas Democratic presidential-primary roster and vote totals; DSA National endorsed Sanders on 2019-03-21 (https://www.dsausa.org/bernie-2020-dsa-endorsement-debate-process/).
us-president-dem-primary-2020-tx-pete-buttigieg,us-president-dem-primary-2020-tx,pete-buttigieg,Pete Buttigieg,Democratic,opponent,certified,Loss,verified,https://www.fec.gov/introduction-campaign-finance/election-results-and-voting-information/federal-elections-2020/,Official FEC 2020 results compilation supplies the certified Texas Democratic presidential-primary roster and vote totals; DSA National endorsed Sanders on 2019-03-21 (https://www.dsausa.org/bernie-2020-dsa-endorsement-debate-process/).
us-president-dem-primary-2020-tx-amy-klobuchar,us-president-dem-primary-2020-tx,amy-klobuchar,Amy Klobuchar,Democratic,opponent,certified,Loss,verified,https://www.fec.gov/introduction-campaign-finance/election-results-and-voting-information/federal-elections-2020/,Official FEC 2020 results compilation supplies the certified Texas Democratic presidential-primary roster and vote totals; DSA National endorsed Sanders on 2019-03-21 (https://www.dsausa.org/bernie-2020-dsa-endorsement-debate-process/).
us-president-dem-primary-2020-tx-juli-n-castro,us-president-dem-primary-2020-tx,juli-n-castro,Julián Castro,Democratic,opponent,certified,Loss,verified,https://www.fec.gov/introduction-campaign-finance/election-results-and-voting-information/federal-elections-2020/,Official FEC 2020 results compilation supplies the certified Texas Democratic presidential-primary roster and vote totals; DSA National endorsed Sanders on 2019-03-21 (https://www.dsausa.org/bernie-2020-dsa-endorsement-debate-process/).
us-president-dem-primary-2020-tx-tom-steyer,us-president-dem-primary-2020-tx,tom-steyer,Tom Steyer,Democratic,opponent,certified,Loss,verified,https://www.fec.gov/introduction-campaign-finance/election-results-and-voting-information/federal-elections-2020/,Official FEC 2020 results compilation supplies the certified Texas Democratic presidential-primary roster and vote totals; DSA National endorsed Sanders on 2019-03-21 (https://www.dsausa.org/bernie-2020-dsa-endorsement-debate-process/).
us-president-dem-primary-2020-tx-michael-bennet,us-president-dem-primary-2020-tx,michael-bennet,Michael Bennet,Democratic,opponent,certified,Loss,verified,https://www.fec.gov/introduction-campaign-finance/election-results-and-voting-information/federal-elections-2020/,Official FEC 2020 results compilation supplies the certified Texas Democratic presidential-primary roster and vote totals; DSA National endorsed Sanders on 2019-03-21 (https://www.dsausa.org/bernie-2020-dsa-endorsement-debate-process/).
us-president-dem-primary-2020-tx-tulsi-gabbard,us-president-dem-primary-2020-tx,tulsi-gabbard,Tulsi Gabbard,Democratic,opponent,certified,Loss,verified,https://www.fec.gov/introduction-campaign-finance/election-results-and-voting-information/federal-elections-2020/,Official FEC 2020 results compilation supplies the certified Texas Democratic presidential-primary roster and vote totals; DSA National endorsed Sanders on 2019-03-21 (https://www.dsausa.org/bernie-2020-dsa-endorsement-debate-process/).
us-president-dem-primary-2020-tx-andrew-yang,us-president-dem-primary-2020-tx,andrew-yang,Andrew Yang,Democratic,opponent,certified,Loss,verified,https://www.fec.gov/introduction-campaign-finance/election-results-and-voting-information/federal-elections-2020/,Official FEC 2020 results compilation supplies the certified Texas Democratic presidential-primary roster and vote totals; DSA National endorsed Sanders on 2019-03-21 (https://www.dsausa.org/bernie-2020-dsa-endorsement-debate-process/).
us-president-dem-primary-2020-tx-roque-rocky-de-la-fuente,us-president-dem-primary-2020-tx,roque-rocky-de-la-fuente,"Roque ""Rocky"" De La Fuente",Democratic,opponent,certified,Loss,verified,https://www.fec.gov/introduction-campaign-finance/election-results-and-voting-information/federal-elections-2020/,Official FEC 2020 results compilation supplies the certified Texas Democratic presidential-primary roster and vote totals; DSA National endorsed Sanders on 2019-03-21 (https://www.dsausa.org/bernie-2020-dsa-endorsement-debate-process/).
us-president-dem-primary-2020-tx-cory-booker,us-president-dem-primary-2020-tx,cory-booker,Cory Booker,Democratic,opponent,certified,Loss,verified,https://www.fec.gov/introduction-campaign-finance/election-results-and-voting-information/federal-elections-2020/,Official FEC 2020 results compilation supplies the certified Texas Democratic presidential-primary roster and vote totals; DSA National endorsed Sanders on 2019-03-21 (https://www.dsausa.org/bernie-2020-dsa-endorsement-debate-process/).
us-president-dem-primary-2020-tx-marianne-williamson,us-president-dem-primary-2020-tx,marianne-williamson,Marianne Williamson,Democratic,opponent,certified,Loss,verified,https://www.fec.gov/introduction-campaign-finance/election-results-and-voting-information/federal-elections-2020/,Official FEC 2020 results compilation supplies the certified Texas Democratic presidential-primary roster and vote totals; DSA National endorsed Sanders on 2019-03-21 (https://www.dsausa.org/bernie-2020-dsa-endorsement-debate-process/).
us-president-dem-primary-2020-tx-john-k-delaney,us-president-dem-primary-2020-tx,john-k-delaney,John K. Delaney,Democratic,opponent,certified,Loss,verified,https://www.fec.gov/introduction-campaign-finance/election-results-and-voting-information/federal-elections-2020/,Official FEC 2020 results compilation supplies the certified Texas Democratic presidential-primary roster and vote totals; DSA National endorsed Sanders on 2019-03-21 (https://www.dsausa.org/bernie-2020-dsa-endorsement-debate-process/).
us-president-dem-primary-2020-tx-robby-wells,us-president-dem-primary-2020-tx,robby-wells,Robby Wells,Democratic,opponent,certified,Loss,verified,https://www.fec.gov/introduction-campaign-finance/election-results-and-voting-information/federal-elections-2020/,Official FEC 2020 results compilation supplies the certified Texas Democratic presidential-primary roster and vote totals; DSA National endorsed Sanders on 2019-03-21 (https://www.dsausa.org/bernie-2020-dsa-endorsement-debate-process/).
us-president-dem-primary-2020-tx-deval-patrick,us-president-dem-primary-2020-tx,deval-patrick,Deval Patrick,Democratic,opponent,certified,Loss,verified,https://www.fec.gov/introduction-campaign-finance/election-results-and-voting-information/federal-elections-2020/,Official FEC 2020 results compilation supplies the certified Texas Democratic presidential-primary roster and vote totals; DSA National endorsed Sanders on 2019-03-21 (https://www.dsausa.org/bernie-2020-dsa-endorsement-debate-process/).
us-president-dem-primary-2020-ut-bernie-sanders,us-president-dem-primary-2020-ut,bernie-sanders,Bernie Sanders,Democratic,endorsed,certified,Win,verified,https://www.fec.gov/introduction-campaign-finance/election-results-and-voting-information/federal-elections-2020/,Official FEC 2020 results compilation supplies the certified Utah Democratic presidential-primary roster and vote totals; DSA National endorsed Sanders on 2019-03-21 (https://www.dsausa.org/bernie-2020-dsa-endorsement-debate-process/).
us-president-dem-primary-2020-ut-joseph-r-biden,us-president-dem-primary-2020-ut,joseph-r-biden,Joseph R. Biden,Democratic,opponent,certified,Loss,verified,https://www.fec.gov/introduction-campaign-finance/election-results-and-voting-information/federal-elections-2020/,Official FEC 2020 results compilation supplies the certified Utah Democratic presidential-primary roster and vote totals; DSA National endorsed Sanders on 2019-03-21 (https://www.dsausa.org/bernie-2020-dsa-endorsement-debate-process/).
us-president-dem-primary-2020-ut-elizabeth-warren,us-president-dem-primary-2020-ut,elizabeth-warren,Elizabeth Warren,Democratic,opponent,certified,Loss,verified,https://www.fec.gov/introduction-campaign-finance/election-results-and-voting-information/federal-elections-2020/,Official FEC 2020 results compilation supplies the certified Utah Democratic presidential-primary roster and vote totals; DSA National endorsed Sanders on 2019-03-21 (https://www.dsausa.org/bernie-2020-dsa-endorsement-debate-process/).
us-president-dem-primary-2020-ut-michael-r-bloomberg,us-president-dem-primary-2020-ut,michael-r-bloomberg,Michael R. Bloomberg,Democratic,opponent,certified,Loss,verified,https://www.fec.gov/introduction-campaign-finance/election-results-and-voting-information/federal-elections-2020/,Official FEC 2020 results compilation supplies the certified Utah Democratic presidential-primary roster and vote totals; DSA National endorsed Sanders on 2019-03-21 (https://www.dsausa.org/bernie-2020-dsa-endorsement-debate-process/).
us-president-dem-primary-2020-ut-pete-buttigieg,us-president-dem-primary-2020-ut,pete-buttigieg,Pete Buttigieg,Democratic,opponent,certified,Loss,verified,https://www.fec.gov/introduction-campaign-finance/election-results-and-voting-information/federal-elections-2020/,Official FEC 2020 results compilation supplies the certified Utah Democratic presidential-primary roster and vote totals; DSA National endorsed Sanders on 2019-03-21 (https://www.dsausa.org/bernie-2020-dsa-endorsement-debate-process/).
us-president-dem-primary-2020-ut-amy-klobuchar,us-president-dem-primary-2020-ut,amy-klobuchar,Amy Klobuchar,Democratic,opponent,certified,Loss,verified,https://www.fec.gov/introduction-campaign-finance/election-results-and-voting-information/federal-elections-2020/,Official FEC 2020 results compilation supplies the certified Utah Democratic presidential-primary roster and vote totals; DSA National endorsed Sanders on 2019-03-21 (https://www.dsausa.org/bernie-2020-dsa-endorsement-debate-process/).
us-president-dem-primary-2020-ut-tulsi-gabbard,us-president-dem-primary-2020-ut,tulsi-gabbard,Tulsi Gabbard,Democratic,opponent,certified,Loss,verified,https://www.fec.gov/introduction-campaign-finance/election-results-and-voting-information/federal-elections-2020/,Official FEC 2020 results compilation supplies the certified Utah Democratic presidential-primary roster and vote totals; DSA National endorsed Sanders on 2019-03-21 (https://www.dsausa.org/bernie-2020-dsa-endorsement-debate-process/).
us-president-dem-primary-2020-ut-andrew-yang,us-president-dem-primary-2020-ut,andrew-yang,Andrew Yang,Democratic,opponent,certified,Loss,verified,https://www.fec.gov/introduction-campaign-finance/election-results-and-voting-information/federal-elections-2020/,Official FEC 2020 results compilation supplies the certified Utah Democratic presidential-primary roster and vote totals; DSA National endorsed Sanders on 2019-03-21 (https://www.dsausa.org/bernie-2020-dsa-endorsement-debate-process/).
us-president-dem-primary-2020-ut-tom-steyer,us-president-dem-primary-2020-ut,tom-steyer,Tom Steyer,Democratic,opponent,certified,Loss,verified,https://www.fec.gov/introduction-campaign-finance/election-results-and-voting-information/federal-elections-2020/,Official FEC 2020 results compilation supplies the certified Utah Democratic presidential-primary roster and vote totals; DSA National endorsed Sanders on 2019-03-21 (https://www.dsausa.org/bernie-2020-dsa-endorsement-debate-process/).
us-president-dem-primary-2020-ut-marianne-williamson,us-president-dem-primary-2020-ut,marianne-williamson,Marianne Williamson,Democratic,opponent,certified,Loss,verified,https://www.fec.gov/introduction-campaign-finance/election-results-and-voting-information/federal-elections-2020/,Official FEC 2020 results compilation supplies the certified Utah Democratic presidential-primary roster and vote totals; DSA National endorsed Sanders on 2019-03-21 (https://www.dsausa.org/bernie-2020-dsa-endorsement-debate-process/).
us-president-dem-primary-2020-ut-juli-n-castro,us-president-dem-primary-2020-ut,juli-n-castro,Julián Castro,Democratic,opponent,certified,Loss,verified,https://www.fec.gov/introduction-campaign-finance/election-results-and-voting-information/federal-elections-2020/,Official FEC 2020 results compilation supplies the certified Utah Democratic presidential-primary roster and vote totals; DSA National endorsed Sanders on 2019-03-21 (https://www.dsausa.org/bernie-2020-dsa-endorsement-debate-process/).
us-president-dem-primary-2020-ut-cory-booker,us-president-dem-primary-2020-ut,cory-booker,Cory Booker,Democratic,opponent,certified,Loss,verified,https://www.fec.gov/introduction-campaign-finance/election-results-and-voting-information/federal-elections-2020/,Official FEC 2020 results compilation supplies the certified Utah Democratic presidential-primary roster and vote totals; DSA National endorsed Sanders on 2019-03-21 (https://www.dsausa.org/bernie-2020-dsa-endorsement-debate-process/).
us-president-dem-primary-2020-ut-roque-de-la-fuente,us-president-dem-primary-2020-ut,roque-de-la-fuente,Roque De La Fuente,Democratic,opponent,certified,Loss,verified,https://www.fec.gov/introduction-campaign-finance/election-results-and-voting-information/federal-elections-2020/,Official FEC 2020 results compilation supplies the certified Utah Democratic presidential-primary roster and vote totals; DSA National endorsed Sanders on 2019-03-21 (https://www.dsausa.org/bernie-2020-dsa-endorsement-debate-process/).
us-president-dem-primary-2020-ut-nathan-bloxham,us-president-dem-primary-2020-ut,nathan-bloxham,Nathan Bloxham,Democratic,opponent,certified,Loss,verified,https://www.fec.gov/introduction-campaign-finance/election-results-and-voting-information/federal-elections-2020/,Official FEC 2020 results compilation supplies the certified Utah Democratic presidential-primary roster and vote totals; DSA National endorsed Sanders on 2019-03-21 (https://www.dsausa.org/bernie-2020-dsa-endorsement-debate-process/).
us-president-dem-primary-2020-ut-deval-patrick,us-president-dem-primary-2020-ut,deval-patrick,Deval Patrick,Democratic,opponent,certified,Loss,verified,https://www.fec.gov/introduction-campaign-finance/election-results-and-voting-information/federal-elections-2020/,Official FEC 2020 results compilation supplies the certified Utah Democratic presidential-primary roster and vote totals; DSA National endorsed Sanders on 2019-03-21 (https://www.dsausa.org/bernie-2020-dsa-endorsement-debate-process/).
us-president-dem-primary-2020-va-joseph-r-biden,us-president-dem-primary-2020-va,joseph-r-biden,Joseph R. Biden,Democratic,opponent,certified,Win,verified,https://www.fec.gov/introduction-campaign-finance/election-results-and-voting-information/federal-elections-2020/,Official FEC 2020 results compilation supplies the certified Virginia Democratic presidential-primary roster and vote totals; DSA National endorsed Sanders on 2019-03-21 (https://www.dsausa.org/bernie-2020-dsa-endorsement-debate-process/).
us-president-dem-primary-2020-va-bernie-sanders,us-president-dem-primary-2020-va,bernie-sanders,Bernie Sanders,Democratic,endorsed,certified,Loss,verified,https://www.fec.gov/introduction-campaign-finance/election-results-and-voting-information/federal-elections-2020/,Official FEC 2020 results compilation supplies the certified Virginia Democratic presidential-primary roster and vote totals; DSA National endorsed Sanders on 2019-03-21 (https://www.dsausa.org/bernie-2020-dsa-endorsement-debate-process/).
us-president-dem-primary-2020-va-elizabeth-warren,us-president-dem-primary-2020-va,elizabeth-warren,Elizabeth Warren,Democratic,opponent,certified,Loss,verified,https://www.fec.gov/introduction-campaign-finance/election-results-and-voting-information/federal-elections-2020/,Official FEC 2020 results compilation supplies the certified Virginia Democratic presidential-primary roster and vote totals; DSA National endorsed Sanders on 2019-03-21 (https://www.dsausa.org/bernie-2020-dsa-endorsement-debate-process/).
us-president-dem-primary-2020-va-michael-r-bloomberg,us-president-dem-primary-2020-va,michael-r-bloomberg,Michael R. Bloomberg,Democratic,opponent,certified,Loss,verified,https://www.fec.gov/introduction-campaign-finance/election-results-and-voting-information/federal-elections-2020/,Official FEC 2020 results compilation supplies the certified Virginia Democratic presidential-primary roster and vote totals; DSA National endorsed Sanders on 2019-03-21 (https://www.dsausa.org/bernie-2020-dsa-endorsement-debate-process/).
us-president-dem-primary-2020-va-tulsi-gabbard,us-president-dem-primary-2020-va,tulsi-gabbard,Tulsi Gabbard,Democratic,opponent,certified,Loss,verified,https://www.fec.gov/introduction-campaign-finance/election-results-and-voting-information/federal-elections-2020/,Official FEC 2020 results compilation supplies the certified Virginia Democratic presidential-primary roster and vote totals; DSA National endorsed Sanders on 2019-03-21 (https://www.dsausa.org/bernie-2020-dsa-endorsement-debate-process/).
us-president-dem-primary-2020-va-pete-buttigieg,us-president-dem-primary-2020-va,pete-buttigieg,Pete Buttigieg,Democratic,opponent,certified,Loss,verified,https://www.fec.gov/introduction-campaign-finance/election-results-and-voting-information/federal-elections-2020/,Official FEC 2020 results compilation supplies the certified Virginia Democratic presidential-primary roster and vote totals; DSA National endorsed Sanders on 2019-03-21 (https://www.dsausa.org/bernie-2020-dsa-endorsement-debate-process/).
us-president-dem-primary-2020-va-amy-klobuchar,us-president-dem-primary-2020-va,amy-klobuchar,Amy Klobuchar,Democratic,opponent,certified,Loss,verified,https://www.fec.gov/introduction-campaign-finance/election-results-and-voting-information/federal-elections-2020/,Official FEC 2020 results compilation supplies the certified Virginia Democratic presidential-primary roster and vote totals; DSA National endorsed Sanders on 2019-03-21 (https://www.dsausa.org/bernie-2020-dsa-endorsement-debate-process/).
us-president-dem-primary-2020-va-andrew-yang,us-president-dem-primary-2020-va,andrew-yang,Andrew Yang,Democratic,opponent,certified,Loss,verified,https://www.fec.gov/introduction-campaign-finance/election-results-and-voting-information/federal-elections-2020/,Official FEC 2020 results compilation supplies the certified Virginia Democratic presidential-primary roster and vote totals; DSA National endorsed Sanders on 2019-03-21 (https://www.dsausa.org/bernie-2020-dsa-endorsement-debate-process/).
us-president-dem-primary-2020-va-cory-booker,us-president-dem-primary-2020-va,cory-booker,Cory Booker,Democratic,opponent,certified,Loss,verified,https://www.fec.gov/introduction-campaign-finance/election-results-and-voting-information/federal-elections-2020/,Official FEC 2020 results compilation supplies the certified Virginia Democratic presidential-primary roster and vote totals; DSA National endorsed Sanders on 2019-03-21 (https://www.dsausa.org/bernie-2020-dsa-endorsement-debate-process/).
us-president-dem-primary-2020-va-tom-steyer,us-president-dem-primary-2020-va,tom-steyer,Tom Steyer,Democratic,opponent,certified,Loss,verified,https://www.fec.gov/introduction-campaign-finance/election-results-and-voting-information/federal-elections-2020/,Official FEC 2020 results compilation supplies the certified Virginia Democratic presidential-primary roster and vote totals; DSA National endorsed Sanders on 2019-03-21 (https://www.dsausa.org/bernie-2020-dsa-endorsement-debate-process/).
us-president-dem-primary-2020-va-michael-bennet,us-president-dem-primary-2020-va,michael-bennet,Michael Bennet,Democratic,opponent,certified,Loss,verified,https://www.fec.gov/introduction-campaign-finance/election-results-and-voting-information/federal-elections-2020/,Official FEC 2020 results compilation supplies the certified Virginia Democratic presidential-primary roster and vote totals; DSA National endorsed Sanders on 2019-03-21 (https://www.dsausa.org/bernie-2020-dsa-endorsement-debate-process/).
us-president-dem-primary-2020-va-marianne-williamson,us-president-dem-primary-2020-va,marianne-williamson,Marianne Williamson,Democratic,opponent,certified,Loss,verified,https://www.fec.gov/introduction-campaign-finance/election-results-and-voting-information/federal-elections-2020/,Official FEC 2020 results compilation supplies the certified Virginia Democratic presidential-primary roster and vote totals; DSA National endorsed Sanders on 2019-03-21 (https://www.dsausa.org/bernie-2020-dsa-endorsement-debate-process/).
us-president-dem-primary-2020-va-juli-n-castro,us-president-dem-primary-2020-va,juli-n-castro,Julián Castro,Democratic,opponent,certified,Loss,verified,https://www.fec.gov/introduction-campaign-finance/election-results-and-voting-information/federal-elections-2020/,Official FEC 2020 results compilation supplies the certified Virginia Democratic presidential-primary roster and vote totals; DSA National endorsed Sanders on 2019-03-21 (https://www.dsausa.org/bernie-2020-dsa-endorsement-debate-process/).
us-president-dem-primary-2020-va-deval-patrick,us-president-dem-primary-2020-va,deval-patrick,Deval Patrick,Democratic,opponent,certified,Loss,verified,https://www.fec.gov/introduction-campaign-finance/election-results-and-voting-information/federal-elections-2020/,Official FEC 2020 results compilation supplies the certified Virginia Democratic presidential-primary roster and vote totals; DSA National endorsed Sanders on 2019-03-21 (https://www.dsausa.org/bernie-2020-dsa-endorsement-debate-process/).
us-president-dem-primary-2020-vt-bernie-sanders,us-president-dem-primary-2020-vt,bernie-sanders,Bernie Sanders,Democratic,endorsed,certified,Win,verified,https://www.fec.gov/introduction-campaign-finance/election-results-and-voting-information/federal-elections-2020/,Official FEC 2020 results compilation supplies the certified Vermont Democratic presidential-primary roster and vote totals; DSA National endorsed Sanders on 2019-03-21 (https://www.dsausa.org/bernie-2020-dsa-endorsement-debate-process/).
us-president-dem-primary-2020-vt-joseph-r-biden,us-president-dem-primary-2020-vt,joseph-r-biden,Joseph R. Biden,Democratic,opponent,certified,Loss,verified,https://www.fec.gov/introduction-campaign-finance/election-results-and-voting-information/federal-elections-2020/,Official FEC 2020 results compilation supplies the certified Vermont Democratic presidential-primary roster and vote totals; DSA National endorsed Sanders on 2019-03-21 (https://www.dsausa.org/bernie-2020-dsa-endorsement-debate-process/).
us-president-dem-primary-2020-vt-elizabeth-warren,us-president-dem-primary-2020-vt,elizabeth-warren,Elizabeth Warren,Democratic,opponent,certified,Loss,verified,https://www.fec.gov/introduction-campaign-finance/election-results-and-voting-information/federal-elections-2020/,Official FEC 2020 results compilation supplies the certified Vermont Democratic presidential-primary roster and vote totals; DSA National endorsed Sanders on 2019-03-21 (https://www.dsausa.org/bernie-2020-dsa-endorsement-debate-process/).
us-president-dem-primary-2020-vt-michael-r-bloomberg,us-president-dem-primary-2020-vt,michael-r-bloomberg,Michael R. Bloomberg,Democratic,opponent,certified,Loss,verified,https://www.fec.gov/introduction-campaign-finance/election-results-and-voting-information/federal-elections-2020/,Official FEC 2020 results compilation supplies the certified Vermont Democratic presidential-primary roster and vote totals; DSA National endorsed Sanders on 2019-03-21 (https://www.dsausa.org/bernie-2020-dsa-endorsement-debate-process/).
us-president-dem-primary-2020-vt-pete-buttigieg,us-president-dem-primary-2020-vt,pete-buttigieg,Pete Buttigieg,Democratic,opponent,certified,Loss,verified,https://www.fec.gov/introduction-campaign-finance/election-results-and-voting-information/federal-elections-2020/,Official FEC 2020 results compilation supplies the certified Vermont Democratic presidential-primary roster and vote totals; DSA National endorsed Sanders on 2019-03-21 (https://www.dsausa.org/bernie-2020-dsa-endorsement-debate-process/).
us-president-dem-primary-2020-vt-amy-klobuchar,us-president-dem-primary-2020-vt,amy-klobuchar,Amy Klobuchar,Democratic,opponent,certified,Loss,verified,https://www.fec.gov/introduction-campaign-finance/election-results-and-voting-information/federal-elections-2020/,Official FEC 2020 results compilation supplies the certified Vermont Democratic presidential-primary roster and vote totals; DSA National endorsed Sanders on 2019-03-21 (https://www.dsausa.org/bernie-2020-dsa-endorsement-debate-process/).
us-president-dem-primary-2020-vt-tulsi-gabbard,us-president-dem-primary-2020-vt,tulsi-gabbard,Tulsi Gabbard,Democratic,opponent,certified,Loss,verified,https://www.fec.gov/introduction-campaign-finance/election-results-and-voting-information/federal-elections-2020/,Official FEC 2020 results compilation supplies the certified Vermont Democratic presidential-primary roster and vote totals; DSA National endorsed Sanders on 2019-03-21 (https://www.dsausa.org/bernie-2020-dsa-endorsement-debate-process/).
us-president-dem-primary-2020-vt-andrew-yang,us-president-dem-primary-2020-vt,andrew-yang,Andrew Yang,Democratic,opponent,certified,Loss,verified,https://www.fec.gov/introduction-campaign-finance/election-results-and-voting-information/federal-elections-2020/,Official FEC 2020 results compilation supplies the certified Vermont Democratic presidential-primary roster and vote totals; DSA National endorsed Sanders on 2019-03-21 (https://www.dsausa.org/bernie-2020-dsa-endorsement-debate-process/).
us-president-dem-primary-2020-vt-tom-steyer,us-president-dem-primary-2020-vt,tom-steyer,Tom Steyer,Democratic,opponent,certified,Loss,verified,https://www.fec.gov/introduction-campaign-finance/election-results-and-voting-information/federal-elections-2020/,Official FEC 2020 results compilation supplies the certified Vermont Democratic presidential-primary roster and vote totals; DSA National endorsed Sanders on 2019-03-21 (https://www.dsausa.org/bernie-2020-dsa-endorsement-debate-process/).
us-president-dem-primary-2020-vt-deval-patrick,us-president-dem-primary-2020-vt,deval-patrick,Deval Patrick,Democratic,opponent,certified,Loss,verified,https://www.fec.gov/introduction-campaign-finance/election-results-and-voting-information/federal-elections-2020/,Official FEC 2020 results compilation supplies the certified Vermont Democratic presidential-primary roster and vote totals; DSA National endorsed Sanders on 2019-03-21 (https://www.dsausa.org/bernie-2020-dsa-endorsement-debate-process/).
us-president-dem-primary-2020-vt-marianne-williamson,us-president-dem-primary-2020-vt,marianne-williamson,Marianne Williamson,Democratic,opponent,certified,Loss,verified,https://www.fec.gov/introduction-campaign-finance/election-results-and-voting-information/federal-elections-2020/,Official FEC 2020 results compilation supplies the certified Vermont Democratic presidential-primary roster and vote totals; DSA National endorsed Sanders on 2019-03-21 (https://www.dsausa.org/bernie-2020-dsa-endorsement-debate-process/).
us-president-dem-primary-2020-vt-mark-stewart,us-president-dem-primary-2020-vt,mark-stewart,Mark Stewart,Democratic,opponent,certified,Loss,verified,https://www.fec.gov/introduction-campaign-finance/election-results-and-voting-information/federal-elections-2020/,Official FEC 2020 results compilation supplies the certified Vermont Democratic presidential-primary roster and vote totals; DSA National endorsed Sanders on 2019-03-21 (https://www.dsausa.org/bernie-2020-dsa-endorsement-debate-process/).
us-president-dem-primary-2020-vt-julian-castro,us-president-dem-primary-2020-vt,julian-castro,Julian Castro,Democratic,opponent,certified,Loss,verified,https://www.fec.gov/introduction-campaign-finance/election-results-and-voting-information/federal-elections-2020/,Official FEC 2020 results compilation supplies the certified Vermont Democratic presidential-primary roster and vote totals; DSA National endorsed Sanders on 2019-03-21 (https://www.dsausa.org/bernie-2020-dsa-endorsement-debate-process/).
us-president-dem-primary-2020-id-joseph-r-biden,us-president-dem-primary-2020-id,joseph-r-biden,Joseph R. Biden,Democratic,opponent,certified,Win,verified,https://www.fec.gov/introduction-campaign-finance/election-results-and-voting-information/federal-elections-2020/,Official FEC 2020 results compilation supplies the certified Idaho Democratic presidential-primary roster and vote totals; DSA National endorsed Sanders on 2019-03-21 (https://www.dsausa.org/bernie-2020-dsa-endorsement-debate-process/).
us-president-dem-primary-2020-id-bernie-sanders,us-president-dem-primary-2020-id,bernie-sanders,Bernie Sanders,Democratic,endorsed,certified,Loss,verified,https://www.fec.gov/introduction-campaign-finance/election-results-and-voting-information/federal-elections-2020/,Official FEC 2020 results compilation supplies the certified Idaho Democratic presidential-primary roster and vote totals; DSA National endorsed Sanders on 2019-03-21 (https://www.dsausa.org/bernie-2020-dsa-endorsement-debate-process/).
us-president-dem-primary-2020-id-elizabeth-warren,us-president-dem-primary-2020-id,elizabeth-warren,Elizabeth Warren,Democratic,opponent,certified,Loss,verified,https://www.fec.gov/introduction-campaign-finance/election-results-and-voting-information/federal-elections-2020/,Official FEC 2020 results compilation supplies the certified Idaho Democratic presidential-primary roster and vote totals; DSA National endorsed Sanders on 2019-03-21 (https://www.dsausa.org/bernie-2020-dsa-endorsement-debate-process/).
us-president-dem-primary-2020-id-michael-r-bloomberg,us-president-dem-primary-2020-id,michael-r-bloomberg,Michael R. Bloomberg,Democratic,opponent,certified,Loss,verified,https://www.fec.gov/introduction-campaign-finance/election-results-and-voting-information/federal-elections-2020/,Official FEC 2020 results compilation supplies the certified Idaho Democratic presidential-primary roster and vote totals; DSA National endorsed Sanders on 2019-03-21 (https://www.dsausa.org/bernie-2020-dsa-endorsement-debate-process/).
us-president-dem-primary-2020-id-pete-buttigieg,us-president-dem-primary-2020-id,pete-buttigieg,Pete Buttigieg,Democratic,opponent,certified,Loss,verified,https://www.fec.gov/introduction-campaign-finance/election-results-and-voting-information/federal-elections-2020/,Official FEC 2020 results compilation supplies the certified Idaho Democratic presidential-primary roster and vote totals; DSA National endorsed Sanders on 2019-03-21 (https://www.dsausa.org/bernie-2020-dsa-endorsement-debate-process/).
us-president-dem-primary-2020-id-tulsi-gabbard,us-president-dem-primary-2020-id,tulsi-gabbard,Tulsi Gabbard,Democratic,opponent,certified,Loss,verified,https://www.fec.gov/introduction-campaign-finance/election-results-and-voting-information/federal-elections-2020/,Official FEC 2020 results compilation supplies the certified Idaho Democratic presidential-primary roster and vote totals; DSA National endorsed Sanders on 2019-03-21 (https://www.dsausa.org/bernie-2020-dsa-endorsement-debate-process/).
us-president-dem-primary-2020-id-amy-klobuchar,us-president-dem-primary-2020-id,amy-klobuchar,Amy Klobuchar,Democratic,opponent,certified,Loss,verified,https://www.fec.gov/introduction-campaign-finance/election-results-and-voting-information/federal-elections-2020/,Official FEC 2020 results compilation supplies the certified Idaho Democratic presidential-primary roster and vote totals; DSA National endorsed Sanders on 2019-03-21 (https://www.dsausa.org/bernie-2020-dsa-endorsement-debate-process/).
us-president-dem-primary-2020-id-andrew-yang,us-president-dem-primary-2020-id,andrew-yang,Andrew Yang,Democratic,opponent,certified,Loss,verified,https://www.fec.gov/introduction-campaign-finance/election-results-and-voting-information/federal-elections-2020/,Official FEC 2020 results compilation supplies the certified Idaho Democratic presidential-primary roster and vote totals; DSA National endorsed Sanders on 2019-03-21 (https://www.dsausa.org/bernie-2020-dsa-endorsement-debate-process/).
us-president-dem-primary-2020-id-tom-steyer,us-president-dem-primary-2020-id,tom-steyer,Tom Steyer,Democratic,opponent,certified,Loss,verified,https://www.fec.gov/introduction-campaign-finance/election-results-and-voting-information/federal-elections-2020/,Official FEC 2020 results compilation supplies the certified Idaho Democratic presidential-primary roster and vote totals; DSA National endorsed Sanders on 2019-03-21 (https://www.dsausa.org/bernie-2020-dsa-endorsement-debate-process/).
us-president-dem-primary-2020-id-michael-bennet,us-president-dem-primary-2020-id,michael-bennet,Michael Bennet,Democratic,opponent,certified,Loss,verified,https://www.fec.gov/introduction-campaign-finance/election-results-and-voting-information/federal-elections-2020/,Official FEC 2020 results compilation supplies the certified Idaho Democratic presidential-primary roster and vote totals; DSA National endorsed Sanders on 2019-03-21 (https://www.dsausa.org/bernie-2020-dsa-endorsement-debate-process/).
us-president-dem-primary-2020-id-john-k-delaney,us-president-dem-primary-2020-id,john-k-delaney,John K. Delaney,Democratic,opponent,certified,Loss,verified,https://www.fec.gov/introduction-campaign-finance/election-results-and-voting-information/federal-elections-2020/,Official FEC 2020 results compilation supplies the certified Idaho Democratic presidential-primary roster and vote totals; DSA National endorsed Sanders on 2019-03-21 (https://www.dsausa.org/bernie-2020-dsa-endorsement-debate-process/).
us-president-dem-primary-2020-id-marianne-williamson,us-president-dem-primary-2020-id,marianne-williamson,Marianne Williamson,Democratic,opponent,certified,Loss,verified,https://www.fec.gov/introduction-campaign-finance/election-results-and-voting-information/federal-elections-2020/,Official FEC 2020 results compilation supplies the certified Idaho Democratic presidential-primary roster and vote totals; DSA National endorsed Sanders on 2019-03-21 (https://www.dsausa.org/bernie-2020-dsa-endorsement-debate-process/).
us-president-dem-primary-2020-id-cory-booker,us-president-dem-primary-2020-id,cory-booker,Cory Booker,Democratic,opponent,certified,Loss,verified,https://www.fec.gov/introduction-campaign-finance/election-results-and-voting-information/federal-elections-2020/,Official FEC 2020 results compilation supplies the certified Idaho Democratic presidential-primary roster and vote totals; DSA National endorsed Sanders on 2019-03-21 (https://www.dsausa.org/bernie-2020-dsa-endorsement-debate-process/).
us-president-dem-primary-2020-id-juli-n-castro,us-president-dem-primary-2020-id,juli-n-castro,Julián Castro,Democratic,opponent,certified,Loss,verified,https://www.fec.gov/introduction-campaign-finance/election-results-and-voting-information/federal-elections-2020/,Official FEC 2020 results compilation supplies the certified Idaho Democratic presidential-primary roster and vote totals; DSA National endorsed Sanders on 2019-03-21 (https://www.dsausa.org/bernie-2020-dsa-endorsement-debate-process/).
us-president-dem-primary-2020-id-steve-burke,us-president-dem-primary-2020-id,steve-burke,Steve Burke,Democratic,opponent,certified,Loss,verified,https://www.fec.gov/introduction-campaign-finance/election-results-and-voting-information/federal-elections-2020/,Official FEC 2020 results compilation supplies the certified Idaho Democratic presidential-primary roster and vote totals; DSA National endorsed Sanders on 2019-03-21 (https://www.dsausa.org/bernie-2020-dsa-endorsement-debate-process/).
us-president-dem-primary-2020-id-roque-rocky-de-la-fuente,us-president-dem-primary-2020-id,roque-rocky-de-la-fuente,"Roque ""Rocky"" De La Fuente",Democratic,opponent,certified,Loss,verified,https://www.fec.gov/introduction-campaign-finance/election-results-and-voting-information/federal-elections-2020/,Official FEC 2020 results compilation supplies the certified Idaho Democratic presidential-primary roster and vote totals; DSA National endorsed Sanders on 2019-03-21 (https://www.dsausa.org/bernie-2020-dsa-endorsement-debate-process/).
us-president-dem-primary-2020-id-deval-patrick,us-president-dem-primary-2020-id,deval-patrick,Deval Patrick,Democratic,opponent,certified,Loss,verified,https://www.fec.gov/introduction-campaign-finance/election-results-and-voting-information/federal-elections-2020/,Official FEC 2020 results compilation supplies the certified Idaho Democratic presidential-primary roster and vote totals; DSA National endorsed Sanders on 2019-03-21 (https://www.dsausa.org/bernie-2020-dsa-endorsement-debate-process/).
us-president-dem-primary-2020-mi-joe-biden,us-president-dem-primary-2020-mi,joe-biden,Joe Biden,Democratic,opponent,certified,Win,verified,https://www.fec.gov/introduction-campaign-finance/election-results-and-voting-information/federal-elections-2020/,Official FEC 2020 results compilation supplies the certified Michigan Democratic presidential-primary roster and vote totals; DSA National endorsed Sanders on 2019-03-21 (https://www.dsausa.org/bernie-2020-dsa-endorsement-debate-process/).
us-president-dem-primary-2020-mi-bernie-sanders,us-president-dem-primary-2020-mi,bernie-sanders,Bernie Sanders,Democratic,endorsed,certified,Loss,verified,https://www.fec.gov/introduction-campaign-finance/election-results-and-voting-information/federal-elections-2020/,Official FEC 2020 results compilation supplies the certified Michigan Democratic presidential-primary roster and vote totals; DSA National endorsed Sanders on 2019-03-21 (https://www.dsausa.org/bernie-2020-dsa-endorsement-debate-process/).
us-president-dem-primary-2020-mi-michael-r-bloomberg,us-president-dem-primary-2020-mi,michael-r-bloomberg,Michael R. Bloomberg,Democratic,opponent,certified,Loss,verified,https://www.fec.gov/introduction-campaign-finance/election-results-and-voting-information/federal-elections-2020/,Official FEC 2020 results compilation supplies the certified Michigan Democratic presidential-primary roster and vote totals; DSA National endorsed Sanders on 2019-03-21 (https://www.dsausa.org/bernie-2020-dsa-endorsement-debate-process/).
us-president-dem-primary-2020-mi-elizabeth-warren,us-president-dem-primary-2020-mi,elizabeth-warren,Elizabeth Warren,Democratic,opponent,certified,Loss,verified,https://www.fec.gov/introduction-campaign-finance/election-results-and-voting-information/federal-elections-2020/,Official FEC 2020 results compilation supplies the certified Michigan Democratic presidential-primary roster and vote totals; DSA National endorsed Sanders on 2019-03-21 (https://www.dsausa.org/bernie-2020-dsa-endorsement-debate-process/).
us-president-dem-primary-2020-mi-pete-buttigieg,us-president-dem-primary-2020-mi,pete-buttigieg,Pete Buttigieg,Democratic,opponent,certified,Loss,verified,https://www.fec.gov/introduction-campaign-finance/election-results-and-voting-information/federal-elections-2020/,Official FEC 2020 results compilation supplies the certified Michigan Democratic presidential-primary roster and vote totals; DSA National endorsed Sanders on 2019-03-21 (https://www.dsausa.org/bernie-2020-dsa-endorsement-debate-process/).
us-president-dem-primary-2020-mi-uncommitted,us-president-dem-primary-2020-mi,uncommitted,Uncommitted,Democratic,opponent,certified,Loss,verified,https://www.fec.gov/introduction-campaign-finance/election-results-and-voting-information/federal-elections-2020/,Official FEC 2020 results compilation supplies the certified Michigan Democratic presidential-primary roster and vote totals; DSA National endorsed Sanders on 2019-03-21 (https://www.dsausa.org/bernie-2020-dsa-endorsement-debate-process/).
us-president-dem-primary-2020-mi-amy-klobuchar,us-president-dem-primary-2020-mi,amy-klobuchar,Amy Klobuchar,Democratic,opponent,certified,Loss,verified,https://www.fec.gov/introduction-campaign-finance/election-results-and-voting-information/federal-elections-2020/,Official FEC 2020 results compilation supplies the certified Michigan Democratic presidential-primary roster and vote totals; DSA National endorsed Sanders on 2019-03-21 (https://www.dsausa.org/bernie-2020-dsa-endorsement-debate-process/).
us-president-dem-primary-2020-mi-tulsi-gabbard,us-president-dem-primary-2020-mi,tulsi-gabbard,Tulsi Gabbard,Democratic,opponent,certified,Loss,verified,https://www.fec.gov/introduction-campaign-finance/election-results-and-voting-information/federal-elections-2020/,Official FEC 2020 results compilation supplies the certified Michigan Democratic presidential-primary roster and vote totals; DSA National endorsed Sanders on 2019-03-21 (https://www.dsausa.org/bernie-2020-dsa-endorsement-debate-process/).
us-president-dem-primary-2020-mi-andrew-yang,us-president-dem-primary-2020-mi,andrew-yang,Andrew Yang,Democratic,opponent,certified,Loss,verified,https://www.fec.gov/introduction-campaign-finance/election-results-and-voting-information/federal-elections-2020/,Official FEC 2020 results compilation supplies the certified Michigan Democratic presidential-primary roster and vote totals; DSA National endorsed Sanders on 2019-03-21 (https://www.dsausa.org/bernie-2020-dsa-endorsement-debate-process/).
us-president-dem-primary-2020-mi-tom-steyer,us-president-dem-primary-2020-mi,tom-steyer,Tom Steyer,Democratic,opponent,certified,Loss,verified,https://www.fec.gov/introduction-campaign-finance/election-results-and-voting-information/federal-elections-2020/,Official FEC 2020 results compilation supplies the certified Michigan Democratic presidential-primary roster and vote totals; DSA National endorsed Sanders on 2019-03-21 (https://www.dsausa.org/bernie-2020-dsa-endorsement-debate-process/).
us-president-dem-primary-2020-mi-michael-bennet,us-president-dem-primary-2020-mi,michael-bennet,Michael Bennet,Democratic,opponent,certified,Loss,verified,https://www.fec.gov/introduction-campaign-finance/election-results-and-voting-information/federal-elections-2020/,Official FEC 2020 results compilation supplies the certified Michigan Democratic presidential-primary roster and vote totals; DSA National endorsed Sanders on 2019-03-21 (https://www.dsausa.org/bernie-2020-dsa-endorsement-debate-process/).
us-president-dem-primary-2020-mi-cory-booker,us-president-dem-primary-2020-mi,cory-booker,Cory Booker,Democratic,opponent,certified,Loss,verified,https://www.fec.gov/introduction-campaign-finance/election-results-and-voting-information/federal-elections-2020/,Official FEC 2020 results compilation supplies the certified Michigan Democratic presidential-primary roster and vote totals; DSA National endorsed Sanders on 2019-03-21 (https://www.dsausa.org/bernie-2020-dsa-endorsement-debate-process/).
us-president-dem-primary-2020-mi-joe-sestak,us-president-dem-primary-2020-mi,joe-sestak,Joe Sestak,Democratic,opponent,certified,Loss,verified,https://www.fec.gov/introduction-campaign-finance/election-results-and-voting-information/federal-elections-2020/,Official FEC 2020 results compilation supplies the certified Michigan Democratic presidential-primary roster and vote totals; DSA National endorsed Sanders on 2019-03-21 (https://www.dsausa.org/bernie-2020-dsa-endorsement-debate-process/).
us-president-dem-primary-2020-mi-marianne-williamson,us-president-dem-primary-2020-mi,marianne-williamson,Marianne Williamson,Democratic,opponent,certified,Loss,verified,https://www.fec.gov/introduction-campaign-finance/election-results-and-voting-information/federal-elections-2020/,Official FEC 2020 results compilation supplies the certified Michigan Democratic presidential-primary roster and vote totals; DSA National endorsed Sanders on 2019-03-21 (https://www.dsausa.org/bernie-2020-dsa-endorsement-debate-process/).
us-president-dem-primary-2020-mi-john-delaney,us-president-dem-primary-2020-mi,john-delaney,John Delaney,Democratic,opponent,certified,Loss,verified,https://www.fec.gov/introduction-campaign-finance/election-results-and-voting-information/federal-elections-2020/,Official FEC 2020 results compilation supplies the certified Michigan Democratic presidential-primary roster and vote totals; DSA National endorsed Sanders on 2019-03-21 (https://www.dsausa.org/bernie-2020-dsa-endorsement-debate-process/).
us-president-dem-primary-2020-mi-julian-castro,us-president-dem-primary-2020-mi,julian-castro,Julian Castro,Democratic,opponent,certified,Loss,verified,https://www.fec.gov/introduction-campaign-finance/election-results-and-voting-information/federal-elections-2020/,Official FEC 2020 results compilation supplies the certified Michigan Democratic presidential-primary roster and vote totals; DSA National endorsed Sanders on 2019-03-21 (https://www.dsausa.org/bernie-2020-dsa-endorsement-debate-process/).
us-president-dem-primary-2020-mo-joseph-r-biden,us-president-dem-primary-2020-mo,joseph-r-biden,Joseph R. Biden,Democratic,opponent,certified,Win,verified,https://www.fec.gov/introduction-campaign-finance/election-results-and-voting-information/federal-elections-2020/,Official FEC 2020 results compilation supplies the certified Missouri Democratic presidential-primary roster and vote totals; DSA National endorsed Sanders on 2019-03-21 (https://www.dsausa.org/bernie-2020-dsa-endorsement-debate-process/).
us-president-dem-primary-2020-mo-bernie-sanders,us-president-dem-primary-2020-mo,bernie-sanders,Bernie Sanders,Democratic,endorsed,certified,Loss,verified,https://www.fec.gov/introduction-campaign-finance/election-results-and-voting-information/federal-elections-2020/,Official FEC 2020 results compilation supplies the certified Missouri Democratic presidential-primary roster and vote totals; DSA National endorsed Sanders on 2019-03-21 (https://www.dsausa.org/bernie-2020-dsa-endorsement-debate-process/).
us-president-dem-primary-2020-mo-michael-r-bloomberg,us-president-dem-primary-2020-mo,michael-r-bloomberg,Michael R. Bloomberg,Democratic,opponent,certified,Loss,verified,https://www.fec.gov/introduction-campaign-finance/election-results-and-voting-information/federal-elections-2020/,Official FEC 2020 results compilation supplies the certified Missouri Democratic presidential-primary roster and vote totals; DSA National endorsed Sanders on 2019-03-21 (https://www.dsausa.org/bernie-2020-dsa-endorsement-debate-process/).
us-president-dem-primary-2020-mo-elizabeth-warren,us-president-dem-primary-2020-mo,elizabeth-warren,Elizabeth Warren,Democratic,opponent,certified,Loss,verified,https://www.fec.gov/introduction-campaign-finance/election-results-and-voting-information/federal-elections-2020/,Official FEC 2020 results compilation supplies the certified Missouri Democratic presidential-primary roster and vote totals; DSA National endorsed Sanders on 2019-03-21 (https://www.dsausa.org/bernie-2020-dsa-endorsement-debate-process/).
us-president-dem-primary-2020-mo-tulsi-gabbard,us-president-dem-primary-2020-mo,tulsi-gabbard,Tulsi Gabbard,Democratic,opponent,certified,Loss,verified,https://www.fec.gov/introduction-campaign-finance/election-results-and-voting-information/federal-elections-2020/,Official FEC 2020 results compilation supplies the certified Missouri Democratic presidential-primary roster and vote totals; DSA National endorsed Sanders on 2019-03-21 (https://www.dsausa.org/bernie-2020-dsa-endorsement-debate-process/).
us-president-dem-primary-2020-mo-pete-buttigieg,us-president-dem-primary-2020-mo,pete-buttigieg,Pete Buttigieg,Democratic,opponent,certified,Loss,verified,https://www.fec.gov/introduction-campaign-finance/election-results-and-voting-information/federal-elections-2020/,Official FEC 2020 results compilation supplies the certified Missouri Democratic presidential-primary roster and vote totals; DSA National endorsed Sanders on 2019-03-21 (https://www.dsausa.org/bernie-2020-dsa-endorsement-debate-process/).
us-president-dem-primary-2020-mo-amy-klobuchar,us-president-dem-primary-2020-mo,amy-klobuchar,Amy Klobuchar,Democratic,opponent,certified,Loss,verified,https://www.fec.gov/introduction-campaign-finance/election-results-and-voting-information/federal-elections-2020/,Official FEC 2020 results compilation supplies the certified Missouri Democratic presidential-primary roster and vote totals; DSA National endorsed Sanders on 2019-03-21 (https://www.dsausa.org/bernie-2020-dsa-endorsement-debate-process/).
us-president-dem-primary-2020-mo-uncommitted,us-president-dem-primary-2020-mo,uncommitted,Uncommitted,Democratic,opponent,certified,Loss,verified,https://www.fec.gov/introduction-campaign-finance/election-results-and-voting-information/federal-elections-2020/,Official FEC 2020 results compilation supplies the certified Missouri Democratic presidential-primary roster and vote totals; DSA National endorsed Sanders on 2019-03-21 (https://www.dsausa.org/bernie-2020-dsa-endorsement-debate-process/).
us-president-dem-primary-2020-mo-andrew-yang,us-president-dem-primary-2020-mo,andrew-yang,Andrew Yang,Democratic,opponent,certified,Loss,verified,https://www.fec.gov/introduction-campaign-finance/election-results-and-voting-information/federal-elections-2020/,Official FEC 2020 results compilation supplies the certified Missouri Democratic presidential-primary roster and vote totals; DSA National endorsed Sanders on 2019-03-21 (https://www.dsausa.org/bernie-2020-dsa-endorsement-debate-process/).
us-president-dem-primary-2020-mo-cory-booker,us-president-dem-primary-2020-mo,cory-booker,Cory Booker,Democratic,opponent,certified,Loss,verified,https://www.fec.gov/introduction-campaign-finance/election-results-and-voting-information/federal-elections-2020/,Official FEC 2020 results compilation supplies the certified Missouri Democratic presidential-primary roster and vote totals; DSA National endorsed Sanders on 2019-03-21 (https://www.dsausa.org/bernie-2020-dsa-endorsement-debate-process/).
us-president-dem-primary-2020-mo-tom-steyer,us-president-dem-primary-2020-mo,tom-steyer,Tom Steyer,Democratic,opponent,certified,Loss,verified,https://www.fec.gov/introduction-campaign-finance/election-results-and-voting-information/federal-elections-2020/,Official FEC 2020 results compilation supplies the certified Missouri Democratic presidential-primary roster and vote totals; DSA National endorsed Sanders on 2019-03-21 (https://www.dsausa.org/bernie-2020-dsa-endorsement-debate-process/).
us-president-dem-primary-2020-mo-william-c-bill-haas,us-president-dem-primary-2020-mo,william-c-bill-haas,William C. (Bill) Haas,Democratic,opponent,certified,Loss,verified,https://www.fec.gov/introduction-campaign-finance/election-results-and-voting-information/federal-elections-2020/,Official FEC 2020 results compilation supplies the certified Missouri Democratic presidential-primary roster and vote totals; DSA National endorsed Sanders on 2019-03-21 (https://www.dsausa.org/bernie-2020-dsa-endorsement-debate-process/).
us-president-dem-primary-2020-mo-michael-bennet,us-president-dem-primary-2020-mo,michael-bennet,Michael Bennet,Democratic,opponent,certified,Loss,verified,https://www.fec.gov/introduction-campaign-finance/election-results-and-voting-information/federal-elections-2020/,Official FEC 2020 results compilation supplies the certified Missouri Democratic presidential-primary roster and vote totals; DSA National endorsed Sanders on 2019-03-21 (https://www.dsausa.org/bernie-2020-dsa-endorsement-debate-process/).
us-president-dem-primary-2020-mo-velma-steinman,us-president-dem-primary-2020-mo,velma-steinman,Velma Steinman,Democratic,opponent,certified,Loss,verified,https://www.fec.gov/introduction-campaign-finance/election-results-and-voting-information/federal-elections-2020/,Official FEC 2020 results compilation supplies the certified Missouri Democratic presidential-primary roster and vote totals; DSA National endorsed Sanders on 2019-03-21 (https://www.dsausa.org/bernie-2020-dsa-endorsement-debate-process/).
us-president-dem-primary-2020-mo-leonard-j-ii-steinman,us-president-dem-primary-2020-mo,leonard-j-ii-steinman,"Leonard J., II Steinman",Democratic,opponent,certified,Loss,verified,https://www.fec.gov/introduction-campaign-finance/election-results-and-voting-information/federal-elections-2020/,Official FEC 2020 results compilation supplies the certified Missouri Democratic presidential-primary roster and vote totals; DSA National endorsed Sanders on 2019-03-21 (https://www.dsausa.org/bernie-2020-dsa-endorsement-debate-process/).
us-president-dem-primary-2020-mo-marianne-williamson,us-president-dem-primary-2020-mo,marianne-williamson,Marianne Williamson,Democratic,opponent,certified,Loss,verified,https://www.fec.gov/introduction-campaign-finance/election-results-and-voting-information/federal-elections-2020/,Official FEC 2020 results compilation supplies the certified Missouri Democratic presidential-primary roster and vote totals; DSA National endorsed Sanders on 2019-03-21 (https://www.dsausa.org/bernie-2020-dsa-endorsement-debate-process/).
us-president-dem-primary-2020-mo-john-k-delaney,us-president-dem-primary-2020-mo,john-k-delaney,John K. Delaney,Democratic,opponent,certified,Loss,verified,https://www.fec.gov/introduction-campaign-finance/election-results-and-voting-information/federal-elections-2020/,Official FEC 2020 results compilation supplies the certified Missouri Democratic presidential-primary roster and vote totals; DSA National endorsed Sanders on 2019-03-21 (https://www.dsausa.org/bernie-2020-dsa-endorsement-debate-process/).
us-president-dem-primary-2020-mo-steve-burke,us-president-dem-primary-2020-mo,steve-burke,Steve Burke,Democratic,opponent,certified,Loss,verified,https://www.fec.gov/introduction-campaign-finance/election-results-and-voting-information/federal-elections-2020/,Official FEC 2020 results compilation supplies the certified Missouri Democratic presidential-primary roster and vote totals; DSA National endorsed Sanders on 2019-03-21 (https://www.dsausa.org/bernie-2020-dsa-endorsement-debate-process/).
us-president-dem-primary-2020-mo-juli-n-castro,us-president-dem-primary-2020-mo,juli-n-castro,Julián Castro,Democratic,opponent,certified,Loss,verified,https://www.fec.gov/introduction-campaign-finance/election-results-and-voting-information/federal-elections-2020/,Official FEC 2020 results compilation supplies the certified Missouri Democratic presidential-primary roster and vote totals; DSA National endorsed Sanders on 2019-03-21 (https://www.dsausa.org/bernie-2020-dsa-endorsement-debate-process/).
us-president-dem-primary-2020-mo-henry-hewes,us-president-dem-primary-2020-mo,henry-hewes,Henry Hewes,Democratic,opponent,certified,Loss,verified,https://www.fec.gov/introduction-campaign-finance/election-results-and-voting-information/federal-elections-2020/,Official FEC 2020 results compilation supplies the certified Missouri Democratic presidential-primary roster and vote totals; DSA National endorsed Sanders on 2019-03-21 (https://www.dsausa.org/bernie-2020-dsa-endorsement-debate-process/).
us-president-dem-primary-2020-mo-robby-wells,us-president-dem-primary-2020-mo,robby-wells,Robby Wells,Democratic,opponent,certified,Loss,verified,https://www.fec.gov/introduction-campaign-finance/election-results-and-voting-information/federal-elections-2020/,Official FEC 2020 results compilation supplies the certified Missouri Democratic presidential-primary roster and vote totals; DSA National endorsed Sanders on 2019-03-21 (https://www.dsausa.org/bernie-2020-dsa-endorsement-debate-process/).
us-president-dem-primary-2020-mo-roque-de-la-fuente,us-president-dem-primary-2020-mo,roque-de-la-fuente,Roque De La Fuente,Democratic,opponent,certified,Loss,verified,https://www.fec.gov/introduction-campaign-finance/election-results-and-voting-information/federal-elections-2020/,Official FEC 2020 results compilation supplies the certified Missouri Democratic presidential-primary roster and vote totals; DSA National endorsed Sanders on 2019-03-21 (https://www.dsausa.org/bernie-2020-dsa-endorsement-debate-process/).
us-president-dem-primary-2020-mo-deval-patrick,us-president-dem-primary-2020-mo,deval-patrick,Deval Patrick,Democratic,opponent,certified,Loss,verified,https://www.fec.gov/introduction-campaign-finance/election-results-and-voting-information/federal-elections-2020/,Official FEC 2020 results compilation supplies the certified Missouri Democratic presidential-primary roster and vote totals; DSA National endorsed Sanders on 2019-03-21 (https://www.dsausa.org/bernie-2020-dsa-endorsement-debate-process/).
us-president-dem-primary-2020-ms-joseph-r-biden,us-president-dem-primary-2020-ms,joseph-r-biden,Joseph R. Biden,Democratic,opponent,certified,Win,verified,https://www.fec.gov/introduction-campaign-finance/election-results-and-voting-information/federal-elections-2020/,Official FEC 2020 results compilation supplies the certified Mississippi Democratic presidential-primary roster and vote totals; DSA National endorsed Sanders on 2019-03-21 (https://www.dsausa.org/bernie-2020-dsa-endorsement-debate-process/).
us-president-dem-primary-2020-ms-bernie-sanders,us-president-dem-primary-2020-ms,bernie-sanders,Bernie Sanders,Democratic,endorsed,certified,Loss,verified,https://www.fec.gov/introduction-campaign-finance/election-results-and-voting-information/federal-elections-2020/,Official FEC 2020 results compilation supplies the certified Mississippi Democratic presidential-primary roster and vote totals; DSA National endorsed Sanders on 2019-03-21 (https://www.dsausa.org/bernie-2020-dsa-endorsement-debate-process/).
us-president-dem-primary-2020-ms-michael-r-bloomberg,us-president-dem-primary-2020-ms,michael-r-bloomberg,Michael R. Bloomberg,Democratic,opponent,certified,Loss,verified,https://www.fec.gov/introduction-campaign-finance/election-results-and-voting-information/federal-elections-2020/,Official FEC 2020 results compilation supplies the certified Mississippi Democratic presidential-primary roster and vote totals; DSA National endorsed Sanders on 2019-03-21 (https://www.dsausa.org/bernie-2020-dsa-endorsement-debate-process/).
us-president-dem-primary-2020-ms-elizabeth-warren,us-president-dem-primary-2020-ms,elizabeth-warren,Elizabeth Warren,Democratic,opponent,certified,Loss,verified,https://www.fec.gov/introduction-campaign-finance/election-results-and-voting-information/federal-elections-2020/,Official FEC 2020 results compilation supplies the certified Mississippi Democratic presidential-primary roster and vote totals; DSA National endorsed Sanders on 2019-03-21 (https://www.dsausa.org/bernie-2020-dsa-endorsement-debate-process/).
us-president-dem-primary-2020-ms-tulsi-gabbard,us-president-dem-primary-2020-ms,tulsi-gabbard,Tulsi Gabbard,Democratic,opponent,certified,Loss,verified,https://www.fec.gov/introduction-campaign-finance/election-results-and-voting-information/federal-elections-2020/,Official FEC 2020 results compilation supplies the certified Mississippi Democratic presidential-primary roster and vote totals; DSA National endorsed Sanders on 2019-03-21 (https://www.dsausa.org/bernie-2020-dsa-endorsement-debate-process/).
us-president-dem-primary-2020-ms-pete-buttigieg,us-president-dem-primary-2020-ms,pete-buttigieg,Pete Buttigieg,Democratic,opponent,certified,Loss,verified,https://www.fec.gov/introduction-campaign-finance/election-results-and-voting-information/federal-elections-2020/,Official FEC 2020 results compilation supplies the certified Mississippi Democratic presidential-primary roster and vote totals; DSA National endorsed Sanders on 2019-03-21 (https://www.dsausa.org/bernie-2020-dsa-endorsement-debate-process/).
us-president-dem-primary-2020-ms-andrew-yang,us-president-dem-primary-2020-ms,andrew-yang,Andrew Yang,Democratic,opponent,certified,Loss,verified,https://www.fec.gov/introduction-campaign-finance/election-results-and-voting-information/federal-elections-2020/,Official FEC 2020 results compilation supplies the certified Mississippi Democratic presidential-primary roster and vote totals; DSA National endorsed Sanders on 2019-03-21 (https://www.dsausa.org/bernie-2020-dsa-endorsement-debate-process/).
us-president-dem-primary-2020-ms-amy-klobuchar,us-president-dem-primary-2020-ms,amy-klobuchar,Amy Klobuchar,Democratic,opponent,certified,Loss,verified,https://www.fec.gov/introduction-campaign-finance/election-results-and-voting-information/federal-elections-2020/,Official FEC 2020 results compilation supplies the certified Mississippi Democratic presidential-primary roster and vote totals; DSA National endorsed Sanders on 2019-03-21 (https://www.dsausa.org/bernie-2020-dsa-endorsement-debate-process/).
us-president-dem-primary-2020-ms-tom-steyer,us-president-dem-primary-2020-ms,tom-steyer,Tom Steyer,Democratic,opponent,certified,Loss,verified,https://www.fec.gov/introduction-campaign-finance/election-results-and-voting-information/federal-elections-2020/,Official FEC 2020 results compilation supplies the certified Mississippi Democratic presidential-primary roster and vote totals; DSA National endorsed Sanders on 2019-03-21 (https://www.dsausa.org/bernie-2020-dsa-endorsement-debate-process/).
us-president-dem-primary-2020-ms-deval-patrick,us-president-dem-primary-2020-ms,deval-patrick,Deval Patrick,Democratic,opponent,certified,Loss,verified,https://www.fec.gov/introduction-campaign-finance/election-results-and-voting-information/federal-elections-2020/,Official FEC 2020 results compilation supplies the certified Mississippi Democratic presidential-primary roster and vote totals; DSA National endorsed Sanders on 2019-03-21 (https://www.dsausa.org/bernie-2020-dsa-endorsement-debate-process/).
us-president-dem-primary-2020-wa-joseph-r-biden,us-president-dem-primary-2020-wa,joseph-r-biden,Joseph R. Biden,Democratic,opponent,certified,Win,verified,https://www.fec.gov/introduction-campaign-finance/election-results-and-voting-information/federal-elections-2020/,Official FEC 2020 results compilation supplies the certified Washington Democratic presidential-primary roster and vote totals; DSA National endorsed Sanders on 2019-03-21 (https://www.dsausa.org/bernie-2020-dsa-endorsement-debate-process/).
us-president-dem-primary-2020-wa-bernie-sanders,us-president-dem-primary-2020-wa,bernie-sanders,Bernie Sanders,Democratic,endorsed,certified,Loss,verified,https://www.fec.gov/introduction-campaign-finance/election-results-and-voting-information/federal-elections-2020/,Official FEC 2020 results compilation supplies the certified Washington Democratic presidential-primary roster and vote totals; DSA National endorsed Sanders on 2019-03-21 (https://www.dsausa.org/bernie-2020-dsa-endorsement-debate-process/).
us-president-dem-primary-2020-wa-elizabeth-warren,us-president-dem-primary-2020-wa,elizabeth-warren,Elizabeth Warren,Democratic,opponent,certified,Loss,verified,https://www.fec.gov/introduction-campaign-finance/election-results-and-voting-information/federal-elections-2020/,Official FEC 2020 results compilation supplies the certified Washington Democratic presidential-primary roster and vote totals; DSA National endorsed Sanders on 2019-03-21 (https://www.dsausa.org/bernie-2020-dsa-endorsement-debate-process/).
us-president-dem-primary-2020-wa-michael-bloomberg,us-president-dem-primary-2020-wa,michael-bloomberg,Michael Bloomberg,Democratic,opponent,certified,Loss,verified,https://www.fec.gov/introduction-campaign-finance/election-results-and-voting-information/federal-elections-2020/,Official FEC 2020 results compilation supplies the certified Washington Democratic presidential-primary roster and vote totals; DSA National endorsed Sanders on 2019-03-21 (https://www.dsausa.org/bernie-2020-dsa-endorsement-debate-process/).
us-president-dem-primary-2020-wa-pete-buttigieg,us-president-dem-primary-2020-wa,pete-buttigieg,Pete Buttigieg,Democratic,opponent,certified,Loss,verified,https://www.fec.gov/introduction-campaign-finance/election-results-and-voting-information/federal-elections-2020/,Official FEC 2020 results compilation supplies the certified Washington Democratic presidential-primary roster and vote totals; DSA National endorsed Sanders on 2019-03-21 (https://www.dsausa.org/bernie-2020-dsa-endorsement-debate-process/).
us-president-dem-primary-2020-wa-amy-klobuchar,us-president-dem-primary-2020-wa,amy-klobuchar,Amy Klobuchar,Democratic,opponent,certified,Loss,verified,https://www.fec.gov/introduction-campaign-finance/election-results-and-voting-information/federal-elections-2020/,Official FEC 2020 results compilation supplies the certified Washington Democratic presidential-primary roster and vote totals; DSA National endorsed Sanders on 2019-03-21 (https://www.dsausa.org/bernie-2020-dsa-endorsement-debate-process/).
us-president-dem-primary-2020-wa-tulsi-gabbard,us-president-dem-primary-2020-wa,tulsi-gabbard,Tulsi Gabbard,Democratic,opponent,certified,Loss,verified,https://www.fec.gov/introduction-campaign-finance/election-results-and-voting-information/federal-elections-2020/,Official FEC 2020 results compilation supplies the certified Washington Democratic presidential-primary roster and vote totals; DSA National endorsed Sanders on 2019-03-21 (https://www.dsausa.org/bernie-2020-dsa-endorsement-debate-process/).
us-president-dem-primary-2020-wa-uncommitted-delegates,us-president-dem-primary-2020-wa,uncommitted-delegates,Uncommitted Delegates,Democratic,opponent,certified,Loss,verified,https://www.fec.gov/introduction-campaign-finance/election-results-and-voting-information/federal-elections-2020/,Official FEC 2020 results compilation supplies the certified Washington Democratic presidential-primary roster and vote totals; DSA National endorsed Sanders on 2019-03-21 (https://www.dsausa.org/bernie-2020-dsa-endorsement-debate-process/).
us-president-dem-primary-2020-wa-andrew-yang,us-president-dem-primary-2020-wa,andrew-yang,Andrew Yang,Democratic,opponent,certified,Loss,verified,https://www.fec.gov/introduction-campaign-finance/election-results-and-voting-information/federal-elections-2020/,Official FEC 2020 results compilation supplies the certified Washington Democratic presidential-primary roster and vote totals; DSA National endorsed Sanders on 2019-03-21 (https://www.dsausa.org/bernie-2020-dsa-endorsement-debate-process/).
us-president-dem-primary-2020-wa-tom-steyer,us-president-dem-primary-2020-wa,tom-steyer,Tom Steyer,Democratic,opponent,certified,Loss,verified,https://www.fec.gov/introduction-campaign-finance/election-results-and-voting-information/federal-elections-2020/,Official FEC 2020 results compilation supplies the certified Washington Democratic presidential-primary roster and vote totals; DSA National endorsed Sanders on 2019-03-21 (https://www.dsausa.org/bernie-2020-dsa-endorsement-debate-process/).
us-president-dem-primary-2020-wa-michael-bennet,us-president-dem-primary-2020-wa,michael-bennet,Michael Bennet,Democratic,opponent,certified,Loss,verified,https://www.fec.gov/introduction-campaign-finance/election-results-and-voting-information/federal-elections-2020/,Official FEC 2020 results compilation supplies the certified Washington Democratic presidential-primary roster and vote totals; DSA National endorsed Sanders on 2019-03-21 (https://www.dsausa.org/bernie-2020-dsa-endorsement-debate-process/).
us-president-dem-primary-2020-wa-cory-booker,us-president-dem-primary-2020-wa,cory-booker,Cory Booker,Democratic,opponent,certified,Loss,verified,https://www.fec.gov/introduction-campaign-finance/election-results-and-voting-information/federal-elections-2020/,Official FEC 2020 results compilation supplies the certified Washington Democratic presidential-primary roster and vote totals; DSA National endorsed Sanders on 2019-03-21 (https://www.dsausa.org/bernie-2020-dsa-endorsement-debate-process/).
us-president-dem-primary-2020-wa-john-delaney,us-president-dem-primary-2020-wa,john-delaney,John Delaney,Democratic,opponent,certified,Loss,verified,https://www.fec.gov/introduction-campaign-finance/election-results-and-voting-information/federal-elections-2020/,Official FEC 2020 results compilation supplies the certified Washington Democratic presidential-primary roster and vote totals; DSA National endorsed Sanders on 2019-03-21 (https://www.dsausa.org/bernie-2020-dsa-endorsement-debate-process/).
us-president-dem-primary-2020-wa-deval-patrick,us-president-dem-primary-2020-wa,deval-patrick,Deval Patrick,Democratic,opponent,certified,Loss,verified,https://www.fec.gov/introduction-campaign-finance/election-results-and-voting-information/federal-elections-2020/,Official FEC 2020 results compilation supplies the certified Washington Democratic presidential-primary roster and vote totals; DSA National endorsed Sanders on 2019-03-21 (https://www.dsausa.org/bernie-2020-dsa-endorsement-debate-process/).
us-president-dem-primary-2020-az-joseph-biden,us-president-dem-primary-2020-az,joseph-biden,Joseph Biden,Democratic,opponent,certified,Win,verified,https://www.fec.gov/introduction-campaign-finance/election-results-and-voting-information/federal-elections-2020/,Official FEC 2020 results compilation supplies the certified Arizona Democratic presidential-primary roster and vote totals; DSA National endorsed Sanders on 2019-03-21 (https://www.dsausa.org/bernie-2020-dsa-endorsement-debate-process/).
us-president-dem-primary-2020-az-bernie-sanders,us-president-dem-primary-2020-az,bernie-sanders,Bernie Sanders,Democratic,endorsed,certified,Loss,verified,https://www.fec.gov/introduction-campaign-finance/election-results-and-voting-information/federal-elections-2020/,Official FEC 2020 results compilation supplies the certified Arizona Democratic presidential-primary roster and vote totals; DSA National endorsed Sanders on 2019-03-21 (https://www.dsausa.org/bernie-2020-dsa-endorsement-debate-process/).
us-president-dem-primary-2020-az-elizabeth-warren,us-president-dem-primary-2020-az,elizabeth-warren,Elizabeth Warren,Democratic,opponent,certified,Loss,verified,https://www.fec.gov/introduction-campaign-finance/election-results-and-voting-information/federal-elections-2020/,Official FEC 2020 results compilation supplies the certified Arizona Democratic presidential-primary roster and vote totals; DSA National endorsed Sanders on 2019-03-21 (https://www.dsausa.org/bernie-2020-dsa-endorsement-debate-process/).
us-president-dem-primary-2020-az-pete-buttigieg,us-president-dem-primary-2020-az,pete-buttigieg,Pete Buttigieg,Democratic,opponent,certified,Loss,verified,https://www.fec.gov/introduction-campaign-finance/election-results-and-voting-information/federal-elections-2020/,Official FEC 2020 results compilation supplies the certified Arizona Democratic presidential-primary roster and vote totals; DSA National endorsed Sanders on 2019-03-21 (https://www.dsausa.org/bernie-2020-dsa-endorsement-debate-process/).
us-president-dem-primary-2020-az-tulsi-gabbard,us-president-dem-primary-2020-az,tulsi-gabbard,Tulsi Gabbard,Democratic,opponent,certified,Loss,verified,https://www.fec.gov/introduction-campaign-finance/election-results-and-voting-information/federal-elections-2020/,Official FEC 2020 results compilation supplies the certified Arizona Democratic presidential-primary roster and vote totals; DSA National endorsed Sanders on 2019-03-21 (https://www.dsausa.org/bernie-2020-dsa-endorsement-debate-process/).
us-president-dem-primary-2020-az-andrew-yang,us-president-dem-primary-2020-az,andrew-yang,Andrew Yang,Democratic,opponent,certified,Loss,verified,https://www.fec.gov/introduction-campaign-finance/election-results-and-voting-information/federal-elections-2020/,Official FEC 2020 results compilation supplies the certified Arizona Democratic presidential-primary roster and vote totals; DSA National endorsed Sanders on 2019-03-21 (https://www.dsausa.org/bernie-2020-dsa-endorsement-debate-process/).
us-president-dem-primary-2020-az-juli-n-castro,us-president-dem-primary-2020-az,juli-n-castro,Julián Castro,Democratic,opponent,certified,Loss,verified,https://www.fec.gov/introduction-campaign-finance/election-results-and-voting-information/federal-elections-2020/,Official FEC 2020 results compilation supplies the certified Arizona Democratic presidential-primary roster and vote totals; DSA National endorsed Sanders on 2019-03-21 (https://www.dsausa.org/bernie-2020-dsa-endorsement-debate-process/).
us-president-dem-primary-2020-az-marianne-williamson,us-president-dem-primary-2020-az,marianne-williamson,Marianne Williamson,Democratic,opponent,certified,Loss,verified,https://www.fec.gov/introduction-campaign-finance/election-results-and-voting-information/federal-elections-2020/,Official FEC 2020 results compilation supplies the certified Arizona Democratic presidential-primary roster and vote totals; DSA National endorsed Sanders on 2019-03-21 (https://www.dsausa.org/bernie-2020-dsa-endorsement-debate-process/).
us-president-dem-primary-2020-az-roque-rocky-de-la-fuente,us-president-dem-primary-2020-az,roque-rocky-de-la-fuente,"Roque ""Rocky"" De La Fuente",Democratic,opponent,certified,Loss,verified,https://www.fec.gov/introduction-campaign-finance/election-results-and-voting-information/federal-elections-2020/,Official FEC 2020 results compilation supplies the certified Arizona Democratic presidential-primary roster and vote totals; DSA National endorsed Sanders on 2019-03-21 (https://www.dsausa.org/bernie-2020-dsa-endorsement-debate-process/).
us-president-dem-primary-2020-az-deval-patrick,us-president-dem-primary-2020-az,deval-patrick,Deval Patrick,Democratic,opponent,certified,Loss,verified,https://www.fec.gov/introduction-campaign-finance/election-results-and-voting-information/federal-elections-2020/,Official FEC 2020 results compilation supplies the certified Arizona Democratic presidential-primary roster and vote totals; DSA National endorsed Sanders on 2019-03-21 (https://www.dsausa.org/bernie-2020-dsa-endorsement-debate-process/).
us-president-dem-primary-2020-az-henry-hewes,us-president-dem-primary-2020-az,henry-hewes,Henry Hewes,Democratic,opponent,certified,Loss,verified,https://www.fec.gov/introduction-campaign-finance/election-results-and-voting-information/federal-elections-2020/,Official FEC 2020 results compilation supplies the certified Arizona Democratic presidential-primary roster and vote totals; DSA National endorsed Sanders on 2019-03-21 (https://www.dsausa.org/bernie-2020-dsa-endorsement-debate-process/).
us-president-dem-primary-2020-az-michael-ellinger,us-president-dem-primary-2020-az,michael-ellinger,Michael Ellinger,Democratic,opponent,certified,Loss,verified,https://www.fec.gov/introduction-campaign-finance/election-results-and-voting-information/federal-elections-2020/,Official FEC 2020 results compilation supplies the certified Arizona Democratic presidential-primary roster and vote totals; DSA National endorsed Sanders on 2019-03-21 (https://www.dsausa.org/bernie-2020-dsa-endorsement-debate-process/).
us-president-dem-primary-2020-fl-joe-biden,us-president-dem-primary-2020-fl,joe-biden,Joe Biden,Democratic,opponent,certified,Win,verified,https://www.fec.gov/introduction-campaign-finance/election-results-and-voting-information/federal-elections-2020/,Official FEC 2020 results compilation supplies the certified Florida Democratic presidential-primary roster and vote totals; DSA National endorsed Sanders on 2019-03-21 (https://www.dsausa.org/bernie-2020-dsa-endorsement-debate-process/).
us-president-dem-primary-2020-fl-bernie-sanders,us-president-dem-primary-2020-fl,bernie-sanders,Bernie Sanders,Democratic,endorsed,certified,Loss,verified,https://www.fec.gov/introduction-campaign-finance/election-results-and-voting-information/federal-elections-2020/,Official FEC 2020 results compilation supplies the certified Florida Democratic presidential-primary roster and vote totals; DSA National endorsed Sanders on 2019-03-21 (https://www.dsausa.org/bernie-2020-dsa-endorsement-debate-process/).
us-president-dem-primary-2020-fl-michael-r-bloomberg,us-president-dem-primary-2020-fl,michael-r-bloomberg,Michael R. Bloomberg,Democratic,opponent,certified,Loss,verified,https://www.fec.gov/introduction-campaign-finance/election-results-and-voting-information/federal-elections-2020/,Official FEC 2020 results compilation supplies the certified Florida Democratic presidential-primary roster and vote totals; DSA National endorsed Sanders on 2019-03-21 (https://www.dsausa.org/bernie-2020-dsa-endorsement-debate-process/).
us-president-dem-primary-2020-fl-pete-buttigieg,us-president-dem-primary-2020-fl,pete-buttigieg,Pete Buttigieg,Democratic,opponent,certified,Loss,verified,https://www.fec.gov/introduction-campaign-finance/election-results-and-voting-information/federal-elections-2020/,Official FEC 2020 results compilation supplies the certified Florida Democratic presidential-primary roster and vote totals; DSA National endorsed Sanders on 2019-03-21 (https://www.dsausa.org/bernie-2020-dsa-endorsement-debate-process/).
us-president-dem-primary-2020-fl-elizabeth-warren,us-president-dem-primary-2020-fl,elizabeth-warren,Elizabeth Warren,Democratic,opponent,certified,Loss,verified,https://www.fec.gov/introduction-campaign-finance/election-results-and-voting-information/federal-elections-2020/,Official FEC 2020 results compilation supplies the certified Florida Democratic presidential-primary roster and vote totals; DSA National endorsed Sanders on 2019-03-21 (https://www.dsausa.org/bernie-2020-dsa-endorsement-debate-process/).
us-president-dem-primary-2020-fl-amy-klobuchar,us-president-dem-primary-2020-fl,amy-klobuchar,Amy Klobuchar,Democratic,opponent,certified,Loss,verified,https://www.fec.gov/introduction-campaign-finance/election-results-and-voting-information/federal-elections-2020/,Official FEC 2020 results compilation supplies the certified Florida Democratic presidential-primary roster and vote totals; DSA National endorsed Sanders on 2019-03-21 (https://www.dsausa.org/bernie-2020-dsa-endorsement-debate-process/).
us-president-dem-primary-2020-fl-tulsi-gabbard,us-president-dem-primary-2020-fl,tulsi-gabbard,Tulsi Gabbard,Democratic,opponent,certified,Loss,verified,https://www.fec.gov/introduction-campaign-finance/election-results-and-voting-information/federal-elections-2020/,Official FEC 2020 results compilation supplies the certified Florida Democratic presidential-primary roster and vote totals; DSA National endorsed Sanders on 2019-03-21 (https://www.dsausa.org/bernie-2020-dsa-endorsement-debate-process/).
us-president-dem-primary-2020-fl-andrew-yang,us-president-dem-primary-2020-fl,andrew-yang,Andrew Yang,Democratic,opponent,certified,Loss,verified,https://www.fec.gov/introduction-campaign-finance/election-results-and-voting-information/federal-elections-2020/,Official FEC 2020 results compilation supplies the certified Florida Democratic presidential-primary roster and vote totals; DSA National endorsed Sanders on 2019-03-21 (https://www.dsausa.org/bernie-2020-dsa-endorsement-debate-process/).
us-president-dem-primary-2020-fl-michael-bennet,us-president-dem-primary-2020-fl,michael-bennet,Michael Bennet,Democratic,opponent,certified,Loss,verified,https://www.fec.gov/introduction-campaign-finance/election-results-and-voting-information/federal-elections-2020/,Official FEC 2020 results compilation supplies the certified Florida Democratic presidential-primary roster and vote totals; DSA National endorsed Sanders on 2019-03-21 (https://www.dsausa.org/bernie-2020-dsa-endorsement-debate-process/).
us-president-dem-primary-2020-fl-tom-steyer,us-president-dem-primary-2020-fl,tom-steyer,Tom Steyer,Democratic,opponent,certified,Loss,verified,https://www.fec.gov/introduction-campaign-finance/election-results-and-voting-information/federal-elections-2020/,Official FEC 2020 results compilation supplies the certified Florida Democratic presidential-primary roster and vote totals; DSA National endorsed Sanders on 2019-03-21 (https://www.dsausa.org/bernie-2020-dsa-endorsement-debate-process/).
us-president-dem-primary-2020-fl-marianne-williamson,us-president-dem-primary-2020-fl,marianne-williamson,Marianne Williamson,Democratic,opponent,certified,Loss,verified,https://www.fec.gov/introduction-campaign-finance/election-results-and-voting-information/federal-elections-2020/,Official FEC 2020 results compilation supplies the certified Florida Democratic presidential-primary roster and vote totals; DSA National endorsed Sanders on 2019-03-21 (https://www.dsausa.org/bernie-2020-dsa-endorsement-debate-process/).
us-president-dem-primary-2020-fl-john-delaney,us-president-dem-primary-2020-fl,john-delaney,John Delaney,Democratic,opponent,certified,Loss,verified,https://www.fec.gov/introduction-campaign-finance/election-results-and-voting-information/federal-elections-2020/,Official FEC 2020 results compilation supplies the certified Florida Democratic presidential-primary roster and vote totals; DSA National endorsed Sanders on 2019-03-21 (https://www.dsausa.org/bernie-2020-dsa-endorsement-debate-process/).
us-president-dem-primary-2020-fl-cory-booker,us-president-dem-primary-2020-fl,cory-booker,Cory Booker,Democratic,opponent,certified,Loss,verified,https://www.fec.gov/introduction-campaign-finance/election-results-and-voting-information/federal-elections-2020/,Official FEC 2020 results compilation supplies the certified Florida Democratic presidential-primary roster and vote totals; DSA National endorsed Sanders on 2019-03-21 (https://www.dsausa.org/bernie-2020-dsa-endorsement-debate-process/).
us-president-dem-primary-2020-fl-juli-n-castro,us-president-dem-primary-2020-fl,juli-n-castro,Julián Castro,Democratic,opponent,certified,Loss,verified,https://www.fec.gov/introduction-campaign-finance/election-results-and-voting-information/federal-elections-2020/,Official FEC 2020 results compilation supplies the certified Florida Democratic presidential-primary roster and vote totals; DSA National endorsed Sanders on 2019-03-21 (https://www.dsausa.org/bernie-2020-dsa-endorsement-debate-process/).
us-president-dem-primary-2020-fl-joe-sestak,us-president-dem-primary-2020-fl,joe-sestak,Joe Sestak,Democratic,opponent,certified,Loss,verified,https://www.fec.gov/introduction-campaign-finance/election-results-and-voting-information/federal-elections-2020/,Official FEC 2020 results compilation supplies the certified Florida Democratic presidential-primary roster and vote totals; DSA National endorsed Sanders on 2019-03-21 (https://www.dsausa.org/bernie-2020-dsa-endorsement-debate-process/).
us-president-dem-primary-2020-fl-deval-patrick,us-president-dem-primary-2020-fl,deval-patrick,Deval Patrick,Democratic,opponent,certified,Loss,verified,https://www.fec.gov/introduction-campaign-finance/election-results-and-voting-information/federal-elections-2020/,Official FEC 2020 results compilation supplies the certified Florida Democratic presidential-primary roster and vote totals; DSA National endorsed Sanders on 2019-03-21 (https://www.dsausa.org/bernie-2020-dsa-endorsement-debate-process/).
us-president-dem-primary-2020-il-joseph-r-biden,us-president-dem-primary-2020-il,joseph-r-biden,Joseph R. Biden,Democratic,opponent,certified,Win,verified,https://www.fec.gov/introduction-campaign-finance/election-results-and-voting-information/federal-elections-2020/,Official FEC 2020 results compilation supplies the certified Illinois Democratic presidential-primary roster and vote totals; DSA National endorsed Sanders on 2019-03-21 (https://www.dsausa.org/bernie-2020-dsa-endorsement-debate-process/).
us-president-dem-primary-2020-il-bernie-sanders,us-president-dem-primary-2020-il,bernie-sanders,Bernie Sanders,Democratic,endorsed,certified,Loss,verified,https://www.fec.gov/introduction-campaign-finance/election-results-and-voting-information/federal-elections-2020/,Official FEC 2020 results compilation supplies the certified Illinois Democratic presidential-primary roster and vote totals; DSA National endorsed Sanders on 2019-03-21 (https://www.dsausa.org/bernie-2020-dsa-endorsement-debate-process/).
us-president-dem-primary-2020-il-michael-r-bloomberg,us-president-dem-primary-2020-il,michael-r-bloomberg,Michael R. Bloomberg,Democratic,opponent,certified,Loss,verified,https://www.fec.gov/introduction-campaign-finance/election-results-and-voting-information/federal-elections-2020/,Official FEC 2020 results compilation supplies the certified Illinois Democratic presidential-primary roster and vote totals; DSA National endorsed Sanders on 2019-03-21 (https://www.dsausa.org/bernie-2020-dsa-endorsement-debate-process/).
us-president-dem-primary-2020-il-elizabeth-warren,us-president-dem-primary-2020-il,elizabeth-warren,Elizabeth Warren,Democratic,opponent,certified,Loss,verified,https://www.fec.gov/introduction-campaign-finance/election-results-and-voting-information/federal-elections-2020/,Official FEC 2020 results compilation supplies the certified Illinois Democratic presidential-primary roster and vote totals; DSA National endorsed Sanders on 2019-03-21 (https://www.dsausa.org/bernie-2020-dsa-endorsement-debate-process/).
us-president-dem-primary-2020-il-pete-buttigieg,us-president-dem-primary-2020-il,pete-buttigieg,Pete Buttigieg,Democratic,opponent,certified,Loss,verified,https://www.fec.gov/introduction-campaign-finance/election-results-and-voting-information/federal-elections-2020/,Official FEC 2020 results compilation supplies the certified Illinois Democratic presidential-primary roster and vote totals; DSA National endorsed Sanders on 2019-03-21 (https://www.dsausa.org/bernie-2020-dsa-endorsement-debate-process/).
us-president-dem-primary-2020-il-tulsi-gabbard,us-president-dem-primary-2020-il,tulsi-gabbard,Tulsi Gabbard,Democratic,opponent,certified,Loss,verified,https://www.fec.gov/introduction-campaign-finance/election-results-and-voting-information/federal-elections-2020/,Official FEC 2020 results compilation supplies the certified Illinois Democratic presidential-primary roster and vote totals; DSA National endorsed Sanders on 2019-03-21 (https://www.dsausa.org/bernie-2020-dsa-endorsement-debate-process/).
us-president-dem-primary-2020-il-andrew-yang,us-president-dem-primary-2020-il,andrew-yang,Andrew Yang,Democratic,opponent,certified,Loss,verified,https://www.fec.gov/introduction-campaign-finance/election-results-and-voting-information/federal-elections-2020/,Official FEC 2020 results compilation supplies the certified Illinois Democratic presidential-primary roster and vote totals; DSA National endorsed Sanders on 2019-03-21 (https://www.dsausa.org/bernie-2020-dsa-endorsement-debate-process/).
us-president-dem-primary-2020-il-cory-booker,us-president-dem-primary-2020-il,cory-booker,Cory Booker,Democratic,opponent,certified,Loss,verified,https://www.fec.gov/introduction-campaign-finance/election-results-and-voting-information/federal-elections-2020/,Official FEC 2020 results compilation supplies the certified Illinois Democratic presidential-primary roster and vote totals; DSA National endorsed Sanders on 2019-03-21 (https://www.dsausa.org/bernie-2020-dsa-endorsement-debate-process/).
us-president-dem-primary-2020-il-tom-steyer,us-president-dem-primary-2020-il,tom-steyer,Tom Steyer,Democratic,opponent,certified,Loss,verified,https://www.fec.gov/introduction-campaign-finance/election-results-and-voting-information/federal-elections-2020/,Official FEC 2020 results compilation supplies the certified Illinois Democratic presidential-primary roster and vote totals; DSA National endorsed Sanders on 2019-03-21 (https://www.dsausa.org/bernie-2020-dsa-endorsement-debate-process/).
us-president-dem-primary-2020-il-deval-patrick,us-president-dem-primary-2020-il,deval-patrick,Deval Patrick,Democratic,opponent,certified,Loss,verified,https://www.fec.gov/introduction-campaign-finance/election-results-and-voting-information/federal-elections-2020/,Official FEC 2020 results compilation supplies the certified Illinois Democratic presidential-primary roster and vote totals; DSA National endorsed Sanders on 2019-03-21 (https://www.dsausa.org/bernie-2020-dsa-endorsement-debate-process/).
us-president-dem-primary-2020-il-michael-bennet,us-president-dem-primary-2020-il,michael-bennet,Michael Bennet,Democratic,opponent,certified,Loss,verified,https://www.fec.gov/introduction-campaign-finance/election-results-and-voting-information/federal-elections-2020/,Official FEC 2020 results compilation supplies the certified Illinois Democratic presidential-primary roster and vote totals; DSA National endorsed Sanders on 2019-03-21 (https://www.dsausa.org/bernie-2020-dsa-endorsement-debate-process/).
us-president-dem-primary-2020-il-john-k-delaney,us-president-dem-primary-2020-il,john-k-delaney,John K. Delaney,Democratic,opponent,certified,Loss,verified,https://www.fec.gov/introduction-campaign-finance/election-results-and-voting-information/federal-elections-2020/,Official FEC 2020 results compilation supplies the certified Illinois Democratic presidential-primary roster and vote totals; DSA National endorsed Sanders on 2019-03-21 (https://www.dsausa.org/bernie-2020-dsa-endorsement-debate-process/).
us-president-dem-primary-2020-wi-joe-biden,us-president-dem-primary-2020-wi,joe-biden,Joe Biden,Democratic,opponent,certified,Win,verified,https://www.fec.gov/introduction-campaign-finance/election-results-and-voting-information/federal-elections-2020/,Official FEC 2020 results compilation supplies the certified Wisconsin Democratic presidential-primary roster and vote totals; DSA National endorsed Sanders on 2019-03-21 (https://www.dsausa.org/bernie-2020-dsa-endorsement-debate-process/).
us-president-dem-primary-2020-wi-bernie-sanders,us-president-dem-primary-2020-wi,bernie-sanders,Bernie Sanders,Democratic,endorsed,certified,Loss,verified,https://www.fec.gov/introduction-campaign-finance/election-results-and-voting-information/federal-elections-2020/,Official FEC 2020 results compilation supplies the certified Wisconsin Democratic presidential-primary roster and vote totals; DSA National endorsed Sanders on 2019-03-21 (https://www.dsausa.org/bernie-2020-dsa-endorsement-debate-process/).
us-president-dem-primary-2020-wi-elizabeth-warren,us-president-dem-primary-2020-wi,elizabeth-warren,Elizabeth Warren,Democratic,opponent,certified,Loss,verified,https://www.fec.gov/introduction-campaign-finance/election-results-and-voting-information/federal-elections-2020/,Official FEC 2020 results compilation supplies the certified Wisconsin Democratic presidential-primary roster and vote totals; DSA National endorsed Sanders on 2019-03-21 (https://www.dsausa.org/bernie-2020-dsa-endorsement-debate-process/).
us-president-dem-primary-2020-wi-michael-r-bloomberg,us-president-dem-primary-2020-wi,michael-r-bloomberg,Michael R. Bloomberg,Democratic,opponent,certified,Loss,verified,https://www.fec.gov/introduction-campaign-finance/election-results-and-voting-information/federal-elections-2020/,Official FEC 2020 results compilation supplies the certified Wisconsin Democratic presidential-primary roster and vote totals; DSA National endorsed Sanders on 2019-03-21 (https://www.dsausa.org/bernie-2020-dsa-endorsement-debate-process/).
us-president-dem-primary-2020-wi-amy-klobuchar,us-president-dem-primary-2020-wi,amy-klobuchar,Amy Klobuchar,Democratic,opponent,certified,Loss,verified,https://www.fec.gov/introduction-campaign-finance/election-results-and-voting-information/federal-elections-2020/,Official FEC 2020 results compilation supplies the certified Wisconsin Democratic presidential-primary roster and vote totals; DSA National endorsed Sanders on 2019-03-21 (https://www.dsausa.org/bernie-2020-dsa-endorsement-debate-process/).
us-president-dem-primary-2020-wi-tulsi-gabbard,us-president-dem-primary-2020-wi,tulsi-gabbard,Tulsi Gabbard,Democratic,opponent,certified,Loss,verified,https://www.fec.gov/introduction-campaign-finance/election-results-and-voting-information/federal-elections-2020/,Official FEC 2020 results compilation supplies the certified Wisconsin Democratic presidential-primary roster and vote totals; DSA National endorsed Sanders on 2019-03-21 (https://www.dsausa.org/bernie-2020-dsa-endorsement-debate-process/).
us-president-dem-primary-2020-wi-pete-buttigieg,us-president-dem-primary-2020-wi,pete-buttigieg,Pete Buttigieg,Democratic,opponent,certified,Loss,verified,https://www.fec.gov/introduction-campaign-finance/election-results-and-voting-information/federal-elections-2020/,Official FEC 2020 results compilation supplies the certified Wisconsin Democratic presidential-primary roster and vote totals; DSA National endorsed Sanders on 2019-03-21 (https://www.dsausa.org/bernie-2020-dsa-endorsement-debate-process/).
us-president-dem-primary-2020-wi-uninstructed-delegate,us-president-dem-primary-2020-wi,uninstructed-delegate,Uninstructed Delegate,Democratic,opponent,certified,Loss,verified,https://www.fec.gov/introduction-campaign-finance/election-results-and-voting-information/federal-elections-2020/,Official FEC 2020 results compilation supplies the certified Wisconsin Democratic presidential-primary roster and vote totals; DSA National endorsed Sanders on 2019-03-21 (https://www.dsausa.org/bernie-2020-dsa-endorsement-debate-process/).
us-president-dem-primary-2020-wi-andrew-yang,us-president-dem-primary-2020-wi,andrew-yang,Andrew Yang,Democratic,opponent,certified,Loss,verified,https://www.fec.gov/introduction-campaign-finance/election-results-and-voting-information/federal-elections-2020/,Official FEC 2020 results compilation supplies the certified Wisconsin Democratic presidential-primary roster and vote totals; DSA National endorsed Sanders on 2019-03-21 (https://www.dsausa.org/bernie-2020-dsa-endorsement-debate-process/).
us-president-dem-primary-2020-wi-tom-steyer,us-president-dem-primary-2020-wi,tom-steyer,Tom Steyer,Democratic,opponent,certified,Loss,verified,https://www.fec.gov/introduction-campaign-finance/election-results-and-voting-information/federal-elections-2020/,Official FEC 2020 results compilation supplies the certified Wisconsin Democratic presidential-primary roster and vote totals; DSA National endorsed Sanders on 2019-03-21 (https://www.dsausa.org/bernie-2020-dsa-endorsement-debate-process/).
us-president-dem-primary-2020-wi-john-delaney,us-president-dem-primary-2020-wi,john-delaney,John Delaney,Democratic,opponent,certified,Loss,verified,https://www.fec.gov/introduction-campaign-finance/election-results-and-voting-information/federal-elections-2020/,Official FEC 2020 results compilation supplies the certified Wisconsin Democratic presidential-primary roster and vote totals; DSA National endorsed Sanders on 2019-03-21 (https://www.dsausa.org/bernie-2020-dsa-endorsement-debate-process/).
us-president-dem-primary-2020-wi-michael-bennet,us-president-dem-primary-2020-wi,michael-bennet,Michael Bennet,Democratic,opponent,certified,Loss,verified,https://www.fec.gov/introduction-campaign-finance/election-results-and-voting-information/federal-elections-2020/,Official FEC 2020 results compilation supplies the certified Wisconsin Democratic presidential-primary roster and vote totals; DSA National endorsed Sanders on 2019-03-21 (https://www.dsausa.org/bernie-2020-dsa-endorsement-debate-process/).
us-president-dem-primary-2020-wi-deval-patrick,us-president-dem-primary-2020-wi,deval-patrick,Deval Patrick,Democratic,opponent,certified,Loss,verified,https://www.fec.gov/introduction-campaign-finance/election-results-and-voting-information/federal-elections-2020/,Official FEC 2020 results compilation supplies the certified Wisconsin Democratic presidential-primary roster and vote totals; DSA National endorsed Sanders on 2019-03-21 (https://www.dsausa.org/bernie-2020-dsa-endorsement-debate-process/).
us-president-dem-primary-2020-ak-joseph-r-biden,us-president-dem-primary-2020-ak,joseph-r-biden,Joseph R. Biden,Democratic,opponent,certified,Win,verified,https://www.fec.gov/introduction-campaign-finance/election-results-and-voting-information/federal-elections-2020/,Official FEC 2020 results compilation supplies the certified Alaska Democratic presidential-primary roster and vote totals; DSA National endorsed Sanders on 2019-03-21 (https://www.dsausa.org/bernie-2020-dsa-endorsement-debate-process/).
us-president-dem-primary-2020-ak-bernie-sanders,us-president-dem-primary-2020-ak,bernie-sanders,Bernie Sanders,Democratic,endorsed,certified,Loss,verified,https://www.fec.gov/introduction-campaign-finance/election-results-and-voting-information/federal-elections-2020/,Official FEC 2020 results compilation supplies the certified Alaska Democratic presidential-primary roster and vote totals; DSA National endorsed Sanders on 2019-03-21 (https://www.dsausa.org/bernie-2020-dsa-endorsement-debate-process/).
us-president-dem-primary-2020-ak-elizabeth-warren,us-president-dem-primary-2020-ak,elizabeth-warren,Elizabeth Warren,Democratic,opponent,certified,Loss,verified,https://www.fec.gov/introduction-campaign-finance/election-results-and-voting-information/federal-elections-2020/,Official FEC 2020 results compilation supplies the certified Alaska Democratic presidential-primary roster and vote totals; DSA National endorsed Sanders on 2019-03-21 (https://www.dsausa.org/bernie-2020-dsa-endorsement-debate-process/).
us-president-dem-primary-2020-ak-pete-buttigieg,us-president-dem-primary-2020-ak,pete-buttigieg,Pete Buttigieg,Democratic,opponent,certified,Loss,verified,https://www.fec.gov/introduction-campaign-finance/election-results-and-voting-information/federal-elections-2020/,Official FEC 2020 results compilation supplies the certified Alaska Democratic presidential-primary roster and vote totals; DSA National endorsed Sanders on 2019-03-21 (https://www.dsausa.org/bernie-2020-dsa-endorsement-debate-process/).
us-president-dem-primary-2020-ak-amy-klobuchar,us-president-dem-primary-2020-ak,amy-klobuchar,Amy Klobuchar,Democratic,opponent,certified,Loss,verified,https://www.fec.gov/introduction-campaign-finance/election-results-and-voting-information/federal-elections-2020/,Official FEC 2020 results compilation supplies the certified Alaska Democratic presidential-primary roster and vote totals; DSA National endorsed Sanders on 2019-03-21 (https://www.dsausa.org/bernie-2020-dsa-endorsement-debate-process/).
us-president-dem-primary-2020-ak-tulsi-gabbard,us-president-dem-primary-2020-ak,tulsi-gabbard,Tulsi Gabbard,Democratic,opponent,certified,Loss,verified,https://www.fec.gov/introduction-campaign-finance/election-results-and-voting-information/federal-elections-2020/,Official FEC 2020 results compilation supplies the certified Alaska Democratic presidential-primary roster and vote totals; DSA National endorsed Sanders on 2019-03-21 (https://www.dsausa.org/bernie-2020-dsa-endorsement-debate-process/).
us-president-dem-primary-2020-ak-michael-r-bloomberg,us-president-dem-primary-2020-ak,michael-r-bloomberg,Michael R. Bloomberg,Democratic,opponent,certified,Loss,verified,https://www.fec.gov/introduction-campaign-finance/election-results-and-voting-information/federal-elections-2020/,Official FEC 2020 results compilation supplies the certified Alaska Democratic presidential-primary roster and vote totals; DSA National endorsed Sanders on 2019-03-21 (https://www.dsausa.org/bernie-2020-dsa-endorsement-debate-process/).
us-president-dem-primary-2020-ak-tom-steyer,us-president-dem-primary-2020-ak,tom-steyer,Tom Steyer,Democratic,opponent,certified,Loss,verified,https://www.fec.gov/introduction-campaign-finance/election-results-and-voting-information/federal-elections-2020/,Official FEC 2020 results compilation supplies the certified Alaska Democratic presidential-primary roster and vote totals; DSA National endorsed Sanders on 2019-03-21 (https://www.dsausa.org/bernie-2020-dsa-endorsement-debate-process/).
us-president-dem-primary-2020-ak-undeclared,us-president-dem-primary-2020-ak,undeclared,Undeclared,Democratic,opponent,certified,Loss,verified,https://www.fec.gov/introduction-campaign-finance/election-results-and-voting-information/federal-elections-2020/,Official FEC 2020 results compilation supplies the certified Alaska Democratic presidential-primary roster and vote totals; DSA National endorsed Sanders on 2019-03-21 (https://www.dsausa.org/bernie-2020-dsa-endorsement-debate-process/).
us-president-dem-primary-2020-oh-joseph-r-biden,us-president-dem-primary-2020-oh,joseph-r-biden,Joseph R. Biden,Democratic,opponent,certified,Win,verified,https://www.fec.gov/introduction-campaign-finance/election-results-and-voting-information/federal-elections-2020/,Official FEC 2020 results compilation supplies the certified Ohio Democratic presidential-primary roster and vote totals; DSA National endorsed Sanders on 2019-03-21 (https://www.dsausa.org/bernie-2020-dsa-endorsement-debate-process/).
us-president-dem-primary-2020-oh-bernie-sanders,us-president-dem-primary-2020-oh,bernie-sanders,Bernie Sanders,Democratic,endorsed,certified,Loss,verified,https://www.fec.gov/introduction-campaign-finance/election-results-and-voting-information/federal-elections-2020/,Official FEC 2020 results compilation supplies the certified Ohio Democratic presidential-primary roster and vote totals; DSA National endorsed Sanders on 2019-03-21 (https://www.dsausa.org/bernie-2020-dsa-endorsement-debate-process/).
us-president-dem-primary-2020-oh-elizabeth-warren,us-president-dem-primary-2020-oh,elizabeth-warren,Elizabeth Warren,Democratic,opponent,certified,Loss,verified,https://www.fec.gov/introduction-campaign-finance/election-results-and-voting-information/federal-elections-2020/,Official FEC 2020 results compilation supplies the certified Ohio Democratic presidential-primary roster and vote totals; DSA National endorsed Sanders on 2019-03-21 (https://www.dsausa.org/bernie-2020-dsa-endorsement-debate-process/).
us-president-dem-primary-2020-oh-michael-bloomberg,us-president-dem-primary-2020-oh,michael-bloomberg,Michael Bloomberg,Democratic,opponent,certified,Loss,verified,https://www.fec.gov/introduction-campaign-finance/election-results-and-voting-information/federal-elections-2020/,Official FEC 2020 results compilation supplies the certified Ohio Democratic presidential-primary roster and vote totals; DSA National endorsed Sanders on 2019-03-21 (https://www.dsausa.org/bernie-2020-dsa-endorsement-debate-process/).
us-president-dem-primary-2020-oh-pete-buttigieg,us-president-dem-primary-2020-oh,pete-buttigieg,Pete Buttigieg,Democratic,opponent,certified,Loss,verified,https://www.fec.gov/introduction-campaign-finance/election-results-and-voting-information/federal-elections-2020/,Official FEC 2020 results compilation supplies the certified Ohio Democratic presidential-primary roster and vote totals; DSA National endorsed Sanders on 2019-03-21 (https://www.dsausa.org/bernie-2020-dsa-endorsement-debate-process/).
us-president-dem-primary-2020-oh-amy-klobuchar,us-president-dem-primary-2020-oh,amy-klobuchar,Amy Klobuchar,Democratic,opponent,certified,Loss,verified,https://www.fec.gov/introduction-campaign-finance/election-results-and-voting-information/federal-elections-2020/,Official FEC 2020 results compilation supplies the certified Ohio Democratic presidential-primary roster and vote totals; DSA National endorsed Sanders on 2019-03-21 (https://www.dsausa.org/bernie-2020-dsa-endorsement-debate-process/).
us-president-dem-primary-2020-oh-tulsi-gabbard,us-president-dem-primary-2020-oh,tulsi-gabbard,Tulsi Gabbard,Democratic,opponent,certified,Loss,verified,https://www.fec.gov/introduction-campaign-finance/election-results-and-voting-information/federal-elections-2020/,Official FEC 2020 results compilation supplies the certified Ohio Democratic presidential-primary roster and vote totals; DSA National endorsed Sanders on 2019-03-21 (https://www.dsausa.org/bernie-2020-dsa-endorsement-debate-process/).
us-president-dem-primary-2020-oh-tom-steyer,us-president-dem-primary-2020-oh,tom-steyer,Tom Steyer,Democratic,opponent,certified,Loss,verified,https://www.fec.gov/introduction-campaign-finance/election-results-and-voting-information/federal-elections-2020/,Official FEC 2020 results compilation supplies the certified Ohio Democratic presidential-primary roster and vote totals; DSA National endorsed Sanders on 2019-03-21 (https://www.dsausa.org/bernie-2020-dsa-endorsement-debate-process/).
us-president-dem-primary-2020-oh-michael-bennet,us-president-dem-primary-2020-oh,michael-bennet,Michael Bennet,Democratic,opponent,certified,Loss,verified,https://www.fec.gov/introduction-campaign-finance/election-results-and-voting-information/federal-elections-2020/,Official FEC 2020 results compilation supplies the certified Ohio Democratic presidential-primary roster and vote totals; DSA National endorsed Sanders on 2019-03-21 (https://www.dsausa.org/bernie-2020-dsa-endorsement-debate-process/).
us-president-dem-primary-2020-oh-deval-patrick,us-president-dem-primary-2020-oh,deval-patrick,Deval Patrick,Democratic,opponent,certified,Loss,verified,https://www.fec.gov/introduction-campaign-finance/election-results-and-voting-information/federal-elections-2020/,Official FEC 2020 results compilation supplies the certified Ohio Democratic presidential-primary roster and vote totals; DSA National endorsed Sanders on 2019-03-21 (https://www.dsausa.org/bernie-2020-dsa-endorsement-debate-process/).
us-president-dem-primary-2020-ks-joseph-r-biden,us-president-dem-primary-2020-ks,joseph-r-biden,Joseph R. Biden,Democratic,opponent,certified,Win,verified,https://www.fec.gov/introduction-campaign-finance/election-results-and-voting-information/federal-elections-2020/,Official FEC 2020 results compilation supplies the certified Kansas Democratic presidential-primary roster and vote totals; DSA National endorsed Sanders on 2019-03-21 (https://www.dsausa.org/bernie-2020-dsa-endorsement-debate-process/).
us-president-dem-primary-2020-ks-bernie-sanders,us-president-dem-primary-2020-ks,bernie-sanders,Bernie Sanders,Democratic,endorsed,certified,Loss,verified,https://www.fec.gov/introduction-campaign-finance/election-results-and-voting-information/federal-elections-2020/,Official FEC 2020 results compilation supplies the certified Kansas Democratic presidential-primary roster and vote totals; DSA National endorsed Sanders on 2019-03-21 (https://www.dsausa.org/bernie-2020-dsa-endorsement-debate-process/).
us-president-dem-primary-2020-ks-elizabeth-warren,us-president-dem-primary-2020-ks,elizabeth-warren,Elizabeth Warren,Democratic,opponent,certified,Loss,verified,https://www.fec.gov/introduction-campaign-finance/election-results-and-voting-information/federal-elections-2020/,Official FEC 2020 results compilation supplies the certified Kansas Democratic presidential-primary roster and vote totals; DSA National endorsed Sanders on 2019-03-21 (https://www.dsausa.org/bernie-2020-dsa-endorsement-debate-process/).
us-president-dem-primary-2020-ks-uncommitted,us-president-dem-primary-2020-ks,uncommitted,Uncommitted,Democratic,opponent,certified,Loss,verified,https://www.fec.gov/introduction-campaign-finance/election-results-and-voting-information/federal-elections-2020/,Official FEC 2020 results compilation supplies the certified Kansas Democratic presidential-primary roster and vote totals; DSA National endorsed Sanders on 2019-03-21 (https://www.dsausa.org/bernie-2020-dsa-endorsement-debate-process/).
us-president-dem-primary-2020-ks-tulsi-gabbard,us-president-dem-primary-2020-ks,tulsi-gabbard,Tulsi Gabbard,Democratic,opponent,certified,Loss,verified,https://www.fec.gov/introduction-campaign-finance/election-results-and-voting-information/federal-elections-2020/,Official FEC 2020 results compilation supplies the certified Kansas Democratic presidential-primary roster and vote totals; DSA National endorsed Sanders on 2019-03-21 (https://www.dsausa.org/bernie-2020-dsa-endorsement-debate-process/).
us-president-dem-primary-2020-ne-joe-biden,us-president-dem-primary-2020-ne,joe-biden,Joe Biden,Democratic,opponent,certified,Win,verified,https://www.fec.gov/introduction-campaign-finance/election-results-and-voting-information/federal-elections-2020/,Official FEC 2020 results compilation supplies the certified Nebraska Democratic presidential-primary roster and vote totals; DSA National endorsed Sanders on 2019-03-21 (https://www.dsausa.org/bernie-2020-dsa-endorsement-debate-process/).
us-president-dem-primary-2020-ne-bernie-sanders,us-president-dem-primary-2020-ne,bernie-sanders,Bernie Sanders,Democratic,endorsed,certified,Loss,verified,https://www.fec.gov/introduction-campaign-finance/election-results-and-voting-information/federal-elections-2020/,Official FEC 2020 results compilation supplies the certified Nebraska Democratic presidential-primary roster and vote totals; DSA National endorsed Sanders on 2019-03-21 (https://www.dsausa.org/bernie-2020-dsa-endorsement-debate-process/).
us-president-dem-primary-2020-ne-elizabeth-warren,us-president-dem-primary-2020-ne,elizabeth-warren,Elizabeth Warren,Democratic,opponent,certified,Loss,verified,https://www.fec.gov/introduction-campaign-finance/election-results-and-voting-information/federal-elections-2020/,Official FEC 2020 results compilation supplies the certified Nebraska Democratic presidential-primary roster and vote totals; DSA National endorsed Sanders on 2019-03-21 (https://www.dsausa.org/bernie-2020-dsa-endorsement-debate-process/).
us-president-dem-primary-2020-ne-tulsi-gabbard,us-president-dem-primary-2020-ne,tulsi-gabbard,Tulsi Gabbard,Democratic,opponent,certified,Loss,verified,https://www.fec.gov/introduction-campaign-finance/election-results-and-voting-information/federal-elections-2020/,Official FEC 2020 results compilation supplies the certified Nebraska Democratic presidential-primary roster and vote totals; DSA National endorsed Sanders on 2019-03-21 (https://www.dsausa.org/bernie-2020-dsa-endorsement-debate-process/).
us-president-dem-primary-2020-or-joseph-r-biden,us-president-dem-primary-2020-or,joseph-r-biden,Joseph R. Biden,Democratic,opponent,certified,Win,verified,https://www.fec.gov/introduction-campaign-finance/election-results-and-voting-information/federal-elections-2020/,Official FEC 2020 results compilation supplies the certified Oregon Democratic presidential-primary roster and vote totals; DSA National endorsed Sanders on 2019-03-21 (https://www.dsausa.org/bernie-2020-dsa-endorsement-debate-process/).
us-president-dem-primary-2020-or-bernie-sanders,us-president-dem-primary-2020-or,bernie-sanders,Bernie Sanders,Democratic,endorsed,certified,Loss,verified,https://www.fec.gov/introduction-campaign-finance/election-results-and-voting-information/federal-elections-2020/,Official FEC 2020 results compilation supplies the certified Oregon Democratic presidential-primary roster and vote totals; DSA National endorsed Sanders on 2019-03-21 (https://www.dsausa.org/bernie-2020-dsa-endorsement-debate-process/).
us-president-dem-primary-2020-or-elizabeth-warren,us-president-dem-primary-2020-or,elizabeth-warren,Elizabeth Warren,Democratic,opponent,certified,Loss,verified,https://www.fec.gov/introduction-campaign-finance/election-results-and-voting-information/federal-elections-2020/,Official FEC 2020 results compilation supplies the certified Oregon Democratic presidential-primary roster and vote totals; DSA National endorsed Sanders on 2019-03-21 (https://www.dsausa.org/bernie-2020-dsa-endorsement-debate-process/).
us-president-dem-primary-2020-or-tulsi-gabbard,us-president-dem-primary-2020-or,tulsi-gabbard,Tulsi Gabbard,Democratic,opponent,certified,Loss,verified,https://www.fec.gov/introduction-campaign-finance/election-results-and-voting-information/federal-elections-2020/,Official FEC 2020 results compilation supplies the certified Oregon Democratic presidential-primary roster and vote totals; DSA National endorsed Sanders on 2019-03-21 (https://www.dsausa.org/bernie-2020-dsa-endorsement-debate-process/).
us-president-dem-primary-2020-or-miscellaneous,us-president-dem-primary-2020-or,miscellaneous,Miscellaneous,Democratic,opponent,certified,Loss,verified,https://www.fec.gov/introduction-campaign-finance/election-results-and-voting-information/federal-elections-2020/,Official FEC 2020 results compilation supplies the certified Oregon Democratic presidential-primary roster and vote totals; DSA National endorsed Sanders on 2019-03-21 (https://www.dsausa.org/bernie-2020-dsa-endorsement-debate-process/).
us-president-dem-primary-2020-dc-joseph-r-biden,us-president-dem-primary-2020-dc,joseph-r-biden,Joseph R. Biden,Democratic,opponent,certified,Win,verified,https://www.fec.gov/introduction-campaign-finance/election-results-and-voting-information/federal-elections-2020/,Official FEC 2020 results compilation supplies the certified District of Columbia Democratic presidential-primary roster and vote totals; DSA National endorsed Sanders on 2019-03-21 (https://www.dsausa.org/bernie-2020-dsa-endorsement-debate-process/).
us-president-dem-primary-2020-dc-elizabeth-warren,us-president-dem-primary-2020-dc,elizabeth-warren,Elizabeth Warren,Democratic,opponent,certified,Loss,verified,https://www.fec.gov/introduction-campaign-finance/election-results-and-voting-information/federal-elections-2020/,Official FEC 2020 results compilation supplies the certified District of Columbia Democratic presidential-primary roster and vote totals; DSA National endorsed Sanders on 2019-03-21 (https://www.dsausa.org/bernie-2020-dsa-endorsement-debate-process/).
us-president-dem-primary-2020-dc-bernie-sanders,us-president-dem-primary-2020-dc,bernie-sanders,Bernie Sanders,Democratic,endorsed,certified,Loss,verified,https://www.fec.gov/introduction-campaign-finance/election-results-and-voting-information/federal-elections-2020/,Official FEC 2020 results compilation supplies the certified District of Columbia Democratic presidential-primary roster and vote totals; DSA National endorsed Sanders on 2019-03-21 (https://www.dsausa.org/bernie-2020-dsa-endorsement-debate-process/).
us-president-dem-primary-2020-dc-scattered,us-president-dem-primary-2020-dc,scattered,Scattered,Democratic,opponent,certified,Loss,verified,https://www.fec.gov/introduction-campaign-finance/election-results-and-voting-information/federal-elections-2020/,Official FEC 2020 results compilation supplies the certified District of Columbia Democratic presidential-primary roster and vote totals; DSA National endorsed Sanders on 2019-03-21 (https://www.dsausa.org/bernie-2020-dsa-endorsement-debate-process/).
us-president-dem-primary-2020-dc-tulsi-gabbard,us-president-dem-primary-2020-dc,tulsi-gabbard,Tulsi Gabbard,Democratic,opponent,certified,Loss,verified,https://www.fec.gov/introduction-campaign-finance/election-results-and-voting-information/federal-elections-2020/,Official FEC 2020 results compilation supplies the certified District of Columbia Democratic presidential-primary roster and vote totals; DSA National endorsed Sanders on 2019-03-21 (https://www.dsausa.org/bernie-2020-dsa-endorsement-debate-process/).
us-president-dem-primary-2020-in-joseph-r-biden,us-president-dem-primary-2020-in,joseph-r-biden,Joseph R. Biden,Democratic,opponent,certified,Win,verified,https://www.fec.gov/introduction-campaign-finance/election-results-and-voting-information/federal-elections-2020/,Official FEC 2020 results compilation supplies the certified Indiana Democratic presidential-primary roster and vote totals; DSA National endorsed Sanders on 2019-03-21 (https://www.dsausa.org/bernie-2020-dsa-endorsement-debate-process/).
us-president-dem-primary-2020-in-bernie-sanders,us-president-dem-primary-2020-in,bernie-sanders,Bernie Sanders,Democratic,endorsed,certified,Loss,verified,https://www.fec.gov/introduction-campaign-finance/election-results-and-voting-information/federal-elections-2020/,Official FEC 2020 results compilation supplies the certified Indiana Democratic presidential-primary roster and vote totals; DSA National endorsed Sanders on 2019-03-21 (https://www.dsausa.org/bernie-2020-dsa-endorsement-debate-process/).
us-president-dem-primary-2020-in-pete-buttigieg,us-president-dem-primary-2020-in,pete-buttigieg,Pete Buttigieg,Democratic,opponent,certified,Loss,verified,https://www.fec.gov/introduction-campaign-finance/election-results-and-voting-information/federal-elections-2020/,Official FEC 2020 results compilation supplies the certified Indiana Democratic presidential-primary roster and vote totals; DSA National endorsed Sanders on 2019-03-21 (https://www.dsausa.org/bernie-2020-dsa-endorsement-debate-process/).
us-president-dem-primary-2020-in-elizabeth-warren,us-president-dem-primary-2020-in,elizabeth-warren,Elizabeth Warren,Democratic,opponent,certified,Loss,verified,https://www.fec.gov/introduction-campaign-finance/election-results-and-voting-information/federal-elections-2020/,Official FEC 2020 results compilation supplies the certified Indiana Democratic presidential-primary roster and vote totals; DSA National endorsed Sanders on 2019-03-21 (https://www.dsausa.org/bernie-2020-dsa-endorsement-debate-process/).
us-president-dem-primary-2020-in-michael-r-bloomberg,us-president-dem-primary-2020-in,michael-r-bloomberg,Michael R. Bloomberg,Democratic,opponent,certified,Loss,verified,https://www.fec.gov/introduction-campaign-finance/election-results-and-voting-information/federal-elections-2020/,Official FEC 2020 results compilation supplies the certified Indiana Democratic presidential-primary roster and vote totals; DSA National endorsed Sanders on 2019-03-21 (https://www.dsausa.org/bernie-2020-dsa-endorsement-debate-process/).
us-president-dem-primary-2020-in-andrew-yang,us-president-dem-primary-2020-in,andrew-yang,Andrew Yang,Democratic,opponent,certified,Loss,verified,https://www.fec.gov/introduction-campaign-finance/election-results-and-voting-information/federal-elections-2020/,Official FEC 2020 results compilation supplies the certified Indiana Democratic presidential-primary roster and vote totals; DSA National endorsed Sanders on 2019-03-21 (https://www.dsausa.org/bernie-2020-dsa-endorsement-debate-process/).
us-president-dem-primary-2020-in-amy-klobuchar,us-president-dem-primary-2020-in,amy-klobuchar,Amy Klobuchar,Democratic,opponent,certified,Loss,verified,https://www.fec.gov/introduction-campaign-finance/election-results-and-voting-information/federal-elections-2020/,Official FEC 2020 results compilation supplies the certified Indiana Democratic presidential-primary roster and vote totals; DSA National endorsed Sanders on 2019-03-21 (https://www.dsausa.org/bernie-2020-dsa-endorsement-debate-process/).
us-president-dem-primary-2020-in-tulsi-gabbard,us-president-dem-primary-2020-in,tulsi-gabbard,Tulsi Gabbard,Democratic,opponent,certified,Loss,verified,https://www.fec.gov/introduction-campaign-finance/election-results-and-voting-information/federal-elections-2020/,Official FEC 2020 results compilation supplies the certified Indiana Democratic presidential-primary roster and vote totals; DSA National endorsed Sanders on 2019-03-21 (https://www.dsausa.org/bernie-2020-dsa-endorsement-debate-process/).
us-president-dem-primary-2020-in-tom-steyer,us-president-dem-primary-2020-in,tom-steyer,Tom Steyer,Democratic,opponent,certified,Loss,verified,https://www.fec.gov/introduction-campaign-finance/election-results-and-voting-information/federal-elections-2020/,Official FEC 2020 results compilation supplies the certified Indiana Democratic presidential-primary roster and vote totals; DSA National endorsed Sanders on 2019-03-21 (https://www.dsausa.org/bernie-2020-dsa-endorsement-debate-process/).
us-president-dem-primary-2020-md-joe-biden,us-president-dem-primary-2020-md,joe-biden,Joe Biden,Democratic,opponent,certified,Win,verified,https://www.fec.gov/introduction-campaign-finance/election-results-and-voting-information/federal-elections-2020/,Official FEC 2020 results compilation supplies the certified Maryland Democratic presidential-primary roster and vote totals; DSA National endorsed Sanders on 2019-03-21 (https://www.dsausa.org/bernie-2020-dsa-endorsement-debate-process/).
us-president-dem-primary-2020-md-bernie-sanders,us-president-dem-primary-2020-md,bernie-sanders,Bernie Sanders,Democratic,endorsed,certified,Loss,verified,https://www.fec.gov/introduction-campaign-finance/election-results-and-voting-information/federal-elections-2020/,Official FEC 2020 results compilation supplies the certified Maryland Democratic presidential-primary roster and vote totals; DSA National endorsed Sanders on 2019-03-21 (https://www.dsausa.org/bernie-2020-dsa-endorsement-debate-process/).
us-president-dem-primary-2020-md-elizabeth-warren,us-president-dem-primary-2020-md,elizabeth-warren,Elizabeth Warren,Democratic,opponent,certified,Loss,verified,https://www.fec.gov/introduction-campaign-finance/election-results-and-voting-information/federal-elections-2020/,Official FEC 2020 results compilation supplies the certified Maryland Democratic presidential-primary roster and vote totals; DSA National endorsed Sanders on 2019-03-21 (https://www.dsausa.org/bernie-2020-dsa-endorsement-debate-process/).
us-president-dem-primary-2020-md-uncommitted,us-president-dem-primary-2020-md,uncommitted,Uncommitted,Democratic,opponent,certified,Loss,verified,https://www.fec.gov/introduction-campaign-finance/election-results-and-voting-information/federal-elections-2020/,Official FEC 2020 results compilation supplies the certified Maryland Democratic presidential-primary roster and vote totals; DSA National endorsed Sanders on 2019-03-21 (https://www.dsausa.org/bernie-2020-dsa-endorsement-debate-process/).
us-president-dem-primary-2020-md-pete-buttigieg,us-president-dem-primary-2020-md,pete-buttigieg,Pete Buttigieg,Democratic,opponent,certified,Loss,verified,https://www.fec.gov/introduction-campaign-finance/election-results-and-voting-information/federal-elections-2020/,Official FEC 2020 results compilation supplies the certified Maryland Democratic presidential-primary roster and vote totals; DSA National endorsed Sanders on 2019-03-21 (https://www.dsausa.org/bernie-2020-dsa-endorsement-debate-process/).
us-president-dem-primary-2020-md-michael-bloomberg,us-president-dem-primary-2020-md,michael-bloomberg,Michael Bloomberg,Democratic,opponent,certified,Loss,verified,https://www.fec.gov/introduction-campaign-finance/election-results-and-voting-information/federal-elections-2020/,Official FEC 2020 results compilation supplies the certified Maryland Democratic presidential-primary roster and vote totals; DSA National endorsed Sanders on 2019-03-21 (https://www.dsausa.org/bernie-2020-dsa-endorsement-debate-process/).
us-president-dem-primary-2020-md-andrew-yang,us-president-dem-primary-2020-md,andrew-yang,Andrew Yang,Democratic,opponent,certified,Loss,verified,https://www.fec.gov/introduction-campaign-finance/election-results-and-voting-information/federal-elections-2020/,Official FEC 2020 results compilation supplies the certified Maryland Democratic presidential-primary roster and vote totals; DSA National endorsed Sanders on 2019-03-21 (https://www.dsausa.org/bernie-2020-dsa-endorsement-debate-process/).
us-president-dem-primary-2020-md-amy-klobuchar,us-president-dem-primary-2020-md,amy-klobuchar,Amy Klobuchar,Democratic,opponent,certified,Loss,verified,https://www.fec.gov/introduction-campaign-finance/election-results-and-voting-information/federal-elections-2020/,Official FEC 2020 results compilation supplies the certified Maryland Democratic presidential-primary roster and vote totals; DSA National endorsed Sanders on 2019-03-21 (https://www.dsausa.org/bernie-2020-dsa-endorsement-debate-process/).
us-president-dem-primary-2020-md-tulsi-gabbard,us-president-dem-primary-2020-md,tulsi-gabbard,Tulsi Gabbard,Democratic,opponent,certified,Loss,verified,https://www.fec.gov/introduction-campaign-finance/election-results-and-voting-information/federal-elections-2020/,Official FEC 2020 results compilation supplies the certified Maryland Democratic presidential-primary roster and vote totals; DSA National endorsed Sanders on 2019-03-21 (https://www.dsausa.org/bernie-2020-dsa-endorsement-debate-process/).
us-president-dem-primary-2020-md-cory-booker,us-president-dem-primary-2020-md,cory-booker,Cory Booker,Democratic,opponent,certified,Loss,verified,https://www.fec.gov/introduction-campaign-finance/election-results-and-voting-information/federal-elections-2020/,Official FEC 2020 results compilation supplies the certified Maryland Democratic presidential-primary roster and vote totals; DSA National endorsed Sanders on 2019-03-21 (https://www.dsausa.org/bernie-2020-dsa-endorsement-debate-process/).
us-president-dem-primary-2020-md-michael-bennet,us-president-dem-primary-2020-md,michael-bennet,Michael Bennet,Democratic,opponent,certified,Loss,verified,https://www.fec.gov/introduction-campaign-finance/election-results-and-voting-information/federal-elections-2020/,Official FEC 2020 results compilation supplies the certified Maryland Democratic presidential-primary roster and vote totals; DSA National endorsed Sanders on 2019-03-21 (https://www.dsausa.org/bernie-2020-dsa-endorsement-debate-process/).
us-president-dem-primary-2020-md-marianne-williamson,us-president-dem-primary-2020-md,marianne-williamson,Marianne Williamson,Democratic,opponent,certified,Loss,verified,https://www.fec.gov/introduction-campaign-finance/election-results-and-voting-information/federal-elections-2020/,Official FEC 2020 results compilation supplies the certified Maryland Democratic presidential-primary roster and vote totals; DSA National endorsed Sanders on 2019-03-21 (https://www.dsausa.org/bernie-2020-dsa-endorsement-debate-process/).
us-president-dem-primary-2020-md-julian-castro,us-president-dem-primary-2020-md,julian-castro,Julian Castro,Democratic,opponent,certified,Loss,verified,https://www.fec.gov/introduction-campaign-finance/election-results-and-voting-information/federal-elections-2020/,Official FEC 2020 results compilation supplies the certified Maryland Democratic presidential-primary roster and vote totals; DSA National endorsed Sanders on 2019-03-21 (https://www.dsausa.org/bernie-2020-dsa-endorsement-debate-process/).
us-president-dem-primary-2020-md-tom-steyer,us-president-dem-primary-2020-md,tom-steyer,Tom Steyer,Democratic,opponent,certified,Loss,verified,https://www.fec.gov/introduction-campaign-finance/election-results-and-voting-information/federal-elections-2020/,Official FEC 2020 results compilation supplies the certified Maryland Democratic presidential-primary roster and vote totals; DSA National endorsed Sanders on 2019-03-21 (https://www.dsausa.org/bernie-2020-dsa-endorsement-debate-process/).
us-president-dem-primary-2020-md-deval-patrick,us-president-dem-primary-2020-md,deval-patrick,Deval Patrick,Democratic,opponent,certified,Loss,verified,https://www.fec.gov/introduction-campaign-finance/election-results-and-voting-information/federal-elections-2020/,Official FEC 2020 results compilation supplies the certified Maryland Democratic presidential-primary roster and vote totals; DSA National endorsed Sanders on 2019-03-21 (https://www.dsausa.org/bernie-2020-dsa-endorsement-debate-process/).
us-president-dem-primary-2020-mt-joseph-r-biden,us-president-dem-primary-2020-mt,joseph-r-biden,Joseph R. Biden,Democratic,opponent,certified,Win,verified,https://www.fec.gov/introduction-campaign-finance/election-results-and-voting-information/federal-elections-2020/,Official FEC 2020 results compilation supplies the certified Montana Democratic presidential-primary roster and vote totals; DSA National endorsed Sanders on 2019-03-21 (https://www.dsausa.org/bernie-2020-dsa-endorsement-debate-process/).
us-president-dem-primary-2020-mt-bernie-sanders,us-president-dem-primary-2020-mt,bernie-sanders,Bernie Sanders,Democratic,endorsed,certified,Loss,verified,https://www.fec.gov/introduction-campaign-finance/election-results-and-voting-information/federal-elections-2020/,Official FEC 2020 results compilation supplies the certified Montana Democratic presidential-primary roster and vote totals; DSA National endorsed Sanders on 2019-03-21 (https://www.dsausa.org/bernie-2020-dsa-endorsement-debate-process/).
us-president-dem-primary-2020-mt-elizabeth-warren,us-president-dem-primary-2020-mt,elizabeth-warren,Elizabeth Warren,Democratic,opponent,certified,Loss,verified,https://www.fec.gov/introduction-campaign-finance/election-results-and-voting-information/federal-elections-2020/,Official FEC 2020 results compilation supplies the certified Montana Democratic presidential-primary roster and vote totals; DSA National endorsed Sanders on 2019-03-21 (https://www.dsausa.org/bernie-2020-dsa-endorsement-debate-process/).
us-president-dem-primary-2020-mt-no-preference,us-president-dem-primary-2020-mt,no-preference,No Preference,Democratic,opponent,certified,Loss,verified,https://www.fec.gov/introduction-campaign-finance/election-results-and-voting-information/federal-elections-2020/,Official FEC 2020 results compilation supplies the certified Montana Democratic presidential-primary roster and vote totals; DSA National endorsed Sanders on 2019-03-21 (https://www.dsausa.org/bernie-2020-dsa-endorsement-debate-process/).
us-president-dem-primary-2020-nm-joseph-r-biden,us-president-dem-primary-2020-nm,joseph-r-biden,Joseph R. Biden,Democratic,opponent,certified,Win,verified,https://www.fec.gov/introduction-campaign-finance/election-results-and-voting-information/federal-elections-2020/,Official FEC 2020 results compilation supplies the certified New Mexico Democratic presidential-primary roster and vote totals; DSA National endorsed Sanders on 2019-03-21 (https://www.dsausa.org/bernie-2020-dsa-endorsement-debate-process/).
us-president-dem-primary-2020-nm-bernie-sanders,us-president-dem-primary-2020-nm,bernie-sanders,Bernie Sanders,Democratic,endorsed,certified,Loss,verified,https://www.fec.gov/introduction-campaign-finance/election-results-and-voting-information/federal-elections-2020/,Official FEC 2020 results compilation supplies the certified New Mexico Democratic presidential-primary roster and vote totals; DSA National endorsed Sanders on 2019-03-21 (https://www.dsausa.org/bernie-2020-dsa-endorsement-debate-process/).
us-president-dem-primary-2020-nm-elizabeth-warren,us-president-dem-primary-2020-nm,elizabeth-warren,Elizabeth Warren,Democratic,opponent,certified,Loss,verified,https://www.fec.gov/introduction-campaign-finance/election-results-and-voting-information/federal-elections-2020/,Official FEC 2020 results compilation supplies the certified New Mexico Democratic presidential-primary roster and vote totals; DSA National endorsed Sanders on 2019-03-21 (https://www.dsausa.org/bernie-2020-dsa-endorsement-debate-process/).
us-president-dem-primary-2020-nm-uncommitted-delegate,us-president-dem-primary-2020-nm,uncommitted-delegate,Uncommitted Delegate,Democratic,opponent,certified,Loss,verified,https://www.fec.gov/introduction-campaign-finance/election-results-and-voting-information/federal-elections-2020/,Official FEC 2020 results compilation supplies the certified New Mexico Democratic presidential-primary roster and vote totals; DSA National endorsed Sanders on 2019-03-21 (https://www.dsausa.org/bernie-2020-dsa-endorsement-debate-process/).
us-president-dem-primary-2020-nm-andrew-yang,us-president-dem-primary-2020-nm,andrew-yang,Andrew Yang,Democratic,opponent,certified,Loss,verified,https://www.fec.gov/introduction-campaign-finance/election-results-and-voting-information/federal-elections-2020/,Official FEC 2020 results compilation supplies the certified New Mexico Democratic presidential-primary roster and vote totals; DSA National endorsed Sanders on 2019-03-21 (https://www.dsausa.org/bernie-2020-dsa-endorsement-debate-process/).
us-president-dem-primary-2020-nm-tulsi-gabbard,us-president-dem-primary-2020-nm,tulsi-gabbard,Tulsi Gabbard,Democratic,opponent,certified,Loss,verified,https://www.fec.gov/introduction-campaign-finance/election-results-and-voting-information/federal-elections-2020/,Official FEC 2020 results compilation supplies the certified New Mexico Democratic presidential-primary roster and vote totals; DSA National endorsed Sanders on 2019-03-21 (https://www.dsausa.org/bernie-2020-dsa-endorsement-debate-process/).
us-president-dem-primary-2020-nm-deval-patrick,us-president-dem-primary-2020-nm,deval-patrick,Deval Patrick,Democratic,opponent,certified,Loss,verified,https://www.fec.gov/introduction-campaign-finance/election-results-and-voting-information/federal-elections-2020/,Official FEC 2020 results compilation supplies the certified New Mexico Democratic presidential-primary roster and vote totals; DSA National endorsed Sanders on 2019-03-21 (https://www.dsausa.org/bernie-2020-dsa-endorsement-debate-process/).
us-president-dem-primary-2020-ri-joseph-r-biden,us-president-dem-primary-2020-ri,joseph-r-biden,Joseph R. Biden,Democratic,opponent,certified,Win,verified,https://www.fec.gov/introduction-campaign-finance/election-results-and-voting-information/federal-elections-2020/,Official FEC 2020 results compilation supplies the certified Rhode Island Democratic presidential-primary roster and vote totals; DSA National endorsed Sanders on 2019-03-21 (https://www.dsausa.org/bernie-2020-dsa-endorsement-debate-process/).
us-president-dem-primary-2020-ri-bernie-sanders,us-president-dem-primary-2020-ri,bernie-sanders,Bernie Sanders,Democratic,endorsed,certified,Loss,verified,https://www.fec.gov/introduction-campaign-finance/election-results-and-voting-information/federal-elections-2020/,Official FEC 2020 results compilation supplies the certified Rhode Island Democratic presidential-primary roster and vote totals; DSA National endorsed Sanders on 2019-03-21 (https://www.dsausa.org/bernie-2020-dsa-endorsement-debate-process/).
us-president-dem-primary-2020-ri-elizabeth-ann-warren,us-president-dem-primary-2020-ri,elizabeth-ann-warren,Elizabeth Ann Warren,Democratic,opponent,certified,Loss,verified,https://www.fec.gov/introduction-campaign-finance/election-results-and-voting-information/federal-elections-2020/,Official FEC 2020 results compilation supplies the certified Rhode Island Democratic presidential-primary roster and vote totals; DSA National endorsed Sanders on 2019-03-21 (https://www.dsausa.org/bernie-2020-dsa-endorsement-debate-process/).
us-president-dem-primary-2020-ri-uncommitted,us-president-dem-primary-2020-ri,uncommitted,Uncommitted,Democratic,opponent,certified,Loss,verified,https://www.fec.gov/introduction-campaign-finance/election-results-and-voting-information/federal-elections-2020/,Official FEC 2020 results compilation supplies the certified Rhode Island Democratic presidential-primary roster and vote totals; DSA National endorsed Sanders on 2019-03-21 (https://www.dsausa.org/bernie-2020-dsa-endorsement-debate-process/).
us-president-dem-primary-2020-ri-andrew-yang,us-president-dem-primary-2020-ri,andrew-yang,Andrew Yang,Democratic,opponent,certified,Loss,verified,https://www.fec.gov/introduction-campaign-finance/election-results-and-voting-information/federal-elections-2020/,Official FEC 2020 results compilation supplies the certified Rhode Island Democratic presidential-primary roster and vote totals; DSA National endorsed Sanders on 2019-03-21 (https://www.dsausa.org/bernie-2020-dsa-endorsement-debate-process/).
us-president-dem-primary-2020-ri-tulsi-gabbard,us-president-dem-primary-2020-ri,tulsi-gabbard,Tulsi Gabbard,Democratic,opponent,certified,Loss,verified,https://www.fec.gov/introduction-campaign-finance/election-results-and-voting-information/federal-elections-2020/,Official FEC 2020 results compilation supplies the certified Rhode Island Democratic presidential-primary roster and vote totals; DSA National endorsed Sanders on 2019-03-21 (https://www.dsausa.org/bernie-2020-dsa-endorsement-debate-process/).
us-president-dem-primary-2020-sd-joseph-r-biden,us-president-dem-primary-2020-sd,joseph-r-biden,Joseph R. Biden,Democratic,opponent,certified,Win,verified,https://www.fec.gov/introduction-campaign-finance/election-results-and-voting-information/federal-elections-2020/,Official FEC 2020 results compilation supplies the certified South Dakota Democratic presidential-primary roster and vote totals; DSA National endorsed Sanders on 2019-03-21 (https://www.dsausa.org/bernie-2020-dsa-endorsement-debate-process/).
us-president-dem-primary-2020-sd-bernie-sanders,us-president-dem-primary-2020-sd,bernie-sanders,Bernie Sanders,Democratic,endorsed,certified,Loss,verified,https://www.fec.gov/introduction-campaign-finance/election-results-and-voting-information/federal-elections-2020/,Official FEC 2020 results compilation supplies the certified South Dakota Democratic presidential-primary roster and vote totals; DSA National endorsed Sanders on 2019-03-21 (https://www.dsausa.org/bernie-2020-dsa-endorsement-debate-process/).
us-president-dem-primary-2020-ga-joseph-r-biden,us-president-dem-primary-2020-ga,joseph-r-biden,Joseph R. Biden,Democratic,opponent,certified,Win,verified,https://www.fec.gov/introduction-campaign-finance/election-results-and-voting-information/federal-elections-2020/,Official FEC 2020 results compilation supplies the certified Georgia Democratic presidential-primary roster and vote totals; DSA National endorsed Sanders on 2019-03-21 (https://www.dsausa.org/bernie-2020-dsa-endorsement-debate-process/).
us-president-dem-primary-2020-ga-bernie-sanders,us-president-dem-primary-2020-ga,bernie-sanders,Bernie Sanders,Democratic,endorsed,certified,Loss,verified,https://www.fec.gov/introduction-campaign-finance/election-results-and-voting-information/federal-elections-2020/,Official FEC 2020 results compilation supplies the certified Georgia Democratic presidential-primary roster and vote totals; DSA National endorsed Sanders on 2019-03-21 (https://www.dsausa.org/bernie-2020-dsa-endorsement-debate-process/).
us-president-dem-primary-2020-ga-elizabeth-warren,us-president-dem-primary-2020-ga,elizabeth-warren,Elizabeth Warren,Democratic,opponent,certified,Loss,verified,https://www.fec.gov/introduction-campaign-finance/election-results-and-voting-information/federal-elections-2020/,Official FEC 2020 results compilation supplies the certified Georgia Democratic presidential-primary roster and vote totals; DSA National endorsed Sanders on 2019-03-21 (https://www.dsausa.org/bernie-2020-dsa-endorsement-debate-process/).
us-president-dem-primary-2020-ga-michael-r-bloomberg,us-president-dem-primary-2020-ga,michael-r-bloomberg,Michael R. Bloomberg,Democratic,opponent,certified,Loss,verified,https://www.fec.gov/introduction-campaign-finance/election-results-and-voting-information/federal-elections-2020/,Official FEC 2020 results compilation supplies the certified Georgia Democratic presidential-primary roster and vote totals; DSA National endorsed Sanders on 2019-03-21 (https://www.dsausa.org/bernie-2020-dsa-endorsement-debate-process/).
us-president-dem-primary-2020-ga-andrew-yang,us-president-dem-primary-2020-ga,andrew-yang,Andrew Yang,Democratic,opponent,certified,Loss,verified,https://www.fec.gov/introduction-campaign-finance/election-results-and-voting-information/federal-elections-2020/,Official FEC 2020 results compilation supplies the certified Georgia Democratic presidential-primary roster and vote totals; DSA National endorsed Sanders on 2019-03-21 (https://www.dsausa.org/bernie-2020-dsa-endorsement-debate-process/).
us-president-dem-primary-2020-ga-pete-buttigieg,us-president-dem-primary-2020-ga,pete-buttigieg,Pete Buttigieg,Democratic,opponent,certified,Loss,verified,https://www.fec.gov/introduction-campaign-finance/election-results-and-voting-information/federal-elections-2020/,Official FEC 2020 results compilation supplies the certified Georgia Democratic presidential-primary roster and vote totals; DSA National endorsed Sanders on 2019-03-21 (https://www.dsausa.org/bernie-2020-dsa-endorsement-debate-process/).
us-president-dem-primary-2020-ga-michael-bennet,us-president-dem-primary-2020-ga,michael-bennet,Michael Bennet,Democratic,opponent,certified,Loss,verified,https://www.fec.gov/introduction-campaign-finance/election-results-and-voting-information/federal-elections-2020/,Official FEC 2020 results compilation supplies the certified Georgia Democratic presidential-primary roster and vote totals; DSA National endorsed Sanders on 2019-03-21 (https://www.dsausa.org/bernie-2020-dsa-endorsement-debate-process/).
us-president-dem-primary-2020-ga-amy-klobuchar,us-president-dem-primary-2020-ga,amy-klobuchar,Amy Klobuchar,Democratic,opponent,certified,Loss,verified,https://www.fec.gov/introduction-campaign-finance/election-results-and-voting-information/federal-elections-2020/,Official FEC 2020 results compilation supplies the certified Georgia Democratic presidential-primary roster and vote totals; DSA National endorsed Sanders on 2019-03-21 (https://www.dsausa.org/bernie-2020-dsa-endorsement-debate-process/).
us-president-dem-primary-2020-ga-tulsi-gabbard,us-president-dem-primary-2020-ga,tulsi-gabbard,Tulsi Gabbard,Democratic,opponent,certified,Loss,verified,https://www.fec.gov/introduction-campaign-finance/election-results-and-voting-information/federal-elections-2020/,Official FEC 2020 results compilation supplies the certified Georgia Democratic presidential-primary roster and vote totals; DSA National endorsed Sanders on 2019-03-21 (https://www.dsausa.org/bernie-2020-dsa-endorsement-debate-process/).
us-president-dem-primary-2020-ga-tom-steyer,us-president-dem-primary-2020-ga,tom-steyer,Tom Steyer,Democratic,opponent,certified,Loss,verified,https://www.fec.gov/introduction-campaign-finance/election-results-and-voting-information/federal-elections-2020/,Official FEC 2020 results compilation supplies the certified Georgia Democratic presidential-primary roster and vote totals; DSA National endorsed Sanders on 2019-03-21 (https://www.dsausa.org/bernie-2020-dsa-endorsement-debate-process/).
us-president-dem-primary-2020-ga-john-k-delaney,us-president-dem-primary-2020-ga,john-k-delaney,John K. Delaney,Democratic,opponent,certified,Loss,verified,https://www.fec.gov/introduction-campaign-finance/election-results-and-voting-information/federal-elections-2020/,Official FEC 2020 results compilation supplies the certified Georgia Democratic presidential-primary roster and vote totals; DSA National endorsed Sanders on 2019-03-21 (https://www.dsausa.org/bernie-2020-dsa-endorsement-debate-process/).
us-president-dem-primary-2020-ga-deval-patrick,us-president-dem-primary-2020-ga,deval-patrick,Deval Patrick,Democratic,opponent,certified,Loss,verified,https://www.fec.gov/introduction-campaign-finance/election-results-and-voting-information/federal-elections-2020/,Official FEC 2020 results compilation supplies the certified Georgia Democratic presidential-primary roster and vote totals; DSA National endorsed Sanders on 2019-03-21 (https://www.dsausa.org/bernie-2020-dsa-endorsement-debate-process/).
us-president-dem-primary-2020-wv-joseph-r-biden,us-president-dem-primary-2020-wv,joseph-r-biden,Joseph R. Biden,Democratic,opponent,certified,Win,verified,https://www.fec.gov/introduction-campaign-finance/election-results-and-voting-information/federal-elections-2020/,Official FEC 2020 results compilation supplies the certified West Virginia Democratic presidential-primary roster and vote totals; DSA National endorsed Sanders on 2019-03-21 (https://www.dsausa.org/bernie-2020-dsa-endorsement-debate-process/).
us-president-dem-primary-2020-wv-bernie-sanders,us-president-dem-primary-2020-wv,bernie-sanders,Bernie Sanders,Democratic,endorsed,certified,Loss,verified,https://www.fec.gov/introduction-campaign-finance/election-results-and-voting-information/federal-elections-2020/,Official FEC 2020 results compilation supplies the certified West Virginia Democratic presidential-primary roster and vote totals; DSA National endorsed Sanders on 2019-03-21 (https://www.dsausa.org/bernie-2020-dsa-endorsement-debate-process/).
us-president-dem-primary-2020-wv-david-lee-rice,us-president-dem-primary-2020-wv,david-lee-rice,David Lee Rice,Democratic,opponent,certified,Loss,verified,https://www.fec.gov/introduction-campaign-finance/election-results-and-voting-information/federal-elections-2020/,Official FEC 2020 results compilation supplies the certified West Virginia Democratic presidential-primary roster and vote totals; DSA National endorsed Sanders on 2019-03-21 (https://www.dsausa.org/bernie-2020-dsa-endorsement-debate-process/).
us-president-dem-primary-2020-wv-elizabeth-warren,us-president-dem-primary-2020-wv,elizabeth-warren,Elizabeth Warren,Democratic,opponent,certified,Loss,verified,https://www.fec.gov/introduction-campaign-finance/election-results-and-voting-information/federal-elections-2020/,Official FEC 2020 results compilation supplies the certified West Virginia Democratic presidential-primary roster and vote totals; DSA National endorsed Sanders on 2019-03-21 (https://www.dsausa.org/bernie-2020-dsa-endorsement-debate-process/).
us-president-dem-primary-2020-wv-tulsi-gabbard,us-president-dem-primary-2020-wv,tulsi-gabbard,Tulsi Gabbard,Democratic,opponent,certified,Loss,verified,https://www.fec.gov/introduction-campaign-finance/election-results-and-voting-information/federal-elections-2020/,Official FEC 2020 results compilation supplies the certified West Virginia Democratic presidential-primary roster and vote totals; DSA National endorsed Sanders on 2019-03-21 (https://www.dsausa.org/bernie-2020-dsa-endorsement-debate-process/).
us-president-dem-primary-2020-wv-michael-r-bloomberg,us-president-dem-primary-2020-wv,michael-r-bloomberg,Michael R. Bloomberg,Democratic,opponent,certified,Loss,verified,https://www.fec.gov/introduction-campaign-finance/election-results-and-voting-information/federal-elections-2020/,Official FEC 2020 results compilation supplies the certified West Virginia Democratic presidential-primary roster and vote totals; DSA National endorsed Sanders on 2019-03-21 (https://www.dsausa.org/bernie-2020-dsa-endorsement-debate-process/).
us-president-dem-primary-2020-wv-pete-buttigieg,us-president-dem-primary-2020-wv,pete-buttigieg,Pete Buttigieg,Democratic,opponent,certified,Loss,verified,https://www.fec.gov/introduction-campaign-finance/election-results-and-voting-information/federal-elections-2020/,Official FEC 2020 results compilation supplies the certified West Virginia Democratic presidential-primary roster and vote totals; DSA National endorsed Sanders on 2019-03-21 (https://www.dsausa.org/bernie-2020-dsa-endorsement-debate-process/).
us-president-dem-primary-2020-wv-amy-klobuchar,us-president-dem-primary-2020-wv,amy-klobuchar,Amy Klobuchar,Democratic,opponent,certified,Loss,verified,https://www.fec.gov/introduction-campaign-finance/election-results-and-voting-information/federal-elections-2020/,Official FEC 2020 results compilation supplies the certified West Virginia Democratic presidential-primary roster and vote totals; DSA National endorsed Sanders on 2019-03-21 (https://www.dsausa.org/bernie-2020-dsa-endorsement-debate-process/).
us-president-dem-primary-2020-wv-andrew-yang,us-president-dem-primary-2020-wv,andrew-yang,Andrew Yang,Democratic,opponent,certified,Loss,verified,https://www.fec.gov/introduction-campaign-finance/election-results-and-voting-information/federal-elections-2020/,Official FEC 2020 results compilation supplies the certified West Virginia Democratic presidential-primary roster and vote totals; DSA National endorsed Sanders on 2019-03-21 (https://www.dsausa.org/bernie-2020-dsa-endorsement-debate-process/).
us-president-dem-primary-2020-wv-michael-bennet,us-president-dem-primary-2020-wv,michael-bennet,Michael Bennet,Democratic,opponent,certified,Loss,verified,https://www.fec.gov/introduction-campaign-finance/election-results-and-voting-information/federal-elections-2020/,Official FEC 2020 results compilation supplies the certified West Virginia Democratic presidential-primary roster and vote totals; DSA National endorsed Sanders on 2019-03-21 (https://www.dsausa.org/bernie-2020-dsa-endorsement-debate-process/).
us-president-dem-primary-2020-wv-tom-steyer,us-president-dem-primary-2020-wv,tom-steyer,Tom Steyer,Democratic,opponent,certified,Loss,verified,https://www.fec.gov/introduction-campaign-finance/election-results-and-voting-information/federal-elections-2020/,Official FEC 2020 results compilation supplies the certified West Virginia Democratic presidential-primary roster and vote totals; DSA National endorsed Sanders on 2019-03-21 (https://www.dsausa.org/bernie-2020-dsa-endorsement-debate-process/).
us-president-dem-primary-2020-wv-deval-patrick,us-president-dem-primary-2020-wv,deval-patrick,Deval Patrick,Democratic,opponent,certified,Loss,verified,https://www.fec.gov/introduction-campaign-finance/election-results-and-voting-information/federal-elections-2020/,Official FEC 2020 results compilation supplies the certified West Virginia Democratic presidential-primary roster and vote totals; DSA National endorsed Sanders on 2019-03-21 (https://www.dsausa.org/bernie-2020-dsa-endorsement-debate-process/).
us-president-dem-primary-2020-ky-joseph-r-biden,us-president-dem-primary-2020-ky,joseph-r-biden,Joseph R. Biden,Democratic,opponent,certified,Win,verified,https://www.fec.gov/introduction-campaign-finance/election-results-and-voting-information/federal-elections-2020/,Official FEC 2020 results compilation supplies the certified Kentucky Democratic presidential-primary roster and vote totals; DSA National endorsed Sanders on 2019-03-21 (https://www.dsausa.org/bernie-2020-dsa-endorsement-debate-process/).
us-president-dem-primary-2020-ky-bernie-sanders,us-president-dem-primary-2020-ky,bernie-sanders,Bernie Sanders,Democratic,endorsed,certified,Loss,verified,https://www.fec.gov/introduction-campaign-finance/election-results-and-voting-information/federal-elections-2020/,Official FEC 2020 results compilation supplies the certified Kentucky Democratic presidential-primary roster and vote totals; DSA National endorsed Sanders on 2019-03-21 (https://www.dsausa.org/bernie-2020-dsa-endorsement-debate-process/).
us-president-dem-primary-2020-ky-uncommitted,us-president-dem-primary-2020-ky,uncommitted,"""Uncommitted""",Democratic,opponent,certified,Loss,verified,https://www.fec.gov/introduction-campaign-finance/election-results-and-voting-information/federal-elections-2020/,Official FEC 2020 results compilation supplies the certified Kentucky Democratic presidential-primary roster and vote totals; DSA National endorsed Sanders on 2019-03-21 (https://www.dsausa.org/bernie-2020-dsa-endorsement-debate-process/).
us-president-dem-primary-2020-ky-elizabeth-warren,us-president-dem-primary-2020-ky,elizabeth-warren,Elizabeth Warren,Democratic,opponent,certified,Loss,verified,https://www.fec.gov/introduction-campaign-finance/election-results-and-voting-information/federal-elections-2020/,Official FEC 2020 results compilation supplies the certified Kentucky Democratic presidential-primary roster and vote totals; DSA National endorsed Sanders on 2019-03-21 (https://www.dsausa.org/bernie-2020-dsa-endorsement-debate-process/).
us-president-dem-primary-2020-ky-pete-buttigieg,us-president-dem-primary-2020-ky,pete-buttigieg,Pete Buttigieg,Democratic,opponent,certified,Loss,verified,https://www.fec.gov/introduction-campaign-finance/election-results-and-voting-information/federal-elections-2020/,Official FEC 2020 results compilation supplies the certified Kentucky Democratic presidential-primary roster and vote totals; DSA National endorsed Sanders on 2019-03-21 (https://www.dsausa.org/bernie-2020-dsa-endorsement-debate-process/).
us-president-dem-primary-2020-ky-andrew-yang,us-president-dem-primary-2020-ky,andrew-yang,Andrew Yang,Democratic,opponent,certified,Loss,verified,https://www.fec.gov/introduction-campaign-finance/election-results-and-voting-information/federal-elections-2020/,Official FEC 2020 results compilation supplies the certified Kentucky Democratic presidential-primary roster and vote totals; DSA National endorsed Sanders on 2019-03-21 (https://www.dsausa.org/bernie-2020-dsa-endorsement-debate-process/).
us-president-dem-primary-2020-ky-tulsi-gabbard,us-president-dem-primary-2020-ky,tulsi-gabbard,Tulsi Gabbard,Democratic,opponent,certified,Loss,verified,https://www.fec.gov/introduction-campaign-finance/election-results-and-voting-information/federal-elections-2020/,Official FEC 2020 results compilation supplies the certified Kentucky Democratic presidential-primary roster and vote totals; DSA National endorsed Sanders on 2019-03-21 (https://www.dsausa.org/bernie-2020-dsa-endorsement-debate-process/).
us-president-dem-primary-2020-ky-amy-klobuchar,us-president-dem-primary-2020-ky,amy-klobuchar,Amy Klobuchar,Democratic,opponent,certified,Loss,verified,https://www.fec.gov/introduction-campaign-finance/election-results-and-voting-information/federal-elections-2020/,Official FEC 2020 results compilation supplies the certified Kentucky Democratic presidential-primary roster and vote totals; DSA National endorsed Sanders on 2019-03-21 (https://www.dsausa.org/bernie-2020-dsa-endorsement-debate-process/).
us-president-dem-primary-2020-ky-tom-steyer,us-president-dem-primary-2020-ky,tom-steyer,Tom Steyer,Democratic,opponent,certified,Loss,verified,https://www.fec.gov/introduction-campaign-finance/election-results-and-voting-information/federal-elections-2020/,Official FEC 2020 results compilation supplies the certified Kentucky Democratic presidential-primary roster and vote totals; DSA National endorsed Sanders on 2019-03-21 (https://www.dsausa.org/bernie-2020-dsa-endorsement-debate-process/).
us-president-dem-primary-2020-ky-michael-bennet,us-president-dem-primary-2020-ky,michael-bennet,Michael Bennet,Democratic,opponent,certified,Loss,verified,https://www.fec.gov/introduction-campaign-finance/election-results-and-voting-information/federal-elections-2020/,Official FEC 2020 results compilation supplies the certified Kentucky Democratic presidential-primary roster and vote totals; DSA National endorsed Sanders on 2019-03-21 (https://www.dsausa.org/bernie-2020-dsa-endorsement-debate-process/).
us-president-dem-primary-2020-ky-deval-patrick,us-president-dem-primary-2020-ky,deval-patrick,Deval Patrick,Democratic,opponent,certified,Loss,verified,https://www.fec.gov/introduction-campaign-finance/election-results-and-voting-information/federal-elections-2020/,Official FEC 2020 results compilation supplies the certified Kentucky Democratic presidential-primary roster and vote totals; DSA National endorsed Sanders on 2019-03-21 (https://www.dsausa.org/bernie-2020-dsa-endorsement-debate-process/).
us-president-dem-primary-2020-ny-joseph-r-biden,us-president-dem-primary-2020-ny,joseph-r-biden,Joseph R. Biden,Democratic,opponent,certified,Win,verified,https://www.fec.gov/introduction-campaign-finance/election-results-and-voting-information/federal-elections-2020/,Official FEC 2020 results compilation supplies the certified New York Democratic presidential-primary roster and vote totals; DSA National endorsed Sanders on 2019-03-21 (https://www.dsausa.org/bernie-2020-dsa-endorsement-debate-process/).
us-president-dem-primary-2020-ny-bernie-sanders,us-president-dem-primary-2020-ny,bernie-sanders,Bernie Sanders,Democratic,endorsed,certified,Loss,verified,https://www.fec.gov/introduction-campaign-finance/election-results-and-voting-information/federal-elections-2020/,Official FEC 2020 results compilation supplies the certified New York Democratic presidential-primary roster and vote totals; DSA National endorsed Sanders on 2019-03-21 (https://www.dsausa.org/bernie-2020-dsa-endorsement-debate-process/).
us-president-dem-primary-2020-ny-elizabeth-warren,us-president-dem-primary-2020-ny,elizabeth-warren,Elizabeth Warren,Democratic,opponent,certified,Loss,verified,https://www.fec.gov/introduction-campaign-finance/election-results-and-voting-information/federal-elections-2020/,Official FEC 2020 results compilation supplies the certified New York Democratic presidential-primary roster and vote totals; DSA National endorsed Sanders on 2019-03-21 (https://www.dsausa.org/bernie-2020-dsa-endorsement-debate-process/).
us-president-dem-primary-2020-ny-michael-r-bloomberg,us-president-dem-primary-2020-ny,michael-r-bloomberg,Michael R. Bloomberg,Democratic,opponent,certified,Loss,verified,https://www.fec.gov/introduction-campaign-finance/election-results-and-voting-information/federal-elections-2020/,Official FEC 2020 results compilation supplies the certified New York Democratic presidential-primary roster and vote totals; DSA National endorsed Sanders on 2019-03-21 (https://www.dsausa.org/bernie-2020-dsa-endorsement-debate-process/).
us-president-dem-primary-2020-ny-pete-buttigieg,us-president-dem-primary-2020-ny,pete-buttigieg,Pete Buttigieg,Democratic,opponent,certified,Loss,verified,https://www.fec.gov/introduction-campaign-finance/election-results-and-voting-information/federal-elections-2020/,Official FEC 2020 results compilation supplies the certified New York Democratic presidential-primary roster and vote totals; DSA National endorsed Sanders on 2019-03-21 (https://www.dsausa.org/bernie-2020-dsa-endorsement-debate-process/).
us-president-dem-primary-2020-ny-andrew-yang,us-president-dem-primary-2020-ny,andrew-yang,Andrew Yang,Democratic,opponent,certified,Loss,verified,https://www.fec.gov/introduction-campaign-finance/election-results-and-voting-information/federal-elections-2020/,Official FEC 2020 results compilation supplies the certified New York Democratic presidential-primary roster and vote totals; DSA National endorsed Sanders on 2019-03-21 (https://www.dsausa.org/bernie-2020-dsa-endorsement-debate-process/).
us-president-dem-primary-2020-ny-amy-klobuchar,us-president-dem-primary-2020-ny,amy-klobuchar,Amy Klobuchar,Democratic,opponent,certified,Loss,verified,https://www.fec.gov/introduction-campaign-finance/election-results-and-voting-information/federal-elections-2020/,Official FEC 2020 results compilation supplies the certified New York Democratic presidential-primary roster and vote totals; DSA National endorsed Sanders on 2019-03-21 (https://www.dsausa.org/bernie-2020-dsa-endorsement-debate-process/).
us-president-dem-primary-2020-ny-tulsi-gabbard,us-president-dem-primary-2020-ny,tulsi-gabbard,Tulsi Gabbard,Democratic,opponent,certified,Loss,verified,https://www.fec.gov/introduction-campaign-finance/election-results-and-voting-information/federal-elections-2020/,Official FEC 2020 results compilation supplies the certified New York Democratic presidential-primary roster and vote totals; DSA National endorsed Sanders on 2019-03-21 (https://www.dsausa.org/bernie-2020-dsa-endorsement-debate-process/).
us-president-dem-primary-2020-ny-deval-patrick,us-president-dem-primary-2020-ny,deval-patrick,Deval Patrick,Democratic,opponent,certified,Loss,verified,https://www.fec.gov/introduction-campaign-finance/election-results-and-voting-information/federal-elections-2020/,Official FEC 2020 results compilation supplies the certified New York Democratic presidential-primary roster and vote totals; DSA National endorsed Sanders on 2019-03-21 (https://www.dsausa.org/bernie-2020-dsa-endorsement-debate-process/).
us-president-dem-primary-2020-ny-michael-bennet,us-president-dem-primary-2020-ny,michael-bennet,Michael Bennet,Democratic,opponent,certified,Loss,verified,https://www.fec.gov/introduction-campaign-finance/election-results-and-voting-information/federal-elections-2020/,Official FEC 2020 results compilation supplies the certified New York Democratic presidential-primary roster and vote totals; DSA National endorsed Sanders on 2019-03-21 (https://www.dsausa.org/bernie-2020-dsa-endorsement-debate-process/).
us-president-dem-primary-2020-ny-tom-steyer,us-president-dem-primary-2020-ny,tom-steyer,Tom Steyer,Democratic,opponent,certified,Loss,verified,https://www.fec.gov/introduction-campaign-finance/election-results-and-voting-information/federal-elections-2020/,Official FEC 2020 results compilation supplies the certified New York Democratic presidential-primary roster and vote totals; DSA National endorsed Sanders on 2019-03-21 (https://www.dsausa.org/bernie-2020-dsa-endorsement-debate-process/).
us-president-dem-primary-2020-de-joseph-r-biden,us-president-dem-primary-2020-de,joseph-r-biden,Joseph R. Biden,Democratic,opponent,certified,Win,verified,https://www.fec.gov/introduction-campaign-finance/election-results-and-voting-information/federal-elections-2020/,Official FEC 2020 results compilation supplies the certified Delaware Democratic presidential-primary roster and vote totals; DSA National endorsed Sanders on 2019-03-21 (https://www.dsausa.org/bernie-2020-dsa-endorsement-debate-process/).
us-president-dem-primary-2020-de-bernie-sanders,us-president-dem-primary-2020-de,bernie-sanders,Bernie Sanders,Democratic,endorsed,certified,Loss,verified,https://www.fec.gov/introduction-campaign-finance/election-results-and-voting-information/federal-elections-2020/,Official FEC 2020 results compilation supplies the certified Delaware Democratic presidential-primary roster and vote totals; DSA National endorsed Sanders on 2019-03-21 (https://www.dsausa.org/bernie-2020-dsa-endorsement-debate-process/).
us-president-dem-primary-2020-de-elizabeth-warren,us-president-dem-primary-2020-de,elizabeth-warren,Elizabeth Warren,Democratic,opponent,certified,Loss,verified,https://www.fec.gov/introduction-campaign-finance/election-results-and-voting-information/federal-elections-2020/,Official FEC 2020 results compilation supplies the certified Delaware Democratic presidential-primary roster and vote totals; DSA National endorsed Sanders on 2019-03-21 (https://www.dsausa.org/bernie-2020-dsa-endorsement-debate-process/).
us-president-dem-primary-2020-nj-joseph-r-biden,us-president-dem-primary-2020-nj,joseph-r-biden,Joseph R. Biden,Democratic,opponent,certified,Win,verified,https://www.fec.gov/introduction-campaign-finance/election-results-and-voting-information/federal-elections-2020/,Official FEC 2020 results compilation supplies the certified New Jersey Democratic presidential-primary roster and vote totals; DSA National endorsed Sanders on 2019-03-21 (https://www.dsausa.org/bernie-2020-dsa-endorsement-debate-process/).
us-president-dem-primary-2020-nj-bernie-sanders,us-president-dem-primary-2020-nj,bernie-sanders,Bernie Sanders,Democratic,endorsed,certified,Loss,verified,https://www.fec.gov/introduction-campaign-finance/election-results-and-voting-information/federal-elections-2020/,Official FEC 2020 results compilation supplies the certified New Jersey Democratic presidential-primary roster and vote totals; DSA National endorsed Sanders on 2019-03-21 (https://www.dsausa.org/bernie-2020-dsa-endorsement-debate-process/).
us-president-dem-primary-2020-pr-joseph-r-biden,us-president-dem-primary-2020-pr,joseph-r-biden,Joseph R. Biden,Democratic,opponent,certified,Win,verified,https://www.fec.gov/introduction-campaign-finance/election-results-and-voting-information/federal-elections-2020/,Official FEC 2020 results compilation supplies the certified Puerto Rico Democratic presidential-primary roster and vote totals; DSA National endorsed Sanders on 2019-03-21 (https://www.dsausa.org/bernie-2020-dsa-endorsement-debate-process/).
us-president-dem-primary-2020-pr-bernie-sanders,us-president-dem-primary-2020-pr,bernie-sanders,Bernie Sanders,Democratic,endorsed,certified,Loss,verified,https://www.fec.gov/introduction-campaign-finance/election-results-and-voting-information/federal-elections-2020/,Official FEC 2020 results compilation supplies the certified Puerto Rico Democratic presidential-primary roster and vote totals; DSA National endorsed Sanders on 2019-03-21 (https://www.dsausa.org/bernie-2020-dsa-endorsement-debate-process/).
us-president-dem-primary-2020-pr-michael-r-bloomberg,us-president-dem-primary-2020-pr,michael-r-bloomberg,Michael R. Bloomberg,Democratic,opponent,certified,Loss,verified,https://www.fec.gov/introduction-campaign-finance/election-results-and-voting-information/federal-elections-2020/,Official FEC 2020 results compilation supplies the certified Puerto Rico Democratic presidential-primary roster and vote totals; DSA National endorsed Sanders on 2019-03-21 (https://www.dsausa.org/bernie-2020-dsa-endorsement-debate-process/).
us-president-dem-primary-2020-pr-tulsi-gabbard,us-president-dem-primary-2020-pr,tulsi-gabbard,Tulsi Gabbard,Democratic,opponent,certified,Loss,verified,https://www.fec.gov/introduction-campaign-finance/election-results-and-voting-information/federal-elections-2020/,Official FEC 2020 results compilation supplies the certified Puerto Rico Democratic presidential-primary roster and vote totals; DSA National endorsed Sanders on 2019-03-21 (https://www.dsausa.org/bernie-2020-dsa-endorsement-debate-process/).
us-president-dem-primary-2020-pr-pete-buttigieg,us-president-dem-primary-2020-pr,pete-buttigieg,Pete Buttigieg,Democratic,opponent,certified,Loss,verified,https://www.fec.gov/introduction-campaign-finance/election-results-and-voting-information/federal-elections-2020/,Official FEC 2020 results compilation supplies the certified Puerto Rico Democratic presidential-primary roster and vote totals; DSA National endorsed Sanders on 2019-03-21 (https://www.dsausa.org/bernie-2020-dsa-endorsement-debate-process/).
us-president-dem-primary-2020-pr-elizabeth-warren,us-president-dem-primary-2020-pr,elizabeth-warren,Elizabeth Warren,Democratic,opponent,certified,Loss,verified,https://www.fec.gov/introduction-campaign-finance/election-results-and-voting-information/federal-elections-2020/,Official FEC 2020 results compilation supplies the certified Puerto Rico Democratic presidential-primary roster and vote totals; DSA National endorsed Sanders on 2019-03-21 (https://www.dsausa.org/bernie-2020-dsa-endorsement-debate-process/).
us-president-dem-primary-2020-pr-tom-steyer,us-president-dem-primary-2020-pr,tom-steyer,Tom Steyer,Democratic,opponent,certified,Loss,verified,https://www.fec.gov/introduction-campaign-finance/election-results-and-voting-information/federal-elections-2020/,Official FEC 2020 results compilation supplies the certified Puerto Rico Democratic presidential-primary roster and vote totals; DSA National endorsed Sanders on 2019-03-21 (https://www.dsausa.org/bernie-2020-dsa-endorsement-debate-process/).
us-president-dem-primary-2020-pr-amy-klobuchar,us-president-dem-primary-2020-pr,amy-klobuchar,Amy Klobuchar,Democratic,opponent,certified,Loss,verified,https://www.fec.gov/introduction-campaign-finance/election-results-and-voting-information/federal-elections-2020/,Official FEC 2020 results compilation supplies the certified Puerto Rico Democratic presidential-primary roster and vote totals; DSA National endorsed Sanders on 2019-03-21 (https://www.dsausa.org/bernie-2020-dsa-endorsement-debate-process/).
us-president-dem-primary-2020-ct-joe-biden,us-president-dem-primary-2020-ct,joe-biden,Joe Biden,Democratic,opponent,certified,Win,verified,https://www.fec.gov/introduction-campaign-finance/election-results-and-voting-information/federal-elections-2020/,Official FEC 2020 results compilation supplies the certified Connecticut Democratic presidential-primary roster and vote totals; DSA National endorsed Sanders on 2019-03-21 (https://www.dsausa.org/bernie-2020-dsa-endorsement-debate-process/).
us-president-dem-primary-2020-ct-bernie-sanders,us-president-dem-primary-2020-ct,bernie-sanders,Bernie Sanders,Democratic,endorsed,certified,Loss,verified,https://www.fec.gov/introduction-campaign-finance/election-results-and-voting-information/federal-elections-2020/,Official FEC 2020 results compilation supplies the certified Connecticut Democratic presidential-primary roster and vote totals; DSA National endorsed Sanders on 2019-03-21 (https://www.dsausa.org/bernie-2020-dsa-endorsement-debate-process/).
us-president-dem-primary-2020-ct-uncommitted,us-president-dem-primary-2020-ct,uncommitted,Uncommitted,Democratic,opponent,certified,Loss,verified,https://www.fec.gov/introduction-campaign-finance/election-results-and-voting-information/federal-elections-2020/,Official FEC 2020 results compilation supplies the certified Connecticut Democratic presidential-primary roster and vote totals; DSA National endorsed Sanders on 2019-03-21 (https://www.dsausa.org/bernie-2020-dsa-endorsement-debate-process/).
us-president-dem-primary-2020-ct-tulsi-gabbard,us-president-dem-primary-2020-ct,tulsi-gabbard,Tulsi Gabbard,Democratic,opponent,certified,Loss,verified,https://www.fec.gov/introduction-campaign-finance/election-results-and-voting-information/federal-elections-2020/,Official FEC 2020 results compilation supplies the certified Connecticut Democratic presidential-primary roster and vote totals; DSA National endorsed Sanders on 2019-03-21 (https://www.dsausa.org/bernie-2020-dsa-endorsement-debate-process/).
