cycle,state_code,chamber,district,issue,source_url,detail
2024,,House and Senate,,missing_complete_primary_results_workbook,https://www.fec.gov/resources/cms-content/documents/federalelections2024.xlsx,Run with --download
2026,,House and Senate,,missing_complete_primary_results_workbook,https://www.fec.gov/resources/cms-content/documents/federalelections2026.xlsx,Run with --download
2016,CT,Senate,,missing_district_in_source_row,https://www.fec.gov/resources/cms-content/documents/federalelections2016.xlsx,"2016 US Senate Results by State:131 Traceski, John M."
2024,AL,House,05,missing_seat_results,https://www.fec.gov/introduction-campaign-finance/election-results-and-voting-information/,Checklist entry only; not a verified candidate roster
2024,AR,House,01,missing_seat_results,https://www.fec.gov/introduction-campaign-finance/election-results-and-voting-information/,Checklist entry only; not a verified candidate roster
2024,AR,House,02,missing_seat_results,https://www.fec.gov/introduction-campaign-finance/election-results-and-voting-information/,Checklist entry only; not a verified candidate roster
2024,AR,House,04,missing_seat_results,https://www.fec.gov/introduction-campaign-finance/election-results-and-voting-information/,Checklist entry only; not a verified candidate roster
2024,AS,House,00,missing_seat_results,https://www.fec.gov/introduction-campaign-finance/election-results-and-voting-information/,Checklist entry only; not a verified candidate roster
2024,CT,House,01,missing_seat_results,https://www.fec.gov/introduction-campaign-finance/election-results-and-voting-information/,Checklist entry only; not a verified candidate roster
2024,CT,House,02,missing_seat_results,https://www.fec.gov/introduction-campaign-finance/election-results-and-voting-information/,Checklist entry only; not a verified candidate roster
2024,CT,House,03,missing_seat_results,https://www.fec.gov/introduction-campaign-finance/election-results-and-voting-information/,Checklist entry only; not a verified candidate roster
2024,CT,House,05,missing_seat_results,https://www.fec.gov/introduction-campaign-finance/election-results-and-voting-information/,Checklist entry only; not a verified candidate roster
2024,FL,House,04,missing_seat_results,https://www.fec.gov/introduction-campaign-finance/election-results-and-voting-information/,Checklist entry only; not a verified candidate roster
2024,FL,House,19,missing_seat_results,https://www.fec.gov/introduction-campaign-finance/election-results-and-voting-information/,Checklist entry only; not a verified candidate roster
2024,FL,House,20,missing_seat_results,https://www.fec.gov/introduction-campaign-finance/election-results-and-voting-information/,Checklist entry only; not a verified candidate roster
2024,FL,House,28,missing_seat_results,https://www.fec.gov/introduction-campaign-finance/election-results-and-voting-information/,Checklist entry only; not a verified candidate roster
2024,KY,House,01,missing_seat_results,https://www.fec.gov/introduction-campaign-finance/election-results-and-voting-information/,Checklist entry only; not a verified candidate roster
2024,MN,House,01,missing_seat_results,https://www.fec.gov/introduction-campaign-finance/election-results-and-voting-information/,Checklist entry only; not a verified candidate roster
2024,MN,House,02,missing_seat_results,https://www.fec.gov/introduction-campaign-finance/election-results-and-voting-information/,Checklist entry only; not a verified candidate roster
2024,MN,House,03,missing_seat_results,https://www.fec.gov/introduction-campaign-finance/election-results-and-voting-information/,Checklist entry only; not a verified candidate roster
2024,MN,House,04,missing_seat_results,https://www.fec.gov/introduction-campaign-finance/election-results-and-voting-information/,Checklist entry only; not a verified candidate roster
2024,MN,House,05,missing_seat_results,https://www.fec.gov/introduction-campaign-finance/election-results-and-voting-information/,Checklist entry only; not a verified candidate roster
2024,MN,House,06,missing_seat_results,https://www.fec.gov/introduction-campaign-finance/election-results-and-voting-information/,Checklist entry only; not a verified candidate roster
2024,MN,House,07,missing_seat_results,https://www.fec.gov/introduction-campaign-finance/election-results-and-voting-information/,Checklist entry only; not a verified candidate roster
2024,MN,House,08,missing_seat_results,https://www.fec.gov/introduction-campaign-finance/election-results-and-voting-information/,Checklist entry only; not a verified candidate roster
2024,MP,House,00,missing_seat_results,https://www.fec.gov/introduction-campaign-finance/election-results-and-voting-information/,Checklist entry only; not a verified candidate roster
2024,NC,House,03,missing_seat_results,https://www.fec.gov/introduction-campaign-finance/election-results-and-voting-information/,Checklist entry only; not a verified candidate roster
2024,NC,House,07,missing_seat_results,https://www.fec.gov/introduction-campaign-finance/election-results-and-voting-information/,Checklist entry only; not a verified candidate roster
2024,NC,House,12,missing_seat_results,https://www.fec.gov/introduction-campaign-finance/election-results-and-voting-information/,Checklist entry only; not a verified candidate roster
2024,NV,House,01,missing_seat_results,https://www.fec.gov/introduction-campaign-finance/election-results-and-voting-information/,Checklist entry only; not a verified candidate roster
2024,NV,House,02,missing_seat_results,https://www.fec.gov/introduction-campaign-finance/election-results-and-voting-information/,Checklist entry only; not a verified candidate roster
2024,NV,House,03,missing_seat_results,https://www.fec.gov/introduction-campaign-finance/election-results-and-voting-information/,Checklist entry only; not a verified candidate roster
2024,NV,House,04,missing_seat_results,https://www.fec.gov/introduction-campaign-finance/election-results-and-voting-information/,Checklist entry only; not a verified candidate roster
2024,NY,House,02,missing_seat_results,https://www.fec.gov/introduction-campaign-finance/election-results-and-voting-information/,Checklist entry only; not a verified candidate roster
2024,NY,House,03,missing_seat_results,https://www.fec.gov/introduction-campaign-finance/election-results-and-voting-information/,Checklist entry only; not a verified candidate roster
2024,NY,House,04,missing_seat_results,https://www.fec.gov/introduction-campaign-finance/election-results-and-voting-information/,Checklist entry only; not a verified candidate roster
2024,NY,House,05,missing_seat_results,https://www.fec.gov/introduction-campaign-finance/election-results-and-voting-information/,Checklist entry only; not a verified candidate roster
2024,NY,House,06,missing_seat_results,https://www.fec.gov/introduction-campaign-finance/election-results-and-voting-information/,Checklist entry only; not a verified candidate roster
2024,NY,House,07,missing_seat_results,https://www.fec.gov/introduction-campaign-finance/election-results-and-voting-information/,Checklist entry only; not a verified candidate roster
2024,NY,House,08,missing_seat_results,https://www.fec.gov/introduction-campaign-finance/election-results-and-voting-information/,Checklist entry only; not a verified candidate roster
2024,NY,House,09,missing_seat_results,https://www.fec.gov/introduction-campaign-finance/election-results-and-voting-information/,Checklist entry only; not a verified candidate roster
2024,NY,House,11,missing_seat_results,https://www.fec.gov/introduction-campaign-finance/election-results-and-voting-information/,Checklist entry only; not a verified candidate roster
2024,NY,House,12,missing_seat_results,https://www.fec.gov/introduction-campaign-finance/election-results-and-voting-information/,Checklist entry only; not a verified candidate roster
2024,NY,House,13,missing_seat_results,https://www.fec.gov/introduction-campaign-finance/election-results-and-voting-information/,Checklist entry only; not a verified candidate roster
2024,NY,House,15,missing_seat_results,https://www.fec.gov/introduction-campaign-finance/election-results-and-voting-information/,Checklist entry only; not a verified candidate roster
2024,NY,House,18,missing_seat_results,https://www.fec.gov/introduction-campaign-finance/election-results-and-voting-information/,Checklist entry only; not a verified candidate roster
2024,NY,House,19,missing_seat_results,https://www.fec.gov/introduction-campaign-finance/election-results-and-voting-information/,Checklist entry only; not a verified candidate roster
2024,NY,House,20,missing_seat_results,https://www.fec.gov/introduction-campaign-finance/election-results-and-voting-information/,Checklist entry only; not a verified candidate roster
2024,NY,House,21,missing_seat_results,https://www.fec.gov/introduction-campaign-finance/election-results-and-voting-information/,Checklist entry only; not a verified candidate roster
2024,NY,House,23,missing_seat_results,https://www.fec.gov/introduction-campaign-finance/election-results-and-voting-information/,Checklist entry only; not a verified candidate roster
2024,NY,House,25,missing_seat_results,https://www.fec.gov/introduction-campaign-finance/election-results-and-voting-information/,Checklist entry only; not a verified candidate roster
2024,NY,House,26,missing_seat_results,https://www.fec.gov/introduction-campaign-finance/election-results-and-voting-information/,Checklist entry only; not a verified candidate roster
2024,OK,House,02,missing_seat_results,https://www.fec.gov/introduction-campaign-finance/election-results-and-voting-information/,Checklist entry only; not a verified candidate roster
2024,OK,House,05,missing_seat_results,https://www.fec.gov/introduction-campaign-finance/election-results-and-voting-information/,Checklist entry only; not a verified candidate roster
2024,PR,House,00,missing_seat_results,https://www.fec.gov/introduction-campaign-finance/election-results-and-voting-information/,Checklist entry only; not a verified candidate roster
2024,SC,House,05,missing_seat_results,https://www.fec.gov/introduction-campaign-finance/election-results-and-voting-information/,Checklist entry only; not a verified candidate roster
2024,SD,House,00,missing_seat_results,https://www.fec.gov/introduction-campaign-finance/election-results-and-voting-information/,Checklist entry only; not a verified candidate roster
2024,UT,House,04,missing_seat_results,https://www.fec.gov/introduction-campaign-finance/election-results-and-voting-information/,Checklist entry only; not a verified candidate roster
2024,VA,House,03,missing_seat_results,https://www.fec.gov/introduction-campaign-finance/election-results-and-voting-information/,Checklist entry only; not a verified candidate roster
2024,VA,House,04,missing_seat_results,https://www.fec.gov/introduction-campaign-finance/election-results-and-voting-information/,Checklist entry only; not a verified candidate roster
2024,VA,House,06,missing_seat_results,https://www.fec.gov/introduction-campaign-finance/election-results-and-voting-information/,Checklist entry only; not a verified candidate roster
2024,VA,House,08,missing_seat_results,https://www.fec.gov/introduction-campaign-finance/election-results-and-voting-information/,Checklist entry only; not a verified candidate roster
2024,VA,House,09,missing_seat_results,https://www.fec.gov/introduction-campaign-finance/election-results-and-voting-information/,Checklist entry only; not a verified candidate roster
2024,VI,House,00,missing_seat_results,https://www.fec.gov/introduction-campaign-finance/election-results-and-voting-information/,Checklist entry only; not a verified candidate roster
2024,WV,House,01,missing_seat_results,https://www.fec.gov/introduction-campaign-finance/election-results-and-voting-information/,Checklist entry only; not a verified candidate roster
2024,WV,House,02,missing_seat_results,https://www.fec.gov/introduction-campaign-finance/election-results-and-voting-information/,Checklist entry only; not a verified candidate roster
2024,DE,Senate,S,missing_seat_results,https://www.fec.gov/introduction-campaign-finance/election-results-and-voting-information/,Checklist entry only; not a verified candidate roster
2024,NV,Senate,S,missing_seat_results,https://www.fec.gov/introduction-campaign-finance/election-results-and-voting-information/,Checklist entry only; not a verified candidate roster
2024,NY,Senate,S,missing_seat_results,https://www.fec.gov/introduction-campaign-finance/election-results-and-voting-information/,Checklist entry only; not a verified candidate roster
2024,WV,Senate,S,missing_seat_results,https://www.fec.gov/introduction-campaign-finance/election-results-and-voting-information/,Checklist entry only; not a verified candidate roster
2026,AL,House,07,missing_seat_results,https://www.fec.gov/introduction-campaign-finance/election-results-and-voting-information/,Checklist entry only; not a verified candidate roster
2026,AR,House,01,missing_seat_results,https://www.fec.gov/introduction-campaign-finance/election-results-and-voting-information/,Checklist entry only; not a verified candidate roster
2026,AR,House,03,missing_seat_results,https://www.fec.gov/introduction-campaign-finance/election-results-and-voting-information/,Checklist entry only; not a verified candidate roster
2026,AS,House,00,missing_seat_results,https://www.fec.gov/introduction-campaign-finance/election-results-and-voting-information/,Checklist entry only; not a verified candidate roster
2026,CT,House,01,missing_seat_results,https://www.fec.gov/introduction-campaign-finance/election-results-and-voting-information/,Checklist entry only; not a verified candidate roster
2026,CT,House,02,missing_seat_results,https://www.fec.gov/introduction-campaign-finance/election-results-and-voting-information/,Checklist entry only; not a verified candidate roster
2026,CT,House,03,missing_seat_results,https://www.fec.gov/introduction-campaign-finance/election-results-and-voting-information/,Checklist entry only; not a verified candidate roster
2026,CT,House,04,missing_seat_results,https://www.fec.gov/introduction-campaign-finance/election-results-and-voting-information/,Checklist entry only; not a verified candidate roster
2026,CT,House,05,missing_seat_results,https://www.fec.gov/introduction-campaign-finance/election-results-and-voting-information/,Checklist entry only; not a verified candidate roster
2026,DE,House,00,missing_seat_results,https://www.fec.gov/introduction-campaign-finance/election-results-and-voting-information/,Checklist entry only; not a verified candidate roster
2026,FL,House,08,missing_seat_results,https://www.fec.gov/introduction-campaign-finance/election-results-and-voting-information/,Checklist entry only; not a verified candidate roster
2026,FL,House,10,missing_seat_results,https://www.fec.gov/introduction-campaign-finance/election-results-and-voting-information/,Checklist entry only; not a verified candidate roster
2026,FL,House,18,missing_seat_results,https://www.fec.gov/introduction-campaign-finance/election-results-and-voting-information/,Checklist entry only; not a verified candidate roster
2026,FL,House,26,missing_seat_results,https://www.fec.gov/introduction-campaign-finance/election-results-and-voting-information/,Checklist entry only; not a verified candidate roster
2026,FL,House,28,missing_seat_results,https://www.fec.gov/introduction-campaign-finance/election-results-and-voting-information/,Checklist entry only; not a verified candidate roster
2026,GU,House,00,missing_seat_results,https://www.fec.gov/introduction-campaign-finance/election-results-and-voting-information/,Checklist entry only; not a verified candidate roster
2026,IN,House,01,missing_seat_results,https://www.fec.gov/introduction-campaign-finance/election-results-and-voting-information/,Checklist entry only; not a verified candidate roster
2026,IN,House,02,missing_seat_results,https://www.fec.gov/introduction-campaign-finance/election-results-and-voting-information/,Checklist entry only; not a verified candidate roster
2026,IN,House,03,missing_seat_results,https://www.fec.gov/introduction-campaign-finance/election-results-and-voting-information/,Checklist entry only; not a verified candidate roster
2026,IN,House,04,missing_seat_results,https://www.fec.gov/introduction-campaign-finance/election-results-and-voting-information/,Checklist entry only; not a verified candidate roster
2026,IN,House,05,missing_seat_results,https://www.fec.gov/introduction-campaign-finance/election-results-and-voting-information/,Checklist entry only; not a verified candidate roster
2026,IN,House,06,missing_seat_results,https://www.fec.gov/introduction-campaign-finance/election-results-and-voting-information/,Checklist entry only; not a verified candidate roster
2026,IN,House,07,missing_seat_results,https://www.fec.gov/introduction-campaign-finance/election-results-and-voting-information/,Checklist entry only; not a verified candidate roster
2026,IN,House,08,missing_seat_results,https://www.fec.gov/introduction-campaign-finance/election-results-and-voting-information/,Checklist entry only; not a verified candidate roster
2026,IN,House,09,missing_seat_results,https://www.fec.gov/introduction-campaign-finance/election-results-and-voting-information/,Checklist entry only; not a verified candidate roster
2026,LA,House,01,missing_seat_results,https://www.fec.gov/introduction-campaign-finance/election-results-and-voting-information/,Checklist entry only; not a verified candidate roster
2026,LA,House,02,missing_seat_results,https://www.fec.gov/introduction-campaign-finance/election-results-and-voting-information/,Checklist entry only; not a verified candidate roster
2026,LA,House,03,missing_seat_results,https://www.fec.gov/introduction-campaign-finance/election-results-and-voting-information/,Checklist entry only; not a verified candidate roster
2026,LA,House,04,missing_seat_results,https://www.fec.gov/introduction-campaign-finance/election-results-and-voting-information/,Checklist entry only; not a verified candidate roster
2026,LA,House,05,missing_seat_results,https://www.fec.gov/introduction-campaign-finance/election-results-and-voting-information/,Checklist entry only; not a verified candidate roster
2026,LA,House,06,missing_seat_results,https://www.fec.gov/introduction-campaign-finance/election-results-and-voting-information/,Checklist entry only; not a verified candidate roster
2026,MN,House,01,missing_seat_results,https://www.fec.gov/introduction-campaign-finance/election-results-and-voting-information/,Checklist entry only; not a verified candidate roster
2026,MN,House,02,missing_seat_results,https://www.fec.gov/introduction-campaign-finance/election-results-and-voting-information/,Checklist entry only; not a verified candidate roster
2026,MN,House,03,missing_seat_results,https://www.fec.gov/introduction-campaign-finance/election-results-and-voting-information/,Checklist entry only; not a verified candidate roster
2026,MN,House,04,missing_seat_results,https://www.fec.gov/introduction-campaign-finance/election-results-and-voting-information/,Checklist entry only; not a verified candidate roster
2026,MN,House,05,missing_seat_results,https://www.fec.gov/introduction-campaign-finance/election-results-and-voting-information/,Checklist entry only; not a verified candidate roster
2026,MN,House,06,missing_seat_results,https://www.fec.gov/introduction-campaign-finance/election-results-and-voting-information/,Checklist entry only; not a verified candidate roster
2026,MN,House,07,missing_seat_results,https://www.fec.gov/introduction-campaign-finance/election-results-and-voting-information/,Checklist entry only; not a verified candidate roster
2026,MN,House,08,missing_seat_results,https://www.fec.gov/introduction-campaign-finance/election-results-and-voting-information/,Checklist entry only; not a verified candidate roster
2026,MO,House,01,missing_seat_results,https://www.fec.gov/introduction-campaign-finance/election-results-and-voting-information/,Checklist entry only; not a verified candidate roster
2026,MO,House,02,missing_seat_results,https://www.fec.gov/introduction-campaign-finance/election-results-and-voting-information/,Checklist entry only; not a verified candidate roster
2026,MO,House,03,missing_seat_results,https://www.fec.gov/introduction-campaign-finance/election-results-and-voting-information/,Checklist entry only; not a verified candidate roster
2026,MO,House,04,missing_seat_results,https://www.fec.gov/introduction-campaign-finance/election-results-and-voting-information/,Checklist entry only; not a verified candidate roster
2026,MO,House,05,missing_seat_results,https://www.fec.gov/introduction-campaign-finance/election-results-and-voting-information/,Checklist entry only; not a verified candidate roster
2026,MO,House,06,missing_seat_results,https://www.fec.gov/introduction-campaign-finance/election-results-and-voting-information/,Checklist entry only; not a verified candidate roster
2026,MO,House,07,missing_seat_results,https://www.fec.gov/introduction-campaign-finance/election-results-and-voting-information/,Checklist entry only; not a verified candidate roster
2026,MO,House,08,missing_seat_results,https://www.fec.gov/introduction-campaign-finance/election-results-and-voting-information/,Checklist entry only; not a verified candidate roster
2026,MP,House,00,missing_seat_results,https://www.fec.gov/introduction-campaign-finance/election-results-and-voting-information/,Checklist entry only; not a verified candidate roster
2026,NC,House,02,missing_seat_results,https://www.fec.gov/introduction-campaign-finance/election-results-and-voting-information/,Checklist entry only; not a verified candidate roster
2026,NH,House,01,missing_seat_results,https://www.fec.gov/introduction-campaign-finance/election-results-and-voting-information/,Checklist entry only; not a verified candidate roster
2026,NH,House,02,missing_seat_results,https://www.fec.gov/introduction-campaign-finance/election-results-and-voting-information/,Checklist entry only; not a verified candidate roster
2026,NV,House,01,missing_seat_results,https://www.fec.gov/introduction-campaign-finance/election-results-and-voting-information/,Checklist entry only; not a verified candidate roster
2026,NV,House,02,missing_seat_results,https://www.fec.gov/introduction-campaign-finance/election-results-and-voting-information/,Checklist entry only; not a verified candidate roster
2026,NV,House,03,missing_seat_results,https://www.fec.gov/introduction-campaign-finance/election-results-and-voting-information/,Checklist entry only; not a verified candidate roster
2026,NV,House,04,missing_seat_results,https://www.fec.gov/introduction-campaign-finance/election-results-and-voting-information/,Checklist entry only; not a verified candidate roster
2026,NY,House,02,missing_seat_results,https://www.fec.gov/introduction-campaign-finance/election-results-and-voting-information/,Checklist entry only; not a verified candidate roster
2026,NY,House,03,missing_seat_results,https://www.fec.gov/introduction-campaign-finance/election-results-and-voting-information/,Checklist entry only; not a verified candidate roster
2026,NY,House,04,missing_seat_results,https://www.fec.gov/introduction-campaign-finance/election-results-and-voting-information/,Checklist entry only; not a verified candidate roster
2026,NY,House,05,missing_seat_results,https://www.fec.gov/introduction-campaign-finance/election-results-and-voting-information/,Checklist entry only; not a verified candidate roster
2026,NY,House,08,missing_seat_results,https://www.fec.gov/introduction-campaign-finance/election-results-and-voting-information/,Checklist entry only; not a verified candidate roster
2026,NY,House,16,missing_seat_results,https://www.fec.gov/introduction-campaign-finance/election-results-and-voting-information/,Checklist entry only; not a verified candidate roster
2026,NY,House,18,missing_seat_results,https://www.fec.gov/introduction-campaign-finance/election-results-and-voting-information/,Checklist entry only; not a verified candidate roster
2026,NY,House,19,missing_seat_results,https://www.fec.gov/introduction-campaign-finance/election-results-and-voting-information/,Checklist entry only; not a verified candidate roster
2026,NY,House,20,missing_seat_results,https://www.fec.gov/introduction-campaign-finance/election-results-and-voting-information/,Checklist entry only; not a verified candidate roster
2026,NY,House,21,missing_seat_results,https://www.fec.gov/introduction-campaign-finance/election-results-and-voting-information/,Checklist entry only; not a verified candidate roster
2026,NY,House,22,missing_seat_results,https://www.fec.gov/introduction-campaign-finance/election-results-and-voting-information/,Checklist entry only; not a verified candidate roster
2026,NY,House,23,missing_seat_results,https://www.fec.gov/introduction-campaign-finance/election-results-and-voting-information/,Checklist entry only; not a verified candidate roster
2026,NY,House,24,missing_seat_results,https://www.fec.gov/introduction-campaign-finance/election-results-and-voting-information/,Checklist entry only; not a verified candidate roster
2026,NY,House,25,missing_seat_results,https://www.fec.gov/introduction-campaign-finance/election-results-and-voting-information/,Checklist entry only; not a verified candidate roster
2026,NY,House,26,missing_seat_results,https://www.fec.gov/introduction-campaign-finance/election-results-and-voting-information/,Checklist entry only; not a verified candidate roster
2026,OH,House,01,missing_seat_results,https://www.fec.gov/introduction-campaign-finance/election-results-and-voting-information/,Checklist entry only; not a verified candidate roster
2026,OH,House,02,missing_seat_results,https://www.fec.gov/introduction-campaign-finance/election-results-and-voting-information/,Checklist entry only; not a verified candidate roster
2026,OH,House,03,missing_seat_results,https://www.fec.gov/introduction-campaign-finance/election-results-and-voting-information/,Checklist entry only; not a verified candidate roster
2026,OH,House,04,missing_seat_results,https://www.fec.gov/introduction-campaign-finance/election-results-and-voting-information/,Checklist entry only; not a verified candidate roster
2026,OH,House,05,missing_seat_results,https://www.fec.gov/introduction-campaign-finance/election-results-and-voting-information/,Checklist entry only; not a verified candidate roster
2026,OH,House,06,missing_seat_results,https://www.fec.gov/introduction-campaign-finance/election-results-and-voting-information/,Checklist entry only; not a verified candidate roster
2026,OH,House,07,missing_seat_results,https://www.fec.gov/introduction-campaign-finance/election-results-and-voting-information/,Checklist entry only; not a verified candidate roster
2026,OH,House,08,missing_seat_results,https://www.fec.gov/introduction-campaign-finance/election-results-and-voting-information/,Checklist entry only; not a verified candidate roster
2026,OH,House,09,missing_seat_results,https://www.fec.gov/introduction-campaign-finance/election-results-and-voting-information/,Checklist entry only; not a verified candidate roster
2026,OH,House,10,missing_seat_results,https://www.fec.gov/introduction-campaign-finance/election-results-and-voting-information/,Checklist entry only; not a verified candidate roster
2026,OH,House,11,missing_seat_results,https://www.fec.gov/introduction-campaign-finance/election-results-and-voting-information/,Checklist entry only; not a verified candidate roster
2026,OH,House,12,missing_seat_results,https://www.fec.gov/introduction-campaign-finance/election-results-and-voting-information/,Checklist entry only; not a verified candidate roster
2026,OH,House,13,missing_seat_results,https://www.fec.gov/introduction-campaign-finance/election-results-and-voting-information/,Checklist entry only; not a verified candidate roster
2026,OH,House,14,missing_seat_results,https://www.fec.gov/introduction-campaign-finance/election-results-and-voting-information/,Checklist entry only; not a verified candidate roster
2026,OH,House,15,missing_seat_results,https://www.fec.gov/introduction-campaign-finance/election-results-and-voting-information/,Checklist entry only; not a verified candidate roster
2026,SC,House,07,missing_seat_results,https://www.fec.gov/introduction-campaign-finance/election-results-and-voting-information/,Checklist entry only; not a verified candidate roster
2026,UT,House,04,missing_seat_results,https://www.fec.gov/introduction-campaign-finance/election-results-and-voting-information/,Checklist entry only; not a verified candidate roster
2026,VA,House,03,missing_seat_results,https://www.fec.gov/introduction-campaign-finance/election-results-and-voting-information/,Checklist entry only; not a verified candidate roster
2026,VA,House,04,missing_seat_results,https://www.fec.gov/introduction-campaign-finance/election-results-and-voting-information/,Checklist entry only; not a verified candidate roster
2026,VA,House,06,missing_seat_results,https://www.fec.gov/introduction-campaign-finance/election-results-and-voting-information/,Checklist entry only; not a verified candidate roster
2026,VA,House,11,missing_seat_results,https://www.fec.gov/introduction-campaign-finance/election-results-and-voting-information/,Checklist entry only; not a verified candidate roster
2026,VI,House,00,missing_seat_results,https://www.fec.gov/introduction-campaign-finance/election-results-and-voting-information/,Checklist entry only; not a verified candidate roster
2026,WV,House,01,missing_seat_results,https://www.fec.gov/introduction-campaign-finance/election-results-and-voting-information/,Checklist entry only; not a verified candidate roster
2026,WV,House,02,missing_seat_results,https://www.fec.gov/introduction-campaign-finance/election-results-and-voting-information/,Checklist entry only; not a verified candidate roster
2026,DE,Senate,S,missing_seat_results,https://www.fec.gov/introduction-campaign-finance/election-results-and-voting-information/,Checklist entry only; not a verified candidate roster
2026,NH,Senate,S,missing_seat_results,https://www.fec.gov/introduction-campaign-finance/election-results-and-voting-information/,Checklist entry only; not a verified candidate roster
2026,WV,Senate,S,missing_seat_results,https://www.fec.gov/introduction-campaign-finance/election-results-and-voting-information/,Checklist entry only; not a verified candidate roster
2015,NY,House,11,special_primary_roster_not_reconciled,https://www.fec.gov/resources/cms-content/documents/federalspecialelectionslist.pdf,ny-11-2015-05-05
2015,MS,House,01,special_primary_roster_not_reconciled,https://www.fec.gov/resources/cms-content/documents/federalspecialelectionslist.pdf,ms-01-2015-06-02
2015,IL,House,18,special_primary_roster_not_reconciled,https://www.fec.gov/resources/cms-content/documents/federalspecialelectionslist.pdf,il-18-2015-09-10
2016,OH,House,08,special_primary_roster_not_reconciled,https://www.fec.gov/resources/cms-content/documents/federalspecialelectionslist.pdf,oh-08-2016-06-07
2016,HI,House,01,special_primary_roster_not_reconciled,https://www.fec.gov/resources/cms-content/documents/federalspecialelectionslist.pdf,hi-01-2016-11-08
2016,KY,House,01,special_primary_roster_not_reconciled,https://www.fec.gov/resources/cms-content/documents/federalspecialelectionslist.pdf,ky-01-2016-11-08
2016,PA,House,02,special_primary_roster_not_reconciled,https://www.fec.gov/resources/cms-content/documents/federalspecialelectionslist.pdf,pa-02-2016-11-08
2017,CA,House,34,special_primary_roster_not_reconciled,https://www.fec.gov/resources/cms-content/documents/federalspecialelectionslist.pdf,ca-34-2017-06-06
2017,KS,House,04,special_primary_roster_not_reconciled,https://www.fec.gov/resources/cms-content/documents/federalspecialelectionslist.pdf,ks-04-2017-04-11
2017,GA,House,06,special_primary_roster_not_reconciled,https://www.fec.gov/resources/cms-content/documents/federalspecialelectionslist.pdf,ga-06-2017-06-20
2017,MT,House,00,special_primary_roster_not_reconciled,https://www.fec.gov/resources/cms-content/documents/federalspecialelectionslist.pdf,mt-00-2017-05-25
2017,SC,House,05,special_primary_roster_not_reconciled,https://www.fec.gov/resources/cms-content/documents/federalspecialelectionslist.pdf,sc-05-2017-06-20
2017,UT,House,03,special_primary_roster_not_reconciled,https://www.fec.gov/resources/cms-content/documents/federalspecialelectionslist.pdf,ut-03-2017-11-07
2017,AL,Senate,S,special_primary_roster_not_reconciled,https://www.fec.gov/resources/cms-content/documents/federalspecialelectionslist.pdf,al-s-2017-12-12
2018,PA,House,18,special_primary_roster_not_reconciled,https://www.fec.gov/resources/cms-content/documents/federalspecialelectionslist.pdf,pa-18-2018-03-13
2018,AZ,House,08,special_primary_roster_not_reconciled,https://www.fec.gov/resources/cms-content/documents/federalspecialelectionslist.pdf,az-08-2018-04-24
2018,TX,House,27,special_primary_roster_not_reconciled,https://www.fec.gov/resources/cms-content/documents/federalspecialelectionslist.pdf,tx-27-2018-06-30
2018,OH,House,12,special_primary_roster_not_reconciled,https://www.fec.gov/resources/cms-content/documents/federalspecialelectionslist.pdf,oh-12-2018-08-07
2018,MI,House,13,special_primary_roster_not_reconciled,https://www.fec.gov/resources/cms-content/documents/federalspecialelectionslist.pdf,mi-13-2018-11-06
2018,NY,House,25,special_primary_roster_not_reconciled,https://www.fec.gov/resources/cms-content/documents/federalspecialelectionslist.pdf,ny-25-2018-11-06
2018,PA,House,07,special_primary_roster_not_reconciled,https://www.fec.gov/resources/cms-content/documents/federalspecialelectionslist.pdf,pa-07-2018-11-06
2018,PA,House,15,special_primary_roster_not_reconciled,https://www.fec.gov/resources/cms-content/documents/federalspecialelectionslist.pdf,pa-15-2018-11-06
2018,MN,Senate,S,special_primary_roster_not_reconciled,https://www.fec.gov/resources/cms-content/documents/federalspecialelectionslist.pdf,mn-s-2018-11-06
2018,MS,Senate,S,special_primary_roster_not_reconciled,https://www.fec.gov/resources/cms-content/documents/federalspecialelectionslist.pdf,ms-s-2018-11-27
2019,PA,House,12,special_primary_roster_not_reconciled,https://www.fec.gov/resources/cms-content/documents/federalspecialelectionslist.pdf,pa-12-2019-05-21
2019,NC,House,03,special_primary_roster_not_reconciled,https://www.fec.gov/resources/cms-content/documents/federalspecialelectionslist.pdf,nc-03-2019-09-10
2019,NC,House,09,special_primary_roster_not_reconciled,https://www.fec.gov/resources/cms-content/documents/federalspecialelectionslist.pdf,nc-09-2019-09-10
2020,MD,House,07,special_primary_roster_not_reconciled,https://www.fec.gov/resources/cms-content/documents/federalspecialelectionslist.pdf,md-07-2020-04-28
2020,CA,House,25,special_primary_roster_not_reconciled,https://www.fec.gov/resources/cms-content/documents/federalspecialelectionslist.pdf,ca-25-2020-05-12
2020,WI,House,07,special_primary_roster_not_reconciled,https://www.fec.gov/resources/cms-content/documents/federalspecialelectionslist.pdf,wi-07-2020-05-12
2020,NY,House,27,special_primary_roster_not_reconciled,https://www.fec.gov/resources/cms-content/documents/federalspecialelectionslist.pdf,ny-27-2020-06-23
2020,AZ,Senate,S,special_primary_roster_not_reconciled,https://www.fec.gov/resources/cms-content/documents/federalspecialelectionslist.pdf,az-s-2020-11-03
2020,GA,House,05,special_primary_roster_not_reconciled,https://www.fec.gov/resources/cms-content/documents/federalspecialelectionslist.pdf,ga-05-2020-12-01
2021,GA,Senate,S,special_primary_roster_not_reconciled,https://www.fec.gov/resources/cms-content/documents/federalspecialelectionslist.pdf,ga-s-2021-01-05
2021,LA,House,05,special_primary_roster_not_reconciled,https://www.fec.gov/resources/cms-content/documents/federalspecialelectionslist.pdf,la-05-2021-03-20
2021,LA,House,02,special_primary_roster_not_reconciled,https://www.fec.gov/resources/cms-content/documents/federalspecialelectionslist.pdf,la-02-2021-04-24
2021,NM,House,01,special_primary_roster_not_reconciled,https://www.fec.gov/resources/cms-content/documents/federalspecialelectionslist.pdf,nm-01-2021-06-01
2021,TX,House,06,special_primary_roster_not_reconciled,https://www.fec.gov/resources/cms-content/documents/federalspecialelectionslist.pdf,tx-06-2021-07-27
2021,OH,House,11,special_primary_roster_not_reconciled,https://www.fec.gov/resources/cms-content/documents/federalspecialelectionslist.pdf,oh-11-2021-11-02
2021,OH,House,15,special_primary_roster_not_reconciled,https://www.fec.gov/resources/cms-content/documents/federalspecialelectionslist.pdf,oh-15-2021-11-02
2022,FL,House,20,special_primary_roster_not_reconciled,https://www.fec.gov/resources/cms-content/documents/federalspecialelectionslist.pdf,fl-20-2022-01-11
2022,CA,House,22,special_primary_roster_not_reconciled,https://www.fec.gov/resources/cms-content/documents/federalspecialelectionslist.pdf,ca-22-2022-06-07
2022,TX,House,34,special_primary_roster_not_reconciled,https://www.fec.gov/resources/cms-content/documents/federalspecialelectionslist.pdf,tx-34-2022-06-14
2022,NE,House,01,special_primary_roster_not_reconciled,https://www.fec.gov/resources/cms-content/documents/federalspecialelectionslist.pdf,ne-01-2022-06-28
2022,MN,House,01,special_primary_roster_not_reconciled,https://www.fec.gov/resources/cms-content/documents/federalspecialelectionslist.pdf,mn-01-2022-08-09
2022,AK,House,00,special_primary_roster_not_reconciled,https://www.fec.gov/resources/cms-content/documents/federalspecialelectionslist.pdf,ak-00-2022-08-16
2022,NY,House,19,special_primary_roster_not_reconciled,https://www.fec.gov/resources/cms-content/documents/federalspecialelectionslist.pdf,ny-19-2022-08-23
2022,NY,House,23,special_primary_roster_not_reconciled,https://www.fec.gov/resources/cms-content/documents/federalspecialelectionslist.pdf,ny-23-2022-08-23
2022,CA,Senate,S,special_primary_roster_not_reconciled,https://www.fec.gov/resources/cms-content/documents/federalspecialelectionslist.pdf,ca-s-2022-11-08
2022,OK,Senate,S,special_primary_roster_not_reconciled,https://www.fec.gov/resources/cms-content/documents/federalspecialelectionslist.pdf,ok-s-2022-11-08
2022,IN,House,02,special_primary_roster_not_reconciled,https://www.fec.gov/resources/cms-content/documents/federalspecialelectionslist.pdf,in-02-2022-11-08
2023,VA,House,04,special_primary_roster_not_reconciled,https://www.fec.gov/resources/cms-content/documents/federalspecialelectionslist.pdf,va-04-2023-02-21
2023,RI,House,01,special_primary_roster_not_reconciled,https://www.fec.gov/resources/cms-content/documents/federalspecialelectionslist.pdf,ri-01-2023-11-07
2023,UT,House,02,special_primary_roster_not_reconciled,https://www.fec.gov/resources/cms-content/documents/federalspecialelectionslist.pdf,ut-02-2023-11-21
2024,NY,House,03,special_primary_roster_not_reconciled,https://www.fec.gov/resources/cms-content/documents/federalspecialelectionslist.pdf,ny-03-2024-02-13
2024,NY,House,26,special_primary_roster_not_reconciled,https://www.fec.gov/resources/cms-content/documents/federalspecialelectionslist.pdf,ny-26-2024-04-30
2024,CA,House,20,special_primary_roster_not_reconciled,https://www.fec.gov/resources/cms-content/documents/federalspecialelectionslist.pdf,ca-20-2024-05-21
2024,OH,House,06,special_primary_roster_not_reconciled,https://www.fec.gov/resources/cms-content/documents/federalspecialelectionslist.pdf,oh-06-2024-06-11
2024,CO,House,04,special_primary_roster_not_reconciled,https://www.fec.gov/resources/cms-content/documents/federalspecialelectionslist.pdf,co-04-2024-06-25
2024,NJ,House,10,special_primary_roster_not_reconciled,https://www.fec.gov/resources/cms-content/documents/federalspecialelectionslist.pdf,nj-10-2024-09-18
2024,CA,Senate,S,special_primary_roster_not_reconciled,https://www.fec.gov/resources/cms-content/documents/federalspecialelectionslist.pdf,ca-s-2024-11-05
2024,NE,Senate,S,special_primary_roster_not_reconciled,https://www.fec.gov/resources/cms-content/documents/federalspecialelectionslist.pdf,ne-s-2024-11-05
2024,TX,House,18,special_primary_roster_not_reconciled,https://www.fec.gov/resources/cms-content/documents/federalspecialelectionslist.pdf,tx-18-2024-11-05
2024,WI,House,08,special_primary_roster_not_reconciled,https://www.fec.gov/resources/cms-content/documents/federalspecialelectionslist.pdf,wi-08-2024-11-05
2025,FL,House,01,special_primary_roster_not_reconciled,https://www.fec.gov/resources/cms-content/documents/federalspecialelectionslist.pdf,fl-01-2025-04-01
2025,FL,House,06,special_primary_roster_not_reconciled,https://www.fec.gov/resources/cms-content/documents/federalspecialelectionslist.pdf,fl-06-2025-04-01
2025,VA,House,11,special_primary_roster_not_reconciled,https://www.fec.gov/resources/cms-content/documents/federalspecialelectionslist.pdf,va-11-2025-09-09
2025,AZ,House,07,special_primary_roster_not_reconciled,https://www.fec.gov/resources/cms-content/documents/federalspecialelectionslist.pdf,az-07-2025-09-23
2025,TN,House,07,special_primary_roster_not_reconciled,https://www.fec.gov/resources/cms-content/documents/federalspecialelectionslist.pdf,tn-07-2025-12-02
2026,TX,House,18,special_primary_roster_not_reconciled,https://www.fec.gov/resources/cms-content/documents/federalspecialelectionslist.pdf,tx-18-2026-01-31
2026,GA,House,14,special_primary_roster_not_reconciled,https://www.fec.gov/resources/cms-content/documents/federalspecialelectionslist.pdf,ga-14-2026-04-07
2026,NJ,House,11,special_primary_roster_not_reconciled,https://www.fec.gov/resources/cms-content/documents/federalspecialelectionslist.pdf,nj-11-2026-04-16
2026,CA,House,01,special_primary_roster_not_reconciled,https://www.fec.gov/resources/cms-content/documents/federalspecialelectionslist.pdf,ca-1-2026-06-02
2015,AK,House and Senate,,special_election_census_not_reconciled,https://www.fec.gov/introduction-campaign-finance/election-results-and-voting-information/,"Verify all special primaries, conventions, repeat elections and runoffs; overlapping FEC appendices are not a unique-race census"
2015,AL,House and Senate,,special_election_census_not_reconciled,https://www.fec.gov/introduction-campaign-finance/election-results-and-voting-information/,"Verify all special primaries, conventions, repeat elections and runoffs; overlapping FEC appendices are not a unique-race census"
2015,AR,House and Senate,,special_election_census_not_reconciled,https://www.fec.gov/introduction-campaign-finance/election-results-and-voting-information/,"Verify all special primaries, conventions, repeat elections and runoffs; overlapping FEC appendices are not a unique-race census"
2015,AS,House and Senate,,special_election_census_not_reconciled,https://www.fec.gov/introduction-campaign-finance/election-results-and-voting-information/,"Verify all special primaries, conventions, repeat elections and runoffs; overlapping FEC appendices are not a unique-race census"
2015,AZ,House and Senate,,special_election_census_not_reconciled,https://www.fec.gov/introduction-campaign-finance/election-results-and-voting-information/,"Verify all special primaries, conventions, repeat elections and runoffs; overlapping FEC appendices are not a unique-race census"
2015,CA,House and Senate,,special_election_census_not_reconciled,https://www.fec.gov/introduction-campaign-finance/election-results-and-voting-information/,"Verify all special primaries, conventions, repeat elections and runoffs; overlapping FEC appendices are not a unique-race census"
2015,CO,House and Senate,,special_election_census_not_reconciled,https://www.fec.gov/introduction-campaign-finance/election-results-and-voting-information/,"Verify all special primaries, conventions, repeat elections and runoffs; overlapping FEC appendices are not a unique-race census"
2015,CT,House and Senate,,special_election_census_not_reconciled,https://www.fec.gov/introduction-campaign-finance/election-results-and-voting-information/,"Verify all special primaries, conventions, repeat elections and runoffs; overlapping FEC appendices are not a unique-race census"
2015,DC,House and Senate,,special_election_census_not_reconciled,https://www.fec.gov/introduction-campaign-finance/election-results-and-voting-information/,"Verify all special primaries, conventions, repeat elections and runoffs; overlapping FEC appendices are not a unique-race census"
2015,DE,House and Senate,,special_election_census_not_reconciled,https://www.fec.gov/introduction-campaign-finance/election-results-and-voting-information/,"Verify all special primaries, conventions, repeat elections and runoffs; overlapping FEC appendices are not a unique-race census"
2015,FL,House and Senate,,special_election_census_not_reconciled,https://www.fec.gov/introduction-campaign-finance/election-results-and-voting-information/,"Verify all special primaries, conventions, repeat elections and runoffs; overlapping FEC appendices are not a unique-race census"
2015,GA,House and Senate,,special_election_census_not_reconciled,https://www.fec.gov/introduction-campaign-finance/election-results-and-voting-information/,"Verify all special primaries, conventions, repeat elections and runoffs; overlapping FEC appendices are not a unique-race census"
2015,GU,House and Senate,,special_election_census_not_reconciled,https://www.fec.gov/introduction-campaign-finance/election-results-and-voting-information/,"Verify all special primaries, conventions, repeat elections and runoffs; overlapping FEC appendices are not a unique-race census"
2015,HI,House and Senate,,special_election_census_not_reconciled,https://www.fec.gov/introduction-campaign-finance/election-results-and-voting-information/,"Verify all special primaries, conventions, repeat elections and runoffs; overlapping FEC appendices are not a unique-race census"
2015,IA,House and Senate,,special_election_census_not_reconciled,https://www.fec.gov/introduction-campaign-finance/election-results-and-voting-information/,"Verify all special primaries, conventions, repeat elections and runoffs; overlapping FEC appendices are not a unique-race census"
2015,ID,House and Senate,,special_election_census_not_reconciled,https://www.fec.gov/introduction-campaign-finance/election-results-and-voting-information/,"Verify all special primaries, conventions, repeat elections and runoffs; overlapping FEC appendices are not a unique-race census"
2015,IL,House and Senate,,special_election_census_not_reconciled,https://www.fec.gov/introduction-campaign-finance/election-results-and-voting-information/,"Verify all special primaries, conventions, repeat elections and runoffs; overlapping FEC appendices are not a unique-race census"
2015,IN,House and Senate,,special_election_census_not_reconciled,https://www.fec.gov/introduction-campaign-finance/election-results-and-voting-information/,"Verify all special primaries, conventions, repeat elections and runoffs; overlapping FEC appendices are not a unique-race census"
2015,KS,House and Senate,,special_election_census_not_reconciled,https://www.fec.gov/introduction-campaign-finance/election-results-and-voting-information/,"Verify all special primaries, conventions, repeat elections and runoffs; overlapping FEC appendices are not a unique-race census"
2015,KY,House and Senate,,special_election_census_not_reconciled,https://www.fec.gov/introduction-campaign-finance/election-results-and-voting-information/,"Verify all special primaries, conventions, repeat elections and runoffs; overlapping FEC appendices are not a unique-race census"
2015,LA,House and Senate,,special_election_census_not_reconciled,https://www.fec.gov/introduction-campaign-finance/election-results-and-voting-information/,"Verify all special primaries, conventions, repeat elections and runoffs; overlapping FEC appendices are not a unique-race census"
2015,MA,House and Senate,,special_election_census_not_reconciled,https://www.fec.gov/introduction-campaign-finance/election-results-and-voting-information/,"Verify all special primaries, conventions, repeat elections and runoffs; overlapping FEC appendices are not a unique-race census"
2015,MD,House and Senate,,special_election_census_not_reconciled,https://www.fec.gov/introduction-campaign-finance/election-results-and-voting-information/,"Verify all special primaries, conventions, repeat elections and runoffs; overlapping FEC appendices are not a unique-race census"
2015,ME,House and Senate,,special_election_census_not_reconciled,https://www.fec.gov/introduction-campaign-finance/election-results-and-voting-information/,"Verify all special primaries, conventions, repeat elections and runoffs; overlapping FEC appendices are not a unique-race census"
2015,MI,House and Senate,,special_election_census_not_reconciled,https://www.fec.gov/introduction-campaign-finance/election-results-and-voting-information/,"Verify all special primaries, conventions, repeat elections and runoffs; overlapping FEC appendices are not a unique-race census"
2015,MN,House and Senate,,special_election_census_not_reconciled,https://www.fec.gov/introduction-campaign-finance/election-results-and-voting-information/,"Verify all special primaries, conventions, repeat elections and runoffs; overlapping FEC appendices are not a unique-race census"
2015,MO,House and Senate,,special_election_census_not_reconciled,https://www.fec.gov/introduction-campaign-finance/election-results-and-voting-information/,"Verify all special primaries, conventions, repeat elections and runoffs; overlapping FEC appendices are not a unique-race census"
2015,MP,House and Senate,,special_election_census_not_reconciled,https://www.fec.gov/introduction-campaign-finance/election-results-and-voting-information/,"Verify all special primaries, conventions, repeat elections and runoffs; overlapping FEC appendices are not a unique-race census"
2015,MS,House and Senate,,special_election_census_not_reconciled,https://www.fec.gov/introduction-campaign-finance/election-results-and-voting-information/,"Verify all special primaries, conventions, repeat elections and runoffs; overlapping FEC appendices are not a unique-race census"
2015,MT,House and Senate,,special_election_census_not_reconciled,https://www.fec.gov/introduction-campaign-finance/election-results-and-voting-information/,"Verify all special primaries, conventions, repeat elections and runoffs; overlapping FEC appendices are not a unique-race census"
2015,NC,House and Senate,,special_election_census_not_reconciled,https://www.fec.gov/introduction-campaign-finance/election-results-and-voting-information/,"Verify all special primaries, conventions, repeat elections and runoffs; overlapping FEC appendices are not a unique-race census"
2015,ND,House and Senate,,special_election_census_not_reconciled,https://www.fec.gov/introduction-campaign-finance/election-results-and-voting-information/,"Verify all special primaries, conventions, repeat elections and runoffs; overlapping FEC appendices are not a unique-race census"
2015,NE,House and Senate,,special_election_census_not_reconciled,https://www.fec.gov/introduction-campaign-finance/election-results-and-voting-information/,"Verify all special primaries, conventions, repeat elections and runoffs; overlapping FEC appendices are not a unique-race census"
2015,NH,House and Senate,,special_election_census_not_reconciled,https://www.fec.gov/introduction-campaign-finance/election-results-and-voting-information/,"Verify all special primaries, conventions, repeat elections and runoffs; overlapping FEC appendices are not a unique-race census"
2015,NJ,House and Senate,,special_election_census_not_reconciled,https://www.fec.gov/introduction-campaign-finance/election-results-and-voting-information/,"Verify all special primaries, conventions, repeat elections and runoffs; overlapping FEC appendices are not a unique-race census"
2015,NM,House and Senate,,special_election_census_not_reconciled,https://www.fec.gov/introduction-campaign-finance/election-results-and-voting-information/,"Verify all special primaries, conventions, repeat elections and runoffs; overlapping FEC appendices are not a unique-race census"
2015,NV,House and Senate,,special_election_census_not_reconciled,https://www.fec.gov/introduction-campaign-finance/election-results-and-voting-information/,"Verify all special primaries, conventions, repeat elections and runoffs; overlapping FEC appendices are not a unique-race census"
2015,NY,House and Senate,,special_election_census_not_reconciled,https://www.fec.gov/introduction-campaign-finance/election-results-and-voting-information/,"Verify all special primaries, conventions, repeat elections and runoffs; overlapping FEC appendices are not a unique-race census"
2015,OH,House and Senate,,special_election_census_not_reconciled,https://www.fec.gov/introduction-campaign-finance/election-results-and-voting-information/,"Verify all special primaries, conventions, repeat elections and runoffs; overlapping FEC appendices are not a unique-race census"
2015,OK,House and Senate,,special_election_census_not_reconciled,https://www.fec.gov/introduction-campaign-finance/election-results-and-voting-information/,"Verify all special primaries, conventions, repeat elections and runoffs; overlapping FEC appendices are not a unique-race census"
2015,OR,House and Senate,,special_election_census_not_reconciled,https://www.fec.gov/introduction-campaign-finance/election-results-and-voting-information/,"Verify all special primaries, conventions, repeat elections and runoffs; overlapping FEC appendices are not a unique-race census"
2015,PA,House and Senate,,special_election_census_not_reconciled,https://www.fec.gov/introduction-campaign-finance/election-results-and-voting-information/,"Verify all special primaries, conventions, repeat elections and runoffs; overlapping FEC appendices are not a unique-race census"
2015,PR,House and Senate,,special_election_census_not_reconciled,https://www.fec.gov/introduction-campaign-finance/election-results-and-voting-information/,"Verify all special primaries, conventions, repeat elections and runoffs; overlapping FEC appendices are not a unique-race census"
2015,RI,House and Senate,,special_election_census_not_reconciled,https://www.fec.gov/introduction-campaign-finance/election-results-and-voting-information/,"Verify all special primaries, conventions, repeat elections and runoffs; overlapping FEC appendices are not a unique-race census"
2015,SC,House and Senate,,special_election_census_not_reconciled,https://www.fec.gov/introduction-campaign-finance/election-results-and-voting-information/,"Verify all special primaries, conventions, repeat elections and runoffs; overlapping FEC appendices are not a unique-race census"
2015,SD,House and Senate,,special_election_census_not_reconciled,https://www.fec.gov/introduction-campaign-finance/election-results-and-voting-information/,"Verify all special primaries, conventions, repeat elections and runoffs; overlapping FEC appendices are not a unique-race census"
2015,TN,House and Senate,,special_election_census_not_reconciled,https://www.fec.gov/introduction-campaign-finance/election-results-and-voting-information/,"Verify all special primaries, conventions, repeat elections and runoffs; overlapping FEC appendices are not a unique-race census"
2015,TX,House and Senate,,special_election_census_not_reconciled,https://www.fec.gov/introduction-campaign-finance/election-results-and-voting-information/,"Verify all special primaries, conventions, repeat elections and runoffs; overlapping FEC appendices are not a unique-race census"
2015,UT,House and Senate,,special_election_census_not_reconciled,https://www.fec.gov/introduction-campaign-finance/election-results-and-voting-information/,"Verify all special primaries, conventions, repeat elections and runoffs; overlapping FEC appendices are not a unique-race census"
2015,VA,House and Senate,,special_election_census_not_reconciled,https://www.fec.gov/introduction-campaign-finance/election-results-and-voting-information/,"Verify all special primaries, conventions, repeat elections and runoffs; overlapping FEC appendices are not a unique-race census"
2015,VI,House and Senate,,special_election_census_not_reconciled,https://www.fec.gov/introduction-campaign-finance/election-results-and-voting-information/,"Verify all special primaries, conventions, repeat elections and runoffs; overlapping FEC appendices are not a unique-race census"
2015,VT,House and Senate,,special_election_census_not_reconciled,https://www.fec.gov/introduction-campaign-finance/election-results-and-voting-information/,"Verify all special primaries, conventions, repeat elections and runoffs; overlapping FEC appendices are not a unique-race census"
2015,WA,House and Senate,,special_election_census_not_reconciled,https://www.fec.gov/introduction-campaign-finance/election-results-and-voting-information/,"Verify all special primaries, conventions, repeat elections and runoffs; overlapping FEC appendices are not a unique-race census"
2015,WI,House and Senate,,special_election_census_not_reconciled,https://www.fec.gov/introduction-campaign-finance/election-results-and-voting-information/,"Verify all special primaries, conventions, repeat elections and runoffs; overlapping FEC appendices are not a unique-race census"
2015,WV,House and Senate,,special_election_census_not_reconciled,https://www.fec.gov/introduction-campaign-finance/election-results-and-voting-information/,"Verify all special primaries, conventions, repeat elections and runoffs; overlapping FEC appendices are not a unique-race census"
2015,WY,House and Senate,,special_election_census_not_reconciled,https://www.fec.gov/introduction-campaign-finance/election-results-and-voting-information/,"Verify all special primaries, conventions, repeat elections and runoffs; overlapping FEC appendices are not a unique-race census"
2016,AK,House and Senate,,special_election_census_not_reconciled,https://www.fec.gov/introduction-campaign-finance/election-results-and-voting-information/,"Verify all special primaries, conventions, repeat elections and runoffs; overlapping FEC appendices are not a unique-race census"
2016,AL,House and Senate,,special_election_census_not_reconciled,https://www.fec.gov/introduction-campaign-finance/election-results-and-voting-information/,"Verify all special primaries, conventions, repeat elections and runoffs; overlapping FEC appendices are not a unique-race census"
2016,AR,House and Senate,,special_election_census_not_reconciled,https://www.fec.gov/introduction-campaign-finance/election-results-and-voting-information/,"Verify all special primaries, conventions, repeat elections and runoffs; overlapping FEC appendices are not a unique-race census"
2016,AS,House and Senate,,special_election_census_not_reconciled,https://www.fec.gov/introduction-campaign-finance/election-results-and-voting-information/,"Verify all special primaries, conventions, repeat elections and runoffs; overlapping FEC appendices are not a unique-race census"
2016,AZ,House and Senate,,special_election_census_not_reconciled,https://www.fec.gov/introduction-campaign-finance/election-results-and-voting-information/,"Verify all special primaries, conventions, repeat elections and runoffs; overlapping FEC appendices are not a unique-race census"
2016,CA,House and Senate,,special_election_census_not_reconciled,https://www.fec.gov/introduction-campaign-finance/election-results-and-voting-information/,"Verify all special primaries, conventions, repeat elections and runoffs; overlapping FEC appendices are not a unique-race census"
2016,CO,House and Senate,,special_election_census_not_reconciled,https://www.fec.gov/introduction-campaign-finance/election-results-and-voting-information/,"Verify all special primaries, conventions, repeat elections and runoffs; overlapping FEC appendices are not a unique-race census"
2016,CT,House and Senate,,special_election_census_not_reconciled,https://www.fec.gov/introduction-campaign-finance/election-results-and-voting-information/,"Verify all special primaries, conventions, repeat elections and runoffs; overlapping FEC appendices are not a unique-race census"
2016,DC,House and Senate,,special_election_census_not_reconciled,https://www.fec.gov/introduction-campaign-finance/election-results-and-voting-information/,"Verify all special primaries, conventions, repeat elections and runoffs; overlapping FEC appendices are not a unique-race census"
2016,DE,House and Senate,,special_election_census_not_reconciled,https://www.fec.gov/introduction-campaign-finance/election-results-and-voting-information/,"Verify all special primaries, conventions, repeat elections and runoffs; overlapping FEC appendices are not a unique-race census"
2016,FL,House and Senate,,special_election_census_not_reconciled,https://www.fec.gov/introduction-campaign-finance/election-results-and-voting-information/,"Verify all special primaries, conventions, repeat elections and runoffs; overlapping FEC appendices are not a unique-race census"
2016,GA,House and Senate,,special_election_census_not_reconciled,https://www.fec.gov/introduction-campaign-finance/election-results-and-voting-information/,"Verify all special primaries, conventions, repeat elections and runoffs; overlapping FEC appendices are not a unique-race census"
2016,GU,House and Senate,,special_election_census_not_reconciled,https://www.fec.gov/introduction-campaign-finance/election-results-and-voting-information/,"Verify all special primaries, conventions, repeat elections and runoffs; overlapping FEC appendices are not a unique-race census"
2016,HI,House and Senate,,special_election_census_not_reconciled,https://www.fec.gov/introduction-campaign-finance/election-results-and-voting-information/,"Verify all special primaries, conventions, repeat elections and runoffs; overlapping FEC appendices are not a unique-race census"
2016,IA,House and Senate,,special_election_census_not_reconciled,https://www.fec.gov/introduction-campaign-finance/election-results-and-voting-information/,"Verify all special primaries, conventions, repeat elections and runoffs; overlapping FEC appendices are not a unique-race census"
2016,ID,House and Senate,,special_election_census_not_reconciled,https://www.fec.gov/introduction-campaign-finance/election-results-and-voting-information/,"Verify all special primaries, conventions, repeat elections and runoffs; overlapping FEC appendices are not a unique-race census"
2016,IL,House and Senate,,special_election_census_not_reconciled,https://www.fec.gov/introduction-campaign-finance/election-results-and-voting-information/,"Verify all special primaries, conventions, repeat elections and runoffs; overlapping FEC appendices are not a unique-race census"
2016,IN,House and Senate,,special_election_census_not_reconciled,https://www.fec.gov/introduction-campaign-finance/election-results-and-voting-information/,"Verify all special primaries, conventions, repeat elections and runoffs; overlapping FEC appendices are not a unique-race census"
2016,KS,House and Senate,,special_election_census_not_reconciled,https://www.fec.gov/introduction-campaign-finance/election-results-and-voting-information/,"Verify all special primaries, conventions, repeat elections and runoffs; overlapping FEC appendices are not a unique-race census"
2016,KY,House and Senate,,special_election_census_not_reconciled,https://www.fec.gov/introduction-campaign-finance/election-results-and-voting-information/,"Verify all special primaries, conventions, repeat elections and runoffs; overlapping FEC appendices are not a unique-race census"
2016,LA,House and Senate,,special_election_census_not_reconciled,https://www.fec.gov/introduction-campaign-finance/election-results-and-voting-information/,"Verify all special primaries, conventions, repeat elections and runoffs; overlapping FEC appendices are not a unique-race census"
2016,MA,House and Senate,,special_election_census_not_reconciled,https://www.fec.gov/introduction-campaign-finance/election-results-and-voting-information/,"Verify all special primaries, conventions, repeat elections and runoffs; overlapping FEC appendices are not a unique-race census"
2016,MD,House and Senate,,special_election_census_not_reconciled,https://www.fec.gov/introduction-campaign-finance/election-results-and-voting-information/,"Verify all special primaries, conventions, repeat elections and runoffs; overlapping FEC appendices are not a unique-race census"
2016,ME,House and Senate,,special_election_census_not_reconciled,https://www.fec.gov/introduction-campaign-finance/election-results-and-voting-information/,"Verify all special primaries, conventions, repeat elections and runoffs; overlapping FEC appendices are not a unique-race census"
2016,MI,House and Senate,,special_election_census_not_reconciled,https://www.fec.gov/introduction-campaign-finance/election-results-and-voting-information/,"Verify all special primaries, conventions, repeat elections and runoffs; overlapping FEC appendices are not a unique-race census"
2016,MN,House and Senate,,special_election_census_not_reconciled,https://www.fec.gov/introduction-campaign-finance/election-results-and-voting-information/,"Verify all special primaries, conventions, repeat elections and runoffs; overlapping FEC appendices are not a unique-race census"
2016,MO,House and Senate,,special_election_census_not_reconciled,https://www.fec.gov/introduction-campaign-finance/election-results-and-voting-information/,"Verify all special primaries, conventions, repeat elections and runoffs; overlapping FEC appendices are not a unique-race census"
2016,MP,House and Senate,,special_election_census_not_reconciled,https://www.fec.gov/introduction-campaign-finance/election-results-and-voting-information/,"Verify all special primaries, conventions, repeat elections and runoffs; overlapping FEC appendices are not a unique-race census"
2016,MS,House and Senate,,special_election_census_not_reconciled,https://www.fec.gov/introduction-campaign-finance/election-results-and-voting-information/,"Verify all special primaries, conventions, repeat elections and runoffs; overlapping FEC appendices are not a unique-race census"
2016,MT,House and Senate,,special_election_census_not_reconciled,https://www.fec.gov/introduction-campaign-finance/election-results-and-voting-information/,"Verify all special primaries, conventions, repeat elections and runoffs; overlapping FEC appendices are not a unique-race census"
2016,NC,House and Senate,,special_election_census_not_reconciled,https://www.fec.gov/introduction-campaign-finance/election-results-and-voting-information/,"Verify all special primaries, conventions, repeat elections and runoffs; overlapping FEC appendices are not a unique-race census"
2016,ND,House and Senate,,special_election_census_not_reconciled,https://www.fec.gov/introduction-campaign-finance/election-results-and-voting-information/,"Verify all special primaries, conventions, repeat elections and runoffs; overlapping FEC appendices are not a unique-race census"
2016,NE,House and Senate,,special_election_census_not_reconciled,https://www.fec.gov/introduction-campaign-finance/election-results-and-voting-information/,"Verify all special primaries, conventions, repeat elections and runoffs; overlapping FEC appendices are not a unique-race census"
2016,NH,House and Senate,,special_election_census_not_reconciled,https://www.fec.gov/introduction-campaign-finance/election-results-and-voting-information/,"Verify all special primaries, conventions, repeat elections and runoffs; overlapping FEC appendices are not a unique-race census"
2016,NJ,House and Senate,,special_election_census_not_reconciled,https://www.fec.gov/introduction-campaign-finance/election-results-and-voting-information/,"Verify all special primaries, conventions, repeat elections and runoffs; overlapping FEC appendices are not a unique-race census"
2016,NM,House and Senate,,special_election_census_not_reconciled,https://www.fec.gov/introduction-campaign-finance/election-results-and-voting-information/,"Verify all special primaries, conventions, repeat elections and runoffs; overlapping FEC appendices are not a unique-race census"
2016,NV,House and Senate,,special_election_census_not_reconciled,https://www.fec.gov/introduction-campaign-finance/election-results-and-voting-information/,"Verify all special primaries, conventions, repeat elections and runoffs; overlapping FEC appendices are not a unique-race census"
2016,NY,House and Senate,,special_election_census_not_reconciled,https://www.fec.gov/introduction-campaign-finance/election-results-and-voting-information/,"Verify all special primaries, conventions, repeat elections and runoffs; overlapping FEC appendices are not a unique-race census"
2016,OH,House and Senate,,special_election_census_not_reconciled,https://www.fec.gov/introduction-campaign-finance/election-results-and-voting-information/,"Verify all special primaries, conventions, repeat elections and runoffs; overlapping FEC appendices are not a unique-race census"
2016,OK,House and Senate,,special_election_census_not_reconciled,https://www.fec.gov/introduction-campaign-finance/election-results-and-voting-information/,"Verify all special primaries, conventions, repeat elections and runoffs; overlapping FEC appendices are not a unique-race census"
2016,OR,House and Senate,,special_election_census_not_reconciled,https://www.fec.gov/introduction-campaign-finance/election-results-and-voting-information/,"Verify all special primaries, conventions, repeat elections and runoffs; overlapping FEC appendices are not a unique-race census"
2016,PA,House and Senate,,special_election_census_not_reconciled,https://www.fec.gov/introduction-campaign-finance/election-results-and-voting-information/,"Verify all special primaries, conventions, repeat elections and runoffs; overlapping FEC appendices are not a unique-race census"
2016,PR,House and Senate,,special_election_census_not_reconciled,https://www.fec.gov/introduction-campaign-finance/election-results-and-voting-information/,"Verify all special primaries, conventions, repeat elections and runoffs; overlapping FEC appendices are not a unique-race census"
2016,RI,House and Senate,,special_election_census_not_reconciled,https://www.fec.gov/introduction-campaign-finance/election-results-and-voting-information/,"Verify all special primaries, conventions, repeat elections and runoffs; overlapping FEC appendices are not a unique-race census"
2016,SC,House and Senate,,special_election_census_not_reconciled,https://www.fec.gov/introduction-campaign-finance/election-results-and-voting-information/,"Verify all special primaries, conventions, repeat elections and runoffs; overlapping FEC appendices are not a unique-race census"
2016,SD,House and Senate,,special_election_census_not_reconciled,https://www.fec.gov/introduction-campaign-finance/election-results-and-voting-information/,"Verify all special primaries, conventions, repeat elections and runoffs; overlapping FEC appendices are not a unique-race census"
2016,TN,House and Senate,,special_election_census_not_reconciled,https://www.fec.gov/introduction-campaign-finance/election-results-and-voting-information/,"Verify all special primaries, conventions, repeat elections and runoffs; overlapping FEC appendices are not a unique-race census"
2016,TX,House and Senate,,special_election_census_not_reconciled,https://www.fec.gov/introduction-campaign-finance/election-results-and-voting-information/,"Verify all special primaries, conventions, repeat elections and runoffs; overlapping FEC appendices are not a unique-race census"
2016,UT,House and Senate,,special_election_census_not_reconciled,https://www.fec.gov/introduction-campaign-finance/election-results-and-voting-information/,"Verify all special primaries, conventions, repeat elections and runoffs; overlapping FEC appendices are not a unique-race census"
2016,VA,House and Senate,,special_election_census_not_reconciled,https://www.fec.gov/introduction-campaign-finance/election-results-and-voting-information/,"Verify all special primaries, conventions, repeat elections and runoffs; overlapping FEC appendices are not a unique-race census"
2016,VI,House and Senate,,special_election_census_not_reconciled,https://www.fec.gov/introduction-campaign-finance/election-results-and-voting-information/,"Verify all special primaries, conventions, repeat elections and runoffs; overlapping FEC appendices are not a unique-race census"
2016,VT,House and Senate,,special_election_census_not_reconciled,https://www.fec.gov/introduction-campaign-finance/election-results-and-voting-information/,"Verify all special primaries, conventions, repeat elections and runoffs; overlapping FEC appendices are not a unique-race census"
2016,WA,House and Senate,,special_election_census_not_reconciled,https://www.fec.gov/introduction-campaign-finance/election-results-and-voting-information/,"Verify all special primaries, conventions, repeat elections and runoffs; overlapping FEC appendices are not a unique-race census"
2016,WI,House and Senate,,special_election_census_not_reconciled,https://www.fec.gov/introduction-campaign-finance/election-results-and-voting-information/,"Verify all special primaries, conventions, repeat elections and runoffs; overlapping FEC appendices are not a unique-race census"
2016,WV,House and Senate,,special_election_census_not_reconciled,https://www.fec.gov/introduction-campaign-finance/election-results-and-voting-information/,"Verify all special primaries, conventions, repeat elections and runoffs; overlapping FEC appendices are not a unique-race census"
2016,WY,House and Senate,,special_election_census_not_reconciled,https://www.fec.gov/introduction-campaign-finance/election-results-and-voting-information/,"Verify all special primaries, conventions, repeat elections and runoffs; overlapping FEC appendices are not a unique-race census"
2017,AK,House and Senate,,special_election_census_not_reconciled,https://www.fec.gov/introduction-campaign-finance/election-results-and-voting-information/,"Verify all special primaries, conventions, repeat elections and runoffs; overlapping FEC appendices are not a unique-race census"
2017,AL,House and Senate,,special_election_census_not_reconciled,https://www.fec.gov/introduction-campaign-finance/election-results-and-voting-information/,"Verify all special primaries, conventions, repeat elections and runoffs; overlapping FEC appendices are not a unique-race census"
2017,AR,House and Senate,,special_election_census_not_reconciled,https://www.fec.gov/introduction-campaign-finance/election-results-and-voting-information/,"Verify all special primaries, conventions, repeat elections and runoffs; overlapping FEC appendices are not a unique-race census"
2017,AS,House and Senate,,special_election_census_not_reconciled,https://www.fec.gov/introduction-campaign-finance/election-results-and-voting-information/,"Verify all special primaries, conventions, repeat elections and runoffs; overlapping FEC appendices are not a unique-race census"
2017,AZ,House and Senate,,special_election_census_not_reconciled,https://www.fec.gov/introduction-campaign-finance/election-results-and-voting-information/,"Verify all special primaries, conventions, repeat elections and runoffs; overlapping FEC appendices are not a unique-race census"
2017,CA,House and Senate,,special_election_census_not_reconciled,https://www.fec.gov/introduction-campaign-finance/election-results-and-voting-information/,"Verify all special primaries, conventions, repeat elections and runoffs; overlapping FEC appendices are not a unique-race census"
2017,CO,House and Senate,,special_election_census_not_reconciled,https://www.fec.gov/introduction-campaign-finance/election-results-and-voting-information/,"Verify all special primaries, conventions, repeat elections and runoffs; overlapping FEC appendices are not a unique-race census"
2017,CT,House and Senate,,special_election_census_not_reconciled,https://www.fec.gov/introduction-campaign-finance/election-results-and-voting-information/,"Verify all special primaries, conventions, repeat elections and runoffs; overlapping FEC appendices are not a unique-race census"
2017,DC,House and Senate,,special_election_census_not_reconciled,https://www.fec.gov/introduction-campaign-finance/election-results-and-voting-information/,"Verify all special primaries, conventions, repeat elections and runoffs; overlapping FEC appendices are not a unique-race census"
2017,DE,House and Senate,,special_election_census_not_reconciled,https://www.fec.gov/introduction-campaign-finance/election-results-and-voting-information/,"Verify all special primaries, conventions, repeat elections and runoffs; overlapping FEC appendices are not a unique-race census"
2017,FL,House and Senate,,special_election_census_not_reconciled,https://www.fec.gov/introduction-campaign-finance/election-results-and-voting-information/,"Verify all special primaries, conventions, repeat elections and runoffs; overlapping FEC appendices are not a unique-race census"
2017,GA,House and Senate,,special_election_census_not_reconciled,https://www.fec.gov/introduction-campaign-finance/election-results-and-voting-information/,"Verify all special primaries, conventions, repeat elections and runoffs; overlapping FEC appendices are not a unique-race census"
2017,GU,House and Senate,,special_election_census_not_reconciled,https://www.fec.gov/introduction-campaign-finance/election-results-and-voting-information/,"Verify all special primaries, conventions, repeat elections and runoffs; overlapping FEC appendices are not a unique-race census"
2017,HI,House and Senate,,special_election_census_not_reconciled,https://www.fec.gov/introduction-campaign-finance/election-results-and-voting-information/,"Verify all special primaries, conventions, repeat elections and runoffs; overlapping FEC appendices are not a unique-race census"
2017,IA,House and Senate,,special_election_census_not_reconciled,https://www.fec.gov/introduction-campaign-finance/election-results-and-voting-information/,"Verify all special primaries, conventions, repeat elections and runoffs; overlapping FEC appendices are not a unique-race census"
2017,ID,House and Senate,,special_election_census_not_reconciled,https://www.fec.gov/introduction-campaign-finance/election-results-and-voting-information/,"Verify all special primaries, conventions, repeat elections and runoffs; overlapping FEC appendices are not a unique-race census"
2017,IL,House and Senate,,special_election_census_not_reconciled,https://www.fec.gov/introduction-campaign-finance/election-results-and-voting-information/,"Verify all special primaries, conventions, repeat elections and runoffs; overlapping FEC appendices are not a unique-race census"
2017,IN,House and Senate,,special_election_census_not_reconciled,https://www.fec.gov/introduction-campaign-finance/election-results-and-voting-information/,"Verify all special primaries, conventions, repeat elections and runoffs; overlapping FEC appendices are not a unique-race census"
2017,KS,House and Senate,,special_election_census_not_reconciled,https://www.fec.gov/introduction-campaign-finance/election-results-and-voting-information/,"Verify all special primaries, conventions, repeat elections and runoffs; overlapping FEC appendices are not a unique-race census"
2017,KY,House and Senate,,special_election_census_not_reconciled,https://www.fec.gov/introduction-campaign-finance/election-results-and-voting-information/,"Verify all special primaries, conventions, repeat elections and runoffs; overlapping FEC appendices are not a unique-race census"
2017,LA,House and Senate,,special_election_census_not_reconciled,https://www.fec.gov/introduction-campaign-finance/election-results-and-voting-information/,"Verify all special primaries, conventions, repeat elections and runoffs; overlapping FEC appendices are not a unique-race census"
2017,MA,House and Senate,,special_election_census_not_reconciled,https://www.fec.gov/introduction-campaign-finance/election-results-and-voting-information/,"Verify all special primaries, conventions, repeat elections and runoffs; overlapping FEC appendices are not a unique-race census"
2017,MD,House and Senate,,special_election_census_not_reconciled,https://www.fec.gov/introduction-campaign-finance/election-results-and-voting-information/,"Verify all special primaries, conventions, repeat elections and runoffs; overlapping FEC appendices are not a unique-race census"
2017,ME,House and Senate,,special_election_census_not_reconciled,https://www.fec.gov/introduction-campaign-finance/election-results-and-voting-information/,"Verify all special primaries, conventions, repeat elections and runoffs; overlapping FEC appendices are not a unique-race census"
2017,MI,House and Senate,,special_election_census_not_reconciled,https://www.fec.gov/introduction-campaign-finance/election-results-and-voting-information/,"Verify all special primaries, conventions, repeat elections and runoffs; overlapping FEC appendices are not a unique-race census"
2017,MN,House and Senate,,special_election_census_not_reconciled,https://www.fec.gov/introduction-campaign-finance/election-results-and-voting-information/,"Verify all special primaries, conventions, repeat elections and runoffs; overlapping FEC appendices are not a unique-race census"
2017,MO,House and Senate,,special_election_census_not_reconciled,https://www.fec.gov/introduction-campaign-finance/election-results-and-voting-information/,"Verify all special primaries, conventions, repeat elections and runoffs; overlapping FEC appendices are not a unique-race census"
2017,MP,House and Senate,,special_election_census_not_reconciled,https://www.fec.gov/introduction-campaign-finance/election-results-and-voting-information/,"Verify all special primaries, conventions, repeat elections and runoffs; overlapping FEC appendices are not a unique-race census"
2017,MS,House and Senate,,special_election_census_not_reconciled,https://www.fec.gov/introduction-campaign-finance/election-results-and-voting-information/,"Verify all special primaries, conventions, repeat elections and runoffs; overlapping FEC appendices are not a unique-race census"
2017,MT,House and Senate,,special_election_census_not_reconciled,https://www.fec.gov/introduction-campaign-finance/election-results-and-voting-information/,"Verify all special primaries, conventions, repeat elections and runoffs; overlapping FEC appendices are not a unique-race census"
2017,NC,House and Senate,,special_election_census_not_reconciled,https://www.fec.gov/introduction-campaign-finance/election-results-and-voting-information/,"Verify all special primaries, conventions, repeat elections and runoffs; overlapping FEC appendices are not a unique-race census"
2017,ND,House and Senate,,special_election_census_not_reconciled,https://www.fec.gov/introduction-campaign-finance/election-results-and-voting-information/,"Verify all special primaries, conventions, repeat elections and runoffs; overlapping FEC appendices are not a unique-race census"
2017,NE,House and Senate,,special_election_census_not_reconciled,https://www.fec.gov/introduction-campaign-finance/election-results-and-voting-information/,"Verify all special primaries, conventions, repeat elections and runoffs; overlapping FEC appendices are not a unique-race census"
2017,NH,House and Senate,,special_election_census_not_reconciled,https://www.fec.gov/introduction-campaign-finance/election-results-and-voting-information/,"Verify all special primaries, conventions, repeat elections and runoffs; overlapping FEC appendices are not a unique-race census"
2017,NJ,House and Senate,,special_election_census_not_reconciled,https://www.fec.gov/introduction-campaign-finance/election-results-and-voting-information/,"Verify all special primaries, conventions, repeat elections and runoffs; overlapping FEC appendices are not a unique-race census"
2017,NM,House and Senate,,special_election_census_not_reconciled,https://www.fec.gov/introduction-campaign-finance/election-results-and-voting-information/,"Verify all special primaries, conventions, repeat elections and runoffs; overlapping FEC appendices are not a unique-race census"
2017,NV,House and Senate,,special_election_census_not_reconciled,https://www.fec.gov/introduction-campaign-finance/election-results-and-voting-information/,"Verify all special primaries, conventions, repeat elections and runoffs; overlapping FEC appendices are not a unique-race census"
2017,NY,House and Senate,,special_election_census_not_reconciled,https://www.fec.gov/introduction-campaign-finance/election-results-and-voting-information/,"Verify all special primaries, conventions, repeat elections and runoffs; overlapping FEC appendices are not a unique-race census"
2017,OH,House and Senate,,special_election_census_not_reconciled,https://www.fec.gov/introduction-campaign-finance/election-results-and-voting-information/,"Verify all special primaries, conventions, repeat elections and runoffs; overlapping FEC appendices are not a unique-race census"
2017,OK,House and Senate,,special_election_census_not_reconciled,https://www.fec.gov/introduction-campaign-finance/election-results-and-voting-information/,"Verify all special primaries, conventions, repeat elections and runoffs; overlapping FEC appendices are not a unique-race census"
2017,OR,House and Senate,,special_election_census_not_reconciled,https://www.fec.gov/introduction-campaign-finance/election-results-and-voting-information/,"Verify all special primaries, conventions, repeat elections and runoffs; overlapping FEC appendices are not a unique-race census"
2017,PA,House and Senate,,special_election_census_not_reconciled,https://www.fec.gov/introduction-campaign-finance/election-results-and-voting-information/,"Verify all special primaries, conventions, repeat elections and runoffs; overlapping FEC appendices are not a unique-race census"
2017,PR,House and Senate,,special_election_census_not_reconciled,https://www.fec.gov/introduction-campaign-finance/election-results-and-voting-information/,"Verify all special primaries, conventions, repeat elections and runoffs; overlapping FEC appendices are not a unique-race census"
2017,RI,House and Senate,,special_election_census_not_reconciled,https://www.fec.gov/introduction-campaign-finance/election-results-and-voting-information/,"Verify all special primaries, conventions, repeat elections and runoffs; overlapping FEC appendices are not a unique-race census"
2017,SC,House and Senate,,special_election_census_not_reconciled,https://www.fec.gov/introduction-campaign-finance/election-results-and-voting-information/,"Verify all special primaries, conventions, repeat elections and runoffs; overlapping FEC appendices are not a unique-race census"
2017,SD,House and Senate,,special_election_census_not_reconciled,https://www.fec.gov/introduction-campaign-finance/election-results-and-voting-information/,"Verify all special primaries, conventions, repeat elections and runoffs; overlapping FEC appendices are not a unique-race census"
2017,TN,House and Senate,,special_election_census_not_reconciled,https://www.fec.gov/introduction-campaign-finance/election-results-and-voting-information/,"Verify all special primaries, conventions, repeat elections and runoffs; overlapping FEC appendices are not a unique-race census"
2017,TX,House and Senate,,special_election_census_not_reconciled,https://www.fec.gov/introduction-campaign-finance/election-results-and-voting-information/,"Verify all special primaries, conventions, repeat elections and runoffs; overlapping FEC appendices are not a unique-race census"
2017,UT,House and Senate,,special_election_census_not_reconciled,https://www.fec.gov/introduction-campaign-finance/election-results-and-voting-information/,"Verify all special primaries, conventions, repeat elections and runoffs; overlapping FEC appendices are not a unique-race census"
2017,VA,House and Senate,,special_election_census_not_reconciled,https://www.fec.gov/introduction-campaign-finance/election-results-and-voting-information/,"Verify all special primaries, conventions, repeat elections and runoffs; overlapping FEC appendices are not a unique-race census"
2017,VI,House and Senate,,special_election_census_not_reconciled,https://www.fec.gov/introduction-campaign-finance/election-results-and-voting-information/,"Verify all special primaries, conventions, repeat elections and runoffs; overlapping FEC appendices are not a unique-race census"
2017,VT,House and Senate,,special_election_census_not_reconciled,https://www.fec.gov/introduction-campaign-finance/election-results-and-voting-information/,"Verify all special primaries, conventions, repeat elections and runoffs; overlapping FEC appendices are not a unique-race census"
2017,WA,House and Senate,,special_election_census_not_reconciled,https://www.fec.gov/introduction-campaign-finance/election-results-and-voting-information/,"Verify all special primaries, conventions, repeat elections and runoffs; overlapping FEC appendices are not a unique-race census"
2017,WI,House and Senate,,special_election_census_not_reconciled,https://www.fec.gov/introduction-campaign-finance/election-results-and-voting-information/,"Verify all special primaries, conventions, repeat elections and runoffs; overlapping FEC appendices are not a unique-race census"
2017,WV,House and Senate,,special_election_census_not_reconciled,https://www.fec.gov/introduction-campaign-finance/election-results-and-voting-information/,"Verify all special primaries, conventions, repeat elections and runoffs; overlapping FEC appendices are not a unique-race census"
2017,WY,House and Senate,,special_election_census_not_reconciled,https://www.fec.gov/introduction-campaign-finance/election-results-and-voting-information/,"Verify all special primaries, conventions, repeat elections and runoffs; overlapping FEC appendices are not a unique-race census"
2018,AK,House and Senate,,special_election_census_not_reconciled,https://www.fec.gov/introduction-campaign-finance/election-results-and-voting-information/,"Verify all special primaries, conventions, repeat elections and runoffs; overlapping FEC appendices are not a unique-race census"
2018,AL,House and Senate,,special_election_census_not_reconciled,https://www.fec.gov/introduction-campaign-finance/election-results-and-voting-information/,"Verify all special primaries, conventions, repeat elections and runoffs; overlapping FEC appendices are not a unique-race census"
2018,AR,House and Senate,,special_election_census_not_reconciled,https://www.fec.gov/introduction-campaign-finance/election-results-and-voting-information/,"Verify all special primaries, conventions, repeat elections and runoffs; overlapping FEC appendices are not a unique-race census"
2018,AS,House and Senate,,special_election_census_not_reconciled,https://www.fec.gov/introduction-campaign-finance/election-results-and-voting-information/,"Verify all special primaries, conventions, repeat elections and runoffs; overlapping FEC appendices are not a unique-race census"
2018,AZ,House and Senate,,special_election_census_not_reconciled,https://www.fec.gov/introduction-campaign-finance/election-results-and-voting-information/,"Verify all special primaries, conventions, repeat elections and runoffs; overlapping FEC appendices are not a unique-race census"
2018,CA,House and Senate,,special_election_census_not_reconciled,https://www.fec.gov/introduction-campaign-finance/election-results-and-voting-information/,"Verify all special primaries, conventions, repeat elections and runoffs; overlapping FEC appendices are not a unique-race census"
2018,CO,House and Senate,,special_election_census_not_reconciled,https://www.fec.gov/introduction-campaign-finance/election-results-and-voting-information/,"Verify all special primaries, conventions, repeat elections and runoffs; overlapping FEC appendices are not a unique-race census"
2018,CT,House and Senate,,special_election_census_not_reconciled,https://www.fec.gov/introduction-campaign-finance/election-results-and-voting-information/,"Verify all special primaries, conventions, repeat elections and runoffs; overlapping FEC appendices are not a unique-race census"
2018,DC,House and Senate,,special_election_census_not_reconciled,https://www.fec.gov/introduction-campaign-finance/election-results-and-voting-information/,"Verify all special primaries, conventions, repeat elections and runoffs; overlapping FEC appendices are not a unique-race census"
2018,DE,House and Senate,,special_election_census_not_reconciled,https://www.fec.gov/introduction-campaign-finance/election-results-and-voting-information/,"Verify all special primaries, conventions, repeat elections and runoffs; overlapping FEC appendices are not a unique-race census"
2018,FL,House and Senate,,special_election_census_not_reconciled,https://www.fec.gov/introduction-campaign-finance/election-results-and-voting-information/,"Verify all special primaries, conventions, repeat elections and runoffs; overlapping FEC appendices are not a unique-race census"
2018,GA,House and Senate,,special_election_census_not_reconciled,https://www.fec.gov/introduction-campaign-finance/election-results-and-voting-information/,"Verify all special primaries, conventions, repeat elections and runoffs; overlapping FEC appendices are not a unique-race census"
2018,GU,House and Senate,,special_election_census_not_reconciled,https://www.fec.gov/introduction-campaign-finance/election-results-and-voting-information/,"Verify all special primaries, conventions, repeat elections and runoffs; overlapping FEC appendices are not a unique-race census"
2018,HI,House and Senate,,special_election_census_not_reconciled,https://www.fec.gov/introduction-campaign-finance/election-results-and-voting-information/,"Verify all special primaries, conventions, repeat elections and runoffs; overlapping FEC appendices are not a unique-race census"
2018,IA,House and Senate,,special_election_census_not_reconciled,https://www.fec.gov/introduction-campaign-finance/election-results-and-voting-information/,"Verify all special primaries, conventions, repeat elections and runoffs; overlapping FEC appendices are not a unique-race census"
2018,ID,House and Senate,,special_election_census_not_reconciled,https://www.fec.gov/introduction-campaign-finance/election-results-and-voting-information/,"Verify all special primaries, conventions, repeat elections and runoffs; overlapping FEC appendices are not a unique-race census"
2018,IL,House and Senate,,special_election_census_not_reconciled,https://www.fec.gov/introduction-campaign-finance/election-results-and-voting-information/,"Verify all special primaries, conventions, repeat elections and runoffs; overlapping FEC appendices are not a unique-race census"
2018,IN,House and Senate,,special_election_census_not_reconciled,https://www.fec.gov/introduction-campaign-finance/election-results-and-voting-information/,"Verify all special primaries, conventions, repeat elections and runoffs; overlapping FEC appendices are not a unique-race census"
2018,KS,House and Senate,,special_election_census_not_reconciled,https://www.fec.gov/introduction-campaign-finance/election-results-and-voting-information/,"Verify all special primaries, conventions, repeat elections and runoffs; overlapping FEC appendices are not a unique-race census"
2018,KY,House and Senate,,special_election_census_not_reconciled,https://www.fec.gov/introduction-campaign-finance/election-results-and-voting-information/,"Verify all special primaries, conventions, repeat elections and runoffs; overlapping FEC appendices are not a unique-race census"
2018,LA,House and Senate,,special_election_census_not_reconciled,https://www.fec.gov/introduction-campaign-finance/election-results-and-voting-information/,"Verify all special primaries, conventions, repeat elections and runoffs; overlapping FEC appendices are not a unique-race census"
2018,MA,House and Senate,,special_election_census_not_reconciled,https://www.fec.gov/introduction-campaign-finance/election-results-and-voting-information/,"Verify all special primaries, conventions, repeat elections and runoffs; overlapping FEC appendices are not a unique-race census"
2018,MD,House and Senate,,special_election_census_not_reconciled,https://www.fec.gov/introduction-campaign-finance/election-results-and-voting-information/,"Verify all special primaries, conventions, repeat elections and runoffs; overlapping FEC appendices are not a unique-race census"
2018,ME,House and Senate,,special_election_census_not_reconciled,https://www.fec.gov/introduction-campaign-finance/election-results-and-voting-information/,"Verify all special primaries, conventions, repeat elections and runoffs; overlapping FEC appendices are not a unique-race census"
2018,MI,House and Senate,,special_election_census_not_reconciled,https://www.fec.gov/introduction-campaign-finance/election-results-and-voting-information/,"Verify all special primaries, conventions, repeat elections and runoffs; overlapping FEC appendices are not a unique-race census"
2018,MN,House and Senate,,special_election_census_not_reconciled,https://www.fec.gov/introduction-campaign-finance/election-results-and-voting-information/,"Verify all special primaries, conventions, repeat elections and runoffs; overlapping FEC appendices are not a unique-race census"
2018,MO,House and Senate,,special_election_census_not_reconciled,https://www.fec.gov/introduction-campaign-finance/election-results-and-voting-information/,"Verify all special primaries, conventions, repeat elections and runoffs; overlapping FEC appendices are not a unique-race census"
2018,MP,House and Senate,,special_election_census_not_reconciled,https://www.fec.gov/introduction-campaign-finance/election-results-and-voting-information/,"Verify all special primaries, conventions, repeat elections and runoffs; overlapping FEC appendices are not a unique-race census"
2018,MS,House and Senate,,special_election_census_not_reconciled,https://www.fec.gov/introduction-campaign-finance/election-results-and-voting-information/,"Verify all special primaries, conventions, repeat elections and runoffs; overlapping FEC appendices are not a unique-race census"
2018,MT,House and Senate,,special_election_census_not_reconciled,https://www.fec.gov/introduction-campaign-finance/election-results-and-voting-information/,"Verify all special primaries, conventions, repeat elections and runoffs; overlapping FEC appendices are not a unique-race census"
2018,NC,House and Senate,,special_election_census_not_reconciled,https://www.fec.gov/introduction-campaign-finance/election-results-and-voting-information/,"Verify all special primaries, conventions, repeat elections and runoffs; overlapping FEC appendices are not a unique-race census"
2018,ND,House and Senate,,special_election_census_not_reconciled,https://www.fec.gov/introduction-campaign-finance/election-results-and-voting-information/,"Verify all special primaries, conventions, repeat elections and runoffs; overlapping FEC appendices are not a unique-race census"
2018,NE,House and Senate,,special_election_census_not_reconciled,https://www.fec.gov/introduction-campaign-finance/election-results-and-voting-information/,"Verify all special primaries, conventions, repeat elections and runoffs; overlapping FEC appendices are not a unique-race census"
2018,NH,House and Senate,,special_election_census_not_reconciled,https://www.fec.gov/introduction-campaign-finance/election-results-and-voting-information/,"Verify all special primaries, conventions, repeat elections and runoffs; overlapping FEC appendices are not a unique-race census"
2018,NJ,House and Senate,,special_election_census_not_reconciled,https://www.fec.gov/introduction-campaign-finance/election-results-and-voting-information/,"Verify all special primaries, conventions, repeat elections and runoffs; overlapping FEC appendices are not a unique-race census"
2018,NM,House and Senate,,special_election_census_not_reconciled,https://www.fec.gov/introduction-campaign-finance/election-results-and-voting-information/,"Verify all special primaries, conventions, repeat elections and runoffs; overlapping FEC appendices are not a unique-race census"
2018,NV,House and Senate,,special_election_census_not_reconciled,https://www.fec.gov/introduction-campaign-finance/election-results-and-voting-information/,"Verify all special primaries, conventions, repeat elections and runoffs; overlapping FEC appendices are not a unique-race census"
2018,NY,House and Senate,,special_election_census_not_reconciled,https://www.fec.gov/introduction-campaign-finance/election-results-and-voting-information/,"Verify all special primaries, conventions, repeat elections and runoffs; overlapping FEC appendices are not a unique-race census"
2018,OH,House and Senate,,special_election_census_not_reconciled,https://www.fec.gov/introduction-campaign-finance/election-results-and-voting-information/,"Verify all special primaries, conventions, repeat elections and runoffs; overlapping FEC appendices are not a unique-race census"
2018,OK,House and Senate,,special_election_census_not_reconciled,https://www.fec.gov/introduction-campaign-finance/election-results-and-voting-information/,"Verify all special primaries, conventions, repeat elections and runoffs; overlapping FEC appendices are not a unique-race census"
2018,OR,House and Senate,,special_election_census_not_reconciled,https://www.fec.gov/introduction-campaign-finance/election-results-and-voting-information/,"Verify all special primaries, conventions, repeat elections and runoffs; overlapping FEC appendices are not a unique-race census"
2018,PA,House and Senate,,special_election_census_not_reconciled,https://www.fec.gov/introduction-campaign-finance/election-results-and-voting-information/,"Verify all special primaries, conventions, repeat elections and runoffs; overlapping FEC appendices are not a unique-race census"
2018,PR,House and Senate,,special_election_census_not_reconciled,https://www.fec.gov/introduction-campaign-finance/election-results-and-voting-information/,"Verify all special primaries, conventions, repeat elections and runoffs; overlapping FEC appendices are not a unique-race census"
2018,RI,House and Senate,,special_election_census_not_reconciled,https://www.fec.gov/introduction-campaign-finance/election-results-and-voting-information/,"Verify all special primaries, conventions, repeat elections and runoffs; overlapping FEC appendices are not a unique-race census"
2018,SC,House and Senate,,special_election_census_not_reconciled,https://www.fec.gov/introduction-campaign-finance/election-results-and-voting-information/,"Verify all special primaries, conventions, repeat elections and runoffs; overlapping FEC appendices are not a unique-race census"
2018,SD,House and Senate,,special_election_census_not_reconciled,https://www.fec.gov/introduction-campaign-finance/election-results-and-voting-information/,"Verify all special primaries, conventions, repeat elections and runoffs; overlapping FEC appendices are not a unique-race census"
2018,TN,House and Senate,,special_election_census_not_reconciled,https://www.fec.gov/introduction-campaign-finance/election-results-and-voting-information/,"Verify all special primaries, conventions, repeat elections and runoffs; overlapping FEC appendices are not a unique-race census"
2018,TX,House and Senate,,special_election_census_not_reconciled,https://www.fec.gov/introduction-campaign-finance/election-results-and-voting-information/,"Verify all special primaries, conventions, repeat elections and runoffs; overlapping FEC appendices are not a unique-race census"
2018,UT,House and Senate,,special_election_census_not_reconciled,https://www.fec.gov/introduction-campaign-finance/election-results-and-voting-information/,"Verify all special primaries, conventions, repeat elections and runoffs; overlapping FEC appendices are not a unique-race census"
2018,VA,House and Senate,,special_election_census_not_reconciled,https://www.fec.gov/introduction-campaign-finance/election-results-and-voting-information/,"Verify all special primaries, conventions, repeat elections and runoffs; overlapping FEC appendices are not a unique-race census"
2018,VI,House and Senate,,special_election_census_not_reconciled,https://www.fec.gov/introduction-campaign-finance/election-results-and-voting-information/,"Verify all special primaries, conventions, repeat elections and runoffs; overlapping FEC appendices are not a unique-race census"
2018,VT,House and Senate,,special_election_census_not_reconciled,https://www.fec.gov/introduction-campaign-finance/election-results-and-voting-information/,"Verify all special primaries, conventions, repeat elections and runoffs; overlapping FEC appendices are not a unique-race census"
2018,WA,House and Senate,,special_election_census_not_reconciled,https://www.fec.gov/introduction-campaign-finance/election-results-and-voting-information/,"Verify all special primaries, conventions, repeat elections and runoffs; overlapping FEC appendices are not a unique-race census"
2018,WI,House and Senate,,special_election_census_not_reconciled,https://www.fec.gov/introduction-campaign-finance/election-results-and-voting-information/,"Verify all special primaries, conventions, repeat elections and runoffs; overlapping FEC appendices are not a unique-race census"
2018,WV,House and Senate,,special_election_census_not_reconciled,https://www.fec.gov/introduction-campaign-finance/election-results-and-voting-information/,"Verify all special primaries, conventions, repeat elections and runoffs; overlapping FEC appendices are not a unique-race census"
2018,WY,House and Senate,,special_election_census_not_reconciled,https://www.fec.gov/introduction-campaign-finance/election-results-and-voting-information/,"Verify all special primaries, conventions, repeat elections and runoffs; overlapping FEC appendices are not a unique-race census"
2019,AK,House and Senate,,special_election_census_not_reconciled,https://www.fec.gov/introduction-campaign-finance/election-results-and-voting-information/,"Verify all special primaries, conventions, repeat elections and runoffs; overlapping FEC appendices are not a unique-race census"
2019,AL,House and Senate,,special_election_census_not_reconciled,https://www.fec.gov/introduction-campaign-finance/election-results-and-voting-information/,"Verify all special primaries, conventions, repeat elections and runoffs; overlapping FEC appendices are not a unique-race census"
2019,AR,House and Senate,,special_election_census_not_reconciled,https://www.fec.gov/introduction-campaign-finance/election-results-and-voting-information/,"Verify all special primaries, conventions, repeat elections and runoffs; overlapping FEC appendices are not a unique-race census"
2019,AS,House and Senate,,special_election_census_not_reconciled,https://www.fec.gov/introduction-campaign-finance/election-results-and-voting-information/,"Verify all special primaries, conventions, repeat elections and runoffs; overlapping FEC appendices are not a unique-race census"
2019,AZ,House and Senate,,special_election_census_not_reconciled,https://www.fec.gov/introduction-campaign-finance/election-results-and-voting-information/,"Verify all special primaries, conventions, repeat elections and runoffs; overlapping FEC appendices are not a unique-race census"
2019,CA,House and Senate,,special_election_census_not_reconciled,https://www.fec.gov/introduction-campaign-finance/election-results-and-voting-information/,"Verify all special primaries, conventions, repeat elections and runoffs; overlapping FEC appendices are not a unique-race census"
2019,CO,House and Senate,,special_election_census_not_reconciled,https://www.fec.gov/introduction-campaign-finance/election-results-and-voting-information/,"Verify all special primaries, conventions, repeat elections and runoffs; overlapping FEC appendices are not a unique-race census"
2019,CT,House and Senate,,special_election_census_not_reconciled,https://www.fec.gov/introduction-campaign-finance/election-results-and-voting-information/,"Verify all special primaries, conventions, repeat elections and runoffs; overlapping FEC appendices are not a unique-race census"
2019,DC,House and Senate,,special_election_census_not_reconciled,https://www.fec.gov/introduction-campaign-finance/election-results-and-voting-information/,"Verify all special primaries, conventions, repeat elections and runoffs; overlapping FEC appendices are not a unique-race census"
2019,DE,House and Senate,,special_election_census_not_reconciled,https://www.fec.gov/introduction-campaign-finance/election-results-and-voting-information/,"Verify all special primaries, conventions, repeat elections and runoffs; overlapping FEC appendices are not a unique-race census"
2019,FL,House and Senate,,special_election_census_not_reconciled,https://www.fec.gov/introduction-campaign-finance/election-results-and-voting-information/,"Verify all special primaries, conventions, repeat elections and runoffs; overlapping FEC appendices are not a unique-race census"
2019,GA,House and Senate,,special_election_census_not_reconciled,https://www.fec.gov/introduction-campaign-finance/election-results-and-voting-information/,"Verify all special primaries, conventions, repeat elections and runoffs; overlapping FEC appendices are not a unique-race census"
2019,GU,House and Senate,,special_election_census_not_reconciled,https://www.fec.gov/introduction-campaign-finance/election-results-and-voting-information/,"Verify all special primaries, conventions, repeat elections and runoffs; overlapping FEC appendices are not a unique-race census"
2019,HI,House and Senate,,special_election_census_not_reconciled,https://www.fec.gov/introduction-campaign-finance/election-results-and-voting-information/,"Verify all special primaries, conventions, repeat elections and runoffs; overlapping FEC appendices are not a unique-race census"
2019,IA,House and Senate,,special_election_census_not_reconciled,https://www.fec.gov/introduction-campaign-finance/election-results-and-voting-information/,"Verify all special primaries, conventions, repeat elections and runoffs; overlapping FEC appendices are not a unique-race census"
2019,ID,House and Senate,,special_election_census_not_reconciled,https://www.fec.gov/introduction-campaign-finance/election-results-and-voting-information/,"Verify all special primaries, conventions, repeat elections and runoffs; overlapping FEC appendices are not a unique-race census"
2019,IL,House and Senate,,special_election_census_not_reconciled,https://www.fec.gov/introduction-campaign-finance/election-results-and-voting-information/,"Verify all special primaries, conventions, repeat elections and runoffs; overlapping FEC appendices are not a unique-race census"
2019,IN,House and Senate,,special_election_census_not_reconciled,https://www.fec.gov/introduction-campaign-finance/election-results-and-voting-information/,"Verify all special primaries, conventions, repeat elections and runoffs; overlapping FEC appendices are not a unique-race census"
2019,KS,House and Senate,,special_election_census_not_reconciled,https://www.fec.gov/introduction-campaign-finance/election-results-and-voting-information/,"Verify all special primaries, conventions, repeat elections and runoffs; overlapping FEC appendices are not a unique-race census"
2019,KY,House and Senate,,special_election_census_not_reconciled,https://www.fec.gov/introduction-campaign-finance/election-results-and-voting-information/,"Verify all special primaries, conventions, repeat elections and runoffs; overlapping FEC appendices are not a unique-race census"
2019,LA,House and Senate,,special_election_census_not_reconciled,https://www.fec.gov/introduction-campaign-finance/election-results-and-voting-information/,"Verify all special primaries, conventions, repeat elections and runoffs; overlapping FEC appendices are not a unique-race census"
2019,MA,House and Senate,,special_election_census_not_reconciled,https://www.fec.gov/introduction-campaign-finance/election-results-and-voting-information/,"Verify all special primaries, conventions, repeat elections and runoffs; overlapping FEC appendices are not a unique-race census"
2019,MD,House and Senate,,special_election_census_not_reconciled,https://www.fec.gov/introduction-campaign-finance/election-results-and-voting-information/,"Verify all special primaries, conventions, repeat elections and runoffs; overlapping FEC appendices are not a unique-race census"
2019,ME,House and Senate,,special_election_census_not_reconciled,https://www.fec.gov/introduction-campaign-finance/election-results-and-voting-information/,"Verify all special primaries, conventions, repeat elections and runoffs; overlapping FEC appendices are not a unique-race census"
2019,MI,House and Senate,,special_election_census_not_reconciled,https://www.fec.gov/introduction-campaign-finance/election-results-and-voting-information/,"Verify all special primaries, conventions, repeat elections and runoffs; overlapping FEC appendices are not a unique-race census"
2019,MN,House and Senate,,special_election_census_not_reconciled,https://www.fec.gov/introduction-campaign-finance/election-results-and-voting-information/,"Verify all special primaries, conventions, repeat elections and runoffs; overlapping FEC appendices are not a unique-race census"
2019,MO,House and Senate,,special_election_census_not_reconciled,https://www.fec.gov/introduction-campaign-finance/election-results-and-voting-information/,"Verify all special primaries, conventions, repeat elections and runoffs; overlapping FEC appendices are not a unique-race census"
2019,MP,House and Senate,,special_election_census_not_reconciled,https://www.fec.gov/introduction-campaign-finance/election-results-and-voting-information/,"Verify all special primaries, conventions, repeat elections and runoffs; overlapping FEC appendices are not a unique-race census"
2019,MS,House and Senate,,special_election_census_not_reconciled,https://www.fec.gov/introduction-campaign-finance/election-results-and-voting-information/,"Verify all special primaries, conventions, repeat elections and runoffs; overlapping FEC appendices are not a unique-race census"
2019,MT,House and Senate,,special_election_census_not_reconciled,https://www.fec.gov/introduction-campaign-finance/election-results-and-voting-information/,"Verify all special primaries, conventions, repeat elections and runoffs; overlapping FEC appendices are not a unique-race census"
2019,NC,House and Senate,,special_election_census_not_reconciled,https://www.fec.gov/introduction-campaign-finance/election-results-and-voting-information/,"Verify all special primaries, conventions, repeat elections and runoffs; overlapping FEC appendices are not a unique-race census"
2019,ND,House and Senate,,special_election_census_not_reconciled,https://www.fec.gov/introduction-campaign-finance/election-results-and-voting-information/,"Verify all special primaries, conventions, repeat elections and runoffs; overlapping FEC appendices are not a unique-race census"
2019,NE,House and Senate,,special_election_census_not_reconciled,https://www.fec.gov/introduction-campaign-finance/election-results-and-voting-information/,"Verify all special primaries, conventions, repeat elections and runoffs; overlapping FEC appendices are not a unique-race census"
2019,NH,House and Senate,,special_election_census_not_reconciled,https://www.fec.gov/introduction-campaign-finance/election-results-and-voting-information/,"Verify all special primaries, conventions, repeat elections and runoffs; overlapping FEC appendices are not a unique-race census"
2019,NJ,House and Senate,,special_election_census_not_reconciled,https://www.fec.gov/introduction-campaign-finance/election-results-and-voting-information/,"Verify all special primaries, conventions, repeat elections and runoffs; overlapping FEC appendices are not a unique-race census"
2019,NM,House and Senate,,special_election_census_not_reconciled,https://www.fec.gov/introduction-campaign-finance/election-results-and-voting-information/,"Verify all special primaries, conventions, repeat elections and runoffs; overlapping FEC appendices are not a unique-race census"
2019,NV,House and Senate,,special_election_census_not_reconciled,https://www.fec.gov/introduction-campaign-finance/election-results-and-voting-information/,"Verify all special primaries, conventions, repeat elections and runoffs; overlapping FEC appendices are not a unique-race census"
2019,NY,House and Senate,,special_election_census_not_reconciled,https://www.fec.gov/introduction-campaign-finance/election-results-and-voting-information/,"Verify all special primaries, conventions, repeat elections and runoffs; overlapping FEC appendices are not a unique-race census"
2019,OH,House and Senate,,special_election_census_not_reconciled,https://www.fec.gov/introduction-campaign-finance/election-results-and-voting-information/,"Verify all special primaries, conventions, repeat elections and runoffs; overlapping FEC appendices are not a unique-race census"
2019,OK,House and Senate,,special_election_census_not_reconciled,https://www.fec.gov/introduction-campaign-finance/election-results-and-voting-information/,"Verify all special primaries, conventions, repeat elections and runoffs; overlapping FEC appendices are not a unique-race census"
2019,OR,House and Senate,,special_election_census_not_reconciled,https://www.fec.gov/introduction-campaign-finance/election-results-and-voting-information/,"Verify all special primaries, conventions, repeat elections and runoffs; overlapping FEC appendices are not a unique-race census"
2019,PA,House and Senate,,special_election_census_not_reconciled,https://www.fec.gov/introduction-campaign-finance/election-results-and-voting-information/,"Verify all special primaries, conventions, repeat elections and runoffs; overlapping FEC appendices are not a unique-race census"
2019,PR,House and Senate,,special_election_census_not_reconciled,https://www.fec.gov/introduction-campaign-finance/election-results-and-voting-information/,"Verify all special primaries, conventions, repeat elections and runoffs; overlapping FEC appendices are not a unique-race census"
2019,RI,House and Senate,,special_election_census_not_reconciled,https://www.fec.gov/introduction-campaign-finance/election-results-and-voting-information/,"Verify all special primaries, conventions, repeat elections and runoffs; overlapping FEC appendices are not a unique-race census"
2019,SC,House and Senate,,special_election_census_not_reconciled,https://www.fec.gov/introduction-campaign-finance/election-results-and-voting-information/,"Verify all special primaries, conventions, repeat elections and runoffs; overlapping FEC appendices are not a unique-race census"
2019,SD,House and Senate,,special_election_census_not_reconciled,https://www.fec.gov/introduction-campaign-finance/election-results-and-voting-information/,"Verify all special primaries, conventions, repeat elections and runoffs; overlapping FEC appendices are not a unique-race census"
2019,TN,House and Senate,,special_election_census_not_reconciled,https://www.fec.gov/introduction-campaign-finance/election-results-and-voting-information/,"Verify all special primaries, conventions, repeat elections and runoffs; overlapping FEC appendices are not a unique-race census"
2019,TX,House and Senate,,special_election_census_not_reconciled,https://www.fec.gov/introduction-campaign-finance/election-results-and-voting-information/,"Verify all special primaries, conventions, repeat elections and runoffs; overlapping FEC appendices are not a unique-race census"
2019,UT,House and Senate,,special_election_census_not_reconciled,https://www.fec.gov/introduction-campaign-finance/election-results-and-voting-information/,"Verify all special primaries, conventions, repeat elections and runoffs; overlapping FEC appendices are not a unique-race census"
2019,VA,House and Senate,,special_election_census_not_reconciled,https://www.fec.gov/introduction-campaign-finance/election-results-and-voting-information/,"Verify all special primaries, conventions, repeat elections and runoffs; overlapping FEC appendices are not a unique-race census"
2019,VI,House and Senate,,special_election_census_not_reconciled,https://www.fec.gov/introduction-campaign-finance/election-results-and-voting-information/,"Verify all special primaries, conventions, repeat elections and runoffs; overlapping FEC appendices are not a unique-race census"
2019,VT,House and Senate,,special_election_census_not_reconciled,https://www.fec.gov/introduction-campaign-finance/election-results-and-voting-information/,"Verify all special primaries, conventions, repeat elections and runoffs; overlapping FEC appendices are not a unique-race census"
2019,WA,House and Senate,,special_election_census_not_reconciled,https://www.fec.gov/introduction-campaign-finance/election-results-and-voting-information/,"Verify all special primaries, conventions, repeat elections and runoffs; overlapping FEC appendices are not a unique-race census"
2019,WI,House and Senate,,special_election_census_not_reconciled,https://www.fec.gov/introduction-campaign-finance/election-results-and-voting-information/,"Verify all special primaries, conventions, repeat elections and runoffs; overlapping FEC appendices are not a unique-race census"
2019,WV,House and Senate,,special_election_census_not_reconciled,https://www.fec.gov/introduction-campaign-finance/election-results-and-voting-information/,"Verify all special primaries, conventions, repeat elections and runoffs; overlapping FEC appendices are not a unique-race census"
2019,WY,House and Senate,,special_election_census_not_reconciled,https://www.fec.gov/introduction-campaign-finance/election-results-and-voting-information/,"Verify all special primaries, conventions, repeat elections and runoffs; overlapping FEC appendices are not a unique-race census"
2020,AK,House and Senate,,special_election_census_not_reconciled,https://www.fec.gov/introduction-campaign-finance/election-results-and-voting-information/,"Verify all special primaries, conventions, repeat elections and runoffs; overlapping FEC appendices are not a unique-race census"
2020,AL,House and Senate,,special_election_census_not_reconciled,https://www.fec.gov/introduction-campaign-finance/election-results-and-voting-information/,"Verify all special primaries, conventions, repeat elections and runoffs; overlapping FEC appendices are not a unique-race census"
2020,AR,House and Senate,,special_election_census_not_reconciled,https://www.fec.gov/introduction-campaign-finance/election-results-and-voting-information/,"Verify all special primaries, conventions, repeat elections and runoffs; overlapping FEC appendices are not a unique-race census"
2020,AS,House and Senate,,special_election_census_not_reconciled,https://www.fec.gov/introduction-campaign-finance/election-results-and-voting-information/,"Verify all special primaries, conventions, repeat elections and runoffs; overlapping FEC appendices are not a unique-race census"
2020,AZ,House and Senate,,special_election_census_not_reconciled,https://www.fec.gov/introduction-campaign-finance/election-results-and-voting-information/,"Verify all special primaries, conventions, repeat elections and runoffs; overlapping FEC appendices are not a unique-race census"
2020,CA,House and Senate,,special_election_census_not_reconciled,https://www.fec.gov/introduction-campaign-finance/election-results-and-voting-information/,"Verify all special primaries, conventions, repeat elections and runoffs; overlapping FEC appendices are not a unique-race census"
2020,CO,House and Senate,,special_election_census_not_reconciled,https://www.fec.gov/introduction-campaign-finance/election-results-and-voting-information/,"Verify all special primaries, conventions, repeat elections and runoffs; overlapping FEC appendices are not a unique-race census"
2020,CT,House and Senate,,special_election_census_not_reconciled,https://www.fec.gov/introduction-campaign-finance/election-results-and-voting-information/,"Verify all special primaries, conventions, repeat elections and runoffs; overlapping FEC appendices are not a unique-race census"
2020,DC,House and Senate,,special_election_census_not_reconciled,https://www.fec.gov/introduction-campaign-finance/election-results-and-voting-information/,"Verify all special primaries, conventions, repeat elections and runoffs; overlapping FEC appendices are not a unique-race census"
2020,DE,House and Senate,,special_election_census_not_reconciled,https://www.fec.gov/introduction-campaign-finance/election-results-and-voting-information/,"Verify all special primaries, conventions, repeat elections and runoffs; overlapping FEC appendices are not a unique-race census"
2020,FL,House and Senate,,special_election_census_not_reconciled,https://www.fec.gov/introduction-campaign-finance/election-results-and-voting-information/,"Verify all special primaries, conventions, repeat elections and runoffs; overlapping FEC appendices are not a unique-race census"
2020,GA,House and Senate,,special_election_census_not_reconciled,https://www.fec.gov/introduction-campaign-finance/election-results-and-voting-information/,"Verify all special primaries, conventions, repeat elections and runoffs; overlapping FEC appendices are not a unique-race census"
2020,GU,House and Senate,,special_election_census_not_reconciled,https://www.fec.gov/introduction-campaign-finance/election-results-and-voting-information/,"Verify all special primaries, conventions, repeat elections and runoffs; overlapping FEC appendices are not a unique-race census"
2020,HI,House and Senate,,special_election_census_not_reconciled,https://www.fec.gov/introduction-campaign-finance/election-results-and-voting-information/,"Verify all special primaries, conventions, repeat elections and runoffs; overlapping FEC appendices are not a unique-race census"
2020,IA,House and Senate,,special_election_census_not_reconciled,https://www.fec.gov/introduction-campaign-finance/election-results-and-voting-information/,"Verify all special primaries, conventions, repeat elections and runoffs; overlapping FEC appendices are not a unique-race census"
2020,ID,House and Senate,,special_election_census_not_reconciled,https://www.fec.gov/introduction-campaign-finance/election-results-and-voting-information/,"Verify all special primaries, conventions, repeat elections and runoffs; overlapping FEC appendices are not a unique-race census"
2020,IL,House and Senate,,special_election_census_not_reconciled,https://www.fec.gov/introduction-campaign-finance/election-results-and-voting-information/,"Verify all special primaries, conventions, repeat elections and runoffs; overlapping FEC appendices are not a unique-race census"
2020,IN,House and Senate,,special_election_census_not_reconciled,https://www.fec.gov/introduction-campaign-finance/election-results-and-voting-information/,"Verify all special primaries, conventions, repeat elections and runoffs; overlapping FEC appendices are not a unique-race census"
2020,KS,House and Senate,,special_election_census_not_reconciled,https://www.fec.gov/introduction-campaign-finance/election-results-and-voting-information/,"Verify all special primaries, conventions, repeat elections and runoffs; overlapping FEC appendices are not a unique-race census"
2020,KY,House and Senate,,special_election_census_not_reconciled,https://www.fec.gov/introduction-campaign-finance/election-results-and-voting-information/,"Verify all special primaries, conventions, repeat elections and runoffs; overlapping FEC appendices are not a unique-race census"
2020,LA,House and Senate,,special_election_census_not_reconciled,https://www.fec.gov/introduction-campaign-finance/election-results-and-voting-information/,"Verify all special primaries, conventions, repeat elections and runoffs; overlapping FEC appendices are not a unique-race census"
2020,MA,House and Senate,,special_election_census_not_reconciled,https://www.fec.gov/introduction-campaign-finance/election-results-and-voting-information/,"Verify all special primaries, conventions, repeat elections and runoffs; overlapping FEC appendices are not a unique-race census"
2020,MD,House and Senate,,special_election_census_not_reconciled,https://www.fec.gov/introduction-campaign-finance/election-results-and-voting-information/,"Verify all special primaries, conventions, repeat elections and runoffs; overlapping FEC appendices are not a unique-race census"
2020,ME,House and Senate,,special_election_census_not_reconciled,https://www.fec.gov/introduction-campaign-finance/election-results-and-voting-information/,"Verify all special primaries, conventions, repeat elections and runoffs; overlapping FEC appendices are not a unique-race census"
2020,MI,House and Senate,,special_election_census_not_reconciled,https://www.fec.gov/introduction-campaign-finance/election-results-and-voting-information/,"Verify all special primaries, conventions, repeat elections and runoffs; overlapping FEC appendices are not a unique-race census"
2020,MN,House and Senate,,special_election_census_not_reconciled,https://www.fec.gov/introduction-campaign-finance/election-results-and-voting-information/,"Verify all special primaries, conventions, repeat elections and runoffs; overlapping FEC appendices are not a unique-race census"
2020,MO,House and Senate,,special_election_census_not_reconciled,https://www.fec.gov/introduction-campaign-finance/election-results-and-voting-information/,"Verify all special primaries, conventions, repeat elections and runoffs; overlapping FEC appendices are not a unique-race census"
2020,MP,House and Senate,,special_election_census_not_reconciled,https://www.fec.gov/introduction-campaign-finance/election-results-and-voting-information/,"Verify all special primaries, conventions, repeat elections and runoffs; overlapping FEC appendices are not a unique-race census"
2020,MS,House and Senate,,special_election_census_not_reconciled,https://www.fec.gov/introduction-campaign-finance/election-results-and-voting-information/,"Verify all special primaries, conventions, repeat elections and runoffs; overlapping FEC appendices are not a unique-race census"
2020,MT,House and Senate,,special_election_census_not_reconciled,https://www.fec.gov/introduction-campaign-finance/election-results-and-voting-information/,"Verify all special primaries, conventions, repeat elections and runoffs; overlapping FEC appendices are not a unique-race census"
2020,NC,House and Senate,,special_election_census_not_reconciled,https://www.fec.gov/introduction-campaign-finance/election-results-and-voting-information/,"Verify all special primaries, conventions, repeat elections and runoffs; overlapping FEC appendices are not a unique-race census"
2020,ND,House and Senate,,special_election_census_not_reconciled,https://www.fec.gov/introduction-campaign-finance/election-results-and-voting-information/,"Verify all special primaries, conventions, repeat elections and runoffs; overlapping FEC appendices are not a unique-race census"
2020,NE,House and Senate,,special_election_census_not_reconciled,https://www.fec.gov/introduction-campaign-finance/election-results-and-voting-information/,"Verify all special primaries, conventions, repeat elections and runoffs; overlapping FEC appendices are not a unique-race census"
2020,NH,House and Senate,,special_election_census_not_reconciled,https://www.fec.gov/introduction-campaign-finance/election-results-and-voting-information/,"Verify all special primaries, conventions, repeat elections and runoffs; overlapping FEC appendices are not a unique-race census"
2020,NJ,House and Senate,,special_election_census_not_reconciled,https://www.fec.gov/introduction-campaign-finance/election-results-and-voting-information/,"Verify all special primaries, conventions, repeat elections and runoffs; overlapping FEC appendices are not a unique-race census"
2020,NM,House and Senate,,special_election_census_not_reconciled,https://www.fec.gov/introduction-campaign-finance/election-results-and-voting-information/,"Verify all special primaries, conventions, repeat elections and runoffs; overlapping FEC appendices are not a unique-race census"
2020,NV,House and Senate,,special_election_census_not_reconciled,https://www.fec.gov/introduction-campaign-finance/election-results-and-voting-information/,"Verify all special primaries, conventions, repeat elections and runoffs; overlapping FEC appendices are not a unique-race census"
2020,NY,House and Senate,,special_election_census_not_reconciled,https://www.fec.gov/introduction-campaign-finance/election-results-and-voting-information/,"Verify all special primaries, conventions, repeat elections and runoffs; overlapping FEC appendices are not a unique-race census"
2020,OH,House and Senate,,special_election_census_not_reconciled,https://www.fec.gov/introduction-campaign-finance/election-results-and-voting-information/,"Verify all special primaries, conventions, repeat elections and runoffs; overlapping FEC appendices are not a unique-race census"
2020,OK,House and Senate,,special_election_census_not_reconciled,https://www.fec.gov/introduction-campaign-finance/election-results-and-voting-information/,"Verify all special primaries, conventions, repeat elections and runoffs; overlapping FEC appendices are not a unique-race census"
2020,OR,House and Senate,,special_election_census_not_reconciled,https://www.fec.gov/introduction-campaign-finance/election-results-and-voting-information/,"Verify all special primaries, conventions, repeat elections and runoffs; overlapping FEC appendices are not a unique-race census"
2020,PA,House and Senate,,special_election_census_not_reconciled,https://www.fec.gov/introduction-campaign-finance/election-results-and-voting-information/,"Verify all special primaries, conventions, repeat elections and runoffs; overlapping FEC appendices are not a unique-race census"
2020,PR,House and Senate,,special_election_census_not_reconciled,https://www.fec.gov/introduction-campaign-finance/election-results-and-voting-information/,"Verify all special primaries, conventions, repeat elections and runoffs; overlapping FEC appendices are not a unique-race census"
2020,RI,House and Senate,,special_election_census_not_reconciled,https://www.fec.gov/introduction-campaign-finance/election-results-and-voting-information/,"Verify all special primaries, conventions, repeat elections and runoffs; overlapping FEC appendices are not a unique-race census"
2020,SC,House and Senate,,special_election_census_not_reconciled,https://www.fec.gov/introduction-campaign-finance/election-results-and-voting-information/,"Verify all special primaries, conventions, repeat elections and runoffs; overlapping FEC appendices are not a unique-race census"
2020,SD,House and Senate,,special_election_census_not_reconciled,https://www.fec.gov/introduction-campaign-finance/election-results-and-voting-information/,"Verify all special primaries, conventions, repeat elections and runoffs; overlapping FEC appendices are not a unique-race census"
2020,TN,House and Senate,,special_election_census_not_reconciled,https://www.fec.gov/introduction-campaign-finance/election-results-and-voting-information/,"Verify all special primaries, conventions, repeat elections and runoffs; overlapping FEC appendices are not a unique-race census"
2020,TX,House and Senate,,special_election_census_not_reconciled,https://www.fec.gov/introduction-campaign-finance/election-results-and-voting-information/,"Verify all special primaries, conventions, repeat elections and runoffs; overlapping FEC appendices are not a unique-race census"
2020,UT,House and Senate,,special_election_census_not_reconciled,https://www.fec.gov/introduction-campaign-finance/election-results-and-voting-information/,"Verify all special primaries, conventions, repeat elections and runoffs; overlapping FEC appendices are not a unique-race census"
2020,VA,House and Senate,,special_election_census_not_reconciled,https://www.fec.gov/introduction-campaign-finance/election-results-and-voting-information/,"Verify all special primaries, conventions, repeat elections and runoffs; overlapping FEC appendices are not a unique-race census"
2020,VI,House and Senate,,special_election_census_not_reconciled,https://www.fec.gov/introduction-campaign-finance/election-results-and-voting-information/,"Verify all special primaries, conventions, repeat elections and runoffs; overlapping FEC appendices are not a unique-race census"
2020,VT,House and Senate,,special_election_census_not_reconciled,https://www.fec.gov/introduction-campaign-finance/election-results-and-voting-information/,"Verify all special primaries, conventions, repeat elections and runoffs; overlapping FEC appendices are not a unique-race census"
2020,WA,House and Senate,,special_election_census_not_reconciled,https://www.fec.gov/introduction-campaign-finance/election-results-and-voting-information/,"Verify all special primaries, conventions, repeat elections and runoffs; overlapping FEC appendices are not a unique-race census"
2020,WI,House and Senate,,special_election_census_not_reconciled,https://www.fec.gov/introduction-campaign-finance/election-results-and-voting-information/,"Verify all special primaries, conventions, repeat elections and runoffs; overlapping FEC appendices are not a unique-race census"
2020,WV,House and Senate,,special_election_census_not_reconciled,https://www.fec.gov/introduction-campaign-finance/election-results-and-voting-information/,"Verify all special primaries, conventions, repeat elections and runoffs; overlapping FEC appendices are not a unique-race census"
2020,WY,House and Senate,,special_election_census_not_reconciled,https://www.fec.gov/introduction-campaign-finance/election-results-and-voting-information/,"Verify all special primaries, conventions, repeat elections and runoffs; overlapping FEC appendices are not a unique-race census"
2021,AK,House and Senate,,special_election_census_not_reconciled,https://www.fec.gov/introduction-campaign-finance/election-results-and-voting-information/,"Verify all special primaries, conventions, repeat elections and runoffs; overlapping FEC appendices are not a unique-race census"
2021,AL,House and Senate,,special_election_census_not_reconciled,https://www.fec.gov/introduction-campaign-finance/election-results-and-voting-information/,"Verify all special primaries, conventions, repeat elections and runoffs; overlapping FEC appendices are not a unique-race census"
2021,AR,House and Senate,,special_election_census_not_reconciled,https://www.fec.gov/introduction-campaign-finance/election-results-and-voting-information/,"Verify all special primaries, conventions, repeat elections and runoffs; overlapping FEC appendices are not a unique-race census"
2021,AS,House and Senate,,special_election_census_not_reconciled,https://www.fec.gov/introduction-campaign-finance/election-results-and-voting-information/,"Verify all special primaries, conventions, repeat elections and runoffs; overlapping FEC appendices are not a unique-race census"
2021,AZ,House and Senate,,special_election_census_not_reconciled,https://www.fec.gov/introduction-campaign-finance/election-results-and-voting-information/,"Verify all special primaries, conventions, repeat elections and runoffs; overlapping FEC appendices are not a unique-race census"
2021,CA,House and Senate,,special_election_census_not_reconciled,https://www.fec.gov/introduction-campaign-finance/election-results-and-voting-information/,"Verify all special primaries, conventions, repeat elections and runoffs; overlapping FEC appendices are not a unique-race census"
2021,CO,House and Senate,,special_election_census_not_reconciled,https://www.fec.gov/introduction-campaign-finance/election-results-and-voting-information/,"Verify all special primaries, conventions, repeat elections and runoffs; overlapping FEC appendices are not a unique-race census"
2021,CT,House and Senate,,special_election_census_not_reconciled,https://www.fec.gov/introduction-campaign-finance/election-results-and-voting-information/,"Verify all special primaries, conventions, repeat elections and runoffs; overlapping FEC appendices are not a unique-race census"
2021,DC,House and Senate,,special_election_census_not_reconciled,https://www.fec.gov/introduction-campaign-finance/election-results-and-voting-information/,"Verify all special primaries, conventions, repeat elections and runoffs; overlapping FEC appendices are not a unique-race census"
2021,DE,House and Senate,,special_election_census_not_reconciled,https://www.fec.gov/introduction-campaign-finance/election-results-and-voting-information/,"Verify all special primaries, conventions, repeat elections and runoffs; overlapping FEC appendices are not a unique-race census"
2021,FL,House and Senate,,special_election_census_not_reconciled,https://www.fec.gov/introduction-campaign-finance/election-results-and-voting-information/,"Verify all special primaries, conventions, repeat elections and runoffs; overlapping FEC appendices are not a unique-race census"
2021,GA,House and Senate,,special_election_census_not_reconciled,https://www.fec.gov/introduction-campaign-finance/election-results-and-voting-information/,"Verify all special primaries, conventions, repeat elections and runoffs; overlapping FEC appendices are not a unique-race census"
2021,GU,House and Senate,,special_election_census_not_reconciled,https://www.fec.gov/introduction-campaign-finance/election-results-and-voting-information/,"Verify all special primaries, conventions, repeat elections and runoffs; overlapping FEC appendices are not a unique-race census"
2021,HI,House and Senate,,special_election_census_not_reconciled,https://www.fec.gov/introduction-campaign-finance/election-results-and-voting-information/,"Verify all special primaries, conventions, repeat elections and runoffs; overlapping FEC appendices are not a unique-race census"
2021,IA,House and Senate,,special_election_census_not_reconciled,https://www.fec.gov/introduction-campaign-finance/election-results-and-voting-information/,"Verify all special primaries, conventions, repeat elections and runoffs; overlapping FEC appendices are not a unique-race census"
2021,ID,House and Senate,,special_election_census_not_reconciled,https://www.fec.gov/introduction-campaign-finance/election-results-and-voting-information/,"Verify all special primaries, conventions, repeat elections and runoffs; overlapping FEC appendices are not a unique-race census"
2021,IL,House and Senate,,special_election_census_not_reconciled,https://www.fec.gov/introduction-campaign-finance/election-results-and-voting-information/,"Verify all special primaries, conventions, repeat elections and runoffs; overlapping FEC appendices are not a unique-race census"
2021,IN,House and Senate,,special_election_census_not_reconciled,https://www.fec.gov/introduction-campaign-finance/election-results-and-voting-information/,"Verify all special primaries, conventions, repeat elections and runoffs; overlapping FEC appendices are not a unique-race census"
2021,KS,House and Senate,,special_election_census_not_reconciled,https://www.fec.gov/introduction-campaign-finance/election-results-and-voting-information/,"Verify all special primaries, conventions, repeat elections and runoffs; overlapping FEC appendices are not a unique-race census"
2021,KY,House and Senate,,special_election_census_not_reconciled,https://www.fec.gov/introduction-campaign-finance/election-results-and-voting-information/,"Verify all special primaries, conventions, repeat elections and runoffs; overlapping FEC appendices are not a unique-race census"
2021,LA,House and Senate,,special_election_census_not_reconciled,https://www.fec.gov/introduction-campaign-finance/election-results-and-voting-information/,"Verify all special primaries, conventions, repeat elections and runoffs; overlapping FEC appendices are not a unique-race census"
2021,MA,House and Senate,,special_election_census_not_reconciled,https://www.fec.gov/introduction-campaign-finance/election-results-and-voting-information/,"Verify all special primaries, conventions, repeat elections and runoffs; overlapping FEC appendices are not a unique-race census"
2021,MD,House and Senate,,special_election_census_not_reconciled,https://www.fec.gov/introduction-campaign-finance/election-results-and-voting-information/,"Verify all special primaries, conventions, repeat elections and runoffs; overlapping FEC appendices are not a unique-race census"
2021,ME,House and Senate,,special_election_census_not_reconciled,https://www.fec.gov/introduction-campaign-finance/election-results-and-voting-information/,"Verify all special primaries, conventions, repeat elections and runoffs; overlapping FEC appendices are not a unique-race census"
2021,MI,House and Senate,,special_election_census_not_reconciled,https://www.fec.gov/introduction-campaign-finance/election-results-and-voting-information/,"Verify all special primaries, conventions, repeat elections and runoffs; overlapping FEC appendices are not a unique-race census"
2021,MN,House and Senate,,special_election_census_not_reconciled,https://www.fec.gov/introduction-campaign-finance/election-results-and-voting-information/,"Verify all special primaries, conventions, repeat elections and runoffs; overlapping FEC appendices are not a unique-race census"
2021,MO,House and Senate,,special_election_census_not_reconciled,https://www.fec.gov/introduction-campaign-finance/election-results-and-voting-information/,"Verify all special primaries, conventions, repeat elections and runoffs; overlapping FEC appendices are not a unique-race census"
2021,MP,House and Senate,,special_election_census_not_reconciled,https://www.fec.gov/introduction-campaign-finance/election-results-and-voting-information/,"Verify all special primaries, conventions, repeat elections and runoffs; overlapping FEC appendices are not a unique-race census"
2021,MS,House and Senate,,special_election_census_not_reconciled,https://www.fec.gov/introduction-campaign-finance/election-results-and-voting-information/,"Verify all special primaries, conventions, repeat elections and runoffs; overlapping FEC appendices are not a unique-race census"
2021,MT,House and Senate,,special_election_census_not_reconciled,https://www.fec.gov/introduction-campaign-finance/election-results-and-voting-information/,"Verify all special primaries, conventions, repeat elections and runoffs; overlapping FEC appendices are not a unique-race census"
2021,NC,House and Senate,,special_election_census_not_reconciled,https://www.fec.gov/introduction-campaign-finance/election-results-and-voting-information/,"Verify all special primaries, conventions, repeat elections and runoffs; overlapping FEC appendices are not a unique-race census"
2021,ND,House and Senate,,special_election_census_not_reconciled,https://www.fec.gov/introduction-campaign-finance/election-results-and-voting-information/,"Verify all special primaries, conventions, repeat elections and runoffs; overlapping FEC appendices are not a unique-race census"
2021,NE,House and Senate,,special_election_census_not_reconciled,https://www.fec.gov/introduction-campaign-finance/election-results-and-voting-information/,"Verify all special primaries, conventions, repeat elections and runoffs; overlapping FEC appendices are not a unique-race census"
2021,NH,House and Senate,,special_election_census_not_reconciled,https://www.fec.gov/introduction-campaign-finance/election-results-and-voting-information/,"Verify all special primaries, conventions, repeat elections and runoffs; overlapping FEC appendices are not a unique-race census"
2021,NJ,House and Senate,,special_election_census_not_reconciled,https://www.fec.gov/introduction-campaign-finance/election-results-and-voting-information/,"Verify all special primaries, conventions, repeat elections and runoffs; overlapping FEC appendices are not a unique-race census"
2021,NM,House and Senate,,special_election_census_not_reconciled,https://www.fec.gov/introduction-campaign-finance/election-results-and-voting-information/,"Verify all special primaries, conventions, repeat elections and runoffs; overlapping FEC appendices are not a unique-race census"
2021,NV,House and Senate,,special_election_census_not_reconciled,https://www.fec.gov/introduction-campaign-finance/election-results-and-voting-information/,"Verify all special primaries, conventions, repeat elections and runoffs; overlapping FEC appendices are not a unique-race census"
2021,NY,House and Senate,,special_election_census_not_reconciled,https://www.fec.gov/introduction-campaign-finance/election-results-and-voting-information/,"Verify all special primaries, conventions, repeat elections and runoffs; overlapping FEC appendices are not a unique-race census"
2021,OH,House and Senate,,special_election_census_not_reconciled,https://www.fec.gov/introduction-campaign-finance/election-results-and-voting-information/,"Verify all special primaries, conventions, repeat elections and runoffs; overlapping FEC appendices are not a unique-race census"
2021,OK,House and Senate,,special_election_census_not_reconciled,https://www.fec.gov/introduction-campaign-finance/election-results-and-voting-information/,"Verify all special primaries, conventions, repeat elections and runoffs; overlapping FEC appendices are not a unique-race census"
2021,OR,House and Senate,,special_election_census_not_reconciled,https://www.fec.gov/introduction-campaign-finance/election-results-and-voting-information/,"Verify all special primaries, conventions, repeat elections and runoffs; overlapping FEC appendices are not a unique-race census"
2021,PA,House and Senate,,special_election_census_not_reconciled,https://www.fec.gov/introduction-campaign-finance/election-results-and-voting-information/,"Verify all special primaries, conventions, repeat elections and runoffs; overlapping FEC appendices are not a unique-race census"
2021,PR,House and Senate,,special_election_census_not_reconciled,https://www.fec.gov/introduction-campaign-finance/election-results-and-voting-information/,"Verify all special primaries, conventions, repeat elections and runoffs; overlapping FEC appendices are not a unique-race census"
2021,RI,House and Senate,,special_election_census_not_reconciled,https://www.fec.gov/introduction-campaign-finance/election-results-and-voting-information/,"Verify all special primaries, conventions, repeat elections and runoffs; overlapping FEC appendices are not a unique-race census"
2021,SC,House and Senate,,special_election_census_not_reconciled,https://www.fec.gov/introduction-campaign-finance/election-results-and-voting-information/,"Verify all special primaries, conventions, repeat elections and runoffs; overlapping FEC appendices are not a unique-race census"
2021,SD,House and Senate,,special_election_census_not_reconciled,https://www.fec.gov/introduction-campaign-finance/election-results-and-voting-information/,"Verify all special primaries, conventions, repeat elections and runoffs; overlapping FEC appendices are not a unique-race census"
2021,TN,House and Senate,,special_election_census_not_reconciled,https://www.fec.gov/introduction-campaign-finance/election-results-and-voting-information/,"Verify all special primaries, conventions, repeat elections and runoffs; overlapping FEC appendices are not a unique-race census"
2021,TX,House and Senate,,special_election_census_not_reconciled,https://www.fec.gov/introduction-campaign-finance/election-results-and-voting-information/,"Verify all special primaries, conventions, repeat elections and runoffs; overlapping FEC appendices are not a unique-race census"
2021,UT,House and Senate,,special_election_census_not_reconciled,https://www.fec.gov/introduction-campaign-finance/election-results-and-voting-information/,"Verify all special primaries, conventions, repeat elections and runoffs; overlapping FEC appendices are not a unique-race census"
2021,VA,House and Senate,,special_election_census_not_reconciled,https://www.fec.gov/introduction-campaign-finance/election-results-and-voting-information/,"Verify all special primaries, conventions, repeat elections and runoffs; overlapping FEC appendices are not a unique-race census"
2021,VI,House and Senate,,special_election_census_not_reconciled,https://www.fec.gov/introduction-campaign-finance/election-results-and-voting-information/,"Verify all special primaries, conventions, repeat elections and runoffs; overlapping FEC appendices are not a unique-race census"
2021,VT,House and Senate,,special_election_census_not_reconciled,https://www.fec.gov/introduction-campaign-finance/election-results-and-voting-information/,"Verify all special primaries, conventions, repeat elections and runoffs; overlapping FEC appendices are not a unique-race census"
2021,WA,House and Senate,,special_election_census_not_reconciled,https://www.fec.gov/introduction-campaign-finance/election-results-and-voting-information/,"Verify all special primaries, conventions, repeat elections and runoffs; overlapping FEC appendices are not a unique-race census"
2021,WI,House and Senate,,special_election_census_not_reconciled,https://www.fec.gov/introduction-campaign-finance/election-results-and-voting-information/,"Verify all special primaries, conventions, repeat elections and runoffs; overlapping FEC appendices are not a unique-race census"
2021,WV,House and Senate,,special_election_census_not_reconciled,https://www.fec.gov/introduction-campaign-finance/election-results-and-voting-information/,"Verify all special primaries, conventions, repeat elections and runoffs; overlapping FEC appendices are not a unique-race census"
2021,WY,House and Senate,,special_election_census_not_reconciled,https://www.fec.gov/introduction-campaign-finance/election-results-and-voting-information/,"Verify all special primaries, conventions, repeat elections and runoffs; overlapping FEC appendices are not a unique-race census"
2022,AK,House and Senate,,special_election_census_not_reconciled,https://www.fec.gov/introduction-campaign-finance/election-results-and-voting-information/,"Verify all special primaries, conventions, repeat elections and runoffs; overlapping FEC appendices are not a unique-race census"
2022,AL,House and Senate,,special_election_census_not_reconciled,https://www.fec.gov/introduction-campaign-finance/election-results-and-voting-information/,"Verify all special primaries, conventions, repeat elections and runoffs; overlapping FEC appendices are not a unique-race census"
2022,AR,House and Senate,,special_election_census_not_reconciled,https://www.fec.gov/introduction-campaign-finance/election-results-and-voting-information/,"Verify all special primaries, conventions, repeat elections and runoffs; overlapping FEC appendices are not a unique-race census"
2022,AS,House and Senate,,special_election_census_not_reconciled,https://www.fec.gov/introduction-campaign-finance/election-results-and-voting-information/,"Verify all special primaries, conventions, repeat elections and runoffs; overlapping FEC appendices are not a unique-race census"
2022,AZ,House and Senate,,special_election_census_not_reconciled,https://www.fec.gov/introduction-campaign-finance/election-results-and-voting-information/,"Verify all special primaries, conventions, repeat elections and runoffs; overlapping FEC appendices are not a unique-race census"
2022,CA,House and Senate,,special_election_census_not_reconciled,https://www.fec.gov/introduction-campaign-finance/election-results-and-voting-information/,"Verify all special primaries, conventions, repeat elections and runoffs; overlapping FEC appendices are not a unique-race census"
2022,CO,House and Senate,,special_election_census_not_reconciled,https://www.fec.gov/introduction-campaign-finance/election-results-and-voting-information/,"Verify all special primaries, conventions, repeat elections and runoffs; overlapping FEC appendices are not a unique-race census"
2022,CT,House and Senate,,special_election_census_not_reconciled,https://www.fec.gov/introduction-campaign-finance/election-results-and-voting-information/,"Verify all special primaries, conventions, repeat elections and runoffs; overlapping FEC appendices are not a unique-race census"
2022,DC,House and Senate,,special_election_census_not_reconciled,https://www.fec.gov/introduction-campaign-finance/election-results-and-voting-information/,"Verify all special primaries, conventions, repeat elections and runoffs; overlapping FEC appendices are not a unique-race census"
2022,DE,House and Senate,,special_election_census_not_reconciled,https://www.fec.gov/introduction-campaign-finance/election-results-and-voting-information/,"Verify all special primaries, conventions, repeat elections and runoffs; overlapping FEC appendices are not a unique-race census"
2022,FL,House and Senate,,special_election_census_not_reconciled,https://www.fec.gov/introduction-campaign-finance/election-results-and-voting-information/,"Verify all special primaries, conventions, repeat elections and runoffs; overlapping FEC appendices are not a unique-race census"
2022,GA,House and Senate,,special_election_census_not_reconciled,https://www.fec.gov/introduction-campaign-finance/election-results-and-voting-information/,"Verify all special primaries, conventions, repeat elections and runoffs; overlapping FEC appendices are not a unique-race census"
2022,GU,House and Senate,,special_election_census_not_reconciled,https://www.fec.gov/introduction-campaign-finance/election-results-and-voting-information/,"Verify all special primaries, conventions, repeat elections and runoffs; overlapping FEC appendices are not a unique-race census"
2022,HI,House and Senate,,special_election_census_not_reconciled,https://www.fec.gov/introduction-campaign-finance/election-results-and-voting-information/,"Verify all special primaries, conventions, repeat elections and runoffs; overlapping FEC appendices are not a unique-race census"
2022,IA,House and Senate,,special_election_census_not_reconciled,https://www.fec.gov/introduction-campaign-finance/election-results-and-voting-information/,"Verify all special primaries, conventions, repeat elections and runoffs; overlapping FEC appendices are not a unique-race census"
2022,ID,House and Senate,,special_election_census_not_reconciled,https://www.fec.gov/introduction-campaign-finance/election-results-and-voting-information/,"Verify all special primaries, conventions, repeat elections and runoffs; overlapping FEC appendices are not a unique-race census"
2022,IL,House and Senate,,special_election_census_not_reconciled,https://www.fec.gov/introduction-campaign-finance/election-results-and-voting-information/,"Verify all special primaries, conventions, repeat elections and runoffs; overlapping FEC appendices are not a unique-race census"
2022,IN,House and Senate,,special_election_census_not_reconciled,https://www.fec.gov/introduction-campaign-finance/election-results-and-voting-information/,"Verify all special primaries, conventions, repeat elections and runoffs; overlapping FEC appendices are not a unique-race census"
2022,KS,House and Senate,,special_election_census_not_reconciled,https://www.fec.gov/introduction-campaign-finance/election-results-and-voting-information/,"Verify all special primaries, conventions, repeat elections and runoffs; overlapping FEC appendices are not a unique-race census"
2022,KY,House and Senate,,special_election_census_not_reconciled,https://www.fec.gov/introduction-campaign-finance/election-results-and-voting-information/,"Verify all special primaries, conventions, repeat elections and runoffs; overlapping FEC appendices are not a unique-race census"
2022,LA,House and Senate,,special_election_census_not_reconciled,https://www.fec.gov/introduction-campaign-finance/election-results-and-voting-information/,"Verify all special primaries, conventions, repeat elections and runoffs; overlapping FEC appendices are not a unique-race census"
2022,MA,House and Senate,,special_election_census_not_reconciled,https://www.fec.gov/introduction-campaign-finance/election-results-and-voting-information/,"Verify all special primaries, conventions, repeat elections and runoffs; overlapping FEC appendices are not a unique-race census"
2022,MD,House and Senate,,special_election_census_not_reconciled,https://www.fec.gov/introduction-campaign-finance/election-results-and-voting-information/,"Verify all special primaries, conventions, repeat elections and runoffs; overlapping FEC appendices are not a unique-race census"
2022,ME,House and Senate,,special_election_census_not_reconciled,https://www.fec.gov/introduction-campaign-finance/election-results-and-voting-information/,"Verify all special primaries, conventions, repeat elections and runoffs; overlapping FEC appendices are not a unique-race census"
2022,MI,House and Senate,,special_election_census_not_reconciled,https://www.fec.gov/introduction-campaign-finance/election-results-and-voting-information/,"Verify all special primaries, conventions, repeat elections and runoffs; overlapping FEC appendices are not a unique-race census"
2022,MN,House and Senate,,special_election_census_not_reconciled,https://www.fec.gov/introduction-campaign-finance/election-results-and-voting-information/,"Verify all special primaries, conventions, repeat elections and runoffs; overlapping FEC appendices are not a unique-race census"
2022,MO,House and Senate,,special_election_census_not_reconciled,https://www.fec.gov/introduction-campaign-finance/election-results-and-voting-information/,"Verify all special primaries, conventions, repeat elections and runoffs; overlapping FEC appendices are not a unique-race census"
2022,MP,House and Senate,,special_election_census_not_reconciled,https://www.fec.gov/introduction-campaign-finance/election-results-and-voting-information/,"Verify all special primaries, conventions, repeat elections and runoffs; overlapping FEC appendices are not a unique-race census"
2022,MS,House and Senate,,special_election_census_not_reconciled,https://www.fec.gov/introduction-campaign-finance/election-results-and-voting-information/,"Verify all special primaries, conventions, repeat elections and runoffs; overlapping FEC appendices are not a unique-race census"
2022,MT,House and Senate,,special_election_census_not_reconciled,https://www.fec.gov/introduction-campaign-finance/election-results-and-voting-information/,"Verify all special primaries, conventions, repeat elections and runoffs; overlapping FEC appendices are not a unique-race census"
2022,NC,House and Senate,,special_election_census_not_reconciled,https://www.fec.gov/introduction-campaign-finance/election-results-and-voting-information/,"Verify all special primaries, conventions, repeat elections and runoffs; overlapping FEC appendices are not a unique-race census"
2022,ND,House and Senate,,special_election_census_not_reconciled,https://www.fec.gov/introduction-campaign-finance/election-results-and-voting-information/,"Verify all special primaries, conventions, repeat elections and runoffs; overlapping FEC appendices are not a unique-race census"
2022,NE,House and Senate,,special_election_census_not_reconciled,https://www.fec.gov/introduction-campaign-finance/election-results-and-voting-information/,"Verify all special primaries, conventions, repeat elections and runoffs; overlapping FEC appendices are not a unique-race census"
2022,NH,House and Senate,,special_election_census_not_reconciled,https://www.fec.gov/introduction-campaign-finance/election-results-and-voting-information/,"Verify all special primaries, conventions, repeat elections and runoffs; overlapping FEC appendices are not a unique-race census"
2022,NJ,House and Senate,,special_election_census_not_reconciled,https://www.fec.gov/introduction-campaign-finance/election-results-and-voting-information/,"Verify all special primaries, conventions, repeat elections and runoffs; overlapping FEC appendices are not a unique-race census"
2022,NM,House and Senate,,special_election_census_not_reconciled,https://www.fec.gov/introduction-campaign-finance/election-results-and-voting-information/,"Verify all special primaries, conventions, repeat elections and runoffs; overlapping FEC appendices are not a unique-race census"
2022,NV,House and Senate,,special_election_census_not_reconciled,https://www.fec.gov/introduction-campaign-finance/election-results-and-voting-information/,"Verify all special primaries, conventions, repeat elections and runoffs; overlapping FEC appendices are not a unique-race census"
2022,NY,House and Senate,,special_election_census_not_reconciled,https://www.fec.gov/introduction-campaign-finance/election-results-and-voting-information/,"Verify all special primaries, conventions, repeat elections and runoffs; overlapping FEC appendices are not a unique-race census"
2022,OH,House and Senate,,special_election_census_not_reconciled,https://www.fec.gov/introduction-campaign-finance/election-results-and-voting-information/,"Verify all special primaries, conventions, repeat elections and runoffs; overlapping FEC appendices are not a unique-race census"
2022,OK,House and Senate,,special_election_census_not_reconciled,https://www.fec.gov/introduction-campaign-finance/election-results-and-voting-information/,"Verify all special primaries, conventions, repeat elections and runoffs; overlapping FEC appendices are not a unique-race census"
2022,OR,House and Senate,,special_election_census_not_reconciled,https://www.fec.gov/introduction-campaign-finance/election-results-and-voting-information/,"Verify all special primaries, conventions, repeat elections and runoffs; overlapping FEC appendices are not a unique-race census"
2022,PA,House and Senate,,special_election_census_not_reconciled,https://www.fec.gov/introduction-campaign-finance/election-results-and-voting-information/,"Verify all special primaries, conventions, repeat elections and runoffs; overlapping FEC appendices are not a unique-race census"
2022,PR,House and Senate,,special_election_census_not_reconciled,https://www.fec.gov/introduction-campaign-finance/election-results-and-voting-information/,"Verify all special primaries, conventions, repeat elections and runoffs; overlapping FEC appendices are not a unique-race census"
2022,RI,House and Senate,,special_election_census_not_reconciled,https://www.fec.gov/introduction-campaign-finance/election-results-and-voting-information/,"Verify all special primaries, conventions, repeat elections and runoffs; overlapping FEC appendices are not a unique-race census"
2022,SC,House and Senate,,special_election_census_not_reconciled,https://www.fec.gov/introduction-campaign-finance/election-results-and-voting-information/,"Verify all special primaries, conventions, repeat elections and runoffs; overlapping FEC appendices are not a unique-race census"
2022,SD,House and Senate,,special_election_census_not_reconciled,https://www.fec.gov/introduction-campaign-finance/election-results-and-voting-information/,"Verify all special primaries, conventions, repeat elections and runoffs; overlapping FEC appendices are not a unique-race census"
2022,TN,House and Senate,,special_election_census_not_reconciled,https://www.fec.gov/introduction-campaign-finance/election-results-and-voting-information/,"Verify all special primaries, conventions, repeat elections and runoffs; overlapping FEC appendices are not a unique-race census"
2022,TX,House and Senate,,special_election_census_not_reconciled,https://www.fec.gov/introduction-campaign-finance/election-results-and-voting-information/,"Verify all special primaries, conventions, repeat elections and runoffs; overlapping FEC appendices are not a unique-race census"
2022,UT,House and Senate,,special_election_census_not_reconciled,https://www.fec.gov/introduction-campaign-finance/election-results-and-voting-information/,"Verify all special primaries, conventions, repeat elections and runoffs; overlapping FEC appendices are not a unique-race census"
2022,VA,House and Senate,,special_election_census_not_reconciled,https://www.fec.gov/introduction-campaign-finance/election-results-and-voting-information/,"Verify all special primaries, conventions, repeat elections and runoffs; overlapping FEC appendices are not a unique-race census"
2022,VI,House and Senate,,special_election_census_not_reconciled,https://www.fec.gov/introduction-campaign-finance/election-results-and-voting-information/,"Verify all special primaries, conventions, repeat elections and runoffs; overlapping FEC appendices are not a unique-race census"
2022,VT,House and Senate,,special_election_census_not_reconciled,https://www.fec.gov/introduction-campaign-finance/election-results-and-voting-information/,"Verify all special primaries, conventions, repeat elections and runoffs; overlapping FEC appendices are not a unique-race census"
2022,WA,House and Senate,,special_election_census_not_reconciled,https://www.fec.gov/introduction-campaign-finance/election-results-and-voting-information/,"Verify all special primaries, conventions, repeat elections and runoffs; overlapping FEC appendices are not a unique-race census"
2022,WI,House and Senate,,special_election_census_not_reconciled,https://www.fec.gov/introduction-campaign-finance/election-results-and-voting-information/,"Verify all special primaries, conventions, repeat elections and runoffs; overlapping FEC appendices are not a unique-race census"
2022,WV,House and Senate,,special_election_census_not_reconciled,https://www.fec.gov/introduction-campaign-finance/election-results-and-voting-information/,"Verify all special primaries, conventions, repeat elections and runoffs; overlapping FEC appendices are not a unique-race census"
2022,WY,House and Senate,,special_election_census_not_reconciled,https://www.fec.gov/introduction-campaign-finance/election-results-and-voting-information/,"Verify all special primaries, conventions, repeat elections and runoffs; overlapping FEC appendices are not a unique-race census"
2023,AK,House and Senate,,special_election_census_not_reconciled,https://www.fec.gov/introduction-campaign-finance/election-results-and-voting-information/,"Verify all special primaries, conventions, repeat elections and runoffs; overlapping FEC appendices are not a unique-race census"
2023,AL,House and Senate,,special_election_census_not_reconciled,https://www.fec.gov/introduction-campaign-finance/election-results-and-voting-information/,"Verify all special primaries, conventions, repeat elections and runoffs; overlapping FEC appendices are not a unique-race census"
2023,AR,House and Senate,,special_election_census_not_reconciled,https://www.fec.gov/introduction-campaign-finance/election-results-and-voting-information/,"Verify all special primaries, conventions, repeat elections and runoffs; overlapping FEC appendices are not a unique-race census"
2023,AS,House and Senate,,special_election_census_not_reconciled,https://www.fec.gov/introduction-campaign-finance/election-results-and-voting-information/,"Verify all special primaries, conventions, repeat elections and runoffs; overlapping FEC appendices are not a unique-race census"
2023,AZ,House and Senate,,special_election_census_not_reconciled,https://www.fec.gov/introduction-campaign-finance/election-results-and-voting-information/,"Verify all special primaries, conventions, repeat elections and runoffs; overlapping FEC appendices are not a unique-race census"
2023,CA,House and Senate,,special_election_census_not_reconciled,https://www.fec.gov/introduction-campaign-finance/election-results-and-voting-information/,"Verify all special primaries, conventions, repeat elections and runoffs; overlapping FEC appendices are not a unique-race census"
2023,CO,House and Senate,,special_election_census_not_reconciled,https://www.fec.gov/introduction-campaign-finance/election-results-and-voting-information/,"Verify all special primaries, conventions, repeat elections and runoffs; overlapping FEC appendices are not a unique-race census"
2023,CT,House and Senate,,special_election_census_not_reconciled,https://www.fec.gov/introduction-campaign-finance/election-results-and-voting-information/,"Verify all special primaries, conventions, repeat elections and runoffs; overlapping FEC appendices are not a unique-race census"
2023,DC,House and Senate,,special_election_census_not_reconciled,https://www.fec.gov/introduction-campaign-finance/election-results-and-voting-information/,"Verify all special primaries, conventions, repeat elections and runoffs; overlapping FEC appendices are not a unique-race census"
2023,DE,House and Senate,,special_election_census_not_reconciled,https://www.fec.gov/introduction-campaign-finance/election-results-and-voting-information/,"Verify all special primaries, conventions, repeat elections and runoffs; overlapping FEC appendices are not a unique-race census"
2023,FL,House and Senate,,special_election_census_not_reconciled,https://www.fec.gov/introduction-campaign-finance/election-results-and-voting-information/,"Verify all special primaries, conventions, repeat elections and runoffs; overlapping FEC appendices are not a unique-race census"
2023,GA,House and Senate,,special_election_census_not_reconciled,https://www.fec.gov/introduction-campaign-finance/election-results-and-voting-information/,"Verify all special primaries, conventions, repeat elections and runoffs; overlapping FEC appendices are not a unique-race census"
2023,GU,House and Senate,,special_election_census_not_reconciled,https://www.fec.gov/introduction-campaign-finance/election-results-and-voting-information/,"Verify all special primaries, conventions, repeat elections and runoffs; overlapping FEC appendices are not a unique-race census"
2023,HI,House and Senate,,special_election_census_not_reconciled,https://www.fec.gov/introduction-campaign-finance/election-results-and-voting-information/,"Verify all special primaries, conventions, repeat elections and runoffs; overlapping FEC appendices are not a unique-race census"
2023,IA,House and Senate,,special_election_census_not_reconciled,https://www.fec.gov/introduction-campaign-finance/election-results-and-voting-information/,"Verify all special primaries, conventions, repeat elections and runoffs; overlapping FEC appendices are not a unique-race census"
2023,ID,House and Senate,,special_election_census_not_reconciled,https://www.fec.gov/introduction-campaign-finance/election-results-and-voting-information/,"Verify all special primaries, conventions, repeat elections and runoffs; overlapping FEC appendices are not a unique-race census"
2023,IL,House and Senate,,special_election_census_not_reconciled,https://www.fec.gov/introduction-campaign-finance/election-results-and-voting-information/,"Verify all special primaries, conventions, repeat elections and runoffs; overlapping FEC appendices are not a unique-race census"
2023,IN,House and Senate,,special_election_census_not_reconciled,https://www.fec.gov/introduction-campaign-finance/election-results-and-voting-information/,"Verify all special primaries, conventions, repeat elections and runoffs; overlapping FEC appendices are not a unique-race census"
2023,KS,House and Senate,,special_election_census_not_reconciled,https://www.fec.gov/introduction-campaign-finance/election-results-and-voting-information/,"Verify all special primaries, conventions, repeat elections and runoffs; overlapping FEC appendices are not a unique-race census"
2023,KY,House and Senate,,special_election_census_not_reconciled,https://www.fec.gov/introduction-campaign-finance/election-results-and-voting-information/,"Verify all special primaries, conventions, repeat elections and runoffs; overlapping FEC appendices are not a unique-race census"
2023,LA,House and Senate,,special_election_census_not_reconciled,https://www.fec.gov/introduction-campaign-finance/election-results-and-voting-information/,"Verify all special primaries, conventions, repeat elections and runoffs; overlapping FEC appendices are not a unique-race census"
2023,MA,House and Senate,,special_election_census_not_reconciled,https://www.fec.gov/introduction-campaign-finance/election-results-and-voting-information/,"Verify all special primaries, conventions, repeat elections and runoffs; overlapping FEC appendices are not a unique-race census"
2023,MD,House and Senate,,special_election_census_not_reconciled,https://www.fec.gov/introduction-campaign-finance/election-results-and-voting-information/,"Verify all special primaries, conventions, repeat elections and runoffs; overlapping FEC appendices are not a unique-race census"
2023,ME,House and Senate,,special_election_census_not_reconciled,https://www.fec.gov/introduction-campaign-finance/election-results-and-voting-information/,"Verify all special primaries, conventions, repeat elections and runoffs; overlapping FEC appendices are not a unique-race census"
2023,MI,House and Senate,,special_election_census_not_reconciled,https://www.fec.gov/introduction-campaign-finance/election-results-and-voting-information/,"Verify all special primaries, conventions, repeat elections and runoffs; overlapping FEC appendices are not a unique-race census"
2023,MN,House and Senate,,special_election_census_not_reconciled,https://www.fec.gov/introduction-campaign-finance/election-results-and-voting-information/,"Verify all special primaries, conventions, repeat elections and runoffs; overlapping FEC appendices are not a unique-race census"
2023,MO,House and Senate,,special_election_census_not_reconciled,https://www.fec.gov/introduction-campaign-finance/election-results-and-voting-information/,"Verify all special primaries, conventions, repeat elections and runoffs; overlapping FEC appendices are not a unique-race census"
2023,MP,House and Senate,,special_election_census_not_reconciled,https://www.fec.gov/introduction-campaign-finance/election-results-and-voting-information/,"Verify all special primaries, conventions, repeat elections and runoffs; overlapping FEC appendices are not a unique-race census"
2023,MS,House and Senate,,special_election_census_not_reconciled,https://www.fec.gov/introduction-campaign-finance/election-results-and-voting-information/,"Verify all special primaries, conventions, repeat elections and runoffs; overlapping FEC appendices are not a unique-race census"
2023,MT,House and Senate,,special_election_census_not_reconciled,https://www.fec.gov/introduction-campaign-finance/election-results-and-voting-information/,"Verify all special primaries, conventions, repeat elections and runoffs; overlapping FEC appendices are not a unique-race census"
2023,NC,House and Senate,,special_election_census_not_reconciled,https://www.fec.gov/introduction-campaign-finance/election-results-and-voting-information/,"Verify all special primaries, conventions, repeat elections and runoffs; overlapping FEC appendices are not a unique-race census"
2023,ND,House and Senate,,special_election_census_not_reconciled,https://www.fec.gov/introduction-campaign-finance/election-results-and-voting-information/,"Verify all special primaries, conventions, repeat elections and runoffs; overlapping FEC appendices are not a unique-race census"
2023,NE,House and Senate,,special_election_census_not_reconciled,https://www.fec.gov/introduction-campaign-finance/election-results-and-voting-information/,"Verify all special primaries, conventions, repeat elections and runoffs; overlapping FEC appendices are not a unique-race census"
2023,NH,House and Senate,,special_election_census_not_reconciled,https://www.fec.gov/introduction-campaign-finance/election-results-and-voting-information/,"Verify all special primaries, conventions, repeat elections and runoffs; overlapping FEC appendices are not a unique-race census"
2023,NJ,House and Senate,,special_election_census_not_reconciled,https://www.fec.gov/introduction-campaign-finance/election-results-and-voting-information/,"Verify all special primaries, conventions, repeat elections and runoffs; overlapping FEC appendices are not a unique-race census"
2023,NM,House and Senate,,special_election_census_not_reconciled,https://www.fec.gov/introduction-campaign-finance/election-results-and-voting-information/,"Verify all special primaries, conventions, repeat elections and runoffs; overlapping FEC appendices are not a unique-race census"
2023,NV,House and Senate,,special_election_census_not_reconciled,https://www.fec.gov/introduction-campaign-finance/election-results-and-voting-information/,"Verify all special primaries, conventions, repeat elections and runoffs; overlapping FEC appendices are not a unique-race census"
2023,NY,House and Senate,,special_election_census_not_reconciled,https://www.fec.gov/introduction-campaign-finance/election-results-and-voting-information/,"Verify all special primaries, conventions, repeat elections and runoffs; overlapping FEC appendices are not a unique-race census"
2023,OH,House and Senate,,special_election_census_not_reconciled,https://www.fec.gov/introduction-campaign-finance/election-results-and-voting-information/,"Verify all special primaries, conventions, repeat elections and runoffs; overlapping FEC appendices are not a unique-race census"
2023,OK,House and Senate,,special_election_census_not_reconciled,https://www.fec.gov/introduction-campaign-finance/election-results-and-voting-information/,"Verify all special primaries, conventions, repeat elections and runoffs; overlapping FEC appendices are not a unique-race census"
2023,OR,House and Senate,,special_election_census_not_reconciled,https://www.fec.gov/introduction-campaign-finance/election-results-and-voting-information/,"Verify all special primaries, conventions, repeat elections and runoffs; overlapping FEC appendices are not a unique-race census"
2023,PA,House and Senate,,special_election_census_not_reconciled,https://www.fec.gov/introduction-campaign-finance/election-results-and-voting-information/,"Verify all special primaries, conventions, repeat elections and runoffs; overlapping FEC appendices are not a unique-race census"
2023,PR,House and Senate,,special_election_census_not_reconciled,https://www.fec.gov/introduction-campaign-finance/election-results-and-voting-information/,"Verify all special primaries, conventions, repeat elections and runoffs; overlapping FEC appendices are not a unique-race census"
2023,RI,House and Senate,,special_election_census_not_reconciled,https://www.fec.gov/introduction-campaign-finance/election-results-and-voting-information/,"Verify all special primaries, conventions, repeat elections and runoffs; overlapping FEC appendices are not a unique-race census"
2023,SC,House and Senate,,special_election_census_not_reconciled,https://www.fec.gov/introduction-campaign-finance/election-results-and-voting-information/,"Verify all special primaries, conventions, repeat elections and runoffs; overlapping FEC appendices are not a unique-race census"
2023,SD,House and Senate,,special_election_census_not_reconciled,https://www.fec.gov/introduction-campaign-finance/election-results-and-voting-information/,"Verify all special primaries, conventions, repeat elections and runoffs; overlapping FEC appendices are not a unique-race census"
2023,TN,House and Senate,,special_election_census_not_reconciled,https://www.fec.gov/introduction-campaign-finance/election-results-and-voting-information/,"Verify all special primaries, conventions, repeat elections and runoffs; overlapping FEC appendices are not a unique-race census"
2023,TX,House and Senate,,special_election_census_not_reconciled,https://www.fec.gov/introduction-campaign-finance/election-results-and-voting-information/,"Verify all special primaries, conventions, repeat elections and runoffs; overlapping FEC appendices are not a unique-race census"
2023,UT,House and Senate,,special_election_census_not_reconciled,https://www.fec.gov/introduction-campaign-finance/election-results-and-voting-information/,"Verify all special primaries, conventions, repeat elections and runoffs; overlapping FEC appendices are not a unique-race census"
2023,VA,House and Senate,,special_election_census_not_reconciled,https://www.fec.gov/introduction-campaign-finance/election-results-and-voting-information/,"Verify all special primaries, conventions, repeat elections and runoffs; overlapping FEC appendices are not a unique-race census"
2023,VI,House and Senate,,special_election_census_not_reconciled,https://www.fec.gov/introduction-campaign-finance/election-results-and-voting-information/,"Verify all special primaries, conventions, repeat elections and runoffs; overlapping FEC appendices are not a unique-race census"
2023,VT,House and Senate,,special_election_census_not_reconciled,https://www.fec.gov/introduction-campaign-finance/election-results-and-voting-information/,"Verify all special primaries, conventions, repeat elections and runoffs; overlapping FEC appendices are not a unique-race census"
2023,WA,House and Senate,,special_election_census_not_reconciled,https://www.fec.gov/introduction-campaign-finance/election-results-and-voting-information/,"Verify all special primaries, conventions, repeat elections and runoffs; overlapping FEC appendices are not a unique-race census"
2023,WI,House and Senate,,special_election_census_not_reconciled,https://www.fec.gov/introduction-campaign-finance/election-results-and-voting-information/,"Verify all special primaries, conventions, repeat elections and runoffs; overlapping FEC appendices are not a unique-race census"
2023,WV,House and Senate,,special_election_census_not_reconciled,https://www.fec.gov/introduction-campaign-finance/election-results-and-voting-information/,"Verify all special primaries, conventions, repeat elections and runoffs; overlapping FEC appendices are not a unique-race census"
2023,WY,House and Senate,,special_election_census_not_reconciled,https://www.fec.gov/introduction-campaign-finance/election-results-and-voting-information/,"Verify all special primaries, conventions, repeat elections and runoffs; overlapping FEC appendices are not a unique-race census"
2024,AK,House and Senate,,special_election_census_not_reconciled,https://www.fec.gov/introduction-campaign-finance/election-results-and-voting-information/,"Verify all special primaries, conventions, repeat elections and runoffs; overlapping FEC appendices are not a unique-race census"
2024,AL,House and Senate,,special_election_census_not_reconciled,https://www.fec.gov/introduction-campaign-finance/election-results-and-voting-information/,"Verify all special primaries, conventions, repeat elections and runoffs; overlapping FEC appendices are not a unique-race census"
2024,AR,House and Senate,,special_election_census_not_reconciled,https://www.fec.gov/introduction-campaign-finance/election-results-and-voting-information/,"Verify all special primaries, conventions, repeat elections and runoffs; overlapping FEC appendices are not a unique-race census"
2024,AS,House and Senate,,special_election_census_not_reconciled,https://www.fec.gov/introduction-campaign-finance/election-results-and-voting-information/,"Verify all special primaries, conventions, repeat elections and runoffs; overlapping FEC appendices are not a unique-race census"
2024,AZ,House and Senate,,special_election_census_not_reconciled,https://www.fec.gov/introduction-campaign-finance/election-results-and-voting-information/,"Verify all special primaries, conventions, repeat elections and runoffs; overlapping FEC appendices are not a unique-race census"
2024,CA,House and Senate,,special_election_census_not_reconciled,https://www.fec.gov/introduction-campaign-finance/election-results-and-voting-information/,"Verify all special primaries, conventions, repeat elections and runoffs; overlapping FEC appendices are not a unique-race census"
2024,CO,House and Senate,,special_election_census_not_reconciled,https://www.fec.gov/introduction-campaign-finance/election-results-and-voting-information/,"Verify all special primaries, conventions, repeat elections and runoffs; overlapping FEC appendices are not a unique-race census"
2024,CT,House and Senate,,special_election_census_not_reconciled,https://www.fec.gov/introduction-campaign-finance/election-results-and-voting-information/,"Verify all special primaries, conventions, repeat elections and runoffs; overlapping FEC appendices are not a unique-race census"
2024,DC,House and Senate,,special_election_census_not_reconciled,https://www.fec.gov/introduction-campaign-finance/election-results-and-voting-information/,"Verify all special primaries, conventions, repeat elections and runoffs; overlapping FEC appendices are not a unique-race census"
2024,DE,House and Senate,,special_election_census_not_reconciled,https://www.fec.gov/introduction-campaign-finance/election-results-and-voting-information/,"Verify all special primaries, conventions, repeat elections and runoffs; overlapping FEC appendices are not a unique-race census"
2024,FL,House and Senate,,special_election_census_not_reconciled,https://www.fec.gov/introduction-campaign-finance/election-results-and-voting-information/,"Verify all special primaries, conventions, repeat elections and runoffs; overlapping FEC appendices are not a unique-race census"
2024,GA,House and Senate,,special_election_census_not_reconciled,https://www.fec.gov/introduction-campaign-finance/election-results-and-voting-information/,"Verify all special primaries, conventions, repeat elections and runoffs; overlapping FEC appendices are not a unique-race census"
2024,GU,House and Senate,,special_election_census_not_reconciled,https://www.fec.gov/introduction-campaign-finance/election-results-and-voting-information/,"Verify all special primaries, conventions, repeat elections and runoffs; overlapping FEC appendices are not a unique-race census"
2024,HI,House and Senate,,special_election_census_not_reconciled,https://www.fec.gov/introduction-campaign-finance/election-results-and-voting-information/,"Verify all special primaries, conventions, repeat elections and runoffs; overlapping FEC appendices are not a unique-race census"
2024,IA,House and Senate,,special_election_census_not_reconciled,https://www.fec.gov/introduction-campaign-finance/election-results-and-voting-information/,"Verify all special primaries, conventions, repeat elections and runoffs; overlapping FEC appendices are not a unique-race census"
2024,ID,House and Senate,,special_election_census_not_reconciled,https://www.fec.gov/introduction-campaign-finance/election-results-and-voting-information/,"Verify all special primaries, conventions, repeat elections and runoffs; overlapping FEC appendices are not a unique-race census"
2024,IL,House and Senate,,special_election_census_not_reconciled,https://www.fec.gov/introduction-campaign-finance/election-results-and-voting-information/,"Verify all special primaries, conventions, repeat elections and runoffs; overlapping FEC appendices are not a unique-race census"
2024,IN,House and Senate,,special_election_census_not_reconciled,https://www.fec.gov/introduction-campaign-finance/election-results-and-voting-information/,"Verify all special primaries, conventions, repeat elections and runoffs; overlapping FEC appendices are not a unique-race census"
2024,KS,House and Senate,,special_election_census_not_reconciled,https://www.fec.gov/introduction-campaign-finance/election-results-and-voting-information/,"Verify all special primaries, conventions, repeat elections and runoffs; overlapping FEC appendices are not a unique-race census"
2024,KY,House and Senate,,special_election_census_not_reconciled,https://www.fec.gov/introduction-campaign-finance/election-results-and-voting-information/,"Verify all special primaries, conventions, repeat elections and runoffs; overlapping FEC appendices are not a unique-race census"
2024,LA,House and Senate,,special_election_census_not_reconciled,https://www.fec.gov/introduction-campaign-finance/election-results-and-voting-information/,"Verify all special primaries, conventions, repeat elections and runoffs; overlapping FEC appendices are not a unique-race census"
2024,MA,House and Senate,,special_election_census_not_reconciled,https://www.fec.gov/introduction-campaign-finance/election-results-and-voting-information/,"Verify all special primaries, conventions, repeat elections and runoffs; overlapping FEC appendices are not a unique-race census"
2024,MD,House and Senate,,special_election_census_not_reconciled,https://www.fec.gov/introduction-campaign-finance/election-results-and-voting-information/,"Verify all special primaries, conventions, repeat elections and runoffs; overlapping FEC appendices are not a unique-race census"
2024,ME,House and Senate,,special_election_census_not_reconciled,https://www.fec.gov/introduction-campaign-finance/election-results-and-voting-information/,"Verify all special primaries, conventions, repeat elections and runoffs; overlapping FEC appendices are not a unique-race census"
2024,MI,House and Senate,,special_election_census_not_reconciled,https://www.fec.gov/introduction-campaign-finance/election-results-and-voting-information/,"Verify all special primaries, conventions, repeat elections and runoffs; overlapping FEC appendices are not a unique-race census"
2024,MN,House and Senate,,special_election_census_not_reconciled,https://www.fec.gov/introduction-campaign-finance/election-results-and-voting-information/,"Verify all special primaries, conventions, repeat elections and runoffs; overlapping FEC appendices are not a unique-race census"
2024,MO,House and Senate,,special_election_census_not_reconciled,https://www.fec.gov/introduction-campaign-finance/election-results-and-voting-information/,"Verify all special primaries, conventions, repeat elections and runoffs; overlapping FEC appendices are not a unique-race census"
2024,MP,House and Senate,,special_election_census_not_reconciled,https://www.fec.gov/introduction-campaign-finance/election-results-and-voting-information/,"Verify all special primaries, conventions, repeat elections and runoffs; overlapping FEC appendices are not a unique-race census"
2024,MS,House and Senate,,special_election_census_not_reconciled,https://www.fec.gov/introduction-campaign-finance/election-results-and-voting-information/,"Verify all special primaries, conventions, repeat elections and runoffs; overlapping FEC appendices are not a unique-race census"
2024,MT,House and Senate,,special_election_census_not_reconciled,https://www.fec.gov/introduction-campaign-finance/election-results-and-voting-information/,"Verify all special primaries, conventions, repeat elections and runoffs; overlapping FEC appendices are not a unique-race census"
2024,NC,House and Senate,,special_election_census_not_reconciled,https://www.fec.gov/introduction-campaign-finance/election-results-and-voting-information/,"Verify all special primaries, conventions, repeat elections and runoffs; overlapping FEC appendices are not a unique-race census"
2024,ND,House and Senate,,special_election_census_not_reconciled,https://www.fec.gov/introduction-campaign-finance/election-results-and-voting-information/,"Verify all special primaries, conventions, repeat elections and runoffs; overlapping FEC appendices are not a unique-race census"
2024,NE,House and Senate,,special_election_census_not_reconciled,https://www.fec.gov/introduction-campaign-finance/election-results-and-voting-information/,"Verify all special primaries, conventions, repeat elections and runoffs; overlapping FEC appendices are not a unique-race census"
2024,NH,House and Senate,,special_election_census_not_reconciled,https://www.fec.gov/introduction-campaign-finance/election-results-and-voting-information/,"Verify all special primaries, conventions, repeat elections and runoffs; overlapping FEC appendices are not a unique-race census"
2024,NJ,House and Senate,,special_election_census_not_reconciled,https://www.fec.gov/introduction-campaign-finance/election-results-and-voting-information/,"Verify all special primaries, conventions, repeat elections and runoffs; overlapping FEC appendices are not a unique-race census"
2024,NM,House and Senate,,special_election_census_not_reconciled,https://www.fec.gov/introduction-campaign-finance/election-results-and-voting-information/,"Verify all special primaries, conventions, repeat elections and runoffs; overlapping FEC appendices are not a unique-race census"
2024,NV,House and Senate,,special_election_census_not_reconciled,https://www.fec.gov/introduction-campaign-finance/election-results-and-voting-information/,"Verify all special primaries, conventions, repeat elections and runoffs; overlapping FEC appendices are not a unique-race census"
2024,NY,House and Senate,,special_election_census_not_reconciled,https://www.fec.gov/introduction-campaign-finance/election-results-and-voting-information/,"Verify all special primaries, conventions, repeat elections and runoffs; overlapping FEC appendices are not a unique-race census"
2024,OH,House and Senate,,special_election_census_not_reconciled,https://www.fec.gov/introduction-campaign-finance/election-results-and-voting-information/,"Verify all special primaries, conventions, repeat elections and runoffs; overlapping FEC appendices are not a unique-race census"
2024,OK,House and Senate,,special_election_census_not_reconciled,https://www.fec.gov/introduction-campaign-finance/election-results-and-voting-information/,"Verify all special primaries, conventions, repeat elections and runoffs; overlapping FEC appendices are not a unique-race census"
2024,OR,House and Senate,,special_election_census_not_reconciled,https://www.fec.gov/introduction-campaign-finance/election-results-and-voting-information/,"Verify all special primaries, conventions, repeat elections and runoffs; overlapping FEC appendices are not a unique-race census"
2024,PA,House and Senate,,special_election_census_not_reconciled,https://www.fec.gov/introduction-campaign-finance/election-results-and-voting-information/,"Verify all special primaries, conventions, repeat elections and runoffs; overlapping FEC appendices are not a unique-race census"
2024,PR,House and Senate,,special_election_census_not_reconciled,https://www.fec.gov/introduction-campaign-finance/election-results-and-voting-information/,"Verify all special primaries, conventions, repeat elections and runoffs; overlapping FEC appendices are not a unique-race census"
2024,RI,House and Senate,,special_election_census_not_reconciled,https://www.fec.gov/introduction-campaign-finance/election-results-and-voting-information/,"Verify all special primaries, conventions, repeat elections and runoffs; overlapping FEC appendices are not a unique-race census"
2024,SC,House and Senate,,special_election_census_not_reconciled,https://www.fec.gov/introduction-campaign-finance/election-results-and-voting-information/,"Verify all special primaries, conventions, repeat elections and runoffs; overlapping FEC appendices are not a unique-race census"
2024,SD,House and Senate,,special_election_census_not_reconciled,https://www.fec.gov/introduction-campaign-finance/election-results-and-voting-information/,"Verify all special primaries, conventions, repeat elections and runoffs; overlapping FEC appendices are not a unique-race census"
2024,TN,House and Senate,,special_election_census_not_reconciled,https://www.fec.gov/introduction-campaign-finance/election-results-and-voting-information/,"Verify all special primaries, conventions, repeat elections and runoffs; overlapping FEC appendices are not a unique-race census"
2024,TX,House and Senate,,special_election_census_not_reconciled,https://www.fec.gov/introduction-campaign-finance/election-results-and-voting-information/,"Verify all special primaries, conventions, repeat elections and runoffs; overlapping FEC appendices are not a unique-race census"
2024,UT,House and Senate,,special_election_census_not_reconciled,https://www.fec.gov/introduction-campaign-finance/election-results-and-voting-information/,"Verify all special primaries, conventions, repeat elections and runoffs; overlapping FEC appendices are not a unique-race census"
2024,VA,House and Senate,,special_election_census_not_reconciled,https://www.fec.gov/introduction-campaign-finance/election-results-and-voting-information/,"Verify all special primaries, conventions, repeat elections and runoffs; overlapping FEC appendices are not a unique-race census"
2024,VI,House and Senate,,special_election_census_not_reconciled,https://www.fec.gov/introduction-campaign-finance/election-results-and-voting-information/,"Verify all special primaries, conventions, repeat elections and runoffs; overlapping FEC appendices are not a unique-race census"
2024,VT,House and Senate,,special_election_census_not_reconciled,https://www.fec.gov/introduction-campaign-finance/election-results-and-voting-information/,"Verify all special primaries, conventions, repeat elections and runoffs; overlapping FEC appendices are not a unique-race census"
2024,WA,House and Senate,,special_election_census_not_reconciled,https://www.fec.gov/introduction-campaign-finance/election-results-and-voting-information/,"Verify all special primaries, conventions, repeat elections and runoffs; overlapping FEC appendices are not a unique-race census"
2024,WI,House and Senate,,special_election_census_not_reconciled,https://www.fec.gov/introduction-campaign-finance/election-results-and-voting-information/,"Verify all special primaries, conventions, repeat elections and runoffs; overlapping FEC appendices are not a unique-race census"
2024,WV,House and Senate,,special_election_census_not_reconciled,https://www.fec.gov/introduction-campaign-finance/election-results-and-voting-information/,"Verify all special primaries, conventions, repeat elections and runoffs; overlapping FEC appendices are not a unique-race census"
2024,WY,House and Senate,,special_election_census_not_reconciled,https://www.fec.gov/introduction-campaign-finance/election-results-and-voting-information/,"Verify all special primaries, conventions, repeat elections and runoffs; overlapping FEC appendices are not a unique-race census"
2025,AK,House and Senate,,special_election_census_not_reconciled,https://www.fec.gov/introduction-campaign-finance/election-results-and-voting-information/,"Verify all special primaries, conventions, repeat elections and runoffs; overlapping FEC appendices are not a unique-race census"
2025,AL,House and Senate,,special_election_census_not_reconciled,https://www.fec.gov/introduction-campaign-finance/election-results-and-voting-information/,"Verify all special primaries, conventions, repeat elections and runoffs; overlapping FEC appendices are not a unique-race census"
2025,AR,House and Senate,,special_election_census_not_reconciled,https://www.fec.gov/introduction-campaign-finance/election-results-and-voting-information/,"Verify all special primaries, conventions, repeat elections and runoffs; overlapping FEC appendices are not a unique-race census"
2025,AS,House and Senate,,special_election_census_not_reconciled,https://www.fec.gov/introduction-campaign-finance/election-results-and-voting-information/,"Verify all special primaries, conventions, repeat elections and runoffs; overlapping FEC appendices are not a unique-race census"
2025,AZ,House and Senate,,special_election_census_not_reconciled,https://www.fec.gov/introduction-campaign-finance/election-results-and-voting-information/,"Verify all special primaries, conventions, repeat elections and runoffs; overlapping FEC appendices are not a unique-race census"
2025,CA,House and Senate,,special_election_census_not_reconciled,https://www.fec.gov/introduction-campaign-finance/election-results-and-voting-information/,"Verify all special primaries, conventions, repeat elections and runoffs; overlapping FEC appendices are not a unique-race census"
2025,CO,House and Senate,,special_election_census_not_reconciled,https://www.fec.gov/introduction-campaign-finance/election-results-and-voting-information/,"Verify all special primaries, conventions, repeat elections and runoffs; overlapping FEC appendices are not a unique-race census"
2025,CT,House and Senate,,special_election_census_not_reconciled,https://www.fec.gov/introduction-campaign-finance/election-results-and-voting-information/,"Verify all special primaries, conventions, repeat elections and runoffs; overlapping FEC appendices are not a unique-race census"
2025,DC,House and Senate,,special_election_census_not_reconciled,https://www.fec.gov/introduction-campaign-finance/election-results-and-voting-information/,"Verify all special primaries, conventions, repeat elections and runoffs; overlapping FEC appendices are not a unique-race census"
2025,DE,House and Senate,,special_election_census_not_reconciled,https://www.fec.gov/introduction-campaign-finance/election-results-and-voting-information/,"Verify all special primaries, conventions, repeat elections and runoffs; overlapping FEC appendices are not a unique-race census"
2025,FL,House and Senate,,special_election_census_not_reconciled,https://www.fec.gov/introduction-campaign-finance/election-results-and-voting-information/,"Verify all special primaries, conventions, repeat elections and runoffs; overlapping FEC appendices are not a unique-race census"
2025,GA,House and Senate,,special_election_census_not_reconciled,https://www.fec.gov/introduction-campaign-finance/election-results-and-voting-information/,"Verify all special primaries, conventions, repeat elections and runoffs; overlapping FEC appendices are not a unique-race census"
2025,GU,House and Senate,,special_election_census_not_reconciled,https://www.fec.gov/introduction-campaign-finance/election-results-and-voting-information/,"Verify all special primaries, conventions, repeat elections and runoffs; overlapping FEC appendices are not a unique-race census"
2025,HI,House and Senate,,special_election_census_not_reconciled,https://www.fec.gov/introduction-campaign-finance/election-results-and-voting-information/,"Verify all special primaries, conventions, repeat elections and runoffs; overlapping FEC appendices are not a unique-race census"
2025,IA,House and Senate,,special_election_census_not_reconciled,https://www.fec.gov/introduction-campaign-finance/election-results-and-voting-information/,"Verify all special primaries, conventions, repeat elections and runoffs; overlapping FEC appendices are not a unique-race census"
2025,ID,House and Senate,,special_election_census_not_reconciled,https://www.fec.gov/introduction-campaign-finance/election-results-and-voting-information/,"Verify all special primaries, conventions, repeat elections and runoffs; overlapping FEC appendices are not a unique-race census"
2025,IL,House and Senate,,special_election_census_not_reconciled,https://www.fec.gov/introduction-campaign-finance/election-results-and-voting-information/,"Verify all special primaries, conventions, repeat elections and runoffs; overlapping FEC appendices are not a unique-race census"
2025,IN,House and Senate,,special_election_census_not_reconciled,https://www.fec.gov/introduction-campaign-finance/election-results-and-voting-information/,"Verify all special primaries, conventions, repeat elections and runoffs; overlapping FEC appendices are not a unique-race census"
2025,KS,House and Senate,,special_election_census_not_reconciled,https://www.fec.gov/introduction-campaign-finance/election-results-and-voting-information/,"Verify all special primaries, conventions, repeat elections and runoffs; overlapping FEC appendices are not a unique-race census"
2025,KY,House and Senate,,special_election_census_not_reconciled,https://www.fec.gov/introduction-campaign-finance/election-results-and-voting-information/,"Verify all special primaries, conventions, repeat elections and runoffs; overlapping FEC appendices are not a unique-race census"
2025,LA,House and Senate,,special_election_census_not_reconciled,https://www.fec.gov/introduction-campaign-finance/election-results-and-voting-information/,"Verify all special primaries, conventions, repeat elections and runoffs; overlapping FEC appendices are not a unique-race census"
2025,MA,House and Senate,,special_election_census_not_reconciled,https://www.fec.gov/introduction-campaign-finance/election-results-and-voting-information/,"Verify all special primaries, conventions, repeat elections and runoffs; overlapping FEC appendices are not a unique-race census"
2025,MD,House and Senate,,special_election_census_not_reconciled,https://www.fec.gov/introduction-campaign-finance/election-results-and-voting-information/,"Verify all special primaries, conventions, repeat elections and runoffs; overlapping FEC appendices are not a unique-race census"
2025,ME,House and Senate,,special_election_census_not_reconciled,https://www.fec.gov/introduction-campaign-finance/election-results-and-voting-information/,"Verify all special primaries, conventions, repeat elections and runoffs; overlapping FEC appendices are not a unique-race census"
2025,MI,House and Senate,,special_election_census_not_reconciled,https://www.fec.gov/introduction-campaign-finance/election-results-and-voting-information/,"Verify all special primaries, conventions, repeat elections and runoffs; overlapping FEC appendices are not a unique-race census"
2025,MN,House and Senate,,special_election_census_not_reconciled,https://www.fec.gov/introduction-campaign-finance/election-results-and-voting-information/,"Verify all special primaries, conventions, repeat elections and runoffs; overlapping FEC appendices are not a unique-race census"
2025,MO,House and Senate,,special_election_census_not_reconciled,https://www.fec.gov/introduction-campaign-finance/election-results-and-voting-information/,"Verify all special primaries, conventions, repeat elections and runoffs; overlapping FEC appendices are not a unique-race census"
2025,MP,House and Senate,,special_election_census_not_reconciled,https://www.fec.gov/introduction-campaign-finance/election-results-and-voting-information/,"Verify all special primaries, conventions, repeat elections and runoffs; overlapping FEC appendices are not a unique-race census"
2025,MS,House and Senate,,special_election_census_not_reconciled,https://www.fec.gov/introduction-campaign-finance/election-results-and-voting-information/,"Verify all special primaries, conventions, repeat elections and runoffs; overlapping FEC appendices are not a unique-race census"
2025,MT,House and Senate,,special_election_census_not_reconciled,https://www.fec.gov/introduction-campaign-finance/election-results-and-voting-information/,"Verify all special primaries, conventions, repeat elections and runoffs; overlapping FEC appendices are not a unique-race census"
2025,NC,House and Senate,,special_election_census_not_reconciled,https://www.fec.gov/introduction-campaign-finance/election-results-and-voting-information/,"Verify all special primaries, conventions, repeat elections and runoffs; overlapping FEC appendices are not a unique-race census"
2025,ND,House and Senate,,special_election_census_not_reconciled,https://www.fec.gov/introduction-campaign-finance/election-results-and-voting-information/,"Verify all special primaries, conventions, repeat elections and runoffs; overlapping FEC appendices are not a unique-race census"
2025,NE,House and Senate,,special_election_census_not_reconciled,https://www.fec.gov/introduction-campaign-finance/election-results-and-voting-information/,"Verify all special primaries, conventions, repeat elections and runoffs; overlapping FEC appendices are not a unique-race census"
2025,NH,House and Senate,,special_election_census_not_reconciled,https://www.fec.gov/introduction-campaign-finance/election-results-and-voting-information/,"Verify all special primaries, conventions, repeat elections and runoffs; overlapping FEC appendices are not a unique-race census"
2025,NJ,House and Senate,,special_election_census_not_reconciled,https://www.fec.gov/introduction-campaign-finance/election-results-and-voting-information/,"Verify all special primaries, conventions, repeat elections and runoffs; overlapping FEC appendices are not a unique-race census"
2025,NM,House and Senate,,special_election_census_not_reconciled,https://www.fec.gov/introduction-campaign-finance/election-results-and-voting-information/,"Verify all special primaries, conventions, repeat elections and runoffs; overlapping FEC appendices are not a unique-race census"
2025,NV,House and Senate,,special_election_census_not_reconciled,https://www.fec.gov/introduction-campaign-finance/election-results-and-voting-information/,"Verify all special primaries, conventions, repeat elections and runoffs; overlapping FEC appendices are not a unique-race census"
2025,NY,House and Senate,,special_election_census_not_reconciled,https://www.fec.gov/introduction-campaign-finance/election-results-and-voting-information/,"Verify all special primaries, conventions, repeat elections and runoffs; overlapping FEC appendices are not a unique-race census"
2025,OH,House and Senate,,special_election_census_not_reconciled,https://www.fec.gov/introduction-campaign-finance/election-results-and-voting-information/,"Verify all special primaries, conventions, repeat elections and runoffs; overlapping FEC appendices are not a unique-race census"
2025,OK,House and Senate,,special_election_census_not_reconciled,https://www.fec.gov/introduction-campaign-finance/election-results-and-voting-information/,"Verify all special primaries, conventions, repeat elections and runoffs; overlapping FEC appendices are not a unique-race census"
2025,OR,House and Senate,,special_election_census_not_reconciled,https://www.fec.gov/introduction-campaign-finance/election-results-and-voting-information/,"Verify all special primaries, conventions, repeat elections and runoffs; overlapping FEC appendices are not a unique-race census"
2025,PA,House and Senate,,special_election_census_not_reconciled,https://www.fec.gov/introduction-campaign-finance/election-results-and-voting-information/,"Verify all special primaries, conventions, repeat elections and runoffs; overlapping FEC appendices are not a unique-race census"
2025,PR,House and Senate,,special_election_census_not_reconciled,https://www.fec.gov/introduction-campaign-finance/election-results-and-voting-information/,"Verify all special primaries, conventions, repeat elections and runoffs; overlapping FEC appendices are not a unique-race census"
2025,RI,House and Senate,,special_election_census_not_reconciled,https://www.fec.gov/introduction-campaign-finance/election-results-and-voting-information/,"Verify all special primaries, conventions, repeat elections and runoffs; overlapping FEC appendices are not a unique-race census"
2025,SC,House and Senate,,special_election_census_not_reconciled,https://www.fec.gov/introduction-campaign-finance/election-results-and-voting-information/,"Verify all special primaries, conventions, repeat elections and runoffs; overlapping FEC appendices are not a unique-race census"
2025,SD,House and Senate,,special_election_census_not_reconciled,https://www.fec.gov/introduction-campaign-finance/election-results-and-voting-information/,"Verify all special primaries, conventions, repeat elections and runoffs; overlapping FEC appendices are not a unique-race census"
2025,TN,House and Senate,,special_election_census_not_reconciled,https://www.fec.gov/introduction-campaign-finance/election-results-and-voting-information/,"Verify all special primaries, conventions, repeat elections and runoffs; overlapping FEC appendices are not a unique-race census"
2025,TX,House and Senate,,special_election_census_not_reconciled,https://www.fec.gov/introduction-campaign-finance/election-results-and-voting-information/,"Verify all special primaries, conventions, repeat elections and runoffs; overlapping FEC appendices are not a unique-race census"
2025,UT,House and Senate,,special_election_census_not_reconciled,https://www.fec.gov/introduction-campaign-finance/election-results-and-voting-information/,"Verify all special primaries, conventions, repeat elections and runoffs; overlapping FEC appendices are not a unique-race census"
2025,VA,House and Senate,,special_election_census_not_reconciled,https://www.fec.gov/introduction-campaign-finance/election-results-and-voting-information/,"Verify all special primaries, conventions, repeat elections and runoffs; overlapping FEC appendices are not a unique-race census"
2025,VI,House and Senate,,special_election_census_not_reconciled,https://www.fec.gov/introduction-campaign-finance/election-results-and-voting-information/,"Verify all special primaries, conventions, repeat elections and runoffs; overlapping FEC appendices are not a unique-race census"
2025,VT,House and Senate,,special_election_census_not_reconciled,https://www.fec.gov/introduction-campaign-finance/election-results-and-voting-information/,"Verify all special primaries, conventions, repeat elections and runoffs; overlapping FEC appendices are not a unique-race census"
2025,WA,House and Senate,,special_election_census_not_reconciled,https://www.fec.gov/introduction-campaign-finance/election-results-and-voting-information/,"Verify all special primaries, conventions, repeat elections and runoffs; overlapping FEC appendices are not a unique-race census"
2025,WI,House and Senate,,special_election_census_not_reconciled,https://www.fec.gov/introduction-campaign-finance/election-results-and-voting-information/,"Verify all special primaries, conventions, repeat elections and runoffs; overlapping FEC appendices are not a unique-race census"
2025,WV,House and Senate,,special_election_census_not_reconciled,https://www.fec.gov/introduction-campaign-finance/election-results-and-voting-information/,"Verify all special primaries, conventions, repeat elections and runoffs; overlapping FEC appendices are not a unique-race census"
2025,WY,House and Senate,,special_election_census_not_reconciled,https://www.fec.gov/introduction-campaign-finance/election-results-and-voting-information/,"Verify all special primaries, conventions, repeat elections and runoffs; overlapping FEC appendices are not a unique-race census"
2026,AK,House and Senate,,special_election_census_not_reconciled,https://www.fec.gov/introduction-campaign-finance/election-results-and-voting-information/,"Verify all special primaries, conventions, repeat elections and runoffs; overlapping FEC appendices are not a unique-race census"
2026,AL,House and Senate,,special_election_census_not_reconciled,https://www.fec.gov/introduction-campaign-finance/election-results-and-voting-information/,"Verify all special primaries, conventions, repeat elections and runoffs; overlapping FEC appendices are not a unique-race census"
2026,AR,House and Senate,,special_election_census_not_reconciled,https://www.fec.gov/introduction-campaign-finance/election-results-and-voting-information/,"Verify all special primaries, conventions, repeat elections and runoffs; overlapping FEC appendices are not a unique-race census"
2026,AS,House and Senate,,special_election_census_not_reconciled,https://www.fec.gov/introduction-campaign-finance/election-results-and-voting-information/,"Verify all special primaries, conventions, repeat elections and runoffs; overlapping FEC appendices are not a unique-race census"
2026,AZ,House and Senate,,special_election_census_not_reconciled,https://www.fec.gov/introduction-campaign-finance/election-results-and-voting-information/,"Verify all special primaries, conventions, repeat elections and runoffs; overlapping FEC appendices are not a unique-race census"
2026,CA,House and Senate,,special_election_census_not_reconciled,https://www.fec.gov/introduction-campaign-finance/election-results-and-voting-information/,"Verify all special primaries, conventions, repeat elections and runoffs; overlapping FEC appendices are not a unique-race census"
2026,CO,House and Senate,,special_election_census_not_reconciled,https://www.fec.gov/introduction-campaign-finance/election-results-and-voting-information/,"Verify all special primaries, conventions, repeat elections and runoffs; overlapping FEC appendices are not a unique-race census"
2026,CT,House and Senate,,special_election_census_not_reconciled,https://www.fec.gov/introduction-campaign-finance/election-results-and-voting-information/,"Verify all special primaries, conventions, repeat elections and runoffs; overlapping FEC appendices are not a unique-race census"
2026,DC,House and Senate,,special_election_census_not_reconciled,https://www.fec.gov/introduction-campaign-finance/election-results-and-voting-information/,"Verify all special primaries, conventions, repeat elections and runoffs; overlapping FEC appendices are not a unique-race census"
2026,DE,House and Senate,,special_election_census_not_reconciled,https://www.fec.gov/introduction-campaign-finance/election-results-and-voting-information/,"Verify all special primaries, conventions, repeat elections and runoffs; overlapping FEC appendices are not a unique-race census"
2026,FL,House and Senate,,special_election_census_not_reconciled,https://www.fec.gov/introduction-campaign-finance/election-results-and-voting-information/,"Verify all special primaries, conventions, repeat elections and runoffs; overlapping FEC appendices are not a unique-race census"
2026,GA,House and Senate,,special_election_census_not_reconciled,https://www.fec.gov/introduction-campaign-finance/election-results-and-voting-information/,"Verify all special primaries, conventions, repeat elections and runoffs; overlapping FEC appendices are not a unique-race census"
2026,GU,House and Senate,,special_election_census_not_reconciled,https://www.fec.gov/introduction-campaign-finance/election-results-and-voting-information/,"Verify all special primaries, conventions, repeat elections and runoffs; overlapping FEC appendices are not a unique-race census"
2026,HI,House and Senate,,special_election_census_not_reconciled,https://www.fec.gov/introduction-campaign-finance/election-results-and-voting-information/,"Verify all special primaries, conventions, repeat elections and runoffs; overlapping FEC appendices are not a unique-race census"
2026,IA,House and Senate,,special_election_census_not_reconciled,https://www.fec.gov/introduction-campaign-finance/election-results-and-voting-information/,"Verify all special primaries, conventions, repeat elections and runoffs; overlapping FEC appendices are not a unique-race census"
2026,ID,House and Senate,,special_election_census_not_reconciled,https://www.fec.gov/introduction-campaign-finance/election-results-and-voting-information/,"Verify all special primaries, conventions, repeat elections and runoffs; overlapping FEC appendices are not a unique-race census"
2026,IL,House and Senate,,special_election_census_not_reconciled,https://www.fec.gov/introduction-campaign-finance/election-results-and-voting-information/,"Verify all special primaries, conventions, repeat elections and runoffs; overlapping FEC appendices are not a unique-race census"
2026,IN,House and Senate,,special_election_census_not_reconciled,https://www.fec.gov/introduction-campaign-finance/election-results-and-voting-information/,"Verify all special primaries, conventions, repeat elections and runoffs; overlapping FEC appendices are not a unique-race census"
2026,KS,House and Senate,,special_election_census_not_reconciled,https://www.fec.gov/introduction-campaign-finance/election-results-and-voting-information/,"Verify all special primaries, conventions, repeat elections and runoffs; overlapping FEC appendices are not a unique-race census"
2026,KY,House and Senate,,special_election_census_not_reconciled,https://www.fec.gov/introduction-campaign-finance/election-results-and-voting-information/,"Verify all special primaries, conventions, repeat elections and runoffs; overlapping FEC appendices are not a unique-race census"
2026,LA,House and Senate,,special_election_census_not_reconciled,https://www.fec.gov/introduction-campaign-finance/election-results-and-voting-information/,"Verify all special primaries, conventions, repeat elections and runoffs; overlapping FEC appendices are not a unique-race census"
2026,MA,House and Senate,,special_election_census_not_reconciled,https://www.fec.gov/introduction-campaign-finance/election-results-and-voting-information/,"Verify all special primaries, conventions, repeat elections and runoffs; overlapping FEC appendices are not a unique-race census"
2026,MD,House and Senate,,special_election_census_not_reconciled,https://www.fec.gov/introduction-campaign-finance/election-results-and-voting-information/,"Verify all special primaries, conventions, repeat elections and runoffs; overlapping FEC appendices are not a unique-race census"
2026,ME,House and Senate,,special_election_census_not_reconciled,https://www.fec.gov/introduction-campaign-finance/election-results-and-voting-information/,"Verify all special primaries, conventions, repeat elections and runoffs; overlapping FEC appendices are not a unique-race census"
2026,MI,House and Senate,,special_election_census_not_reconciled,https://www.fec.gov/introduction-campaign-finance/election-results-and-voting-information/,"Verify all special primaries, conventions, repeat elections and runoffs; overlapping FEC appendices are not a unique-race census"
2026,MN,House and Senate,,special_election_census_not_reconciled,https://www.fec.gov/introduction-campaign-finance/election-results-and-voting-information/,"Verify all special primaries, conventions, repeat elections and runoffs; overlapping FEC appendices are not a unique-race census"
2026,MO,House and Senate,,special_election_census_not_reconciled,https://www.fec.gov/introduction-campaign-finance/election-results-and-voting-information/,"Verify all special primaries, conventions, repeat elections and runoffs; overlapping FEC appendices are not a unique-race census"
2026,MP,House and Senate,,special_election_census_not_reconciled,https://www.fec.gov/introduction-campaign-finance/election-results-and-voting-information/,"Verify all special primaries, conventions, repeat elections and runoffs; overlapping FEC appendices are not a unique-race census"
2026,MS,House and Senate,,special_election_census_not_reconciled,https://www.fec.gov/introduction-campaign-finance/election-results-and-voting-information/,"Verify all special primaries, conventions, repeat elections and runoffs; overlapping FEC appendices are not a unique-race census"
2026,MT,House and Senate,,special_election_census_not_reconciled,https://www.fec.gov/introduction-campaign-finance/election-results-and-voting-information/,"Verify all special primaries, conventions, repeat elections and runoffs; overlapping FEC appendices are not a unique-race census"
2026,NC,House and Senate,,special_election_census_not_reconciled,https://www.fec.gov/introduction-campaign-finance/election-results-and-voting-information/,"Verify all special primaries, conventions, repeat elections and runoffs; overlapping FEC appendices are not a unique-race census"
2026,ND,House and Senate,,special_election_census_not_reconciled,https://www.fec.gov/introduction-campaign-finance/election-results-and-voting-information/,"Verify all special primaries, conventions, repeat elections and runoffs; overlapping FEC appendices are not a unique-race census"
2026,NE,House and Senate,,special_election_census_not_reconciled,https://www.fec.gov/introduction-campaign-finance/election-results-and-voting-information/,"Verify all special primaries, conventions, repeat elections and runoffs; overlapping FEC appendices are not a unique-race census"
2026,NH,House and Senate,,special_election_census_not_reconciled,https://www.fec.gov/introduction-campaign-finance/election-results-and-voting-information/,"Verify all special primaries, conventions, repeat elections and runoffs; overlapping FEC appendices are not a unique-race census"
2026,NJ,House and Senate,,special_election_census_not_reconciled,https://www.fec.gov/introduction-campaign-finance/election-results-and-voting-information/,"Verify all special primaries, conventions, repeat elections and runoffs; overlapping FEC appendices are not a unique-race census"
2026,NM,House and Senate,,special_election_census_not_reconciled,https://www.fec.gov/introduction-campaign-finance/election-results-and-voting-information/,"Verify all special primaries, conventions, repeat elections and runoffs; overlapping FEC appendices are not a unique-race census"
2026,NV,House and Senate,,special_election_census_not_reconciled,https://www.fec.gov/introduction-campaign-finance/election-results-and-voting-information/,"Verify all special primaries, conventions, repeat elections and runoffs; overlapping FEC appendices are not a unique-race census"
2026,NY,House and Senate,,special_election_census_not_reconciled,https://www.fec.gov/introduction-campaign-finance/election-results-and-voting-information/,"Verify all special primaries, conventions, repeat elections and runoffs; overlapping FEC appendices are not a unique-race census"
2026,OH,House and Senate,,special_election_census_not_reconciled,https://www.fec.gov/introduction-campaign-finance/election-results-and-voting-information/,"Verify all special primaries, conventions, repeat elections and runoffs; overlapping FEC appendices are not a unique-race census"
2026,OK,House and Senate,,special_election_census_not_reconciled,https://www.fec.gov/introduction-campaign-finance/election-results-and-voting-information/,"Verify all special primaries, conventions, repeat elections and runoffs; overlapping FEC appendices are not a unique-race census"
2026,OR,House and Senate,,special_election_census_not_reconciled,https://www.fec.gov/introduction-campaign-finance/election-results-and-voting-information/,"Verify all special primaries, conventions, repeat elections and runoffs; overlapping FEC appendices are not a unique-race census"
2026,PA,House and Senate,,special_election_census_not_reconciled,https://www.fec.gov/introduction-campaign-finance/election-results-and-voting-information/,"Verify all special primaries, conventions, repeat elections and runoffs; overlapping FEC appendices are not a unique-race census"
2026,PR,House and Senate,,special_election_census_not_reconciled,https://www.fec.gov/introduction-campaign-finance/election-results-and-voting-information/,"Verify all special primaries, conventions, repeat elections and runoffs; overlapping FEC appendices are not a unique-race census"
2026,RI,House and Senate,,special_election_census_not_reconciled,https://www.fec.gov/introduction-campaign-finance/election-results-and-voting-information/,"Verify all special primaries, conventions, repeat elections and runoffs; overlapping FEC appendices are not a unique-race census"
2026,SC,House and Senate,,special_election_census_not_reconciled,https://www.fec.gov/introduction-campaign-finance/election-results-and-voting-information/,"Verify all special primaries, conventions, repeat elections and runoffs; overlapping FEC appendices are not a unique-race census"
2026,SD,House and Senate,,special_election_census_not_reconciled,https://www.fec.gov/introduction-campaign-finance/election-results-and-voting-information/,"Verify all special primaries, conventions, repeat elections and runoffs; overlapping FEC appendices are not a unique-race census"
2026,TN,House and Senate,,special_election_census_not_reconciled,https://www.fec.gov/introduction-campaign-finance/election-results-and-voting-information/,"Verify all special primaries, conventions, repeat elections and runoffs; overlapping FEC appendices are not a unique-race census"
2026,TX,House and Senate,,special_election_census_not_reconciled,https://www.fec.gov/introduction-campaign-finance/election-results-and-voting-information/,"Verify all special primaries, conventions, repeat elections and runoffs; overlapping FEC appendices are not a unique-race census"
2026,UT,House and Senate,,special_election_census_not_reconciled,https://www.fec.gov/introduction-campaign-finance/election-results-and-voting-information/,"Verify all special primaries, conventions, repeat elections and runoffs; overlapping FEC appendices are not a unique-race census"
2026,VA,House and Senate,,special_election_census_not_reconciled,https://www.fec.gov/introduction-campaign-finance/election-results-and-voting-information/,"Verify all special primaries, conventions, repeat elections and runoffs; overlapping FEC appendices are not a unique-race census"
2026,VI,House and Senate,,special_election_census_not_reconciled,https://www.fec.gov/introduction-campaign-finance/election-results-and-voting-information/,"Verify all special primaries, conventions, repeat elections and runoffs; overlapping FEC appendices are not a unique-race census"
2026,VT,House and Senate,,special_election_census_not_reconciled,https://www.fec.gov/introduction-campaign-finance/election-results-and-voting-information/,"Verify all special primaries, conventions, repeat elections and runoffs; overlapping FEC appendices are not a unique-race census"
2026,WA,House and Senate,,special_election_census_not_reconciled,https://www.fec.gov/introduction-campaign-finance/election-results-and-voting-information/,"Verify all special primaries, conventions, repeat elections and runoffs; overlapping FEC appendices are not a unique-race census"
2026,WI,House and Senate,,special_election_census_not_reconciled,https://www.fec.gov/introduction-campaign-finance/election-results-and-voting-information/,"Verify all special primaries, conventions, repeat elections and runoffs; overlapping FEC appendices are not a unique-race census"
2026,WV,House and Senate,,special_election_census_not_reconciled,https://www.fec.gov/introduction-campaign-finance/election-results-and-voting-information/,"Verify all special primaries, conventions, repeat elections and runoffs; overlapping FEC appendices are not a unique-race census"
2026,WY,House and Senate,,special_election_census_not_reconciled,https://www.fec.gov/introduction-campaign-finance/election-results-and-voting-information/,"Verify all special primaries, conventions, repeat elections and runoffs; overlapping FEC appendices are not a unique-race census"
