cycle,state_code,chamber,district,regular_primary_status,unresolved_ballot_categories,future_ballot_categories,minor_party_universe_status,special_election_status
2016,AK,House,00,unresolved,Democratic | Republican,,requires_state_election_specific_review,tracked_separately_not_implied_by_regular_seat
2016,AL,House,01,unresolved,Democratic | Republican,,requires_state_election_specific_review,tracked_separately_not_implied_by_regular_seat
2016,AL,House,02,unresolved,Democratic | Republican,,requires_state_election_specific_review,tracked_separately_not_implied_by_regular_seat
2016,AL,House,03,unresolved,Democratic | Republican,,requires_state_election_specific_review,tracked_separately_not_implied_by_regular_seat
2016,AL,House,04,unresolved,Democratic | Republican,,requires_state_election_specific_review,tracked_separately_not_implied_by_regular_seat
2016,AL,House,05,unresolved,Democratic | Republican,,requires_state_election_specific_review,tracked_separately_not_implied_by_regular_seat
2016,AL,House,06,unresolved,Democratic | Republican,,requires_state_election_specific_review,tracked_separately_not_implied_by_regular_seat
2016,AL,House,07,unresolved,Democratic | Republican,,requires_state_election_specific_review,tracked_separately_not_implied_by_regular_seat
2016,AR,House,01,unresolved,Democratic | Republican,,requires_state_election_specific_review,tracked_separately_not_implied_by_regular_seat
2016,AR,House,02,unresolved,Democratic | Republican,,requires_state_election_specific_review,tracked_separately_not_implied_by_regular_seat
2016,AR,House,03,unresolved,Democratic | Republican,,requires_state_election_specific_review,tracked_separately_not_implied_by_regular_seat
2016,AR,House,04,unresolved,Democratic | Republican,,requires_state_election_specific_review,tracked_separately_not_implied_by_regular_seat
2016,AS,House,00,unresolved,all-party,,requires_state_election_specific_review,tracked_separately_not_implied_by_regular_seat
2016,AZ,House,01,unresolved,Democratic | Republican,,requires_state_election_specific_review,tracked_separately_not_implied_by_regular_seat
2016,AZ,House,02,unresolved,Democratic | Republican,,requires_state_election_specific_review,tracked_separately_not_implied_by_regular_seat
2016,AZ,House,03,unresolved,Democratic | Republican,,requires_state_election_specific_review,tracked_separately_not_implied_by_regular_seat
2016,AZ,House,04,unresolved,Democratic | Republican,,requires_state_election_specific_review,tracked_separately_not_implied_by_regular_seat
2016,AZ,House,05,unresolved,Democratic | Republican,,requires_state_election_specific_review,tracked_separately_not_implied_by_regular_seat
2016,AZ,House,06,unresolved,Democratic | Republican,,requires_state_election_specific_review,tracked_separately_not_implied_by_regular_seat
2016,AZ,House,07,unresolved,Democratic | Republican,,requires_state_election_specific_review,tracked_separately_not_implied_by_regular_seat
2016,AZ,House,08,unresolved,Democratic | Republican,,requires_state_election_specific_review,tracked_separately_not_implied_by_regular_seat
2016,AZ,House,09,unresolved,Democratic | Republican,,requires_state_election_specific_review,tracked_separately_not_implied_by_regular_seat
2016,CA,House,01,unresolved,all-party,,requires_state_election_specific_review,tracked_separately_not_implied_by_regular_seat
2016,CA,House,02,unresolved,all-party,,requires_state_election_specific_review,tracked_separately_not_implied_by_regular_seat
2016,CA,House,03,unresolved,all-party,,requires_state_election_specific_review,tracked_separately_not_implied_by_regular_seat
2016,CA,House,04,unresolved,all-party,,requires_state_election_specific_review,tracked_separately_not_implied_by_regular_seat
2016,CA,House,05,unresolved,all-party,,requires_state_election_specific_review,tracked_separately_not_implied_by_regular_seat
2016,CA,House,06,unresolved,all-party,,requires_state_election_specific_review,tracked_separately_not_implied_by_regular_seat
2016,CA,House,07,unresolved,all-party,,requires_state_election_specific_review,tracked_separately_not_implied_by_regular_seat
2016,CA,House,08,unresolved,all-party,,requires_state_election_specific_review,tracked_separately_not_implied_by_regular_seat
2016,CA,House,09,unresolved,all-party,,requires_state_election_specific_review,tracked_separately_not_implied_by_regular_seat
2016,CA,House,10,unresolved,all-party,,requires_state_election_specific_review,tracked_separately_not_implied_by_regular_seat
2016,CA,House,11,unresolved,all-party,,requires_state_election_specific_review,tracked_separately_not_implied_by_regular_seat
2016,CA,House,12,unresolved,all-party,,requires_state_election_specific_review,tracked_separately_not_implied_by_regular_seat
2016,CA,House,13,unresolved,all-party,,requires_state_election_specific_review,tracked_separately_not_implied_by_regular_seat
2016,CA,House,14,unresolved,all-party,,requires_state_election_specific_review,tracked_separately_not_implied_by_regular_seat
2016,CA,House,15,unresolved,all-party,,requires_state_election_specific_review,tracked_separately_not_implied_by_regular_seat
2016,CA,House,16,unresolved,all-party,,requires_state_election_specific_review,tracked_separately_not_implied_by_regular_seat
2016,CA,House,17,unresolved,all-party,,requires_state_election_specific_review,tracked_separately_not_implied_by_regular_seat
2016,CA,House,18,unresolved,all-party,,requires_state_election_specific_review,tracked_separately_not_implied_by_regular_seat
2016,CA,House,19,unresolved,all-party,,requires_state_election_specific_review,tracked_separately_not_implied_by_regular_seat
2016,CA,House,20,unresolved,all-party,,requires_state_election_specific_review,tracked_separately_not_implied_by_regular_seat
2016,CA,House,21,unresolved,all-party,,requires_state_election_specific_review,tracked_separately_not_implied_by_regular_seat
2016,CA,House,22,unresolved,all-party,,requires_state_election_specific_review,tracked_separately_not_implied_by_regular_seat
2016,CA,House,23,unresolved,all-party,,requires_state_election_specific_review,tracked_separately_not_implied_by_regular_seat
2016,CA,House,24,unresolved,all-party,,requires_state_election_specific_review,tracked_separately_not_implied_by_regular_seat
2016,CA,House,25,unresolved,all-party,,requires_state_election_specific_review,tracked_separately_not_implied_by_regular_seat
2016,CA,House,26,unresolved,all-party,,requires_state_election_specific_review,tracked_separately_not_implied_by_regular_seat
2016,CA,House,27,unresolved,all-party,,requires_state_election_specific_review,tracked_separately_not_implied_by_regular_seat
2016,CA,House,28,unresolved,all-party,,requires_state_election_specific_review,tracked_separately_not_implied_by_regular_seat
2016,CA,House,29,unresolved,all-party,,requires_state_election_specific_review,tracked_separately_not_implied_by_regular_seat
2016,CA,House,30,unresolved,all-party,,requires_state_election_specific_review,tracked_separately_not_implied_by_regular_seat
2016,CA,House,31,unresolved,all-party,,requires_state_election_specific_review,tracked_separately_not_implied_by_regular_seat
2016,CA,House,32,unresolved,all-party,,requires_state_election_specific_review,tracked_separately_not_implied_by_regular_seat
2016,CA,House,33,unresolved,all-party,,requires_state_election_specific_review,tracked_separately_not_implied_by_regular_seat
2016,CA,House,34,unresolved,all-party,,requires_state_election_specific_review,tracked_separately_not_implied_by_regular_seat
2016,CA,House,35,unresolved,all-party,,requires_state_election_specific_review,tracked_separately_not_implied_by_regular_seat
2016,CA,House,36,unresolved,all-party,,requires_state_election_specific_review,tracked_separately_not_implied_by_regular_seat
2016,CA,House,37,unresolved,all-party,,requires_state_election_specific_review,tracked_separately_not_implied_by_regular_seat
2016,CA,House,38,unresolved,all-party,,requires_state_election_specific_review,tracked_separately_not_implied_by_regular_seat
2016,CA,House,39,unresolved,all-party,,requires_state_election_specific_review,tracked_separately_not_implied_by_regular_seat
2016,CA,House,40,unresolved,all-party,,requires_state_election_specific_review,tracked_separately_not_implied_by_regular_seat
2016,CA,House,41,unresolved,all-party,,requires_state_election_specific_review,tracked_separately_not_implied_by_regular_seat
2016,CA,House,42,unresolved,all-party,,requires_state_election_specific_review,tracked_separately_not_implied_by_regular_seat
2016,CA,House,43,unresolved,all-party,,requires_state_election_specific_review,tracked_separately_not_implied_by_regular_seat
2016,CA,House,44,unresolved,all-party,,requires_state_election_specific_review,tracked_separately_not_implied_by_regular_seat
2016,CA,House,45,unresolved,all-party,,requires_state_election_specific_review,tracked_separately_not_implied_by_regular_seat
2016,CA,House,46,unresolved,all-party,,requires_state_election_specific_review,tracked_separately_not_implied_by_regular_seat
2016,CA,House,47,unresolved,all-party,,requires_state_election_specific_review,tracked_separately_not_implied_by_regular_seat
2016,CA,House,48,unresolved,all-party,,requires_state_election_specific_review,tracked_separately_not_implied_by_regular_seat
2016,CA,House,49,unresolved,all-party,,requires_state_election_specific_review,tracked_separately_not_implied_by_regular_seat
2016,CA,House,50,unresolved,all-party,,requires_state_election_specific_review,tracked_separately_not_implied_by_regular_seat
2016,CA,House,51,unresolved,all-party,,requires_state_election_specific_review,tracked_separately_not_implied_by_regular_seat
2016,CA,House,52,unresolved,all-party,,requires_state_election_specific_review,tracked_separately_not_implied_by_regular_seat
2016,CA,House,53,unresolved,all-party,,requires_state_election_specific_review,tracked_separately_not_implied_by_regular_seat
2016,CO,House,01,unresolved,Democratic | Republican,,requires_state_election_specific_review,tracked_separately_not_implied_by_regular_seat
2016,CO,House,02,unresolved,Democratic | Republican,,requires_state_election_specific_review,tracked_separately_not_implied_by_regular_seat
2016,CO,House,03,unresolved,Democratic | Republican,,requires_state_election_specific_review,tracked_separately_not_implied_by_regular_seat
2016,CO,House,04,unresolved,Democratic | Republican,,requires_state_election_specific_review,tracked_separately_not_implied_by_regular_seat
2016,CO,House,05,unresolved,Democratic | Republican,,requires_state_election_specific_review,tracked_separately_not_implied_by_regular_seat
2016,CO,House,06,unresolved,Democratic | Republican,,requires_state_election_specific_review,tracked_separately_not_implied_by_regular_seat
2016,CO,House,07,unresolved,Democratic | Republican,,requires_state_election_specific_review,tracked_separately_not_implied_by_regular_seat
2016,CT,House,01,unresolved,Democratic | Republican,,requires_state_election_specific_review,tracked_separately_not_implied_by_regular_seat
2016,CT,House,02,unresolved,Democratic | Republican,,requires_state_election_specific_review,tracked_separately_not_implied_by_regular_seat
2016,CT,House,03,unresolved,Democratic | Republican,,requires_state_election_specific_review,tracked_separately_not_implied_by_regular_seat
2016,CT,House,04,unresolved,Democratic | Republican,,requires_state_election_specific_review,tracked_separately_not_implied_by_regular_seat
2016,CT,House,05,unresolved,Democratic | Republican,,requires_state_election_specific_review,tracked_separately_not_implied_by_regular_seat
2016,DC,House,00,unresolved,Democratic | Republican,,requires_state_election_specific_review,tracked_separately_not_implied_by_regular_seat
2016,DE,House,00,unresolved,Democratic | Republican,,requires_state_election_specific_review,tracked_separately_not_implied_by_regular_seat
2016,FL,House,01,unresolved,Democratic | Republican,,requires_state_election_specific_review,tracked_separately_not_implied_by_regular_seat
2016,FL,House,02,unresolved,Democratic | Republican,,requires_state_election_specific_review,tracked_separately_not_implied_by_regular_seat
2016,FL,House,03,unresolved,Democratic | Republican,,requires_state_election_specific_review,tracked_separately_not_implied_by_regular_seat
2016,FL,House,04,unresolved,Democratic | Republican,,requires_state_election_specific_review,tracked_separately_not_implied_by_regular_seat
2016,FL,House,05,unresolved,Democratic | Republican,,requires_state_election_specific_review,tracked_separately_not_implied_by_regular_seat
2016,FL,House,06,unresolved,Democratic | Republican,,requires_state_election_specific_review,tracked_separately_not_implied_by_regular_seat
2016,FL,House,07,unresolved,Democratic | Republican,,requires_state_election_specific_review,tracked_separately_not_implied_by_regular_seat
2016,FL,House,08,unresolved,Democratic | Republican,,requires_state_election_specific_review,tracked_separately_not_implied_by_regular_seat
2016,FL,House,09,unresolved,Democratic | Republican,,requires_state_election_specific_review,tracked_separately_not_implied_by_regular_seat
2016,FL,House,10,unresolved,Democratic | Republican,,requires_state_election_specific_review,tracked_separately_not_implied_by_regular_seat
2016,FL,House,11,unresolved,Democratic | Republican,,requires_state_election_specific_review,tracked_separately_not_implied_by_regular_seat
2016,FL,House,12,unresolved,Democratic | Republican,,requires_state_election_specific_review,tracked_separately_not_implied_by_regular_seat
2016,FL,House,13,unresolved,Democratic | Republican,,requires_state_election_specific_review,tracked_separately_not_implied_by_regular_seat
2016,FL,House,14,unresolved,Democratic | Republican,,requires_state_election_specific_review,tracked_separately_not_implied_by_regular_seat
2016,FL,House,15,unresolved,Democratic | Republican,,requires_state_election_specific_review,tracked_separately_not_implied_by_regular_seat
2016,FL,House,16,unresolved,Democratic | Republican,,requires_state_election_specific_review,tracked_separately_not_implied_by_regular_seat
2016,FL,House,17,unresolved,Democratic | Republican,,requires_state_election_specific_review,tracked_separately_not_implied_by_regular_seat
2016,FL,House,18,unresolved,Democratic | Republican,,requires_state_election_specific_review,tracked_separately_not_implied_by_regular_seat
2016,FL,House,19,unresolved,Democratic | Republican,,requires_state_election_specific_review,tracked_separately_not_implied_by_regular_seat
2016,FL,House,20,unresolved,Democratic | Republican,,requires_state_election_specific_review,tracked_separately_not_implied_by_regular_seat
2016,FL,House,21,unresolved,Democratic | Republican,,requires_state_election_specific_review,tracked_separately_not_implied_by_regular_seat
2016,FL,House,22,unresolved,Democratic | Republican,,requires_state_election_specific_review,tracked_separately_not_implied_by_regular_seat
2016,FL,House,23,unresolved,Democratic | Republican,,requires_state_election_specific_review,tracked_separately_not_implied_by_regular_seat
2016,FL,House,24,unresolved,Democratic | Republican,,requires_state_election_specific_review,tracked_separately_not_implied_by_regular_seat
2016,FL,House,25,unresolved,Democratic | Republican,,requires_state_election_specific_review,tracked_separately_not_implied_by_regular_seat
2016,FL,House,26,unresolved,Democratic | Republican,,requires_state_election_specific_review,tracked_separately_not_implied_by_regular_seat
2016,FL,House,27,unresolved,Democratic | Republican,,requires_state_election_specific_review,tracked_separately_not_implied_by_regular_seat
2016,GA,House,01,unresolved,Democratic | Republican,,requires_state_election_specific_review,tracked_separately_not_implied_by_regular_seat
2016,GA,House,02,unresolved,Democratic | Republican,,requires_state_election_specific_review,tracked_separately_not_implied_by_regular_seat
2016,GA,House,03,unresolved,Democratic | Republican,,requires_state_election_specific_review,tracked_separately_not_implied_by_regular_seat
2016,GA,House,04,unresolved,Democratic | Republican,,requires_state_election_specific_review,tracked_separately_not_implied_by_regular_seat
2016,GA,House,05,unresolved,Democratic | Republican,,requires_state_election_specific_review,tracked_separately_not_implied_by_regular_seat
2016,GA,House,06,unresolved,Democratic | Republican,,requires_state_election_specific_review,tracked_separately_not_implied_by_regular_seat
2016,GA,House,07,unresolved,Democratic | Republican,,requires_state_election_specific_review,tracked_separately_not_implied_by_regular_seat
2016,GA,House,08,unresolved,Democratic | Republican,,requires_state_election_specific_review,tracked_separately_not_implied_by_regular_seat
2016,GA,House,09,unresolved,Democratic | Republican,,requires_state_election_specific_review,tracked_separately_not_implied_by_regular_seat
2016,GA,House,10,unresolved,Democratic | Republican,,requires_state_election_specific_review,tracked_separately_not_implied_by_regular_seat
2016,GA,House,11,unresolved,Democratic | Republican,,requires_state_election_specific_review,tracked_separately_not_implied_by_regular_seat
2016,GA,House,12,unresolved,Democratic | Republican,,requires_state_election_specific_review,tracked_separately_not_implied_by_regular_seat
2016,GA,House,13,unresolved,Democratic | Republican,,requires_state_election_specific_review,tracked_separately_not_implied_by_regular_seat
2016,GA,House,14,unresolved,Democratic | Republican,,requires_state_election_specific_review,tracked_separately_not_implied_by_regular_seat
2016,GU,House,00,unresolved,Democratic | Republican,,requires_state_election_specific_review,tracked_separately_not_implied_by_regular_seat
2016,HI,House,01,unresolved,Democratic | Republican,,requires_state_election_specific_review,tracked_separately_not_implied_by_regular_seat
2016,HI,House,02,unresolved,Democratic | Republican,,requires_state_election_specific_review,tracked_separately_not_implied_by_regular_seat
2016,IA,House,01,unresolved,Democratic | Republican,,requires_state_election_specific_review,tracked_separately_not_implied_by_regular_seat
2016,IA,House,02,unresolved,Democratic | Republican,,requires_state_election_specific_review,tracked_separately_not_implied_by_regular_seat
2016,IA,House,03,unresolved,Democratic | Republican,,requires_state_election_specific_review,tracked_separately_not_implied_by_regular_seat
2016,IA,House,04,unresolved,Democratic | Republican,,requires_state_election_specific_review,tracked_separately_not_implied_by_regular_seat
2016,ID,House,01,unresolved,Democratic | Republican,,requires_state_election_specific_review,tracked_separately_not_implied_by_regular_seat
2016,ID,House,02,unresolved,Democratic | Republican,,requires_state_election_specific_review,tracked_separately_not_implied_by_regular_seat
2016,IL,House,01,unresolved,Democratic | Republican,,requires_state_election_specific_review,tracked_separately_not_implied_by_regular_seat
2016,IL,House,02,unresolved,Democratic | Republican,,requires_state_election_specific_review,tracked_separately_not_implied_by_regular_seat
2016,IL,House,03,unresolved,Democratic | Republican,,requires_state_election_specific_review,tracked_separately_not_implied_by_regular_seat
2016,IL,House,04,unresolved,Democratic | Republican,,requires_state_election_specific_review,tracked_separately_not_implied_by_regular_seat
2016,IL,House,05,unresolved,Democratic | Republican,,requires_state_election_specific_review,tracked_separately_not_implied_by_regular_seat
2016,IL,House,06,unresolved,Democratic | Republican,,requires_state_election_specific_review,tracked_separately_not_implied_by_regular_seat
2016,IL,House,07,unresolved,Democratic | Republican,,requires_state_election_specific_review,tracked_separately_not_implied_by_regular_seat
2016,IL,House,08,unresolved,Democratic | Republican,,requires_state_election_specific_review,tracked_separately_not_implied_by_regular_seat
2016,IL,House,09,unresolved,Democratic | Republican,,requires_state_election_specific_review,tracked_separately_not_implied_by_regular_seat
2016,IL,House,10,unresolved,Democratic | Republican,,requires_state_election_specific_review,tracked_separately_not_implied_by_regular_seat
2016,IL,House,11,unresolved,Democratic | Republican,,requires_state_election_specific_review,tracked_separately_not_implied_by_regular_seat
2016,IL,House,12,unresolved,Democratic | Republican,,requires_state_election_specific_review,tracked_separately_not_implied_by_regular_seat
2016,IL,House,13,unresolved,Democratic | Republican,,requires_state_election_specific_review,tracked_separately_not_implied_by_regular_seat
2016,IL,House,14,unresolved,Democratic | Republican,,requires_state_election_specific_review,tracked_separately_not_implied_by_regular_seat
2016,IL,House,15,unresolved,Democratic | Republican,,requires_state_election_specific_review,tracked_separately_not_implied_by_regular_seat
2016,IL,House,16,unresolved,Democratic | Republican,,requires_state_election_specific_review,tracked_separately_not_implied_by_regular_seat
2016,IL,House,17,unresolved,Democratic | Republican,,requires_state_election_specific_review,tracked_separately_not_implied_by_regular_seat
2016,IL,House,18,unresolved,Democratic | Republican,,requires_state_election_specific_review,tracked_separately_not_implied_by_regular_seat
2016,IN,House,01,unresolved,Democratic | Republican,,requires_state_election_specific_review,tracked_separately_not_implied_by_regular_seat
2016,IN,House,02,unresolved,Democratic | Republican,,requires_state_election_specific_review,tracked_separately_not_implied_by_regular_seat
2016,IN,House,03,unresolved,Democratic | Republican,,requires_state_election_specific_review,tracked_separately_not_implied_by_regular_seat
2016,IN,House,04,unresolved,Democratic | Republican,,requires_state_election_specific_review,tracked_separately_not_implied_by_regular_seat
2016,IN,House,05,unresolved,Democratic | Republican,,requires_state_election_specific_review,tracked_separately_not_implied_by_regular_seat
2016,IN,House,06,unresolved,Democratic | Republican,,requires_state_election_specific_review,tracked_separately_not_implied_by_regular_seat
2016,IN,House,07,unresolved,Democratic | Republican,,requires_state_election_specific_review,tracked_separately_not_implied_by_regular_seat
2016,IN,House,08,unresolved,Democratic | Republican,,requires_state_election_specific_review,tracked_separately_not_implied_by_regular_seat
2016,IN,House,09,unresolved,Democratic | Republican,,requires_state_election_specific_review,tracked_separately_not_implied_by_regular_seat
2016,KS,House,01,unresolved,Democratic | Republican,,requires_state_election_specific_review,tracked_separately_not_implied_by_regular_seat
2016,KS,House,02,unresolved,Democratic | Republican,,requires_state_election_specific_review,tracked_separately_not_implied_by_regular_seat
2016,KS,House,03,unresolved,Democratic | Republican,,requires_state_election_specific_review,tracked_separately_not_implied_by_regular_seat
2016,KS,House,04,unresolved,Democratic | Republican,,requires_state_election_specific_review,tracked_separately_not_implied_by_regular_seat
2016,KY,House,01,unresolved,Democratic | Republican,,requires_state_election_specific_review,tracked_separately_not_implied_by_regular_seat
2016,KY,House,02,unresolved,Democratic | Republican,,requires_state_election_specific_review,tracked_separately_not_implied_by_regular_seat
2016,KY,House,03,unresolved,Democratic | Republican,,requires_state_election_specific_review,tracked_separately_not_implied_by_regular_seat
2016,KY,House,04,unresolved,Democratic | Republican,,requires_state_election_specific_review,tracked_separately_not_implied_by_regular_seat
2016,KY,House,05,unresolved,Democratic | Republican,,requires_state_election_specific_review,tracked_separately_not_implied_by_regular_seat
2016,KY,House,06,unresolved,Democratic | Republican,,requires_state_election_specific_review,tracked_separately_not_implied_by_regular_seat
2016,LA,House,01,unresolved,all-party,,requires_state_election_specific_review,tracked_separately_not_implied_by_regular_seat
2016,LA,House,02,unresolved,all-party,,requires_state_election_specific_review,tracked_separately_not_implied_by_regular_seat
2016,LA,House,03,unresolved,all-party,,requires_state_election_specific_review,tracked_separately_not_implied_by_regular_seat
2016,LA,House,04,unresolved,all-party,,requires_state_election_specific_review,tracked_separately_not_implied_by_regular_seat
2016,LA,House,05,unresolved,all-party,,requires_state_election_specific_review,tracked_separately_not_implied_by_regular_seat
2016,LA,House,06,unresolved,all-party,,requires_state_election_specific_review,tracked_separately_not_implied_by_regular_seat
2016,MA,House,01,unresolved,Democratic | Republican,,requires_state_election_specific_review,tracked_separately_not_implied_by_regular_seat
2016,MA,House,02,unresolved,Democratic | Republican,,requires_state_election_specific_review,tracked_separately_not_implied_by_regular_seat
2016,MA,House,03,unresolved,Democratic | Republican,,requires_state_election_specific_review,tracked_separately_not_implied_by_regular_seat
2016,MA,House,04,unresolved,Democratic | Republican,,requires_state_election_specific_review,tracked_separately_not_implied_by_regular_seat
2016,MA,House,05,unresolved,Democratic | Republican,,requires_state_election_specific_review,tracked_separately_not_implied_by_regular_seat
2016,MA,House,06,unresolved,Democratic | Republican,,requires_state_election_specific_review,tracked_separately_not_implied_by_regular_seat
2016,MA,House,07,unresolved,Democratic | Republican,,requires_state_election_specific_review,tracked_separately_not_implied_by_regular_seat
2016,MA,House,08,unresolved,Democratic | Republican,,requires_state_election_specific_review,tracked_separately_not_implied_by_regular_seat
2016,MA,House,09,unresolved,Democratic | Republican,,requires_state_election_specific_review,tracked_separately_not_implied_by_regular_seat
2016,MD,House,01,unresolved,Democratic | Republican,,requires_state_election_specific_review,tracked_separately_not_implied_by_regular_seat
2016,MD,House,02,unresolved,Democratic | Republican,,requires_state_election_specific_review,tracked_separately_not_implied_by_regular_seat
2016,MD,House,03,unresolved,Democratic | Republican,,requires_state_election_specific_review,tracked_separately_not_implied_by_regular_seat
2016,MD,House,04,unresolved,Democratic | Republican,,requires_state_election_specific_review,tracked_separately_not_implied_by_regular_seat
2016,MD,House,05,unresolved,Democratic | Republican,,requires_state_election_specific_review,tracked_separately_not_implied_by_regular_seat
2016,MD,House,06,unresolved,Democratic | Republican,,requires_state_election_specific_review,tracked_separately_not_implied_by_regular_seat
2016,MD,House,07,unresolved,Democratic | Republican,,requires_state_election_specific_review,tracked_separately_not_implied_by_regular_seat
2016,MD,House,08,unresolved,Democratic | Republican,,requires_state_election_specific_review,tracked_separately_not_implied_by_regular_seat
2016,ME,House,01,unresolved,Democratic | Republican,,requires_state_election_specific_review,tracked_separately_not_implied_by_regular_seat
2016,ME,House,02,unresolved,Democratic | Republican,,requires_state_election_specific_review,tracked_separately_not_implied_by_regular_seat
2016,MI,House,01,unresolved,Democratic | Republican,,requires_state_election_specific_review,tracked_separately_not_implied_by_regular_seat
2016,MI,House,02,unresolved,Democratic | Republican,,requires_state_election_specific_review,tracked_separately_not_implied_by_regular_seat
2016,MI,House,03,unresolved,Democratic | Republican,,requires_state_election_specific_review,tracked_separately_not_implied_by_regular_seat
2016,MI,House,04,unresolved,Democratic | Republican,,requires_state_election_specific_review,tracked_separately_not_implied_by_regular_seat
2016,MI,House,05,unresolved,Democratic | Republican,,requires_state_election_specific_review,tracked_separately_not_implied_by_regular_seat
2016,MI,House,06,unresolved,Democratic | Republican,,requires_state_election_specific_review,tracked_separately_not_implied_by_regular_seat
2016,MI,House,07,unresolved,Democratic | Republican,,requires_state_election_specific_review,tracked_separately_not_implied_by_regular_seat
2016,MI,House,08,unresolved,Democratic | Republican,,requires_state_election_specific_review,tracked_separately_not_implied_by_regular_seat
2016,MI,House,09,unresolved,Democratic | Republican,,requires_state_election_specific_review,tracked_separately_not_implied_by_regular_seat
2016,MI,House,10,unresolved,Democratic | Republican,,requires_state_election_specific_review,tracked_separately_not_implied_by_regular_seat
2016,MI,House,11,unresolved,Democratic | Republican,,requires_state_election_specific_review,tracked_separately_not_implied_by_regular_seat
2016,MI,House,12,unresolved,Democratic | Republican,,requires_state_election_specific_review,tracked_separately_not_implied_by_regular_seat
2016,MI,House,13,unresolved,Democratic | Republican,,requires_state_election_specific_review,tracked_separately_not_implied_by_regular_seat
2016,MI,House,14,unresolved,Democratic | Republican,,requires_state_election_specific_review,tracked_separately_not_implied_by_regular_seat
2016,MN,House,01,unresolved,Democratic | Republican,,requires_state_election_specific_review,tracked_separately_not_implied_by_regular_seat
2016,MN,House,02,unresolved,Democratic | Republican,,requires_state_election_specific_review,tracked_separately_not_implied_by_regular_seat
2016,MN,House,03,unresolved,Democratic | Republican,,requires_state_election_specific_review,tracked_separately_not_implied_by_regular_seat
2016,MN,House,04,unresolved,Democratic | Republican,,requires_state_election_specific_review,tracked_separately_not_implied_by_regular_seat
2016,MN,House,05,unresolved,Democratic | Republican,,requires_state_election_specific_review,tracked_separately_not_implied_by_regular_seat
2016,MN,House,06,unresolved,Democratic | Republican,,requires_state_election_specific_review,tracked_separately_not_implied_by_regular_seat
2016,MN,House,07,unresolved,Democratic | Republican,,requires_state_election_specific_review,tracked_separately_not_implied_by_regular_seat
2016,MN,House,08,unresolved,Democratic | Republican,,requires_state_election_specific_review,tracked_separately_not_implied_by_regular_seat
2016,MO,House,01,unresolved,Democratic | Republican,,requires_state_election_specific_review,tracked_separately_not_implied_by_regular_seat
2016,MO,House,02,unresolved,Democratic | Republican,,requires_state_election_specific_review,tracked_separately_not_implied_by_regular_seat
2016,MO,House,03,unresolved,Democratic | Republican,,requires_state_election_specific_review,tracked_separately_not_implied_by_regular_seat
2016,MO,House,04,unresolved,Democratic | Republican,,requires_state_election_specific_review,tracked_separately_not_implied_by_regular_seat
2016,MO,House,05,unresolved,Democratic | Republican,,requires_state_election_specific_review,tracked_separately_not_implied_by_regular_seat
2016,MO,House,06,unresolved,Democratic | Republican,,requires_state_election_specific_review,tracked_separately_not_implied_by_regular_seat
2016,MO,House,07,unresolved,Democratic | Republican,,requires_state_election_specific_review,tracked_separately_not_implied_by_regular_seat
2016,MO,House,08,unresolved,Democratic | Republican,,requires_state_election_specific_review,tracked_separately_not_implied_by_regular_seat
2016,MP,House,00,unresolved,all-party,,requires_state_election_specific_review,tracked_separately_not_implied_by_regular_seat
2016,MS,House,01,unresolved,Democratic | Republican,,requires_state_election_specific_review,tracked_separately_not_implied_by_regular_seat
2016,MS,House,02,unresolved,Democratic | Republican,,requires_state_election_specific_review,tracked_separately_not_implied_by_regular_seat
2016,MS,House,03,unresolved,Democratic | Republican,,requires_state_election_specific_review,tracked_separately_not_implied_by_regular_seat
2016,MS,House,04,unresolved,Democratic | Republican,,requires_state_election_specific_review,tracked_separately_not_implied_by_regular_seat
2016,MT,House,00,unresolved,Democratic | Republican,,requires_state_election_specific_review,tracked_separately_not_implied_by_regular_seat
2016,NC,House,01,unresolved,Democratic | Republican,,requires_state_election_specific_review,tracked_separately_not_implied_by_regular_seat
2016,NC,House,02,unresolved,Democratic | Republican,,requires_state_election_specific_review,tracked_separately_not_implied_by_regular_seat
2016,NC,House,03,unresolved,Democratic | Republican,,requires_state_election_specific_review,tracked_separately_not_implied_by_regular_seat
2016,NC,House,04,unresolved,Democratic | Republican,,requires_state_election_specific_review,tracked_separately_not_implied_by_regular_seat
2016,NC,House,05,unresolved,Democratic | Republican,,requires_state_election_specific_review,tracked_separately_not_implied_by_regular_seat
2016,NC,House,06,unresolved,Democratic | Republican,,requires_state_election_specific_review,tracked_separately_not_implied_by_regular_seat
2016,NC,House,07,unresolved,Democratic | Republican,,requires_state_election_specific_review,tracked_separately_not_implied_by_regular_seat
2016,NC,House,08,unresolved,Democratic | Republican,,requires_state_election_specific_review,tracked_separately_not_implied_by_regular_seat
2016,NC,House,09,unresolved,Democratic | Republican,,requires_state_election_specific_review,tracked_separately_not_implied_by_regular_seat
2016,NC,House,10,unresolved,Democratic | Republican,,requires_state_election_specific_review,tracked_separately_not_implied_by_regular_seat
2016,NC,House,11,unresolved,Democratic | Republican,,requires_state_election_specific_review,tracked_separately_not_implied_by_regular_seat
2016,NC,House,12,unresolved,Democratic | Republican,,requires_state_election_specific_review,tracked_separately_not_implied_by_regular_seat
2016,NC,House,13,unresolved,Democratic | Republican,,requires_state_election_specific_review,tracked_separately_not_implied_by_regular_seat
2016,ND,House,00,unresolved,Democratic | Republican,,requires_state_election_specific_review,tracked_separately_not_implied_by_regular_seat
2016,NE,House,01,unresolved,Democratic | Republican,,requires_state_election_specific_review,tracked_separately_not_implied_by_regular_seat
2016,NE,House,02,unresolved,Democratic | Republican,,requires_state_election_specific_review,tracked_separately_not_implied_by_regular_seat
2016,NE,House,03,unresolved,Democratic | Republican,,requires_state_election_specific_review,tracked_separately_not_implied_by_regular_seat
2016,NH,House,01,unresolved,Democratic | Republican,,requires_state_election_specific_review,tracked_separately_not_implied_by_regular_seat
2016,NH,House,02,unresolved,Democratic | Republican,,requires_state_election_specific_review,tracked_separately_not_implied_by_regular_seat
2016,NJ,House,01,unresolved,Democratic | Republican,,requires_state_election_specific_review,tracked_separately_not_implied_by_regular_seat
2016,NJ,House,02,unresolved,Democratic | Republican,,requires_state_election_specific_review,tracked_separately_not_implied_by_regular_seat
2016,NJ,House,03,unresolved,Democratic | Republican,,requires_state_election_specific_review,tracked_separately_not_implied_by_regular_seat
2016,NJ,House,04,unresolved,Democratic | Republican,,requires_state_election_specific_review,tracked_separately_not_implied_by_regular_seat
2016,NJ,House,05,unresolved,Democratic | Republican,,requires_state_election_specific_review,tracked_separately_not_implied_by_regular_seat
2016,NJ,House,06,unresolved,Democratic | Republican,,requires_state_election_specific_review,tracked_separately_not_implied_by_regular_seat
2016,NJ,House,07,unresolved,Democratic | Republican,,requires_state_election_specific_review,tracked_separately_not_implied_by_regular_seat
2016,NJ,House,08,unresolved,Democratic | Republican,,requires_state_election_specific_review,tracked_separately_not_implied_by_regular_seat
2016,NJ,House,09,unresolved,Democratic | Republican,,requires_state_election_specific_review,tracked_separately_not_implied_by_regular_seat
2016,NJ,House,10,unresolved,Democratic | Republican,,requires_state_election_specific_review,tracked_separately_not_implied_by_regular_seat
2016,NJ,House,11,unresolved,Democratic | Republican,,requires_state_election_specific_review,tracked_separately_not_implied_by_regular_seat
2016,NJ,House,12,unresolved,Democratic | Republican,,requires_state_election_specific_review,tracked_separately_not_implied_by_regular_seat
2016,NM,House,01,unresolved,Democratic | Republican,,requires_state_election_specific_review,tracked_separately_not_implied_by_regular_seat
2016,NM,House,02,unresolved,Democratic | Republican,,requires_state_election_specific_review,tracked_separately_not_implied_by_regular_seat
2016,NM,House,03,unresolved,Democratic | Republican,,requires_state_election_specific_review,tracked_separately_not_implied_by_regular_seat
2016,NV,House,01,unresolved,Democratic | Republican,,requires_state_election_specific_review,tracked_separately_not_implied_by_regular_seat
2016,NV,House,02,unresolved,Democratic | Republican,,requires_state_election_specific_review,tracked_separately_not_implied_by_regular_seat
2016,NV,House,03,unresolved,Democratic | Republican,,requires_state_election_specific_review,tracked_separately_not_implied_by_regular_seat
2016,NV,House,04,unresolved,Democratic | Republican,,requires_state_election_specific_review,tracked_separately_not_implied_by_regular_seat
2016,NY,House,01,unresolved,Democratic | Republican,,requires_state_election_specific_review,tracked_separately_not_implied_by_regular_seat
2016,NY,House,02,unresolved,Democratic | Republican,,requires_state_election_specific_review,tracked_separately_not_implied_by_regular_seat
2016,NY,House,03,unresolved,Democratic | Republican,,requires_state_election_specific_review,tracked_separately_not_implied_by_regular_seat
2016,NY,House,04,unresolved,Democratic | Republican,,requires_state_election_specific_review,tracked_separately_not_implied_by_regular_seat
2016,NY,House,05,unresolved,Democratic | Republican,,requires_state_election_specific_review,tracked_separately_not_implied_by_regular_seat
2016,NY,House,06,unresolved,Democratic | Republican,,requires_state_election_specific_review,tracked_separately_not_implied_by_regular_seat
2016,NY,House,07,unresolved,Democratic | Republican,,requires_state_election_specific_review,tracked_separately_not_implied_by_regular_seat
2016,NY,House,08,unresolved,Democratic | Republican,,requires_state_election_specific_review,tracked_separately_not_implied_by_regular_seat
2016,NY,House,09,unresolved,Democratic | Republican,,requires_state_election_specific_review,tracked_separately_not_implied_by_regular_seat
2016,NY,House,10,unresolved,Democratic | Republican,,requires_state_election_specific_review,tracked_separately_not_implied_by_regular_seat
2016,NY,House,11,unresolved,Democratic | Republican,,requires_state_election_specific_review,tracked_separately_not_implied_by_regular_seat
2016,NY,House,12,unresolved,Democratic | Republican,,requires_state_election_specific_review,tracked_separately_not_implied_by_regular_seat
2016,NY,House,13,unresolved,Democratic | Republican,,requires_state_election_specific_review,tracked_separately_not_implied_by_regular_seat
2016,NY,House,14,unresolved,Democratic | Republican,,requires_state_election_specific_review,tracked_separately_not_implied_by_regular_seat
2016,NY,House,15,unresolved,Democratic | Republican,,requires_state_election_specific_review,tracked_separately_not_implied_by_regular_seat
2016,NY,House,16,unresolved,Democratic | Republican,,requires_state_election_specific_review,tracked_separately_not_implied_by_regular_seat
2016,NY,House,17,unresolved,Democratic | Republican,,requires_state_election_specific_review,tracked_separately_not_implied_by_regular_seat
2016,NY,House,18,unresolved,Democratic | Republican,,requires_state_election_specific_review,tracked_separately_not_implied_by_regular_seat
2016,NY,House,19,unresolved,Democratic | Republican,,requires_state_election_specific_review,tracked_separately_not_implied_by_regular_seat
2016,NY,House,20,unresolved,Democratic | Republican,,requires_state_election_specific_review,tracked_separately_not_implied_by_regular_seat
2016,NY,House,21,unresolved,Democratic | Republican,,requires_state_election_specific_review,tracked_separately_not_implied_by_regular_seat
2016,NY,House,22,unresolved,Democratic | Republican,,requires_state_election_specific_review,tracked_separately_not_implied_by_regular_seat
2016,NY,House,23,unresolved,Democratic | Republican,,requires_state_election_specific_review,tracked_separately_not_implied_by_regular_seat
2016,NY,House,24,unresolved,Democratic | Republican,,requires_state_election_specific_review,tracked_separately_not_implied_by_regular_seat
2016,NY,House,25,unresolved,Democratic | Republican,,requires_state_election_specific_review,tracked_separately_not_implied_by_regular_seat
2016,NY,House,26,unresolved,Democratic | Republican,,requires_state_election_specific_review,tracked_separately_not_implied_by_regular_seat
2016,NY,House,27,unresolved,Democratic | Republican,,requires_state_election_specific_review,tracked_separately_not_implied_by_regular_seat
2016,OH,House,01,unresolved,Democratic | Republican,,requires_state_election_specific_review,tracked_separately_not_implied_by_regular_seat
2016,OH,House,02,unresolved,Democratic | Republican,,requires_state_election_specific_review,tracked_separately_not_implied_by_regular_seat
2016,OH,House,03,unresolved,Democratic | Republican,,requires_state_election_specific_review,tracked_separately_not_implied_by_regular_seat
2016,OH,House,04,unresolved,Democratic | Republican,,requires_state_election_specific_review,tracked_separately_not_implied_by_regular_seat
2016,OH,House,05,unresolved,Democratic | Republican,,requires_state_election_specific_review,tracked_separately_not_implied_by_regular_seat
2016,OH,House,06,unresolved,Democratic | Republican,,requires_state_election_specific_review,tracked_separately_not_implied_by_regular_seat
2016,OH,House,07,unresolved,Democratic | Republican,,requires_state_election_specific_review,tracked_separately_not_implied_by_regular_seat
2016,OH,House,08,unresolved,Democratic | Republican,,requires_state_election_specific_review,tracked_separately_not_implied_by_regular_seat
2016,OH,House,09,unresolved,Democratic | Republican,,requires_state_election_specific_review,tracked_separately_not_implied_by_regular_seat
2016,OH,House,10,unresolved,Democratic | Republican,,requires_state_election_specific_review,tracked_separately_not_implied_by_regular_seat
2016,OH,House,11,unresolved,Democratic | Republican,,requires_state_election_specific_review,tracked_separately_not_implied_by_regular_seat
2016,OH,House,12,unresolved,Democratic | Republican,,requires_state_election_specific_review,tracked_separately_not_implied_by_regular_seat
2016,OH,House,13,unresolved,Democratic | Republican,,requires_state_election_specific_review,tracked_separately_not_implied_by_regular_seat
2016,OH,House,14,unresolved,Democratic | Republican,,requires_state_election_specific_review,tracked_separately_not_implied_by_regular_seat
2016,OH,House,15,unresolved,Democratic | Republican,,requires_state_election_specific_review,tracked_separately_not_implied_by_regular_seat
2016,OH,House,16,unresolved,Democratic | Republican,,requires_state_election_specific_review,tracked_separately_not_implied_by_regular_seat
2016,OK,House,01,unresolved,Democratic | Republican,,requires_state_election_specific_review,tracked_separately_not_implied_by_regular_seat
2016,OK,House,02,unresolved,Democratic | Republican,,requires_state_election_specific_review,tracked_separately_not_implied_by_regular_seat
2016,OK,House,03,unresolved,Democratic | Republican,,requires_state_election_specific_review,tracked_separately_not_implied_by_regular_seat
2016,OK,House,04,unresolved,Democratic | Republican,,requires_state_election_specific_review,tracked_separately_not_implied_by_regular_seat
2016,OK,House,05,unresolved,Democratic | Republican,,requires_state_election_specific_review,tracked_separately_not_implied_by_regular_seat
2016,OR,House,01,unresolved,Democratic | Republican,,requires_state_election_specific_review,tracked_separately_not_implied_by_regular_seat
2016,OR,House,02,unresolved,Democratic | Republican,,requires_state_election_specific_review,tracked_separately_not_implied_by_regular_seat
2016,OR,House,03,unresolved,Democratic | Republican,,requires_state_election_specific_review,tracked_separately_not_implied_by_regular_seat
2016,OR,House,04,unresolved,Democratic | Republican,,requires_state_election_specific_review,tracked_separately_not_implied_by_regular_seat
2016,OR,House,05,unresolved,Democratic | Republican,,requires_state_election_specific_review,tracked_separately_not_implied_by_regular_seat
2016,PA,House,01,unresolved,Democratic | Republican,,requires_state_election_specific_review,tracked_separately_not_implied_by_regular_seat
2016,PA,House,02,unresolved,Democratic | Republican,,requires_state_election_specific_review,tracked_separately_not_implied_by_regular_seat
2016,PA,House,03,unresolved,Democratic | Republican,,requires_state_election_specific_review,tracked_separately_not_implied_by_regular_seat
2016,PA,House,04,unresolved,Democratic | Republican,,requires_state_election_specific_review,tracked_separately_not_implied_by_regular_seat
2016,PA,House,05,unresolved,Democratic | Republican,,requires_state_election_specific_review,tracked_separately_not_implied_by_regular_seat
2016,PA,House,06,unresolved,Democratic | Republican,,requires_state_election_specific_review,tracked_separately_not_implied_by_regular_seat
2016,PA,House,07,unresolved,Democratic | Republican,,requires_state_election_specific_review,tracked_separately_not_implied_by_regular_seat
2016,PA,House,08,unresolved,Democratic | Republican,,requires_state_election_specific_review,tracked_separately_not_implied_by_regular_seat
2016,PA,House,09,unresolved,Democratic | Republican,,requires_state_election_specific_review,tracked_separately_not_implied_by_regular_seat
2016,PA,House,10,unresolved,Democratic | Republican,,requires_state_election_specific_review,tracked_separately_not_implied_by_regular_seat
2016,PA,House,11,unresolved,Democratic | Republican,,requires_state_election_specific_review,tracked_separately_not_implied_by_regular_seat
2016,PA,House,12,unresolved,Democratic | Republican,,requires_state_election_specific_review,tracked_separately_not_implied_by_regular_seat
2016,PA,House,13,unresolved,Democratic | Republican,,requires_state_election_specific_review,tracked_separately_not_implied_by_regular_seat
2016,PA,House,14,unresolved,Democratic | Republican,,requires_state_election_specific_review,tracked_separately_not_implied_by_regular_seat
2016,PA,House,15,unresolved,Democratic | Republican,,requires_state_election_specific_review,tracked_separately_not_implied_by_regular_seat
2016,PA,House,16,unresolved,Democratic | Republican,,requires_state_election_specific_review,tracked_separately_not_implied_by_regular_seat
2016,PA,House,17,unresolved,Democratic | Republican,,requires_state_election_specific_review,tracked_separately_not_implied_by_regular_seat
2016,PA,House,18,unresolved,Democratic | Republican,,requires_state_election_specific_review,tracked_separately_not_implied_by_regular_seat
2016,PR,House,00,unresolved,unspecified-party,,requires_state_election_specific_review,tracked_separately_not_implied_by_regular_seat
2016,RI,House,01,unresolved,Democratic | Republican,,requires_state_election_specific_review,tracked_separately_not_implied_by_regular_seat
2016,RI,House,02,unresolved,Democratic | Republican,,requires_state_election_specific_review,tracked_separately_not_implied_by_regular_seat
2016,SC,House,01,unresolved,Democratic | Republican,,requires_state_election_specific_review,tracked_separately_not_implied_by_regular_seat
2016,SC,House,02,unresolved,Democratic | Republican,,requires_state_election_specific_review,tracked_separately_not_implied_by_regular_seat
2016,SC,House,03,unresolved,Democratic | Republican,,requires_state_election_specific_review,tracked_separately_not_implied_by_regular_seat
2016,SC,House,04,unresolved,Democratic | Republican,,requires_state_election_specific_review,tracked_separately_not_implied_by_regular_seat
2016,SC,House,05,unresolved,Democratic | Republican,,requires_state_election_specific_review,tracked_separately_not_implied_by_regular_seat
2016,SC,House,06,unresolved,Democratic | Republican,,requires_state_election_specific_review,tracked_separately_not_implied_by_regular_seat
2016,SC,House,07,unresolved,Democratic | Republican,,requires_state_election_specific_review,tracked_separately_not_implied_by_regular_seat
2016,SD,House,00,unresolved,Democratic | Republican,,requires_state_election_specific_review,tracked_separately_not_implied_by_regular_seat
2016,TN,House,01,unresolved,Democratic | Republican,,requires_state_election_specific_review,tracked_separately_not_implied_by_regular_seat
2016,TN,House,02,unresolved,Democratic | Republican,,requires_state_election_specific_review,tracked_separately_not_implied_by_regular_seat
2016,TN,House,03,unresolved,Democratic | Republican,,requires_state_election_specific_review,tracked_separately_not_implied_by_regular_seat
2016,TN,House,04,unresolved,Democratic | Republican,,requires_state_election_specific_review,tracked_separately_not_implied_by_regular_seat
2016,TN,House,05,unresolved,Democratic | Republican,,requires_state_election_specific_review,tracked_separately_not_implied_by_regular_seat
2016,TN,House,06,unresolved,Democratic | Republican,,requires_state_election_specific_review,tracked_separately_not_implied_by_regular_seat
2016,TN,House,07,unresolved,Democratic | Republican,,requires_state_election_specific_review,tracked_separately_not_implied_by_regular_seat
2016,TN,House,08,unresolved,Democratic | Republican,,requires_state_election_specific_review,tracked_separately_not_implied_by_regular_seat
2016,TN,House,09,unresolved,Democratic | Republican,,requires_state_election_specific_review,tracked_separately_not_implied_by_regular_seat
2016,TX,House,01,unresolved,Democratic | Republican,,requires_state_election_specific_review,tracked_separately_not_implied_by_regular_seat
2016,TX,House,02,unresolved,Democratic | Republican,,requires_state_election_specific_review,tracked_separately_not_implied_by_regular_seat
2016,TX,House,03,unresolved,Democratic | Republican,,requires_state_election_specific_review,tracked_separately_not_implied_by_regular_seat
2016,TX,House,04,unresolved,Democratic | Republican,,requires_state_election_specific_review,tracked_separately_not_implied_by_regular_seat
2016,TX,House,05,unresolved,Democratic | Republican,,requires_state_election_specific_review,tracked_separately_not_implied_by_regular_seat
2016,TX,House,06,unresolved,Democratic | Republican,,requires_state_election_specific_review,tracked_separately_not_implied_by_regular_seat
2016,TX,House,07,unresolved,Democratic | Republican,,requires_state_election_specific_review,tracked_separately_not_implied_by_regular_seat
2016,TX,House,08,unresolved,Democratic | Republican,,requires_state_election_specific_review,tracked_separately_not_implied_by_regular_seat
2016,TX,House,09,unresolved,Democratic | Republican,,requires_state_election_specific_review,tracked_separately_not_implied_by_regular_seat
2016,TX,House,10,unresolved,Democratic | Republican,,requires_state_election_specific_review,tracked_separately_not_implied_by_regular_seat
2016,TX,House,11,unresolved,Democratic | Republican,,requires_state_election_specific_review,tracked_separately_not_implied_by_regular_seat
2016,TX,House,12,unresolved,Democratic | Republican,,requires_state_election_specific_review,tracked_separately_not_implied_by_regular_seat
2016,TX,House,13,unresolved,Democratic | Republican,,requires_state_election_specific_review,tracked_separately_not_implied_by_regular_seat
2016,TX,House,14,unresolved,Democratic | Republican,,requires_state_election_specific_review,tracked_separately_not_implied_by_regular_seat
2016,TX,House,15,unresolved,Democratic | Republican,,requires_state_election_specific_review,tracked_separately_not_implied_by_regular_seat
2016,TX,House,16,unresolved,Democratic | Republican,,requires_state_election_specific_review,tracked_separately_not_implied_by_regular_seat
2016,TX,House,17,unresolved,Democratic | Republican,,requires_state_election_specific_review,tracked_separately_not_implied_by_regular_seat
2016,TX,House,18,unresolved,Democratic | Republican,,requires_state_election_specific_review,tracked_separately_not_implied_by_regular_seat
2016,TX,House,19,unresolved,Democratic | Republican,,requires_state_election_specific_review,tracked_separately_not_implied_by_regular_seat
2016,TX,House,20,unresolved,Democratic | Republican,,requires_state_election_specific_review,tracked_separately_not_implied_by_regular_seat
2016,TX,House,21,unresolved,Democratic | Republican,,requires_state_election_specific_review,tracked_separately_not_implied_by_regular_seat
2016,TX,House,22,unresolved,Democratic | Republican,,requires_state_election_specific_review,tracked_separately_not_implied_by_regular_seat
2016,TX,House,23,unresolved,Democratic | Republican,,requires_state_election_specific_review,tracked_separately_not_implied_by_regular_seat
2016,TX,House,24,unresolved,Democratic | Republican,,requires_state_election_specific_review,tracked_separately_not_implied_by_regular_seat
2016,TX,House,25,unresolved,Democratic | Republican,,requires_state_election_specific_review,tracked_separately_not_implied_by_regular_seat
2016,TX,House,26,unresolved,Democratic | Republican,,requires_state_election_specific_review,tracked_separately_not_implied_by_regular_seat
2016,TX,House,27,unresolved,Democratic | Republican,,requires_state_election_specific_review,tracked_separately_not_implied_by_regular_seat
2016,TX,House,28,unresolved,Democratic | Republican,,requires_state_election_specific_review,tracked_separately_not_implied_by_regular_seat
2016,TX,House,29,unresolved,Democratic | Republican,,requires_state_election_specific_review,tracked_separately_not_implied_by_regular_seat
2016,TX,House,30,unresolved,Democratic | Republican,,requires_state_election_specific_review,tracked_separately_not_implied_by_regular_seat
2016,TX,House,31,unresolved,Democratic | Republican,,requires_state_election_specific_review,tracked_separately_not_implied_by_regular_seat
2016,TX,House,32,unresolved,Democratic | Republican,,requires_state_election_specific_review,tracked_separately_not_implied_by_regular_seat
2016,TX,House,33,unresolved,Democratic | Republican,,requires_state_election_specific_review,tracked_separately_not_implied_by_regular_seat
2016,TX,House,34,unresolved,Democratic | Republican,,requires_state_election_specific_review,tracked_separately_not_implied_by_regular_seat
2016,TX,House,35,unresolved,Democratic | Republican,,requires_state_election_specific_review,tracked_separately_not_implied_by_regular_seat
2016,TX,House,36,unresolved,Democratic | Republican,,requires_state_election_specific_review,tracked_separately_not_implied_by_regular_seat
2016,UT,House,01,unresolved,Democratic | Republican,,requires_state_election_specific_review,tracked_separately_not_implied_by_regular_seat
2016,UT,House,02,unresolved,Democratic | Republican,,requires_state_election_specific_review,tracked_separately_not_implied_by_regular_seat
2016,UT,House,03,unresolved,Democratic | Republican,,requires_state_election_specific_review,tracked_separately_not_implied_by_regular_seat
2016,UT,House,04,unresolved,Democratic | Republican,,requires_state_election_specific_review,tracked_separately_not_implied_by_regular_seat
2016,VA,House,01,unresolved,Democratic | Republican,,requires_state_election_specific_review,tracked_separately_not_implied_by_regular_seat
2016,VA,House,02,unresolved,Democratic | Republican,,requires_state_election_specific_review,tracked_separately_not_implied_by_regular_seat
2016,VA,House,03,unresolved,Democratic | Republican,,requires_state_election_specific_review,tracked_separately_not_implied_by_regular_seat
2016,VA,House,04,unresolved,Democratic | Republican,,requires_state_election_specific_review,tracked_separately_not_implied_by_regular_seat
2016,VA,House,05,unresolved,Democratic | Republican,,requires_state_election_specific_review,tracked_separately_not_implied_by_regular_seat
2016,VA,House,06,unresolved,Democratic | Republican,,requires_state_election_specific_review,tracked_separately_not_implied_by_regular_seat
2016,VA,House,07,unresolved,Democratic | Republican,,requires_state_election_specific_review,tracked_separately_not_implied_by_regular_seat
2016,VA,House,08,unresolved,Democratic | Republican,,requires_state_election_specific_review,tracked_separately_not_implied_by_regular_seat
2016,VA,House,09,unresolved,Democratic | Republican,,requires_state_election_specific_review,tracked_separately_not_implied_by_regular_seat
2016,VA,House,10,unresolved,Democratic | Republican,,requires_state_election_specific_review,tracked_separately_not_implied_by_regular_seat
2016,VA,House,11,unresolved,Democratic | Republican,,requires_state_election_specific_review,tracked_separately_not_implied_by_regular_seat
2016,VI,House,00,unresolved,Democratic | Republican,,requires_state_election_specific_review,tracked_separately_not_implied_by_regular_seat
2016,VT,House,00,unresolved,Democratic | Republican,,requires_state_election_specific_review,tracked_separately_not_implied_by_regular_seat
2016,WA,House,01,unresolved,all-party,,requires_state_election_specific_review,tracked_separately_not_implied_by_regular_seat
2016,WA,House,02,unresolved,all-party,,requires_state_election_specific_review,tracked_separately_not_implied_by_regular_seat
2016,WA,House,03,unresolved,all-party,,requires_state_election_specific_review,tracked_separately_not_implied_by_regular_seat
2016,WA,House,04,unresolved,all-party,,requires_state_election_specific_review,tracked_separately_not_implied_by_regular_seat
2016,WA,House,05,unresolved,all-party,,requires_state_election_specific_review,tracked_separately_not_implied_by_regular_seat
2016,WA,House,06,unresolved,all-party,,requires_state_election_specific_review,tracked_separately_not_implied_by_regular_seat
2016,WA,House,07,unresolved,all-party,,requires_state_election_specific_review,tracked_separately_not_implied_by_regular_seat
2016,WA,House,08,unresolved,all-party,,requires_state_election_specific_review,tracked_separately_not_implied_by_regular_seat
2016,WA,House,09,unresolved,all-party,,requires_state_election_specific_review,tracked_separately_not_implied_by_regular_seat
2016,WA,House,10,unresolved,all-party,,requires_state_election_specific_review,tracked_separately_not_implied_by_regular_seat
2016,WI,House,01,unresolved,Democratic | Republican,,requires_state_election_specific_review,tracked_separately_not_implied_by_regular_seat
2016,WI,House,02,unresolved,Democratic | Republican,,requires_state_election_specific_review,tracked_separately_not_implied_by_regular_seat
2016,WI,House,03,unresolved,Democratic | Republican,,requires_state_election_specific_review,tracked_separately_not_implied_by_regular_seat
2016,WI,House,04,unresolved,Democratic | Republican,,requires_state_election_specific_review,tracked_separately_not_implied_by_regular_seat
2016,WI,House,05,unresolved,Democratic | Republican,,requires_state_election_specific_review,tracked_separately_not_implied_by_regular_seat
2016,WI,House,06,unresolved,Democratic | Republican,,requires_state_election_specific_review,tracked_separately_not_implied_by_regular_seat
2016,WI,House,07,unresolved,Democratic | Republican,,requires_state_election_specific_review,tracked_separately_not_implied_by_regular_seat
2016,WI,House,08,unresolved,Democratic | Republican,,requires_state_election_specific_review,tracked_separately_not_implied_by_regular_seat
2016,WV,House,01,unresolved,Democratic | Republican,,requires_state_election_specific_review,tracked_separately_not_implied_by_regular_seat
2016,WV,House,02,unresolved,Democratic | Republican,,requires_state_election_specific_review,tracked_separately_not_implied_by_regular_seat
2016,WV,House,03,unresolved,Democratic | Republican,,requires_state_election_specific_review,tracked_separately_not_implied_by_regular_seat
2016,WY,House,00,unresolved,Democratic | Republican,,requires_state_election_specific_review,tracked_separately_not_implied_by_regular_seat
2016,AK,Senate,S,unresolved,Democratic | Republican,,requires_state_election_specific_review,tracked_separately_not_implied_by_regular_seat
2016,AL,Senate,S,unresolved,Democratic | Republican,,requires_state_election_specific_review,tracked_separately_not_implied_by_regular_seat
2016,AR,Senate,S,unresolved,Democratic | Republican,,requires_state_election_specific_review,tracked_separately_not_implied_by_regular_seat
2016,AZ,Senate,S,unresolved,Democratic | Republican,,requires_state_election_specific_review,tracked_separately_not_implied_by_regular_seat
2016,CA,Senate,S,unresolved,all-party,,requires_state_election_specific_review,tracked_separately_not_implied_by_regular_seat
2016,CO,Senate,S,unresolved,Democratic | Republican,,requires_state_election_specific_review,tracked_separately_not_implied_by_regular_seat
2016,CT,Senate,S,unresolved,Democratic | Republican,,requires_state_election_specific_review,tracked_separately_not_implied_by_regular_seat
2016,FL,Senate,S,unresolved,Democratic | Republican,,requires_state_election_specific_review,tracked_separately_not_implied_by_regular_seat
2016,GA,Senate,S,unresolved,Democratic | Republican,,requires_state_election_specific_review,tracked_separately_not_implied_by_regular_seat
2016,HI,Senate,S,unresolved,Democratic | Republican,,requires_state_election_specific_review,tracked_separately_not_implied_by_regular_seat
2016,IA,Senate,S,unresolved,Democratic | Republican,,requires_state_election_specific_review,tracked_separately_not_implied_by_regular_seat
2016,ID,Senate,S,unresolved,Democratic | Republican,,requires_state_election_specific_review,tracked_separately_not_implied_by_regular_seat
2016,IL,Senate,S,unresolved,Democratic | Republican,,requires_state_election_specific_review,tracked_separately_not_implied_by_regular_seat
2016,IN,Senate,S,unresolved,Democratic | Republican,,requires_state_election_specific_review,tracked_separately_not_implied_by_regular_seat
2016,KS,Senate,S,unresolved,Democratic | Republican,,requires_state_election_specific_review,tracked_separately_not_implied_by_regular_seat
2016,KY,Senate,S,unresolved,Democratic | Republican,,requires_state_election_specific_review,tracked_separately_not_implied_by_regular_seat
2016,LA,Senate,S,unresolved,all-party,,requires_state_election_specific_review,tracked_separately_not_implied_by_regular_seat
2016,MD,Senate,S,unresolved,Democratic | Republican,,requires_state_election_specific_review,tracked_separately_not_implied_by_regular_seat
2016,MO,Senate,S,unresolved,Democratic | Republican,,requires_state_election_specific_review,tracked_separately_not_implied_by_regular_seat
2016,NC,Senate,S,unresolved,Democratic | Republican,,requires_state_election_specific_review,tracked_separately_not_implied_by_regular_seat
2016,ND,Senate,S,unresolved,Democratic | Republican,,requires_state_election_specific_review,tracked_separately_not_implied_by_regular_seat
2016,NH,Senate,S,unresolved,Democratic | Republican,,requires_state_election_specific_review,tracked_separately_not_implied_by_regular_seat
2016,NV,Senate,S,unresolved,Democratic | Republican,,requires_state_election_specific_review,tracked_separately_not_implied_by_regular_seat
2016,NY,Senate,S,unresolved,Democratic | Republican,,requires_state_election_specific_review,tracked_separately_not_implied_by_regular_seat
2016,OH,Senate,S,unresolved,Democratic | Republican,,requires_state_election_specific_review,tracked_separately_not_implied_by_regular_seat
2016,OK,Senate,S,unresolved,Democratic | Republican,,requires_state_election_specific_review,tracked_separately_not_implied_by_regular_seat
2016,OR,Senate,S,unresolved,Democratic | Republican,,requires_state_election_specific_review,tracked_separately_not_implied_by_regular_seat
2016,PA,Senate,S,unresolved,Democratic | Republican,,requires_state_election_specific_review,tracked_separately_not_implied_by_regular_seat
2016,SC,Senate,S,unresolved,Democratic | Republican,,requires_state_election_specific_review,tracked_separately_not_implied_by_regular_seat
2016,SD,Senate,S,unresolved,Democratic | Republican,,requires_state_election_specific_review,tracked_separately_not_implied_by_regular_seat
2016,UT,Senate,S,unresolved,Democratic | Republican,,requires_state_election_specific_review,tracked_separately_not_implied_by_regular_seat
2016,VT,Senate,S,unresolved,Democratic | Republican,,requires_state_election_specific_review,tracked_separately_not_implied_by_regular_seat
2016,WA,Senate,S,unresolved,all-party,,requires_state_election_specific_review,tracked_separately_not_implied_by_regular_seat
2016,WI,Senate,S,unresolved,Democratic | Republican,,requires_state_election_specific_review,tracked_separately_not_implied_by_regular_seat
2018,AK,House,00,unresolved,Democratic | Republican,,requires_state_election_specific_review,tracked_separately_not_implied_by_regular_seat
2018,AL,House,01,unresolved,Democratic | Republican,,requires_state_election_specific_review,tracked_separately_not_implied_by_regular_seat
2018,AL,House,02,unresolved,Democratic | Republican,,requires_state_election_specific_review,tracked_separately_not_implied_by_regular_seat
2018,AL,House,03,unresolved,Democratic | Republican,,requires_state_election_specific_review,tracked_separately_not_implied_by_regular_seat
2018,AL,House,04,unresolved,Democratic | Republican,,requires_state_election_specific_review,tracked_separately_not_implied_by_regular_seat
2018,AL,House,05,unresolved,Democratic | Republican,,requires_state_election_specific_review,tracked_separately_not_implied_by_regular_seat
2018,AL,House,06,unresolved,Democratic | Republican,,requires_state_election_specific_review,tracked_separately_not_implied_by_regular_seat
2018,AL,House,07,unresolved,Democratic | Republican,,requires_state_election_specific_review,tracked_separately_not_implied_by_regular_seat
2018,AR,House,01,unresolved,Democratic | Republican,,requires_state_election_specific_review,tracked_separately_not_implied_by_regular_seat
2018,AR,House,02,unresolved,Democratic | Republican,,requires_state_election_specific_review,tracked_separately_not_implied_by_regular_seat
2018,AR,House,03,unresolved,Democratic | Republican,,requires_state_election_specific_review,tracked_separately_not_implied_by_regular_seat
2018,AR,House,04,unresolved,Democratic | Republican,,requires_state_election_specific_review,tracked_separately_not_implied_by_regular_seat
2018,AS,House,00,unresolved,all-party,,requires_state_election_specific_review,tracked_separately_not_implied_by_regular_seat
2018,AZ,House,01,unresolved,Democratic | Republican,,requires_state_election_specific_review,tracked_separately_not_implied_by_regular_seat
2018,AZ,House,02,unresolved,Democratic | Republican,,requires_state_election_specific_review,tracked_separately_not_implied_by_regular_seat
2018,AZ,House,03,unresolved,Democratic | Republican,,requires_state_election_specific_review,tracked_separately_not_implied_by_regular_seat
2018,AZ,House,04,unresolved,Democratic | Republican,,requires_state_election_specific_review,tracked_separately_not_implied_by_regular_seat
2018,AZ,House,05,unresolved,Democratic | Republican,,requires_state_election_specific_review,tracked_separately_not_implied_by_regular_seat
2018,AZ,House,06,unresolved,Democratic | Republican,,requires_state_election_specific_review,tracked_separately_not_implied_by_regular_seat
2018,AZ,House,07,unresolved,Democratic | Republican,,requires_state_election_specific_review,tracked_separately_not_implied_by_regular_seat
2018,AZ,House,08,unresolved,Democratic | Republican,,requires_state_election_specific_review,tracked_separately_not_implied_by_regular_seat
2018,AZ,House,09,unresolved,Democratic | Republican,,requires_state_election_specific_review,tracked_separately_not_implied_by_regular_seat
2018,CA,House,01,unresolved,all-party,,requires_state_election_specific_review,tracked_separately_not_implied_by_regular_seat
2018,CA,House,02,unresolved,all-party,,requires_state_election_specific_review,tracked_separately_not_implied_by_regular_seat
2018,CA,House,03,unresolved,all-party,,requires_state_election_specific_review,tracked_separately_not_implied_by_regular_seat
2018,CA,House,04,unresolved,all-party,,requires_state_election_specific_review,tracked_separately_not_implied_by_regular_seat
2018,CA,House,05,unresolved,all-party,,requires_state_election_specific_review,tracked_separately_not_implied_by_regular_seat
2018,CA,House,06,unresolved,all-party,,requires_state_election_specific_review,tracked_separately_not_implied_by_regular_seat
2018,CA,House,07,unresolved,all-party,,requires_state_election_specific_review,tracked_separately_not_implied_by_regular_seat
2018,CA,House,08,unresolved,all-party,,requires_state_election_specific_review,tracked_separately_not_implied_by_regular_seat
2018,CA,House,09,unresolved,all-party,,requires_state_election_specific_review,tracked_separately_not_implied_by_regular_seat
2018,CA,House,10,unresolved,all-party,,requires_state_election_specific_review,tracked_separately_not_implied_by_regular_seat
2018,CA,House,11,unresolved,all-party,,requires_state_election_specific_review,tracked_separately_not_implied_by_regular_seat
2018,CA,House,12,unresolved,all-party,,requires_state_election_specific_review,tracked_separately_not_implied_by_regular_seat
2018,CA,House,13,unresolved,all-party,,requires_state_election_specific_review,tracked_separately_not_implied_by_regular_seat
2018,CA,House,14,unresolved,all-party,,requires_state_election_specific_review,tracked_separately_not_implied_by_regular_seat
2018,CA,House,15,unresolved,all-party,,requires_state_election_specific_review,tracked_separately_not_implied_by_regular_seat
2018,CA,House,16,unresolved,all-party,,requires_state_election_specific_review,tracked_separately_not_implied_by_regular_seat
2018,CA,House,17,unresolved,all-party,,requires_state_election_specific_review,tracked_separately_not_implied_by_regular_seat
2018,CA,House,18,unresolved,all-party,,requires_state_election_specific_review,tracked_separately_not_implied_by_regular_seat
2018,CA,House,19,unresolved,all-party,,requires_state_election_specific_review,tracked_separately_not_implied_by_regular_seat
2018,CA,House,20,unresolved,all-party,,requires_state_election_specific_review,tracked_separately_not_implied_by_regular_seat
2018,CA,House,21,unresolved,all-party,,requires_state_election_specific_review,tracked_separately_not_implied_by_regular_seat
2018,CA,House,22,unresolved,all-party,,requires_state_election_specific_review,tracked_separately_not_implied_by_regular_seat
2018,CA,House,23,unresolved,all-party,,requires_state_election_specific_review,tracked_separately_not_implied_by_regular_seat
2018,CA,House,24,unresolved,all-party,,requires_state_election_specific_review,tracked_separately_not_implied_by_regular_seat
2018,CA,House,25,unresolved,all-party,,requires_state_election_specific_review,tracked_separately_not_implied_by_regular_seat
2018,CA,House,26,unresolved,all-party,,requires_state_election_specific_review,tracked_separately_not_implied_by_regular_seat
2018,CA,House,27,unresolved,all-party,,requires_state_election_specific_review,tracked_separately_not_implied_by_regular_seat
2018,CA,House,28,unresolved,all-party,,requires_state_election_specific_review,tracked_separately_not_implied_by_regular_seat
2018,CA,House,29,unresolved,all-party,,requires_state_election_specific_review,tracked_separately_not_implied_by_regular_seat
2018,CA,House,30,unresolved,all-party,,requires_state_election_specific_review,tracked_separately_not_implied_by_regular_seat
2018,CA,House,31,unresolved,all-party,,requires_state_election_specific_review,tracked_separately_not_implied_by_regular_seat
2018,CA,House,32,unresolved,all-party,,requires_state_election_specific_review,tracked_separately_not_implied_by_regular_seat
2018,CA,House,33,unresolved,all-party,,requires_state_election_specific_review,tracked_separately_not_implied_by_regular_seat
2018,CA,House,34,unresolved,all-party,,requires_state_election_specific_review,tracked_separately_not_implied_by_regular_seat
2018,CA,House,35,unresolved,all-party,,requires_state_election_specific_review,tracked_separately_not_implied_by_regular_seat
2018,CA,House,36,unresolved,all-party,,requires_state_election_specific_review,tracked_separately_not_implied_by_regular_seat
2018,CA,House,37,unresolved,all-party,,requires_state_election_specific_review,tracked_separately_not_implied_by_regular_seat
2018,CA,House,38,unresolved,all-party,,requires_state_election_specific_review,tracked_separately_not_implied_by_regular_seat
2018,CA,House,39,unresolved,all-party,,requires_state_election_specific_review,tracked_separately_not_implied_by_regular_seat
2018,CA,House,40,unresolved,all-party,,requires_state_election_specific_review,tracked_separately_not_implied_by_regular_seat
2018,CA,House,41,unresolved,all-party,,requires_state_election_specific_review,tracked_separately_not_implied_by_regular_seat
2018,CA,House,42,unresolved,all-party,,requires_state_election_specific_review,tracked_separately_not_implied_by_regular_seat
2018,CA,House,43,unresolved,all-party,,requires_state_election_specific_review,tracked_separately_not_implied_by_regular_seat
2018,CA,House,44,unresolved,all-party,,requires_state_election_specific_review,tracked_separately_not_implied_by_regular_seat
2018,CA,House,45,unresolved,all-party,,requires_state_election_specific_review,tracked_separately_not_implied_by_regular_seat
2018,CA,House,46,unresolved,all-party,,requires_state_election_specific_review,tracked_separately_not_implied_by_regular_seat
2018,CA,House,47,unresolved,all-party,,requires_state_election_specific_review,tracked_separately_not_implied_by_regular_seat
2018,CA,House,48,unresolved,all-party,,requires_state_election_specific_review,tracked_separately_not_implied_by_regular_seat
2018,CA,House,49,unresolved,all-party,,requires_state_election_specific_review,tracked_separately_not_implied_by_regular_seat
2018,CA,House,50,unresolved,all-party,,requires_state_election_specific_review,tracked_separately_not_implied_by_regular_seat
2018,CA,House,51,unresolved,all-party,,requires_state_election_specific_review,tracked_separately_not_implied_by_regular_seat
2018,CA,House,52,unresolved,all-party,,requires_state_election_specific_review,tracked_separately_not_implied_by_regular_seat
2018,CA,House,53,unresolved,all-party,,requires_state_election_specific_review,tracked_separately_not_implied_by_regular_seat
2018,CO,House,01,unresolved,Democratic | Republican,,requires_state_election_specific_review,tracked_separately_not_implied_by_regular_seat
2018,CO,House,02,unresolved,Democratic | Republican,,requires_state_election_specific_review,tracked_separately_not_implied_by_regular_seat
2018,CO,House,03,unresolved,Democratic | Republican,,requires_state_election_specific_review,tracked_separately_not_implied_by_regular_seat
2018,CO,House,04,unresolved,Democratic | Republican,,requires_state_election_specific_review,tracked_separately_not_implied_by_regular_seat
2018,CO,House,05,unresolved,Democratic | Republican,,requires_state_election_specific_review,tracked_separately_not_implied_by_regular_seat
2018,CO,House,06,unresolved,Democratic | Republican,,requires_state_election_specific_review,tracked_separately_not_implied_by_regular_seat
2018,CO,House,07,unresolved,Democratic | Republican,,requires_state_election_specific_review,tracked_separately_not_implied_by_regular_seat
2018,CT,House,01,unresolved,Democratic | Republican,,requires_state_election_specific_review,tracked_separately_not_implied_by_regular_seat
2018,CT,House,02,unresolved,Democratic | Republican,,requires_state_election_specific_review,tracked_separately_not_implied_by_regular_seat
2018,CT,House,03,unresolved,Democratic | Republican,,requires_state_election_specific_review,tracked_separately_not_implied_by_regular_seat
2018,CT,House,04,unresolved,Democratic | Republican,,requires_state_election_specific_review,tracked_separately_not_implied_by_regular_seat
2018,CT,House,05,unresolved,Democratic | Republican,,requires_state_election_specific_review,tracked_separately_not_implied_by_regular_seat
2018,DC,House,00,unresolved,Democratic | Republican,,requires_state_election_specific_review,tracked_separately_not_implied_by_regular_seat
2018,DE,House,00,unresolved,Democratic | Republican,,requires_state_election_specific_review,tracked_separately_not_implied_by_regular_seat
2018,FL,House,01,unresolved,Democratic | Republican,,requires_state_election_specific_review,tracked_separately_not_implied_by_regular_seat
2018,FL,House,02,unresolved,Democratic | Republican,,requires_state_election_specific_review,tracked_separately_not_implied_by_regular_seat
2018,FL,House,03,unresolved,Democratic | Republican,,requires_state_election_specific_review,tracked_separately_not_implied_by_regular_seat
2018,FL,House,04,unresolved,Democratic | Republican,,requires_state_election_specific_review,tracked_separately_not_implied_by_regular_seat
2018,FL,House,05,unresolved,Democratic | Republican,,requires_state_election_specific_review,tracked_separately_not_implied_by_regular_seat
2018,FL,House,06,unresolved,Democratic | Republican,,requires_state_election_specific_review,tracked_separately_not_implied_by_regular_seat
2018,FL,House,07,unresolved,Democratic | Republican,,requires_state_election_specific_review,tracked_separately_not_implied_by_regular_seat
2018,FL,House,08,unresolved,Democratic | Republican,,requires_state_election_specific_review,tracked_separately_not_implied_by_regular_seat
2018,FL,House,09,unresolved,Democratic | Republican,,requires_state_election_specific_review,tracked_separately_not_implied_by_regular_seat
2018,FL,House,10,unresolved,Democratic | Republican,,requires_state_election_specific_review,tracked_separately_not_implied_by_regular_seat
2018,FL,House,11,unresolved,Democratic | Republican,,requires_state_election_specific_review,tracked_separately_not_implied_by_regular_seat
2018,FL,House,12,unresolved,Democratic | Republican,,requires_state_election_specific_review,tracked_separately_not_implied_by_regular_seat
2018,FL,House,13,unresolved,Democratic | Republican,,requires_state_election_specific_review,tracked_separately_not_implied_by_regular_seat
2018,FL,House,14,unresolved,Democratic | Republican,,requires_state_election_specific_review,tracked_separately_not_implied_by_regular_seat
2018,FL,House,15,unresolved,Democratic | Republican,,requires_state_election_specific_review,tracked_separately_not_implied_by_regular_seat
2018,FL,House,16,unresolved,Democratic | Republican,,requires_state_election_specific_review,tracked_separately_not_implied_by_regular_seat
2018,FL,House,17,unresolved,Democratic | Republican,,requires_state_election_specific_review,tracked_separately_not_implied_by_regular_seat
2018,FL,House,18,unresolved,Democratic | Republican,,requires_state_election_specific_review,tracked_separately_not_implied_by_regular_seat
2018,FL,House,19,unresolved,Democratic | Republican,,requires_state_election_specific_review,tracked_separately_not_implied_by_regular_seat
2018,FL,House,20,unresolved,Democratic | Republican,,requires_state_election_specific_review,tracked_separately_not_implied_by_regular_seat
2018,FL,House,21,unresolved,Democratic | Republican,,requires_state_election_specific_review,tracked_separately_not_implied_by_regular_seat
2018,FL,House,22,unresolved,Democratic | Republican,,requires_state_election_specific_review,tracked_separately_not_implied_by_regular_seat
2018,FL,House,23,unresolved,Democratic | Republican,,requires_state_election_specific_review,tracked_separately_not_implied_by_regular_seat
2018,FL,House,24,unresolved,Democratic | Republican,,requires_state_election_specific_review,tracked_separately_not_implied_by_regular_seat
2018,FL,House,25,unresolved,Democratic | Republican,,requires_state_election_specific_review,tracked_separately_not_implied_by_regular_seat
2018,FL,House,26,unresolved,Democratic | Republican,,requires_state_election_specific_review,tracked_separately_not_implied_by_regular_seat
2018,FL,House,27,unresolved,Democratic | Republican,,requires_state_election_specific_review,tracked_separately_not_implied_by_regular_seat
2018,GA,House,01,unresolved,Democratic | Republican,,requires_state_election_specific_review,tracked_separately_not_implied_by_regular_seat
2018,GA,House,02,unresolved,Democratic | Republican,,requires_state_election_specific_review,tracked_separately_not_implied_by_regular_seat
2018,GA,House,03,unresolved,Democratic | Republican,,requires_state_election_specific_review,tracked_separately_not_implied_by_regular_seat
2018,GA,House,04,unresolved,Democratic | Republican,,requires_state_election_specific_review,tracked_separately_not_implied_by_regular_seat
2018,GA,House,05,unresolved,Democratic | Republican,,requires_state_election_specific_review,tracked_separately_not_implied_by_regular_seat
2018,GA,House,06,unresolved,Democratic | Republican,,requires_state_election_specific_review,tracked_separately_not_implied_by_regular_seat
2018,GA,House,07,unresolved,Democratic | Republican,,requires_state_election_specific_review,tracked_separately_not_implied_by_regular_seat
2018,GA,House,08,unresolved,Democratic | Republican,,requires_state_election_specific_review,tracked_separately_not_implied_by_regular_seat
2018,GA,House,09,unresolved,Democratic | Republican,,requires_state_election_specific_review,tracked_separately_not_implied_by_regular_seat
2018,GA,House,10,unresolved,Democratic | Republican,,requires_state_election_specific_review,tracked_separately_not_implied_by_regular_seat
2018,GA,House,11,unresolved,Democratic | Republican,,requires_state_election_specific_review,tracked_separately_not_implied_by_regular_seat
2018,GA,House,12,unresolved,Democratic | Republican,,requires_state_election_specific_review,tracked_separately_not_implied_by_regular_seat
2018,GA,House,13,unresolved,Democratic | Republican,,requires_state_election_specific_review,tracked_separately_not_implied_by_regular_seat
2018,GA,House,14,unresolved,Democratic | Republican,,requires_state_election_specific_review,tracked_separately_not_implied_by_regular_seat
2018,GU,House,00,unresolved,Democratic | Republican,,requires_state_election_specific_review,tracked_separately_not_implied_by_regular_seat
2018,HI,House,01,unresolved,Democratic | Republican,,requires_state_election_specific_review,tracked_separately_not_implied_by_regular_seat
2018,HI,House,02,unresolved,Democratic | Republican,,requires_state_election_specific_review,tracked_separately_not_implied_by_regular_seat
2018,IA,House,01,unresolved,Democratic | Republican,,requires_state_election_specific_review,tracked_separately_not_implied_by_regular_seat
2018,IA,House,02,unresolved,Democratic | Republican,,requires_state_election_specific_review,tracked_separately_not_implied_by_regular_seat
2018,IA,House,03,unresolved,Democratic | Republican,,requires_state_election_specific_review,tracked_separately_not_implied_by_regular_seat
2018,IA,House,04,unresolved,Democratic | Republican,,requires_state_election_specific_review,tracked_separately_not_implied_by_regular_seat
2018,ID,House,01,unresolved,Democratic | Republican,,requires_state_election_specific_review,tracked_separately_not_implied_by_regular_seat
2018,ID,House,02,unresolved,Democratic | Republican,,requires_state_election_specific_review,tracked_separately_not_implied_by_regular_seat
2018,IL,House,01,unresolved,Democratic | Republican,,requires_state_election_specific_review,tracked_separately_not_implied_by_regular_seat
2018,IL,House,02,unresolved,Democratic | Republican,,requires_state_election_specific_review,tracked_separately_not_implied_by_regular_seat
2018,IL,House,03,unresolved,Democratic | Republican,,requires_state_election_specific_review,tracked_separately_not_implied_by_regular_seat
2018,IL,House,04,unresolved,Democratic | Republican,,requires_state_election_specific_review,tracked_separately_not_implied_by_regular_seat
2018,IL,House,05,unresolved,Democratic | Republican,,requires_state_election_specific_review,tracked_separately_not_implied_by_regular_seat
2018,IL,House,06,unresolved,Democratic | Republican,,requires_state_election_specific_review,tracked_separately_not_implied_by_regular_seat
2018,IL,House,07,unresolved,Democratic | Republican,,requires_state_election_specific_review,tracked_separately_not_implied_by_regular_seat
2018,IL,House,08,unresolved,Democratic | Republican,,requires_state_election_specific_review,tracked_separately_not_implied_by_regular_seat
2018,IL,House,09,unresolved,Democratic | Republican,,requires_state_election_specific_review,tracked_separately_not_implied_by_regular_seat
2018,IL,House,10,unresolved,Democratic | Republican,,requires_state_election_specific_review,tracked_separately_not_implied_by_regular_seat
2018,IL,House,11,unresolved,Democratic | Republican,,requires_state_election_specific_review,tracked_separately_not_implied_by_regular_seat
2018,IL,House,12,unresolved,Democratic | Republican,,requires_state_election_specific_review,tracked_separately_not_implied_by_regular_seat
2018,IL,House,13,unresolved,Democratic | Republican,,requires_state_election_specific_review,tracked_separately_not_implied_by_regular_seat
2018,IL,House,14,unresolved,Democratic | Republican,,requires_state_election_specific_review,tracked_separately_not_implied_by_regular_seat
2018,IL,House,15,unresolved,Democratic | Republican,,requires_state_election_specific_review,tracked_separately_not_implied_by_regular_seat
2018,IL,House,16,unresolved,Democratic | Republican,,requires_state_election_specific_review,tracked_separately_not_implied_by_regular_seat
2018,IL,House,17,unresolved,Democratic | Republican,,requires_state_election_specific_review,tracked_separately_not_implied_by_regular_seat
2018,IL,House,18,unresolved,Democratic | Republican,,requires_state_election_specific_review,tracked_separately_not_implied_by_regular_seat
2018,IN,House,01,unresolved,Democratic | Republican,,requires_state_election_specific_review,tracked_separately_not_implied_by_regular_seat
2018,IN,House,02,unresolved,Democratic | Republican,,requires_state_election_specific_review,tracked_separately_not_implied_by_regular_seat
2018,IN,House,03,unresolved,Democratic | Republican,,requires_state_election_specific_review,tracked_separately_not_implied_by_regular_seat
2018,IN,House,04,unresolved,Democratic | Republican,,requires_state_election_specific_review,tracked_separately_not_implied_by_regular_seat
2018,IN,House,05,unresolved,Democratic | Republican,,requires_state_election_specific_review,tracked_separately_not_implied_by_regular_seat
2018,IN,House,06,unresolved,Democratic | Republican,,requires_state_election_specific_review,tracked_separately_not_implied_by_regular_seat
2018,IN,House,07,unresolved,Democratic | Republican,,requires_state_election_specific_review,tracked_separately_not_implied_by_regular_seat
2018,IN,House,08,unresolved,Democratic | Republican,,requires_state_election_specific_review,tracked_separately_not_implied_by_regular_seat
2018,IN,House,09,unresolved,Democratic | Republican,,requires_state_election_specific_review,tracked_separately_not_implied_by_regular_seat
2018,KS,House,01,unresolved,Democratic | Republican,,requires_state_election_specific_review,tracked_separately_not_implied_by_regular_seat
2018,KS,House,02,unresolved,Democratic | Republican,,requires_state_election_specific_review,tracked_separately_not_implied_by_regular_seat
2018,KS,House,03,unresolved,Democratic | Republican,,requires_state_election_specific_review,tracked_separately_not_implied_by_regular_seat
2018,KS,House,04,unresolved,Democratic | Republican,,requires_state_election_specific_review,tracked_separately_not_implied_by_regular_seat
2018,KY,House,01,unresolved,Democratic | Republican,,requires_state_election_specific_review,tracked_separately_not_implied_by_regular_seat
2018,KY,House,02,unresolved,Democratic | Republican,,requires_state_election_specific_review,tracked_separately_not_implied_by_regular_seat
2018,KY,House,03,unresolved,Democratic | Republican,,requires_state_election_specific_review,tracked_separately_not_implied_by_regular_seat
2018,KY,House,04,unresolved,Democratic | Republican,,requires_state_election_specific_review,tracked_separately_not_implied_by_regular_seat
2018,KY,House,05,unresolved,Democratic | Republican,,requires_state_election_specific_review,tracked_separately_not_implied_by_regular_seat
2018,KY,House,06,unresolved,Democratic | Republican,,requires_state_election_specific_review,tracked_separately_not_implied_by_regular_seat
2018,LA,House,01,unresolved,all-party,,requires_state_election_specific_review,tracked_separately_not_implied_by_regular_seat
2018,LA,House,02,unresolved,all-party,,requires_state_election_specific_review,tracked_separately_not_implied_by_regular_seat
2018,LA,House,03,unresolved,all-party,,requires_state_election_specific_review,tracked_separately_not_implied_by_regular_seat
2018,LA,House,04,unresolved,all-party,,requires_state_election_specific_review,tracked_separately_not_implied_by_regular_seat
2018,LA,House,05,unresolved,all-party,,requires_state_election_specific_review,tracked_separately_not_implied_by_regular_seat
2018,LA,House,06,unresolved,all-party,,requires_state_election_specific_review,tracked_separately_not_implied_by_regular_seat
2018,MA,House,01,unresolved,Democratic | Republican,,requires_state_election_specific_review,tracked_separately_not_implied_by_regular_seat
2018,MA,House,02,unresolved,Democratic | Republican,,requires_state_election_specific_review,tracked_separately_not_implied_by_regular_seat
2018,MA,House,03,unresolved,Democratic | Republican,,requires_state_election_specific_review,tracked_separately_not_implied_by_regular_seat
2018,MA,House,04,unresolved,Democratic | Republican,,requires_state_election_specific_review,tracked_separately_not_implied_by_regular_seat
2018,MA,House,05,unresolved,Democratic | Republican,,requires_state_election_specific_review,tracked_separately_not_implied_by_regular_seat
2018,MA,House,06,unresolved,Democratic | Republican,,requires_state_election_specific_review,tracked_separately_not_implied_by_regular_seat
2018,MA,House,07,unresolved,Democratic | Republican,,requires_state_election_specific_review,tracked_separately_not_implied_by_regular_seat
2018,MA,House,08,unresolved,Democratic | Republican,,requires_state_election_specific_review,tracked_separately_not_implied_by_regular_seat
2018,MA,House,09,unresolved,Democratic | Republican,,requires_state_election_specific_review,tracked_separately_not_implied_by_regular_seat
2018,MD,House,01,unresolved,Democratic | Republican,,requires_state_election_specific_review,tracked_separately_not_implied_by_regular_seat
2018,MD,House,02,unresolved,Democratic | Republican,,requires_state_election_specific_review,tracked_separately_not_implied_by_regular_seat
2018,MD,House,03,unresolved,Democratic | Republican,,requires_state_election_specific_review,tracked_separately_not_implied_by_regular_seat
2018,MD,House,04,unresolved,Democratic | Republican,,requires_state_election_specific_review,tracked_separately_not_implied_by_regular_seat
2018,MD,House,05,unresolved,Democratic | Republican,,requires_state_election_specific_review,tracked_separately_not_implied_by_regular_seat
2018,MD,House,06,unresolved,Democratic | Republican,,requires_state_election_specific_review,tracked_separately_not_implied_by_regular_seat
2018,MD,House,07,unresolved,Democratic | Republican,,requires_state_election_specific_review,tracked_separately_not_implied_by_regular_seat
2018,MD,House,08,unresolved,Democratic | Republican,,requires_state_election_specific_review,tracked_separately_not_implied_by_regular_seat
2018,ME,House,01,unresolved,Democratic | Republican,,requires_state_election_specific_review,tracked_separately_not_implied_by_regular_seat
2018,ME,House,02,unresolved,Democratic | Republican,,requires_state_election_specific_review,tracked_separately_not_implied_by_regular_seat
2018,MI,House,01,unresolved,Democratic | Republican,,requires_state_election_specific_review,tracked_separately_not_implied_by_regular_seat
2018,MI,House,02,unresolved,Democratic | Republican,,requires_state_election_specific_review,tracked_separately_not_implied_by_regular_seat
2018,MI,House,03,unresolved,Democratic | Republican,,requires_state_election_specific_review,tracked_separately_not_implied_by_regular_seat
2018,MI,House,04,unresolved,Democratic | Republican,,requires_state_election_specific_review,tracked_separately_not_implied_by_regular_seat
2018,MI,House,05,unresolved,Democratic | Republican,,requires_state_election_specific_review,tracked_separately_not_implied_by_regular_seat
2018,MI,House,06,unresolved,Democratic | Republican,,requires_state_election_specific_review,tracked_separately_not_implied_by_regular_seat
2018,MI,House,07,unresolved,Democratic | Republican,,requires_state_election_specific_review,tracked_separately_not_implied_by_regular_seat
2018,MI,House,08,unresolved,Democratic | Republican,,requires_state_election_specific_review,tracked_separately_not_implied_by_regular_seat
2018,MI,House,09,unresolved,Democratic | Republican,,requires_state_election_specific_review,tracked_separately_not_implied_by_regular_seat
2018,MI,House,10,unresolved,Democratic | Republican,,requires_state_election_specific_review,tracked_separately_not_implied_by_regular_seat
2018,MI,House,11,unresolved,Democratic | Republican,,requires_state_election_specific_review,tracked_separately_not_implied_by_regular_seat
2018,MI,House,12,unresolved,Democratic | Republican,,requires_state_election_specific_review,tracked_separately_not_implied_by_regular_seat
2018,MI,House,13,unresolved,Democratic | Republican,,requires_state_election_specific_review,tracked_separately_not_implied_by_regular_seat
2018,MI,House,14,unresolved,Democratic | Republican,,requires_state_election_specific_review,tracked_separately_not_implied_by_regular_seat
2018,MN,House,01,unresolved,Democratic | Republican,,requires_state_election_specific_review,tracked_separately_not_implied_by_regular_seat
2018,MN,House,02,unresolved,Democratic | Republican,,requires_state_election_specific_review,tracked_separately_not_implied_by_regular_seat
2018,MN,House,03,unresolved,Democratic | Republican,,requires_state_election_specific_review,tracked_separately_not_implied_by_regular_seat
2018,MN,House,04,unresolved,Democratic | Republican,,requires_state_election_specific_review,tracked_separately_not_implied_by_regular_seat
2018,MN,House,05,unresolved,Democratic | Republican,,requires_state_election_specific_review,tracked_separately_not_implied_by_regular_seat
2018,MN,House,06,unresolved,Democratic | Republican,,requires_state_election_specific_review,tracked_separately_not_implied_by_regular_seat
2018,MN,House,07,unresolved,Democratic | Republican,,requires_state_election_specific_review,tracked_separately_not_implied_by_regular_seat
2018,MN,House,08,unresolved,Democratic | Republican,,requires_state_election_specific_review,tracked_separately_not_implied_by_regular_seat
2018,MO,House,01,unresolved,Democratic | Republican,,requires_state_election_specific_review,tracked_separately_not_implied_by_regular_seat
2018,MO,House,02,unresolved,Democratic | Republican,,requires_state_election_specific_review,tracked_separately_not_implied_by_regular_seat
2018,MO,House,03,unresolved,Democratic | Republican,,requires_state_election_specific_review,tracked_separately_not_implied_by_regular_seat
2018,MO,House,04,unresolved,Democratic | Republican,,requires_state_election_specific_review,tracked_separately_not_implied_by_regular_seat
2018,MO,House,05,unresolved,Democratic | Republican,,requires_state_election_specific_review,tracked_separately_not_implied_by_regular_seat
2018,MO,House,06,unresolved,Democratic | Republican,,requires_state_election_specific_review,tracked_separately_not_implied_by_regular_seat
2018,MO,House,07,unresolved,Democratic | Republican,,requires_state_election_specific_review,tracked_separately_not_implied_by_regular_seat
2018,MO,House,08,unresolved,Democratic | Republican,,requires_state_election_specific_review,tracked_separately_not_implied_by_regular_seat
2018,MP,House,00,unresolved,all-party,,requires_state_election_specific_review,tracked_separately_not_implied_by_regular_seat
2018,MS,House,01,unresolved,Democratic | Republican,,requires_state_election_specific_review,tracked_separately_not_implied_by_regular_seat
2018,MS,House,02,unresolved,Democratic | Republican,,requires_state_election_specific_review,tracked_separately_not_implied_by_regular_seat
2018,MS,House,03,unresolved,Democratic | Republican,,requires_state_election_specific_review,tracked_separately_not_implied_by_regular_seat
2018,MS,House,04,unresolved,Democratic | Republican,,requires_state_election_specific_review,tracked_separately_not_implied_by_regular_seat
2018,MT,House,00,unresolved,Democratic | Republican,,requires_state_election_specific_review,tracked_separately_not_implied_by_regular_seat
2018,NC,House,01,unresolved,Democratic | Republican,,requires_state_election_specific_review,tracked_separately_not_implied_by_regular_seat
2018,NC,House,02,unresolved,Democratic | Republican,,requires_state_election_specific_review,tracked_separately_not_implied_by_regular_seat
2018,NC,House,03,unresolved,Democratic | Republican,,requires_state_election_specific_review,tracked_separately_not_implied_by_regular_seat
2018,NC,House,04,unresolved,Democratic | Republican,,requires_state_election_specific_review,tracked_separately_not_implied_by_regular_seat
2018,NC,House,05,unresolved,Democratic | Republican,,requires_state_election_specific_review,tracked_separately_not_implied_by_regular_seat
2018,NC,House,06,unresolved,Democratic | Republican,,requires_state_election_specific_review,tracked_separately_not_implied_by_regular_seat
2018,NC,House,07,unresolved,Democratic | Republican,,requires_state_election_specific_review,tracked_separately_not_implied_by_regular_seat
2018,NC,House,08,unresolved,Democratic | Republican,,requires_state_election_specific_review,tracked_separately_not_implied_by_regular_seat
2018,NC,House,09,unresolved,Democratic | Republican,,requires_state_election_specific_review,tracked_separately_not_implied_by_regular_seat
2018,NC,House,10,unresolved,Democratic | Republican,,requires_state_election_specific_review,tracked_separately_not_implied_by_regular_seat
2018,NC,House,11,unresolved,Democratic | Republican,,requires_state_election_specific_review,tracked_separately_not_implied_by_regular_seat
2018,NC,House,12,unresolved,Democratic | Republican,,requires_state_election_specific_review,tracked_separately_not_implied_by_regular_seat
2018,NC,House,13,unresolved,Democratic | Republican,,requires_state_election_specific_review,tracked_separately_not_implied_by_regular_seat
2018,ND,House,00,unresolved,Democratic | Republican,,requires_state_election_specific_review,tracked_separately_not_implied_by_regular_seat
2018,NE,House,01,unresolved,Democratic | Republican,,requires_state_election_specific_review,tracked_separately_not_implied_by_regular_seat
2018,NE,House,02,unresolved,Democratic | Republican,,requires_state_election_specific_review,tracked_separately_not_implied_by_regular_seat
2018,NE,House,03,unresolved,Democratic | Republican,,requires_state_election_specific_review,tracked_separately_not_implied_by_regular_seat
2018,NH,House,01,unresolved,Democratic | Republican,,requires_state_election_specific_review,tracked_separately_not_implied_by_regular_seat
2018,NH,House,02,unresolved,Democratic | Republican,,requires_state_election_specific_review,tracked_separately_not_implied_by_regular_seat
2018,NJ,House,01,unresolved,Democratic | Republican,,requires_state_election_specific_review,tracked_separately_not_implied_by_regular_seat
2018,NJ,House,02,unresolved,Democratic | Republican,,requires_state_election_specific_review,tracked_separately_not_implied_by_regular_seat
2018,NJ,House,03,unresolved,Democratic | Republican,,requires_state_election_specific_review,tracked_separately_not_implied_by_regular_seat
2018,NJ,House,04,unresolved,Democratic | Republican,,requires_state_election_specific_review,tracked_separately_not_implied_by_regular_seat
2018,NJ,House,05,unresolved,Democratic | Republican,,requires_state_election_specific_review,tracked_separately_not_implied_by_regular_seat
2018,NJ,House,06,unresolved,Democratic | Republican,,requires_state_election_specific_review,tracked_separately_not_implied_by_regular_seat
2018,NJ,House,07,unresolved,Democratic | Republican,,requires_state_election_specific_review,tracked_separately_not_implied_by_regular_seat
2018,NJ,House,08,unresolved,Democratic | Republican,,requires_state_election_specific_review,tracked_separately_not_implied_by_regular_seat
2018,NJ,House,09,unresolved,Democratic | Republican,,requires_state_election_specific_review,tracked_separately_not_implied_by_regular_seat
2018,NJ,House,10,unresolved,Democratic | Republican,,requires_state_election_specific_review,tracked_separately_not_implied_by_regular_seat
2018,NJ,House,11,unresolved,Democratic | Republican,,requires_state_election_specific_review,tracked_separately_not_implied_by_regular_seat
2018,NJ,House,12,unresolved,Democratic | Republican,,requires_state_election_specific_review,tracked_separately_not_implied_by_regular_seat
2018,NM,House,01,unresolved,Democratic | Republican,,requires_state_election_specific_review,tracked_separately_not_implied_by_regular_seat
2018,NM,House,02,unresolved,Democratic | Republican,,requires_state_election_specific_review,tracked_separately_not_implied_by_regular_seat
2018,NM,House,03,unresolved,Democratic | Republican,,requires_state_election_specific_review,tracked_separately_not_implied_by_regular_seat
2018,NV,House,01,unresolved,Democratic | Republican,,requires_state_election_specific_review,tracked_separately_not_implied_by_regular_seat
2018,NV,House,02,unresolved,Democratic | Republican,,requires_state_election_specific_review,tracked_separately_not_implied_by_regular_seat
2018,NV,House,03,unresolved,Democratic | Republican,,requires_state_election_specific_review,tracked_separately_not_implied_by_regular_seat
2018,NV,House,04,unresolved,Democratic | Republican,,requires_state_election_specific_review,tracked_separately_not_implied_by_regular_seat
2018,NY,House,01,unresolved,Democratic | Republican,,requires_state_election_specific_review,tracked_separately_not_implied_by_regular_seat
2018,NY,House,02,unresolved,Democratic | Republican,,requires_state_election_specific_review,tracked_separately_not_implied_by_regular_seat
2018,NY,House,03,unresolved,Democratic | Republican,,requires_state_election_specific_review,tracked_separately_not_implied_by_regular_seat
2018,NY,House,04,unresolved,Democratic | Republican,,requires_state_election_specific_review,tracked_separately_not_implied_by_regular_seat
2018,NY,House,05,unresolved,Democratic | Republican,,requires_state_election_specific_review,tracked_separately_not_implied_by_regular_seat
2018,NY,House,06,unresolved,Democratic | Republican,,requires_state_election_specific_review,tracked_separately_not_implied_by_regular_seat
2018,NY,House,07,unresolved,Democratic | Republican,,requires_state_election_specific_review,tracked_separately_not_implied_by_regular_seat
2018,NY,House,08,unresolved,Democratic | Republican,,requires_state_election_specific_review,tracked_separately_not_implied_by_regular_seat
2018,NY,House,09,unresolved,Democratic | Republican,,requires_state_election_specific_review,tracked_separately_not_implied_by_regular_seat
2018,NY,House,10,unresolved,Democratic | Republican,,requires_state_election_specific_review,tracked_separately_not_implied_by_regular_seat
2018,NY,House,11,unresolved,Democratic | Republican,,requires_state_election_specific_review,tracked_separately_not_implied_by_regular_seat
2018,NY,House,12,unresolved,Democratic | Republican,,requires_state_election_specific_review,tracked_separately_not_implied_by_regular_seat
2018,NY,House,13,unresolved,Democratic | Republican,,requires_state_election_specific_review,tracked_separately_not_implied_by_regular_seat
2018,NY,House,14,unresolved,Democratic | Republican,,requires_state_election_specific_review,tracked_separately_not_implied_by_regular_seat
2018,NY,House,15,unresolved,Democratic | Republican,,requires_state_election_specific_review,tracked_separately_not_implied_by_regular_seat
2018,NY,House,16,unresolved,Democratic | Republican,,requires_state_election_specific_review,tracked_separately_not_implied_by_regular_seat
2018,NY,House,17,unresolved,Democratic | Republican,,requires_state_election_specific_review,tracked_separately_not_implied_by_regular_seat
2018,NY,House,18,unresolved,Democratic | Republican,,requires_state_election_specific_review,tracked_separately_not_implied_by_regular_seat
2018,NY,House,19,unresolved,Democratic | Republican,,requires_state_election_specific_review,tracked_separately_not_implied_by_regular_seat
2018,NY,House,20,unresolved,Democratic | Republican,,requires_state_election_specific_review,tracked_separately_not_implied_by_regular_seat
2018,NY,House,21,unresolved,Democratic | Republican,,requires_state_election_specific_review,tracked_separately_not_implied_by_regular_seat
2018,NY,House,22,unresolved,Democratic | Republican,,requires_state_election_specific_review,tracked_separately_not_implied_by_regular_seat
2018,NY,House,23,unresolved,Democratic | Republican,,requires_state_election_specific_review,tracked_separately_not_implied_by_regular_seat
2018,NY,House,24,unresolved,Democratic | Republican,,requires_state_election_specific_review,tracked_separately_not_implied_by_regular_seat
2018,NY,House,25,unresolved,Democratic | Republican,,requires_state_election_specific_review,tracked_separately_not_implied_by_regular_seat
2018,NY,House,26,unresolved,Democratic | Republican,,requires_state_election_specific_review,tracked_separately_not_implied_by_regular_seat
2018,NY,House,27,unresolved,Democratic | Republican,,requires_state_election_specific_review,tracked_separately_not_implied_by_regular_seat
2018,OH,House,01,unresolved,Democratic | Republican,,requires_state_election_specific_review,tracked_separately_not_implied_by_regular_seat
2018,OH,House,02,unresolved,Democratic | Republican,,requires_state_election_specific_review,tracked_separately_not_implied_by_regular_seat
2018,OH,House,03,unresolved,Democratic | Republican,,requires_state_election_specific_review,tracked_separately_not_implied_by_regular_seat
2018,OH,House,04,unresolved,Democratic | Republican,,requires_state_election_specific_review,tracked_separately_not_implied_by_regular_seat
2018,OH,House,05,unresolved,Democratic | Republican,,requires_state_election_specific_review,tracked_separately_not_implied_by_regular_seat
2018,OH,House,06,unresolved,Democratic | Republican,,requires_state_election_specific_review,tracked_separately_not_implied_by_regular_seat
2018,OH,House,07,unresolved,Democratic | Republican,,requires_state_election_specific_review,tracked_separately_not_implied_by_regular_seat
2018,OH,House,08,unresolved,Democratic | Republican,,requires_state_election_specific_review,tracked_separately_not_implied_by_regular_seat
2018,OH,House,09,unresolved,Democratic | Republican,,requires_state_election_specific_review,tracked_separately_not_implied_by_regular_seat
2018,OH,House,10,unresolved,Democratic | Republican,,requires_state_election_specific_review,tracked_separately_not_implied_by_regular_seat
2018,OH,House,11,unresolved,Democratic | Republican,,requires_state_election_specific_review,tracked_separately_not_implied_by_regular_seat
2018,OH,House,12,unresolved,Democratic | Republican,,requires_state_election_specific_review,tracked_separately_not_implied_by_regular_seat
2018,OH,House,13,unresolved,Democratic | Republican,,requires_state_election_specific_review,tracked_separately_not_implied_by_regular_seat
2018,OH,House,14,unresolved,Democratic | Republican,,requires_state_election_specific_review,tracked_separately_not_implied_by_regular_seat
2018,OH,House,15,unresolved,Democratic | Republican,,requires_state_election_specific_review,tracked_separately_not_implied_by_regular_seat
2018,OH,House,16,unresolved,Democratic | Republican,,requires_state_election_specific_review,tracked_separately_not_implied_by_regular_seat
2018,OK,House,01,unresolved,Democratic | Republican,,requires_state_election_specific_review,tracked_separately_not_implied_by_regular_seat
2018,OK,House,02,unresolved,Democratic | Republican,,requires_state_election_specific_review,tracked_separately_not_implied_by_regular_seat
2018,OK,House,03,unresolved,Democratic | Republican,,requires_state_election_specific_review,tracked_separately_not_implied_by_regular_seat
2018,OK,House,04,unresolved,Democratic | Republican,,requires_state_election_specific_review,tracked_separately_not_implied_by_regular_seat
2018,OK,House,05,unresolved,Democratic | Republican,,requires_state_election_specific_review,tracked_separately_not_implied_by_regular_seat
2018,OR,House,01,unresolved,Democratic | Republican,,requires_state_election_specific_review,tracked_separately_not_implied_by_regular_seat
2018,OR,House,02,unresolved,Democratic | Republican,,requires_state_election_specific_review,tracked_separately_not_implied_by_regular_seat
2018,OR,House,03,unresolved,Democratic | Republican,,requires_state_election_specific_review,tracked_separately_not_implied_by_regular_seat
2018,OR,House,04,unresolved,Democratic | Republican,,requires_state_election_specific_review,tracked_separately_not_implied_by_regular_seat
2018,OR,House,05,unresolved,Democratic | Republican,,requires_state_election_specific_review,tracked_separately_not_implied_by_regular_seat
2018,PA,House,01,unresolved,Democratic | Republican,,requires_state_election_specific_review,tracked_separately_not_implied_by_regular_seat
2018,PA,House,02,unresolved,Democratic | Republican,,requires_state_election_specific_review,tracked_separately_not_implied_by_regular_seat
2018,PA,House,03,unresolved,Democratic | Republican,,requires_state_election_specific_review,tracked_separately_not_implied_by_regular_seat
2018,PA,House,04,unresolved,Democratic | Republican,,requires_state_election_specific_review,tracked_separately_not_implied_by_regular_seat
2018,PA,House,05,unresolved,Democratic | Republican,,requires_state_election_specific_review,tracked_separately_not_implied_by_regular_seat
2018,PA,House,06,unresolved,Democratic | Republican,,requires_state_election_specific_review,tracked_separately_not_implied_by_regular_seat
2018,PA,House,07,unresolved,Democratic | Republican,,requires_state_election_specific_review,tracked_separately_not_implied_by_regular_seat
2018,PA,House,08,unresolved,Democratic | Republican,,requires_state_election_specific_review,tracked_separately_not_implied_by_regular_seat
2018,PA,House,09,unresolved,Democratic | Republican,,requires_state_election_specific_review,tracked_separately_not_implied_by_regular_seat
2018,PA,House,10,unresolved,Democratic | Republican,,requires_state_election_specific_review,tracked_separately_not_implied_by_regular_seat
2018,PA,House,11,unresolved,Democratic | Republican,,requires_state_election_specific_review,tracked_separately_not_implied_by_regular_seat
2018,PA,House,12,unresolved,Democratic | Republican,,requires_state_election_specific_review,tracked_separately_not_implied_by_regular_seat
2018,PA,House,13,unresolved,Democratic | Republican,,requires_state_election_specific_review,tracked_separately_not_implied_by_regular_seat
2018,PA,House,14,unresolved,Democratic | Republican,,requires_state_election_specific_review,tracked_separately_not_implied_by_regular_seat
2018,PA,House,15,unresolved,Democratic | Republican,,requires_state_election_specific_review,tracked_separately_not_implied_by_regular_seat
2018,PA,House,16,unresolved,Democratic | Republican,,requires_state_election_specific_review,tracked_separately_not_implied_by_regular_seat
2018,PA,House,17,unresolved,Democratic | Republican,,requires_state_election_specific_review,tracked_separately_not_implied_by_regular_seat
2018,PA,House,18,unresolved,Democratic | Republican,,requires_state_election_specific_review,tracked_separately_not_implied_by_regular_seat
2018,RI,House,01,unresolved,Democratic | Republican,,requires_state_election_specific_review,tracked_separately_not_implied_by_regular_seat
2018,RI,House,02,unresolved,Democratic | Republican,,requires_state_election_specific_review,tracked_separately_not_implied_by_regular_seat
2018,SC,House,01,unresolved,Democratic | Republican,,requires_state_election_specific_review,tracked_separately_not_implied_by_regular_seat
2018,SC,House,02,unresolved,Democratic | Republican,,requires_state_election_specific_review,tracked_separately_not_implied_by_regular_seat
2018,SC,House,03,unresolved,Democratic | Republican,,requires_state_election_specific_review,tracked_separately_not_implied_by_regular_seat
2018,SC,House,04,unresolved,Democratic | Republican,,requires_state_election_specific_review,tracked_separately_not_implied_by_regular_seat
2018,SC,House,05,unresolved,Democratic | Republican,,requires_state_election_specific_review,tracked_separately_not_implied_by_regular_seat
2018,SC,House,06,unresolved,Democratic | Republican,,requires_state_election_specific_review,tracked_separately_not_implied_by_regular_seat
2018,SC,House,07,unresolved,Democratic | Republican,,requires_state_election_specific_review,tracked_separately_not_implied_by_regular_seat
2018,SD,House,00,unresolved,Democratic | Republican,,requires_state_election_specific_review,tracked_separately_not_implied_by_regular_seat
2018,TN,House,01,unresolved,Democratic | Republican,,requires_state_election_specific_review,tracked_separately_not_implied_by_regular_seat
2018,TN,House,02,unresolved,Democratic | Republican,,requires_state_election_specific_review,tracked_separately_not_implied_by_regular_seat
2018,TN,House,03,unresolved,Democratic | Republican,,requires_state_election_specific_review,tracked_separately_not_implied_by_regular_seat
2018,TN,House,04,unresolved,Democratic | Republican,,requires_state_election_specific_review,tracked_separately_not_implied_by_regular_seat
2018,TN,House,05,unresolved,Democratic | Republican,,requires_state_election_specific_review,tracked_separately_not_implied_by_regular_seat
2018,TN,House,06,unresolved,Democratic | Republican,,requires_state_election_specific_review,tracked_separately_not_implied_by_regular_seat
2018,TN,House,07,unresolved,Democratic | Republican,,requires_state_election_specific_review,tracked_separately_not_implied_by_regular_seat
2018,TN,House,08,unresolved,Democratic | Republican,,requires_state_election_specific_review,tracked_separately_not_implied_by_regular_seat
2018,TN,House,09,unresolved,Democratic | Republican,,requires_state_election_specific_review,tracked_separately_not_implied_by_regular_seat
2018,TX,House,01,unresolved,Democratic | Republican,,requires_state_election_specific_review,tracked_separately_not_implied_by_regular_seat
2018,TX,House,02,unresolved,Democratic | Republican,,requires_state_election_specific_review,tracked_separately_not_implied_by_regular_seat
2018,TX,House,03,unresolved,Democratic | Republican,,requires_state_election_specific_review,tracked_separately_not_implied_by_regular_seat
2018,TX,House,04,unresolved,Democratic | Republican,,requires_state_election_specific_review,tracked_separately_not_implied_by_regular_seat
2018,TX,House,05,unresolved,Democratic | Republican,,requires_state_election_specific_review,tracked_separately_not_implied_by_regular_seat
2018,TX,House,06,unresolved,Democratic | Republican,,requires_state_election_specific_review,tracked_separately_not_implied_by_regular_seat
2018,TX,House,07,unresolved,Democratic | Republican,,requires_state_election_specific_review,tracked_separately_not_implied_by_regular_seat
2018,TX,House,08,unresolved,Democratic | Republican,,requires_state_election_specific_review,tracked_separately_not_implied_by_regular_seat
2018,TX,House,09,unresolved,Democratic | Republican,,requires_state_election_specific_review,tracked_separately_not_implied_by_regular_seat
2018,TX,House,10,unresolved,Democratic | Republican,,requires_state_election_specific_review,tracked_separately_not_implied_by_regular_seat
2018,TX,House,11,unresolved,Democratic | Republican,,requires_state_election_specific_review,tracked_separately_not_implied_by_regular_seat
2018,TX,House,12,unresolved,Democratic | Republican,,requires_state_election_specific_review,tracked_separately_not_implied_by_regular_seat
2018,TX,House,13,unresolved,Democratic | Republican,,requires_state_election_specific_review,tracked_separately_not_implied_by_regular_seat
2018,TX,House,14,unresolved,Democratic | Republican,,requires_state_election_specific_review,tracked_separately_not_implied_by_regular_seat
2018,TX,House,15,unresolved,Democratic | Republican,,requires_state_election_specific_review,tracked_separately_not_implied_by_regular_seat
2018,TX,House,16,unresolved,Democratic | Republican,,requires_state_election_specific_review,tracked_separately_not_implied_by_regular_seat
2018,TX,House,17,unresolved,Democratic | Republican,,requires_state_election_specific_review,tracked_separately_not_implied_by_regular_seat
2018,TX,House,18,unresolved,Democratic | Republican,,requires_state_election_specific_review,tracked_separately_not_implied_by_regular_seat
2018,TX,House,19,unresolved,Democratic | Republican,,requires_state_election_specific_review,tracked_separately_not_implied_by_regular_seat
2018,TX,House,20,unresolved,Democratic | Republican,,requires_state_election_specific_review,tracked_separately_not_implied_by_regular_seat
2018,TX,House,21,unresolved,Democratic | Republican,,requires_state_election_specific_review,tracked_separately_not_implied_by_regular_seat
2018,TX,House,22,unresolved,Democratic | Republican,,requires_state_election_specific_review,tracked_separately_not_implied_by_regular_seat
2018,TX,House,23,unresolved,Democratic | Republican,,requires_state_election_specific_review,tracked_separately_not_implied_by_regular_seat
2018,TX,House,24,unresolved,Democratic | Republican,,requires_state_election_specific_review,tracked_separately_not_implied_by_regular_seat
2018,TX,House,25,unresolved,Democratic | Republican,,requires_state_election_specific_review,tracked_separately_not_implied_by_regular_seat
2018,TX,House,26,unresolved,Democratic | Republican,,requires_state_election_specific_review,tracked_separately_not_implied_by_regular_seat
2018,TX,House,27,unresolved,Democratic | Republican,,requires_state_election_specific_review,tracked_separately_not_implied_by_regular_seat
2018,TX,House,28,unresolved,Democratic | Republican,,requires_state_election_specific_review,tracked_separately_not_implied_by_regular_seat
2018,TX,House,29,unresolved,Democratic | Republican,,requires_state_election_specific_review,tracked_separately_not_implied_by_regular_seat
2018,TX,House,30,unresolved,Democratic | Republican,,requires_state_election_specific_review,tracked_separately_not_implied_by_regular_seat
2018,TX,House,31,unresolved,Democratic | Republican,,requires_state_election_specific_review,tracked_separately_not_implied_by_regular_seat
2018,TX,House,32,unresolved,Democratic | Republican,,requires_state_election_specific_review,tracked_separately_not_implied_by_regular_seat
2018,TX,House,33,unresolved,Democratic | Republican,,requires_state_election_specific_review,tracked_separately_not_implied_by_regular_seat
2018,TX,House,34,unresolved,Democratic | Republican,,requires_state_election_specific_review,tracked_separately_not_implied_by_regular_seat
2018,TX,House,35,unresolved,Democratic | Republican,,requires_state_election_specific_review,tracked_separately_not_implied_by_regular_seat
2018,TX,House,36,unresolved,Democratic | Republican,,requires_state_election_specific_review,tracked_separately_not_implied_by_regular_seat
2018,UT,House,01,unresolved,Democratic | Republican,,requires_state_election_specific_review,tracked_separately_not_implied_by_regular_seat
2018,UT,House,02,unresolved,Democratic | Republican,,requires_state_election_specific_review,tracked_separately_not_implied_by_regular_seat
2018,UT,House,03,unresolved,Democratic | Republican,,requires_state_election_specific_review,tracked_separately_not_implied_by_regular_seat
2018,UT,House,04,unresolved,Democratic | Republican,,requires_state_election_specific_review,tracked_separately_not_implied_by_regular_seat
2018,VA,House,01,unresolved,Democratic | Republican,,requires_state_election_specific_review,tracked_separately_not_implied_by_regular_seat
2018,VA,House,02,unresolved,Democratic | Republican,,requires_state_election_specific_review,tracked_separately_not_implied_by_regular_seat
2018,VA,House,03,unresolved,Democratic | Republican,,requires_state_election_specific_review,tracked_separately_not_implied_by_regular_seat
2018,VA,House,04,unresolved,Democratic | Republican,,requires_state_election_specific_review,tracked_separately_not_implied_by_regular_seat
2018,VA,House,05,unresolved,Democratic | Republican,,requires_state_election_specific_review,tracked_separately_not_implied_by_regular_seat
2018,VA,House,06,unresolved,Democratic | Republican,,requires_state_election_specific_review,tracked_separately_not_implied_by_regular_seat
2018,VA,House,07,unresolved,Democratic | Republican,,requires_state_election_specific_review,tracked_separately_not_implied_by_regular_seat
2018,VA,House,08,unresolved,Democratic | Republican,,requires_state_election_specific_review,tracked_separately_not_implied_by_regular_seat
2018,VA,House,09,unresolved,Democratic | Republican,,requires_state_election_specific_review,tracked_separately_not_implied_by_regular_seat
2018,VA,House,10,unresolved,Democratic | Republican,,requires_state_election_specific_review,tracked_separately_not_implied_by_regular_seat
2018,VA,House,11,unresolved,Democratic | Republican,,requires_state_election_specific_review,tracked_separately_not_implied_by_regular_seat
2018,VI,House,00,unresolved,Democratic | Republican,,requires_state_election_specific_review,tracked_separately_not_implied_by_regular_seat
2018,VT,House,00,unresolved,Democratic | Republican,,requires_state_election_specific_review,tracked_separately_not_implied_by_regular_seat
2018,WA,House,01,unresolved,all-party,,requires_state_election_specific_review,tracked_separately_not_implied_by_regular_seat
2018,WA,House,02,unresolved,all-party,,requires_state_election_specific_review,tracked_separately_not_implied_by_regular_seat
2018,WA,House,03,unresolved,all-party,,requires_state_election_specific_review,tracked_separately_not_implied_by_regular_seat
2018,WA,House,04,unresolved,all-party,,requires_state_election_specific_review,tracked_separately_not_implied_by_regular_seat
2018,WA,House,05,unresolved,all-party,,requires_state_election_specific_review,tracked_separately_not_implied_by_regular_seat
2018,WA,House,06,unresolved,all-party,,requires_state_election_specific_review,tracked_separately_not_implied_by_regular_seat
2018,WA,House,07,unresolved,all-party,,requires_state_election_specific_review,tracked_separately_not_implied_by_regular_seat
2018,WA,House,08,unresolved,all-party,,requires_state_election_specific_review,tracked_separately_not_implied_by_regular_seat
2018,WA,House,09,unresolved,all-party,,requires_state_election_specific_review,tracked_separately_not_implied_by_regular_seat
2018,WA,House,10,unresolved,all-party,,requires_state_election_specific_review,tracked_separately_not_implied_by_regular_seat
2018,WI,House,01,unresolved,Democratic | Republican,,requires_state_election_specific_review,tracked_separately_not_implied_by_regular_seat
2018,WI,House,02,unresolved,Democratic | Republican,,requires_state_election_specific_review,tracked_separately_not_implied_by_regular_seat
2018,WI,House,03,unresolved,Democratic | Republican,,requires_state_election_specific_review,tracked_separately_not_implied_by_regular_seat
2018,WI,House,04,unresolved,Democratic | Republican,,requires_state_election_specific_review,tracked_separately_not_implied_by_regular_seat
2018,WI,House,05,unresolved,Democratic | Republican,,requires_state_election_specific_review,tracked_separately_not_implied_by_regular_seat
2018,WI,House,06,unresolved,Democratic | Republican,,requires_state_election_specific_review,tracked_separately_not_implied_by_regular_seat
2018,WI,House,07,unresolved,Democratic | Republican,,requires_state_election_specific_review,tracked_separately_not_implied_by_regular_seat
2018,WI,House,08,unresolved,Democratic | Republican,,requires_state_election_specific_review,tracked_separately_not_implied_by_regular_seat
2018,WV,House,01,unresolved,Democratic | Republican,,requires_state_election_specific_review,tracked_separately_not_implied_by_regular_seat
2018,WV,House,02,unresolved,Democratic | Republican,,requires_state_election_specific_review,tracked_separately_not_implied_by_regular_seat
2018,WV,House,03,unresolved,Democratic | Republican,,requires_state_election_specific_review,tracked_separately_not_implied_by_regular_seat
2018,WY,House,00,unresolved,Democratic | Republican,,requires_state_election_specific_review,tracked_separately_not_implied_by_regular_seat
2018,AZ,Senate,S,unresolved,Democratic | Republican,,requires_state_election_specific_review,tracked_separately_not_implied_by_regular_seat
2018,CA,Senate,S,unresolved,all-party,,requires_state_election_specific_review,tracked_separately_not_implied_by_regular_seat
2018,CT,Senate,S,unresolved,Democratic | Republican,,requires_state_election_specific_review,tracked_separately_not_implied_by_regular_seat
2018,DE,Senate,S,unresolved,Democratic | Republican,,requires_state_election_specific_review,tracked_separately_not_implied_by_regular_seat
2018,FL,Senate,S,unresolved,Democratic | Republican,,requires_state_election_specific_review,tracked_separately_not_implied_by_regular_seat
2018,HI,Senate,S,unresolved,Democratic | Republican,,requires_state_election_specific_review,tracked_separately_not_implied_by_regular_seat
2018,IN,Senate,S,unresolved,Democratic | Republican,,requires_state_election_specific_review,tracked_separately_not_implied_by_regular_seat
2018,MA,Senate,S,unresolved,Democratic | Republican,,requires_state_election_specific_review,tracked_separately_not_implied_by_regular_seat
2018,MD,Senate,S,unresolved,Democratic | Republican,,requires_state_election_specific_review,tracked_separately_not_implied_by_regular_seat
2018,ME,Senate,S,unresolved,Democratic | Republican,,requires_state_election_specific_review,tracked_separately_not_implied_by_regular_seat
2018,MI,Senate,S,unresolved,Democratic | Republican,,requires_state_election_specific_review,tracked_separately_not_implied_by_regular_seat
2018,MN,Senate,S,unresolved,Democratic | Republican,,requires_state_election_specific_review,tracked_separately_not_implied_by_regular_seat
2018,MO,Senate,S,unresolved,Democratic | Republican,,requires_state_election_specific_review,tracked_separately_not_implied_by_regular_seat
2018,MS,Senate,S,unresolved,Democratic | Republican,,requires_state_election_specific_review,tracked_separately_not_implied_by_regular_seat
2018,MT,Senate,S,unresolved,Democratic | Republican,,requires_state_election_specific_review,tracked_separately_not_implied_by_regular_seat
2018,ND,Senate,S,unresolved,Democratic | Republican,,requires_state_election_specific_review,tracked_separately_not_implied_by_regular_seat
2018,NE,Senate,S,unresolved,Democratic | Republican,,requires_state_election_specific_review,tracked_separately_not_implied_by_regular_seat
2018,NJ,Senate,S,unresolved,Democratic | Republican,,requires_state_election_specific_review,tracked_separately_not_implied_by_regular_seat
2018,NM,Senate,S,unresolved,Democratic | Republican,,requires_state_election_specific_review,tracked_separately_not_implied_by_regular_seat
2018,NV,Senate,S,unresolved,Democratic | Republican,,requires_state_election_specific_review,tracked_separately_not_implied_by_regular_seat
2018,NY,Senate,S,unresolved,Democratic | Republican,,requires_state_election_specific_review,tracked_separately_not_implied_by_regular_seat
2018,OH,Senate,S,unresolved,Democratic | Republican,,requires_state_election_specific_review,tracked_separately_not_implied_by_regular_seat
2018,PA,Senate,S,unresolved,Democratic | Republican,,requires_state_election_specific_review,tracked_separately_not_implied_by_regular_seat
2018,RI,Senate,S,unresolved,Democratic | Republican,,requires_state_election_specific_review,tracked_separately_not_implied_by_regular_seat
2018,TN,Senate,S,unresolved,Democratic | Republican,,requires_state_election_specific_review,tracked_separately_not_implied_by_regular_seat
2018,TX,Senate,S,unresolved,Democratic | Republican,,requires_state_election_specific_review,tracked_separately_not_implied_by_regular_seat
2018,UT,Senate,S,unresolved,Democratic | Republican,,requires_state_election_specific_review,tracked_separately_not_implied_by_regular_seat
2018,VA,Senate,S,unresolved,Democratic | Republican,,requires_state_election_specific_review,tracked_separately_not_implied_by_regular_seat
2018,VT,Senate,S,unresolved,Democratic | Republican,,requires_state_election_specific_review,tracked_separately_not_implied_by_regular_seat
2018,WA,Senate,S,unresolved,all-party,,requires_state_election_specific_review,tracked_separately_not_implied_by_regular_seat
2018,WI,Senate,S,unresolved,Democratic | Republican,,requires_state_election_specific_review,tracked_separately_not_implied_by_regular_seat
2018,WV,Senate,S,unresolved,Democratic | Republican,,requires_state_election_specific_review,tracked_separately_not_implied_by_regular_seat
2018,WY,Senate,S,unresolved,Democratic | Republican,,requires_state_election_specific_review,tracked_separately_not_implied_by_regular_seat
2020,AK,House,00,unresolved,Democratic | Republican,,requires_state_election_specific_review,tracked_separately_not_implied_by_regular_seat
2020,AL,House,01,unresolved,Democratic | Republican,,requires_state_election_specific_review,tracked_separately_not_implied_by_regular_seat
2020,AL,House,02,unresolved,Democratic | Republican,,requires_state_election_specific_review,tracked_separately_not_implied_by_regular_seat
2020,AL,House,03,unresolved,Democratic | Republican,,requires_state_election_specific_review,tracked_separately_not_implied_by_regular_seat
2020,AL,House,04,unresolved,Democratic | Republican,,requires_state_election_specific_review,tracked_separately_not_implied_by_regular_seat
2020,AL,House,05,unresolved,Democratic | Republican,,requires_state_election_specific_review,tracked_separately_not_implied_by_regular_seat
2020,AL,House,06,unresolved,Democratic | Republican,,requires_state_election_specific_review,tracked_separately_not_implied_by_regular_seat
2020,AL,House,07,unresolved,Democratic | Republican,,requires_state_election_specific_review,tracked_separately_not_implied_by_regular_seat
2020,AR,House,01,unresolved,Democratic | Republican,,requires_state_election_specific_review,tracked_separately_not_implied_by_regular_seat
2020,AR,House,02,unresolved,Democratic | Republican,,requires_state_election_specific_review,tracked_separately_not_implied_by_regular_seat
2020,AR,House,03,unresolved,Democratic | Republican,,requires_state_election_specific_review,tracked_separately_not_implied_by_regular_seat
2020,AR,House,04,unresolved,Democratic | Republican,,requires_state_election_specific_review,tracked_separately_not_implied_by_regular_seat
2020,AS,House,00,unresolved,all-party,,requires_state_election_specific_review,tracked_separately_not_implied_by_regular_seat
2020,AZ,House,01,unresolved,Democratic | Republican,,requires_state_election_specific_review,tracked_separately_not_implied_by_regular_seat
2020,AZ,House,02,unresolved,Democratic | Republican,,requires_state_election_specific_review,tracked_separately_not_implied_by_regular_seat
2020,AZ,House,03,unresolved,Democratic | Republican,,requires_state_election_specific_review,tracked_separately_not_implied_by_regular_seat
2020,AZ,House,04,unresolved,Democratic | Republican,,requires_state_election_specific_review,tracked_separately_not_implied_by_regular_seat
2020,AZ,House,05,unresolved,Democratic | Republican,,requires_state_election_specific_review,tracked_separately_not_implied_by_regular_seat
2020,AZ,House,06,unresolved,Democratic | Republican,,requires_state_election_specific_review,tracked_separately_not_implied_by_regular_seat
2020,AZ,House,07,unresolved,Democratic | Republican,,requires_state_election_specific_review,tracked_separately_not_implied_by_regular_seat
2020,AZ,House,08,unresolved,Democratic | Republican,,requires_state_election_specific_review,tracked_separately_not_implied_by_regular_seat
2020,AZ,House,09,unresolved,Democratic | Republican,,requires_state_election_specific_review,tracked_separately_not_implied_by_regular_seat
2020,CA,House,01,unresolved,all-party,,requires_state_election_specific_review,tracked_separately_not_implied_by_regular_seat
2020,CA,House,02,unresolved,all-party,,requires_state_election_specific_review,tracked_separately_not_implied_by_regular_seat
2020,CA,House,03,unresolved,all-party,,requires_state_election_specific_review,tracked_separately_not_implied_by_regular_seat
2020,CA,House,04,unresolved,all-party,,requires_state_election_specific_review,tracked_separately_not_implied_by_regular_seat
2020,CA,House,05,unresolved,all-party,,requires_state_election_specific_review,tracked_separately_not_implied_by_regular_seat
2020,CA,House,06,unresolved,all-party,,requires_state_election_specific_review,tracked_separately_not_implied_by_regular_seat
2020,CA,House,07,unresolved,all-party,,requires_state_election_specific_review,tracked_separately_not_implied_by_regular_seat
2020,CA,House,08,unresolved,all-party,,requires_state_election_specific_review,tracked_separately_not_implied_by_regular_seat
2020,CA,House,09,unresolved,all-party,,requires_state_election_specific_review,tracked_separately_not_implied_by_regular_seat
2020,CA,House,10,unresolved,all-party,,requires_state_election_specific_review,tracked_separately_not_implied_by_regular_seat
2020,CA,House,11,unresolved,all-party,,requires_state_election_specific_review,tracked_separately_not_implied_by_regular_seat
2020,CA,House,12,unresolved,all-party,,requires_state_election_specific_review,tracked_separately_not_implied_by_regular_seat
2020,CA,House,13,unresolved,all-party,,requires_state_election_specific_review,tracked_separately_not_implied_by_regular_seat
2020,CA,House,14,unresolved,all-party,,requires_state_election_specific_review,tracked_separately_not_implied_by_regular_seat
2020,CA,House,15,unresolved,all-party,,requires_state_election_specific_review,tracked_separately_not_implied_by_regular_seat
2020,CA,House,16,unresolved,all-party,,requires_state_election_specific_review,tracked_separately_not_implied_by_regular_seat
2020,CA,House,17,unresolved,all-party,,requires_state_election_specific_review,tracked_separately_not_implied_by_regular_seat
2020,CA,House,18,unresolved,all-party,,requires_state_election_specific_review,tracked_separately_not_implied_by_regular_seat
2020,CA,House,19,unresolved,all-party,,requires_state_election_specific_review,tracked_separately_not_implied_by_regular_seat
2020,CA,House,20,unresolved,all-party,,requires_state_election_specific_review,tracked_separately_not_implied_by_regular_seat
2020,CA,House,21,unresolved,all-party,,requires_state_election_specific_review,tracked_separately_not_implied_by_regular_seat
2020,CA,House,22,unresolved,all-party,,requires_state_election_specific_review,tracked_separately_not_implied_by_regular_seat
2020,CA,House,23,unresolved,all-party,,requires_state_election_specific_review,tracked_separately_not_implied_by_regular_seat
2020,CA,House,24,unresolved,all-party,,requires_state_election_specific_review,tracked_separately_not_implied_by_regular_seat
2020,CA,House,25,unresolved,all-party,,requires_state_election_specific_review,tracked_separately_not_implied_by_regular_seat
2020,CA,House,26,unresolved,all-party,,requires_state_election_specific_review,tracked_separately_not_implied_by_regular_seat
2020,CA,House,27,unresolved,all-party,,requires_state_election_specific_review,tracked_separately_not_implied_by_regular_seat
2020,CA,House,28,unresolved,all-party,,requires_state_election_specific_review,tracked_separately_not_implied_by_regular_seat
2020,CA,House,29,unresolved,all-party,,requires_state_election_specific_review,tracked_separately_not_implied_by_regular_seat
2020,CA,House,30,unresolved,all-party,,requires_state_election_specific_review,tracked_separately_not_implied_by_regular_seat
2020,CA,House,31,unresolved,all-party,,requires_state_election_specific_review,tracked_separately_not_implied_by_regular_seat
2020,CA,House,32,unresolved,all-party,,requires_state_election_specific_review,tracked_separately_not_implied_by_regular_seat
2020,CA,House,33,unresolved,all-party,,requires_state_election_specific_review,tracked_separately_not_implied_by_regular_seat
2020,CA,House,34,unresolved,all-party,,requires_state_election_specific_review,tracked_separately_not_implied_by_regular_seat
2020,CA,House,35,unresolved,all-party,,requires_state_election_specific_review,tracked_separately_not_implied_by_regular_seat
2020,CA,House,36,unresolved,all-party,,requires_state_election_specific_review,tracked_separately_not_implied_by_regular_seat
2020,CA,House,37,unresolved,all-party,,requires_state_election_specific_review,tracked_separately_not_implied_by_regular_seat
2020,CA,House,38,unresolved,all-party,,requires_state_election_specific_review,tracked_separately_not_implied_by_regular_seat
2020,CA,House,39,unresolved,all-party,,requires_state_election_specific_review,tracked_separately_not_implied_by_regular_seat
2020,CA,House,40,unresolved,all-party,,requires_state_election_specific_review,tracked_separately_not_implied_by_regular_seat
2020,CA,House,41,unresolved,all-party,,requires_state_election_specific_review,tracked_separately_not_implied_by_regular_seat
2020,CA,House,42,unresolved,all-party,,requires_state_election_specific_review,tracked_separately_not_implied_by_regular_seat
2020,CA,House,43,unresolved,all-party,,requires_state_election_specific_review,tracked_separately_not_implied_by_regular_seat
2020,CA,House,44,unresolved,all-party,,requires_state_election_specific_review,tracked_separately_not_implied_by_regular_seat
2020,CA,House,45,unresolved,all-party,,requires_state_election_specific_review,tracked_separately_not_implied_by_regular_seat
2020,CA,House,46,unresolved,all-party,,requires_state_election_specific_review,tracked_separately_not_implied_by_regular_seat
2020,CA,House,47,unresolved,all-party,,requires_state_election_specific_review,tracked_separately_not_implied_by_regular_seat
2020,CA,House,48,unresolved,all-party,,requires_state_election_specific_review,tracked_separately_not_implied_by_regular_seat
2020,CA,House,49,unresolved,all-party,,requires_state_election_specific_review,tracked_separately_not_implied_by_regular_seat
2020,CA,House,50,unresolved,all-party,,requires_state_election_specific_review,tracked_separately_not_implied_by_regular_seat
2020,CA,House,51,unresolved,all-party,,requires_state_election_specific_review,tracked_separately_not_implied_by_regular_seat
2020,CA,House,52,unresolved,all-party,,requires_state_election_specific_review,tracked_separately_not_implied_by_regular_seat
2020,CA,House,53,unresolved,all-party,,requires_state_election_specific_review,tracked_separately_not_implied_by_regular_seat
2020,CO,House,01,unresolved,Democratic | Republican,,requires_state_election_specific_review,tracked_separately_not_implied_by_regular_seat
2020,CO,House,02,unresolved,Democratic | Republican,,requires_state_election_specific_review,tracked_separately_not_implied_by_regular_seat
2020,CO,House,03,unresolved,Democratic | Republican,,requires_state_election_specific_review,tracked_separately_not_implied_by_regular_seat
2020,CO,House,04,unresolved,Democratic | Republican,,requires_state_election_specific_review,tracked_separately_not_implied_by_regular_seat
2020,CO,House,05,unresolved,Democratic | Republican,,requires_state_election_specific_review,tracked_separately_not_implied_by_regular_seat
2020,CO,House,06,unresolved,Democratic | Republican,,requires_state_election_specific_review,tracked_separately_not_implied_by_regular_seat
2020,CO,House,07,unresolved,Democratic | Republican,,requires_state_election_specific_review,tracked_separately_not_implied_by_regular_seat
2020,CT,House,01,unresolved,Democratic | Republican,,requires_state_election_specific_review,tracked_separately_not_implied_by_regular_seat
2020,CT,House,02,unresolved,Democratic | Republican,,requires_state_election_specific_review,tracked_separately_not_implied_by_regular_seat
2020,CT,House,03,unresolved,Democratic | Republican,,requires_state_election_specific_review,tracked_separately_not_implied_by_regular_seat
2020,CT,House,04,unresolved,Democratic | Republican,,requires_state_election_specific_review,tracked_separately_not_implied_by_regular_seat
2020,CT,House,05,unresolved,Democratic | Republican,,requires_state_election_specific_review,tracked_separately_not_implied_by_regular_seat
2020,DC,House,00,unresolved,Democratic | Republican,,requires_state_election_specific_review,tracked_separately_not_implied_by_regular_seat
2020,DE,House,00,unresolved,Democratic | Republican,,requires_state_election_specific_review,tracked_separately_not_implied_by_regular_seat
2020,FL,House,01,unresolved,Democratic | Republican,,requires_state_election_specific_review,tracked_separately_not_implied_by_regular_seat
2020,FL,House,02,unresolved,Democratic | Republican,,requires_state_election_specific_review,tracked_separately_not_implied_by_regular_seat
2020,FL,House,03,unresolved,Democratic | Republican,,requires_state_election_specific_review,tracked_separately_not_implied_by_regular_seat
2020,FL,House,04,unresolved,Democratic | Republican,,requires_state_election_specific_review,tracked_separately_not_implied_by_regular_seat
2020,FL,House,05,unresolved,Democratic | Republican,,requires_state_election_specific_review,tracked_separately_not_implied_by_regular_seat
2020,FL,House,06,unresolved,Democratic | Republican,,requires_state_election_specific_review,tracked_separately_not_implied_by_regular_seat
2020,FL,House,07,unresolved,Democratic | Republican,,requires_state_election_specific_review,tracked_separately_not_implied_by_regular_seat
2020,FL,House,08,unresolved,Democratic | Republican,,requires_state_election_specific_review,tracked_separately_not_implied_by_regular_seat
2020,FL,House,09,unresolved,Democratic | Republican,,requires_state_election_specific_review,tracked_separately_not_implied_by_regular_seat
2020,FL,House,10,unresolved,Democratic | Republican,,requires_state_election_specific_review,tracked_separately_not_implied_by_regular_seat
2020,FL,House,11,unresolved,Democratic | Republican,,requires_state_election_specific_review,tracked_separately_not_implied_by_regular_seat
2020,FL,House,12,unresolved,Democratic | Republican,,requires_state_election_specific_review,tracked_separately_not_implied_by_regular_seat
2020,FL,House,13,unresolved,Democratic | Republican,,requires_state_election_specific_review,tracked_separately_not_implied_by_regular_seat
2020,FL,House,14,unresolved,Democratic | Republican,,requires_state_election_specific_review,tracked_separately_not_implied_by_regular_seat
2020,FL,House,15,unresolved,Democratic | Republican,,requires_state_election_specific_review,tracked_separately_not_implied_by_regular_seat
2020,FL,House,16,unresolved,Democratic | Republican,,requires_state_election_specific_review,tracked_separately_not_implied_by_regular_seat
2020,FL,House,17,unresolved,Democratic | Republican,,requires_state_election_specific_review,tracked_separately_not_implied_by_regular_seat
2020,FL,House,18,unresolved,Democratic | Republican,,requires_state_election_specific_review,tracked_separately_not_implied_by_regular_seat
2020,FL,House,19,unresolved,Democratic | Republican,,requires_state_election_specific_review,tracked_separately_not_implied_by_regular_seat
2020,FL,House,20,unresolved,Democratic | Republican,,requires_state_election_specific_review,tracked_separately_not_implied_by_regular_seat
2020,FL,House,21,unresolved,Democratic | Republican,,requires_state_election_specific_review,tracked_separately_not_implied_by_regular_seat
2020,FL,House,22,unresolved,Democratic | Republican,,requires_state_election_specific_review,tracked_separately_not_implied_by_regular_seat
2020,FL,House,23,unresolved,Democratic | Republican,,requires_state_election_specific_review,tracked_separately_not_implied_by_regular_seat
2020,FL,House,24,unresolved,Democratic | Republican,,requires_state_election_specific_review,tracked_separately_not_implied_by_regular_seat
2020,FL,House,25,unresolved,Democratic | Republican,,requires_state_election_specific_review,tracked_separately_not_implied_by_regular_seat
2020,FL,House,26,unresolved,Democratic | Republican,,requires_state_election_specific_review,tracked_separately_not_implied_by_regular_seat
2020,FL,House,27,unresolved,Democratic | Republican,,requires_state_election_specific_review,tracked_separately_not_implied_by_regular_seat
2020,GA,House,01,unresolved,Democratic | Republican,,requires_state_election_specific_review,tracked_separately_not_implied_by_regular_seat
2020,GA,House,02,unresolved,Democratic | Republican,,requires_state_election_specific_review,tracked_separately_not_implied_by_regular_seat
2020,GA,House,03,unresolved,Democratic | Republican,,requires_state_election_specific_review,tracked_separately_not_implied_by_regular_seat
2020,GA,House,04,unresolved,Democratic | Republican,,requires_state_election_specific_review,tracked_separately_not_implied_by_regular_seat
2020,GA,House,05,unresolved,Democratic | Republican,,requires_state_election_specific_review,tracked_separately_not_implied_by_regular_seat
2020,GA,House,06,unresolved,Democratic | Republican,,requires_state_election_specific_review,tracked_separately_not_implied_by_regular_seat
2020,GA,House,07,unresolved,Democratic | Republican,,requires_state_election_specific_review,tracked_separately_not_implied_by_regular_seat
2020,GA,House,08,unresolved,Democratic | Republican,,requires_state_election_specific_review,tracked_separately_not_implied_by_regular_seat
2020,GA,House,09,unresolved,Democratic | Republican,,requires_state_election_specific_review,tracked_separately_not_implied_by_regular_seat
2020,GA,House,10,unresolved,Democratic | Republican,,requires_state_election_specific_review,tracked_separately_not_implied_by_regular_seat
2020,GA,House,11,unresolved,Democratic | Republican,,requires_state_election_specific_review,tracked_separately_not_implied_by_regular_seat
2020,GA,House,12,unresolved,Democratic | Republican,,requires_state_election_specific_review,tracked_separately_not_implied_by_regular_seat
2020,GA,House,13,unresolved,Democratic | Republican,,requires_state_election_specific_review,tracked_separately_not_implied_by_regular_seat
2020,GA,House,14,unresolved,Democratic | Republican,,requires_state_election_specific_review,tracked_separately_not_implied_by_regular_seat
2020,GU,House,00,unresolved,Democratic | Republican,,requires_state_election_specific_review,tracked_separately_not_implied_by_regular_seat
2020,HI,House,01,unresolved,Democratic | Republican,,requires_state_election_specific_review,tracked_separately_not_implied_by_regular_seat
2020,HI,House,02,unresolved,Democratic | Republican,,requires_state_election_specific_review,tracked_separately_not_implied_by_regular_seat
2020,IA,House,01,unresolved,Democratic | Republican,,requires_state_election_specific_review,tracked_separately_not_implied_by_regular_seat
2020,IA,House,02,unresolved,Democratic | Republican,,requires_state_election_specific_review,tracked_separately_not_implied_by_regular_seat
2020,IA,House,03,unresolved,Democratic | Republican,,requires_state_election_specific_review,tracked_separately_not_implied_by_regular_seat
2020,IA,House,04,unresolved,Democratic | Republican,,requires_state_election_specific_review,tracked_separately_not_implied_by_regular_seat
2020,ID,House,01,unresolved,Democratic | Republican,,requires_state_election_specific_review,tracked_separately_not_implied_by_regular_seat
2020,ID,House,02,unresolved,Democratic | Republican,,requires_state_election_specific_review,tracked_separately_not_implied_by_regular_seat
2020,IL,House,01,unresolved,Democratic | Republican,,requires_state_election_specific_review,tracked_separately_not_implied_by_regular_seat
2020,IL,House,02,unresolved,Democratic | Republican,,requires_state_election_specific_review,tracked_separately_not_implied_by_regular_seat
2020,IL,House,03,unresolved,Democratic | Republican,,requires_state_election_specific_review,tracked_separately_not_implied_by_regular_seat
2020,IL,House,04,unresolved,Democratic | Republican,,requires_state_election_specific_review,tracked_separately_not_implied_by_regular_seat
2020,IL,House,05,unresolved,Democratic | Republican,,requires_state_election_specific_review,tracked_separately_not_implied_by_regular_seat
2020,IL,House,06,unresolved,Democratic | Republican,,requires_state_election_specific_review,tracked_separately_not_implied_by_regular_seat
2020,IL,House,07,unresolved,Democratic | Republican,,requires_state_election_specific_review,tracked_separately_not_implied_by_regular_seat
2020,IL,House,08,unresolved,Democratic | Republican,,requires_state_election_specific_review,tracked_separately_not_implied_by_regular_seat
2020,IL,House,09,unresolved,Democratic | Republican,,requires_state_election_specific_review,tracked_separately_not_implied_by_regular_seat
2020,IL,House,10,unresolved,Democratic | Republican,,requires_state_election_specific_review,tracked_separately_not_implied_by_regular_seat
2020,IL,House,11,unresolved,Democratic | Republican,,requires_state_election_specific_review,tracked_separately_not_implied_by_regular_seat
2020,IL,House,12,unresolved,Democratic | Republican,,requires_state_election_specific_review,tracked_separately_not_implied_by_regular_seat
2020,IL,House,13,unresolved,Democratic | Republican,,requires_state_election_specific_review,tracked_separately_not_implied_by_regular_seat
2020,IL,House,14,unresolved,Democratic | Republican,,requires_state_election_specific_review,tracked_separately_not_implied_by_regular_seat
2020,IL,House,15,unresolved,Democratic | Republican,,requires_state_election_specific_review,tracked_separately_not_implied_by_regular_seat
2020,IL,House,16,unresolved,Democratic | Republican,,requires_state_election_specific_review,tracked_separately_not_implied_by_regular_seat
2020,IL,House,17,unresolved,Democratic | Republican,,requires_state_election_specific_review,tracked_separately_not_implied_by_regular_seat
2020,IL,House,18,unresolved,Democratic | Republican,,requires_state_election_specific_review,tracked_separately_not_implied_by_regular_seat
2020,IN,House,01,unresolved,Democratic | Republican,,requires_state_election_specific_review,tracked_separately_not_implied_by_regular_seat
2020,IN,House,02,unresolved,Democratic | Republican,,requires_state_election_specific_review,tracked_separately_not_implied_by_regular_seat
2020,IN,House,03,unresolved,Democratic | Republican,,requires_state_election_specific_review,tracked_separately_not_implied_by_regular_seat
2020,IN,House,04,unresolved,Democratic | Republican,,requires_state_election_specific_review,tracked_separately_not_implied_by_regular_seat
2020,IN,House,05,unresolved,Democratic | Republican,,requires_state_election_specific_review,tracked_separately_not_implied_by_regular_seat
2020,IN,House,06,unresolved,Democratic | Republican,,requires_state_election_specific_review,tracked_separately_not_implied_by_regular_seat
2020,IN,House,07,unresolved,Democratic | Republican,,requires_state_election_specific_review,tracked_separately_not_implied_by_regular_seat
2020,IN,House,08,unresolved,Democratic | Republican,,requires_state_election_specific_review,tracked_separately_not_implied_by_regular_seat
2020,IN,House,09,unresolved,Democratic | Republican,,requires_state_election_specific_review,tracked_separately_not_implied_by_regular_seat
2020,KS,House,01,unresolved,Democratic | Republican,,requires_state_election_specific_review,tracked_separately_not_implied_by_regular_seat
2020,KS,House,02,unresolved,Democratic | Republican,,requires_state_election_specific_review,tracked_separately_not_implied_by_regular_seat
2020,KS,House,03,unresolved,Democratic | Republican,,requires_state_election_specific_review,tracked_separately_not_implied_by_regular_seat
2020,KS,House,04,unresolved,Democratic | Republican,,requires_state_election_specific_review,tracked_separately_not_implied_by_regular_seat
2020,KY,House,01,unresolved,Democratic | Republican,,requires_state_election_specific_review,tracked_separately_not_implied_by_regular_seat
2020,KY,House,02,unresolved,Democratic | Republican,,requires_state_election_specific_review,tracked_separately_not_implied_by_regular_seat
2020,KY,House,03,unresolved,Democratic | Republican,,requires_state_election_specific_review,tracked_separately_not_implied_by_regular_seat
2020,KY,House,04,unresolved,Democratic | Republican,,requires_state_election_specific_review,tracked_separately_not_implied_by_regular_seat
2020,KY,House,05,unresolved,Democratic | Republican,,requires_state_election_specific_review,tracked_separately_not_implied_by_regular_seat
2020,KY,House,06,unresolved,Democratic | Republican,,requires_state_election_specific_review,tracked_separately_not_implied_by_regular_seat
2020,LA,House,01,unresolved,all-party,,requires_state_election_specific_review,tracked_separately_not_implied_by_regular_seat
2020,LA,House,02,unresolved,all-party,,requires_state_election_specific_review,tracked_separately_not_implied_by_regular_seat
2020,LA,House,03,unresolved,all-party,,requires_state_election_specific_review,tracked_separately_not_implied_by_regular_seat
2020,LA,House,04,unresolved,all-party,,requires_state_election_specific_review,tracked_separately_not_implied_by_regular_seat
2020,LA,House,05,unresolved,all-party,,requires_state_election_specific_review,tracked_separately_not_implied_by_regular_seat
2020,LA,House,06,unresolved,all-party,,requires_state_election_specific_review,tracked_separately_not_implied_by_regular_seat
2020,MA,House,01,unresolved,Democratic | Republican,,requires_state_election_specific_review,tracked_separately_not_implied_by_regular_seat
2020,MA,House,02,unresolved,Democratic | Republican,,requires_state_election_specific_review,tracked_separately_not_implied_by_regular_seat
2020,MA,House,03,unresolved,Democratic | Republican,,requires_state_election_specific_review,tracked_separately_not_implied_by_regular_seat
2020,MA,House,04,unresolved,Democratic | Republican,,requires_state_election_specific_review,tracked_separately_not_implied_by_regular_seat
2020,MA,House,05,unresolved,Democratic | Republican,,requires_state_election_specific_review,tracked_separately_not_implied_by_regular_seat
2020,MA,House,06,unresolved,Democratic | Republican,,requires_state_election_specific_review,tracked_separately_not_implied_by_regular_seat
2020,MA,House,07,unresolved,Democratic | Republican,,requires_state_election_specific_review,tracked_separately_not_implied_by_regular_seat
2020,MA,House,08,unresolved,Democratic | Republican,,requires_state_election_specific_review,tracked_separately_not_implied_by_regular_seat
2020,MA,House,09,unresolved,Democratic | Republican,,requires_state_election_specific_review,tracked_separately_not_implied_by_regular_seat
2020,MD,House,01,unresolved,Democratic | Republican,,requires_state_election_specific_review,tracked_separately_not_implied_by_regular_seat
2020,MD,House,02,unresolved,Democratic | Republican,,requires_state_election_specific_review,tracked_separately_not_implied_by_regular_seat
2020,MD,House,03,unresolved,Democratic | Republican,,requires_state_election_specific_review,tracked_separately_not_implied_by_regular_seat
2020,MD,House,04,unresolved,Democratic | Republican,,requires_state_election_specific_review,tracked_separately_not_implied_by_regular_seat
2020,MD,House,05,unresolved,Democratic | Republican,,requires_state_election_specific_review,tracked_separately_not_implied_by_regular_seat
2020,MD,House,06,unresolved,Democratic | Republican,,requires_state_election_specific_review,tracked_separately_not_implied_by_regular_seat
2020,MD,House,07,unresolved,Democratic | Republican,,requires_state_election_specific_review,tracked_separately_not_implied_by_regular_seat
2020,MD,House,08,unresolved,Democratic | Republican,,requires_state_election_specific_review,tracked_separately_not_implied_by_regular_seat
2020,ME,House,01,unresolved,Democratic | Republican,,requires_state_election_specific_review,tracked_separately_not_implied_by_regular_seat
2020,ME,House,02,unresolved,Democratic | Republican,,requires_state_election_specific_review,tracked_separately_not_implied_by_regular_seat
2020,MI,House,01,unresolved,Democratic | Republican,,requires_state_election_specific_review,tracked_separately_not_implied_by_regular_seat
2020,MI,House,02,unresolved,Democratic | Republican,,requires_state_election_specific_review,tracked_separately_not_implied_by_regular_seat
2020,MI,House,03,unresolved,Democratic | Republican,,requires_state_election_specific_review,tracked_separately_not_implied_by_regular_seat
2020,MI,House,04,unresolved,Democratic | Republican,,requires_state_election_specific_review,tracked_separately_not_implied_by_regular_seat
2020,MI,House,05,unresolved,Democratic | Republican,,requires_state_election_specific_review,tracked_separately_not_implied_by_regular_seat
2020,MI,House,06,unresolved,Democratic | Republican,,requires_state_election_specific_review,tracked_separately_not_implied_by_regular_seat
2020,MI,House,07,unresolved,Democratic | Republican,,requires_state_election_specific_review,tracked_separately_not_implied_by_regular_seat
2020,MI,House,08,unresolved,Democratic | Republican,,requires_state_election_specific_review,tracked_separately_not_implied_by_regular_seat
2020,MI,House,09,unresolved,Democratic | Republican,,requires_state_election_specific_review,tracked_separately_not_implied_by_regular_seat
2020,MI,House,10,unresolved,Democratic | Republican,,requires_state_election_specific_review,tracked_separately_not_implied_by_regular_seat
2020,MI,House,11,unresolved,Democratic | Republican,,requires_state_election_specific_review,tracked_separately_not_implied_by_regular_seat
2020,MI,House,12,unresolved,Democratic | Republican,,requires_state_election_specific_review,tracked_separately_not_implied_by_regular_seat
2020,MI,House,13,unresolved,Democratic | Republican,,requires_state_election_specific_review,tracked_separately_not_implied_by_regular_seat
2020,MI,House,14,unresolved,Democratic | Republican,,requires_state_election_specific_review,tracked_separately_not_implied_by_regular_seat
2020,MN,House,01,unresolved,Democratic | Republican,,requires_state_election_specific_review,tracked_separately_not_implied_by_regular_seat
2020,MN,House,02,unresolved,Democratic | Republican,,requires_state_election_specific_review,tracked_separately_not_implied_by_regular_seat
2020,MN,House,03,unresolved,Democratic | Republican,,requires_state_election_specific_review,tracked_separately_not_implied_by_regular_seat
2020,MN,House,04,unresolved,Democratic | Republican,,requires_state_election_specific_review,tracked_separately_not_implied_by_regular_seat
2020,MN,House,05,unresolved,Democratic | Republican,,requires_state_election_specific_review,tracked_separately_not_implied_by_regular_seat
2020,MN,House,06,unresolved,Democratic | Republican,,requires_state_election_specific_review,tracked_separately_not_implied_by_regular_seat
2020,MN,House,07,unresolved,Democratic | Republican,,requires_state_election_specific_review,tracked_separately_not_implied_by_regular_seat
2020,MN,House,08,unresolved,Democratic | Republican,,requires_state_election_specific_review,tracked_separately_not_implied_by_regular_seat
2020,MO,House,01,unresolved,Democratic | Republican,,requires_state_election_specific_review,tracked_separately_not_implied_by_regular_seat
2020,MO,House,02,unresolved,Democratic | Republican,,requires_state_election_specific_review,tracked_separately_not_implied_by_regular_seat
2020,MO,House,03,unresolved,Democratic | Republican,,requires_state_election_specific_review,tracked_separately_not_implied_by_regular_seat
2020,MO,House,04,unresolved,Democratic | Republican,,requires_state_election_specific_review,tracked_separately_not_implied_by_regular_seat
2020,MO,House,05,unresolved,Democratic | Republican,,requires_state_election_specific_review,tracked_separately_not_implied_by_regular_seat
2020,MO,House,06,unresolved,Democratic | Republican,,requires_state_election_specific_review,tracked_separately_not_implied_by_regular_seat
2020,MO,House,07,unresolved,Democratic | Republican,,requires_state_election_specific_review,tracked_separately_not_implied_by_regular_seat
2020,MO,House,08,unresolved,Democratic | Republican,,requires_state_election_specific_review,tracked_separately_not_implied_by_regular_seat
2020,MP,House,00,unresolved,all-party,,requires_state_election_specific_review,tracked_separately_not_implied_by_regular_seat
2020,MS,House,01,unresolved,Democratic | Republican,,requires_state_election_specific_review,tracked_separately_not_implied_by_regular_seat
2020,MS,House,02,unresolved,Democratic | Republican,,requires_state_election_specific_review,tracked_separately_not_implied_by_regular_seat
2020,MS,House,03,unresolved,Democratic | Republican,,requires_state_election_specific_review,tracked_separately_not_implied_by_regular_seat
2020,MS,House,04,unresolved,Democratic | Republican,,requires_state_election_specific_review,tracked_separately_not_implied_by_regular_seat
2020,MT,House,00,unresolved,Democratic | Republican,,requires_state_election_specific_review,tracked_separately_not_implied_by_regular_seat
2020,NC,House,01,unresolved,Democratic | Republican,,requires_state_election_specific_review,tracked_separately_not_implied_by_regular_seat
2020,NC,House,02,unresolved,Democratic | Republican,,requires_state_election_specific_review,tracked_separately_not_implied_by_regular_seat
2020,NC,House,03,unresolved,Democratic | Republican,,requires_state_election_specific_review,tracked_separately_not_implied_by_regular_seat
2020,NC,House,04,unresolved,Democratic | Republican,,requires_state_election_specific_review,tracked_separately_not_implied_by_regular_seat
2020,NC,House,05,unresolved,Democratic | Republican,,requires_state_election_specific_review,tracked_separately_not_implied_by_regular_seat
2020,NC,House,06,unresolved,Democratic | Republican,,requires_state_election_specific_review,tracked_separately_not_implied_by_regular_seat
2020,NC,House,07,unresolved,Democratic | Republican,,requires_state_election_specific_review,tracked_separately_not_implied_by_regular_seat
2020,NC,House,08,unresolved,Democratic | Republican,,requires_state_election_specific_review,tracked_separately_not_implied_by_regular_seat
2020,NC,House,09,unresolved,Democratic | Republican,,requires_state_election_specific_review,tracked_separately_not_implied_by_regular_seat
2020,NC,House,10,unresolved,Democratic | Republican,,requires_state_election_specific_review,tracked_separately_not_implied_by_regular_seat
2020,NC,House,11,unresolved,Democratic | Republican,,requires_state_election_specific_review,tracked_separately_not_implied_by_regular_seat
2020,NC,House,12,unresolved,Democratic | Republican,,requires_state_election_specific_review,tracked_separately_not_implied_by_regular_seat
2020,NC,House,13,unresolved,Democratic | Republican,,requires_state_election_specific_review,tracked_separately_not_implied_by_regular_seat
2020,ND,House,00,unresolved,Democratic | Republican,,requires_state_election_specific_review,tracked_separately_not_implied_by_regular_seat
2020,NE,House,01,unresolved,Democratic | Republican,,requires_state_election_specific_review,tracked_separately_not_implied_by_regular_seat
2020,NE,House,02,unresolved,Democratic | Republican,,requires_state_election_specific_review,tracked_separately_not_implied_by_regular_seat
2020,NE,House,03,unresolved,Democratic | Republican,,requires_state_election_specific_review,tracked_separately_not_implied_by_regular_seat
2020,NH,House,01,unresolved,Democratic | Republican,,requires_state_election_specific_review,tracked_separately_not_implied_by_regular_seat
2020,NH,House,02,unresolved,Democratic | Republican,,requires_state_election_specific_review,tracked_separately_not_implied_by_regular_seat
2020,NJ,House,01,unresolved,Democratic | Republican,,requires_state_election_specific_review,tracked_separately_not_implied_by_regular_seat
2020,NJ,House,02,unresolved,Democratic | Republican,,requires_state_election_specific_review,tracked_separately_not_implied_by_regular_seat
2020,NJ,House,03,unresolved,Democratic | Republican,,requires_state_election_specific_review,tracked_separately_not_implied_by_regular_seat
2020,NJ,House,04,unresolved,Democratic | Republican,,requires_state_election_specific_review,tracked_separately_not_implied_by_regular_seat
2020,NJ,House,05,unresolved,Democratic | Republican,,requires_state_election_specific_review,tracked_separately_not_implied_by_regular_seat
2020,NJ,House,06,unresolved,Democratic | Republican,,requires_state_election_specific_review,tracked_separately_not_implied_by_regular_seat
2020,NJ,House,07,unresolved,Democratic | Republican,,requires_state_election_specific_review,tracked_separately_not_implied_by_regular_seat
2020,NJ,House,08,unresolved,Democratic | Republican,,requires_state_election_specific_review,tracked_separately_not_implied_by_regular_seat
2020,NJ,House,09,unresolved,Democratic | Republican,,requires_state_election_specific_review,tracked_separately_not_implied_by_regular_seat
2020,NJ,House,10,unresolved,Democratic | Republican,,requires_state_election_specific_review,tracked_separately_not_implied_by_regular_seat
2020,NJ,House,11,unresolved,Democratic | Republican,,requires_state_election_specific_review,tracked_separately_not_implied_by_regular_seat
2020,NJ,House,12,unresolved,Democratic | Republican,,requires_state_election_specific_review,tracked_separately_not_implied_by_regular_seat
2020,NM,House,01,unresolved,Democratic | Republican,,requires_state_election_specific_review,tracked_separately_not_implied_by_regular_seat
2020,NM,House,02,unresolved,Democratic | Republican,,requires_state_election_specific_review,tracked_separately_not_implied_by_regular_seat
2020,NM,House,03,unresolved,Democratic | Republican,,requires_state_election_specific_review,tracked_separately_not_implied_by_regular_seat
2020,NV,House,01,unresolved,Democratic | Republican,,requires_state_election_specific_review,tracked_separately_not_implied_by_regular_seat
2020,NV,House,02,unresolved,Democratic | Republican,,requires_state_election_specific_review,tracked_separately_not_implied_by_regular_seat
2020,NV,House,03,unresolved,Democratic | Republican,,requires_state_election_specific_review,tracked_separately_not_implied_by_regular_seat
2020,NV,House,04,unresolved,Democratic | Republican,,requires_state_election_specific_review,tracked_separately_not_implied_by_regular_seat
2020,NY,House,01,unresolved,Democratic | Republican,,requires_state_election_specific_review,tracked_separately_not_implied_by_regular_seat
2020,NY,House,02,unresolved,Democratic | Republican,,requires_state_election_specific_review,tracked_separately_not_implied_by_regular_seat
2020,NY,House,03,unresolved,Democratic | Republican,,requires_state_election_specific_review,tracked_separately_not_implied_by_regular_seat
2020,NY,House,04,unresolved,Democratic | Republican,,requires_state_election_specific_review,tracked_separately_not_implied_by_regular_seat
2020,NY,House,05,unresolved,Democratic | Republican,,requires_state_election_specific_review,tracked_separately_not_implied_by_regular_seat
2020,NY,House,06,unresolved,Democratic | Republican,,requires_state_election_specific_review,tracked_separately_not_implied_by_regular_seat
2020,NY,House,07,unresolved,Democratic | Republican,,requires_state_election_specific_review,tracked_separately_not_implied_by_regular_seat
2020,NY,House,08,unresolved,Democratic | Republican,,requires_state_election_specific_review,tracked_separately_not_implied_by_regular_seat
2020,NY,House,09,unresolved,Democratic | Republican,,requires_state_election_specific_review,tracked_separately_not_implied_by_regular_seat
2020,NY,House,10,unresolved,Democratic | Republican,,requires_state_election_specific_review,tracked_separately_not_implied_by_regular_seat
2020,NY,House,11,unresolved,Democratic | Republican,,requires_state_election_specific_review,tracked_separately_not_implied_by_regular_seat
2020,NY,House,12,unresolved,Democratic | Republican,,requires_state_election_specific_review,tracked_separately_not_implied_by_regular_seat
2020,NY,House,13,unresolved,Democratic | Republican,,requires_state_election_specific_review,tracked_separately_not_implied_by_regular_seat
2020,NY,House,14,unresolved,Democratic | Republican,,requires_state_election_specific_review,tracked_separately_not_implied_by_regular_seat
2020,NY,House,15,unresolved,Democratic | Republican,,requires_state_election_specific_review,tracked_separately_not_implied_by_regular_seat
2020,NY,House,16,unresolved,Democratic | Republican,,requires_state_election_specific_review,tracked_separately_not_implied_by_regular_seat
2020,NY,House,17,unresolved,Democratic | Republican,,requires_state_election_specific_review,tracked_separately_not_implied_by_regular_seat
2020,NY,House,18,unresolved,Democratic | Republican,,requires_state_election_specific_review,tracked_separately_not_implied_by_regular_seat
2020,NY,House,19,unresolved,Democratic | Republican,,requires_state_election_specific_review,tracked_separately_not_implied_by_regular_seat
2020,NY,House,20,unresolved,Democratic | Republican,,requires_state_election_specific_review,tracked_separately_not_implied_by_regular_seat
2020,NY,House,21,unresolved,Democratic | Republican,,requires_state_election_specific_review,tracked_separately_not_implied_by_regular_seat
2020,NY,House,22,unresolved,Democratic | Republican,,requires_state_election_specific_review,tracked_separately_not_implied_by_regular_seat
2020,NY,House,23,unresolved,Democratic | Republican,,requires_state_election_specific_review,tracked_separately_not_implied_by_regular_seat
2020,NY,House,24,unresolved,Democratic | Republican,,requires_state_election_specific_review,tracked_separately_not_implied_by_regular_seat
2020,NY,House,25,unresolved,Democratic | Republican,,requires_state_election_specific_review,tracked_separately_not_implied_by_regular_seat
2020,NY,House,26,unresolved,Democratic | Republican,,requires_state_election_specific_review,tracked_separately_not_implied_by_regular_seat
2020,NY,House,27,unresolved,Democratic | Republican,,requires_state_election_specific_review,tracked_separately_not_implied_by_regular_seat
2020,OH,House,01,unresolved,Democratic | Republican,,requires_state_election_specific_review,tracked_separately_not_implied_by_regular_seat
2020,OH,House,02,unresolved,Democratic | Republican,,requires_state_election_specific_review,tracked_separately_not_implied_by_regular_seat
2020,OH,House,03,unresolved,Democratic | Republican,,requires_state_election_specific_review,tracked_separately_not_implied_by_regular_seat
2020,OH,House,04,unresolved,Democratic | Republican,,requires_state_election_specific_review,tracked_separately_not_implied_by_regular_seat
2020,OH,House,05,unresolved,Democratic | Republican,,requires_state_election_specific_review,tracked_separately_not_implied_by_regular_seat
2020,OH,House,06,unresolved,Democratic | Republican,,requires_state_election_specific_review,tracked_separately_not_implied_by_regular_seat
2020,OH,House,07,unresolved,Democratic | Republican,,requires_state_election_specific_review,tracked_separately_not_implied_by_regular_seat
2020,OH,House,08,unresolved,Democratic | Republican,,requires_state_election_specific_review,tracked_separately_not_implied_by_regular_seat
2020,OH,House,09,unresolved,Democratic | Republican,,requires_state_election_specific_review,tracked_separately_not_implied_by_regular_seat
2020,OH,House,10,unresolved,Democratic | Republican,,requires_state_election_specific_review,tracked_separately_not_implied_by_regular_seat
2020,OH,House,11,unresolved,Democratic | Republican,,requires_state_election_specific_review,tracked_separately_not_implied_by_regular_seat
2020,OH,House,12,unresolved,Democratic | Republican,,requires_state_election_specific_review,tracked_separately_not_implied_by_regular_seat
2020,OH,House,13,unresolved,Democratic | Republican,,requires_state_election_specific_review,tracked_separately_not_implied_by_regular_seat
2020,OH,House,14,unresolved,Democratic | Republican,,requires_state_election_specific_review,tracked_separately_not_implied_by_regular_seat
2020,OH,House,15,unresolved,Democratic | Republican,,requires_state_election_specific_review,tracked_separately_not_implied_by_regular_seat
2020,OH,House,16,unresolved,Democratic | Republican,,requires_state_election_specific_review,tracked_separately_not_implied_by_regular_seat
2020,OK,House,01,unresolved,Democratic | Republican,,requires_state_election_specific_review,tracked_separately_not_implied_by_regular_seat
2020,OK,House,02,unresolved,Democratic | Republican,,requires_state_election_specific_review,tracked_separately_not_implied_by_regular_seat
2020,OK,House,03,unresolved,Democratic | Republican,,requires_state_election_specific_review,tracked_separately_not_implied_by_regular_seat
2020,OK,House,04,unresolved,Democratic | Republican,,requires_state_election_specific_review,tracked_separately_not_implied_by_regular_seat
2020,OK,House,05,unresolved,Democratic | Republican,,requires_state_election_specific_review,tracked_separately_not_implied_by_regular_seat
2020,OR,House,01,unresolved,Democratic | Republican,,requires_state_election_specific_review,tracked_separately_not_implied_by_regular_seat
2020,OR,House,02,unresolved,Democratic | Republican,,requires_state_election_specific_review,tracked_separately_not_implied_by_regular_seat
2020,OR,House,03,unresolved,Democratic | Republican,,requires_state_election_specific_review,tracked_separately_not_implied_by_regular_seat
2020,OR,House,04,unresolved,Democratic | Republican,,requires_state_election_specific_review,tracked_separately_not_implied_by_regular_seat
2020,OR,House,05,unresolved,Democratic | Republican,,requires_state_election_specific_review,tracked_separately_not_implied_by_regular_seat
2020,PA,House,01,unresolved,Democratic | Republican,,requires_state_election_specific_review,tracked_separately_not_implied_by_regular_seat
2020,PA,House,02,unresolved,Democratic | Republican,,requires_state_election_specific_review,tracked_separately_not_implied_by_regular_seat
2020,PA,House,03,unresolved,Democratic | Republican,,requires_state_election_specific_review,tracked_separately_not_implied_by_regular_seat
2020,PA,House,04,unresolved,Democratic | Republican,,requires_state_election_specific_review,tracked_separately_not_implied_by_regular_seat
2020,PA,House,05,unresolved,Democratic | Republican,,requires_state_election_specific_review,tracked_separately_not_implied_by_regular_seat
2020,PA,House,06,unresolved,Democratic | Republican,,requires_state_election_specific_review,tracked_separately_not_implied_by_regular_seat
2020,PA,House,07,unresolved,Democratic | Republican,,requires_state_election_specific_review,tracked_separately_not_implied_by_regular_seat
2020,PA,House,08,unresolved,Democratic | Republican,,requires_state_election_specific_review,tracked_separately_not_implied_by_regular_seat
2020,PA,House,09,unresolved,Democratic | Republican,,requires_state_election_specific_review,tracked_separately_not_implied_by_regular_seat
2020,PA,House,10,unresolved,Democratic | Republican,,requires_state_election_specific_review,tracked_separately_not_implied_by_regular_seat
2020,PA,House,11,unresolved,Democratic | Republican,,requires_state_election_specific_review,tracked_separately_not_implied_by_regular_seat
2020,PA,House,12,unresolved,Democratic | Republican,,requires_state_election_specific_review,tracked_separately_not_implied_by_regular_seat
2020,PA,House,13,unresolved,Democratic | Republican,,requires_state_election_specific_review,tracked_separately_not_implied_by_regular_seat
2020,PA,House,14,unresolved,Democratic | Republican,,requires_state_election_specific_review,tracked_separately_not_implied_by_regular_seat
2020,PA,House,15,unresolved,Democratic | Republican,,requires_state_election_specific_review,tracked_separately_not_implied_by_regular_seat
2020,PA,House,16,unresolved,Democratic | Republican,,requires_state_election_specific_review,tracked_separately_not_implied_by_regular_seat
2020,PA,House,17,unresolved,Democratic | Republican,,requires_state_election_specific_review,tracked_separately_not_implied_by_regular_seat
2020,PA,House,18,unresolved,Democratic | Republican,,requires_state_election_specific_review,tracked_separately_not_implied_by_regular_seat
2020,PR,House,00,unresolved,unspecified-party,,requires_state_election_specific_review,tracked_separately_not_implied_by_regular_seat
2020,RI,House,01,unresolved,Democratic | Republican,,requires_state_election_specific_review,tracked_separately_not_implied_by_regular_seat
2020,RI,House,02,unresolved,Democratic | Republican,,requires_state_election_specific_review,tracked_separately_not_implied_by_regular_seat
2020,SC,House,01,unresolved,Democratic | Republican,,requires_state_election_specific_review,tracked_separately_not_implied_by_regular_seat
2020,SC,House,02,unresolved,Democratic | Republican,,requires_state_election_specific_review,tracked_separately_not_implied_by_regular_seat
2020,SC,House,03,unresolved,Democratic | Republican,,requires_state_election_specific_review,tracked_separately_not_implied_by_regular_seat
2020,SC,House,04,unresolved,Democratic | Republican,,requires_state_election_specific_review,tracked_separately_not_implied_by_regular_seat
2020,SC,House,05,unresolved,Democratic | Republican,,requires_state_election_specific_review,tracked_separately_not_implied_by_regular_seat
2020,SC,House,06,unresolved,Democratic | Republican,,requires_state_election_specific_review,tracked_separately_not_implied_by_regular_seat
2020,SC,House,07,unresolved,Democratic | Republican,,requires_state_election_specific_review,tracked_separately_not_implied_by_regular_seat
2020,SD,House,00,unresolved,Democratic | Republican,,requires_state_election_specific_review,tracked_separately_not_implied_by_regular_seat
2020,TN,House,01,unresolved,Democratic | Republican,,requires_state_election_specific_review,tracked_separately_not_implied_by_regular_seat
2020,TN,House,02,unresolved,Democratic | Republican,,requires_state_election_specific_review,tracked_separately_not_implied_by_regular_seat
2020,TN,House,03,unresolved,Democratic | Republican,,requires_state_election_specific_review,tracked_separately_not_implied_by_regular_seat
2020,TN,House,04,unresolved,Democratic | Republican,,requires_state_election_specific_review,tracked_separately_not_implied_by_regular_seat
2020,TN,House,05,unresolved,Democratic | Republican,,requires_state_election_specific_review,tracked_separately_not_implied_by_regular_seat
2020,TN,House,06,unresolved,Democratic | Republican,,requires_state_election_specific_review,tracked_separately_not_implied_by_regular_seat
2020,TN,House,07,unresolved,Democratic | Republican,,requires_state_election_specific_review,tracked_separately_not_implied_by_regular_seat
2020,TN,House,08,unresolved,Democratic | Republican,,requires_state_election_specific_review,tracked_separately_not_implied_by_regular_seat
2020,TN,House,09,unresolved,Democratic | Republican,,requires_state_election_specific_review,tracked_separately_not_implied_by_regular_seat
2020,TX,House,01,unresolved,Democratic | Republican,,requires_state_election_specific_review,tracked_separately_not_implied_by_regular_seat
2020,TX,House,02,unresolved,Democratic | Republican,,requires_state_election_specific_review,tracked_separately_not_implied_by_regular_seat
2020,TX,House,03,unresolved,Democratic | Republican,,requires_state_election_specific_review,tracked_separately_not_implied_by_regular_seat
2020,TX,House,04,unresolved,Democratic | Republican,,requires_state_election_specific_review,tracked_separately_not_implied_by_regular_seat
2020,TX,House,05,unresolved,Democratic | Republican,,requires_state_election_specific_review,tracked_separately_not_implied_by_regular_seat
2020,TX,House,06,unresolved,Democratic | Republican,,requires_state_election_specific_review,tracked_separately_not_implied_by_regular_seat
2020,TX,House,07,unresolved,Democratic | Republican,,requires_state_election_specific_review,tracked_separately_not_implied_by_regular_seat
2020,TX,House,08,unresolved,Democratic | Republican,,requires_state_election_specific_review,tracked_separately_not_implied_by_regular_seat
2020,TX,House,09,unresolved,Democratic | Republican,,requires_state_election_specific_review,tracked_separately_not_implied_by_regular_seat
2020,TX,House,10,unresolved,Democratic | Republican,,requires_state_election_specific_review,tracked_separately_not_implied_by_regular_seat
2020,TX,House,11,unresolved,Democratic | Republican,,requires_state_election_specific_review,tracked_separately_not_implied_by_regular_seat
2020,TX,House,12,unresolved,Democratic | Republican,,requires_state_election_specific_review,tracked_separately_not_implied_by_regular_seat
2020,TX,House,13,unresolved,Democratic | Republican,,requires_state_election_specific_review,tracked_separately_not_implied_by_regular_seat
2020,TX,House,14,unresolved,Democratic | Republican,,requires_state_election_specific_review,tracked_separately_not_implied_by_regular_seat
2020,TX,House,15,unresolved,Democratic | Republican,,requires_state_election_specific_review,tracked_separately_not_implied_by_regular_seat
2020,TX,House,16,unresolved,Democratic | Republican,,requires_state_election_specific_review,tracked_separately_not_implied_by_regular_seat
2020,TX,House,17,unresolved,Democratic | Republican,,requires_state_election_specific_review,tracked_separately_not_implied_by_regular_seat
2020,TX,House,18,unresolved,Democratic | Republican,,requires_state_election_specific_review,tracked_separately_not_implied_by_regular_seat
2020,TX,House,19,unresolved,Democratic | Republican,,requires_state_election_specific_review,tracked_separately_not_implied_by_regular_seat
2020,TX,House,20,unresolved,Democratic | Republican,,requires_state_election_specific_review,tracked_separately_not_implied_by_regular_seat
2020,TX,House,21,unresolved,Democratic | Republican,,requires_state_election_specific_review,tracked_separately_not_implied_by_regular_seat
2020,TX,House,22,unresolved,Democratic | Republican,,requires_state_election_specific_review,tracked_separately_not_implied_by_regular_seat
2020,TX,House,23,unresolved,Democratic | Republican,,requires_state_election_specific_review,tracked_separately_not_implied_by_regular_seat
2020,TX,House,24,unresolved,Democratic | Republican,,requires_state_election_specific_review,tracked_separately_not_implied_by_regular_seat
2020,TX,House,25,unresolved,Democratic | Republican,,requires_state_election_specific_review,tracked_separately_not_implied_by_regular_seat
2020,TX,House,26,unresolved,Democratic | Republican,,requires_state_election_specific_review,tracked_separately_not_implied_by_regular_seat
2020,TX,House,27,unresolved,Democratic | Republican,,requires_state_election_specific_review,tracked_separately_not_implied_by_regular_seat
2020,TX,House,28,unresolved,Democratic | Republican,,requires_state_election_specific_review,tracked_separately_not_implied_by_regular_seat
2020,TX,House,29,unresolved,Democratic | Republican,,requires_state_election_specific_review,tracked_separately_not_implied_by_regular_seat
2020,TX,House,30,unresolved,Democratic | Republican,,requires_state_election_specific_review,tracked_separately_not_implied_by_regular_seat
2020,TX,House,31,unresolved,Democratic | Republican,,requires_state_election_specific_review,tracked_separately_not_implied_by_regular_seat
2020,TX,House,32,unresolved,Democratic | Republican,,requires_state_election_specific_review,tracked_separately_not_implied_by_regular_seat
2020,TX,House,33,unresolved,Democratic | Republican,,requires_state_election_specific_review,tracked_separately_not_implied_by_regular_seat
2020,TX,House,34,unresolved,Democratic | Republican,,requires_state_election_specific_review,tracked_separately_not_implied_by_regular_seat
2020,TX,House,35,unresolved,Democratic | Republican,,requires_state_election_specific_review,tracked_separately_not_implied_by_regular_seat
2020,TX,House,36,unresolved,Democratic | Republican,,requires_state_election_specific_review,tracked_separately_not_implied_by_regular_seat
2020,UT,House,01,unresolved,Democratic | Republican,,requires_state_election_specific_review,tracked_separately_not_implied_by_regular_seat
2020,UT,House,02,unresolved,Democratic | Republican,,requires_state_election_specific_review,tracked_separately_not_implied_by_regular_seat
2020,UT,House,03,unresolved,Democratic | Republican,,requires_state_election_specific_review,tracked_separately_not_implied_by_regular_seat
2020,UT,House,04,unresolved,Democratic | Republican,,requires_state_election_specific_review,tracked_separately_not_implied_by_regular_seat
2020,VA,House,01,unresolved,Democratic | Republican,,requires_state_election_specific_review,tracked_separately_not_implied_by_regular_seat
2020,VA,House,02,unresolved,Democratic | Republican,,requires_state_election_specific_review,tracked_separately_not_implied_by_regular_seat
2020,VA,House,03,unresolved,Democratic | Republican,,requires_state_election_specific_review,tracked_separately_not_implied_by_regular_seat
2020,VA,House,04,unresolved,Democratic | Republican,,requires_state_election_specific_review,tracked_separately_not_implied_by_regular_seat
2020,VA,House,05,unresolved,Democratic | Republican,,requires_state_election_specific_review,tracked_separately_not_implied_by_regular_seat
2020,VA,House,06,unresolved,Democratic | Republican,,requires_state_election_specific_review,tracked_separately_not_implied_by_regular_seat
2020,VA,House,07,unresolved,Democratic | Republican,,requires_state_election_specific_review,tracked_separately_not_implied_by_regular_seat
2020,VA,House,08,unresolved,Democratic | Republican,,requires_state_election_specific_review,tracked_separately_not_implied_by_regular_seat
2020,VA,House,09,unresolved,Democratic | Republican,,requires_state_election_specific_review,tracked_separately_not_implied_by_regular_seat
2020,VA,House,10,unresolved,Democratic | Republican,,requires_state_election_specific_review,tracked_separately_not_implied_by_regular_seat
2020,VA,House,11,unresolved,Democratic | Republican,,requires_state_election_specific_review,tracked_separately_not_implied_by_regular_seat
2020,VI,House,00,unresolved,Democratic | Republican,,requires_state_election_specific_review,tracked_separately_not_implied_by_regular_seat
2020,VT,House,00,unresolved,Democratic | Republican,,requires_state_election_specific_review,tracked_separately_not_implied_by_regular_seat
2020,WA,House,01,unresolved,all-party,,requires_state_election_specific_review,tracked_separately_not_implied_by_regular_seat
2020,WA,House,02,unresolved,all-party,,requires_state_election_specific_review,tracked_separately_not_implied_by_regular_seat
2020,WA,House,03,unresolved,all-party,,requires_state_election_specific_review,tracked_separately_not_implied_by_regular_seat
2020,WA,House,04,unresolved,all-party,,requires_state_election_specific_review,tracked_separately_not_implied_by_regular_seat
2020,WA,House,05,unresolved,all-party,,requires_state_election_specific_review,tracked_separately_not_implied_by_regular_seat
2020,WA,House,06,unresolved,all-party,,requires_state_election_specific_review,tracked_separately_not_implied_by_regular_seat
2020,WA,House,07,unresolved,all-party,,requires_state_election_specific_review,tracked_separately_not_implied_by_regular_seat
2020,WA,House,08,unresolved,all-party,,requires_state_election_specific_review,tracked_separately_not_implied_by_regular_seat
2020,WA,House,09,unresolved,all-party,,requires_state_election_specific_review,tracked_separately_not_implied_by_regular_seat
2020,WA,House,10,unresolved,all-party,,requires_state_election_specific_review,tracked_separately_not_implied_by_regular_seat
2020,WI,House,01,unresolved,Democratic | Republican,,requires_state_election_specific_review,tracked_separately_not_implied_by_regular_seat
2020,WI,House,02,unresolved,Democratic | Republican,,requires_state_election_specific_review,tracked_separately_not_implied_by_regular_seat
2020,WI,House,03,unresolved,Democratic | Republican,,requires_state_election_specific_review,tracked_separately_not_implied_by_regular_seat
2020,WI,House,04,unresolved,Democratic | Republican,,requires_state_election_specific_review,tracked_separately_not_implied_by_regular_seat
2020,WI,House,05,unresolved,Democratic | Republican,,requires_state_election_specific_review,tracked_separately_not_implied_by_regular_seat
2020,WI,House,06,unresolved,Democratic | Republican,,requires_state_election_specific_review,tracked_separately_not_implied_by_regular_seat
2020,WI,House,07,unresolved,Democratic | Republican,,requires_state_election_specific_review,tracked_separately_not_implied_by_regular_seat
2020,WI,House,08,unresolved,Democratic | Republican,,requires_state_election_specific_review,tracked_separately_not_implied_by_regular_seat
2020,WV,House,01,unresolved,Democratic | Republican,,requires_state_election_specific_review,tracked_separately_not_implied_by_regular_seat
2020,WV,House,02,unresolved,Democratic | Republican,,requires_state_election_specific_review,tracked_separately_not_implied_by_regular_seat
2020,WV,House,03,unresolved,Democratic | Republican,,requires_state_election_specific_review,tracked_separately_not_implied_by_regular_seat
2020,WY,House,00,unresolved,Democratic | Republican,,requires_state_election_specific_review,tracked_separately_not_implied_by_regular_seat
2020,AK,Senate,S,unresolved,Democratic | Republican,,requires_state_election_specific_review,tracked_separately_not_implied_by_regular_seat
2020,AL,Senate,S,unresolved,Democratic | Republican,,requires_state_election_specific_review,tracked_separately_not_implied_by_regular_seat
2020,AR,Senate,S,unresolved,Democratic | Republican,,requires_state_election_specific_review,tracked_separately_not_implied_by_regular_seat
2020,CO,Senate,S,unresolved,Democratic | Republican,,requires_state_election_specific_review,tracked_separately_not_implied_by_regular_seat
2020,DE,Senate,S,unresolved,Democratic | Republican,,requires_state_election_specific_review,tracked_separately_not_implied_by_regular_seat
2020,GA,Senate,S,unresolved,Democratic | Republican,,requires_state_election_specific_review,tracked_separately_not_implied_by_regular_seat
2020,IA,Senate,S,unresolved,Democratic | Republican,,requires_state_election_specific_review,tracked_separately_not_implied_by_regular_seat
2020,ID,Senate,S,unresolved,Democratic | Republican,,requires_state_election_specific_review,tracked_separately_not_implied_by_regular_seat
2020,IL,Senate,S,unresolved,Democratic | Republican,,requires_state_election_specific_review,tracked_separately_not_implied_by_regular_seat
2020,KS,Senate,S,unresolved,Democratic | Republican,,requires_state_election_specific_review,tracked_separately_not_implied_by_regular_seat
2020,KY,Senate,S,unresolved,Democratic | Republican,,requires_state_election_specific_review,tracked_separately_not_implied_by_regular_seat
2020,LA,Senate,S,unresolved,all-party,,requires_state_election_specific_review,tracked_separately_not_implied_by_regular_seat
2020,MA,Senate,S,unresolved,Democratic | Republican,,requires_state_election_specific_review,tracked_separately_not_implied_by_regular_seat
2020,ME,Senate,S,unresolved,Democratic | Republican,,requires_state_election_specific_review,tracked_separately_not_implied_by_regular_seat
2020,MI,Senate,S,unresolved,Democratic | Republican,,requires_state_election_specific_review,tracked_separately_not_implied_by_regular_seat
2020,MN,Senate,S,unresolved,Democratic | Republican,,requires_state_election_specific_review,tracked_separately_not_implied_by_regular_seat
2020,MS,Senate,S,unresolved,Democratic | Republican,,requires_state_election_specific_review,tracked_separately_not_implied_by_regular_seat
2020,MT,Senate,S,unresolved,Democratic | Republican,,requires_state_election_specific_review,tracked_separately_not_implied_by_regular_seat
2020,NC,Senate,S,unresolved,Democratic | Republican,,requires_state_election_specific_review,tracked_separately_not_implied_by_regular_seat
2020,NE,Senate,S,unresolved,Democratic | Republican,,requires_state_election_specific_review,tracked_separately_not_implied_by_regular_seat
2020,NH,Senate,S,unresolved,Democratic | Republican,,requires_state_election_specific_review,tracked_separately_not_implied_by_regular_seat
2020,NJ,Senate,S,unresolved,Democratic | Republican,,requires_state_election_specific_review,tracked_separately_not_implied_by_regular_seat
2020,NM,Senate,S,unresolved,Democratic | Republican,,requires_state_election_specific_review,tracked_separately_not_implied_by_regular_seat
2020,OK,Senate,S,unresolved,Democratic | Republican,,requires_state_election_specific_review,tracked_separately_not_implied_by_regular_seat
2020,OR,Senate,S,unresolved,Democratic | Republican,,requires_state_election_specific_review,tracked_separately_not_implied_by_regular_seat
2020,RI,Senate,S,unresolved,Democratic | Republican,,requires_state_election_specific_review,tracked_separately_not_implied_by_regular_seat
2020,SC,Senate,S,unresolved,Democratic | Republican,,requires_state_election_specific_review,tracked_separately_not_implied_by_regular_seat
2020,SD,Senate,S,unresolved,Democratic | Republican,,requires_state_election_specific_review,tracked_separately_not_implied_by_regular_seat
2020,TN,Senate,S,unresolved,Democratic | Republican,,requires_state_election_specific_review,tracked_separately_not_implied_by_regular_seat
2020,TX,Senate,S,unresolved,Democratic | Republican,,requires_state_election_specific_review,tracked_separately_not_implied_by_regular_seat
2020,VA,Senate,S,unresolved,Democratic | Republican,,requires_state_election_specific_review,tracked_separately_not_implied_by_regular_seat
2020,WV,Senate,S,unresolved,Democratic | Republican,,requires_state_election_specific_review,tracked_separately_not_implied_by_regular_seat
2020,WY,Senate,S,unresolved,Democratic | Republican,,requires_state_election_specific_review,tracked_separately_not_implied_by_regular_seat
2022,AK,House,00,unresolved,all-party,,requires_state_election_specific_review,tracked_separately_not_implied_by_regular_seat
2022,AL,House,01,unresolved,Democratic | Republican,,requires_state_election_specific_review,tracked_separately_not_implied_by_regular_seat
2022,AL,House,02,unresolved,Democratic | Republican,,requires_state_election_specific_review,tracked_separately_not_implied_by_regular_seat
2022,AL,House,03,unresolved,Democratic | Republican,,requires_state_election_specific_review,tracked_separately_not_implied_by_regular_seat
2022,AL,House,04,unresolved,Democratic | Republican,,requires_state_election_specific_review,tracked_separately_not_implied_by_regular_seat
2022,AL,House,05,unresolved,Democratic | Republican,,requires_state_election_specific_review,tracked_separately_not_implied_by_regular_seat
2022,AL,House,06,unresolved,Democratic | Republican,,requires_state_election_specific_review,tracked_separately_not_implied_by_regular_seat
2022,AL,House,07,unresolved,Democratic | Republican,,requires_state_election_specific_review,tracked_separately_not_implied_by_regular_seat
2022,AR,House,01,unresolved,Democratic | Republican,,requires_state_election_specific_review,tracked_separately_not_implied_by_regular_seat
2022,AR,House,02,unresolved,Democratic | Republican,,requires_state_election_specific_review,tracked_separately_not_implied_by_regular_seat
2022,AR,House,03,unresolved,Democratic | Republican,,requires_state_election_specific_review,tracked_separately_not_implied_by_regular_seat
2022,AR,House,04,unresolved,Democratic | Republican,,requires_state_election_specific_review,tracked_separately_not_implied_by_regular_seat
2022,AS,House,00,unresolved,all-party,,requires_state_election_specific_review,tracked_separately_not_implied_by_regular_seat
2022,AZ,House,01,unresolved,Democratic | Republican,,requires_state_election_specific_review,tracked_separately_not_implied_by_regular_seat
2022,AZ,House,02,unresolved,Democratic | Republican,,requires_state_election_specific_review,tracked_separately_not_implied_by_regular_seat
2022,AZ,House,03,unresolved,Democratic | Republican,,requires_state_election_specific_review,tracked_separately_not_implied_by_regular_seat
2022,AZ,House,04,unresolved,Democratic | Republican,,requires_state_election_specific_review,tracked_separately_not_implied_by_regular_seat
2022,AZ,House,05,unresolved,Democratic | Republican,,requires_state_election_specific_review,tracked_separately_not_implied_by_regular_seat
2022,AZ,House,06,unresolved,Democratic | Republican,,requires_state_election_specific_review,tracked_separately_not_implied_by_regular_seat
2022,AZ,House,07,unresolved,Democratic | Republican,,requires_state_election_specific_review,tracked_separately_not_implied_by_regular_seat
2022,AZ,House,08,unresolved,Democratic | Republican,,requires_state_election_specific_review,tracked_separately_not_implied_by_regular_seat
2022,AZ,House,09,unresolved,Democratic | Republican,,requires_state_election_specific_review,tracked_separately_not_implied_by_regular_seat
2022,CA,House,01,unresolved,all-party,,requires_state_election_specific_review,tracked_separately_not_implied_by_regular_seat
2022,CA,House,02,unresolved,all-party,,requires_state_election_specific_review,tracked_separately_not_implied_by_regular_seat
2022,CA,House,03,unresolved,all-party,,requires_state_election_specific_review,tracked_separately_not_implied_by_regular_seat
2022,CA,House,04,unresolved,all-party,,requires_state_election_specific_review,tracked_separately_not_implied_by_regular_seat
2022,CA,House,05,unresolved,all-party,,requires_state_election_specific_review,tracked_separately_not_implied_by_regular_seat
2022,CA,House,06,unresolved,all-party,,requires_state_election_specific_review,tracked_separately_not_implied_by_regular_seat
2022,CA,House,07,unresolved,all-party,,requires_state_election_specific_review,tracked_separately_not_implied_by_regular_seat
2022,CA,House,08,unresolved,all-party,,requires_state_election_specific_review,tracked_separately_not_implied_by_regular_seat
2022,CA,House,09,unresolved,all-party,,requires_state_election_specific_review,tracked_separately_not_implied_by_regular_seat
2022,CA,House,10,unresolved,all-party,,requires_state_election_specific_review,tracked_separately_not_implied_by_regular_seat
2022,CA,House,11,unresolved,all-party,,requires_state_election_specific_review,tracked_separately_not_implied_by_regular_seat
2022,CA,House,12,unresolved,all-party,,requires_state_election_specific_review,tracked_separately_not_implied_by_regular_seat
2022,CA,House,13,unresolved,all-party,,requires_state_election_specific_review,tracked_separately_not_implied_by_regular_seat
2022,CA,House,14,unresolved,all-party,,requires_state_election_specific_review,tracked_separately_not_implied_by_regular_seat
2022,CA,House,15,unresolved,all-party,,requires_state_election_specific_review,tracked_separately_not_implied_by_regular_seat
2022,CA,House,16,unresolved,all-party,,requires_state_election_specific_review,tracked_separately_not_implied_by_regular_seat
2022,CA,House,17,unresolved,all-party,,requires_state_election_specific_review,tracked_separately_not_implied_by_regular_seat
2022,CA,House,18,unresolved,all-party,,requires_state_election_specific_review,tracked_separately_not_implied_by_regular_seat
2022,CA,House,19,unresolved,all-party,,requires_state_election_specific_review,tracked_separately_not_implied_by_regular_seat
2022,CA,House,20,unresolved,all-party,,requires_state_election_specific_review,tracked_separately_not_implied_by_regular_seat
2022,CA,House,21,unresolved,all-party,,requires_state_election_specific_review,tracked_separately_not_implied_by_regular_seat
2022,CA,House,22,unresolved,all-party,,requires_state_election_specific_review,tracked_separately_not_implied_by_regular_seat
2022,CA,House,23,unresolved,all-party,,requires_state_election_specific_review,tracked_separately_not_implied_by_regular_seat
2022,CA,House,24,unresolved,all-party,,requires_state_election_specific_review,tracked_separately_not_implied_by_regular_seat
2022,CA,House,25,unresolved,all-party,,requires_state_election_specific_review,tracked_separately_not_implied_by_regular_seat
2022,CA,House,26,unresolved,all-party,,requires_state_election_specific_review,tracked_separately_not_implied_by_regular_seat
2022,CA,House,27,unresolved,all-party,,requires_state_election_specific_review,tracked_separately_not_implied_by_regular_seat
2022,CA,House,28,unresolved,all-party,,requires_state_election_specific_review,tracked_separately_not_implied_by_regular_seat
2022,CA,House,29,unresolved,all-party,,requires_state_election_specific_review,tracked_separately_not_implied_by_regular_seat
2022,CA,House,30,unresolved,all-party,,requires_state_election_specific_review,tracked_separately_not_implied_by_regular_seat
2022,CA,House,31,unresolved,all-party,,requires_state_election_specific_review,tracked_separately_not_implied_by_regular_seat
2022,CA,House,32,unresolved,all-party,,requires_state_election_specific_review,tracked_separately_not_implied_by_regular_seat
2022,CA,House,33,unresolved,all-party,,requires_state_election_specific_review,tracked_separately_not_implied_by_regular_seat
2022,CA,House,34,unresolved,all-party,,requires_state_election_specific_review,tracked_separately_not_implied_by_regular_seat
2022,CA,House,35,unresolved,all-party,,requires_state_election_specific_review,tracked_separately_not_implied_by_regular_seat
2022,CA,House,36,unresolved,all-party,,requires_state_election_specific_review,tracked_separately_not_implied_by_regular_seat
2022,CA,House,37,unresolved,all-party,,requires_state_election_specific_review,tracked_separately_not_implied_by_regular_seat
2022,CA,House,38,unresolved,all-party,,requires_state_election_specific_review,tracked_separately_not_implied_by_regular_seat
2022,CA,House,39,unresolved,all-party,,requires_state_election_specific_review,tracked_separately_not_implied_by_regular_seat
2022,CA,House,40,unresolved,all-party,,requires_state_election_specific_review,tracked_separately_not_implied_by_regular_seat
2022,CA,House,41,unresolved,all-party,,requires_state_election_specific_review,tracked_separately_not_implied_by_regular_seat
2022,CA,House,42,unresolved,all-party,,requires_state_election_specific_review,tracked_separately_not_implied_by_regular_seat
2022,CA,House,43,unresolved,all-party,,requires_state_election_specific_review,tracked_separately_not_implied_by_regular_seat
2022,CA,House,44,unresolved,all-party,,requires_state_election_specific_review,tracked_separately_not_implied_by_regular_seat
2022,CA,House,45,unresolved,all-party,,requires_state_election_specific_review,tracked_separately_not_implied_by_regular_seat
2022,CA,House,46,unresolved,all-party,,requires_state_election_specific_review,tracked_separately_not_implied_by_regular_seat
2022,CA,House,47,unresolved,all-party,,requires_state_election_specific_review,tracked_separately_not_implied_by_regular_seat
2022,CA,House,48,unresolved,all-party,,requires_state_election_specific_review,tracked_separately_not_implied_by_regular_seat
2022,CA,House,49,unresolved,all-party,,requires_state_election_specific_review,tracked_separately_not_implied_by_regular_seat
2022,CA,House,50,unresolved,all-party,,requires_state_election_specific_review,tracked_separately_not_implied_by_regular_seat
2022,CA,House,51,unresolved,all-party,,requires_state_election_specific_review,tracked_separately_not_implied_by_regular_seat
2022,CA,House,52,unresolved,all-party,,requires_state_election_specific_review,tracked_separately_not_implied_by_regular_seat
2022,CO,House,01,unresolved,Democratic | Republican,,requires_state_election_specific_review,tracked_separately_not_implied_by_regular_seat
2022,CO,House,02,unresolved,Democratic | Republican,,requires_state_election_specific_review,tracked_separately_not_implied_by_regular_seat
2022,CO,House,03,unresolved,Democratic | Republican,,requires_state_election_specific_review,tracked_separately_not_implied_by_regular_seat
2022,CO,House,04,unresolved,Democratic | Republican,,requires_state_election_specific_review,tracked_separately_not_implied_by_regular_seat
2022,CO,House,05,unresolved,Democratic | Republican,,requires_state_election_specific_review,tracked_separately_not_implied_by_regular_seat
2022,CO,House,06,unresolved,Democratic | Republican,,requires_state_election_specific_review,tracked_separately_not_implied_by_regular_seat
2022,CO,House,07,unresolved,Democratic | Republican,,requires_state_election_specific_review,tracked_separately_not_implied_by_regular_seat
2022,CO,House,08,unresolved,Democratic | Republican,,requires_state_election_specific_review,tracked_separately_not_implied_by_regular_seat
2022,CT,House,01,unresolved,Democratic | Republican,,requires_state_election_specific_review,tracked_separately_not_implied_by_regular_seat
2022,CT,House,02,unresolved,Democratic | Republican,,requires_state_election_specific_review,tracked_separately_not_implied_by_regular_seat
2022,CT,House,03,unresolved,Democratic | Republican,,requires_state_election_specific_review,tracked_separately_not_implied_by_regular_seat
2022,CT,House,04,unresolved,Democratic | Republican,,requires_state_election_specific_review,tracked_separately_not_implied_by_regular_seat
2022,CT,House,05,unresolved,Democratic | Republican,,requires_state_election_specific_review,tracked_separately_not_implied_by_regular_seat
2022,DC,House,00,unresolved,Democratic | Republican,,requires_state_election_specific_review,tracked_separately_not_implied_by_regular_seat
2022,DE,House,00,unresolved,Democratic | Republican,,requires_state_election_specific_review,tracked_separately_not_implied_by_regular_seat
2022,FL,House,01,unresolved,Democratic | Republican,,requires_state_election_specific_review,tracked_separately_not_implied_by_regular_seat
2022,FL,House,02,unresolved,Democratic | Republican,,requires_state_election_specific_review,tracked_separately_not_implied_by_regular_seat
2022,FL,House,03,unresolved,Democratic | Republican,,requires_state_election_specific_review,tracked_separately_not_implied_by_regular_seat
2022,FL,House,04,unresolved,Democratic | Republican,,requires_state_election_specific_review,tracked_separately_not_implied_by_regular_seat
2022,FL,House,05,unresolved,Democratic | Republican,,requires_state_election_specific_review,tracked_separately_not_implied_by_regular_seat
2022,FL,House,06,unresolved,Democratic | Republican,,requires_state_election_specific_review,tracked_separately_not_implied_by_regular_seat
2022,FL,House,07,unresolved,Democratic | Republican,,requires_state_election_specific_review,tracked_separately_not_implied_by_regular_seat
2022,FL,House,08,unresolved,Democratic | Republican,,requires_state_election_specific_review,tracked_separately_not_implied_by_regular_seat
2022,FL,House,09,unresolved,Democratic | Republican,,requires_state_election_specific_review,tracked_separately_not_implied_by_regular_seat
2022,FL,House,10,unresolved,Democratic | Republican,,requires_state_election_specific_review,tracked_separately_not_implied_by_regular_seat
2022,FL,House,11,unresolved,Democratic | Republican,,requires_state_election_specific_review,tracked_separately_not_implied_by_regular_seat
2022,FL,House,12,unresolved,Democratic | Republican,,requires_state_election_specific_review,tracked_separately_not_implied_by_regular_seat
2022,FL,House,13,unresolved,Democratic | Republican,,requires_state_election_specific_review,tracked_separately_not_implied_by_regular_seat
2022,FL,House,14,unresolved,Democratic | Republican,,requires_state_election_specific_review,tracked_separately_not_implied_by_regular_seat
2022,FL,House,15,unresolved,Democratic | Republican,,requires_state_election_specific_review,tracked_separately_not_implied_by_regular_seat
2022,FL,House,16,unresolved,Democratic | Republican,,requires_state_election_specific_review,tracked_separately_not_implied_by_regular_seat
2022,FL,House,17,unresolved,Democratic | Republican,,requires_state_election_specific_review,tracked_separately_not_implied_by_regular_seat
2022,FL,House,18,unresolved,Democratic | Republican,,requires_state_election_specific_review,tracked_separately_not_implied_by_regular_seat
2022,FL,House,19,unresolved,Democratic | Republican,,requires_state_election_specific_review,tracked_separately_not_implied_by_regular_seat
2022,FL,House,20,unresolved,Democratic | Republican,,requires_state_election_specific_review,tracked_separately_not_implied_by_regular_seat
2022,FL,House,21,unresolved,Democratic | Republican,,requires_state_election_specific_review,tracked_separately_not_implied_by_regular_seat
2022,FL,House,22,unresolved,Democratic | Republican,,requires_state_election_specific_review,tracked_separately_not_implied_by_regular_seat
2022,FL,House,23,unresolved,Democratic | Republican,,requires_state_election_specific_review,tracked_separately_not_implied_by_regular_seat
2022,FL,House,24,unresolved,Democratic | Republican,,requires_state_election_specific_review,tracked_separately_not_implied_by_regular_seat
2022,FL,House,25,unresolved,Democratic | Republican,,requires_state_election_specific_review,tracked_separately_not_implied_by_regular_seat
2022,FL,House,26,unresolved,Democratic | Republican,,requires_state_election_specific_review,tracked_separately_not_implied_by_regular_seat
2022,FL,House,27,unresolved,Democratic | Republican,,requires_state_election_specific_review,tracked_separately_not_implied_by_regular_seat
2022,FL,House,28,unresolved,Democratic | Republican,,requires_state_election_specific_review,tracked_separately_not_implied_by_regular_seat
2022,GA,House,01,unresolved,Democratic | Republican,,requires_state_election_specific_review,tracked_separately_not_implied_by_regular_seat
2022,GA,House,02,unresolved,Democratic | Republican,,requires_state_election_specific_review,tracked_separately_not_implied_by_regular_seat
2022,GA,House,03,unresolved,Democratic | Republican,,requires_state_election_specific_review,tracked_separately_not_implied_by_regular_seat
2022,GA,House,04,unresolved,Democratic | Republican,,requires_state_election_specific_review,tracked_separately_not_implied_by_regular_seat
2022,GA,House,05,unresolved,Democratic | Republican,,requires_state_election_specific_review,tracked_separately_not_implied_by_regular_seat
2022,GA,House,06,unresolved,Democratic | Republican,,requires_state_election_specific_review,tracked_separately_not_implied_by_regular_seat
2022,GA,House,07,unresolved,Democratic | Republican,,requires_state_election_specific_review,tracked_separately_not_implied_by_regular_seat
2022,GA,House,08,unresolved,Democratic | Republican,,requires_state_election_specific_review,tracked_separately_not_implied_by_regular_seat
2022,GA,House,09,unresolved,Democratic | Republican,,requires_state_election_specific_review,tracked_separately_not_implied_by_regular_seat
2022,GA,House,10,unresolved,Democratic | Republican,,requires_state_election_specific_review,tracked_separately_not_implied_by_regular_seat
2022,GA,House,11,unresolved,Democratic | Republican,,requires_state_election_specific_review,tracked_separately_not_implied_by_regular_seat
2022,GA,House,12,unresolved,Democratic | Republican,,requires_state_election_specific_review,tracked_separately_not_implied_by_regular_seat
2022,GA,House,13,unresolved,Democratic | Republican,,requires_state_election_specific_review,tracked_separately_not_implied_by_regular_seat
2022,GA,House,14,unresolved,Democratic | Republican,,requires_state_election_specific_review,tracked_separately_not_implied_by_regular_seat
2022,GU,House,00,unresolved,Democratic | Republican,,requires_state_election_specific_review,tracked_separately_not_implied_by_regular_seat
2022,HI,House,01,unresolved,Democratic | Republican,,requires_state_election_specific_review,tracked_separately_not_implied_by_regular_seat
2022,HI,House,02,unresolved,Democratic | Republican,,requires_state_election_specific_review,tracked_separately_not_implied_by_regular_seat
2022,IA,House,01,unresolved,Democratic | Republican,,requires_state_election_specific_review,tracked_separately_not_implied_by_regular_seat
2022,IA,House,02,unresolved,Democratic | Republican,,requires_state_election_specific_review,tracked_separately_not_implied_by_regular_seat
2022,IA,House,03,unresolved,Democratic | Republican,,requires_state_election_specific_review,tracked_separately_not_implied_by_regular_seat
2022,IA,House,04,unresolved,Democratic | Republican,,requires_state_election_specific_review,tracked_separately_not_implied_by_regular_seat
2022,ID,House,01,unresolved,Democratic | Republican,,requires_state_election_specific_review,tracked_separately_not_implied_by_regular_seat
2022,ID,House,02,unresolved,Democratic | Republican,,requires_state_election_specific_review,tracked_separately_not_implied_by_regular_seat
2022,IL,House,01,unresolved,Democratic | Republican,,requires_state_election_specific_review,tracked_separately_not_implied_by_regular_seat
2022,IL,House,02,unresolved,Democratic | Republican,,requires_state_election_specific_review,tracked_separately_not_implied_by_regular_seat
2022,IL,House,03,unresolved,Democratic | Republican,,requires_state_election_specific_review,tracked_separately_not_implied_by_regular_seat
2022,IL,House,04,unresolved,Democratic | Republican,,requires_state_election_specific_review,tracked_separately_not_implied_by_regular_seat
2022,IL,House,05,unresolved,Democratic | Republican,,requires_state_election_specific_review,tracked_separately_not_implied_by_regular_seat
2022,IL,House,06,unresolved,Democratic | Republican,,requires_state_election_specific_review,tracked_separately_not_implied_by_regular_seat
2022,IL,House,07,unresolved,Democratic | Republican,,requires_state_election_specific_review,tracked_separately_not_implied_by_regular_seat
2022,IL,House,08,unresolved,Democratic | Republican,,requires_state_election_specific_review,tracked_separately_not_implied_by_regular_seat
2022,IL,House,09,unresolved,Democratic | Republican,,requires_state_election_specific_review,tracked_separately_not_implied_by_regular_seat
2022,IL,House,10,unresolved,Democratic | Republican,,requires_state_election_specific_review,tracked_separately_not_implied_by_regular_seat
2022,IL,House,11,unresolved,Democratic | Republican,,requires_state_election_specific_review,tracked_separately_not_implied_by_regular_seat
2022,IL,House,12,unresolved,Democratic | Republican,,requires_state_election_specific_review,tracked_separately_not_implied_by_regular_seat
2022,IL,House,13,unresolved,Democratic | Republican,,requires_state_election_specific_review,tracked_separately_not_implied_by_regular_seat
2022,IL,House,14,unresolved,Democratic | Republican,,requires_state_election_specific_review,tracked_separately_not_implied_by_regular_seat
2022,IL,House,15,unresolved,Democratic | Republican,,requires_state_election_specific_review,tracked_separately_not_implied_by_regular_seat
2022,IL,House,16,unresolved,Democratic | Republican,,requires_state_election_specific_review,tracked_separately_not_implied_by_regular_seat
2022,IL,House,17,unresolved,Democratic | Republican,,requires_state_election_specific_review,tracked_separately_not_implied_by_regular_seat
2022,IN,House,01,unresolved,Democratic | Republican,,requires_state_election_specific_review,tracked_separately_not_implied_by_regular_seat
2022,IN,House,02,unresolved,Democratic | Republican,,requires_state_election_specific_review,tracked_separately_not_implied_by_regular_seat
2022,IN,House,03,unresolved,Democratic | Republican,,requires_state_election_specific_review,tracked_separately_not_implied_by_regular_seat
2022,IN,House,04,unresolved,Democratic | Republican,,requires_state_election_specific_review,tracked_separately_not_implied_by_regular_seat
2022,IN,House,05,unresolved,Democratic | Republican,,requires_state_election_specific_review,tracked_separately_not_implied_by_regular_seat
2022,IN,House,06,unresolved,Democratic | Republican,,requires_state_election_specific_review,tracked_separately_not_implied_by_regular_seat
2022,IN,House,07,unresolved,Democratic | Republican,,requires_state_election_specific_review,tracked_separately_not_implied_by_regular_seat
2022,IN,House,08,unresolved,Democratic | Republican,,requires_state_election_specific_review,tracked_separately_not_implied_by_regular_seat
2022,IN,House,09,unresolved,Democratic | Republican,,requires_state_election_specific_review,tracked_separately_not_implied_by_regular_seat
2022,KS,House,01,unresolved,Democratic | Republican,,requires_state_election_specific_review,tracked_separately_not_implied_by_regular_seat
2022,KS,House,02,unresolved,Democratic | Republican,,requires_state_election_specific_review,tracked_separately_not_implied_by_regular_seat
2022,KS,House,03,unresolved,Democratic | Republican,,requires_state_election_specific_review,tracked_separately_not_implied_by_regular_seat
2022,KS,House,04,unresolved,Democratic | Republican,,requires_state_election_specific_review,tracked_separately_not_implied_by_regular_seat
2022,KY,House,01,unresolved,Democratic | Republican,,requires_state_election_specific_review,tracked_separately_not_implied_by_regular_seat
2022,KY,House,02,unresolved,Democratic | Republican,,requires_state_election_specific_review,tracked_separately_not_implied_by_regular_seat
2022,KY,House,03,unresolved,Democratic | Republican,,requires_state_election_specific_review,tracked_separately_not_implied_by_regular_seat
2022,KY,House,04,unresolved,Democratic | Republican,,requires_state_election_specific_review,tracked_separately_not_implied_by_regular_seat
2022,KY,House,05,unresolved,Democratic | Republican,,requires_state_election_specific_review,tracked_separately_not_implied_by_regular_seat
2022,KY,House,06,unresolved,Democratic | Republican,,requires_state_election_specific_review,tracked_separately_not_implied_by_regular_seat
2022,LA,House,01,unresolved,all-party,,requires_state_election_specific_review,tracked_separately_not_implied_by_regular_seat
2022,LA,House,02,unresolved,all-party,,requires_state_election_specific_review,tracked_separately_not_implied_by_regular_seat
2022,LA,House,03,unresolved,all-party,,requires_state_election_specific_review,tracked_separately_not_implied_by_regular_seat
2022,LA,House,04,unresolved,all-party,,requires_state_election_specific_review,tracked_separately_not_implied_by_regular_seat
2022,LA,House,05,unresolved,all-party,,requires_state_election_specific_review,tracked_separately_not_implied_by_regular_seat
2022,LA,House,06,unresolved,all-party,,requires_state_election_specific_review,tracked_separately_not_implied_by_regular_seat
2022,MA,House,01,unresolved,Democratic | Republican,,requires_state_election_specific_review,tracked_separately_not_implied_by_regular_seat
2022,MA,House,02,unresolved,Democratic | Republican,,requires_state_election_specific_review,tracked_separately_not_implied_by_regular_seat
2022,MA,House,03,unresolved,Democratic | Republican,,requires_state_election_specific_review,tracked_separately_not_implied_by_regular_seat
2022,MA,House,04,unresolved,Democratic | Republican,,requires_state_election_specific_review,tracked_separately_not_implied_by_regular_seat
2022,MA,House,05,unresolved,Democratic | Republican,,requires_state_election_specific_review,tracked_separately_not_implied_by_regular_seat
2022,MA,House,06,unresolved,Democratic | Republican,,requires_state_election_specific_review,tracked_separately_not_implied_by_regular_seat
2022,MA,House,07,unresolved,Democratic | Republican,,requires_state_election_specific_review,tracked_separately_not_implied_by_regular_seat
2022,MA,House,08,unresolved,Democratic | Republican,,requires_state_election_specific_review,tracked_separately_not_implied_by_regular_seat
2022,MA,House,09,unresolved,Democratic | Republican,,requires_state_election_specific_review,tracked_separately_not_implied_by_regular_seat
2022,MD,House,01,unresolved,Democratic | Republican,,requires_state_election_specific_review,tracked_separately_not_implied_by_regular_seat
2022,MD,House,02,unresolved,Democratic | Republican,,requires_state_election_specific_review,tracked_separately_not_implied_by_regular_seat
2022,MD,House,03,unresolved,Democratic | Republican,,requires_state_election_specific_review,tracked_separately_not_implied_by_regular_seat
2022,MD,House,04,unresolved,Democratic | Republican,,requires_state_election_specific_review,tracked_separately_not_implied_by_regular_seat
2022,MD,House,05,unresolved,Democratic | Republican,,requires_state_election_specific_review,tracked_separately_not_implied_by_regular_seat
2022,MD,House,06,unresolved,Democratic | Republican,,requires_state_election_specific_review,tracked_separately_not_implied_by_regular_seat
2022,MD,House,07,unresolved,Democratic | Republican,,requires_state_election_specific_review,tracked_separately_not_implied_by_regular_seat
2022,MD,House,08,unresolved,Democratic | Republican,,requires_state_election_specific_review,tracked_separately_not_implied_by_regular_seat
2022,ME,House,01,unresolved,Democratic | Republican,,requires_state_election_specific_review,tracked_separately_not_implied_by_regular_seat
2022,ME,House,02,unresolved,Democratic | Republican,,requires_state_election_specific_review,tracked_separately_not_implied_by_regular_seat
2022,MI,House,01,unresolved,Democratic | Republican,,requires_state_election_specific_review,tracked_separately_not_implied_by_regular_seat
2022,MI,House,02,unresolved,Democratic | Republican,,requires_state_election_specific_review,tracked_separately_not_implied_by_regular_seat
2022,MI,House,03,unresolved,Democratic | Republican,,requires_state_election_specific_review,tracked_separately_not_implied_by_regular_seat
2022,MI,House,04,unresolved,Democratic | Republican,,requires_state_election_specific_review,tracked_separately_not_implied_by_regular_seat
2022,MI,House,05,unresolved,Democratic | Republican,,requires_state_election_specific_review,tracked_separately_not_implied_by_regular_seat
2022,MI,House,06,unresolved,Democratic | Republican,,requires_state_election_specific_review,tracked_separately_not_implied_by_regular_seat
2022,MI,House,07,unresolved,Democratic | Republican,,requires_state_election_specific_review,tracked_separately_not_implied_by_regular_seat
2022,MI,House,08,unresolved,Democratic | Republican,,requires_state_election_specific_review,tracked_separately_not_implied_by_regular_seat
2022,MI,House,09,unresolved,Democratic | Republican,,requires_state_election_specific_review,tracked_separately_not_implied_by_regular_seat
2022,MI,House,10,unresolved,Democratic | Republican,,requires_state_election_specific_review,tracked_separately_not_implied_by_regular_seat
2022,MI,House,11,unresolved,Democratic | Republican,,requires_state_election_specific_review,tracked_separately_not_implied_by_regular_seat
2022,MI,House,12,unresolved,Democratic | Republican,,requires_state_election_specific_review,tracked_separately_not_implied_by_regular_seat
2022,MI,House,13,unresolved,Democratic | Republican,,requires_state_election_specific_review,tracked_separately_not_implied_by_regular_seat
2022,MN,House,01,unresolved,Democratic | Republican,,requires_state_election_specific_review,tracked_separately_not_implied_by_regular_seat
2022,MN,House,02,unresolved,Democratic | Republican,,requires_state_election_specific_review,tracked_separately_not_implied_by_regular_seat
2022,MN,House,03,unresolved,Democratic | Republican,,requires_state_election_specific_review,tracked_separately_not_implied_by_regular_seat
2022,MN,House,04,unresolved,Democratic | Republican,,requires_state_election_specific_review,tracked_separately_not_implied_by_regular_seat
2022,MN,House,05,unresolved,Democratic | Republican,,requires_state_election_specific_review,tracked_separately_not_implied_by_regular_seat
2022,MN,House,06,unresolved,Democratic | Republican,,requires_state_election_specific_review,tracked_separately_not_implied_by_regular_seat
2022,MN,House,07,unresolved,Democratic | Republican,,requires_state_election_specific_review,tracked_separately_not_implied_by_regular_seat
2022,MN,House,08,unresolved,Democratic | Republican,,requires_state_election_specific_review,tracked_separately_not_implied_by_regular_seat
2022,MO,House,01,unresolved,Democratic | Republican,,requires_state_election_specific_review,tracked_separately_not_implied_by_regular_seat
2022,MO,House,02,unresolved,Democratic | Republican,,requires_state_election_specific_review,tracked_separately_not_implied_by_regular_seat
2022,MO,House,03,unresolved,Democratic | Republican,,requires_state_election_specific_review,tracked_separately_not_implied_by_regular_seat
2022,MO,House,04,unresolved,Democratic | Republican,,requires_state_election_specific_review,tracked_separately_not_implied_by_regular_seat
2022,MO,House,05,unresolved,Democratic | Republican,,requires_state_election_specific_review,tracked_separately_not_implied_by_regular_seat
2022,MO,House,06,unresolved,Democratic | Republican,,requires_state_election_specific_review,tracked_separately_not_implied_by_regular_seat
2022,MO,House,07,unresolved,Democratic | Republican,,requires_state_election_specific_review,tracked_separately_not_implied_by_regular_seat
2022,MO,House,08,unresolved,Democratic | Republican,,requires_state_election_specific_review,tracked_separately_not_implied_by_regular_seat
2022,MP,House,00,unresolved,all-party,,requires_state_election_specific_review,tracked_separately_not_implied_by_regular_seat
2022,MS,House,01,unresolved,Democratic | Republican,,requires_state_election_specific_review,tracked_separately_not_implied_by_regular_seat
2022,MS,House,02,unresolved,Democratic | Republican,,requires_state_election_specific_review,tracked_separately_not_implied_by_regular_seat
2022,MS,House,03,unresolved,Democratic | Republican,,requires_state_election_specific_review,tracked_separately_not_implied_by_regular_seat
2022,MS,House,04,unresolved,Democratic | Republican,,requires_state_election_specific_review,tracked_separately_not_implied_by_regular_seat
2022,MT,House,01,unresolved,Democratic | Republican,,requires_state_election_specific_review,tracked_separately_not_implied_by_regular_seat
2022,MT,House,02,unresolved,Democratic | Republican,,requires_state_election_specific_review,tracked_separately_not_implied_by_regular_seat
2022,NC,House,01,unresolved,Democratic | Republican,,requires_state_election_specific_review,tracked_separately_not_implied_by_regular_seat
2022,NC,House,02,unresolved,Democratic | Republican,,requires_state_election_specific_review,tracked_separately_not_implied_by_regular_seat
2022,NC,House,03,unresolved,Democratic | Republican,,requires_state_election_specific_review,tracked_separately_not_implied_by_regular_seat
2022,NC,House,04,unresolved,Democratic | Republican,,requires_state_election_specific_review,tracked_separately_not_implied_by_regular_seat
2022,NC,House,05,unresolved,Democratic | Republican,,requires_state_election_specific_review,tracked_separately_not_implied_by_regular_seat
2022,NC,House,06,unresolved,Democratic | Republican,,requires_state_election_specific_review,tracked_separately_not_implied_by_regular_seat
2022,NC,House,07,unresolved,Democratic | Republican,,requires_state_election_specific_review,tracked_separately_not_implied_by_regular_seat
2022,NC,House,08,unresolved,Democratic | Republican,,requires_state_election_specific_review,tracked_separately_not_implied_by_regular_seat
2022,NC,House,09,unresolved,Democratic | Republican,,requires_state_election_specific_review,tracked_separately_not_implied_by_regular_seat
2022,NC,House,10,unresolved,Democratic | Republican,,requires_state_election_specific_review,tracked_separately_not_implied_by_regular_seat
2022,NC,House,11,unresolved,Democratic | Republican,,requires_state_election_specific_review,tracked_separately_not_implied_by_regular_seat
2022,NC,House,12,unresolved,Democratic | Republican,,requires_state_election_specific_review,tracked_separately_not_implied_by_regular_seat
2022,NC,House,13,unresolved,Democratic | Republican,,requires_state_election_specific_review,tracked_separately_not_implied_by_regular_seat
2022,NC,House,14,unresolved,Democratic | Republican,,requires_state_election_specific_review,tracked_separately_not_implied_by_regular_seat
2022,ND,House,00,unresolved,Democratic | Republican,,requires_state_election_specific_review,tracked_separately_not_implied_by_regular_seat
2022,NE,House,01,unresolved,Democratic | Republican,,requires_state_election_specific_review,tracked_separately_not_implied_by_regular_seat
2022,NE,House,02,unresolved,Democratic | Republican,,requires_state_election_specific_review,tracked_separately_not_implied_by_regular_seat
2022,NE,House,03,unresolved,Democratic | Republican,,requires_state_election_specific_review,tracked_separately_not_implied_by_regular_seat
2022,NH,House,01,unresolved,Democratic | Republican,,requires_state_election_specific_review,tracked_separately_not_implied_by_regular_seat
2022,NH,House,02,unresolved,Democratic | Republican,,requires_state_election_specific_review,tracked_separately_not_implied_by_regular_seat
2022,NJ,House,01,unresolved,Democratic | Republican,,requires_state_election_specific_review,tracked_separately_not_implied_by_regular_seat
2022,NJ,House,02,unresolved,Democratic | Republican,,requires_state_election_specific_review,tracked_separately_not_implied_by_regular_seat
2022,NJ,House,03,unresolved,Democratic | Republican,,requires_state_election_specific_review,tracked_separately_not_implied_by_regular_seat
2022,NJ,House,04,unresolved,Democratic | Republican,,requires_state_election_specific_review,tracked_separately_not_implied_by_regular_seat
2022,NJ,House,05,unresolved,Democratic | Republican,,requires_state_election_specific_review,tracked_separately_not_implied_by_regular_seat
2022,NJ,House,06,unresolved,Democratic | Republican,,requires_state_election_specific_review,tracked_separately_not_implied_by_regular_seat
2022,NJ,House,07,unresolved,Democratic | Republican,,requires_state_election_specific_review,tracked_separately_not_implied_by_regular_seat
2022,NJ,House,08,unresolved,Democratic | Republican,,requires_state_election_specific_review,tracked_separately_not_implied_by_regular_seat
2022,NJ,House,09,unresolved,Democratic | Republican,,requires_state_election_specific_review,tracked_separately_not_implied_by_regular_seat
2022,NJ,House,10,unresolved,Democratic | Republican,,requires_state_election_specific_review,tracked_separately_not_implied_by_regular_seat
2022,NJ,House,11,unresolved,Democratic | Republican,,requires_state_election_specific_review,tracked_separately_not_implied_by_regular_seat
2022,NJ,House,12,unresolved,Democratic | Republican,,requires_state_election_specific_review,tracked_separately_not_implied_by_regular_seat
2022,NM,House,01,unresolved,Democratic | Republican,,requires_state_election_specific_review,tracked_separately_not_implied_by_regular_seat
2022,NM,House,02,unresolved,Democratic | Republican,,requires_state_election_specific_review,tracked_separately_not_implied_by_regular_seat
2022,NM,House,03,unresolved,Democratic | Republican,,requires_state_election_specific_review,tracked_separately_not_implied_by_regular_seat
2022,NV,House,01,unresolved,Democratic | Republican,,requires_state_election_specific_review,tracked_separately_not_implied_by_regular_seat
2022,NV,House,02,unresolved,Democratic | Republican,,requires_state_election_specific_review,tracked_separately_not_implied_by_regular_seat
2022,NV,House,03,unresolved,Democratic | Republican,,requires_state_election_specific_review,tracked_separately_not_implied_by_regular_seat
2022,NV,House,04,unresolved,Democratic | Republican,,requires_state_election_specific_review,tracked_separately_not_implied_by_regular_seat
2022,NY,House,01,unresolved,Democratic | Republican,,requires_state_election_specific_review,tracked_separately_not_implied_by_regular_seat
2022,NY,House,02,unresolved,Democratic | Republican,,requires_state_election_specific_review,tracked_separately_not_implied_by_regular_seat
2022,NY,House,03,unresolved,Democratic | Republican,,requires_state_election_specific_review,tracked_separately_not_implied_by_regular_seat
2022,NY,House,04,unresolved,Democratic | Republican,,requires_state_election_specific_review,tracked_separately_not_implied_by_regular_seat
2022,NY,House,05,unresolved,Democratic | Republican,,requires_state_election_specific_review,tracked_separately_not_implied_by_regular_seat
2022,NY,House,06,unresolved,Democratic | Republican,,requires_state_election_specific_review,tracked_separately_not_implied_by_regular_seat
2022,NY,House,07,unresolved,Democratic | Republican,,requires_state_election_specific_review,tracked_separately_not_implied_by_regular_seat
2022,NY,House,08,unresolved,Democratic | Republican,,requires_state_election_specific_review,tracked_separately_not_implied_by_regular_seat
2022,NY,House,09,unresolved,Democratic | Republican,,requires_state_election_specific_review,tracked_separately_not_implied_by_regular_seat
2022,NY,House,10,unresolved,Democratic | Republican,,requires_state_election_specific_review,tracked_separately_not_implied_by_regular_seat
2022,NY,House,11,unresolved,Democratic | Republican,,requires_state_election_specific_review,tracked_separately_not_implied_by_regular_seat
2022,NY,House,12,unresolved,Democratic | Republican,,requires_state_election_specific_review,tracked_separately_not_implied_by_regular_seat
2022,NY,House,13,unresolved,Democratic | Republican,,requires_state_election_specific_review,tracked_separately_not_implied_by_regular_seat
2022,NY,House,14,unresolved,Democratic | Republican,,requires_state_election_specific_review,tracked_separately_not_implied_by_regular_seat
2022,NY,House,15,unresolved,Democratic | Republican,,requires_state_election_specific_review,tracked_separately_not_implied_by_regular_seat
2022,NY,House,16,unresolved,Democratic | Republican,,requires_state_election_specific_review,tracked_separately_not_implied_by_regular_seat
2022,NY,House,17,unresolved,Democratic | Republican,,requires_state_election_specific_review,tracked_separately_not_implied_by_regular_seat
2022,NY,House,18,unresolved,Democratic | Republican,,requires_state_election_specific_review,tracked_separately_not_implied_by_regular_seat
2022,NY,House,19,unresolved,Democratic | Republican,,requires_state_election_specific_review,tracked_separately_not_implied_by_regular_seat
2022,NY,House,20,unresolved,Democratic | Republican,,requires_state_election_specific_review,tracked_separately_not_implied_by_regular_seat
2022,NY,House,21,unresolved,Democratic | Republican,,requires_state_election_specific_review,tracked_separately_not_implied_by_regular_seat
2022,NY,House,22,unresolved,Democratic | Republican,,requires_state_election_specific_review,tracked_separately_not_implied_by_regular_seat
2022,NY,House,23,unresolved,Democratic | Republican,,requires_state_election_specific_review,tracked_separately_not_implied_by_regular_seat
2022,NY,House,24,unresolved,Democratic | Republican,,requires_state_election_specific_review,tracked_separately_not_implied_by_regular_seat
2022,NY,House,25,unresolved,Democratic | Republican,,requires_state_election_specific_review,tracked_separately_not_implied_by_regular_seat
2022,NY,House,26,unresolved,Democratic | Republican,,requires_state_election_specific_review,tracked_separately_not_implied_by_regular_seat
2022,OH,House,01,unresolved,Democratic | Republican,,requires_state_election_specific_review,tracked_separately_not_implied_by_regular_seat
2022,OH,House,02,unresolved,Democratic | Republican,,requires_state_election_specific_review,tracked_separately_not_implied_by_regular_seat
2022,OH,House,03,unresolved,Democratic | Republican,,requires_state_election_specific_review,tracked_separately_not_implied_by_regular_seat
2022,OH,House,04,unresolved,Democratic | Republican,,requires_state_election_specific_review,tracked_separately_not_implied_by_regular_seat
2022,OH,House,05,unresolved,Democratic | Republican,,requires_state_election_specific_review,tracked_separately_not_implied_by_regular_seat
2022,OH,House,06,unresolved,Democratic | Republican,,requires_state_election_specific_review,tracked_separately_not_implied_by_regular_seat
2022,OH,House,07,unresolved,Democratic | Republican,,requires_state_election_specific_review,tracked_separately_not_implied_by_regular_seat
2022,OH,House,08,unresolved,Democratic | Republican,,requires_state_election_specific_review,tracked_separately_not_implied_by_regular_seat
2022,OH,House,09,unresolved,Democratic | Republican,,requires_state_election_specific_review,tracked_separately_not_implied_by_regular_seat
2022,OH,House,10,unresolved,Democratic | Republican,,requires_state_election_specific_review,tracked_separately_not_implied_by_regular_seat
2022,OH,House,11,unresolved,Democratic | Republican,,requires_state_election_specific_review,tracked_separately_not_implied_by_regular_seat
2022,OH,House,12,unresolved,Democratic | Republican,,requires_state_election_specific_review,tracked_separately_not_implied_by_regular_seat
2022,OH,House,13,unresolved,Democratic | Republican,,requires_state_election_specific_review,tracked_separately_not_implied_by_regular_seat
2022,OH,House,14,unresolved,Democratic | Republican,,requires_state_election_specific_review,tracked_separately_not_implied_by_regular_seat
2022,OH,House,15,unresolved,Democratic | Republican,,requires_state_election_specific_review,tracked_separately_not_implied_by_regular_seat
2022,OK,House,01,unresolved,Democratic | Republican,,requires_state_election_specific_review,tracked_separately_not_implied_by_regular_seat
2022,OK,House,02,unresolved,Democratic | Republican,,requires_state_election_specific_review,tracked_separately_not_implied_by_regular_seat
2022,OK,House,03,unresolved,Democratic | Republican,,requires_state_election_specific_review,tracked_separately_not_implied_by_regular_seat
2022,OK,House,04,unresolved,Democratic | Republican,,requires_state_election_specific_review,tracked_separately_not_implied_by_regular_seat
2022,OK,House,05,unresolved,Democratic | Republican,,requires_state_election_specific_review,tracked_separately_not_implied_by_regular_seat
2022,OR,House,01,unresolved,Democratic | Republican,,requires_state_election_specific_review,tracked_separately_not_implied_by_regular_seat
2022,OR,House,02,unresolved,Democratic | Republican,,requires_state_election_specific_review,tracked_separately_not_implied_by_regular_seat
2022,OR,House,03,unresolved,Democratic | Republican,,requires_state_election_specific_review,tracked_separately_not_implied_by_regular_seat
2022,OR,House,04,unresolved,Democratic | Republican,,requires_state_election_specific_review,tracked_separately_not_implied_by_regular_seat
2022,OR,House,05,unresolved,Democratic | Republican,,requires_state_election_specific_review,tracked_separately_not_implied_by_regular_seat
2022,OR,House,06,unresolved,Democratic | Republican,,requires_state_election_specific_review,tracked_separately_not_implied_by_regular_seat
2022,PA,House,01,unresolved,Democratic | Republican,,requires_state_election_specific_review,tracked_separately_not_implied_by_regular_seat
2022,PA,House,02,unresolved,Democratic | Republican,,requires_state_election_specific_review,tracked_separately_not_implied_by_regular_seat
2022,PA,House,03,unresolved,Democratic | Republican,,requires_state_election_specific_review,tracked_separately_not_implied_by_regular_seat
2022,PA,House,04,unresolved,Democratic | Republican,,requires_state_election_specific_review,tracked_separately_not_implied_by_regular_seat
2022,PA,House,05,unresolved,Democratic | Republican,,requires_state_election_specific_review,tracked_separately_not_implied_by_regular_seat
2022,PA,House,06,unresolved,Democratic | Republican,,requires_state_election_specific_review,tracked_separately_not_implied_by_regular_seat
2022,PA,House,07,unresolved,Democratic | Republican,,requires_state_election_specific_review,tracked_separately_not_implied_by_regular_seat
2022,PA,House,08,unresolved,Democratic | Republican,,requires_state_election_specific_review,tracked_separately_not_implied_by_regular_seat
2022,PA,House,09,unresolved,Democratic | Republican,,requires_state_election_specific_review,tracked_separately_not_implied_by_regular_seat
2022,PA,House,10,unresolved,Democratic | Republican,,requires_state_election_specific_review,tracked_separately_not_implied_by_regular_seat
2022,PA,House,11,unresolved,Democratic | Republican,,requires_state_election_specific_review,tracked_separately_not_implied_by_regular_seat
2022,PA,House,12,unresolved,Democratic | Republican,,requires_state_election_specific_review,tracked_separately_not_implied_by_regular_seat
2022,PA,House,13,unresolved,Democratic | Republican,,requires_state_election_specific_review,tracked_separately_not_implied_by_regular_seat
2022,PA,House,14,unresolved,Democratic | Republican,,requires_state_election_specific_review,tracked_separately_not_implied_by_regular_seat
2022,PA,House,15,unresolved,Democratic | Republican,,requires_state_election_specific_review,tracked_separately_not_implied_by_regular_seat
2022,PA,House,16,unresolved,Democratic | Republican,,requires_state_election_specific_review,tracked_separately_not_implied_by_regular_seat
2022,PA,House,17,unresolved,Democratic | Republican,,requires_state_election_specific_review,tracked_separately_not_implied_by_regular_seat
2022,RI,House,01,unresolved,Democratic | Republican,,requires_state_election_specific_review,tracked_separately_not_implied_by_regular_seat
2022,RI,House,02,unresolved,Democratic | Republican,,requires_state_election_specific_review,tracked_separately_not_implied_by_regular_seat
2022,SC,House,01,unresolved,Democratic | Republican,,requires_state_election_specific_review,tracked_separately_not_implied_by_regular_seat
2022,SC,House,02,unresolved,Democratic | Republican,,requires_state_election_specific_review,tracked_separately_not_implied_by_regular_seat
2022,SC,House,03,unresolved,Democratic | Republican,,requires_state_election_specific_review,tracked_separately_not_implied_by_regular_seat
2022,SC,House,04,unresolved,Democratic | Republican,,requires_state_election_specific_review,tracked_separately_not_implied_by_regular_seat
2022,SC,House,05,unresolved,Democratic | Republican,,requires_state_election_specific_review,tracked_separately_not_implied_by_regular_seat
2022,SC,House,06,unresolved,Democratic | Republican,,requires_state_election_specific_review,tracked_separately_not_implied_by_regular_seat
2022,SC,House,07,unresolved,Democratic | Republican,,requires_state_election_specific_review,tracked_separately_not_implied_by_regular_seat
2022,SD,House,00,unresolved,Democratic | Republican,,requires_state_election_specific_review,tracked_separately_not_implied_by_regular_seat
2022,TN,House,01,unresolved,Democratic | Republican,,requires_state_election_specific_review,tracked_separately_not_implied_by_regular_seat
2022,TN,House,02,unresolved,Democratic | Republican,,requires_state_election_specific_review,tracked_separately_not_implied_by_regular_seat
2022,TN,House,03,unresolved,Democratic | Republican,,requires_state_election_specific_review,tracked_separately_not_implied_by_regular_seat
2022,TN,House,04,unresolved,Democratic | Republican,,requires_state_election_specific_review,tracked_separately_not_implied_by_regular_seat
2022,TN,House,05,unresolved,Democratic | Republican,,requires_state_election_specific_review,tracked_separately_not_implied_by_regular_seat
2022,TN,House,06,unresolved,Democratic | Republican,,requires_state_election_specific_review,tracked_separately_not_implied_by_regular_seat
2022,TN,House,07,unresolved,Democratic | Republican,,requires_state_election_specific_review,tracked_separately_not_implied_by_regular_seat
2022,TN,House,08,unresolved,Democratic | Republican,,requires_state_election_specific_review,tracked_separately_not_implied_by_regular_seat
2022,TN,House,09,unresolved,Democratic | Republican,,requires_state_election_specific_review,tracked_separately_not_implied_by_regular_seat
2022,TX,House,01,unresolved,Democratic | Republican,,requires_state_election_specific_review,tracked_separately_not_implied_by_regular_seat
2022,TX,House,02,unresolved,Democratic | Republican,,requires_state_election_specific_review,tracked_separately_not_implied_by_regular_seat
2022,TX,House,03,unresolved,Democratic | Republican,,requires_state_election_specific_review,tracked_separately_not_implied_by_regular_seat
2022,TX,House,04,unresolved,Democratic | Republican,,requires_state_election_specific_review,tracked_separately_not_implied_by_regular_seat
2022,TX,House,05,unresolved,Democratic | Republican,,requires_state_election_specific_review,tracked_separately_not_implied_by_regular_seat
2022,TX,House,06,unresolved,Democratic | Republican,,requires_state_election_specific_review,tracked_separately_not_implied_by_regular_seat
2022,TX,House,07,unresolved,Democratic | Republican,,requires_state_election_specific_review,tracked_separately_not_implied_by_regular_seat
2022,TX,House,08,unresolved,Democratic | Republican,,requires_state_election_specific_review,tracked_separately_not_implied_by_regular_seat
2022,TX,House,09,unresolved,Democratic | Republican,,requires_state_election_specific_review,tracked_separately_not_implied_by_regular_seat
2022,TX,House,10,unresolved,Democratic | Republican,,requires_state_election_specific_review,tracked_separately_not_implied_by_regular_seat
2022,TX,House,11,unresolved,Democratic | Republican,,requires_state_election_specific_review,tracked_separately_not_implied_by_regular_seat
2022,TX,House,12,unresolved,Democratic | Republican,,requires_state_election_specific_review,tracked_separately_not_implied_by_regular_seat
2022,TX,House,13,unresolved,Democratic | Republican,,requires_state_election_specific_review,tracked_separately_not_implied_by_regular_seat
2022,TX,House,14,unresolved,Democratic | Republican,,requires_state_election_specific_review,tracked_separately_not_implied_by_regular_seat
2022,TX,House,15,unresolved,Democratic | Republican,,requires_state_election_specific_review,tracked_separately_not_implied_by_regular_seat
2022,TX,House,16,unresolved,Democratic | Republican,,requires_state_election_specific_review,tracked_separately_not_implied_by_regular_seat
2022,TX,House,17,unresolved,Democratic | Republican,,requires_state_election_specific_review,tracked_separately_not_implied_by_regular_seat
2022,TX,House,18,unresolved,Democratic | Republican,,requires_state_election_specific_review,tracked_separately_not_implied_by_regular_seat
2022,TX,House,19,unresolved,Democratic | Republican,,requires_state_election_specific_review,tracked_separately_not_implied_by_regular_seat
2022,TX,House,20,unresolved,Democratic | Republican,,requires_state_election_specific_review,tracked_separately_not_implied_by_regular_seat
2022,TX,House,21,unresolved,Democratic | Republican,,requires_state_election_specific_review,tracked_separately_not_implied_by_regular_seat
2022,TX,House,22,unresolved,Democratic | Republican,,requires_state_election_specific_review,tracked_separately_not_implied_by_regular_seat
2022,TX,House,23,unresolved,Democratic | Republican,,requires_state_election_specific_review,tracked_separately_not_implied_by_regular_seat
2022,TX,House,24,unresolved,Democratic | Republican,,requires_state_election_specific_review,tracked_separately_not_implied_by_regular_seat
2022,TX,House,25,unresolved,Democratic | Republican,,requires_state_election_specific_review,tracked_separately_not_implied_by_regular_seat
2022,TX,House,26,unresolved,Democratic | Republican,,requires_state_election_specific_review,tracked_separately_not_implied_by_regular_seat
2022,TX,House,27,unresolved,Democratic | Republican,,requires_state_election_specific_review,tracked_separately_not_implied_by_regular_seat
2022,TX,House,28,unresolved,Democratic | Republican,,requires_state_election_specific_review,tracked_separately_not_implied_by_regular_seat
2022,TX,House,29,unresolved,Democratic | Republican,,requires_state_election_specific_review,tracked_separately_not_implied_by_regular_seat
2022,TX,House,30,unresolved,Democratic | Republican,,requires_state_election_specific_review,tracked_separately_not_implied_by_regular_seat
2022,TX,House,31,unresolved,Democratic | Republican,,requires_state_election_specific_review,tracked_separately_not_implied_by_regular_seat
2022,TX,House,32,unresolved,Democratic | Republican,,requires_state_election_specific_review,tracked_separately_not_implied_by_regular_seat
2022,TX,House,33,unresolved,Democratic | Republican,,requires_state_election_specific_review,tracked_separately_not_implied_by_regular_seat
2022,TX,House,34,unresolved,Democratic | Republican,,requires_state_election_specific_review,tracked_separately_not_implied_by_regular_seat
2022,TX,House,35,unresolved,Democratic | Republican,,requires_state_election_specific_review,tracked_separately_not_implied_by_regular_seat
2022,TX,House,36,unresolved,Democratic | Republican,,requires_state_election_specific_review,tracked_separately_not_implied_by_regular_seat
2022,TX,House,37,unresolved,Democratic | Republican,,requires_state_election_specific_review,tracked_separately_not_implied_by_regular_seat
2022,TX,House,38,unresolved,Democratic | Republican,,requires_state_election_specific_review,tracked_separately_not_implied_by_regular_seat
2022,UT,House,01,unresolved,Democratic | Republican,,requires_state_election_specific_review,tracked_separately_not_implied_by_regular_seat
2022,UT,House,02,unresolved,Democratic | Republican,,requires_state_election_specific_review,tracked_separately_not_implied_by_regular_seat
2022,UT,House,03,unresolved,Democratic | Republican,,requires_state_election_specific_review,tracked_separately_not_implied_by_regular_seat
2022,UT,House,04,unresolved,Democratic | Republican,,requires_state_election_specific_review,tracked_separately_not_implied_by_regular_seat
2022,VA,House,01,unresolved,Democratic | Republican,,requires_state_election_specific_review,tracked_separately_not_implied_by_regular_seat
2022,VA,House,02,unresolved,Democratic | Republican,,requires_state_election_specific_review,tracked_separately_not_implied_by_regular_seat
2022,VA,House,03,unresolved,Democratic | Republican,,requires_state_election_specific_review,tracked_separately_not_implied_by_regular_seat
2022,VA,House,04,unresolved,Democratic | Republican,,requires_state_election_specific_review,tracked_separately_not_implied_by_regular_seat
2022,VA,House,05,unresolved,Democratic | Republican,,requires_state_election_specific_review,tracked_separately_not_implied_by_regular_seat
2022,VA,House,06,unresolved,Democratic | Republican,,requires_state_election_specific_review,tracked_separately_not_implied_by_regular_seat
2022,VA,House,07,unresolved,Democratic | Republican,,requires_state_election_specific_review,tracked_separately_not_implied_by_regular_seat
2022,VA,House,08,unresolved,Democratic | Republican,,requires_state_election_specific_review,tracked_separately_not_implied_by_regular_seat
2022,VA,House,09,unresolved,Democratic | Republican,,requires_state_election_specific_review,tracked_separately_not_implied_by_regular_seat
2022,VA,House,10,unresolved,Democratic | Republican,,requires_state_election_specific_review,tracked_separately_not_implied_by_regular_seat
2022,VA,House,11,unresolved,Democratic | Republican,,requires_state_election_specific_review,tracked_separately_not_implied_by_regular_seat
2022,VI,House,00,unresolved,Democratic | Republican,,requires_state_election_specific_review,tracked_separately_not_implied_by_regular_seat
2022,VT,House,00,unresolved,Democratic | Republican,,requires_state_election_specific_review,tracked_separately_not_implied_by_regular_seat
2022,WA,House,01,unresolved,all-party,,requires_state_election_specific_review,tracked_separately_not_implied_by_regular_seat
2022,WA,House,02,unresolved,all-party,,requires_state_election_specific_review,tracked_separately_not_implied_by_regular_seat
2022,WA,House,03,unresolved,all-party,,requires_state_election_specific_review,tracked_separately_not_implied_by_regular_seat
2022,WA,House,04,unresolved,all-party,,requires_state_election_specific_review,tracked_separately_not_implied_by_regular_seat
2022,WA,House,05,unresolved,all-party,,requires_state_election_specific_review,tracked_separately_not_implied_by_regular_seat
2022,WA,House,06,unresolved,all-party,,requires_state_election_specific_review,tracked_separately_not_implied_by_regular_seat
2022,WA,House,07,unresolved,all-party,,requires_state_election_specific_review,tracked_separately_not_implied_by_regular_seat
2022,WA,House,08,unresolved,all-party,,requires_state_election_specific_review,tracked_separately_not_implied_by_regular_seat
2022,WA,House,09,unresolved,all-party,,requires_state_election_specific_review,tracked_separately_not_implied_by_regular_seat
2022,WA,House,10,unresolved,all-party,,requires_state_election_specific_review,tracked_separately_not_implied_by_regular_seat
2022,WI,House,01,unresolved,Democratic | Republican,,requires_state_election_specific_review,tracked_separately_not_implied_by_regular_seat
2022,WI,House,02,unresolved,Democratic | Republican,,requires_state_election_specific_review,tracked_separately_not_implied_by_regular_seat
2022,WI,House,03,unresolved,Democratic | Republican,,requires_state_election_specific_review,tracked_separately_not_implied_by_regular_seat
2022,WI,House,04,unresolved,Democratic | Republican,,requires_state_election_specific_review,tracked_separately_not_implied_by_regular_seat
2022,WI,House,05,unresolved,Democratic | Republican,,requires_state_election_specific_review,tracked_separately_not_implied_by_regular_seat
2022,WI,House,06,unresolved,Democratic | Republican,,requires_state_election_specific_review,tracked_separately_not_implied_by_regular_seat
2022,WI,House,07,unresolved,Democratic | Republican,,requires_state_election_specific_review,tracked_separately_not_implied_by_regular_seat
2022,WI,House,08,unresolved,Democratic | Republican,,requires_state_election_specific_review,tracked_separately_not_implied_by_regular_seat
2022,WV,House,01,unresolved,Democratic | Republican,,requires_state_election_specific_review,tracked_separately_not_implied_by_regular_seat
2022,WV,House,02,unresolved,Democratic | Republican,,requires_state_election_specific_review,tracked_separately_not_implied_by_regular_seat
2022,WY,House,00,unresolved,Democratic | Republican,,requires_state_election_specific_review,tracked_separately_not_implied_by_regular_seat
2022,AK,Senate,S,unresolved,all-party,,requires_state_election_specific_review,tracked_separately_not_implied_by_regular_seat
2022,AL,Senate,S,unresolved,Democratic | Republican,,requires_state_election_specific_review,tracked_separately_not_implied_by_regular_seat
2022,AR,Senate,S,unresolved,Democratic | Republican,,requires_state_election_specific_review,tracked_separately_not_implied_by_regular_seat
2022,AZ,Senate,S,unresolved,Democratic | Republican,,requires_state_election_specific_review,tracked_separately_not_implied_by_regular_seat
2022,CA,Senate,S,unresolved,all-party,,requires_state_election_specific_review,tracked_separately_not_implied_by_regular_seat
2022,CO,Senate,S,unresolved,Democratic | Republican,,requires_state_election_specific_review,tracked_separately_not_implied_by_regular_seat
2022,CT,Senate,S,unresolved,Democratic | Republican,,requires_state_election_specific_review,tracked_separately_not_implied_by_regular_seat
2022,FL,Senate,S,unresolved,Democratic | Republican,,requires_state_election_specific_review,tracked_separately_not_implied_by_regular_seat
2022,GA,Senate,S,unresolved,Democratic | Republican,,requires_state_election_specific_review,tracked_separately_not_implied_by_regular_seat
2022,HI,Senate,S,unresolved,Democratic | Republican,,requires_state_election_specific_review,tracked_separately_not_implied_by_regular_seat
2022,IA,Senate,S,unresolved,Democratic | Republican,,requires_state_election_specific_review,tracked_separately_not_implied_by_regular_seat
2022,ID,Senate,S,unresolved,Democratic | Republican,,requires_state_election_specific_review,tracked_separately_not_implied_by_regular_seat
2022,IL,Senate,S,unresolved,Democratic | Republican,,requires_state_election_specific_review,tracked_separately_not_implied_by_regular_seat
2022,IN,Senate,S,unresolved,Democratic | Republican,,requires_state_election_specific_review,tracked_separately_not_implied_by_regular_seat
2022,KS,Senate,S,unresolved,Democratic | Republican,,requires_state_election_specific_review,tracked_separately_not_implied_by_regular_seat
2022,KY,Senate,S,unresolved,Democratic | Republican,,requires_state_election_specific_review,tracked_separately_not_implied_by_regular_seat
2022,LA,Senate,S,unresolved,all-party,,requires_state_election_specific_review,tracked_separately_not_implied_by_regular_seat
2022,MD,Senate,S,unresolved,Democratic | Republican,,requires_state_election_specific_review,tracked_separately_not_implied_by_regular_seat
2022,MO,Senate,S,unresolved,Democratic | Republican,,requires_state_election_specific_review,tracked_separately_not_implied_by_regular_seat
2022,NC,Senate,S,unresolved,Democratic | Republican,,requires_state_election_specific_review,tracked_separately_not_implied_by_regular_seat
2022,ND,Senate,S,unresolved,Democratic | Republican,,requires_state_election_specific_review,tracked_separately_not_implied_by_regular_seat
2022,NH,Senate,S,unresolved,Democratic | Republican,,requires_state_election_specific_review,tracked_separately_not_implied_by_regular_seat
2022,NV,Senate,S,unresolved,Democratic | Republican,,requires_state_election_specific_review,tracked_separately_not_implied_by_regular_seat
2022,NY,Senate,S,unresolved,Democratic | Republican,,requires_state_election_specific_review,tracked_separately_not_implied_by_regular_seat
2022,OH,Senate,S,unresolved,Democratic | Republican,,requires_state_election_specific_review,tracked_separately_not_implied_by_regular_seat
2022,OK,Senate,S,unresolved,Democratic | Republican,,requires_state_election_specific_review,tracked_separately_not_implied_by_regular_seat
2022,OR,Senate,S,unresolved,Democratic | Republican,,requires_state_election_specific_review,tracked_separately_not_implied_by_regular_seat
2022,PA,Senate,S,unresolved,Democratic | Republican,,requires_state_election_specific_review,tracked_separately_not_implied_by_regular_seat
2022,SC,Senate,S,unresolved,Democratic | Republican,,requires_state_election_specific_review,tracked_separately_not_implied_by_regular_seat
2022,SD,Senate,S,unresolved,Democratic | Republican,,requires_state_election_specific_review,tracked_separately_not_implied_by_regular_seat
2022,UT,Senate,S,unresolved,Democratic | Republican,,requires_state_election_specific_review,tracked_separately_not_implied_by_regular_seat
2022,VT,Senate,S,unresolved,Democratic | Republican,,requires_state_election_specific_review,tracked_separately_not_implied_by_regular_seat
2022,WA,Senate,S,unresolved,all-party,,requires_state_election_specific_review,tracked_separately_not_implied_by_regular_seat
2022,WI,Senate,S,unresolved,Democratic | Republican,,requires_state_election_specific_review,tracked_separately_not_implied_by_regular_seat
2024,AK,House,00,tracked_party_contests_resolved,,,requires_state_election_specific_review,tracked_separately_not_implied_by_regular_seat
2024,AL,House,01,unresolved,Democratic,,requires_state_election_specific_review,tracked_separately_not_implied_by_regular_seat
2024,AL,House,02,tracked_party_contests_resolved,,,requires_state_election_specific_review,tracked_separately_not_implied_by_regular_seat
2024,AL,House,03,unresolved,Democratic,,requires_state_election_specific_review,tracked_separately_not_implied_by_regular_seat
2024,AL,House,04,unresolved,Democratic,,requires_state_election_specific_review,tracked_separately_not_implied_by_regular_seat
2024,AL,House,05,unresolved,Democratic | Republican,,requires_state_election_specific_review,tracked_separately_not_implied_by_regular_seat
2024,AL,House,06,unresolved,Democratic,,requires_state_election_specific_review,tracked_separately_not_implied_by_regular_seat
2024,AL,House,07,tracked_party_contests_resolved,,,requires_state_election_specific_review,tracked_separately_not_implied_by_regular_seat
2024,AR,House,01,tracked_party_contests_resolved,,,requires_state_election_specific_review,tracked_separately_not_implied_by_regular_seat
2024,AR,House,02,tracked_party_contests_resolved,,,requires_state_election_specific_review,tracked_separately_not_implied_by_regular_seat
2024,AR,House,03,unresolved,Democratic,,requires_state_election_specific_review,tracked_separately_not_implied_by_regular_seat
2024,AR,House,04,tracked_party_contests_resolved,,,requires_state_election_specific_review,tracked_separately_not_implied_by_regular_seat
2024,AS,House,00,tracked_party_contests_resolved,,,requires_state_election_specific_review,tracked_separately_not_implied_by_regular_seat
2024,AZ,House,01,tracked_party_contests_resolved,,,requires_state_election_specific_review,tracked_separately_not_implied_by_regular_seat
2024,AZ,House,02,tracked_party_contests_resolved,,,requires_state_election_specific_review,tracked_separately_not_implied_by_regular_seat
2024,AZ,House,03,tracked_party_contests_resolved,,,requires_state_election_specific_review,tracked_separately_not_implied_by_regular_seat
2024,AZ,House,04,tracked_party_contests_resolved,,,requires_state_election_specific_review,tracked_separately_not_implied_by_regular_seat
2024,AZ,House,05,tracked_party_contests_resolved,,,requires_state_election_specific_review,tracked_separately_not_implied_by_regular_seat
2024,AZ,House,06,tracked_party_contests_resolved,,,requires_state_election_specific_review,tracked_separately_not_implied_by_regular_seat
2024,AZ,House,07,tracked_party_contests_resolved,,,requires_state_election_specific_review,tracked_separately_not_implied_by_regular_seat
2024,AZ,House,08,tracked_party_contests_resolved,,,requires_state_election_specific_review,tracked_separately_not_implied_by_regular_seat
2024,AZ,House,09,tracked_party_contests_resolved,,,requires_state_election_specific_review,tracked_separately_not_implied_by_regular_seat
2024,CA,House,01,tracked_party_contests_resolved,,,requires_state_election_specific_review,tracked_separately_not_implied_by_regular_seat
2024,CA,House,02,tracked_party_contests_resolved,,,requires_state_election_specific_review,tracked_separately_not_implied_by_regular_seat
2024,CA,House,03,tracked_party_contests_resolved,,,requires_state_election_specific_review,tracked_separately_not_implied_by_regular_seat
2024,CA,House,04,tracked_party_contests_resolved,,,requires_state_election_specific_review,tracked_separately_not_implied_by_regular_seat
2024,CA,House,05,tracked_party_contests_resolved,,,requires_state_election_specific_review,tracked_separately_not_implied_by_regular_seat
2024,CA,House,06,tracked_party_contests_resolved,,,requires_state_election_specific_review,tracked_separately_not_implied_by_regular_seat
2024,CA,House,07,tracked_party_contests_resolved,,,requires_state_election_specific_review,tracked_separately_not_implied_by_regular_seat
2024,CA,House,08,tracked_party_contests_resolved,,,requires_state_election_specific_review,tracked_separately_not_implied_by_regular_seat
2024,CA,House,09,tracked_party_contests_resolved,,,requires_state_election_specific_review,tracked_separately_not_implied_by_regular_seat
2024,CA,House,10,tracked_party_contests_resolved,,,requires_state_election_specific_review,tracked_separately_not_implied_by_regular_seat
2024,CA,House,11,tracked_party_contests_resolved,,,requires_state_election_specific_review,tracked_separately_not_implied_by_regular_seat
2024,CA,House,12,tracked_party_contests_resolved,,,requires_state_election_specific_review,tracked_separately_not_implied_by_regular_seat
2024,CA,House,13,tracked_party_contests_resolved,,,requires_state_election_specific_review,tracked_separately_not_implied_by_regular_seat
2024,CA,House,14,tracked_party_contests_resolved,,,requires_state_election_specific_review,tracked_separately_not_implied_by_regular_seat
2024,CA,House,15,tracked_party_contests_resolved,,,requires_state_election_specific_review,tracked_separately_not_implied_by_regular_seat
2024,CA,House,16,tracked_party_contests_resolved,,,requires_state_election_specific_review,tracked_separately_not_implied_by_regular_seat
2024,CA,House,17,tracked_party_contests_resolved,,,requires_state_election_specific_review,tracked_separately_not_implied_by_regular_seat
2024,CA,House,18,tracked_party_contests_resolved,,,requires_state_election_specific_review,tracked_separately_not_implied_by_regular_seat
2024,CA,House,19,tracked_party_contests_resolved,,,requires_state_election_specific_review,tracked_separately_not_implied_by_regular_seat
2024,CA,House,20,tracked_party_contests_resolved,,,requires_state_election_specific_review,tracked_separately_not_implied_by_regular_seat
2024,CA,House,21,tracked_party_contests_resolved,,,requires_state_election_specific_review,tracked_separately_not_implied_by_regular_seat
2024,CA,House,22,tracked_party_contests_resolved,,,requires_state_election_specific_review,tracked_separately_not_implied_by_regular_seat
2024,CA,House,23,tracked_party_contests_resolved,,,requires_state_election_specific_review,tracked_separately_not_implied_by_regular_seat
2024,CA,House,24,tracked_party_contests_resolved,,,requires_state_election_specific_review,tracked_separately_not_implied_by_regular_seat
2024,CA,House,25,tracked_party_contests_resolved,,,requires_state_election_specific_review,tracked_separately_not_implied_by_regular_seat
2024,CA,House,26,tracked_party_contests_resolved,,,requires_state_election_specific_review,tracked_separately_not_implied_by_regular_seat
2024,CA,House,27,tracked_party_contests_resolved,,,requires_state_election_specific_review,tracked_separately_not_implied_by_regular_seat
2024,CA,House,28,tracked_party_contests_resolved,,,requires_state_election_specific_review,tracked_separately_not_implied_by_regular_seat
2024,CA,House,29,tracked_party_contests_resolved,,,requires_state_election_specific_review,tracked_separately_not_implied_by_regular_seat
2024,CA,House,30,tracked_party_contests_resolved,,,requires_state_election_specific_review,tracked_separately_not_implied_by_regular_seat
2024,CA,House,31,tracked_party_contests_resolved,,,requires_state_election_specific_review,tracked_separately_not_implied_by_regular_seat
2024,CA,House,32,tracked_party_contests_resolved,,,requires_state_election_specific_review,tracked_separately_not_implied_by_regular_seat
2024,CA,House,33,tracked_party_contests_resolved,,,requires_state_election_specific_review,tracked_separately_not_implied_by_regular_seat
2024,CA,House,34,tracked_party_contests_resolved,,,requires_state_election_specific_review,tracked_separately_not_implied_by_regular_seat
2024,CA,House,35,tracked_party_contests_resolved,,,requires_state_election_specific_review,tracked_separately_not_implied_by_regular_seat
2024,CA,House,36,tracked_party_contests_resolved,,,requires_state_election_specific_review,tracked_separately_not_implied_by_regular_seat
2024,CA,House,37,tracked_party_contests_resolved,,,requires_state_election_specific_review,tracked_separately_not_implied_by_regular_seat
2024,CA,House,38,tracked_party_contests_resolved,,,requires_state_election_specific_review,tracked_separately_not_implied_by_regular_seat
2024,CA,House,39,tracked_party_contests_resolved,,,requires_state_election_specific_review,tracked_separately_not_implied_by_regular_seat
2024,CA,House,40,tracked_party_contests_resolved,,,requires_state_election_specific_review,tracked_separately_not_implied_by_regular_seat
2024,CA,House,41,tracked_party_contests_resolved,,,requires_state_election_specific_review,tracked_separately_not_implied_by_regular_seat
2024,CA,House,42,tracked_party_contests_resolved,,,requires_state_election_specific_review,tracked_separately_not_implied_by_regular_seat
2024,CA,House,43,tracked_party_contests_resolved,,,requires_state_election_specific_review,tracked_separately_not_implied_by_regular_seat
2024,CA,House,44,tracked_party_contests_resolved,,,requires_state_election_specific_review,tracked_separately_not_implied_by_regular_seat
2024,CA,House,45,tracked_party_contests_resolved,,,requires_state_election_specific_review,tracked_separately_not_implied_by_regular_seat
2024,CA,House,46,tracked_party_contests_resolved,,,requires_state_election_specific_review,tracked_separately_not_implied_by_regular_seat
2024,CA,House,47,tracked_party_contests_resolved,,,requires_state_election_specific_review,tracked_separately_not_implied_by_regular_seat
2024,CA,House,48,tracked_party_contests_resolved,,,requires_state_election_specific_review,tracked_separately_not_implied_by_regular_seat
2024,CA,House,49,tracked_party_contests_resolved,,,requires_state_election_specific_review,tracked_separately_not_implied_by_regular_seat
2024,CA,House,50,tracked_party_contests_resolved,,,requires_state_election_specific_review,tracked_separately_not_implied_by_regular_seat
2024,CA,House,51,tracked_party_contests_resolved,,,requires_state_election_specific_review,tracked_separately_not_implied_by_regular_seat
2024,CA,House,52,tracked_party_contests_resolved,,,requires_state_election_specific_review,tracked_separately_not_implied_by_regular_seat
2024,CO,House,01,tracked_party_contests_resolved,,,requires_state_election_specific_review,tracked_separately_not_implied_by_regular_seat
2024,CO,House,02,tracked_party_contests_resolved,,,requires_state_election_specific_review,tracked_separately_not_implied_by_regular_seat
2024,CO,House,03,tracked_party_contests_resolved,,,requires_state_election_specific_review,tracked_separately_not_implied_by_regular_seat
2024,CO,House,04,tracked_party_contests_resolved,,,requires_state_election_specific_review,tracked_separately_not_implied_by_regular_seat
2024,CO,House,05,tracked_party_contests_resolved,,,requires_state_election_specific_review,tracked_separately_not_implied_by_regular_seat
2024,CO,House,06,tracked_party_contests_resolved,,,requires_state_election_specific_review,tracked_separately_not_implied_by_regular_seat
2024,CO,House,07,tracked_party_contests_resolved,,,requires_state_election_specific_review,tracked_separately_not_implied_by_regular_seat
2024,CO,House,08,tracked_party_contests_resolved,,,requires_state_election_specific_review,tracked_separately_not_implied_by_regular_seat
2024,CT,House,01,tracked_party_contests_resolved,,,requires_state_election_specific_review,tracked_separately_not_implied_by_regular_seat
2024,CT,House,02,tracked_party_contests_resolved,,,requires_state_election_specific_review,tracked_separately_not_implied_by_regular_seat
2024,CT,House,03,tracked_party_contests_resolved,,,requires_state_election_specific_review,tracked_separately_not_implied_by_regular_seat
2024,CT,House,04,tracked_party_contests_resolved,,,requires_state_election_specific_review,tracked_separately_not_implied_by_regular_seat
2024,CT,House,05,tracked_party_contests_resolved,,,requires_state_election_specific_review,tracked_separately_not_implied_by_regular_seat
2024,DC,House,00,tracked_party_contests_resolved,,,requires_state_election_specific_review,tracked_separately_not_implied_by_regular_seat
2024,DE,House,00,tracked_party_contests_resolved,,,requires_state_election_specific_review,tracked_separately_not_implied_by_regular_seat
2024,FL,House,01,unresolved,Democratic,,requires_state_election_specific_review,tracked_separately_not_implied_by_regular_seat
2024,FL,House,02,unresolved,Democratic,,requires_state_election_specific_review,tracked_separately_not_implied_by_regular_seat
2024,FL,House,03,unresolved,Democratic,,requires_state_election_specific_review,tracked_separately_not_implied_by_regular_seat
2024,FL,House,04,unresolved,Democratic | Republican,,requires_state_election_specific_review,tracked_separately_not_implied_by_regular_seat
2024,FL,House,05,unresolved,Democratic,,requires_state_election_specific_review,tracked_separately_not_implied_by_regular_seat
2024,FL,House,06,unresolved,Democratic,,requires_state_election_specific_review,tracked_separately_not_implied_by_regular_seat
2024,FL,House,07,tracked_party_contests_resolved,,,requires_state_election_specific_review,tracked_separately_not_implied_by_regular_seat
2024,FL,House,08,tracked_party_contests_resolved,,,requires_state_election_specific_review,tracked_separately_not_implied_by_regular_seat
2024,FL,House,09,unresolved,Democratic,,requires_state_election_specific_review,tracked_separately_not_implied_by_regular_seat
2024,FL,House,10,tracked_party_contests_resolved,,,requires_state_election_specific_review,tracked_separately_not_implied_by_regular_seat
2024,FL,House,11,unresolved,Democratic,,requires_state_election_specific_review,tracked_separately_not_implied_by_regular_seat
2024,FL,House,12,unresolved,Democratic,,requires_state_election_specific_review,tracked_separately_not_implied_by_regular_seat
2024,FL,House,13,unresolved,Republican,,requires_state_election_specific_review,tracked_separately_not_implied_by_regular_seat
2024,FL,House,14,unresolved,Democratic,,requires_state_election_specific_review,tracked_separately_not_implied_by_regular_seat
2024,FL,House,15,unresolved,Democratic,,requires_state_election_specific_review,tracked_separately_not_implied_by_regular_seat
2024,FL,House,16,tracked_party_contests_resolved,,,requires_state_election_specific_review,tracked_separately_not_implied_by_regular_seat
2024,FL,House,17,unresolved,Republican,,requires_state_election_specific_review,tracked_separately_not_implied_by_regular_seat
2024,FL,House,18,unresolved,Republican,,requires_state_election_specific_review,tracked_separately_not_implied_by_regular_seat
2024,FL,House,19,unresolved,Democratic | Republican,,requires_state_election_specific_review,tracked_separately_not_implied_by_regular_seat
2024,FL,House,20,unresolved,Democratic | Republican,,requires_state_election_specific_review,tracked_separately_not_implied_by_regular_seat
2024,FL,House,21,unresolved,Democratic,,requires_state_election_specific_review,tracked_separately_not_implied_by_regular_seat
2024,FL,House,22,unresolved,Democratic,,requires_state_election_specific_review,tracked_separately_not_implied_by_regular_seat
2024,FL,House,23,unresolved,Democratic,,requires_state_election_specific_review,tracked_separately_not_implied_by_regular_seat
2024,FL,House,24,unresolved,Democratic,,requires_state_election_specific_review,tracked_separately_not_implied_by_regular_seat
2024,FL,House,25,tracked_party_contests_resolved,,,requires_state_election_specific_review,tracked_separately_not_implied_by_regular_seat
2024,FL,House,26,unresolved,Democratic,,requires_state_election_specific_review,tracked_separately_not_implied_by_regular_seat
2024,FL,House,27,tracked_party_contests_resolved,,,requires_state_election_specific_review,tracked_separately_not_implied_by_regular_seat
2024,FL,House,28,unresolved,Democratic | Republican,,requires_state_election_specific_review,tracked_separately_not_implied_by_regular_seat
2024,GA,House,01,tracked_party_contests_resolved,,,requires_state_election_specific_review,tracked_separately_not_implied_by_regular_seat
2024,GA,House,02,tracked_party_contests_resolved,,,requires_state_election_specific_review,tracked_separately_not_implied_by_regular_seat
2024,GA,House,03,tracked_party_contests_resolved,,,requires_state_election_specific_review,tracked_separately_not_implied_by_regular_seat
2024,GA,House,04,tracked_party_contests_resolved,,,requires_state_election_specific_review,tracked_separately_not_implied_by_regular_seat
2024,GA,House,05,tracked_party_contests_resolved,,,requires_state_election_specific_review,tracked_separately_not_implied_by_regular_seat
2024,GA,House,06,tracked_party_contests_resolved,,,requires_state_election_specific_review,tracked_separately_not_implied_by_regular_seat
2024,GA,House,07,tracked_party_contests_resolved,,,requires_state_election_specific_review,tracked_separately_not_implied_by_regular_seat
2024,GA,House,08,tracked_party_contests_resolved,,,requires_state_election_specific_review,tracked_separately_not_implied_by_regular_seat
2024,GA,House,09,tracked_party_contests_resolved,,,requires_state_election_specific_review,tracked_separately_not_implied_by_regular_seat
2024,GA,House,10,tracked_party_contests_resolved,,,requires_state_election_specific_review,tracked_separately_not_implied_by_regular_seat
2024,GA,House,11,tracked_party_contests_resolved,,,requires_state_election_specific_review,tracked_separately_not_implied_by_regular_seat
2024,GA,House,12,tracked_party_contests_resolved,,,requires_state_election_specific_review,tracked_separately_not_implied_by_regular_seat
2024,GA,House,13,tracked_party_contests_resolved,,,requires_state_election_specific_review,tracked_separately_not_implied_by_regular_seat
2024,GA,House,14,tracked_party_contests_resolved,,,requires_state_election_specific_review,tracked_separately_not_implied_by_regular_seat
2024,GU,House,00,tracked_party_contests_resolved,,,requires_state_election_specific_review,tracked_separately_not_implied_by_regular_seat
2024,HI,House,01,tracked_party_contests_resolved,,,requires_state_election_specific_review,tracked_separately_not_implied_by_regular_seat
2024,HI,House,02,tracked_party_contests_resolved,,,requires_state_election_specific_review,tracked_separately_not_implied_by_regular_seat
2024,IA,House,01,tracked_party_contests_resolved,,,requires_state_election_specific_review,tracked_separately_not_implied_by_regular_seat
2024,IA,House,02,tracked_party_contests_resolved,,,requires_state_election_specific_review,tracked_separately_not_implied_by_regular_seat
2024,IA,House,03,tracked_party_contests_resolved,,,requires_state_election_specific_review,tracked_separately_not_implied_by_regular_seat
2024,IA,House,04,tracked_party_contests_resolved,,,requires_state_election_specific_review,tracked_separately_not_implied_by_regular_seat
2024,ID,House,01,tracked_party_contests_resolved,,,requires_state_election_specific_review,tracked_separately_not_implied_by_regular_seat
2024,ID,House,02,tracked_party_contests_resolved,,,requires_state_election_specific_review,tracked_separately_not_implied_by_regular_seat
2024,IL,House,01,tracked_party_contests_resolved,,,requires_state_election_specific_review,tracked_separately_not_implied_by_regular_seat
2024,IL,House,02,tracked_party_contests_resolved,,,requires_state_election_specific_review,tracked_separately_not_implied_by_regular_seat
2024,IL,House,03,tracked_party_contests_resolved,,,requires_state_election_specific_review,tracked_separately_not_implied_by_regular_seat
2024,IL,House,04,unresolved,Republican,,requires_state_election_specific_review,tracked_separately_not_implied_by_regular_seat
2024,IL,House,05,tracked_party_contests_resolved,,,requires_state_election_specific_review,tracked_separately_not_implied_by_regular_seat
2024,IL,House,06,tracked_party_contests_resolved,,,requires_state_election_specific_review,tracked_separately_not_implied_by_regular_seat
2024,IL,House,07,tracked_party_contests_resolved,,,requires_state_election_specific_review,tracked_separately_not_implied_by_regular_seat
2024,IL,House,08,tracked_party_contests_resolved,,,requires_state_election_specific_review,tracked_separately_not_implied_by_regular_seat
2024,IL,House,09,tracked_party_contests_resolved,,,requires_state_election_specific_review,tracked_separately_not_implied_by_regular_seat
2024,IL,House,10,tracked_party_contests_resolved,,,requires_state_election_specific_review,tracked_separately_not_implied_by_regular_seat
2024,IL,House,11,tracked_party_contests_resolved,,,requires_state_election_specific_review,tracked_separately_not_implied_by_regular_seat
2024,IL,House,12,tracked_party_contests_resolved,,,requires_state_election_specific_review,tracked_separately_not_implied_by_regular_seat
2024,IL,House,13,tracked_party_contests_resolved,,,requires_state_election_specific_review,tracked_separately_not_implied_by_regular_seat
2024,IL,House,14,tracked_party_contests_resolved,,,requires_state_election_specific_review,tracked_separately_not_implied_by_regular_seat
2024,IL,House,15,tracked_party_contests_resolved,,,requires_state_election_specific_review,tracked_separately_not_implied_by_regular_seat
2024,IL,House,16,unresolved,Democratic,,requires_state_election_specific_review,tracked_separately_not_implied_by_regular_seat
2024,IL,House,17,tracked_party_contests_resolved,,,requires_state_election_specific_review,tracked_separately_not_implied_by_regular_seat
2024,IN,House,01,tracked_party_contests_resolved,,,requires_state_election_specific_review,tracked_separately_not_implied_by_regular_seat
2024,IN,House,02,tracked_party_contests_resolved,,,requires_state_election_specific_review,tracked_separately_not_implied_by_regular_seat
2024,IN,House,03,tracked_party_contests_resolved,,,requires_state_election_specific_review,tracked_separately_not_implied_by_regular_seat
2024,IN,House,04,tracked_party_contests_resolved,,,requires_state_election_specific_review,tracked_separately_not_implied_by_regular_seat
2024,IN,House,05,tracked_party_contests_resolved,,,requires_state_election_specific_review,tracked_separately_not_implied_by_regular_seat
2024,IN,House,06,tracked_party_contests_resolved,,,requires_state_election_specific_review,tracked_separately_not_implied_by_regular_seat
2024,IN,House,07,tracked_party_contests_resolved,,,requires_state_election_specific_review,tracked_separately_not_implied_by_regular_seat
2024,IN,House,08,tracked_party_contests_resolved,,,requires_state_election_specific_review,tracked_separately_not_implied_by_regular_seat
2024,IN,House,09,tracked_party_contests_resolved,,,requires_state_election_specific_review,tracked_separately_not_implied_by_regular_seat
2024,KS,House,01,tracked_party_contests_resolved,,,requires_state_election_specific_review,tracked_separately_not_implied_by_regular_seat
2024,KS,House,02,tracked_party_contests_resolved,,,requires_state_election_specific_review,tracked_separately_not_implied_by_regular_seat
2024,KS,House,03,tracked_party_contests_resolved,,,requires_state_election_specific_review,tracked_separately_not_implied_by_regular_seat
2024,KS,House,04,tracked_party_contests_resolved,,,requires_state_election_specific_review,tracked_separately_not_implied_by_regular_seat
2024,KY,House,01,tracked_party_contests_resolved,,,requires_state_election_specific_review,tracked_separately_not_implied_by_regular_seat
2024,KY,House,02,tracked_party_contests_resolved,,,requires_state_election_specific_review,tracked_separately_not_implied_by_regular_seat
2024,KY,House,03,tracked_party_contests_resolved,,,requires_state_election_specific_review,tracked_separately_not_implied_by_regular_seat
2024,KY,House,04,tracked_party_contests_resolved,,,requires_state_election_specific_review,tracked_separately_not_implied_by_regular_seat
2024,KY,House,05,tracked_party_contests_resolved,,,requires_state_election_specific_review,tracked_separately_not_implied_by_regular_seat
2024,KY,House,06,tracked_party_contests_resolved,,,requires_state_election_specific_review,tracked_separately_not_implied_by_regular_seat
2024,LA,House,01,tracked_party_contests_resolved,,,requires_state_election_specific_review,tracked_separately_not_implied_by_regular_seat
2024,LA,House,02,tracked_party_contests_resolved,,,requires_state_election_specific_review,tracked_separately_not_implied_by_regular_seat
2024,LA,House,03,tracked_party_contests_resolved,,,requires_state_election_specific_review,tracked_separately_not_implied_by_regular_seat
2024,LA,House,04,tracked_party_contests_resolved,,,requires_state_election_specific_review,tracked_separately_not_implied_by_regular_seat
2024,LA,House,05,tracked_party_contests_resolved,,,requires_state_election_specific_review,tracked_separately_not_implied_by_regular_seat
2024,LA,House,06,tracked_party_contests_resolved,,,requires_state_election_specific_review,tracked_separately_not_implied_by_regular_seat
2024,MA,House,01,tracked_party_contests_resolved,,,requires_state_election_specific_review,tracked_separately_not_implied_by_regular_seat
2024,MA,House,02,tracked_party_contests_resolved,,,requires_state_election_specific_review,tracked_separately_not_implied_by_regular_seat
2024,MA,House,03,tracked_party_contests_resolved,,,requires_state_election_specific_review,tracked_separately_not_implied_by_regular_seat
2024,MA,House,04,tracked_party_contests_resolved,,,requires_state_election_specific_review,tracked_separately_not_implied_by_regular_seat
2024,MA,House,05,tracked_party_contests_resolved,,,requires_state_election_specific_review,tracked_separately_not_implied_by_regular_seat
2024,MA,House,06,tracked_party_contests_resolved,,,requires_state_election_specific_review,tracked_separately_not_implied_by_regular_seat
2024,MA,House,07,tracked_party_contests_resolved,,,requires_state_election_specific_review,tracked_separately_not_implied_by_regular_seat
2024,MA,House,08,tracked_party_contests_resolved,,,requires_state_election_specific_review,tracked_separately_not_implied_by_regular_seat
2024,MA,House,09,tracked_party_contests_resolved,,,requires_state_election_specific_review,tracked_separately_not_implied_by_regular_seat
2024,MD,House,01,tracked_party_contests_resolved,,,requires_state_election_specific_review,tracked_separately_not_implied_by_regular_seat
2024,MD,House,02,tracked_party_contests_resolved,,,requires_state_election_specific_review,tracked_separately_not_implied_by_regular_seat
2024,MD,House,03,tracked_party_contests_resolved,,,requires_state_election_specific_review,tracked_separately_not_implied_by_regular_seat
2024,MD,House,04,tracked_party_contests_resolved,,,requires_state_election_specific_review,tracked_separately_not_implied_by_regular_seat
2024,MD,House,05,tracked_party_contests_resolved,,,requires_state_election_specific_review,tracked_separately_not_implied_by_regular_seat
2024,MD,House,06,tracked_party_contests_resolved,,,requires_state_election_specific_review,tracked_separately_not_implied_by_regular_seat
2024,MD,House,07,tracked_party_contests_resolved,,,requires_state_election_specific_review,tracked_separately_not_implied_by_regular_seat
2024,MD,House,08,tracked_party_contests_resolved,,,requires_state_election_specific_review,tracked_separately_not_implied_by_regular_seat
2024,ME,House,01,tracked_party_contests_resolved,,,requires_state_election_specific_review,tracked_separately_not_implied_by_regular_seat
2024,ME,House,02,tracked_party_contests_resolved,,,requires_state_election_specific_review,tracked_separately_not_implied_by_regular_seat
2024,MI,House,01,tracked_party_contests_resolved,,,requires_state_election_specific_review,tracked_separately_not_implied_by_regular_seat
2024,MI,House,02,tracked_party_contests_resolved,,,requires_state_election_specific_review,tracked_separately_not_implied_by_regular_seat
2024,MI,House,03,tracked_party_contests_resolved,,,requires_state_election_specific_review,tracked_separately_not_implied_by_regular_seat
2024,MI,House,04,tracked_party_contests_resolved,,,requires_state_election_specific_review,tracked_separately_not_implied_by_regular_seat
2024,MI,House,05,tracked_party_contests_resolved,,,requires_state_election_specific_review,tracked_separately_not_implied_by_regular_seat
2024,MI,House,06,tracked_party_contests_resolved,,,requires_state_election_specific_review,tracked_separately_not_implied_by_regular_seat
2024,MI,House,07,tracked_party_contests_resolved,,,requires_state_election_specific_review,tracked_separately_not_implied_by_regular_seat
2024,MI,House,08,tracked_party_contests_resolved,,,requires_state_election_specific_review,tracked_separately_not_implied_by_regular_seat
2024,MI,House,09,tracked_party_contests_resolved,,,requires_state_election_specific_review,tracked_separately_not_implied_by_regular_seat
2024,MI,House,10,tracked_party_contests_resolved,,,requires_state_election_specific_review,tracked_separately_not_implied_by_regular_seat
2024,MI,House,11,tracked_party_contests_resolved,,,requires_state_election_specific_review,tracked_separately_not_implied_by_regular_seat
2024,MI,House,12,tracked_party_contests_resolved,,,requires_state_election_specific_review,tracked_separately_not_implied_by_regular_seat
2024,MI,House,13,tracked_party_contests_resolved,,,requires_state_election_specific_review,tracked_separately_not_implied_by_regular_seat
2024,MN,House,01,unresolved,Democratic | Republican,,requires_state_election_specific_review,tracked_separately_not_implied_by_regular_seat
2024,MN,House,02,unresolved,Democratic | Republican,,requires_state_election_specific_review,tracked_separately_not_implied_by_regular_seat
2024,MN,House,03,unresolved,Democratic | Republican,,requires_state_election_specific_review,tracked_separately_not_implied_by_regular_seat
2024,MN,House,04,unresolved,Democratic | Republican,,requires_state_election_specific_review,tracked_separately_not_implied_by_regular_seat
2024,MN,House,05,unresolved,Democratic | Republican,,requires_state_election_specific_review,tracked_separately_not_implied_by_regular_seat
2024,MN,House,06,unresolved,Democratic | Republican,,requires_state_election_specific_review,tracked_separately_not_implied_by_regular_seat
2024,MN,House,07,unresolved,Democratic | Republican,,requires_state_election_specific_review,tracked_separately_not_implied_by_regular_seat
2024,MN,House,08,unresolved,Democratic | Republican,,requires_state_election_specific_review,tracked_separately_not_implied_by_regular_seat
2024,MO,House,01,tracked_party_contests_resolved,,,requires_state_election_specific_review,tracked_separately_not_implied_by_regular_seat
2024,MO,House,02,tracked_party_contests_resolved,,,requires_state_election_specific_review,tracked_separately_not_implied_by_regular_seat
2024,MO,House,03,tracked_party_contests_resolved,,,requires_state_election_specific_review,tracked_separately_not_implied_by_regular_seat
2024,MO,House,04,tracked_party_contests_resolved,,,requires_state_election_specific_review,tracked_separately_not_implied_by_regular_seat
2024,MO,House,05,tracked_party_contests_resolved,,,requires_state_election_specific_review,tracked_separately_not_implied_by_regular_seat
2024,MO,House,06,tracked_party_contests_resolved,,,requires_state_election_specific_review,tracked_separately_not_implied_by_regular_seat
2024,MO,House,07,tracked_party_contests_resolved,,,requires_state_election_specific_review,tracked_separately_not_implied_by_regular_seat
2024,MO,House,08,tracked_party_contests_resolved,,,requires_state_election_specific_review,tracked_separately_not_implied_by_regular_seat
2024,MP,House,00,tracked_party_contests_resolved,,,requires_state_election_specific_review,tracked_separately_not_implied_by_regular_seat
2024,MS,House,01,tracked_party_contests_resolved,,,requires_state_election_specific_review,tracked_separately_not_implied_by_regular_seat
2024,MS,House,02,tracked_party_contests_resolved,,,requires_state_election_specific_review,tracked_separately_not_implied_by_regular_seat
2024,MS,House,03,unresolved,Democratic,,requires_state_election_specific_review,tracked_separately_not_implied_by_regular_seat
2024,MS,House,04,tracked_party_contests_resolved,,,requires_state_election_specific_review,tracked_separately_not_implied_by_regular_seat
2024,MT,House,01,tracked_party_contests_resolved,,,requires_state_election_specific_review,tracked_separately_not_implied_by_regular_seat
2024,MT,House,02,tracked_party_contests_resolved,,,requires_state_election_specific_review,tracked_separately_not_implied_by_regular_seat
2024,NC,House,01,unresolved,Democratic,,requires_state_election_specific_review,tracked_separately_not_implied_by_regular_seat
2024,NC,House,02,tracked_party_contests_resolved,,,requires_state_election_specific_review,tracked_separately_not_implied_by_regular_seat
2024,NC,House,03,unresolved,Democratic | Republican,,requires_state_election_specific_review,tracked_separately_not_implied_by_regular_seat
2024,NC,House,04,unresolved,Democratic,,requires_state_election_specific_review,tracked_separately_not_implied_by_regular_seat
2024,NC,House,05,unresolved,Democratic,,requires_state_election_specific_review,tracked_separately_not_implied_by_regular_seat
2024,NC,House,06,unresolved,Democratic,,requires_state_election_specific_review,tracked_separately_not_implied_by_regular_seat
2024,NC,House,07,unresolved,Democratic | Republican,,requires_state_election_specific_review,tracked_separately_not_implied_by_regular_seat
2024,NC,House,08,unresolved,Democratic,,requires_state_election_specific_review,tracked_separately_not_implied_by_regular_seat
2024,NC,House,09,unresolved,Democratic,,requires_state_election_specific_review,tracked_separately_not_implied_by_regular_seat
2024,NC,House,10,unresolved,Democratic,,requires_state_election_specific_review,tracked_separately_not_implied_by_regular_seat
2024,NC,House,11,unresolved,Democratic,,requires_state_election_specific_review,tracked_separately_not_implied_by_regular_seat
2024,NC,House,12,unresolved,Democratic | Republican,,requires_state_election_specific_review,tracked_separately_not_implied_by_regular_seat
2024,NC,House,13,unresolved,Democratic,,requires_state_election_specific_review,tracked_separately_not_implied_by_regular_seat
2024,NC,House,14,tracked_party_contests_resolved,,,requires_state_election_specific_review,tracked_separately_not_implied_by_regular_seat
2024,ND,House,00,tracked_party_contests_resolved,,,requires_state_election_specific_review,tracked_separately_not_implied_by_regular_seat
2024,NE,House,01,tracked_party_contests_resolved,,,requires_state_election_specific_review,tracked_separately_not_implied_by_regular_seat
2024,NE,House,02,tracked_party_contests_resolved,,,requires_state_election_specific_review,tracked_separately_not_implied_by_regular_seat
2024,NE,House,03,tracked_party_contests_resolved,,,requires_state_election_specific_review,tracked_separately_not_implied_by_regular_seat
2024,NH,House,01,tracked_party_contests_resolved,,,requires_state_election_specific_review,tracked_separately_not_implied_by_regular_seat
2024,NH,House,02,tracked_party_contests_resolved,,,requires_state_election_specific_review,tracked_separately_not_implied_by_regular_seat
2024,NJ,House,01,tracked_party_contests_resolved,,,requires_state_election_specific_review,tracked_separately_not_implied_by_regular_seat
2024,NJ,House,02,tracked_party_contests_resolved,,,requires_state_election_specific_review,tracked_separately_not_implied_by_regular_seat
2024,NJ,House,03,tracked_party_contests_resolved,,,requires_state_election_specific_review,tracked_separately_not_implied_by_regular_seat
2024,NJ,House,04,tracked_party_contests_resolved,,,requires_state_election_specific_review,tracked_separately_not_implied_by_regular_seat
2024,NJ,House,05,tracked_party_contests_resolved,,,requires_state_election_specific_review,tracked_separately_not_implied_by_regular_seat
2024,NJ,House,06,tracked_party_contests_resolved,,,requires_state_election_specific_review,tracked_separately_not_implied_by_regular_seat
2024,NJ,House,07,tracked_party_contests_resolved,,,requires_state_election_specific_review,tracked_separately_not_implied_by_regular_seat
2024,NJ,House,08,tracked_party_contests_resolved,,,requires_state_election_specific_review,tracked_separately_not_implied_by_regular_seat
2024,NJ,House,09,tracked_party_contests_resolved,,,requires_state_election_specific_review,tracked_separately_not_implied_by_regular_seat
2024,NJ,House,10,tracked_party_contests_resolved,,,requires_state_election_specific_review,tracked_separately_not_implied_by_regular_seat
2024,NJ,House,11,tracked_party_contests_resolved,,,requires_state_election_specific_review,tracked_separately_not_implied_by_regular_seat
2024,NJ,House,12,tracked_party_contests_resolved,,,requires_state_election_specific_review,tracked_separately_not_implied_by_regular_seat
2024,NM,House,01,tracked_party_contests_resolved,,,requires_state_election_specific_review,tracked_separately_not_implied_by_regular_seat
2024,NM,House,02,tracked_party_contests_resolved,,,requires_state_election_specific_review,tracked_separately_not_implied_by_regular_seat
2024,NM,House,03,tracked_party_contests_resolved,,,requires_state_election_specific_review,tracked_separately_not_implied_by_regular_seat
2024,NV,House,01,unresolved,Republican,,requires_state_election_specific_review,tracked_separately_not_implied_by_regular_seat
2024,NV,House,02,unresolved,Democratic | Republican,,requires_state_election_specific_review,tracked_separately_not_implied_by_regular_seat
2024,NV,House,03,unresolved,Democratic | Republican,,requires_state_election_specific_review,tracked_separately_not_implied_by_regular_seat
2024,NV,House,04,unresolved,Democratic | Republican,,requires_state_election_specific_review,tracked_separately_not_implied_by_regular_seat
2024,NY,House,01,unresolved,Republican,,requires_state_election_specific_review,tracked_separately_not_implied_by_regular_seat
2024,NY,House,02,tracked_party_contests_resolved,,,requires_state_election_specific_review,tracked_separately_not_implied_by_regular_seat
2024,NY,House,03,tracked_party_contests_resolved,,,requires_state_election_specific_review,tracked_separately_not_implied_by_regular_seat
2024,NY,House,04,unresolved,Democratic | Republican,,requires_state_election_specific_review,tracked_separately_not_implied_by_regular_seat
2024,NY,House,05,unresolved,Democratic | Republican,,requires_state_election_specific_review,tracked_separately_not_implied_by_regular_seat
2024,NY,House,06,unresolved,Democratic | Republican,,requires_state_election_specific_review,tracked_separately_not_implied_by_regular_seat
2024,NY,House,07,unresolved,Democratic | Republican,,requires_state_election_specific_review,tracked_separately_not_implied_by_regular_seat
2024,NY,House,08,unresolved,Democratic | Republican,,requires_state_election_specific_review,tracked_separately_not_implied_by_regular_seat
2024,NY,House,09,unresolved,Democratic | Republican,,requires_state_election_specific_review,tracked_separately_not_implied_by_regular_seat
2024,NY,House,10,unresolved,Republican,,requires_state_election_specific_review,tracked_separately_not_implied_by_regular_seat
2024,NY,House,11,unresolved,Democratic | Republican,,requires_state_election_specific_review,tracked_separately_not_implied_by_regular_seat
2024,NY,House,12,unresolved,Democratic | Republican,,requires_state_election_specific_review,tracked_separately_not_implied_by_regular_seat
2024,NY,House,13,unresolved,Democratic | Republican,,requires_state_election_specific_review,tracked_separately_not_implied_by_regular_seat
2024,NY,House,14,unresolved,Republican,,requires_state_election_specific_review,tracked_separately_not_implied_by_regular_seat
2024,NY,House,15,unresolved,Democratic | Republican,,requires_state_election_specific_review,tracked_separately_not_implied_by_regular_seat
2024,NY,House,16,tracked_party_contests_resolved,,,requires_state_election_specific_review,tracked_separately_not_implied_by_regular_seat
2024,NY,House,17,tracked_party_contests_resolved,,,requires_state_election_specific_review,tracked_separately_not_implied_by_regular_seat
2024,NY,House,18,tracked_party_contests_resolved,,,requires_state_election_specific_review,tracked_separately_not_implied_by_regular_seat
2024,NY,House,19,tracked_party_contests_resolved,,,requires_state_election_specific_review,tracked_separately_not_implied_by_regular_seat
2024,NY,House,20,tracked_party_contests_resolved,,,requires_state_election_specific_review,tracked_separately_not_implied_by_regular_seat
2024,NY,House,21,tracked_party_contests_resolved,,,requires_state_election_specific_review,tracked_separately_not_implied_by_regular_seat
2024,NY,House,22,tracked_party_contests_resolved,,,requires_state_election_specific_review,tracked_separately_not_implied_by_regular_seat
2024,NY,House,23,tracked_party_contests_resolved,,,requires_state_election_specific_review,tracked_separately_not_implied_by_regular_seat
2024,NY,House,24,tracked_party_contests_resolved,,,requires_state_election_specific_review,tracked_separately_not_implied_by_regular_seat
2024,NY,House,25,tracked_party_contests_resolved,,,requires_state_election_specific_review,tracked_separately_not_implied_by_regular_seat
2024,NY,House,26,tracked_party_contests_resolved,,,requires_state_election_specific_review,tracked_separately_not_implied_by_regular_seat
2024,OH,House,01,tracked_party_contests_resolved,,,requires_state_election_specific_review,tracked_separately_not_implied_by_regular_seat
2024,OH,House,02,tracked_party_contests_resolved,,,requires_state_election_specific_review,tracked_separately_not_implied_by_regular_seat
2024,OH,House,03,tracked_party_contests_resolved,,,requires_state_election_specific_review,tracked_separately_not_implied_by_regular_seat
2024,OH,House,04,tracked_party_contests_resolved,,,requires_state_election_specific_review,tracked_separately_not_implied_by_regular_seat
2024,OH,House,05,tracked_party_contests_resolved,,,requires_state_election_specific_review,tracked_separately_not_implied_by_regular_seat
2024,OH,House,06,tracked_party_contests_resolved,,,requires_state_election_specific_review,tracked_separately_not_implied_by_regular_seat
2024,OH,House,07,tracked_party_contests_resolved,,,requires_state_election_specific_review,tracked_separately_not_implied_by_regular_seat
2024,OH,House,08,tracked_party_contests_resolved,,,requires_state_election_specific_review,tracked_separately_not_implied_by_regular_seat
2024,OH,House,09,tracked_party_contests_resolved,,,requires_state_election_specific_review,tracked_separately_not_implied_by_regular_seat
2024,OH,House,10,tracked_party_contests_resolved,,,requires_state_election_specific_review,tracked_separately_not_implied_by_regular_seat
2024,OH,House,11,tracked_party_contests_resolved,,,requires_state_election_specific_review,tracked_separately_not_implied_by_regular_seat
2024,OH,House,12,tracked_party_contests_resolved,,,requires_state_election_specific_review,tracked_separately_not_implied_by_regular_seat
2024,OH,House,13,tracked_party_contests_resolved,,,requires_state_election_specific_review,tracked_separately_not_implied_by_regular_seat
2024,OH,House,14,tracked_party_contests_resolved,,,requires_state_election_specific_review,tracked_separately_not_implied_by_regular_seat
2024,OH,House,15,tracked_party_contests_resolved,,,requires_state_election_specific_review,tracked_separately_not_implied_by_regular_seat
2024,OK,House,01,tracked_party_contests_resolved,,,requires_state_election_specific_review,tracked_separately_not_implied_by_regular_seat
2024,OK,House,02,tracked_party_contests_resolved,,,requires_state_election_specific_review,tracked_separately_not_implied_by_regular_seat
2024,OK,House,03,tracked_party_contests_resolved,,,requires_state_election_specific_review,tracked_separately_not_implied_by_regular_seat
2024,OK,House,04,tracked_party_contests_resolved,,,requires_state_election_specific_review,tracked_separately_not_implied_by_regular_seat
2024,OK,House,05,tracked_party_contests_resolved,,,requires_state_election_specific_review,tracked_separately_not_implied_by_regular_seat
2024,OR,House,01,tracked_party_contests_resolved,,,requires_state_election_specific_review,tracked_separately_not_implied_by_regular_seat
2024,OR,House,02,tracked_party_contests_resolved,,,requires_state_election_specific_review,tracked_separately_not_implied_by_regular_seat
2024,OR,House,03,tracked_party_contests_resolved,,,requires_state_election_specific_review,tracked_separately_not_implied_by_regular_seat
2024,OR,House,04,tracked_party_contests_resolved,,,requires_state_election_specific_review,tracked_separately_not_implied_by_regular_seat
2024,OR,House,05,tracked_party_contests_resolved,,,requires_state_election_specific_review,tracked_separately_not_implied_by_regular_seat
2024,OR,House,06,tracked_party_contests_resolved,,,requires_state_election_specific_review,tracked_separately_not_implied_by_regular_seat
2024,PA,House,01,tracked_party_contests_resolved,,,requires_state_election_specific_review,tracked_separately_not_implied_by_regular_seat
2024,PA,House,02,tracked_party_contests_resolved,,,requires_state_election_specific_review,tracked_separately_not_implied_by_regular_seat
2024,PA,House,03,unresolved,Republican,,requires_state_election_specific_review,tracked_separately_not_implied_by_regular_seat
2024,PA,House,04,tracked_party_contests_resolved,,,requires_state_election_specific_review,tracked_separately_not_implied_by_regular_seat
2024,PA,House,05,tracked_party_contests_resolved,,,requires_state_election_specific_review,tracked_separately_not_implied_by_regular_seat
2024,PA,House,06,tracked_party_contests_resolved,,,requires_state_election_specific_review,tracked_separately_not_implied_by_regular_seat
2024,PA,House,07,tracked_party_contests_resolved,,,requires_state_election_specific_review,tracked_separately_not_implied_by_regular_seat
2024,PA,House,08,tracked_party_contests_resolved,,,requires_state_election_specific_review,tracked_separately_not_implied_by_regular_seat
2024,PA,House,09,tracked_party_contests_resolved,,,requires_state_election_specific_review,tracked_separately_not_implied_by_regular_seat
2024,PA,House,10,tracked_party_contests_resolved,,,requires_state_election_specific_review,tracked_separately_not_implied_by_regular_seat
2024,PA,House,11,tracked_party_contests_resolved,,,requires_state_election_specific_review,tracked_separately_not_implied_by_regular_seat
2024,PA,House,12,tracked_party_contests_resolved,,,requires_state_election_specific_review,tracked_separately_not_implied_by_regular_seat
2024,PA,House,13,tracked_party_contests_resolved,,,requires_state_election_specific_review,tracked_separately_not_implied_by_regular_seat
2024,PA,House,14,tracked_party_contests_resolved,,,requires_state_election_specific_review,tracked_separately_not_implied_by_regular_seat
2024,PA,House,15,tracked_party_contests_resolved,,,requires_state_election_specific_review,tracked_separately_not_implied_by_regular_seat
2024,PA,House,16,tracked_party_contests_resolved,,,requires_state_election_specific_review,tracked_separately_not_implied_by_regular_seat
2024,PA,House,17,tracked_party_contests_resolved,,,requires_state_election_specific_review,tracked_separately_not_implied_by_regular_seat
2024,PR,House,00,unresolved,unspecified-party,,requires_state_election_specific_review,tracked_separately_not_implied_by_regular_seat
2024,RI,House,01,tracked_party_contests_resolved,,,requires_state_election_specific_review,tracked_separately_not_implied_by_regular_seat
2024,RI,House,02,tracked_party_contests_resolved,,,requires_state_election_specific_review,tracked_separately_not_implied_by_regular_seat
2024,SC,House,01,tracked_party_contests_resolved,,,requires_state_election_specific_review,tracked_separately_not_implied_by_regular_seat
2024,SC,House,02,tracked_party_contests_resolved,,,requires_state_election_specific_review,tracked_separately_not_implied_by_regular_seat
2024,SC,House,03,tracked_party_contests_resolved,,,requires_state_election_specific_review,tracked_separately_not_implied_by_regular_seat
2024,SC,House,04,unresolved,Democratic,,requires_state_election_specific_review,tracked_separately_not_implied_by_regular_seat
2024,SC,House,05,unresolved,Democratic | Republican,,requires_state_election_specific_review,tracked_separately_not_implied_by_regular_seat
2024,SC,House,06,unresolved,Democratic,,requires_state_election_specific_review,tracked_separately_not_implied_by_regular_seat
2024,SC,House,07,unresolved,Republican,,requires_state_election_specific_review,tracked_separately_not_implied_by_regular_seat
2024,SD,House,00,tracked_party_contests_resolved,,,requires_state_election_specific_review,tracked_separately_not_implied_by_regular_seat
2024,TN,House,01,tracked_party_contests_resolved,,,requires_state_election_specific_review,tracked_separately_not_implied_by_regular_seat
2024,TN,House,02,tracked_party_contests_resolved,,,requires_state_election_specific_review,tracked_separately_not_implied_by_regular_seat
2024,TN,House,03,tracked_party_contests_resolved,,,requires_state_election_specific_review,tracked_separately_not_implied_by_regular_seat
2024,TN,House,04,tracked_party_contests_resolved,,,requires_state_election_specific_review,tracked_separately_not_implied_by_regular_seat
2024,TN,House,05,tracked_party_contests_resolved,,,requires_state_election_specific_review,tracked_separately_not_implied_by_regular_seat
2024,TN,House,06,tracked_party_contests_resolved,,,requires_state_election_specific_review,tracked_separately_not_implied_by_regular_seat
2024,TN,House,07,tracked_party_contests_resolved,,,requires_state_election_specific_review,tracked_separately_not_implied_by_regular_seat
2024,TN,House,08,tracked_party_contests_resolved,,,requires_state_election_specific_review,tracked_separately_not_implied_by_regular_seat
2024,TN,House,09,tracked_party_contests_resolved,,,requires_state_election_specific_review,tracked_separately_not_implied_by_regular_seat
2024,TX,House,01,unresolved,Democratic,,requires_state_election_specific_review,tracked_separately_not_implied_by_regular_seat
2024,TX,House,02,tracked_party_contests_resolved,,,requires_state_election_specific_review,tracked_separately_not_implied_by_regular_seat
2024,TX,House,03,tracked_party_contests_resolved,,,requires_state_election_specific_review,tracked_separately_not_implied_by_regular_seat
2024,TX,House,04,tracked_party_contests_resolved,,,requires_state_election_specific_review,tracked_separately_not_implied_by_regular_seat
2024,TX,House,05,tracked_party_contests_resolved,,,requires_state_election_specific_review,tracked_separately_not_implied_by_regular_seat
2024,TX,House,06,tracked_party_contests_resolved,,,requires_state_election_specific_review,tracked_separately_not_implied_by_regular_seat
2024,TX,House,07,tracked_party_contests_resolved,,,requires_state_election_specific_review,tracked_separately_not_implied_by_regular_seat
2024,TX,House,08,tracked_party_contests_resolved,,,requires_state_election_specific_review,tracked_separately_not_implied_by_regular_seat
2024,TX,House,09,unresolved,Republican,,requires_state_election_specific_review,tracked_separately_not_implied_by_regular_seat
2024,TX,House,10,tracked_party_contests_resolved,,,requires_state_election_specific_review,tracked_separately_not_implied_by_regular_seat
2024,TX,House,11,unresolved,Democratic,,requires_state_election_specific_review,tracked_separately_not_implied_by_regular_seat
2024,TX,House,12,tracked_party_contests_resolved,,,requires_state_election_specific_review,tracked_separately_not_implied_by_regular_seat
2024,TX,House,13,unresolved,Democratic,,requires_state_election_specific_review,tracked_separately_not_implied_by_regular_seat
2024,TX,House,14,tracked_party_contests_resolved,,,requires_state_election_specific_review,tracked_separately_not_implied_by_regular_seat
2024,TX,House,15,tracked_party_contests_resolved,,,requires_state_election_specific_review,tracked_separately_not_implied_by_regular_seat
2024,TX,House,16,tracked_party_contests_resolved,,,requires_state_election_specific_review,tracked_separately_not_implied_by_regular_seat
2024,TX,House,17,tracked_party_contests_resolved,,,requires_state_election_specific_review,tracked_separately_not_implied_by_regular_seat
2024,TX,House,18,tracked_party_contests_resolved,,,requires_state_election_specific_review,tracked_separately_not_implied_by_regular_seat
2024,TX,House,19,unresolved,Democratic,,requires_state_election_specific_review,tracked_separately_not_implied_by_regular_seat
2024,TX,House,20,unresolved,Republican,,requires_state_election_specific_review,tracked_separately_not_implied_by_regular_seat
2024,TX,House,21,tracked_party_contests_resolved,,,requires_state_election_specific_review,tracked_separately_not_implied_by_regular_seat
2024,TX,House,22,tracked_party_contests_resolved,,,requires_state_election_specific_review,tracked_separately_not_implied_by_regular_seat
2024,TX,House,23,tracked_party_contests_resolved,,,requires_state_election_specific_review,tracked_separately_not_implied_by_regular_seat
2024,TX,House,24,tracked_party_contests_resolved,,,requires_state_election_specific_review,tracked_separately_not_implied_by_regular_seat
2024,TX,House,25,unresolved,Democratic,,requires_state_election_specific_review,tracked_separately_not_implied_by_regular_seat
2024,TX,House,26,tracked_party_contests_resolved,,,requires_state_election_specific_review,tracked_separately_not_implied_by_regular_seat
2024,TX,House,27,tracked_party_contests_resolved,,,requires_state_election_specific_review,tracked_separately_not_implied_by_regular_seat
2024,TX,House,28,tracked_party_contests_resolved,,,requires_state_election_specific_review,tracked_separately_not_implied_by_regular_seat
2024,TX,House,29,tracked_party_contests_resolved,,,requires_state_election_specific_review,tracked_separately_not_implied_by_regular_seat
2024,TX,House,30,unresolved,Republican,,requires_state_election_specific_review,tracked_separately_not_implied_by_regular_seat
2024,TX,House,31,tracked_party_contests_resolved,,,requires_state_election_specific_review,tracked_separately_not_implied_by_regular_seat
2024,TX,House,32,tracked_party_contests_resolved,,,requires_state_election_specific_review,tracked_separately_not_implied_by_regular_seat
2024,TX,House,33,tracked_party_contests_resolved,,,requires_state_election_specific_review,tracked_separately_not_implied_by_regular_seat
2024,TX,House,34,tracked_party_contests_resolved,,,requires_state_election_specific_review,tracked_separately_not_implied_by_regular_seat
2024,TX,House,35,tracked_party_contests_resolved,,,requires_state_election_specific_review,tracked_separately_not_implied_by_regular_seat
2024,TX,House,36,tracked_party_contests_resolved,,,requires_state_election_specific_review,tracked_separately_not_implied_by_regular_seat
2024,TX,House,37,tracked_party_contests_resolved,,,requires_state_election_specific_review,tracked_separately_not_implied_by_regular_seat
2024,TX,House,38,tracked_party_contests_resolved,,,requires_state_election_specific_review,tracked_separately_not_implied_by_regular_seat
2024,UT,House,01,tracked_party_contests_resolved,,,requires_state_election_specific_review,tracked_separately_not_implied_by_regular_seat
2024,UT,House,02,tracked_party_contests_resolved,,,requires_state_election_specific_review,tracked_separately_not_implied_by_regular_seat
2024,UT,House,03,tracked_party_contests_resolved,,,requires_state_election_specific_review,tracked_separately_not_implied_by_regular_seat
2024,UT,House,04,tracked_party_contests_resolved,,,requires_state_election_specific_review,tracked_separately_not_implied_by_regular_seat
2024,VA,House,01,unresolved,Republican,,requires_state_election_specific_review,tracked_separately_not_implied_by_regular_seat
2024,VA,House,02,unresolved,Republican,,requires_state_election_specific_review,tracked_separately_not_implied_by_regular_seat
2024,VA,House,03,unresolved,Democratic | Republican,,requires_state_election_specific_review,tracked_separately_not_implied_by_regular_seat
2024,VA,House,04,unresolved,Democratic | Republican,,requires_state_election_specific_review,tracked_separately_not_implied_by_regular_seat
2024,VA,House,05,tracked_party_contests_resolved,,,requires_state_election_specific_review,tracked_separately_not_implied_by_regular_seat
2024,VA,House,06,unresolved,Democratic | Republican,,requires_state_election_specific_review,tracked_separately_not_implied_by_regular_seat
2024,VA,House,07,tracked_party_contests_resolved,,,requires_state_election_specific_review,tracked_separately_not_implied_by_regular_seat
2024,VA,House,08,unresolved,Democratic | Republican,,requires_state_election_specific_review,tracked_separately_not_implied_by_regular_seat
2024,VA,House,09,unresolved,Democratic | Republican,,requires_state_election_specific_review,tracked_separately_not_implied_by_regular_seat
2024,VA,House,10,tracked_party_contests_resolved,,,requires_state_election_specific_review,tracked_separately_not_implied_by_regular_seat
2024,VA,House,11,unresolved,Republican,,requires_state_election_specific_review,tracked_separately_not_implied_by_regular_seat
2024,VI,House,00,unresolved,unspecified-party | Democratic | Republican,,requires_state_election_specific_review,tracked_separately_not_implied_by_regular_seat
2024,VT,House,00,tracked_party_contests_resolved,,,requires_state_election_specific_review,tracked_separately_not_implied_by_regular_seat
2024,WA,House,01,tracked_party_contests_resolved,,,requires_state_election_specific_review,tracked_separately_not_implied_by_regular_seat
2024,WA,House,02,tracked_party_contests_resolved,,,requires_state_election_specific_review,tracked_separately_not_implied_by_regular_seat
2024,WA,House,03,tracked_party_contests_resolved,,,requires_state_election_specific_review,tracked_separately_not_implied_by_regular_seat
2024,WA,House,04,tracked_party_contests_resolved,,,requires_state_election_specific_review,tracked_separately_not_implied_by_regular_seat
2024,WA,House,05,tracked_party_contests_resolved,,,requires_state_election_specific_review,tracked_separately_not_implied_by_regular_seat
2024,WA,House,06,tracked_party_contests_resolved,,,requires_state_election_specific_review,tracked_separately_not_implied_by_regular_seat
2024,WA,House,07,tracked_party_contests_resolved,,,requires_state_election_specific_review,tracked_separately_not_implied_by_regular_seat
2024,WA,House,08,tracked_party_contests_resolved,,,requires_state_election_specific_review,tracked_separately_not_implied_by_regular_seat
2024,WA,House,09,tracked_party_contests_resolved,,,requires_state_election_specific_review,tracked_separately_not_implied_by_regular_seat
2024,WA,House,10,tracked_party_contests_resolved,,,requires_state_election_specific_review,tracked_separately_not_implied_by_regular_seat
2024,WI,House,01,tracked_party_contests_resolved,,,requires_state_election_specific_review,tracked_separately_not_implied_by_regular_seat
2024,WI,House,02,tracked_party_contests_resolved,,,requires_state_election_specific_review,tracked_separately_not_implied_by_regular_seat
2024,WI,House,03,tracked_party_contests_resolved,,,requires_state_election_specific_review,tracked_separately_not_implied_by_regular_seat
2024,WI,House,04,tracked_party_contests_resolved,,,requires_state_election_specific_review,tracked_separately_not_implied_by_regular_seat
2024,WI,House,05,tracked_party_contests_resolved,,,requires_state_election_specific_review,tracked_separately_not_implied_by_regular_seat
2024,WI,House,06,tracked_party_contests_resolved,,,requires_state_election_specific_review,tracked_separately_not_implied_by_regular_seat
2024,WI,House,07,tracked_party_contests_resolved,,,requires_state_election_specific_review,tracked_separately_not_implied_by_regular_seat
2024,WI,House,08,tracked_party_contests_resolved,,,requires_state_election_specific_review,tracked_separately_not_implied_by_regular_seat
2024,WV,House,01,unresolved,Democratic | Republican,,requires_state_election_specific_review,tracked_separately_not_implied_by_regular_seat
2024,WV,House,02,unresolved,Democratic | Republican,,requires_state_election_specific_review,tracked_separately_not_implied_by_regular_seat
2024,WY,House,00,tracked_party_contests_resolved,,,requires_state_election_specific_review,tracked_separately_not_implied_by_regular_seat
2024,AZ,Senate,S,tracked_party_contests_resolved,,,requires_state_election_specific_review,tracked_separately_not_implied_by_regular_seat
2024,CA,Senate,S,tracked_party_contests_resolved,,,requires_state_election_specific_review,tracked_separately_not_implied_by_regular_seat
2024,CT,Senate,S,tracked_party_contests_resolved,,,requires_state_election_specific_review,tracked_separately_not_implied_by_regular_seat
2024,DE,Senate,S,unresolved,Democratic | Republican,,requires_state_election_specific_review,tracked_separately_not_implied_by_regular_seat
2024,FL,Senate,S,tracked_party_contests_resolved,,,requires_state_election_specific_review,tracked_separately_not_implied_by_regular_seat
2024,HI,Senate,S,tracked_party_contests_resolved,,,requires_state_election_specific_review,tracked_separately_not_implied_by_regular_seat
2024,IN,Senate,S,tracked_party_contests_resolved,,,requires_state_election_specific_review,tracked_separately_not_implied_by_regular_seat
2024,MA,Senate,S,tracked_party_contests_resolved,,,requires_state_election_specific_review,tracked_separately_not_implied_by_regular_seat
2024,MD,Senate,S,tracked_party_contests_resolved,,,requires_state_election_specific_review,tracked_separately_not_implied_by_regular_seat
2024,ME,Senate,S,tracked_party_contests_resolved,,,requires_state_election_specific_review,tracked_separately_not_implied_by_regular_seat
2024,MI,Senate,S,tracked_party_contests_resolved,,,requires_state_election_specific_review,tracked_separately_not_implied_by_regular_seat
2024,MN,Senate,S,tracked_party_contests_resolved,,,requires_state_election_specific_review,tracked_separately_not_implied_by_regular_seat
2024,MO,Senate,S,tracked_party_contests_resolved,,,requires_state_election_specific_review,tracked_separately_not_implied_by_regular_seat
2024,MS,Senate,S,tracked_party_contests_resolved,,,requires_state_election_specific_review,tracked_separately_not_implied_by_regular_seat
2024,MT,Senate,S,tracked_party_contests_resolved,,,requires_state_election_specific_review,tracked_separately_not_implied_by_regular_seat
2024,ND,Senate,S,tracked_party_contests_resolved,,,requires_state_election_specific_review,tracked_separately_not_implied_by_regular_seat
2024,NE,Senate,S,unresolved,Democratic,,requires_state_election_specific_review,tracked_separately_not_implied_by_regular_seat
2024,NJ,Senate,S,tracked_party_contests_resolved,,,requires_state_election_specific_review,tracked_separately_not_implied_by_regular_seat
2024,NM,Senate,S,tracked_party_contests_resolved,,,requires_state_election_specific_review,tracked_separately_not_implied_by_regular_seat
2024,NV,Senate,S,unresolved,Democratic | Republican,,requires_state_election_specific_review,tracked_separately_not_implied_by_regular_seat
2024,NY,Senate,S,tracked_party_contests_resolved,,,requires_state_election_specific_review,tracked_separately_not_implied_by_regular_seat
2024,OH,Senate,S,tracked_party_contests_resolved,,,requires_state_election_specific_review,tracked_separately_not_implied_by_regular_seat
2024,PA,Senate,S,tracked_party_contests_resolved,,,requires_state_election_specific_review,tracked_separately_not_implied_by_regular_seat
2024,RI,Senate,S,tracked_party_contests_resolved,,,requires_state_election_specific_review,tracked_separately_not_implied_by_regular_seat
2024,TN,Senate,S,tracked_party_contests_resolved,,,requires_state_election_specific_review,tracked_separately_not_implied_by_regular_seat
2024,TX,Senate,S,tracked_party_contests_resolved,,,requires_state_election_specific_review,tracked_separately_not_implied_by_regular_seat
2024,UT,Senate,S,tracked_party_contests_resolved,,,requires_state_election_specific_review,tracked_separately_not_implied_by_regular_seat
2024,VA,Senate,S,unresolved,Democratic,,requires_state_election_specific_review,tracked_separately_not_implied_by_regular_seat
2024,VT,Senate,S,tracked_party_contests_resolved,,,requires_state_election_specific_review,tracked_separately_not_implied_by_regular_seat
2024,WA,Senate,S,tracked_party_contests_resolved,,,requires_state_election_specific_review,tracked_separately_not_implied_by_regular_seat
2024,WI,Senate,S,tracked_party_contests_resolved,,,requires_state_election_specific_review,tracked_separately_not_implied_by_regular_seat
2024,WV,Senate,S,unresolved,Democratic | Republican,,requires_state_election_specific_review,tracked_separately_not_implied_by_regular_seat
2024,WY,Senate,S,tracked_party_contests_resolved,,,requires_state_election_specific_review,tracked_separately_not_implied_by_regular_seat
2026,AK,House,00,tracked_party_contests_resolved,,,requires_state_election_specific_review,tracked_separately_not_implied_by_regular_seat
2026,AL,House,01,unresolved,Democratic,,requires_state_election_specific_review,tracked_separately_not_implied_by_regular_seat
2026,AL,House,02,unresolved,Democratic,,requires_state_election_specific_review,tracked_separately_not_implied_by_regular_seat
2026,AL,House,03,unresolved,Democratic,,requires_state_election_specific_review,tracked_separately_not_implied_by_regular_seat
2026,AL,House,04,tracked_party_contests_resolved,,,requires_state_election_specific_review,tracked_separately_not_implied_by_regular_seat
2026,AL,House,05,unresolved,Republican,,requires_state_election_specific_review,tracked_separately_not_implied_by_regular_seat
2026,AL,House,06,tracked_party_contests_resolved,,,requires_state_election_specific_review,tracked_separately_not_implied_by_regular_seat
2026,AL,House,07,unresolved,Democratic | Republican,,requires_state_election_specific_review,tracked_separately_not_implied_by_regular_seat
2026,AR,House,01,tracked_party_contests_resolved,,,requires_state_election_specific_review,tracked_separately_not_implied_by_regular_seat
2026,AR,House,02,tracked_party_contests_resolved,,,requires_state_election_specific_review,tracked_separately_not_implied_by_regular_seat
2026,AR,House,03,tracked_party_contests_resolved,,,requires_state_election_specific_review,tracked_separately_not_implied_by_regular_seat
2026,AR,House,04,tracked_party_contests_resolved,,,requires_state_election_specific_review,tracked_separately_not_implied_by_regular_seat
2026,AS,House,00,tracked_party_contests_resolved,,,requires_state_election_specific_review,tracked_separately_not_implied_by_regular_seat
2026,AZ,House,01,tracked_party_contests_resolved,,,requires_state_election_specific_review,tracked_separately_not_implied_by_regular_seat
2026,AZ,House,02,tracked_party_contests_resolved,,,requires_state_election_specific_review,tracked_separately_not_implied_by_regular_seat
2026,AZ,House,03,tracked_party_contests_resolved,,,requires_state_election_specific_review,tracked_separately_not_implied_by_regular_seat
2026,AZ,House,04,tracked_party_contests_resolved,,,requires_state_election_specific_review,tracked_separately_not_implied_by_regular_seat
2026,AZ,House,05,tracked_party_contests_resolved,,,requires_state_election_specific_review,tracked_separately_not_implied_by_regular_seat
2026,AZ,House,06,tracked_party_contests_resolved,,,requires_state_election_specific_review,tracked_separately_not_implied_by_regular_seat
2026,AZ,House,07,tracked_party_contests_resolved,,,requires_state_election_specific_review,tracked_separately_not_implied_by_regular_seat
2026,AZ,House,08,tracked_party_contests_resolved,,,requires_state_election_specific_review,tracked_separately_not_implied_by_regular_seat
2026,AZ,House,09,tracked_party_contests_resolved,,,requires_state_election_specific_review,tracked_separately_not_implied_by_regular_seat
2026,CA,House,01,tracked_party_contests_resolved,,,requires_state_election_specific_review,tracked_separately_not_implied_by_regular_seat
2026,CA,House,02,tracked_party_contests_resolved,,,requires_state_election_specific_review,tracked_separately_not_implied_by_regular_seat
2026,CA,House,03,tracked_party_contests_resolved,,,requires_state_election_specific_review,tracked_separately_not_implied_by_regular_seat
2026,CA,House,04,tracked_party_contests_resolved,,,requires_state_election_specific_review,tracked_separately_not_implied_by_regular_seat
2026,CA,House,05,tracked_party_contests_resolved,,,requires_state_election_specific_review,tracked_separately_not_implied_by_regular_seat
2026,CA,House,06,tracked_party_contests_resolved,,,requires_state_election_specific_review,tracked_separately_not_implied_by_regular_seat
2026,CA,House,07,tracked_party_contests_resolved,,,requires_state_election_specific_review,tracked_separately_not_implied_by_regular_seat
2026,CA,House,08,tracked_party_contests_resolved,,,requires_state_election_specific_review,tracked_separately_not_implied_by_regular_seat
2026,CA,House,09,tracked_party_contests_resolved,,,requires_state_election_specific_review,tracked_separately_not_implied_by_regular_seat
2026,CA,House,10,tracked_party_contests_resolved,,,requires_state_election_specific_review,tracked_separately_not_implied_by_regular_seat
2026,CA,House,11,tracked_party_contests_resolved,,,requires_state_election_specific_review,tracked_separately_not_implied_by_regular_seat
2026,CA,House,12,tracked_party_contests_resolved,,,requires_state_election_specific_review,tracked_separately_not_implied_by_regular_seat
2026,CA,House,13,tracked_party_contests_resolved,,,requires_state_election_specific_review,tracked_separately_not_implied_by_regular_seat
2026,CA,House,14,tracked_party_contests_resolved,,,requires_state_election_specific_review,tracked_separately_not_implied_by_regular_seat
2026,CA,House,15,tracked_party_contests_resolved,,,requires_state_election_specific_review,tracked_separately_not_implied_by_regular_seat
2026,CA,House,16,tracked_party_contests_resolved,,,requires_state_election_specific_review,tracked_separately_not_implied_by_regular_seat
2026,CA,House,17,tracked_party_contests_resolved,,,requires_state_election_specific_review,tracked_separately_not_implied_by_regular_seat
2026,CA,House,18,tracked_party_contests_resolved,,,requires_state_election_specific_review,tracked_separately_not_implied_by_regular_seat
2026,CA,House,19,tracked_party_contests_resolved,,,requires_state_election_specific_review,tracked_separately_not_implied_by_regular_seat
2026,CA,House,20,tracked_party_contests_resolved,,,requires_state_election_specific_review,tracked_separately_not_implied_by_regular_seat
2026,CA,House,21,tracked_party_contests_resolved,,,requires_state_election_specific_review,tracked_separately_not_implied_by_regular_seat
2026,CA,House,22,tracked_party_contests_resolved,,,requires_state_election_specific_review,tracked_separately_not_implied_by_regular_seat
2026,CA,House,23,tracked_party_contests_resolved,,,requires_state_election_specific_review,tracked_separately_not_implied_by_regular_seat
2026,CA,House,24,tracked_party_contests_resolved,,,requires_state_election_specific_review,tracked_separately_not_implied_by_regular_seat
2026,CA,House,25,tracked_party_contests_resolved,,,requires_state_election_specific_review,tracked_separately_not_implied_by_regular_seat
2026,CA,House,26,tracked_party_contests_resolved,,,requires_state_election_specific_review,tracked_separately_not_implied_by_regular_seat
2026,CA,House,27,tracked_party_contests_resolved,,,requires_state_election_specific_review,tracked_separately_not_implied_by_regular_seat
2026,CA,House,28,tracked_party_contests_resolved,,,requires_state_election_specific_review,tracked_separately_not_implied_by_regular_seat
2026,CA,House,29,tracked_party_contests_resolved,,,requires_state_election_specific_review,tracked_separately_not_implied_by_regular_seat
2026,CA,House,30,tracked_party_contests_resolved,,,requires_state_election_specific_review,tracked_separately_not_implied_by_regular_seat
2026,CA,House,31,tracked_party_contests_resolved,,,requires_state_election_specific_review,tracked_separately_not_implied_by_regular_seat
2026,CA,House,32,tracked_party_contests_resolved,,,requires_state_election_specific_review,tracked_separately_not_implied_by_regular_seat
2026,CA,House,33,tracked_party_contests_resolved,,,requires_state_election_specific_review,tracked_separately_not_implied_by_regular_seat
2026,CA,House,34,tracked_party_contests_resolved,,,requires_state_election_specific_review,tracked_separately_not_implied_by_regular_seat
2026,CA,House,35,tracked_party_contests_resolved,,,requires_state_election_specific_review,tracked_separately_not_implied_by_regular_seat
2026,CA,House,36,tracked_party_contests_resolved,,,requires_state_election_specific_review,tracked_separately_not_implied_by_regular_seat
2026,CA,House,37,tracked_party_contests_resolved,,,requires_state_election_specific_review,tracked_separately_not_implied_by_regular_seat
2026,CA,House,38,tracked_party_contests_resolved,,,requires_state_election_specific_review,tracked_separately_not_implied_by_regular_seat
2026,CA,House,39,tracked_party_contests_resolved,,,requires_state_election_specific_review,tracked_separately_not_implied_by_regular_seat
2026,CA,House,40,tracked_party_contests_resolved,,,requires_state_election_specific_review,tracked_separately_not_implied_by_regular_seat
2026,CA,House,41,tracked_party_contests_resolved,,,requires_state_election_specific_review,tracked_separately_not_implied_by_regular_seat
2026,CA,House,42,tracked_party_contests_resolved,,,requires_state_election_specific_review,tracked_separately_not_implied_by_regular_seat
2026,CA,House,43,tracked_party_contests_resolved,,,requires_state_election_specific_review,tracked_separately_not_implied_by_regular_seat
2026,CA,House,44,tracked_party_contests_resolved,,,requires_state_election_specific_review,tracked_separately_not_implied_by_regular_seat
2026,CA,House,45,tracked_party_contests_resolved,,,requires_state_election_specific_review,tracked_separately_not_implied_by_regular_seat
2026,CA,House,46,tracked_party_contests_resolved,,,requires_state_election_specific_review,tracked_separately_not_implied_by_regular_seat
2026,CA,House,47,tracked_party_contests_resolved,,,requires_state_election_specific_review,tracked_separately_not_implied_by_regular_seat
2026,CA,House,48,tracked_party_contests_resolved,,,requires_state_election_specific_review,tracked_separately_not_implied_by_regular_seat
2026,CA,House,49,tracked_party_contests_resolved,,,requires_state_election_specific_review,tracked_separately_not_implied_by_regular_seat
2026,CA,House,50,tracked_party_contests_resolved,,,requires_state_election_specific_review,tracked_separately_not_implied_by_regular_seat
2026,CA,House,51,tracked_party_contests_resolved,,,requires_state_election_specific_review,tracked_separately_not_implied_by_regular_seat
2026,CA,House,52,tracked_party_contests_resolved,,,requires_state_election_specific_review,tracked_separately_not_implied_by_regular_seat
2026,CO,House,01,tracked_party_contests_resolved,,,requires_state_election_specific_review,tracked_separately_not_implied_by_regular_seat
2026,CO,House,02,tracked_party_contests_resolved,,,requires_state_election_specific_review,tracked_separately_not_implied_by_regular_seat
2026,CO,House,03,tracked_party_contests_resolved,,,requires_state_election_specific_review,tracked_separately_not_implied_by_regular_seat
2026,CO,House,04,tracked_party_contests_resolved,,,requires_state_election_specific_review,tracked_separately_not_implied_by_regular_seat
2026,CO,House,05,tracked_party_contests_resolved,,,requires_state_election_specific_review,tracked_separately_not_implied_by_regular_seat
2026,CO,House,06,tracked_party_contests_resolved,,,requires_state_election_specific_review,tracked_separately_not_implied_by_regular_seat
2026,CO,House,07,tracked_party_contests_resolved,,,requires_state_election_specific_review,tracked_separately_not_implied_by_regular_seat
2026,CO,House,08,tracked_party_contests_resolved,,,requires_state_election_specific_review,tracked_separately_not_implied_by_regular_seat
2026,CT,House,01,unresolved,Democratic | Republican,,requires_state_election_specific_review,tracked_separately_not_implied_by_regular_seat
2026,CT,House,02,unresolved,Democratic | Republican,,requires_state_election_specific_review,tracked_separately_not_implied_by_regular_seat
2026,CT,House,03,unresolved,Democratic | Republican,,requires_state_election_specific_review,tracked_separately_not_implied_by_regular_seat
2026,CT,House,04,unresolved,Democratic | Republican,,requires_state_election_specific_review,tracked_separately_not_implied_by_regular_seat
2026,CT,House,05,unresolved,Democratic | Republican,,requires_state_election_specific_review,tracked_separately_not_implied_by_regular_seat
2026,DC,House,00,tracked_party_contests_resolved,,,requires_state_election_specific_review,tracked_separately_not_implied_by_regular_seat
2026,DE,House,00,unresolved,Democratic | Republican,,requires_state_election_specific_review,tracked_separately_not_implied_by_regular_seat
2026,FL,House,01,unresolved,Democratic,,requires_state_election_specific_review,tracked_separately_not_implied_by_regular_seat
2026,FL,House,02,tracked_party_contests_resolved,,,requires_state_election_specific_review,tracked_separately_not_implied_by_regular_seat
2026,FL,House,03,unresolved,Republican,,requires_state_election_specific_review,tracked_separately_not_implied_by_regular_seat
2026,FL,House,04,unresolved,Republican,,requires_state_election_specific_review,tracked_separately_not_implied_by_regular_seat
2026,FL,House,05,tracked_party_contests_resolved,,,requires_state_election_specific_review,tracked_separately_not_implied_by_regular_seat
2026,FL,House,06,tracked_party_contests_resolved,,,requires_state_election_specific_review,tracked_separately_not_implied_by_regular_seat
2026,FL,House,07,tracked_party_contests_resolved,,,requires_state_election_specific_review,tracked_separately_not_implied_by_regular_seat
2026,FL,House,08,unresolved,Democratic | Republican,,requires_state_election_specific_review,tracked_separately_not_implied_by_regular_seat
2026,FL,House,09,unresolved,Democratic,,requires_state_election_specific_review,tracked_separately_not_implied_by_regular_seat
2026,FL,House,10,unresolved,Democratic | Republican,,requires_state_election_specific_review,tracked_separately_not_implied_by_regular_seat
2026,FL,House,11,tracked_party_contests_resolved,,,requires_state_election_specific_review,tracked_separately_not_implied_by_regular_seat
2026,FL,House,12,unresolved,Republican,,requires_state_election_specific_review,tracked_separately_not_implied_by_regular_seat
2026,FL,House,13,unresolved,Republican,,requires_state_election_specific_review,tracked_separately_not_implied_by_regular_seat
2026,FL,House,14,unresolved,Democratic,,requires_state_election_specific_review,tracked_separately_not_implied_by_regular_seat
2026,FL,House,15,unresolved,Republican,,requires_state_election_specific_review,tracked_separately_not_implied_by_regular_seat
2026,FL,House,16,tracked_party_contests_resolved,,,requires_state_election_specific_review,tracked_separately_not_implied_by_regular_seat
2026,FL,House,17,unresolved,Republican,,requires_state_election_specific_review,tracked_separately_not_implied_by_regular_seat
2026,FL,House,18,unresolved,Democratic | Republican,,requires_state_election_specific_review,tracked_separately_not_implied_by_regular_seat
2026,FL,House,19,tracked_party_contests_resolved,,,requires_state_election_specific_review,tracked_separately_not_implied_by_regular_seat
2026,FL,House,20,tracked_party_contests_resolved,,,requires_state_election_specific_review,tracked_separately_not_implied_by_regular_seat
2026,FL,House,21,unresolved,Republican,,requires_state_election_specific_review,tracked_separately_not_implied_by_regular_seat
2026,FL,House,22,tracked_party_contests_resolved,,,requires_state_election_specific_review,tracked_separately_not_implied_by_regular_seat
2026,FL,House,23,tracked_party_contests_resolved,,,requires_state_election_specific_review,tracked_separately_not_implied_by_regular_seat
2026,FL,House,24,unresolved,Republican,,requires_state_election_specific_review,tracked_separately_not_implied_by_regular_seat
2026,FL,House,25,tracked_party_contests_resolved,,,requires_state_election_specific_review,tracked_separately_not_implied_by_regular_seat
2026,FL,House,26,unresolved,Democratic | Republican,,requires_state_election_specific_review,tracked_separately_not_implied_by_regular_seat
2026,FL,House,27,tracked_party_contests_resolved,,,requires_state_election_specific_review,tracked_separately_not_implied_by_regular_seat
2026,FL,House,28,unresolved,Democratic | Republican,,requires_state_election_specific_review,tracked_separately_not_implied_by_regular_seat
2026,GA,House,01,tracked_party_contests_resolved,,,requires_state_election_specific_review,tracked_separately_not_implied_by_regular_seat
2026,GA,House,02,tracked_party_contests_resolved,,,requires_state_election_specific_review,tracked_separately_not_implied_by_regular_seat
2026,GA,House,03,tracked_party_contests_resolved,,,requires_state_election_specific_review,tracked_separately_not_implied_by_regular_seat
2026,GA,House,04,tracked_party_contests_resolved,,,requires_state_election_specific_review,tracked_separately_not_implied_by_regular_seat
2026,GA,House,05,tracked_party_contests_resolved,,,requires_state_election_specific_review,tracked_separately_not_implied_by_regular_seat
2026,GA,House,06,tracked_party_contests_resolved,,,requires_state_election_specific_review,tracked_separately_not_implied_by_regular_seat
2026,GA,House,07,tracked_party_contests_resolved,,,requires_state_election_specific_review,tracked_separately_not_implied_by_regular_seat
2026,GA,House,08,tracked_party_contests_resolved,,,requires_state_election_specific_review,tracked_separately_not_implied_by_regular_seat
2026,GA,House,09,tracked_party_contests_resolved,,,requires_state_election_specific_review,tracked_separately_not_implied_by_regular_seat
2026,GA,House,10,tracked_party_contests_resolved,,,requires_state_election_specific_review,tracked_separately_not_implied_by_regular_seat
2026,GA,House,11,tracked_party_contests_resolved,,,requires_state_election_specific_review,tracked_separately_not_implied_by_regular_seat
2026,GA,House,12,tracked_party_contests_resolved,,,requires_state_election_specific_review,tracked_separately_not_implied_by_regular_seat
2026,GA,House,13,tracked_party_contests_resolved,,,requires_state_election_specific_review,tracked_separately_not_implied_by_regular_seat
2026,GA,House,14,tracked_party_contests_resolved,,,requires_state_election_specific_review,tracked_separately_not_implied_by_regular_seat
2026,GU,House,00,unresolved,unspecified-party | Democratic | Republican,,requires_state_election_specific_review,tracked_separately_not_implied_by_regular_seat
2026,HI,House,01,tracked_party_contests_resolved,,,requires_state_election_specific_review,tracked_separately_not_implied_by_regular_seat
2026,HI,House,02,tracked_party_contests_resolved,,,requires_state_election_specific_review,tracked_separately_not_implied_by_regular_seat
2026,IA,House,01,tracked_party_contests_resolved,,,requires_state_election_specific_review,tracked_separately_not_implied_by_regular_seat
2026,IA,House,02,tracked_party_contests_resolved,,,requires_state_election_specific_review,tracked_separately_not_implied_by_regular_seat
2026,IA,House,03,tracked_party_contests_resolved,,,requires_state_election_specific_review,tracked_separately_not_implied_by_regular_seat
2026,IA,House,04,tracked_party_contests_resolved,,,requires_state_election_specific_review,tracked_separately_not_implied_by_regular_seat
2026,ID,House,01,unresolved,Constitution | Libertarian,,requires_state_election_specific_review,tracked_separately_not_implied_by_regular_seat
2026,ID,House,02,unresolved,Constitution,,requires_state_election_specific_review,tracked_separately_not_implied_by_regular_seat
2026,IL,House,01,tracked_party_contests_resolved,,,requires_state_election_specific_review,tracked_separately_not_implied_by_regular_seat
2026,IL,House,02,tracked_party_contests_resolved,,,requires_state_election_specific_review,tracked_separately_not_implied_by_regular_seat
2026,IL,House,03,tracked_party_contests_resolved,,,requires_state_election_specific_review,tracked_separately_not_implied_by_regular_seat
2026,IL,House,04,tracked_party_contests_resolved,,,requires_state_election_specific_review,tracked_separately_not_implied_by_regular_seat
2026,IL,House,05,tracked_party_contests_resolved,,,requires_state_election_specific_review,tracked_separately_not_implied_by_regular_seat
2026,IL,House,06,tracked_party_contests_resolved,,,requires_state_election_specific_review,tracked_separately_not_implied_by_regular_seat
2026,IL,House,07,tracked_party_contests_resolved,,,requires_state_election_specific_review,tracked_separately_not_implied_by_regular_seat
2026,IL,House,08,tracked_party_contests_resolved,,,requires_state_election_specific_review,tracked_separately_not_implied_by_regular_seat
2026,IL,House,09,tracked_party_contests_resolved,,,requires_state_election_specific_review,tracked_separately_not_implied_by_regular_seat
2026,IL,House,10,tracked_party_contests_resolved,,,requires_state_election_specific_review,tracked_separately_not_implied_by_regular_seat
2026,IL,House,11,tracked_party_contests_resolved,,,requires_state_election_specific_review,tracked_separately_not_implied_by_regular_seat
2026,IL,House,12,tracked_party_contests_resolved,,,requires_state_election_specific_review,tracked_separately_not_implied_by_regular_seat
2026,IL,House,13,tracked_party_contests_resolved,,,requires_state_election_specific_review,tracked_separately_not_implied_by_regular_seat
2026,IL,House,14,tracked_party_contests_resolved,,,requires_state_election_specific_review,tracked_separately_not_implied_by_regular_seat
2026,IL,House,15,tracked_party_contests_resolved,,,requires_state_election_specific_review,tracked_separately_not_implied_by_regular_seat
2026,IL,House,16,tracked_party_contests_resolved,,,requires_state_election_specific_review,tracked_separately_not_implied_by_regular_seat
2026,IL,House,17,tracked_party_contests_resolved,,,requires_state_election_specific_review,tracked_separately_not_implied_by_regular_seat
2026,IN,House,01,unresolved,Democratic | Republican,,requires_state_election_specific_review,tracked_separately_not_implied_by_regular_seat
2026,IN,House,02,unresolved,Democratic | Republican,,requires_state_election_specific_review,tracked_separately_not_implied_by_regular_seat
2026,IN,House,03,unresolved,Democratic | Republican,,requires_state_election_specific_review,tracked_separately_not_implied_by_regular_seat
2026,IN,House,04,unresolved,Democratic | Republican,,requires_state_election_specific_review,tracked_separately_not_implied_by_regular_seat
2026,IN,House,05,unresolved,Democratic | Republican,,requires_state_election_specific_review,tracked_separately_not_implied_by_regular_seat
2026,IN,House,06,unresolved,Democratic | Republican,,requires_state_election_specific_review,tracked_separately_not_implied_by_regular_seat
2026,IN,House,07,unresolved,Democratic | Republican,,requires_state_election_specific_review,tracked_separately_not_implied_by_regular_seat
2026,IN,House,08,unresolved,Democratic | Republican,,requires_state_election_specific_review,tracked_separately_not_implied_by_regular_seat
2026,IN,House,09,unresolved,Democratic | Republican,,requires_state_election_specific_review,tracked_separately_not_implied_by_regular_seat
2026,KS,House,01,tracked_party_contests_resolved,,,requires_state_election_specific_review,tracked_separately_not_implied_by_regular_seat
2026,KS,House,02,tracked_party_contests_resolved,,,requires_state_election_specific_review,tracked_separately_not_implied_by_regular_seat
2026,KS,House,03,tracked_party_contests_resolved,,,requires_state_election_specific_review,tracked_separately_not_implied_by_regular_seat
2026,KS,House,04,tracked_party_contests_resolved,,,requires_state_election_specific_review,tracked_separately_not_implied_by_regular_seat
2026,KY,House,01,tracked_party_contests_resolved,,,requires_state_election_specific_review,tracked_separately_not_implied_by_regular_seat
2026,KY,House,02,tracked_party_contests_resolved,,,requires_state_election_specific_review,tracked_separately_not_implied_by_regular_seat
2026,KY,House,03,tracked_party_contests_resolved,,,requires_state_election_specific_review,tracked_separately_not_implied_by_regular_seat
2026,KY,House,04,tracked_party_contests_resolved,,,requires_state_election_specific_review,tracked_separately_not_implied_by_regular_seat
2026,KY,House,05,tracked_party_contests_resolved,,,requires_state_election_specific_review,tracked_separately_not_implied_by_regular_seat
2026,KY,House,06,tracked_party_contests_resolved,,,requires_state_election_specific_review,tracked_separately_not_implied_by_regular_seat
2026,LA,House,01,future_scheduled,,all-party,requires_state_election_specific_review,tracked_separately_not_implied_by_regular_seat
2026,LA,House,02,future_scheduled,,all-party,requires_state_election_specific_review,tracked_separately_not_implied_by_regular_seat
2026,LA,House,03,future_scheduled,,all-party,requires_state_election_specific_review,tracked_separately_not_implied_by_regular_seat
2026,LA,House,04,future_scheduled,,all-party,requires_state_election_specific_review,tracked_separately_not_implied_by_regular_seat
2026,LA,House,05,future_scheduled,,all-party,requires_state_election_specific_review,tracked_separately_not_implied_by_regular_seat
2026,LA,House,06,future_scheduled,,all-party,requires_state_election_specific_review,tracked_separately_not_implied_by_regular_seat
2026,MA,House,01,tracked_party_contests_resolved,,,requires_state_election_specific_review,tracked_separately_not_implied_by_regular_seat
2026,MA,House,02,tracked_party_contests_resolved,,,requires_state_election_specific_review,tracked_separately_not_implied_by_regular_seat
2026,MA,House,03,tracked_party_contests_resolved,,,requires_state_election_specific_review,tracked_separately_not_implied_by_regular_seat
2026,MA,House,04,tracked_party_contests_resolved,,,requires_state_election_specific_review,tracked_separately_not_implied_by_regular_seat
2026,MA,House,05,tracked_party_contests_resolved,,,requires_state_election_specific_review,tracked_separately_not_implied_by_regular_seat
2026,MA,House,06,tracked_party_contests_resolved,,,requires_state_election_specific_review,tracked_separately_not_implied_by_regular_seat
2026,MA,House,07,tracked_party_contests_resolved,,,requires_state_election_specific_review,tracked_separately_not_implied_by_regular_seat
2026,MA,House,08,tracked_party_contests_resolved,,,requires_state_election_specific_review,tracked_separately_not_implied_by_regular_seat
2026,MA,House,09,tracked_party_contests_resolved,,,requires_state_election_specific_review,tracked_separately_not_implied_by_regular_seat
2026,MD,House,01,tracked_party_contests_resolved,,,requires_state_election_specific_review,tracked_separately_not_implied_by_regular_seat
2026,MD,House,02,tracked_party_contests_resolved,,,requires_state_election_specific_review,tracked_separately_not_implied_by_regular_seat
2026,MD,House,03,tracked_party_contests_resolved,,,requires_state_election_specific_review,tracked_separately_not_implied_by_regular_seat
2026,MD,House,04,tracked_party_contests_resolved,,,requires_state_election_specific_review,tracked_separately_not_implied_by_regular_seat
2026,MD,House,05,tracked_party_contests_resolved,,,requires_state_election_specific_review,tracked_separately_not_implied_by_regular_seat
2026,MD,House,06,tracked_party_contests_resolved,,,requires_state_election_specific_review,tracked_separately_not_implied_by_regular_seat
2026,MD,House,07,tracked_party_contests_resolved,,,requires_state_election_specific_review,tracked_separately_not_implied_by_regular_seat
2026,MD,House,08,tracked_party_contests_resolved,,,requires_state_election_specific_review,tracked_separately_not_implied_by_regular_seat
2026,ME,House,01,tracked_party_contests_resolved,,,requires_state_election_specific_review,tracked_separately_not_implied_by_regular_seat
2026,ME,House,02,tracked_party_contests_resolved,,,requires_state_election_specific_review,tracked_separately_not_implied_by_regular_seat
2026,MI,House,01,tracked_party_contests_resolved,,,requires_state_election_specific_review,tracked_separately_not_implied_by_regular_seat
2026,MI,House,02,tracked_party_contests_resolved,,,requires_state_election_specific_review,tracked_separately_not_implied_by_regular_seat
2026,MI,House,03,tracked_party_contests_resolved,,,requires_state_election_specific_review,tracked_separately_not_implied_by_regular_seat
2026,MI,House,04,tracked_party_contests_resolved,,,requires_state_election_specific_review,tracked_separately_not_implied_by_regular_seat
2026,MI,House,05,tracked_party_contests_resolved,,,requires_state_election_specific_review,tracked_separately_not_implied_by_regular_seat
2026,MI,House,06,tracked_party_contests_resolved,,,requires_state_election_specific_review,tracked_separately_not_implied_by_regular_seat
2026,MI,House,07,tracked_party_contests_resolved,,,requires_state_election_specific_review,tracked_separately_not_implied_by_regular_seat
2026,MI,House,08,tracked_party_contests_resolved,,,requires_state_election_specific_review,tracked_separately_not_implied_by_regular_seat
2026,MI,House,09,tracked_party_contests_resolved,,,requires_state_election_specific_review,tracked_separately_not_implied_by_regular_seat
2026,MI,House,10,tracked_party_contests_resolved,,,requires_state_election_specific_review,tracked_separately_not_implied_by_regular_seat
2026,MI,House,11,tracked_party_contests_resolved,,,requires_state_election_specific_review,tracked_separately_not_implied_by_regular_seat
2026,MI,House,12,tracked_party_contests_resolved,,,requires_state_election_specific_review,tracked_separately_not_implied_by_regular_seat
2026,MI,House,13,tracked_party_contests_resolved,,,requires_state_election_specific_review,tracked_separately_not_implied_by_regular_seat
2026,MN,House,01,unresolved,Democratic | Republican,,requires_state_election_specific_review,tracked_separately_not_implied_by_regular_seat
2026,MN,House,02,unresolved,Democratic | Republican,,requires_state_election_specific_review,tracked_separately_not_implied_by_regular_seat
2026,MN,House,03,unresolved,Democratic | Republican,,requires_state_election_specific_review,tracked_separately_not_implied_by_regular_seat
2026,MN,House,04,unresolved,Democratic | Republican,,requires_state_election_specific_review,tracked_separately_not_implied_by_regular_seat
2026,MN,House,05,unresolved,Democratic | Republican,,requires_state_election_specific_review,tracked_separately_not_implied_by_regular_seat
2026,MN,House,06,unresolved,Democratic | Republican,,requires_state_election_specific_review,tracked_separately_not_implied_by_regular_seat
2026,MN,House,07,unresolved,Democratic | Republican,,requires_state_election_specific_review,tracked_separately_not_implied_by_regular_seat
2026,MN,House,08,unresolved,Democratic | Republican,,requires_state_election_specific_review,tracked_separately_not_implied_by_regular_seat
2026,MO,House,01,unresolved,Democratic | Republican,,requires_state_election_specific_review,tracked_separately_not_implied_by_regular_seat
2026,MO,House,02,unresolved,Democratic | Republican,,requires_state_election_specific_review,tracked_separately_not_implied_by_regular_seat
2026,MO,House,03,unresolved,Democratic | Republican,,requires_state_election_specific_review,tracked_separately_not_implied_by_regular_seat
2026,MO,House,04,unresolved,Democratic | Republican,,requires_state_election_specific_review,tracked_separately_not_implied_by_regular_seat
2026,MO,House,05,unresolved,Democratic | Republican,,requires_state_election_specific_review,tracked_separately_not_implied_by_regular_seat
2026,MO,House,06,unresolved,Democratic | Republican,,requires_state_election_specific_review,tracked_separately_not_implied_by_regular_seat
2026,MO,House,07,unresolved,Democratic | Republican,,requires_state_election_specific_review,tracked_separately_not_implied_by_regular_seat
2026,MO,House,08,unresolved,Democratic | Republican,,requires_state_election_specific_review,tracked_separately_not_implied_by_regular_seat
2026,MP,House,00,tracked_party_contests_resolved,,,requires_state_election_specific_review,tracked_separately_not_implied_by_regular_seat
2026,MS,House,01,tracked_party_contests_resolved,,,requires_state_election_specific_review,tracked_separately_not_implied_by_regular_seat
2026,MS,House,02,tracked_party_contests_resolved,,,requires_state_election_specific_review,tracked_separately_not_implied_by_regular_seat
2026,MS,House,03,tracked_party_contests_resolved,,,requires_state_election_specific_review,tracked_separately_not_implied_by_regular_seat
2026,MS,House,04,tracked_party_contests_resolved,,,requires_state_election_specific_review,tracked_separately_not_implied_by_regular_seat
2026,MT,House,01,tracked_party_contests_resolved,,,requires_state_election_specific_review,tracked_separately_not_implied_by_regular_seat
2026,MT,House,02,tracked_party_contests_resolved,,,requires_state_election_specific_review,tracked_separately_not_implied_by_regular_seat
2026,NC,House,01,unresolved,Democratic,,requires_state_election_specific_review,tracked_separately_not_implied_by_regular_seat
2026,NC,House,02,unresolved,Democratic | Republican,,requires_state_election_specific_review,tracked_separately_not_implied_by_regular_seat
2026,NC,House,03,unresolved,Republican,,requires_state_election_specific_review,tracked_separately_not_implied_by_regular_seat
2026,NC,House,04,unresolved,Republican,,requires_state_election_specific_review,tracked_separately_not_implied_by_regular_seat
2026,NC,House,05,tracked_party_contests_resolved,,,requires_state_election_specific_review,tracked_separately_not_implied_by_regular_seat
2026,NC,House,06,unresolved,Republican,,requires_state_election_specific_review,tracked_separately_not_implied_by_regular_seat
2026,NC,House,07,unresolved,Democratic,,requires_state_election_specific_review,tracked_separately_not_implied_by_regular_seat
2026,NC,House,08,unresolved,Republican,,requires_state_election_specific_review,tracked_separately_not_implied_by_regular_seat
2026,NC,House,09,unresolved,Republican,,requires_state_election_specific_review,tracked_separately_not_implied_by_regular_seat
2026,NC,House,10,tracked_party_contests_resolved,,,requires_state_election_specific_review,tracked_separately_not_implied_by_regular_seat
2026,NC,House,11,tracked_party_contests_resolved,,,requires_state_election_specific_review,tracked_separately_not_implied_by_regular_seat
2026,NC,House,12,tracked_party_contests_resolved,,,requires_state_election_specific_review,tracked_separately_not_implied_by_regular_seat
2026,NC,House,13,tracked_party_contests_resolved,,,requires_state_election_specific_review,tracked_separately_not_implied_by_regular_seat
2026,NC,House,14,tracked_party_contests_resolved,,,requires_state_election_specific_review,tracked_separately_not_implied_by_regular_seat
2026,ND,House,00,tracked_party_contests_resolved,,,requires_state_election_specific_review,tracked_separately_not_implied_by_regular_seat
2026,NE,House,01,tracked_party_contests_resolved,,,requires_state_election_specific_review,tracked_separately_not_implied_by_regular_seat
2026,NE,House,02,tracked_party_contests_resolved,,,requires_state_election_specific_review,tracked_separately_not_implied_by_regular_seat
2026,NE,House,03,tracked_party_contests_resolved,,,requires_state_election_specific_review,tracked_separately_not_implied_by_regular_seat
2026,NH,House,01,unresolved,Democratic | Republican,,requires_state_election_specific_review,tracked_separately_not_implied_by_regular_seat
2026,NH,House,02,unresolved,Democratic | Republican,,requires_state_election_specific_review,tracked_separately_not_implied_by_regular_seat
2026,NJ,House,01,tracked_party_contests_resolved,,,requires_state_election_specific_review,tracked_separately_not_implied_by_regular_seat
2026,NJ,House,02,tracked_party_contests_resolved,,,requires_state_election_specific_review,tracked_separately_not_implied_by_regular_seat
2026,NJ,House,03,tracked_party_contests_resolved,,,requires_state_election_specific_review,tracked_separately_not_implied_by_regular_seat
2026,NJ,House,04,tracked_party_contests_resolved,,,requires_state_election_specific_review,tracked_separately_not_implied_by_regular_seat
2026,NJ,House,05,tracked_party_contests_resolved,,,requires_state_election_specific_review,tracked_separately_not_implied_by_regular_seat
2026,NJ,House,06,tracked_party_contests_resolved,,,requires_state_election_specific_review,tracked_separately_not_implied_by_regular_seat
2026,NJ,House,07,tracked_party_contests_resolved,,,requires_state_election_specific_review,tracked_separately_not_implied_by_regular_seat
2026,NJ,House,08,tracked_party_contests_resolved,,,requires_state_election_specific_review,tracked_separately_not_implied_by_regular_seat
2026,NJ,House,09,tracked_party_contests_resolved,,,requires_state_election_specific_review,tracked_separately_not_implied_by_regular_seat
2026,NJ,House,10,tracked_party_contests_resolved,,,requires_state_election_specific_review,tracked_separately_not_implied_by_regular_seat
2026,NJ,House,11,tracked_party_contests_resolved,,,requires_state_election_specific_review,tracked_separately_not_implied_by_regular_seat
2026,NJ,House,12,tracked_party_contests_resolved,,,requires_state_election_specific_review,tracked_separately_not_implied_by_regular_seat
2026,NM,House,01,tracked_party_contests_resolved,,,requires_state_election_specific_review,tracked_separately_not_implied_by_regular_seat
2026,NM,House,02,tracked_party_contests_resolved,,,requires_state_election_specific_review,tracked_separately_not_implied_by_regular_seat
2026,NM,House,03,tracked_party_contests_resolved,,,requires_state_election_specific_review,tracked_separately_not_implied_by_regular_seat
2026,NV,House,01,unresolved,Democratic | Republican,,requires_state_election_specific_review,tracked_separately_not_implied_by_regular_seat
2026,NV,House,02,unresolved,Democratic | Republican,,requires_state_election_specific_review,tracked_separately_not_implied_by_regular_seat
2026,NV,House,03,unresolved,Democratic | Republican,,requires_state_election_specific_review,tracked_separately_not_implied_by_regular_seat
2026,NV,House,04,unresolved,Republican,,requires_state_election_specific_review,tracked_separately_not_implied_by_regular_seat
2026,NY,House,01,unresolved,Republican,,requires_state_election_specific_review,tracked_separately_not_implied_by_regular_seat
2026,NY,House,02,tracked_party_contests_resolved,,,requires_state_election_specific_review,tracked_separately_not_implied_by_regular_seat
2026,NY,House,03,unresolved,Democratic | Republican,,requires_state_election_specific_review,tracked_separately_not_implied_by_regular_seat
2026,NY,House,04,unresolved,Democratic | Republican,,requires_state_election_specific_review,tracked_separately_not_implied_by_regular_seat
2026,NY,House,05,unresolved,Democratic | Republican,,requires_state_election_specific_review,tracked_separately_not_implied_by_regular_seat
2026,NY,House,06,unresolved,Republican,,requires_state_election_specific_review,tracked_separately_not_implied_by_regular_seat
2026,NY,House,07,unresolved,Republican,,requires_state_election_specific_review,tracked_separately_not_implied_by_regular_seat
2026,NY,House,08,unresolved,Democratic | Republican,,requires_state_election_specific_review,tracked_separately_not_implied_by_regular_seat
2026,NY,House,09,unresolved,Republican,,requires_state_election_specific_review,tracked_separately_not_implied_by_regular_seat
2026,NY,House,10,unresolved,Republican,,requires_state_election_specific_review,tracked_separately_not_implied_by_regular_seat
2026,NY,House,11,unresolved,Republican,,requires_state_election_specific_review,tracked_separately_not_implied_by_regular_seat
2026,NY,House,12,unresolved,Republican,,requires_state_election_specific_review,tracked_separately_not_implied_by_regular_seat
2026,NY,House,13,unresolved,Republican,,requires_state_election_specific_review,tracked_separately_not_implied_by_regular_seat
2026,NY,House,14,unresolved,Republican,,requires_state_election_specific_review,tracked_separately_not_implied_by_regular_seat
2026,NY,House,15,unresolved,Republican,,requires_state_election_specific_review,tracked_separately_not_implied_by_regular_seat
2026,NY,House,16,tracked_party_contests_resolved,,,requires_state_election_specific_review,tracked_separately_not_implied_by_regular_seat
2026,NY,House,17,tracked_party_contests_resolved,,,requires_state_election_specific_review,tracked_separately_not_implied_by_regular_seat
2026,NY,House,18,tracked_party_contests_resolved,,,requires_state_election_specific_review,tracked_separately_not_implied_by_regular_seat
2026,NY,House,19,unresolved,Republican,,requires_state_election_specific_review,tracked_separately_not_implied_by_regular_seat
2026,NY,House,20,tracked_party_contests_resolved,,,requires_state_election_specific_review,tracked_separately_not_implied_by_regular_seat
2026,NY,House,21,unresolved,Democratic | Republican,,requires_state_election_specific_review,tracked_separately_not_implied_by_regular_seat
2026,NY,House,22,tracked_party_contests_resolved,,,requires_state_election_specific_review,tracked_separately_not_implied_by_regular_seat
2026,NY,House,23,unresolved,Democratic,,requires_state_election_specific_review,tracked_separately_not_implied_by_regular_seat
2026,NY,House,24,unresolved,Democratic,,requires_state_election_specific_review,tracked_separately_not_implied_by_regular_seat
2026,NY,House,25,unresolved,Democratic,,requires_state_election_specific_review,tracked_separately_not_implied_by_regular_seat
2026,NY,House,26,tracked_party_contests_resolved,,,requires_state_election_specific_review,tracked_separately_not_implied_by_regular_seat
2026,OH,House,01,unresolved,Democratic | Libertarian | Republican,,requires_state_election_specific_review,tracked_separately_not_implied_by_regular_seat
2026,OH,House,02,unresolved,Democratic | Libertarian | Republican,,requires_state_election_specific_review,tracked_separately_not_implied_by_regular_seat
2026,OH,House,03,unresolved,Democratic | Libertarian | Republican,,requires_state_election_specific_review,tracked_separately_not_implied_by_regular_seat
2026,OH,House,04,unresolved,Democratic | Libertarian | Republican,,requires_state_election_specific_review,tracked_separately_not_implied_by_regular_seat
2026,OH,House,05,unresolved,Democratic | Libertarian | Republican,,requires_state_election_specific_review,tracked_separately_not_implied_by_regular_seat
2026,OH,House,06,unresolved,Democratic | Libertarian | Republican,,requires_state_election_specific_review,tracked_separately_not_implied_by_regular_seat
2026,OH,House,07,unresolved,Democratic | Libertarian | Republican,,requires_state_election_specific_review,tracked_separately_not_implied_by_regular_seat
2026,OH,House,08,unresolved,Democratic | Libertarian | Republican,,requires_state_election_specific_review,tracked_separately_not_implied_by_regular_seat
2026,OH,House,09,unresolved,Democratic | Libertarian | Republican,,requires_state_election_specific_review,tracked_separately_not_implied_by_regular_seat
2026,OH,House,10,unresolved,Democratic | Libertarian | Republican,,requires_state_election_specific_review,tracked_separately_not_implied_by_regular_seat
2026,OH,House,11,unresolved,Democratic | Libertarian | Republican,,requires_state_election_specific_review,tracked_separately_not_implied_by_regular_seat
2026,OH,House,12,unresolved,Democratic | Libertarian | Republican,,requires_state_election_specific_review,tracked_separately_not_implied_by_regular_seat
2026,OH,House,13,unresolved,Democratic | Libertarian | Republican,,requires_state_election_specific_review,tracked_separately_not_implied_by_regular_seat
2026,OH,House,14,unresolved,Democratic | Libertarian | Republican,,requires_state_election_specific_review,tracked_separately_not_implied_by_regular_seat
2026,OH,House,15,unresolved,Democratic | Libertarian | Republican,,requires_state_election_specific_review,tracked_separately_not_implied_by_regular_seat
2026,OK,House,01,tracked_party_contests_resolved,,,requires_state_election_specific_review,tracked_separately_not_implied_by_regular_seat
2026,OK,House,02,tracked_party_contests_resolved,,,requires_state_election_specific_review,tracked_separately_not_implied_by_regular_seat
2026,OK,House,03,tracked_party_contests_resolved,,,requires_state_election_specific_review,tracked_separately_not_implied_by_regular_seat
2026,OK,House,04,tracked_party_contests_resolved,,,requires_state_election_specific_review,tracked_separately_not_implied_by_regular_seat
2026,OK,House,05,tracked_party_contests_resolved,,,requires_state_election_specific_review,tracked_separately_not_implied_by_regular_seat
2026,OR,House,01,tracked_party_contests_resolved,,,requires_state_election_specific_review,tracked_separately_not_implied_by_regular_seat
2026,OR,House,02,tracked_party_contests_resolved,,,requires_state_election_specific_review,tracked_separately_not_implied_by_regular_seat
2026,OR,House,03,tracked_party_contests_resolved,,,requires_state_election_specific_review,tracked_separately_not_implied_by_regular_seat
2026,OR,House,04,tracked_party_contests_resolved,,,requires_state_election_specific_review,tracked_separately_not_implied_by_regular_seat
2026,OR,House,05,tracked_party_contests_resolved,,,requires_state_election_specific_review,tracked_separately_not_implied_by_regular_seat
2026,OR,House,06,tracked_party_contests_resolved,,,requires_state_election_specific_review,tracked_separately_not_implied_by_regular_seat
2026,PA,House,01,tracked_party_contests_resolved,,,requires_state_election_specific_review,tracked_separately_not_implied_by_regular_seat
2026,PA,House,02,tracked_party_contests_resolved,,,requires_state_election_specific_review,tracked_separately_not_implied_by_regular_seat
2026,PA,House,03,unresolved,Republican,,requires_state_election_specific_review,tracked_separately_not_implied_by_regular_seat
2026,PA,House,04,tracked_party_contests_resolved,,,requires_state_election_specific_review,tracked_separately_not_implied_by_regular_seat
2026,PA,House,05,tracked_party_contests_resolved,,,requires_state_election_specific_review,tracked_separately_not_implied_by_regular_seat
2026,PA,House,06,tracked_party_contests_resolved,,,requires_state_election_specific_review,tracked_separately_not_implied_by_regular_seat
2026,PA,House,07,tracked_party_contests_resolved,,,requires_state_election_specific_review,tracked_separately_not_implied_by_regular_seat
2026,PA,House,08,tracked_party_contests_resolved,,,requires_state_election_specific_review,tracked_separately_not_implied_by_regular_seat
2026,PA,House,09,tracked_party_contests_resolved,,,requires_state_election_specific_review,tracked_separately_not_implied_by_regular_seat
2026,PA,House,10,tracked_party_contests_resolved,,,requires_state_election_specific_review,tracked_separately_not_implied_by_regular_seat
2026,PA,House,11,tracked_party_contests_resolved,,,requires_state_election_specific_review,tracked_separately_not_implied_by_regular_seat
2026,PA,House,12,tracked_party_contests_resolved,,,requires_state_election_specific_review,tracked_separately_not_implied_by_regular_seat
2026,PA,House,13,tracked_party_contests_resolved,,,requires_state_election_specific_review,tracked_separately_not_implied_by_regular_seat
2026,PA,House,14,tracked_party_contests_resolved,,,requires_state_election_specific_review,tracked_separately_not_implied_by_regular_seat
2026,PA,House,15,tracked_party_contests_resolved,,,requires_state_election_specific_review,tracked_separately_not_implied_by_regular_seat
2026,PA,House,16,tracked_party_contests_resolved,,,requires_state_election_specific_review,tracked_separately_not_implied_by_regular_seat
2026,PA,House,17,tracked_party_contests_resolved,,,requires_state_election_specific_review,tracked_separately_not_implied_by_regular_seat
2026,RI,House,01,tracked_party_contests_resolved,,,requires_state_election_specific_review,tracked_separately_not_implied_by_regular_seat
2026,RI,House,02,tracked_party_contests_resolved,,,requires_state_election_specific_review,tracked_separately_not_implied_by_regular_seat
2026,SC,House,01,tracked_party_contests_resolved,,,requires_state_election_specific_review,tracked_separately_not_implied_by_regular_seat
2026,SC,House,02,tracked_party_contests_resolved,,,requires_state_election_specific_review,tracked_separately_not_implied_by_regular_seat
2026,SC,House,03,unresolved,Republican,,requires_state_election_specific_review,tracked_separately_not_implied_by_regular_seat
2026,SC,House,04,unresolved,Democratic,,requires_state_election_specific_review,tracked_separately_not_implied_by_regular_seat
2026,SC,House,05,unresolved,Republican,,requires_state_election_specific_review,tracked_separately_not_implied_by_regular_seat
2026,SC,House,06,tracked_party_contests_resolved,,,requires_state_election_specific_review,tracked_separately_not_implied_by_regular_seat
2026,SC,House,07,unresolved,Democratic | Republican,,requires_state_election_specific_review,tracked_separately_not_implied_by_regular_seat
2026,SD,House,00,tracked_party_contests_resolved,,,requires_state_election_specific_review,tracked_separately_not_implied_by_regular_seat
2026,TN,House,01,tracked_party_contests_resolved,,,requires_state_election_specific_review,tracked_separately_not_implied_by_regular_seat
2026,TN,House,02,tracked_party_contests_resolved,,,requires_state_election_specific_review,tracked_separately_not_implied_by_regular_seat
2026,TN,House,03,tracked_party_contests_resolved,,,requires_state_election_specific_review,tracked_separately_not_implied_by_regular_seat
2026,TN,House,04,tracked_party_contests_resolved,,,requires_state_election_specific_review,tracked_separately_not_implied_by_regular_seat
2026,TN,House,05,tracked_party_contests_resolved,,,requires_state_election_specific_review,tracked_separately_not_implied_by_regular_seat
2026,TN,House,06,tracked_party_contests_resolved,,,requires_state_election_specific_review,tracked_separately_not_implied_by_regular_seat
2026,TN,House,07,tracked_party_contests_resolved,,,requires_state_election_specific_review,tracked_separately_not_implied_by_regular_seat
2026,TN,House,08,tracked_party_contests_resolved,,,requires_state_election_specific_review,tracked_separately_not_implied_by_regular_seat
2026,TN,House,09,tracked_party_contests_resolved,,,requires_state_election_specific_review,tracked_separately_not_implied_by_regular_seat
2026,TX,House,01,tracked_party_contests_resolved,,,requires_state_election_specific_review,tracked_separately_not_implied_by_regular_seat
2026,TX,House,02,tracked_party_contests_resolved,,,requires_state_election_specific_review,tracked_separately_not_implied_by_regular_seat
2026,TX,House,03,tracked_party_contests_resolved,,,requires_state_election_specific_review,tracked_separately_not_implied_by_regular_seat
2026,TX,House,04,tracked_party_contests_resolved,,,requires_state_election_specific_review,tracked_separately_not_implied_by_regular_seat
2026,TX,House,05,tracked_party_contests_resolved,,,requires_state_election_specific_review,tracked_separately_not_implied_by_regular_seat
2026,TX,House,06,tracked_party_contests_resolved,,,requires_state_election_specific_review,tracked_separately_not_implied_by_regular_seat
2026,TX,House,07,tracked_party_contests_resolved,,,requires_state_election_specific_review,tracked_separately_not_implied_by_regular_seat
2026,TX,House,08,tracked_party_contests_resolved,,,requires_state_election_specific_review,tracked_separately_not_implied_by_regular_seat
2026,TX,House,09,tracked_party_contests_resolved,,,requires_state_election_specific_review,tracked_separately_not_implied_by_regular_seat
2026,TX,House,10,tracked_party_contests_resolved,,,requires_state_election_specific_review,tracked_separately_not_implied_by_regular_seat
2026,TX,House,11,tracked_party_contests_resolved,,,requires_state_election_specific_review,tracked_separately_not_implied_by_regular_seat
2026,TX,House,12,tracked_party_contests_resolved,,,requires_state_election_specific_review,tracked_separately_not_implied_by_regular_seat
2026,TX,House,13,tracked_party_contests_resolved,,,requires_state_election_specific_review,tracked_separately_not_implied_by_regular_seat
2026,TX,House,14,tracked_party_contests_resolved,,,requires_state_election_specific_review,tracked_separately_not_implied_by_regular_seat
2026,TX,House,15,tracked_party_contests_resolved,,,requires_state_election_specific_review,tracked_separately_not_implied_by_regular_seat
2026,TX,House,16,tracked_party_contests_resolved,,,requires_state_election_specific_review,tracked_separately_not_implied_by_regular_seat
2026,TX,House,17,tracked_party_contests_resolved,,,requires_state_election_specific_review,tracked_separately_not_implied_by_regular_seat
2026,TX,House,18,tracked_party_contests_resolved,,,requires_state_election_specific_review,tracked_separately_not_implied_by_regular_seat
2026,TX,House,19,tracked_party_contests_resolved,,,requires_state_election_specific_review,tracked_separately_not_implied_by_regular_seat
2026,TX,House,20,tracked_party_contests_resolved,,,requires_state_election_specific_review,tracked_separately_not_implied_by_regular_seat
2026,TX,House,21,tracked_party_contests_resolved,,,requires_state_election_specific_review,tracked_separately_not_implied_by_regular_seat
2026,TX,House,22,tracked_party_contests_resolved,,,requires_state_election_specific_review,tracked_separately_not_implied_by_regular_seat
2026,TX,House,23,tracked_party_contests_resolved,,,requires_state_election_specific_review,tracked_separately_not_implied_by_regular_seat
2026,TX,House,24,tracked_party_contests_resolved,,,requires_state_election_specific_review,tracked_separately_not_implied_by_regular_seat
2026,TX,House,25,tracked_party_contests_resolved,,,requires_state_election_specific_review,tracked_separately_not_implied_by_regular_seat
2026,TX,House,26,tracked_party_contests_resolved,,,requires_state_election_specific_review,tracked_separately_not_implied_by_regular_seat
2026,TX,House,27,tracked_party_contests_resolved,,,requires_state_election_specific_review,tracked_separately_not_implied_by_regular_seat
2026,TX,House,28,tracked_party_contests_resolved,,,requires_state_election_specific_review,tracked_separately_not_implied_by_regular_seat
2026,TX,House,29,tracked_party_contests_resolved,,,requires_state_election_specific_review,tracked_separately_not_implied_by_regular_seat
2026,TX,House,30,tracked_party_contests_resolved,,,requires_state_election_specific_review,tracked_separately_not_implied_by_regular_seat
2026,TX,House,31,tracked_party_contests_resolved,,,requires_state_election_specific_review,tracked_separately_not_implied_by_regular_seat
2026,TX,House,32,tracked_party_contests_resolved,,,requires_state_election_specific_review,tracked_separately_not_implied_by_regular_seat
2026,TX,House,33,tracked_party_contests_resolved,,,requires_state_election_specific_review,tracked_separately_not_implied_by_regular_seat
2026,TX,House,34,tracked_party_contests_resolved,,,requires_state_election_specific_review,tracked_separately_not_implied_by_regular_seat
2026,TX,House,35,tracked_party_contests_resolved,,,requires_state_election_specific_review,tracked_separately_not_implied_by_regular_seat
2026,TX,House,36,tracked_party_contests_resolved,,,requires_state_election_specific_review,tracked_separately_not_implied_by_regular_seat
2026,TX,House,37,tracked_party_contests_resolved,,,requires_state_election_specific_review,tracked_separately_not_implied_by_regular_seat
2026,TX,House,38,tracked_party_contests_resolved,,,requires_state_election_specific_review,tracked_separately_not_implied_by_regular_seat
2026,UT,House,01,tracked_party_contests_resolved,,,requires_state_election_specific_review,tracked_separately_not_implied_by_regular_seat
2026,UT,House,02,tracked_party_contests_resolved,,,requires_state_election_specific_review,tracked_separately_not_implied_by_regular_seat
2026,UT,House,03,tracked_party_contests_resolved,,,requires_state_election_specific_review,tracked_separately_not_implied_by_regular_seat
2026,UT,House,04,tracked_party_contests_resolved,,,requires_state_election_specific_review,tracked_separately_not_implied_by_regular_seat
2026,VA,House,01,unresolved,Republican,,requires_state_election_specific_review,tracked_separately_not_implied_by_regular_seat
2026,VA,House,02,unresolved,Republican,,requires_state_election_specific_review,tracked_separately_not_implied_by_regular_seat
2026,VA,House,03,unresolved,Democratic | Republican,,requires_state_election_specific_review,tracked_separately_not_implied_by_regular_seat
2026,VA,House,04,unresolved,Democratic | Republican,,requires_state_election_specific_review,tracked_separately_not_implied_by_regular_seat
2026,VA,House,05,tracked_party_contests_resolved,,,requires_state_election_specific_review,tracked_separately_not_implied_by_regular_seat
2026,VA,House,06,unresolved,Democratic | Republican,,requires_state_election_specific_review,tracked_separately_not_implied_by_regular_seat
2026,VA,House,07,unresolved,Democratic,,requires_state_election_specific_review,tracked_separately_not_implied_by_regular_seat
2026,VA,House,08,unresolved,Republican,,requires_state_election_specific_review,tracked_separately_not_implied_by_regular_seat
2026,VA,House,09,unresolved,Republican,,requires_state_election_specific_review,tracked_separately_not_implied_by_regular_seat
2026,VA,House,10,unresolved,Democratic,,requires_state_election_specific_review,tracked_separately_not_implied_by_regular_seat
2026,VA,House,11,unresolved,Democratic | Republican,,requires_state_election_specific_review,tracked_separately_not_implied_by_regular_seat
2026,VI,House,00,unresolved,unspecified-party | Democratic | Republican,,requires_state_election_specific_review,tracked_separately_not_implied_by_regular_seat
2026,VT,House,00,tracked_party_contests_resolved,,,requires_state_election_specific_review,tracked_separately_not_implied_by_regular_seat
2026,WA,House,01,tracked_party_contests_resolved,,,requires_state_election_specific_review,tracked_separately_not_implied_by_regular_seat
2026,WA,House,02,tracked_party_contests_resolved,,,requires_state_election_specific_review,tracked_separately_not_implied_by_regular_seat
2026,WA,House,03,tracked_party_contests_resolved,,,requires_state_election_specific_review,tracked_separately_not_implied_by_regular_seat
2026,WA,House,04,tracked_party_contests_resolved,,,requires_state_election_specific_review,tracked_separately_not_implied_by_regular_seat
2026,WA,House,05,tracked_party_contests_resolved,,,requires_state_election_specific_review,tracked_separately_not_implied_by_regular_seat
2026,WA,House,06,tracked_party_contests_resolved,,,requires_state_election_specific_review,tracked_separately_not_implied_by_regular_seat
2026,WA,House,07,tracked_party_contests_resolved,,,requires_state_election_specific_review,tracked_separately_not_implied_by_regular_seat
2026,WA,House,08,tracked_party_contests_resolved,,,requires_state_election_specific_review,tracked_separately_not_implied_by_regular_seat
2026,WA,House,09,tracked_party_contests_resolved,,,requires_state_election_specific_review,tracked_separately_not_implied_by_regular_seat
2026,WA,House,10,tracked_party_contests_resolved,,,requires_state_election_specific_review,tracked_separately_not_implied_by_regular_seat
2026,WI,House,01,tracked_party_contests_resolved,,,requires_state_election_specific_review,tracked_separately_not_implied_by_regular_seat
2026,WI,House,02,tracked_party_contests_resolved,,,requires_state_election_specific_review,tracked_separately_not_implied_by_regular_seat
2026,WI,House,03,tracked_party_contests_resolved,,,requires_state_election_specific_review,tracked_separately_not_implied_by_regular_seat
2026,WI,House,04,tracked_party_contests_resolved,,,requires_state_election_specific_review,tracked_separately_not_implied_by_regular_seat
2026,WI,House,05,tracked_party_contests_resolved,,,requires_state_election_specific_review,tracked_separately_not_implied_by_regular_seat
2026,WI,House,06,tracked_party_contests_resolved,,,requires_state_election_specific_review,tracked_separately_not_implied_by_regular_seat
2026,WI,House,07,tracked_party_contests_resolved,,,requires_state_election_specific_review,tracked_separately_not_implied_by_regular_seat
2026,WI,House,08,tracked_party_contests_resolved,,,requires_state_election_specific_review,tracked_separately_not_implied_by_regular_seat
2026,WV,House,01,unresolved,Democratic | Republican,,requires_state_election_specific_review,tracked_separately_not_implied_by_regular_seat
2026,WV,House,02,unresolved,Democratic | Republican,,requires_state_election_specific_review,tracked_separately_not_implied_by_regular_seat
2026,WY,House,00,tracked_party_contests_resolved,,,requires_state_election_specific_review,tracked_separately_not_implied_by_regular_seat
2026,AK,Senate,S,tracked_party_contests_resolved,,,requires_state_election_specific_review,tracked_separately_not_implied_by_regular_seat
2026,AL,Senate,S,tracked_party_contests_resolved,,,requires_state_election_specific_review,tracked_separately_not_implied_by_regular_seat
2026,AR,Senate,S,tracked_party_contests_resolved,,,requires_state_election_specific_review,tracked_separately_not_implied_by_regular_seat
2026,CO,Senate,S,tracked_party_contests_resolved,,,requires_state_election_specific_review,tracked_separately_not_implied_by_regular_seat
2026,DE,Senate,S,unresolved,Democratic | Republican,,requires_state_election_specific_review,tracked_separately_not_implied_by_regular_seat
2026,GA,Senate,S,tracked_party_contests_resolved,,,requires_state_election_specific_review,tracked_separately_not_implied_by_regular_seat
2026,IA,Senate,S,tracked_party_contests_resolved,,,requires_state_election_specific_review,tracked_separately_not_implied_by_regular_seat
2026,ID,Senate,S,unresolved,Constitution,,requires_state_election_specific_review,tracked_separately_not_implied_by_regular_seat
2026,IL,Senate,S,tracked_party_contests_resolved,,,requires_state_election_specific_review,tracked_separately_not_implied_by_regular_seat
2026,KS,Senate,S,tracked_party_contests_resolved,,,requires_state_election_specific_review,tracked_separately_not_implied_by_regular_seat
2026,KY,Senate,S,tracked_party_contests_resolved,,,requires_state_election_specific_review,tracked_separately_not_implied_by_regular_seat
2026,LA,Senate,S,tracked_party_contests_resolved,,,requires_state_election_specific_review,tracked_separately_not_implied_by_regular_seat
2026,MA,Senate,S,tracked_party_contests_resolved,,,requires_state_election_specific_review,tracked_separately_not_implied_by_regular_seat
2026,ME,Senate,S,tracked_party_contests_resolved,,,requires_state_election_specific_review,tracked_separately_not_implied_by_regular_seat
2026,MI,Senate,S,tracked_party_contests_resolved,,,requires_state_election_specific_review,tracked_separately_not_implied_by_regular_seat
2026,MN,Senate,S,tracked_party_contests_resolved,,,requires_state_election_specific_review,tracked_separately_not_implied_by_regular_seat
2026,MS,Senate,S,tracked_party_contests_resolved,,,requires_state_election_specific_review,tracked_separately_not_implied_by_regular_seat
2026,MT,Senate,S,tracked_party_contests_resolved,,,requires_state_election_specific_review,tracked_separately_not_implied_by_regular_seat
2026,NC,Senate,S,tracked_party_contests_resolved,,,requires_state_election_specific_review,tracked_separately_not_implied_by_regular_seat
2026,NE,Senate,S,tracked_party_contests_resolved,,,requires_state_election_specific_review,tracked_separately_not_implied_by_regular_seat
2026,NH,Senate,S,unresolved,Democratic | Republican,,requires_state_election_specific_review,tracked_separately_not_implied_by_regular_seat
2026,NJ,Senate,S,tracked_party_contests_resolved,,,requires_state_election_specific_review,tracked_separately_not_implied_by_regular_seat
2026,NM,Senate,S,tracked_party_contests_resolved,,,requires_state_election_specific_review,tracked_separately_not_implied_by_regular_seat
2026,OK,Senate,S,tracked_party_contests_resolved,,,requires_state_election_specific_review,tracked_separately_not_implied_by_regular_seat
2026,OR,Senate,S,tracked_party_contests_resolved,,,requires_state_election_specific_review,tracked_separately_not_implied_by_regular_seat
2026,RI,Senate,S,tracked_party_contests_resolved,,,requires_state_election_specific_review,tracked_separately_not_implied_by_regular_seat
2026,SC,Senate,S,tracked_party_contests_resolved,,,requires_state_election_specific_review,tracked_separately_not_implied_by_regular_seat
2026,SD,Senate,S,tracked_party_contests_resolved,,,requires_state_election_specific_review,tracked_separately_not_implied_by_regular_seat
2026,TN,Senate,S,tracked_party_contests_resolved,,,requires_state_election_specific_review,tracked_separately_not_implied_by_regular_seat
2026,TX,Senate,S,tracked_party_contests_resolved,,,requires_state_election_specific_review,tracked_separately_not_implied_by_regular_seat
2026,VA,Senate,S,unresolved,Democratic,,requires_state_election_specific_review,tracked_separately_not_implied_by_regular_seat
2026,WV,Senate,S,unresolved,Democratic | Republican,,requires_state_election_specific_review,tracked_separately_not_implied_by_regular_seat
2026,WY,Senate,S,tracked_party_contests_resolved,,,requires_state_election_specific_review,tracked_separately_not_implied_by_regular_seat
