contest_id,cycle,election_date,stage,state_code,chamber,district,term,election_system,primary_party,candidate_name,candidate_source_id,party,write_in,votes,source_id,source_url,source_sha256,source_locators,reporting_units
il-2024-03-19-house-01-regular-democratic,2024,2024-03-19,primary,IL,House,01,regular,partisan_primary,Democratic,Jonathan L. Jackson,1inDbnIrUbJPjsrVK8qt7A==,Democratic,False,72420,il-2024-primary-federal,https://www.elections.il.gov/electionoperations/ElectionVoteTotals.aspx?ID=rfZ%2BuidMSDY%3D,fa097c1b3acd95a2b95e30a3750ac7f362209f7ba4946f9d90c52ec5e140098e,il-2024-primary-federal.html:1ST CONGRESS:row-2 | il-candidate-details.csv:2,1
il-2024-03-19-house-01-regular-republican,2024,2024-03-19,primary,IL,House,01,regular,partisan_primary,Republican,Marcus Lewis,YnnMxnOdWojip5DEhk3ZCQ==,Republican,False,15282,il-2024-primary-federal,https://www.elections.il.gov/electionoperations/ElectionVoteTotals.aspx?ID=rfZ%2BuidMSDY%3D,fa097c1b3acd95a2b95e30a3750ac7f362209f7ba4946f9d90c52ec5e140098e,il-2024-primary-federal.html:1ST CONGRESS:row-3 | il-candidate-details.csv:3,1
il-2024-03-19-house-01-regular-republican,2024,2024-03-19,primary,IL,House,01,regular,partisan_primary,Republican,Montelle L. Gaji,STFKrKcaO/WJCREO83/Npw==,Republican,False,3814,il-2024-primary-federal,https://www.elections.il.gov/electionoperations/ElectionVoteTotals.aspx?ID=rfZ%2BuidMSDY%3D,fa097c1b3acd95a2b95e30a3750ac7f362209f7ba4946f9d90c52ec5e140098e,il-2024-primary-federal.html:1ST CONGRESS:row-4 | il-candidate-details.csv:4,1
il-2024-03-19-house-02-regular-democratic,2024,2024-03-19,primary,IL,House,02,regular,partisan_primary,Democratic,Robin Kelly,G5C33ArhVIsOnQGJewl+zg==,Democratic,False,56732,il-2024-primary-federal,https://www.elections.il.gov/electionoperations/ElectionVoteTotals.aspx?ID=rfZ%2BuidMSDY%3D,fa097c1b3acd95a2b95e30a3750ac7f362209f7ba4946f9d90c52ec5e140098e,il-2024-primary-federal.html:2ND CONGRESS:row-2 | il-candidate-details.csv:5,1
il-2024-03-19-house-02-regular-republican,2024,2024-03-19,primary,IL,House,02,regular,partisan_primary,Republican,Ashley Ramos,h3Fu3qo8fvY7lsbWn3QB5w==,Republican,False,20527,il-2024-primary-federal,https://www.elections.il.gov/electionoperations/ElectionVoteTotals.aspx?ID=rfZ%2BuidMSDY%3D,fa097c1b3acd95a2b95e30a3750ac7f362209f7ba4946f9d90c52ec5e140098e,il-2024-primary-federal.html:2ND CONGRESS:row-3 | il-candidate-details.csv:6,1
il-2024-03-19-house-03-regular-democratic,2024,2024-03-19,primary,IL,House,03,regular,partisan_primary,Democratic,Delia Ramirez,8fwSjqx9F89UxW+3m9RzBw==,Democratic,False,52644,il-2024-primary-federal,https://www.elections.il.gov/electionoperations/ElectionVoteTotals.aspx?ID=rfZ%2BuidMSDY%3D,fa097c1b3acd95a2b95e30a3750ac7f362209f7ba4946f9d90c52ec5e140098e,il-2024-primary-federal.html:3RD CONGRESS:row-2 | il-candidate-details.csv:7,1
il-2024-03-19-house-03-regular-republican,2024,2024-03-19,primary,IL,House,03,regular,partisan_primary,Republican,John Booras,PGM9HuOhOvlUFmBrfAtbBw==,Republican,False,15468,il-2024-primary-federal,https://www.elections.il.gov/electionoperations/ElectionVoteTotals.aspx?ID=rfZ%2BuidMSDY%3D,fa097c1b3acd95a2b95e30a3750ac7f362209f7ba4946f9d90c52ec5e140098e,il-2024-primary-federal.html:3RD CONGRESS:row-3 | il-candidate-details.csv:8,1
il-2024-03-19-house-04-regular-democratic,2024,2024-03-19,primary,IL,House,04,regular,partisan_primary,Democratic,"Jesus ""Chuy"" Garcia",h3Fu3qo8fvYv3QrEMnpIYQ==,Democratic,False,30443,il-2024-primary-federal,https://www.elections.il.gov/electionoperations/ElectionVoteTotals.aspx?ID=rfZ%2BuidMSDY%3D,fa097c1b3acd95a2b95e30a3750ac7f362209f7ba4946f9d90c52ec5e140098e,il-2024-primary-federal.html:4TH CONGRESS:row-2 | il-candidate-details.csv:9,1
il-2024-03-19-house-04-regular-democratic,2024,2024-03-19,primary,IL,House,04,regular,partisan_primary,Democratic,Raymond A. Lopez,dyXrl/4jeEzHoH72Rz0GUg==,Democratic,False,13286,il-2024-primary-federal,https://www.elections.il.gov/electionoperations/ElectionVoteTotals.aspx?ID=rfZ%2BuidMSDY%3D,fa097c1b3acd95a2b95e30a3750ac7f362209f7ba4946f9d90c52ec5e140098e,il-2024-primary-federal.html:4TH CONGRESS:row-3 | il-candidate-details.csv:10,1
il-2024-03-19-house-05-regular-democratic,2024,2024-03-19,primary,IL,House,05,regular,partisan_primary,Democratic,Mike Quigley,e6q/GGnmIJf9ZQWu1m6EAw==,Democratic,False,87002,il-2024-primary-federal,https://www.elections.il.gov/electionoperations/ElectionVoteTotals.aspx?ID=rfZ%2BuidMSDY%3D,fa097c1b3acd95a2b95e30a3750ac7f362209f7ba4946f9d90c52ec5e140098e,il-2024-primary-federal.html:5TH CONGRESS:row-2 | il-candidate-details.csv:11,1
il-2024-03-19-house-05-regular-republican,2024,2024-03-19,primary,IL,House,05,regular,partisan_primary,Republican,Tommy Hanson,3hkkEJNH77uEI8chN9G9kw==,Republican,False,18841,il-2024-primary-federal,https://www.elections.il.gov/electionoperations/ElectionVoteTotals.aspx?ID=rfZ%2BuidMSDY%3D,fa097c1b3acd95a2b95e30a3750ac7f362209f7ba4946f9d90c52ec5e140098e,il-2024-primary-federal.html:5TH CONGRESS:row-3 | il-candidate-details.csv:12,1
il-2024-03-19-house-06-regular-democratic,2024,2024-03-19,primary,IL,House,06,regular,partisan_primary,Democratic,Charles M. Hughes,d4o6MR++9F+ee+5EkgIAXA==,Democratic,False,6366,il-2024-primary-federal,https://www.elections.il.gov/electionoperations/ElectionVoteTotals.aspx?ID=rfZ%2BuidMSDY%3D,fa097c1b3acd95a2b95e30a3750ac7f362209f7ba4946f9d90c52ec5e140098e,il-2024-primary-federal.html:6TH CONGRESS:row-5 | il-candidate-details.csv:16,1
il-2024-03-19-house-06-regular-democratic,2024,2024-03-19,primary,IL,House,06,regular,partisan_primary,Democratic,Mahnoor Ahmad,imn1OqKoxgIJbbacZ5IyCw==,Democratic,False,10483,il-2024-primary-federal,https://www.elections.il.gov/electionoperations/ElectionVoteTotals.aspx?ID=rfZ%2BuidMSDY%3D,fa097c1b3acd95a2b95e30a3750ac7f362209f7ba4946f9d90c52ec5e140098e,il-2024-primary-federal.html:6TH CONGRESS:row-4 | il-candidate-details.csv:15,1
il-2024-03-19-house-06-regular-democratic,2024,2024-03-19,primary,IL,House,06,regular,partisan_primary,Democratic,Sean Casten,ms27bHj/Tr++5xOAS+p08w==,Democratic,False,56750,il-2024-primary-federal,https://www.elections.il.gov/electionoperations/ElectionVoteTotals.aspx?ID=rfZ%2BuidMSDY%3D,fa097c1b3acd95a2b95e30a3750ac7f362209f7ba4946f9d90c52ec5e140098e,il-2024-primary-federal.html:6TH CONGRESS:row-2 | il-candidate-details.csv:13,1
il-2024-03-19-house-06-regular-republican,2024,2024-03-19,primary,IL,House,06,regular,partisan_primary,Republican,Niki Conforti,blz2+Dbg9uioJZH9+gCH1w==,Republican,False,30543,il-2024-primary-federal,https://www.elections.il.gov/electionoperations/ElectionVoteTotals.aspx?ID=rfZ%2BuidMSDY%3D,fa097c1b3acd95a2b95e30a3750ac7f362209f7ba4946f9d90c52ec5e140098e,il-2024-primary-federal.html:6TH CONGRESS:row-3 | il-candidate-details.csv:14,1
il-2024-03-19-house-07-regular-democratic,2024,2024-03-19,primary,IL,House,07,regular,partisan_primary,Democratic,Danny K. Davis,gKy1GJXOlfXAwbMT81HHHA==,Democratic,False,42248,il-2024-primary-federal,https://www.elections.il.gov/electionoperations/ElectionVoteTotals.aspx?ID=rfZ%2BuidMSDY%3D,fa097c1b3acd95a2b95e30a3750ac7f362209f7ba4946f9d90c52ec5e140098e,il-2024-primary-federal.html:7TH CONGRESS:row-2 | il-candidate-details.csv:17,1
il-2024-03-19-house-07-regular-democratic,2024,2024-03-19,primary,IL,House,07,regular,partisan_primary,Democratic,Kina Collins,STFKrKcaO/VoeYNmKueCTw==,Democratic,False,15188,il-2024-primary-federal,https://www.elections.il.gov/electionoperations/ElectionVoteTotals.aspx?ID=rfZ%2BuidMSDY%3D,fa097c1b3acd95a2b95e30a3750ac7f362209f7ba4946f9d90c52ec5e140098e,il-2024-primary-federal.html:7TH CONGRESS:row-4 | il-candidate-details.csv:19,1
il-2024-03-19-house-07-regular-democratic,2024,2024-03-19,primary,IL,House,07,regular,partisan_primary,Democratic,Kouri Marshall,BV6Ywzi7jl6XvMnPna2Wew==,Democratic,False,2156,il-2024-primary-federal,https://www.elections.il.gov/electionoperations/ElectionVoteTotals.aspx?ID=rfZ%2BuidMSDY%3D,fa097c1b3acd95a2b95e30a3750ac7f362209f7ba4946f9d90c52ec5e140098e,il-2024-primary-federal.html:7TH CONGRESS:row-7 | il-candidate-details.csv:22,1
il-2024-03-19-house-07-regular-democratic,2024,2024-03-19,primary,IL,House,07,regular,partisan_primary,Democratic,Melissa Conyears-Ervin,dyXrl/4jeExTwsYZ2ftkJA==,Democratic,False,17154,il-2024-primary-federal,https://www.elections.il.gov/electionoperations/ElectionVoteTotals.aspx?ID=rfZ%2BuidMSDY%3D,fa097c1b3acd95a2b95e30a3750ac7f362209f7ba4946f9d90c52ec5e140098e,il-2024-primary-federal.html:7TH CONGRESS:row-3 | il-candidate-details.csv:18,1
il-2024-03-19-house-07-regular-democratic,2024,2024-03-19,primary,IL,House,07,regular,partisan_primary,Democratic,Nikhil Bhatia,V/GBQ3VjnQQ0pZPs75wuIA==,Democratic,False,3808,il-2024-primary-federal,https://www.elections.il.gov/electionoperations/ElectionVoteTotals.aspx?ID=rfZ%2BuidMSDY%3D,fa097c1b3acd95a2b95e30a3750ac7f362209f7ba4946f9d90c52ec5e140098e,il-2024-primary-federal.html:7TH CONGRESS:row-6 | il-candidate-details.csv:21,1
il-2024-03-19-house-07-regular-republican,2024,2024-03-19,primary,IL,House,07,regular,partisan_primary,Republican,Chad Koppie,BV6Ywzi7jl46p+1ECvOk2w==,Republican,False,5604,il-2024-primary-federal,https://www.elections.il.gov/electionoperations/ElectionVoteTotals.aspx?ID=rfZ%2BuidMSDY%3D,fa097c1b3acd95a2b95e30a3750ac7f362209f7ba4946f9d90c52ec5e140098e,il-2024-primary-federal.html:7TH CONGRESS:row-5 | il-candidate-details.csv:20,1
il-2024-03-19-house-08-regular-democratic,2024,2024-03-19,primary,IL,House,08,regular,partisan_primary,Democratic,Raja Krishnamoorthi,FAeTiyZenamSKSJqBw3Psg==,Democratic,False,34640,il-2024-primary-federal,https://www.elections.il.gov/electionoperations/ElectionVoteTotals.aspx?ID=rfZ%2BuidMSDY%3D,fa097c1b3acd95a2b95e30a3750ac7f362209f7ba4946f9d90c52ec5e140098e,il-2024-primary-federal.html:8TH CONGRESS:row-2 | il-candidate-details.csv:23,1
il-2024-03-19-house-08-regular-republican,2024,2024-03-19,primary,IL,House,08,regular,partisan_primary,Republican,Mark Rice,TvGP4t0IBI/L2pj+6ieQ3A==,Republican,False,24362,il-2024-primary-federal,https://www.elections.il.gov/electionoperations/ElectionVoteTotals.aspx?ID=rfZ%2BuidMSDY%3D,fa097c1b3acd95a2b95e30a3750ac7f362209f7ba4946f9d90c52ec5e140098e,il-2024-primary-federal.html:8TH CONGRESS:row-3 | il-candidate-details.csv:24,1
il-2024-03-19-house-09-regular-democratic,2024,2024-03-19,primary,IL,House,09,regular,partisan_primary,Democratic,Janice D. Schakowsky,dyXrl/4jeEzxmU4zlq/S0Q==,Democratic,False,75106,il-2024-primary-federal,https://www.elections.il.gov/electionoperations/ElectionVoteTotals.aspx?ID=rfZ%2BuidMSDY%3D,fa097c1b3acd95a2b95e30a3750ac7f362209f7ba4946f9d90c52ec5e140098e,il-2024-primary-federal.html:9TH CONGRESS:row-2 | il-candidate-details.csv:25,1
il-2024-03-19-house-09-regular-republican,2024,2024-03-19,primary,IL,House,09,regular,partisan_primary,Republican,Michael Robert Walters,mfFjvRYc39aRG20woQBuIQ==,,True,57,il-2024-primary-federal,https://www.elections.il.gov/electionoperations/ElectionVoteTotals.aspx?ID=rfZ%2BuidMSDY%3D,fa097c1b3acd95a2b95e30a3750ac7f362209f7ba4946f9d90c52ec5e140098e,il-2024-primary-federal.html:9TH CONGRESS:row-3 | il-candidate-details.csv:26,1
il-2024-03-19-house-10-regular-democratic,2024,2024-03-19,primary,IL,House,10,regular,partisan_primary,Democratic,Brad Schneider,GvTblqxF4vXCuzci1CSCQg==,Democratic,False,37538,il-2024-primary-federal,https://www.elections.il.gov/electionoperations/ElectionVoteTotals.aspx?ID=rfZ%2BuidMSDY%3D,fa097c1b3acd95a2b95e30a3750ac7f362209f7ba4946f9d90c52ec5e140098e,il-2024-primary-federal.html:10TH CONGRESS:row-2 | il-candidate-details.csv:27,1
il-2024-03-19-house-10-regular-republican,2024,2024-03-19,primary,IL,House,10,regular,partisan_primary,Republican,Jim Carris,PClfliZTbQsQePoZM/9Yfg==,Republican,False,19771,il-2024-primary-federal,https://www.elections.il.gov/electionoperations/ElectionVoteTotals.aspx?ID=rfZ%2BuidMSDY%3D,fa097c1b3acd95a2b95e30a3750ac7f362209f7ba4946f9d90c52ec5e140098e,il-2024-primary-federal.html:10TH CONGRESS:row-3 | il-candidate-details.csv:28,1
il-2024-03-19-house-11-regular-democratic,2024,2024-03-19,primary,IL,House,11,regular,partisan_primary,Democratic,Bill Foster,7Exw+//ff6ld9/wYsr2fmQ==,Democratic,False,35159,il-2024-primary-federal,https://www.elections.il.gov/electionoperations/ElectionVoteTotals.aspx?ID=rfZ%2BuidMSDY%3D,fa097c1b3acd95a2b95e30a3750ac7f362209f7ba4946f9d90c52ec5e140098e,il-2024-primary-federal.html:11TH CONGRESS:row-2 | il-candidate-details.csv:29,1
il-2024-03-19-house-11-regular-democratic,2024,2024-03-19,primary,IL,House,11,regular,partisan_primary,Democratic,Qasim Rashid,GvTblqxF4vUxNppuSOnI7A==,Democratic,False,10754,il-2024-primary-federal,https://www.elections.il.gov/electionoperations/ElectionVoteTotals.aspx?ID=rfZ%2BuidMSDY%3D,fa097c1b3acd95a2b95e30a3750ac7f362209f7ba4946f9d90c52ec5e140098e,il-2024-primary-federal.html:11TH CONGRESS:row-5 | il-candidate-details.csv:32,1
il-2024-03-19-house-11-regular-republican,2024,2024-03-19,primary,IL,House,11,regular,partisan_primary,Republican,Jerry Evans,e6q/GGnmIJd4uFh855Y7dQ==,Republican,False,17814,il-2024-primary-federal,https://www.elections.il.gov/electionoperations/ElectionVoteTotals.aspx?ID=rfZ%2BuidMSDY%3D,fa097c1b3acd95a2b95e30a3750ac7f362209f7ba4946f9d90c52ec5e140098e,il-2024-primary-federal.html:11TH CONGRESS:row-3 | il-candidate-details.csv:30,1
il-2024-03-19-house-11-regular-republican,2024,2024-03-19,primary,IL,House,11,regular,partisan_primary,Republican,O Kent Mercado,d4o6MR++9F9w8tI1owA1rA==,Republican,False,4312,il-2024-primary-federal,https://www.elections.il.gov/electionoperations/ElectionVoteTotals.aspx?ID=rfZ%2BuidMSDY%3D,fa097c1b3acd95a2b95e30a3750ac7f362209f7ba4946f9d90c52ec5e140098e,il-2024-primary-federal.html:11TH CONGRESS:row-6 | il-candidate-details.csv:33,1
il-2024-03-19-house-11-regular-republican,2024,2024-03-19,primary,IL,House,11,regular,partisan_primary,Republican,Susan Hathaway-Altman,BSJUm/+oRRtuhh/X/1bTNQ==,Republican,False,13032,il-2024-primary-federal,https://www.elections.il.gov/electionoperations/ElectionVoteTotals.aspx?ID=rfZ%2BuidMSDY%3D,fa097c1b3acd95a2b95e30a3750ac7f362209f7ba4946f9d90c52ec5e140098e,il-2024-primary-federal.html:11TH CONGRESS:row-4 | il-candidate-details.csv:31,1
il-2024-03-19-house-12-regular-democratic,2024,2024-03-19,primary,IL,House,12,regular,partisan_primary,Democratic,Brian Roberts,yOUW4vMpML90ImVUu+R9lA==,Democratic,False,10775,il-2024-primary-federal,https://www.elections.il.gov/electionoperations/ElectionVoteTotals.aspx?ID=rfZ%2BuidMSDY%3D,fa097c1b3acd95a2b95e30a3750ac7f362209f7ba4946f9d90c52ec5e140098e,il-2024-primary-federal.html:12TH CONGRESS:row-4 | il-candidate-details.csv:36,1
il-2024-03-19-house-12-regular-democratic,2024,2024-03-19,primary,IL,House,12,regular,partisan_primary,Democratic,Preston Gabriel Nelson,PClfliZTbQssNKSClli9Rw==,Democratic,False,7151,il-2024-primary-federal,https://www.elections.il.gov/electionoperations/ElectionVoteTotals.aspx?ID=rfZ%2BuidMSDY%3D,fa097c1b3acd95a2b95e30a3750ac7f362209f7ba4946f9d90c52ec5e140098e,il-2024-primary-federal.html:12TH CONGRESS:row-5 | il-candidate-details.csv:37,1
il-2024-03-19-house-12-regular-republican,2024,2024-03-19,primary,IL,House,12,regular,partisan_primary,Republican,Darren Bailey,gKy1GJXOlfUayeFUWs1XmA==,Republican,False,46035,il-2024-primary-federal,https://www.elections.il.gov/electionoperations/ElectionVoteTotals.aspx?ID=rfZ%2BuidMSDY%3D,fa097c1b3acd95a2b95e30a3750ac7f362209f7ba4946f9d90c52ec5e140098e,il-2024-primary-federal.html:12TH CONGRESS:row-3 | il-candidate-details.csv:35,1
il-2024-03-19-house-12-regular-republican,2024,2024-03-19,primary,IL,House,12,regular,partisan_primary,Republican,Mike Bost,blz2+Dbg9ugmg+pNUSmtUA==,Republican,False,48770,il-2024-primary-federal,https://www.elections.il.gov/electionoperations/ElectionVoteTotals.aspx?ID=rfZ%2BuidMSDY%3D,fa097c1b3acd95a2b95e30a3750ac7f362209f7ba4946f9d90c52ec5e140098e,il-2024-primary-federal.html:12TH CONGRESS:row-2 | il-candidate-details.csv:34,1
il-2024-03-19-house-13-regular-democratic,2024,2024-03-19,primary,IL,House,13,regular,partisan_primary,Democratic,Nikki Budzinski,MKEFfMcn9bigwHfHZy4DVQ==,Democratic,False,32314,il-2024-primary-federal,https://www.elections.il.gov/electionoperations/ElectionVoteTotals.aspx?ID=rfZ%2BuidMSDY%3D,fa097c1b3acd95a2b95e30a3750ac7f362209f7ba4946f9d90c52ec5e140098e,il-2024-primary-federal.html:13TH CONGRESS:row-2 | il-candidate-details.csv:38,1
il-2024-03-19-house-13-regular-republican,2024,2024-03-19,primary,IL,House,13,regular,partisan_primary,Republican,Joshua Loyd,HtqOLUcSEbmUB+UXaa+6cQ==,Republican,False,15633,il-2024-primary-federal,https://www.elections.il.gov/electionoperations/ElectionVoteTotals.aspx?ID=rfZ%2BuidMSDY%3D,fa097c1b3acd95a2b95e30a3750ac7f362209f7ba4946f9d90c52ec5e140098e,il-2024-primary-federal.html:13TH CONGRESS:row-3 | il-candidate-details.csv:39,1
il-2024-03-19-house-13-regular-republican,2024,2024-03-19,primary,IL,House,13,regular,partisan_primary,Republican,Thomas Clatterbuck,blz2+Dbg9ugPFiUbr0uIZw==,Republican,False,12320,il-2024-primary-federal,https://www.elections.il.gov/electionoperations/ElectionVoteTotals.aspx?ID=rfZ%2BuidMSDY%3D,fa097c1b3acd95a2b95e30a3750ac7f362209f7ba4946f9d90c52ec5e140098e,il-2024-primary-federal.html:13TH CONGRESS:row-4 | il-candidate-details.csv:40,1
il-2024-03-19-house-14-regular-democratic,2024,2024-03-19,primary,IL,House,14,regular,partisan_primary,Democratic,Lauren Underwood,e6q/GGnmIJcB0MFH96Dicw==,Democratic,False,32400,il-2024-primary-federal,https://www.elections.il.gov/electionoperations/ElectionVoteTotals.aspx?ID=rfZ%2BuidMSDY%3D,fa097c1b3acd95a2b95e30a3750ac7f362209f7ba4946f9d90c52ec5e140098e,il-2024-primary-federal.html:14TH CONGRESS:row-2 | il-candidate-details.csv:41,1
il-2024-03-19-house-14-regular-republican,2024,2024-03-19,primary,IL,House,14,regular,partisan_primary,Republican,Charlie Kim,Uw8vgex/TCbKLundzBb26g==,Republican,False,6571,il-2024-primary-federal,https://www.elections.il.gov/electionoperations/ElectionVoteTotals.aspx?ID=rfZ%2BuidMSDY%3D,fa097c1b3acd95a2b95e30a3750ac7f362209f7ba4946f9d90c52ec5e140098e,il-2024-primary-federal.html:14TH CONGRESS:row-4 | il-candidate-details.csv:43,1
il-2024-03-19-house-14-regular-republican,2024,2024-03-19,primary,IL,House,14,regular,partisan_primary,Republican,"James T. ""Jim"" Marter",3hkkEJNH77sTfTDmGN46Yg==,Republican,False,24828,il-2024-primary-federal,https://www.elections.il.gov/electionoperations/ElectionVoteTotals.aspx?ID=rfZ%2BuidMSDY%3D,fa097c1b3acd95a2b95e30a3750ac7f362209f7ba4946f9d90c52ec5e140098e,il-2024-primary-federal.html:14TH CONGRESS:row-3 | il-candidate-details.csv:42,1
il-2024-03-19-house-14-regular-republican,2024,2024-03-19,primary,IL,House,14,regular,partisan_primary,Republican,Krystal Dorey,mfFjvRYc39bK1o5AB4clgw==,,True,14,il-2024-primary-federal,https://www.elections.il.gov/electionoperations/ElectionVoteTotals.aspx?ID=rfZ%2BuidMSDY%3D,fa097c1b3acd95a2b95e30a3750ac7f362209f7ba4946f9d90c52ec5e140098e,il-2024-primary-federal.html:14TH CONGRESS:row-5 | il-candidate-details.csv:44,1
il-2024-03-19-house-15-regular-democratic,2024,2024-03-19,primary,IL,House,15,regular,partisan_primary,Democratic,Kevin Gaither,mfFjvRYc39am6giKHxIM4g==,,True,259,il-2024-primary-federal,https://www.elections.il.gov/electionoperations/ElectionVoteTotals.aspx?ID=rfZ%2BuidMSDY%3D,fa097c1b3acd95a2b95e30a3750ac7f362209f7ba4946f9d90c52ec5e140098e,il-2024-primary-federal.html:15TH CONGRESS:row-3 | il-candidate-details.csv:46,1
il-2024-03-19-house-15-regular-republican,2024,2024-03-19,primary,IL,House,15,regular,partisan_primary,Republican,Mary E. Miller,BV6Ywzi7jl6MoyexDf2JDQ==,Republican,False,65205,il-2024-primary-federal,https://www.elections.il.gov/electionoperations/ElectionVoteTotals.aspx?ID=rfZ%2BuidMSDY%3D,fa097c1b3acd95a2b95e30a3750ac7f362209f7ba4946f9d90c52ec5e140098e,il-2024-primary-federal.html:15TH CONGRESS:row-2 | il-candidate-details.csv:45,1
il-2024-03-19-house-16-regular-republican,2024,2024-03-19,primary,IL,House,16,regular,partisan_primary,Republican,Darin LaHood,blz2+Dbg9ujb5y+crvXVtQ==,Republican,False,59324,il-2024-primary-federal,https://www.elections.il.gov/electionoperations/ElectionVoteTotals.aspx?ID=rfZ%2BuidMSDY%3D,fa097c1b3acd95a2b95e30a3750ac7f362209f7ba4946f9d90c52ec5e140098e,il-2024-primary-federal.html:16TH CONGRESS:row-2 | il-candidate-details.csv:47,1
il-2024-03-19-house-17-regular-democratic,2024,2024-03-19,primary,IL,House,17,regular,partisan_primary,Democratic,Eric Sorensen,IOt35ZX0zJdoMl1Nris0Fg==,Democratic,False,28533,il-2024-primary-federal,https://www.elections.il.gov/electionoperations/ElectionVoteTotals.aspx?ID=rfZ%2BuidMSDY%3D,fa097c1b3acd95a2b95e30a3750ac7f362209f7ba4946f9d90c52ec5e140098e,il-2024-primary-federal.html:17TH CONGRESS:row-2 | il-candidate-details.csv:48,1
il-2024-03-19-house-17-regular-republican,2024,2024-03-19,primary,IL,House,17,regular,partisan_primary,Republican,Joe Mcgraw,STFKrKcaO/U/g3qOtB8XZA==,Republican,False,20223,il-2024-primary-federal,https://www.elections.il.gov/electionoperations/ElectionVoteTotals.aspx?ID=rfZ%2BuidMSDY%3D,fa097c1b3acd95a2b95e30a3750ac7f362209f7ba4946f9d90c52ec5e140098e,il-2024-primary-federal.html:17TH CONGRESS:row-3 | il-candidate-details.csv:49,1
il-2024-03-19-house-17-regular-republican,2024,2024-03-19,primary,IL,House,17,regular,partisan_primary,Republican,Scott Alan Crowl,FAeTiyZenaloJ5YRpmj/jQ==,Republican,False,9696,il-2024-primary-federal,https://www.elections.il.gov/electionoperations/ElectionVoteTotals.aspx?ID=rfZ%2BuidMSDY%3D,fa097c1b3acd95a2b95e30a3750ac7f362209f7ba4946f9d90c52ec5e140098e,il-2024-primary-federal.html:17TH CONGRESS:row-4 | il-candidate-details.csv:50,1
oh-2024-03-19-house-01-regular-democratic,2024,2024-03-19,primary,OH,House,01,regular,partisan_primary,Democratic,Greg Landsman,oh-2024-03-19-democratic-H,Democratic,False,28025,oh-2024-primary-democratic,https://www.ohiosos.gov/globalassets/elections/2024/pri/official/summary-level-official-results-primary-2024---democratic.xlsx,94b4ec212bc03bd90d8fe9f0acedac591affbe91a71aa02d63c73e703660ed64,U.S. Congress:H1-3,1
oh-2024-03-19-house-01-regular-republican,2024,2024-03-19,primary,OH,House,01,regular,partisan_primary,Republican,Orlando Sonza,oh-2024-03-19-republican-J,Republican,False,43554,oh-2024-primary-republican,https://www.ohiosos.gov/globalassets/elections/2024/pri/official/summary-level-results-primary-2024---republican.xlsx,2ff8e99d6f94cf7084e8fc6daec1bea83d1c3042420557bdb3e63e8e2db4ffc9,U.S. Congress:J1-3,1
oh-2024-03-19-house-02-regular-democratic,2024,2024-03-19,primary,OH,House,02,regular,partisan_primary,Democratic,Samantha Meadows,oh-2024-03-19-democratic-I,Democratic,False,15022,oh-2024-primary-democratic,https://www.ohiosos.gov/globalassets/elections/2024/pri/official/summary-level-official-results-primary-2024---democratic.xlsx,94b4ec212bc03bd90d8fe9f0acedac591affbe91a71aa02d63c73e703660ed64,U.S. Congress:I1-3,1
oh-2024-03-19-house-02-regular-republican,2024,2024-03-19,primary,OH,House,02,regular,partisan_primary,Republican,Charles Tassell,oh-2024-03-19-republican-S,Republican,False,1737,oh-2024-primary-republican,https://www.ohiosos.gov/globalassets/elections/2024/pri/official/summary-level-results-primary-2024---republican.xlsx,2ff8e99d6f94cf7084e8fc6daec1bea83d1c3042420557bdb3e63e8e2db4ffc9,U.S. Congress:S1-3,1
oh-2024-03-19-house-02-regular-republican,2024,2024-03-19,primary,OH,House,02,regular,partisan_primary,Republican,David J. Taylor,oh-2024-03-19-republican-T,Republican,False,26247,oh-2024-primary-republican,https://www.ohiosos.gov/globalassets/elections/2024/pri/official/summary-level-results-primary-2024---republican.xlsx,2ff8e99d6f94cf7084e8fc6daec1bea83d1c3042420557bdb3e63e8e2db4ffc9,U.S. Congress:T1-3,1
oh-2024-03-19-house-02-regular-republican,2024,2024-03-19,primary,OH,House,02,regular,partisan_primary,Republican,Derek Myers,oh-2024-03-19-republican-Q,Republican,False,1565,oh-2024-primary-republican,https://www.ohiosos.gov/globalassets/elections/2024/pri/official/summary-level-results-primary-2024---republican.xlsx,2ff8e99d6f94cf7084e8fc6daec1bea83d1c3042420557bdb3e63e8e2db4ffc9,U.S. Congress:Q1-3,1
oh-2024-03-19-house-02-regular-republican,2024,2024-03-19,primary,OH,House,02,regular,partisan_primary,Republican,Kim Georgeton,oh-2024-03-19-republican-L,Republican,False,2311,oh-2024-primary-republican,https://www.ohiosos.gov/globalassets/elections/2024/pri/official/summary-level-results-primary-2024---republican.xlsx,2ff8e99d6f94cf7084e8fc6daec1bea83d1c3042420557bdb3e63e8e2db4ffc9,U.S. Congress:L1-3,1
oh-2024-03-19-house-02-regular-republican,2024,2024-03-19,primary,OH,House,02,regular,partisan_primary,Republican,Larry Kidd,oh-2024-03-19-republican-P,Republican,False,19583,oh-2024-primary-republican,https://www.ohiosos.gov/globalassets/elections/2024/pri/official/summary-level-results-primary-2024---republican.xlsx,2ff8e99d6f94cf7084e8fc6daec1bea83d1c3042420557bdb3e63e8e2db4ffc9,U.S. Congress:P1-3,1
oh-2024-03-19-house-02-regular-republican,2024,2024-03-19,primary,OH,House,02,regular,partisan_primary,Republican,Niraj Antani,oh-2024-03-19-republican-K,Republican,False,1700,oh-2024-primary-republican,https://www.ohiosos.gov/globalassets/elections/2024/pri/official/summary-level-results-primary-2024---republican.xlsx,2ff8e99d6f94cf7084e8fc6daec1bea83d1c3042420557bdb3e63e8e2db4ffc9,U.S. Congress:K1-3,1
oh-2024-03-19-house-02-regular-republican,2024,2024-03-19,primary,OH,House,02,regular,partisan_primary,Republican,Phil Heimlich,oh-2024-03-19-republican-M,Republican,False,5080,oh-2024-primary-republican,https://www.ohiosos.gov/globalassets/elections/2024/pri/official/summary-level-results-primary-2024---republican.xlsx,2ff8e99d6f94cf7084e8fc6daec1bea83d1c3042420557bdb3e63e8e2db4ffc9,U.S. Congress:M1-3,1
oh-2024-03-19-house-02-regular-republican,2024,2024-03-19,primary,OH,House,02,regular,partisan_primary,Republican,Ron Hood,oh-2024-03-19-republican-N,Republican,False,9020,oh-2024-primary-republican,https://www.ohiosos.gov/globalassets/elections/2024/pri/official/summary-level-results-primary-2024---republican.xlsx,2ff8e99d6f94cf7084e8fc6daec1bea83d1c3042420557bdb3e63e8e2db4ffc9,U.S. Congress:N1-3,1
oh-2024-03-19-house-02-regular-republican,2024,2024-03-19,primary,OH,House,02,regular,partisan_primary,Republican,Shane Wilkin,oh-2024-03-19-republican-U,Republican,False,9932,oh-2024-primary-republican,https://www.ohiosos.gov/globalassets/elections/2024/pri/official/summary-level-results-primary-2024---republican.xlsx,2ff8e99d6f94cf7084e8fc6daec1bea83d1c3042420557bdb3e63e8e2db4ffc9,U.S. Congress:U1-3,1
oh-2024-03-19-house-02-regular-republican,2024,2024-03-19,primary,OH,House,02,regular,partisan_primary,Republican,Tim O'Hara,oh-2024-03-19-republican-R,Republican,False,22626,oh-2024-primary-republican,https://www.ohiosos.gov/globalassets/elections/2024/pri/official/summary-level-results-primary-2024---republican.xlsx,2ff8e99d6f94cf7084e8fc6daec1bea83d1c3042420557bdb3e63e8e2db4ffc9,U.S. Congress:R1-3,1
oh-2024-03-19-house-02-regular-republican,2024,2024-03-19,primary,OH,House,02,regular,partisan_primary,Republican,Tom Hwang,oh-2024-03-19-republican-O,Republican,False,3202,oh-2024-primary-republican,https://www.ohiosos.gov/globalassets/elections/2024/pri/official/summary-level-results-primary-2024---republican.xlsx,2ff8e99d6f94cf7084e8fc6daec1bea83d1c3042420557bdb3e63e8e2db4ffc9,U.S. Congress:O1-3,1
oh-2024-03-19-house-03-regular-democratic,2024,2024-03-19,primary,OH,House,03,regular,partisan_primary,Democratic,Joyce Beatty,oh-2024-03-19-democratic-J,Democratic,False,46733,oh-2024-primary-democratic,https://www.ohiosos.gov/globalassets/elections/2024/pri/official/summary-level-official-results-primary-2024---democratic.xlsx,94b4ec212bc03bd90d8fe9f0acedac591affbe91a71aa02d63c73e703660ed64,U.S. Congress:J1-3,1
oh-2024-03-19-house-03-regular-republican,2024,2024-03-19,primary,OH,House,03,regular,partisan_primary,Republican,Michael Young,oh-2024-03-19-republican-V,Republican,False,22066,oh-2024-primary-republican,https://www.ohiosos.gov/globalassets/elections/2024/pri/official/summary-level-results-primary-2024---republican.xlsx,2ff8e99d6f94cf7084e8fc6daec1bea83d1c3042420557bdb3e63e8e2db4ffc9,U.S. Congress:V1-3,1
oh-2024-03-19-house-04-regular-democratic,2024,2024-03-19,primary,OH,House,04,regular,partisan_primary,Democratic,Steve Thomas,oh-2024-03-19-democratic-K,Democratic,False,8748,oh-2024-primary-democratic,https://www.ohiosos.gov/globalassets/elections/2024/pri/official/summary-level-official-results-primary-2024---democratic.xlsx,94b4ec212bc03bd90d8fe9f0acedac591affbe91a71aa02d63c73e703660ed64,U.S. Congress:K1-3,1
oh-2024-03-19-house-04-regular-democratic,2024,2024-03-19,primary,OH,House,04,regular,partisan_primary,Democratic,Tamie Wilson,oh-2024-03-19-democratic-L,Democratic,False,15149,oh-2024-primary-democratic,https://www.ohiosos.gov/globalassets/elections/2024/pri/official/summary-level-official-results-primary-2024---democratic.xlsx,94b4ec212bc03bd90d8fe9f0acedac591affbe91a71aa02d63c73e703660ed64,U.S. Congress:L1-3,1
oh-2024-03-19-house-04-regular-republican,2024,2024-03-19,primary,OH,House,04,regular,partisan_primary,Republican,Jim Jordan,oh-2024-03-19-republican-W,Republican,False,94294,oh-2024-primary-republican,https://www.ohiosos.gov/globalassets/elections/2024/pri/official/summary-level-results-primary-2024---republican.xlsx,2ff8e99d6f94cf7084e8fc6daec1bea83d1c3042420557bdb3e63e8e2db4ffc9,U.S. Congress:W1-3,1
oh-2024-03-19-house-05-regular-democratic,2024,2024-03-19,primary,OH,House,05,regular,partisan_primary,Democratic,Keith Mundy,oh-2024-03-19-democratic-M,Democratic,False,26920,oh-2024-primary-democratic,https://www.ohiosos.gov/globalassets/elections/2024/pri/official/summary-level-official-results-primary-2024---democratic.xlsx,94b4ec212bc03bd90d8fe9f0acedac591affbe91a71aa02d63c73e703660ed64,U.S. Congress:M1-3,1
oh-2024-03-19-house-05-regular-republican,2024,2024-03-19,primary,OH,House,05,regular,partisan_primary,Republican,Bob Latta,oh-2024-03-19-republican-X,Republican,False,70077,oh-2024-primary-republican,https://www.ohiosos.gov/globalassets/elections/2024/pri/official/summary-level-results-primary-2024---republican.xlsx,2ff8e99d6f94cf7084e8fc6daec1bea83d1c3042420557bdb3e63e8e2db4ffc9,U.S. Congress:X1-3,1
oh-2024-03-19-house-05-regular-republican,2024,2024-03-19,primary,OH,House,05,regular,partisan_primary,Republican,Robert L. Owsiak Jr,oh-2024-03-19-republican-Y,Republican,False,14478,oh-2024-primary-republican,https://www.ohiosos.gov/globalassets/elections/2024/pri/official/summary-level-results-primary-2024---republican.xlsx,2ff8e99d6f94cf7084e8fc6daec1bea83d1c3042420557bdb3e63e8e2db4ffc9,U.S. Congress:Y1-3,1
oh-2024-03-19-house-06-regular-democratic,2024,2024-03-19,primary,OH,House,06,regular,partisan_primary,Democratic,Michael L. Kripchak,oh-2024-03-19-democratic-O,Democratic,False,20632,oh-2024-primary-democratic,https://www.ohiosos.gov/globalassets/elections/2024/pri/official/summary-level-official-results-primary-2024---democratic.xlsx,94b4ec212bc03bd90d8fe9f0acedac591affbe91a71aa02d63c73e703660ed64,U.S. Congress:O1-3,1
oh-2024-03-19-house-06-regular-democratic,2024,2024-03-19,primary,OH,House,06,regular,partisan_primary,Democratic,Rylan Z. Finzer,oh-2024-03-19-democratic-N,Democratic,False,10480,oh-2024-primary-democratic,https://www.ohiosos.gov/globalassets/elections/2024/pri/official/summary-level-official-results-primary-2024---democratic.xlsx,94b4ec212bc03bd90d8fe9f0acedac591affbe91a71aa02d63c73e703660ed64,U.S. Congress:N1-3,1
oh-2024-03-19-house-06-regular-republican,2024,2024-03-19,primary,OH,House,06,regular,partisan_primary,Republican,Michael A. Rulli,oh-2024-03-19-republican-Z,Republican,False,43857,oh-2024-primary-republican,https://www.ohiosos.gov/globalassets/elections/2024/pri/official/summary-level-results-primary-2024---republican.xlsx,2ff8e99d6f94cf7084e8fc6daec1bea83d1c3042420557bdb3e63e8e2db4ffc9,U.S. Congress:Z1-3,1
oh-2024-03-19-house-06-regular-republican,2024,2024-03-19,primary,OH,House,06,regular,partisan_primary,Republican,Reggie Stoltzfus,oh-2024-03-19-republican-AA,Republican,False,36033,oh-2024-primary-republican,https://www.ohiosos.gov/globalassets/elections/2024/pri/official/summary-level-results-primary-2024---republican.xlsx,2ff8e99d6f94cf7084e8fc6daec1bea83d1c3042420557bdb3e63e8e2db4ffc9,U.S. Congress:AA1-3,1
oh-2024-03-19-house-06-regular-republican,2024,2024-03-19,primary,OH,House,06,regular,partisan_primary,Republican,Rick Tsai,oh-2024-03-19-republican-AB,Republican,False,8641,oh-2024-primary-republican,https://www.ohiosos.gov/globalassets/elections/2024/pri/official/summary-level-results-primary-2024---republican.xlsx,2ff8e99d6f94cf7084e8fc6daec1bea83d1c3042420557bdb3e63e8e2db4ffc9,U.S. Congress:AB1-3,1
oh-2024-03-19-house-06-special-democratic,2024,2024-03-19,primary,OH,House,06,special,partisan_primary,Democratic,Michael L. Kripchak,oh-2024-03-19-democratic-AG,Democratic,False,19931,oh-2024-primary-democratic,https://www.ohiosos.gov/globalassets/elections/2024/pri/official/summary-level-official-results-primary-2024---democratic.xlsx,94b4ec212bc03bd90d8fe9f0acedac591affbe91a71aa02d63c73e703660ed64,U.S. Congress:AG1-3,1
oh-2024-03-19-house-06-special-democratic,2024,2024-03-19,primary,OH,House,06,special,partisan_primary,Democratic,Rylan Z. Finzer,oh-2024-03-19-democratic-AF,Democratic,False,10731,oh-2024-primary-democratic,https://www.ohiosos.gov/globalassets/elections/2024/pri/official/summary-level-official-results-primary-2024---democratic.xlsx,94b4ec212bc03bd90d8fe9f0acedac591affbe91a71aa02d63c73e703660ed64,U.S. Congress:AF1-3,1
oh-2024-03-19-house-06-special-republican,2024,2024-03-19,primary,OH,House,06,special,partisan_primary,Republican,Michael A. Rulli,oh-2024-03-19-republican-AU,Republican,False,43155,oh-2024-primary-republican,https://www.ohiosos.gov/globalassets/elections/2024/pri/official/summary-level-results-primary-2024---republican.xlsx,2ff8e99d6f94cf7084e8fc6daec1bea83d1c3042420557bdb3e63e8e2db4ffc9,U.S. Congress:AU1-3,1
oh-2024-03-19-house-06-special-republican,2024,2024-03-19,primary,OH,House,06,special,partisan_primary,Republican,Reggie Stoltzfus,oh-2024-03-19-republican-AV,Republican,False,35684,oh-2024-primary-republican,https://www.ohiosos.gov/globalassets/elections/2024/pri/official/summary-level-results-primary-2024---republican.xlsx,2ff8e99d6f94cf7084e8fc6daec1bea83d1c3042420557bdb3e63e8e2db4ffc9,U.S. Congress:AV1-3,1
oh-2024-03-19-house-06-special-republican,2024,2024-03-19,primary,OH,House,06,special,partisan_primary,Republican,Rick Tsai,oh-2024-03-19-republican-AW,Republican,False,9094,oh-2024-primary-republican,https://www.ohiosos.gov/globalassets/elections/2024/pri/official/summary-level-results-primary-2024---republican.xlsx,2ff8e99d6f94cf7084e8fc6daec1bea83d1c3042420557bdb3e63e8e2db4ffc9,U.S. Congress:AW1-3,1
oh-2024-03-19-house-07-regular-democratic,2024,2024-03-19,primary,OH,House,07,regular,partisan_primary,Democratic,Doug Bugie,oh-2024-03-19-democratic-P,Democratic,False,7540,oh-2024-primary-democratic,https://www.ohiosos.gov/globalassets/elections/2024/pri/official/summary-level-official-results-primary-2024---democratic.xlsx,94b4ec212bc03bd90d8fe9f0acedac591affbe91a71aa02d63c73e703660ed64,U.S. Congress:P1-3,1
oh-2024-03-19-house-07-regular-democratic,2024,2024-03-19,primary,OH,House,07,regular,partisan_primary,Democratic,Matt Diemer,oh-2024-03-19-democratic-Q,Democratic,False,33765,oh-2024-primary-democratic,https://www.ohiosos.gov/globalassets/elections/2024/pri/official/summary-level-official-results-primary-2024---democratic.xlsx,94b4ec212bc03bd90d8fe9f0acedac591affbe91a71aa02d63c73e703660ed64,U.S. Congress:Q1-3,1
oh-2024-03-19-house-07-regular-republican,2024,2024-03-19,primary,OH,House,07,regular,partisan_primary,Republican,Max Miller,oh-2024-03-19-republican-AC,Republican,False,62075,oh-2024-primary-republican,https://www.ohiosos.gov/globalassets/elections/2024/pri/official/summary-level-results-primary-2024---republican.xlsx,2ff8e99d6f94cf7084e8fc6daec1bea83d1c3042420557bdb3e63e8e2db4ffc9,U.S. Congress:AC1-3,1
oh-2024-03-19-house-08-regular-democratic,2024,2024-03-19,primary,OH,House,08,regular,partisan_primary,Democratic,David E. Gelb,oh-2024-03-19-democratic-S,Democratic,False,2407,oh-2024-primary-democratic,https://www.ohiosos.gov/globalassets/elections/2024/pri/official/summary-level-official-results-primary-2024---democratic.xlsx,94b4ec212bc03bd90d8fe9f0acedac591affbe91a71aa02d63c73e703660ed64,U.S. Congress:S1-3,1
oh-2024-03-19-house-08-regular-democratic,2024,2024-03-19,primary,OH,House,08,regular,partisan_primary,Democratic,Nathaniel Hawkins,oh-2024-03-19-democratic-T,Democratic,False,3689,oh-2024-primary-democratic,https://www.ohiosos.gov/globalassets/elections/2024/pri/official/summary-level-official-results-primary-2024---democratic.xlsx,94b4ec212bc03bd90d8fe9f0acedac591affbe91a71aa02d63c73e703660ed64,U.S. Congress:T1-3,1
oh-2024-03-19-house-08-regular-democratic,2024,2024-03-19,primary,OH,House,08,regular,partisan_primary,Democratic,Vanessa Enoch,oh-2024-03-19-democratic-R,Democratic,False,15650,oh-2024-primary-democratic,https://www.ohiosos.gov/globalassets/elections/2024/pri/official/summary-level-official-results-primary-2024---democratic.xlsx,94b4ec212bc03bd90d8fe9f0acedac591affbe91a71aa02d63c73e703660ed64,U.S. Congress:R1-3,1
oh-2024-03-19-house-08-regular-republican,2024,2024-03-19,primary,OH,House,08,regular,partisan_primary,Republican,Kay Rogers,oh-2024-03-19-republican-AE,Republican,False,14933,oh-2024-primary-republican,https://www.ohiosos.gov/globalassets/elections/2024/pri/official/summary-level-results-primary-2024---republican.xlsx,2ff8e99d6f94cf7084e8fc6daec1bea83d1c3042420557bdb3e63e8e2db4ffc9,U.S. Congress:AE1-3,1
oh-2024-03-19-house-08-regular-republican,2024,2024-03-19,primary,OH,House,08,regular,partisan_primary,Republican,Warren Davidson,oh-2024-03-19-republican-AD,Republican,False,59712,oh-2024-primary-republican,https://www.ohiosos.gov/globalassets/elections/2024/pri/official/summary-level-results-primary-2024---republican.xlsx,2ff8e99d6f94cf7084e8fc6daec1bea83d1c3042420557bdb3e63e8e2db4ffc9,U.S. Congress:AD1-3,1
oh-2024-03-19-house-09-regular-democratic,2024,2024-03-19,primary,OH,House,09,regular,partisan_primary,Democratic,Marcy Kaptur,oh-2024-03-19-democratic-U,Democratic,False,38398,oh-2024-primary-democratic,https://www.ohiosos.gov/globalassets/elections/2024/pri/official/summary-level-official-results-primary-2024---democratic.xlsx,94b4ec212bc03bd90d8fe9f0acedac591affbe91a71aa02d63c73e703660ed64,U.S. Congress:U1-3,1
oh-2024-03-19-house-09-regular-republican,2024,2024-03-19,primary,OH,House,09,regular,partisan_primary,Republican,Craig S. Riedel,oh-2024-03-19-republican-AH,Republican,False,18072,oh-2024-primary-republican,https://www.ohiosos.gov/globalassets/elections/2024/pri/official/summary-level-results-primary-2024---republican.xlsx,2ff8e99d6f94cf7084e8fc6daec1bea83d1c3042420557bdb3e63e8e2db4ffc9,U.S. Congress:AH1-3,1
oh-2024-03-19-house-09-regular-republican,2024,2024-03-19,primary,OH,House,09,regular,partisan_primary,Republican,Derek Merrin,oh-2024-03-19-republican-AG,Republican,False,27632,oh-2024-primary-republican,https://www.ohiosos.gov/globalassets/elections/2024/pri/official/summary-level-results-primary-2024---republican.xlsx,2ff8e99d6f94cf7084e8fc6daec1bea83d1c3042420557bdb3e63e8e2db4ffc9,U.S. Congress:AG1-3,1
oh-2024-03-19-house-09-regular-republican,2024,2024-03-19,primary,OH,House,09,regular,partisan_primary,Republican,Steve Lankenau,oh-2024-03-19-republican-AF,Republican,False,6946,oh-2024-primary-republican,https://www.ohiosos.gov/globalassets/elections/2024/pri/official/summary-level-results-primary-2024---republican.xlsx,2ff8e99d6f94cf7084e8fc6daec1bea83d1c3042420557bdb3e63e8e2db4ffc9,U.S. Congress:AF1-3,1
oh-2024-03-19-house-10-regular-democratic,2024,2024-03-19,primary,OH,House,10,regular,partisan_primary,Democratic,Amy Cox,oh-2024-03-19-democratic-V,Democratic,False,22640,oh-2024-primary-democratic,https://www.ohiosos.gov/globalassets/elections/2024/pri/official/summary-level-official-results-primary-2024---democratic.xlsx,94b4ec212bc03bd90d8fe9f0acedac591affbe91a71aa02d63c73e703660ed64,U.S. Congress:V1-3,1
oh-2024-03-19-house-10-regular-democratic,2024,2024-03-19,primary,OH,House,10,regular,partisan_primary,Democratic,David Esrati,oh-2024-03-19-democratic-W,Democratic,False,7767,oh-2024-primary-democratic,https://www.ohiosos.gov/globalassets/elections/2024/pri/official/summary-level-official-results-primary-2024---democratic.xlsx,94b4ec212bc03bd90d8fe9f0acedac591affbe91a71aa02d63c73e703660ed64,U.S. Congress:W1-3,1
oh-2024-03-19-house-10-regular-democratic,2024,2024-03-19,primary,OH,House,10,regular,partisan_primary,Democratic,Joseph S. Kuzniar,oh-2024-03-19-democratic-X,Democratic,False,2046,oh-2024-primary-democratic,https://www.ohiosos.gov/globalassets/elections/2024/pri/official/summary-level-official-results-primary-2024---democratic.xlsx,94b4ec212bc03bd90d8fe9f0acedac591affbe91a71aa02d63c73e703660ed64,U.S. Congress:X1-3,1
oh-2024-03-19-house-10-regular-democratic,2024,2024-03-19,primary,OH,House,10,regular,partisan_primary,Democratic,Tony Pombo,oh-2024-03-19-democratic-Y,Democratic,False,3296,oh-2024-primary-democratic,https://www.ohiosos.gov/globalassets/elections/2024/pri/official/summary-level-official-results-primary-2024---democratic.xlsx,94b4ec212bc03bd90d8fe9f0acedac591affbe91a71aa02d63c73e703660ed64,U.S. Congress:Y1-3,1
oh-2024-03-19-house-10-regular-republican,2024,2024-03-19,primary,OH,House,10,regular,partisan_primary,Republican,Mike Turner,oh-2024-03-19-republican-AI,Republican,False,61941,oh-2024-primary-republican,https://www.ohiosos.gov/globalassets/elections/2024/pri/official/summary-level-results-primary-2024---republican.xlsx,2ff8e99d6f94cf7084e8fc6daec1bea83d1c3042420557bdb3e63e8e2db4ffc9,U.S. Congress:AI1-3,1
oh-2024-03-19-house-11-regular-democratic,2024,2024-03-19,primary,OH,House,11,regular,partisan_primary,Democratic,Shontel Brown,oh-2024-03-19-democratic-Z,Democratic,False,61573,oh-2024-primary-democratic,https://www.ohiosos.gov/globalassets/elections/2024/pri/official/summary-level-official-results-primary-2024---democratic.xlsx,94b4ec212bc03bd90d8fe9f0acedac591affbe91a71aa02d63c73e703660ed64,U.S. Congress:Z1-3,1
oh-2024-03-19-house-11-regular-republican,2024,2024-03-19,primary,OH,House,11,regular,partisan_primary,Republican,Alan Rapoport,oh-2024-03-19-republican-AK,Republican,False,8385,oh-2024-primary-republican,https://www.ohiosos.gov/globalassets/elections/2024/pri/official/summary-level-results-primary-2024---republican.xlsx,2ff8e99d6f94cf7084e8fc6daec1bea83d1c3042420557bdb3e63e8e2db4ffc9,U.S. Congress:AK1-3,1
oh-2024-03-19-house-11-regular-republican,2024,2024-03-19,primary,OH,House,11,regular,partisan_primary,Republican,James Hemphill,oh-2024-03-19-republican-AJ,Republican,False,3350,oh-2024-primary-republican,https://www.ohiosos.gov/globalassets/elections/2024/pri/official/summary-level-results-primary-2024---republican.xlsx,2ff8e99d6f94cf7084e8fc6daec1bea83d1c3042420557bdb3e63e8e2db4ffc9,U.S. Congress:AJ1-3,1
oh-2024-03-19-house-11-regular-republican,2024,2024-03-19,primary,OH,House,11,regular,partisan_primary,Republican,Landry M. Simmons Jr,oh-2024-03-19-republican-AL,Republican,False,3024,oh-2024-primary-republican,https://www.ohiosos.gov/globalassets/elections/2024/pri/official/summary-level-results-primary-2024---republican.xlsx,2ff8e99d6f94cf7084e8fc6daec1bea83d1c3042420557bdb3e63e8e2db4ffc9,U.S. Congress:AL1-3,1
oh-2024-03-19-house-12-regular-democratic,2024,2024-03-19,primary,OH,House,12,regular,partisan_primary,Democratic,Jerrad Christian,oh-2024-03-19-democratic-AA,Democratic,False,22809,oh-2024-primary-democratic,https://www.ohiosos.gov/globalassets/elections/2024/pri/official/summary-level-official-results-primary-2024---democratic.xlsx,94b4ec212bc03bd90d8fe9f0acedac591affbe91a71aa02d63c73e703660ed64,U.S. Congress:AA1-3,1
oh-2024-03-19-house-12-regular-republican,2024,2024-03-19,primary,OH,House,12,regular,partisan_primary,Republican,Troy Balderson,oh-2024-03-19-republican-AM,Republican,False,81263,oh-2024-primary-republican,https://www.ohiosos.gov/globalassets/elections/2024/pri/official/summary-level-results-primary-2024---republican.xlsx,2ff8e99d6f94cf7084e8fc6daec1bea83d1c3042420557bdb3e63e8e2db4ffc9,U.S. Congress:AM1-3,1
oh-2024-03-19-house-13-regular-democratic,2024,2024-03-19,primary,OH,House,13,regular,partisan_primary,Democratic,Emilia Sykes,oh-2024-03-19-democratic-AB,Democratic,False,41257,oh-2024-primary-democratic,https://www.ohiosos.gov/globalassets/elections/2024/pri/official/summary-level-official-results-primary-2024---democratic.xlsx,94b4ec212bc03bd90d8fe9f0acedac591affbe91a71aa02d63c73e703660ed64,U.S. Congress:AB1-3,1
oh-2024-03-19-house-13-regular-republican,2024,2024-03-19,primary,OH,House,13,regular,partisan_primary,Republican,Chris Banweg,oh-2024-03-19-republican-AN,Republican,False,16703,oh-2024-primary-republican,https://www.ohiosos.gov/globalassets/elections/2024/pri/official/summary-level-results-primary-2024---republican.xlsx,2ff8e99d6f94cf7084e8fc6daec1bea83d1c3042420557bdb3e63e8e2db4ffc9,U.S. Congress:AN1-3,1
oh-2024-03-19-house-13-regular-republican,2024,2024-03-19,primary,OH,House,13,regular,partisan_primary,Republican,Kevin Coughlin,oh-2024-03-19-republican-AO,Republican,False,39378,oh-2024-primary-republican,https://www.ohiosos.gov/globalassets/elections/2024/pri/official/summary-level-results-primary-2024---republican.xlsx,2ff8e99d6f94cf7084e8fc6daec1bea83d1c3042420557bdb3e63e8e2db4ffc9,U.S. Congress:AO1-3,1
oh-2024-03-19-house-13-regular-republican,2024,2024-03-19,primary,OH,House,13,regular,partisan_primary,Republican,Richard A. Morckel,oh-2024-03-19-republican-AP,Republican,False,4496,oh-2024-primary-republican,https://www.ohiosos.gov/globalassets/elections/2024/pri/official/summary-level-results-primary-2024---republican.xlsx,2ff8e99d6f94cf7084e8fc6daec1bea83d1c3042420557bdb3e63e8e2db4ffc9,U.S. Congress:AP1-3,1
oh-2024-03-19-house-14-regular-democratic,2024,2024-03-19,primary,OH,House,14,regular,partisan_primary,Democratic,Brian Bob Kenderes,oh-2024-03-19-democratic-AC,Democratic,False,33769,oh-2024-primary-democratic,https://www.ohiosos.gov/globalassets/elections/2024/pri/official/summary-level-official-results-primary-2024---democratic.xlsx,94b4ec212bc03bd90d8fe9f0acedac591affbe91a71aa02d63c73e703660ed64,U.S. Congress:AC1-3,1
oh-2024-03-19-house-14-regular-republican,2024,2024-03-19,primary,OH,House,14,regular,partisan_primary,Republican,David P. Joyce,oh-2024-03-19-republican-AR,Republican,False,61785,oh-2024-primary-republican,https://www.ohiosos.gov/globalassets/elections/2024/pri/official/summary-level-results-primary-2024---republican.xlsx,2ff8e99d6f94cf7084e8fc6daec1bea83d1c3042420557bdb3e63e8e2db4ffc9,U.S. Congress:AR1-3,1
oh-2024-03-19-house-14-regular-republican,2024,2024-03-19,primary,OH,House,14,regular,partisan_primary,Republican,Elayne J. Cross,oh-2024-03-19-republican-AQ,Republican,False,10562,oh-2024-primary-republican,https://www.ohiosos.gov/globalassets/elections/2024/pri/official/summary-level-results-primary-2024---republican.xlsx,2ff8e99d6f94cf7084e8fc6daec1bea83d1c3042420557bdb3e63e8e2db4ffc9,U.S. Congress:AQ1-3,1
oh-2024-03-19-house-14-regular-republican,2024,2024-03-19,primary,OH,House,14,regular,partisan_primary,Republican,Kenneth J. Polke,oh-2024-03-19-republican-AS,Republican,False,8257,oh-2024-primary-republican,https://www.ohiosos.gov/globalassets/elections/2024/pri/official/summary-level-results-primary-2024---republican.xlsx,2ff8e99d6f94cf7084e8fc6daec1bea83d1c3042420557bdb3e63e8e2db4ffc9,U.S. Congress:AS1-3,1
oh-2024-03-19-house-15-regular-democratic,2024,2024-03-19,primary,OH,House,15,regular,partisan_primary,Democratic,Adam Miller,oh-2024-03-19-democratic-AE,Democratic,False,18648,oh-2024-primary-democratic,https://www.ohiosos.gov/globalassets/elections/2024/pri/official/summary-level-official-results-primary-2024---democratic.xlsx,94b4ec212bc03bd90d8fe9f0acedac591affbe91a71aa02d63c73e703660ed64,U.S. Congress:AE1-3,1
oh-2024-03-19-house-15-regular-democratic,2024,2024-03-19,primary,OH,House,15,regular,partisan_primary,Democratic,Zerqa Z. Abid,oh-2024-03-19-democratic-AD,Democratic,False,10399,oh-2024-primary-democratic,https://www.ohiosos.gov/globalassets/elections/2024/pri/official/summary-level-official-results-primary-2024---democratic.xlsx,94b4ec212bc03bd90d8fe9f0acedac591affbe91a71aa02d63c73e703660ed64,U.S. Congress:AD1-3,1
oh-2024-03-19-house-15-regular-republican,2024,2024-03-19,primary,OH,House,15,regular,partisan_primary,Republican,Mike Carey,oh-2024-03-19-republican-AT,Republican,False,51073,oh-2024-primary-republican,https://www.ohiosos.gov/globalassets/elections/2024/pri/official/summary-level-results-primary-2024---republican.xlsx,2ff8e99d6f94cf7084e8fc6daec1bea83d1c3042420557bdb3e63e8e2db4ffc9,U.S. Congress:AT1-3,1
oh-2024-03-19-senate-s-regular-democratic,2024,2024-03-19,primary,OH,Senate,S,regular,partisan_primary,Democratic,Sherrod Brown,oh-2024-03-19-democratic-G,Democratic,False,535305,oh-2024-primary-democratic,https://www.ohiosos.gov/globalassets/elections/2024/pri/official/summary-level-official-results-primary-2024---democratic.xlsx,94b4ec212bc03bd90d8fe9f0acedac591affbe91a71aa02d63c73e703660ed64,U.S. Congress:G1-3,1
oh-2024-03-19-senate-s-regular-republican,2024,2024-03-19,primary,OH,Senate,S,regular,partisan_primary,Republican,Bernie Moreno,oh-2024-03-19-republican-I,Republican,False,557626,oh-2024-primary-republican,https://www.ohiosos.gov/globalassets/elections/2024/pri/official/summary-level-results-primary-2024---republican.xlsx,2ff8e99d6f94cf7084e8fc6daec1bea83d1c3042420557bdb3e63e8e2db4ffc9,U.S. Congress:I1-3,1
oh-2024-03-19-senate-s-regular-republican,2024,2024-03-19,primary,OH,Senate,S,regular,partisan_primary,Republican,Frank LaRose,oh-2024-03-19-republican-H,Republican,False,184111,oh-2024-primary-republican,https://www.ohiosos.gov/globalassets/elections/2024/pri/official/summary-level-results-primary-2024---republican.xlsx,2ff8e99d6f94cf7084e8fc6daec1bea83d1c3042420557bdb3e63e8e2db4ffc9,U.S. Congress:H1-3,1
oh-2024-03-19-senate-s-regular-republican,2024,2024-03-19,primary,OH,Senate,S,regular,partisan_primary,Republican,Matt Dolan,oh-2024-03-19-republican-G,Republican,False,363013,oh-2024-primary-republican,https://www.ohiosos.gov/globalassets/elections/2024/pri/official/summary-level-results-primary-2024---republican.xlsx,2ff8e99d6f94cf7084e8fc6daec1bea83d1c3042420557bdb3e63e8e2db4ffc9,U.S. Congress:G1-3,1
il-2026-03-17-house-01-regular-democratic,2026,2026-03-17,primary,IL,House,01,regular,partisan_primary,Democratic,JERICO BROWN,VjgJnzzFN7rBQjW0/5spQg==,,True,15,il-2026-primary-federal,https://www.elections.il.gov/electionoperations/ElectionVoteTotals.aspx?ID=Z2J%2FvYpKX8w%3D,a731c332c524a118b6935357da149001e3345153f1c35e53a9ee9157885558b8,il-2026-primary-federal.html:1ST CONGRESS:row-5 | il-candidate-details.csv:72,1
il-2026-03-17-house-01-regular-democratic,2026,2026-03-17,primary,IL,House,01,regular,partisan_primary,Democratic,JONATHAN L. JACKSON,wMqoDaUEtJpdKN/qhK7pZw==,Democratic,False,89662,il-2026-primary-federal,https://www.elections.il.gov/electionoperations/ElectionVoteTotals.aspx?ID=Z2J%2FvYpKX8w%3D,a731c332c524a118b6935357da149001e3345153f1c35e53a9ee9157885558b8,il-2026-primary-federal.html:1ST CONGRESS:row-2 | il-candidate-details.csv:69,1
il-2026-03-17-house-01-regular-republican,2026,2026-03-17,primary,IL,House,01,regular,partisan_primary,Republican,CHRISTIAN MAXWELL,zRgtX8LBaSi34BrlRCt5Fg==,Republican,False,12472,il-2026-primary-federal,https://www.elections.il.gov/electionoperations/ElectionVoteTotals.aspx?ID=Z2J%2FvYpKX8w%3D,a731c332c524a118b6935357da149001e3345153f1c35e53a9ee9157885558b8,il-2026-primary-federal.html:1ST CONGRESS:row-3 | il-candidate-details.csv:70,1
il-2026-03-17-house-01-regular-republican,2026,2026-03-17,primary,IL,House,01,regular,partisan_primary,Republican,MARCUS LEWIS,L0s4o9HVUyde7Bbq+HxATw==,Republican,False,6858,il-2026-primary-federal,https://www.elections.il.gov/electionoperations/ElectionVoteTotals.aspx?ID=Z2J%2FvYpKX8w%3D,a731c332c524a118b6935357da149001e3345153f1c35e53a9ee9157885558b8,il-2026-primary-federal.html:1ST CONGRESS:row-4 | il-candidate-details.csv:71,1
il-2026-03-17-house-02-regular-democratic,2026,2026-03-17,primary,IL,House,02,regular,partisan_primary,Democratic,ADAL REGIS,yvi/w9VV1Rh6PGgYjzsv/w==,Democratic,False,685,il-2026-primary-federal,https://www.elections.il.gov/electionoperations/ElectionVoteTotals.aspx?ID=Z2J%2FvYpKX8w%3D,a731c332c524a118b6935357da149001e3345153f1c35e53a9ee9157885558b8,il-2026-primary-federal.html:2ND CONGRESS:row-12 | il-candidate-details.csv:83,1
il-2026-03-17-house-02-regular-democratic,2026,2026-03-17,primary,IL,House,02,regular,partisan_primary,Democratic,BRYAN PHILIP SLEPICKA,VjgJnzzFN7q0OqGdJX4JAw==,,True,1,il-2026-primary-federal,https://www.elections.il.gov/electionoperations/ElectionVoteTotals.aspx?ID=Z2J%2FvYpKX8w%3D,a731c332c524a118b6935357da149001e3345153f1c35e53a9ee9157885558b8,il-2026-primary-federal.html:2ND CONGRESS:row-13 | il-candidate-details.csv:84,1
il-2026-03-17-house-02-regular-democratic,2026,2026-03-17,primary,IL,House,02,regular,partisan_primary,Democratic,DONNA MILLER,HYUhBD7TAr9Pr4raveURuA==,Democratic,False,34034,il-2026-primary-federal,https://www.elections.il.gov/electionoperations/ElectionVoteTotals.aspx?ID=Z2J%2FvYpKX8w%3D,a731c332c524a118b6935357da149001e3345153f1c35e53a9ee9157885558b8,il-2026-primary-federal.html:2ND CONGRESS:row-2 | il-candidate-details.csv:73,1
il-2026-03-17-house-02-regular-democratic,2026,2026-03-17,primary,IL,House,02,regular,partisan_primary,Democratic,ERIC FRANCE,YRL5ceslKb4wiy4z1CEU8w==,Democratic,False,837,il-2026-primary-federal,https://www.elections.il.gov/electionoperations/ElectionVoteTotals.aspx?ID=Z2J%2FvYpKX8w%3D,a731c332c524a118b6935357da149001e3345153f1c35e53a9ee9157885558b8,il-2026-primary-federal.html:2ND CONGRESS:row-11 | il-candidate-details.csv:82,1
il-2026-03-17-house-02-regular-democratic,2026,2026-03-17,primary,IL,House,02,regular,partisan_primary,Democratic,"JESSE LOUIS JACKSON, JR.",jDv4borVpMmC53tG/yQ5fQ==,Democratic,False,24321,il-2026-primary-federal,https://www.elections.il.gov/electionoperations/ElectionVoteTotals.aspx?ID=Z2J%2FvYpKX8w%3D,a731c332c524a118b6935357da149001e3345153f1c35e53a9ee9157885558b8,il-2026-primary-federal.html:2ND CONGRESS:row-3 | il-candidate-details.csv:74,1
il-2026-03-17-house-02-regular-democratic,2026,2026-03-17,primary,IL,House,02,regular,partisan_primary,Democratic,"PATRICK J. ""PJK"" KEATING",IgcDkP/DQqw1Q9Fm5jCUbg==,Democratic,False,1093,il-2026-primary-federal,https://www.elections.il.gov/electionoperations/ElectionVoteTotals.aspx?ID=Z2J%2FvYpKX8w%3D,a731c332c524a118b6935357da149001e3345153f1c35e53a9ee9157885558b8,il-2026-primary-federal.html:2ND CONGRESS:row-8 | il-candidate-details.csv:79,1
il-2026-03-17-house-02-regular-democratic,2026,2026-03-17,primary,IL,House,02,regular,partisan_primary,Democratic,ROBERT PETERS,IjbhkpR9uOuyIoNJnlVplA==,Democratic,False,10490,il-2026-primary-federal,https://www.elections.il.gov/electionoperations/ElectionVoteTotals.aspx?ID=Z2J%2FvYpKX8w%3D,a731c332c524a118b6935357da149001e3345153f1c35e53a9ee9157885558b8,il-2026-primary-federal.html:2ND CONGRESS:row-5 | il-candidate-details.csv:76,1
il-2026-03-17-house-02-regular-democratic,2026,2026-03-17,primary,IL,House,02,regular,partisan_primary,Democratic,SIDNEY MOORE,q/vlR7uRAdTRQnoKlEzRKA==,Democratic,False,860,il-2026-primary-federal,https://www.elections.il.gov/electionoperations/ElectionVoteTotals.aspx?ID=Z2J%2FvYpKX8w%3D,a731c332c524a118b6935357da149001e3345153f1c35e53a9ee9157885558b8,il-2026-primary-federal.html:2ND CONGRESS:row-10 | il-candidate-details.csv:81,1
il-2026-03-17-house-02-regular-democratic,2026,2026-03-17,primary,IL,House,02,regular,partisan_primary,Democratic,TONI C. BROWN,QvfBwvGUY0pflKMpWz+JwQ==,Democratic,False,979,il-2026-primary-federal,https://www.elections.il.gov/electionoperations/ElectionVoteTotals.aspx?ID=Z2J%2FvYpKX8w%3D,a731c332c524a118b6935357da149001e3345153f1c35e53a9ee9157885558b8,il-2026-primary-federal.html:2ND CONGRESS:row-9 | il-candidate-details.csv:80,1
il-2026-03-17-house-02-regular-democratic,2026,2026-03-17,primary,IL,House,02,regular,partisan_primary,Democratic,WILLIE PRESTON,Yr30vqUvKLYCpa28R6OAkg==,Democratic,False,2463,il-2026-primary-federal,https://www.elections.il.gov/electionoperations/ElectionVoteTotals.aspx?ID=Z2J%2FvYpKX8w%3D,a731c332c524a118b6935357da149001e3345153f1c35e53a9ee9157885558b8,il-2026-primary-federal.html:2ND CONGRESS:row-7 | il-candidate-details.csv:78,1
il-2026-03-17-house-02-regular-democratic,2026,2026-03-17,primary,IL,House,02,regular,partisan_primary,Democratic,YUMEKA BROWN,/rpv5eg2dktbgi0q6m1COw==,Democratic,False,8534,il-2026-primary-federal,https://www.elections.il.gov/electionoperations/ElectionVoteTotals.aspx?ID=Z2J%2FvYpKX8w%3D,a731c332c524a118b6935357da149001e3345153f1c35e53a9ee9157885558b8,il-2026-primary-federal.html:2ND CONGRESS:row-6 | il-candidate-details.csv:77,1
il-2026-03-17-house-02-regular-republican,2026,2026-03-17,primary,IL,House,02,regular,partisan_primary,Republican,MICHAEL SCOTT NOACK,IgcDkP/DQqzuFx2gDeKqRg==,Republican,False,20598,il-2026-primary-federal,https://www.elections.il.gov/electionoperations/ElectionVoteTotals.aspx?ID=Z2J%2FvYpKX8w%3D,a731c332c524a118b6935357da149001e3345153f1c35e53a9ee9157885558b8,il-2026-primary-federal.html:2ND CONGRESS:row-4 | il-candidate-details.csv:75,1
il-2026-03-17-house-03-regular-democratic,2026,2026-03-17,primary,IL,House,03,regular,partisan_primary,Democratic,DELIA RAMIREZ,YRL5ceslKb56Axq01ptd1g==,Democratic,False,72443,il-2026-primary-federal,https://www.elections.il.gov/electionoperations/ElectionVoteTotals.aspx?ID=Z2J%2FvYpKX8w%3D,a731c332c524a118b6935357da149001e3345153f1c35e53a9ee9157885558b8,il-2026-primary-federal.html:3RD CONGRESS:row-2 | il-candidate-details.csv:85,1
il-2026-03-17-house-03-regular-republican,2026,2026-03-17,primary,IL,House,03,regular,partisan_primary,Republican,ANGEL OAKLEY,zRgtX8LBaSjanKFJLjKIQA==,Republican,False,13991,il-2026-primary-federal,https://www.elections.il.gov/electionoperations/ElectionVoteTotals.aspx?ID=Z2J%2FvYpKX8w%3D,a731c332c524a118b6935357da149001e3345153f1c35e53a9ee9157885558b8,il-2026-primary-federal.html:3RD CONGRESS:row-3 | il-candidate-details.csv:86,1
il-2026-03-17-house-04-regular-democratic,2026,2026-03-17,primary,IL,House,04,regular,partisan_primary,Democratic,PATTY GARCIA,yvi/w9VV1RjtCpHDjIfwdw==,Democratic,False,52616,il-2026-primary-federal,https://www.elections.il.gov/electionoperations/ElectionVoteTotals.aspx?ID=Z2J%2FvYpKX8w%3D,a731c332c524a118b6935357da149001e3345153f1c35e53a9ee9157885558b8,il-2026-primary-federal.html:4TH CONGRESS:row-2 | il-candidate-details.csv:87,1
il-2026-03-17-house-04-regular-republican,2026,2026-03-17,primary,IL,House,04,regular,partisan_primary,Republican,LUPE CASTILLO,NC5y4RgVuEC6bzwcu1aPAg==,Republican,False,8336,il-2026-primary-federal,https://www.elections.il.gov/electionoperations/ElectionVoteTotals.aspx?ID=Z2J%2FvYpKX8w%3D,a731c332c524a118b6935357da149001e3345153f1c35e53a9ee9157885558b8,il-2026-primary-federal.html:4TH CONGRESS:row-3 | il-candidate-details.csv:88,1
il-2026-03-17-house-04-regular-working-class-party,2026,2026-03-17,primary,IL,House,04,regular,partisan_primary,Working Class Party,ED HERSHEY,T6mUeA/83zwcVbPuS6dOpA==,Working Class Party,False,5,il-2026-primary-federal,https://www.elections.il.gov/electionoperations/ElectionVoteTotals.aspx?ID=Z2J%2FvYpKX8w%3D,a731c332c524a118b6935357da149001e3345153f1c35e53a9ee9157885558b8,il-2026-primary-federal.html:4TH CONGRESS:row-4 | il-candidate-details.csv:89,1
il-2026-03-17-house-05-regular-democratic,2026,2026-03-17,primary,IL,House,05,regular,partisan_primary,Democratic,ANTHONY MICHAEL TAMEZ,QvfBwvGUY0piww2doJ6HJA==,Democratic,False,3344,il-2026-primary-federal,https://www.elections.il.gov/electionoperations/ElectionVoteTotals.aspx?ID=Z2J%2FvYpKX8w%3D,a731c332c524a118b6935357da149001e3345153f1c35e53a9ee9157885558b8,il-2026-primary-federal.html:5TH CONGRESS:row-6 | il-candidate-details.csv:94,1
il-2026-03-17-house-05-regular-democratic,2026,2026-03-17,primary,IL,House,05,regular,partisan_primary,Democratic,ELLEN A. CORLEY,q/vlR7uRAdRWgWhaJWmgww==,Democratic,False,8537,il-2026-primary-federal,https://www.elections.il.gov/electionoperations/ElectionVoteTotals.aspx?ID=Z2J%2FvYpKX8w%3D,a731c332c524a118b6935357da149001e3345153f1c35e53a9ee9157885558b8,il-2026-primary-federal.html:5TH CONGRESS:row-5 | il-candidate-details.csv:93,1
il-2026-03-17-house-05-regular-democratic,2026,2026-03-17,primary,IL,House,05,regular,partisan_primary,Democratic,MATTHEW CONROY,oAX+136ZgV4GGtYpDJMffQ==,Democratic,False,28988,il-2026-primary-federal,https://www.elections.il.gov/electionoperations/ElectionVoteTotals.aspx?ID=Z2J%2FvYpKX8w%3D,a731c332c524a118b6935357da149001e3345153f1c35e53a9ee9157885558b8,il-2026-primary-federal.html:5TH CONGRESS:row-3 | il-candidate-details.csv:91,1
il-2026-03-17-house-05-regular-democratic,2026,2026-03-17,primary,IL,House,05,regular,partisan_primary,Democratic,MIKE QUIGLEY,ZnsQ9wbZUJrjqcrWnpRhVA==,Democratic,False,75319,il-2026-primary-federal,https://www.elections.il.gov/electionoperations/ElectionVoteTotals.aspx?ID=Z2J%2FvYpKX8w%3D,a731c332c524a118b6935357da149001e3345153f1c35e53a9ee9157885558b8,il-2026-primary-federal.html:5TH CONGRESS:row-2 | il-candidate-details.csv:90,1
il-2026-03-17-house-05-regular-republican,2026,2026-03-17,primary,IL,House,05,regular,partisan_primary,Republican,BARRY WICKER,5fAmAU1nLql5oIRDW0WfCg==,Republican,False,2781,il-2026-primary-federal,https://www.elections.il.gov/electionoperations/ElectionVoteTotals.aspx?ID=Z2J%2FvYpKX8w%3D,a731c332c524a118b6935357da149001e3345153f1c35e53a9ee9157885558b8,il-2026-primary-federal.html:5TH CONGRESS:row-7 | il-candidate-details.csv:95,1
il-2026-03-17-house-05-regular-republican,2026,2026-03-17,primary,IL,House,05,regular,partisan_primary,Republican,KIMBALL LADIEN,wgpIrs/QT1lyp8DOC5p5rA==,Republican,False,1864,il-2026-primary-federal,https://www.elections.il.gov/electionoperations/ElectionVoteTotals.aspx?ID=Z2J%2FvYpKX8w%3D,a731c332c524a118b6935357da149001e3345153f1c35e53a9ee9157885558b8,il-2026-primary-federal.html:5TH CONGRESS:row-8 | il-candidate-details.csv:96,1
il-2026-03-17-house-05-regular-republican,2026,2026-03-17,primary,IL,House,05,regular,partisan_primary,Republican,TOMMY HANSON,JulK50xV8SrUmOC7Q3adrg==,Republican,False,11921,il-2026-primary-federal,https://www.elections.il.gov/electionoperations/ElectionVoteTotals.aspx?ID=Z2J%2FvYpKX8w%3D,a731c332c524a118b6935357da149001e3345153f1c35e53a9ee9157885558b8,il-2026-primary-federal.html:5TH CONGRESS:row-4 | il-candidate-details.csv:92,1
il-2026-03-17-house-06-regular-democratic,2026,2026-03-17,primary,IL,House,06,regular,partisan_primary,Democratic,"JOSEPH ""JOEY"" RUZEVICH",o4GK79lBXbq6LlHS9XyM9w==,Democratic,False,22181,il-2026-primary-federal,https://www.elections.il.gov/electionoperations/ElectionVoteTotals.aspx?ID=Z2J%2FvYpKX8w%3D,a731c332c524a118b6935357da149001e3345153f1c35e53a9ee9157885558b8,il-2026-primary-federal.html:6TH CONGRESS:row-4 | il-candidate-details.csv:99,1
il-2026-03-17-house-06-regular-democratic,2026,2026-03-17,primary,IL,House,06,regular,partisan_primary,Democratic,SEAN CASTEN,IQzjndNn/RVFJhEtckDS+g==,Democratic,False,69579,il-2026-primary-federal,https://www.elections.il.gov/electionoperations/ElectionVoteTotals.aspx?ID=Z2J%2FvYpKX8w%3D,a731c332c524a118b6935357da149001e3345153f1c35e53a9ee9157885558b8,il-2026-primary-federal.html:6TH CONGRESS:row-2 | il-candidate-details.csv:97,1
il-2026-03-17-house-06-regular-republican,2026,2026-03-17,primary,IL,House,06,regular,partisan_primary,Republican,NIKI CONFORTI,jQsksPhoKkAqNJnq+XV0+A==,Republican,False,26783,il-2026-primary-federal,https://www.elections.il.gov/electionoperations/ElectionVoteTotals.aspx?ID=Z2J%2FvYpKX8w%3D,a731c332c524a118b6935357da149001e3345153f1c35e53a9ee9157885558b8,il-2026-primary-federal.html:6TH CONGRESS:row-3 | il-candidate-details.csv:98,1
il-2026-03-17-house-06-regular-republican,2026,2026-03-17,primary,IL,House,06,regular,partisan_primary,Republican,SKYLAR DUENSING,ND+HiXtE05ZTmHrF9fOIDw==,Republican,False,5791,il-2026-primary-federal,https://www.elections.il.gov/electionoperations/ElectionVoteTotals.aspx?ID=Z2J%2FvYpKX8w%3D,a731c332c524a118b6935357da149001e3345153f1c35e53a9ee9157885558b8,il-2026-primary-federal.html:6TH CONGRESS:row-5 | il-candidate-details.csv:100,1
il-2026-03-17-house-07-regular-democratic,2026,2026-03-17,primary,IL,House,07,regular,partisan_primary,Democratic,ANABEL MENDOZA,/rpv5eg2dkvzovODaHleCQ==,Democratic,False,5610,il-2026-primary-federal,https://www.elections.il.gov/electionoperations/ElectionVoteTotals.aspx?ID=Z2J%2FvYpKX8w%3D,a731c332c524a118b6935357da149001e3345153f1c35e53a9ee9157885558b8,il-2026-primary-federal.html:7TH CONGRESS:row-8 | il-candidate-details.csv:107,1
il-2026-03-17-house-07-regular-democratic,2026,2026-03-17,primary,IL,House,07,regular,partisan_primary,Democratic,"ANTHONY DRIVER, JR.",IjbhkpR9uOuInHjvU+juJQ==,Democratic,False,11943,il-2026-primary-federal,https://www.elections.il.gov/electionoperations/ElectionVoteTotals.aspx?ID=Z2J%2FvYpKX8w%3D,a731c332c524a118b6935357da149001e3345153f1c35e53a9ee9157885558b8,il-2026-primary-federal.html:7TH CONGRESS:row-4 | il-candidate-details.csv:103,1
il-2026-03-17-house-07-regular-democratic,2026,2026-03-17,primary,IL,House,07,regular,partisan_primary,Democratic,DAVID EHRLICH,P6s1AvT8/9UTKX2WoKAmRg==,Democratic,False,756,il-2026-primary-federal,https://www.elections.il.gov/electionoperations/ElectionVoteTotals.aspx?ID=Z2J%2FvYpKX8w%3D,a731c332c524a118b6935357da149001e3345153f1c35e53a9ee9157885558b8,il-2026-primary-federal.html:7TH CONGRESS:row-15 | il-candidate-details.csv:114,1
il-2026-03-17-house-07-regular-democratic,2026,2026-03-17,primary,IL,House,07,regular,partisan_primary,Democratic,FELIX TELLO,RzjyICFwA33ti0fWiSbfCw==,Democratic,False,355,il-2026-primary-federal,https://www.elections.il.gov/electionoperations/ElectionVoteTotals.aspx?ID=Z2J%2FvYpKX8w%3D,a731c332c524a118b6935357da149001e3345153f1c35e53a9ee9157885558b8,il-2026-primary-federal.html:7TH CONGRESS:row-16 | il-candidate-details.csv:115,1
il-2026-03-17-house-07-regular-democratic,2026,2026-03-17,primary,IL,House,07,regular,partisan_primary,Democratic,JASON FRIEDMAN,Yr30vqUvKLb0VaBkiGVvtQ==,Democratic,False,7559,il-2026-primary-federal,https://www.elections.il.gov/electionoperations/ElectionVoteTotals.aspx?ID=Z2J%2FvYpKX8w%3D,a731c332c524a118b6935357da149001e3345153f1c35e53a9ee9157885558b8,il-2026-primary-federal.html:7TH CONGRESS:row-7 | il-candidate-details.csv:106,1
il-2026-03-17-house-07-regular-democratic,2026,2026-03-17,primary,IL,House,07,regular,partisan_primary,Democratic,JAZMIN J. ROBINSON,YRL5ceslKb6ByQCOCc4cTg==,Democratic,False,2760,il-2026-primary-federal,https://www.elections.il.gov/electionoperations/ElectionVoteTotals.aspx?ID=Z2J%2FvYpKX8w%3D,a731c332c524a118b6935357da149001e3345153f1c35e53a9ee9157885558b8,il-2026-primary-federal.html:7TH CONGRESS:row-12 | il-candidate-details.csv:111,1
il-2026-03-17-house-07-regular-democratic,2026,2026-03-17,primary,IL,House,07,regular,partisan_primary,Democratic,KINA COLLINS,DqMscAN2+0C2mlC/TtygqQ==,Democratic,False,9735,il-2026-primary-federal,https://www.elections.il.gov/electionoperations/ElectionVoteTotals.aspx?ID=Z2J%2FvYpKX8w%3D,a731c332c524a118b6935357da149001e3345153f1c35e53a9ee9157885558b8,il-2026-primary-federal.html:7TH CONGRESS:row-5 | il-candidate-details.csv:104,1
il-2026-03-17-house-07-regular-democratic,2026,2026-03-17,primary,IL,House,07,regular,partisan_primary,Democratic,LA SHAWN K. FORD,lvxI1oriDX/yFPaWp9AiKQ==,Democratic,False,24408,il-2026-primary-federal,https://www.elections.il.gov/electionoperations/ElectionVoteTotals.aspx?ID=Z2J%2FvYpKX8w%3D,a731c332c524a118b6935357da149001e3345153f1c35e53a9ee9157885558b8,il-2026-primary-federal.html:7TH CONGRESS:row-2 | il-candidate-details.csv:101,1
il-2026-03-17-house-07-regular-democratic,2026,2026-03-17,primary,IL,House,07,regular,partisan_primary,Democratic,MELISSA CONYEARS-ERVIN,XMsUgiPS3PYJa93GsDNFgg==,Democratic,False,21120,il-2026-primary-federal,https://www.elections.il.gov/electionoperations/ElectionVoteTotals.aspx?ID=Z2J%2FvYpKX8w%3D,a731c332c524a118b6935357da149001e3345153f1c35e53a9ee9157885558b8,il-2026-primary-federal.html:7TH CONGRESS:row-3 | il-candidate-details.csv:102,1
il-2026-03-17-house-07-regular-democratic,2026,2026-03-17,primary,IL,House,07,regular,partisan_primary,Democratic,REED SHOWALTER,fW141CxEqzu+ljPv1H7lcg==,Democratic,False,4620,il-2026-primary-federal,https://www.elections.il.gov/electionoperations/ElectionVoteTotals.aspx?ID=Z2J%2FvYpKX8w%3D,a731c332c524a118b6935357da149001e3345153f1c35e53a9ee9157885558b8,il-2026-primary-federal.html:7TH CONGRESS:row-9 | il-candidate-details.csv:108,1
il-2026-03-17-house-07-regular-democratic,2026,2026-03-17,primary,IL,House,07,regular,partisan_primary,Democratic,RICHARD R. BOYKIN,IvMCGbAV4J+WYntZZ9J0Xg==,Democratic,False,4173,il-2026-primary-federal,https://www.elections.il.gov/electionoperations/ElectionVoteTotals.aspx?ID=Z2J%2FvYpKX8w%3D,a731c332c524a118b6935357da149001e3345153f1c35e53a9ee9157885558b8,il-2026-primary-federal.html:7TH CONGRESS:row-10 | il-candidate-details.csv:109,1
il-2026-03-17-house-07-regular-democratic,2026,2026-03-17,primary,IL,House,07,regular,partisan_primary,Democratic,RORY HOSKINS,eWtTbCTKYHT231hljVf3xg==,Democratic,False,1990,il-2026-primary-federal,https://www.elections.il.gov/electionoperations/ElectionVoteTotals.aspx?ID=Z2J%2FvYpKX8w%3D,a731c332c524a118b6935357da149001e3345153f1c35e53a9ee9157885558b8,il-2026-primary-federal.html:7TH CONGRESS:row-13 | il-candidate-details.csv:112,1
il-2026-03-17-house-07-regular-democratic,2026,2026-03-17,primary,IL,House,07,regular,partisan_primary,Democratic,THOMAS FISHER,OEblGykQj/+KzKWVKDCk+w==,Democratic,False,7865,il-2026-primary-federal,https://www.elections.il.gov/electionoperations/ElectionVoteTotals.aspx?ID=Z2J%2FvYpKX8w%3D,a731c332c524a118b6935357da149001e3345153f1c35e53a9ee9157885558b8,il-2026-primary-federal.html:7TH CONGRESS:row-6 | il-candidate-details.csv:105,1
il-2026-03-17-house-07-regular-republican,2026,2026-03-17,primary,IL,House,07,regular,partisan_primary,Republican,CHAD KOPPIE,RzjyICFwA30dfpinN8SXKg==,Republican,False,3416,il-2026-primary-federal,https://www.elections.il.gov/electionoperations/ElectionVoteTotals.aspx?ID=Z2J%2FvYpKX8w%3D,a731c332c524a118b6935357da149001e3345153f1c35e53a9ee9157885558b8,il-2026-primary-federal.html:7TH CONGRESS:row-11 | il-candidate-details.csv:110,1
il-2026-03-17-house-07-regular-republican,2026,2026-03-17,primary,IL,House,07,regular,partisan_primary,Republican,"PATRICIA ""P RAE"" EASLEY",/v/CG6IBPeKlh7VQ3HntwQ==,Republican,False,1843,il-2026-primary-federal,https://www.elections.il.gov/electionoperations/ElectionVoteTotals.aspx?ID=Z2J%2FvYpKX8w%3D,a731c332c524a118b6935357da149001e3345153f1c35e53a9ee9157885558b8,il-2026-primary-federal.html:7TH CONGRESS:row-14 | il-candidate-details.csv:113,1
il-2026-03-17-house-08-regular-democratic,2026,2026-03-17,primary,IL,House,08,regular,partisan_primary,Democratic,DAN TULLY,Yr30vqUvKLaokRXPhV8kHw==,Democratic,False,8906,il-2026-primary-federal,https://www.elections.il.gov/electionoperations/ElectionVoteTotals.aspx?ID=Z2J%2FvYpKX8w%3D,a731c332c524a118b6935357da149001e3345153f1c35e53a9ee9157885558b8,il-2026-primary-federal.html:8TH CONGRESS:row-6 | il-candidate-details.csv:120,1
il-2026-03-17-house-08-regular-democratic,2026,2026-03-17,primary,IL,House,08,regular,partisan_primary,Democratic,JUNAID AHMED,YRL5ceslKb7ebwHyKvoh+g==,Democratic,False,18954,il-2026-primary-federal,https://www.elections.il.gov/electionoperations/ElectionVoteTotals.aspx?ID=Z2J%2FvYpKX8w%3D,a731c332c524a118b6935357da149001e3345153f1c35e53a9ee9157885558b8,il-2026-primary-federal.html:8TH CONGRESS:row-3 | il-candidate-details.csv:117,1
il-2026-03-17-house-08-regular-democratic,2026,2026-03-17,primary,IL,House,08,regular,partisan_primary,Democratic,KEVIN B. MORRISON,69mvOBh4MTMC8MiJbTMPfA==,Democratic,False,6377,il-2026-primary-federal,https://www.elections.il.gov/electionoperations/ElectionVoteTotals.aspx?ID=Z2J%2FvYpKX8w%3D,a731c332c524a118b6935357da149001e3345153f1c35e53a9ee9157885558b8,il-2026-primary-federal.html:8TH CONGRESS:row-8 | il-candidate-details.csv:122,1
il-2026-03-17-house-08-regular-democratic,2026,2026-03-17,primary,IL,House,08,regular,partisan_primary,Democratic,MELISSA L. BEAN,U1OuAcB9jyIr3a0+G1S2Qg==,Democratic,False,22279,il-2026-primary-federal,https://www.elections.il.gov/electionoperations/ElectionVoteTotals.aspx?ID=Z2J%2FvYpKX8w%3D,a731c332c524a118b6935357da149001e3345153f1c35e53a9ee9157885558b8,il-2026-primary-federal.html:8TH CONGRESS:row-2 | il-candidate-details.csv:116,1
il-2026-03-17-house-08-regular-democratic,2026,2026-03-17,primary,IL,House,08,regular,partisan_primary,Democratic,NEIL KHOT,/VrwBYk8TlTxpoT/YSF/DA==,Democratic,False,4683,il-2026-primary-federal,https://www.elections.il.gov/electionoperations/ElectionVoteTotals.aspx?ID=Z2J%2FvYpKX8w%3D,a731c332c524a118b6935357da149001e3345153f1c35e53a9ee9157885558b8,il-2026-primary-federal.html:8TH CONGRESS:row-9 | il-candidate-details.csv:123,1
il-2026-03-17-house-08-regular-democratic,2026,2026-03-17,primary,IL,House,08,regular,partisan_primary,Democratic,RYAN VETTICAD,U1OuAcB9jyI8JrXmjxTL1g==,Democratic,False,794,il-2026-primary-federal,https://www.elections.il.gov/electionoperations/ElectionVoteTotals.aspx?ID=Z2J%2FvYpKX8w%3D,a731c332c524a118b6935357da149001e3345153f1c35e53a9ee9157885558b8,il-2026-primary-federal.html:8TH CONGRESS:row-13 | il-candidate-details.csv:127,1
il-2026-03-17-house-08-regular-democratic,2026,2026-03-17,primary,IL,House,08,regular,partisan_primary,Democratic,SANJYOT DUNUNG,P6s1AvT8/9XDbr5hU+FHUw==,Democratic,False,1773,il-2026-primary-federal,https://www.elections.il.gov/electionoperations/ElectionVoteTotals.aspx?ID=Z2J%2FvYpKX8w%3D,a731c332c524a118b6935357da149001e3345153f1c35e53a9ee9157885558b8,il-2026-primary-federal.html:8TH CONGRESS:row-10 | il-candidate-details.csv:124,1
il-2026-03-17-house-08-regular-democratic,2026,2026-03-17,primary,IL,House,08,regular,partisan_primary,Democratic,YASMEEN BANKOLE,fW141CxEqzusTi6XeZ8b4A==,Democratic,False,6752,il-2026-primary-federal,https://www.elections.il.gov/electionoperations/ElectionVoteTotals.aspx?ID=Z2J%2FvYpKX8w%3D,a731c332c524a118b6935357da149001e3345153f1c35e53a9ee9157885558b8,il-2026-primary-federal.html:8TH CONGRESS:row-7 | il-candidate-details.csv:121,1
il-2026-03-17-house-08-regular-republican,2026,2026-03-17,primary,IL,House,08,regular,partisan_primary,Republican,HERBERT HEBEIN,oAX+136ZgV78kv3Db00hXA==,Republican,False,1111,il-2026-primary-federal,https://www.elections.il.gov/electionoperations/ElectionVoteTotals.aspx?ID=Z2J%2FvYpKX8w%3D,a731c332c524a118b6935357da149001e3345153f1c35e53a9ee9157885558b8,il-2026-primary-federal.html:8TH CONGRESS:row-12 | il-candidate-details.csv:126,1
il-2026-03-17-house-08-regular-republican,2026,2026-03-17,primary,IL,House,08,regular,partisan_primary,Republican,JENNIFER DAVIS,lvxI1oriDX/NCtJ+xXEGOQ==,Republican,False,14635,il-2026-primary-federal,https://www.elections.il.gov/electionoperations/ElectionVoteTotals.aspx?ID=Z2J%2FvYpKX8w%3D,a731c332c524a118b6935357da149001e3345153f1c35e53a9ee9157885558b8,il-2026-primary-federal.html:8TH CONGRESS:row-4 | il-candidate-details.csv:118,1
il-2026-03-17-house-08-regular-republican,2026,2026-03-17,primary,IL,House,08,regular,partisan_primary,Republican,KEVIN AKE,ks9EtsV3wcfSXW1N3cNf3g==,Republican,False,1263,il-2026-primary-federal,https://www.elections.il.gov/electionoperations/ElectionVoteTotals.aspx?ID=Z2J%2FvYpKX8w%3D,a731c332c524a118b6935357da149001e3345153f1c35e53a9ee9157885558b8,il-2026-primary-federal.html:8TH CONGRESS:row-11 | il-candidate-details.csv:125,1
il-2026-03-17-house-08-regular-republican,2026,2026-03-17,primary,IL,House,08,regular,partisan_primary,Republican,MARK RICE,qY2cPeWqHz3O1/W8ivKo+A==,Republican,False,11437,il-2026-primary-federal,https://www.elections.il.gov/electionoperations/ElectionVoteTotals.aspx?ID=Z2J%2FvYpKX8w%3D,a731c332c524a118b6935357da149001e3345153f1c35e53a9ee9157885558b8,il-2026-primary-federal.html:8TH CONGRESS:row-5 | il-candidate-details.csv:119,1
il-2026-03-17-house-09-regular-democratic,2026,2026-03-17,primary,IL,House,09,regular,partisan_primary,Democratic,BETHANY JOHNSON,zRgtX8LBaSiLCFkzmf2cRA==,Democratic,False,635,il-2026-primary-federal,https://www.elections.il.gov/electionoperations/ElectionVoteTotals.aspx?ID=Z2J%2FvYpKX8w%3D,a731c332c524a118b6935357da149001e3345153f1c35e53a9ee9157885558b8,il-2026-primary-federal.html:9TH CONGRESS:row-16 | il-candidate-details.csv:142,1
il-2026-03-17-house-09-regular-democratic,2026,2026-03-17,primary,IL,House,09,regular,partisan_primary,Democratic,BUSHRA AMIWALA,lvxI1oriDX+fewpH2iHCaQ==,Democratic,False,6692,il-2026-primary-federal,https://www.elections.il.gov/electionoperations/ElectionVoteTotals.aspx?ID=Z2J%2FvYpKX8w%3D,a731c332c524a118b6935357da149001e3345153f1c35e53a9ee9157885558b8,il-2026-primary-federal.html:9TH CONGRESS:row-8 | il-candidate-details.csv:134,1
il-2026-03-17-house-09-regular-democratic,2026,2026-03-17,primary,IL,House,09,regular,partisan_primary,Democratic,DANIEL BISS,/rpv5eg2dktF53G5vtCo6A==,Democratic,False,38804,il-2026-primary-federal,https://www.elections.il.gov/electionoperations/ElectionVoteTotals.aspx?ID=Z2J%2FvYpKX8w%3D,a731c332c524a118b6935357da149001e3345153f1c35e53a9ee9157885558b8,il-2026-primary-federal.html:9TH CONGRESS:row-2 | il-candidate-details.csv:128,1
il-2026-03-17-house-09-regular-democratic,2026,2026-03-17,primary,IL,House,09,regular,partisan_primary,Democratic,HOAN HUYNH,5fAmAU1nLqmmGu7fv55tvA==,Democratic,False,2343,il-2026-primary-federal,https://www.elections.il.gov/electionoperations/ElectionVoteTotals.aspx?ID=Z2J%2FvYpKX8w%3D,a731c332c524a118b6935357da149001e3345153f1c35e53a9ee9157885558b8,il-2026-primary-federal.html:9TH CONGRESS:row-10 | il-candidate-details.csv:136,1
il-2026-03-17-house-09-regular-democratic,2026,2026-03-17,primary,IL,House,09,regular,partisan_primary,Democratic,HOWARD ROSENBLUM,ui2kXtGE4jGyHVyoTIROdA==,Democratic,False,312,il-2026-primary-federal,https://www.elections.il.gov/electionoperations/ElectionVoteTotals.aspx?ID=Z2J%2FvYpKX8w%3D,a731c332c524a118b6935357da149001e3345153f1c35e53a9ee9157885558b8,il-2026-primary-federal.html:9TH CONGRESS:row-18 | il-candidate-details.csv:144,1
il-2026-03-17-house-09-regular-democratic,2026,2026-03-17,primary,IL,House,09,regular,partisan_primary,Democratic,JEFF COHEN,jDv4borVpMn1IaUkdJ/qgA==,Democratic,False,1078,il-2026-primary-federal,https://www.elections.il.gov/electionoperations/ElectionVoteTotals.aspx?ID=Z2J%2FvYpKX8w%3D,a731c332c524a118b6935357da149001e3345153f1c35e53a9ee9157885558b8,il-2026-primary-federal.html:9TH CONGRESS:row-14 | il-candidate-details.csv:140,1
il-2026-03-17-house-09-regular-democratic,2026,2026-03-17,primary,IL,House,09,regular,partisan_primary,Democratic,JUSTIN FORD,HYUhBD7TAr/4kIB1ZPsiCg==,Democratic,False,793,il-2026-primary-federal,https://www.elections.il.gov/electionoperations/ElectionVoteTotals.aspx?ID=Z2J%2FvYpKX8w%3D,a731c332c524a118b6935357da149001e3345153f1c35e53a9ee9157885558b8,il-2026-primary-federal.html:9TH CONGRESS:row-15 | il-candidate-details.csv:141,1
il-2026-03-17-house-09-regular-democratic,2026,2026-03-17,primary,IL,House,09,regular,partisan_primary,Democratic,KAT ABUGHAZALEH,IvMCGbAV4J9oaMVUOzr/1g==,Democratic,False,34707,il-2026-primary-federal,https://www.elections.il.gov/electionoperations/ElectionVoteTotals.aspx?ID=Z2J%2FvYpKX8w%3D,a731c332c524a118b6935357da149001e3345153f1c35e53a9ee9157885558b8,il-2026-primary-federal.html:9TH CONGRESS:row-3 | il-candidate-details.csv:129,1
il-2026-03-17-house-09-regular-democratic,2026,2026-03-17,primary,IL,House,09,regular,partisan_primary,Democratic,LAURA FINE,1lmsNut1PBd1/wlqW7YFvg==,Democratic,False,26384,il-2026-primary-federal,https://www.elections.il.gov/electionoperations/ElectionVoteTotals.aspx?ID=Z2J%2FvYpKX8w%3D,a731c332c524a118b6935357da149001e3345153f1c35e53a9ee9157885558b8,il-2026-primary-federal.html:9TH CONGRESS:row-4 | il-candidate-details.csv:130,1
il-2026-03-17-house-09-regular-democratic,2026,2026-03-17,primary,IL,House,09,regular,partisan_primary,Democratic,MARK ARNOLD FREDRICKSON,NXbFEY5ydcrdTVywDZ3U4Q==,Democratic,False,232,il-2026-primary-federal,https://www.elections.il.gov/electionoperations/ElectionVoteTotals.aspx?ID=Z2J%2FvYpKX8w%3D,a731c332c524a118b6935357da149001e3345153f1c35e53a9ee9157885558b8,il-2026-primary-federal.html:9TH CONGRESS:row-20 | il-candidate-details.csv:146,1
il-2026-03-17-house-09-regular-democratic,2026,2026-03-17,primary,IL,House,09,regular,partisan_primary,Democratic,MIKE SIMMONS,IvMCGbAV4J89x9/ylM+79Q==,Democratic,False,9419,il-2026-primary-federal,https://www.elections.il.gov/electionoperations/ElectionVoteTotals.aspx?ID=Z2J%2FvYpKX8w%3D,a731c332c524a118b6935357da149001e3345153f1c35e53a9ee9157885558b8,il-2026-primary-federal.html:9TH CONGRESS:row-5 | il-candidate-details.csv:131,1
il-2026-03-17-house-09-regular-democratic,2026,2026-03-17,primary,IL,House,09,regular,partisan_primary,Democratic,NICK PYATI,IQzjndNn/RWMrrjcavKWTQ==,Democratic,False,241,il-2026-primary-federal,https://www.elections.il.gov/electionoperations/ElectionVoteTotals.aspx?ID=Z2J%2FvYpKX8w%3D,a731c332c524a118b6935357da149001e3345153f1c35e53a9ee9157885558b8,il-2026-primary-federal.html:9TH CONGRESS:row-19 | il-candidate-details.csv:145,1
il-2026-03-17-house-09-regular-democratic,2026,2026-03-17,primary,IL,House,09,regular,partisan_primary,Democratic,PATRICIA A. BROWN,viERqc9QlUFJxlwjN0WquA==,Democratic,False,1675,il-2026-primary-federal,https://www.elections.il.gov/electionoperations/ElectionVoteTotals.aspx?ID=Z2J%2FvYpKX8w%3D,a731c332c524a118b6935357da149001e3345153f1c35e53a9ee9157885558b8,il-2026-primary-federal.html:9TH CONGRESS:row-11 | il-candidate-details.csv:137,1
il-2026-03-17-house-09-regular-democratic,2026,2026-03-17,primary,IL,House,09,regular,partisan_primary,Democratic,PHIL ANDREW,3MXItBDqngbWsVfI3kWCTQ==,Democratic,False,7997,il-2026-primary-federal,https://www.elections.il.gov/electionoperations/ElectionVoteTotals.aspx?ID=Z2J%2FvYpKX8w%3D,a731c332c524a118b6935357da149001e3345153f1c35e53a9ee9157885558b8,il-2026-primary-federal.html:9TH CONGRESS:row-6 | il-candidate-details.csv:132,1
il-2026-03-17-house-09-regular-democratic,2026,2026-03-17,primary,IL,House,09,regular,partisan_primary,Democratic,SAM POLAN,WYO2eqppn31Hho3lPP+K/Q==,Democratic,False,528,il-2026-primary-federal,https://www.elections.il.gov/electionoperations/ElectionVoteTotals.aspx?ID=Z2J%2FvYpKX8w%3D,a731c332c524a118b6935357da149001e3345153f1c35e53a9ee9157885558b8,il-2026-primary-federal.html:9TH CONGRESS:row-17 | il-candidate-details.csv:143,1
il-2026-03-17-house-09-regular-republican,2026,2026-03-17,primary,IL,House,09,regular,partisan_primary,Republican,DONGBO MARK SU,P6s1AvT8/9XIm/63cW+jRg==,Republican,False,1245,il-2026-primary-federal,https://www.elections.il.gov/electionoperations/ElectionVoteTotals.aspx?ID=Z2J%2FvYpKX8w%3D,a731c332c524a118b6935357da149001e3345153f1c35e53a9ee9157885558b8,il-2026-primary-federal.html:9TH CONGRESS:row-13 | il-candidate-details.csv:139,1
il-2026-03-17-house-09-regular-republican,2026,2026-03-17,primary,IL,House,09,regular,partisan_primary,Republican,JOHN ELLESON,eWtTbCTKYHQqXdNrYr4KDQ==,Republican,False,7545,il-2026-primary-federal,https://www.elections.il.gov/electionoperations/ElectionVoteTotals.aspx?ID=Z2J%2FvYpKX8w%3D,a731c332c524a118b6935357da149001e3345153f1c35e53a9ee9157885558b8,il-2026-primary-federal.html:9TH CONGRESS:row-7 | il-candidate-details.csv:133,1
il-2026-03-17-house-09-regular-republican,2026,2026-03-17,primary,IL,House,09,regular,partisan_primary,Republican,PAUL FRIEDMAN,IgcDkP/DQqzK7FOiG+J63Q==,Republican,False,5185,il-2026-primary-federal,https://www.elections.il.gov/electionoperations/ElectionVoteTotals.aspx?ID=Z2J%2FvYpKX8w%3D,a731c332c524a118b6935357da149001e3345153f1c35e53a9ee9157885558b8,il-2026-primary-federal.html:9TH CONGRESS:row-9 | il-candidate-details.csv:135,1
il-2026-03-17-house-09-regular-republican,2026,2026-03-17,primary,IL,House,09,regular,partisan_primary,Republican,ROCIO CLEVELAND,wgpIrs/QT1lqcGVdExVSaw==,Republican,False,1469,il-2026-primary-federal,https://www.elections.il.gov/electionoperations/ElectionVoteTotals.aspx?ID=Z2J%2FvYpKX8w%3D,a731c332c524a118b6935357da149001e3345153f1c35e53a9ee9157885558b8,il-2026-primary-federal.html:9TH CONGRESS:row-12 | il-candidate-details.csv:138,1
il-2026-03-17-house-10-regular-democratic,2026,2026-03-17,primary,IL,House,10,regular,partisan_primary,Democratic,BRAD SCHNEIDER,Yr30vqUvKLbRjr5z4bvDhQ==,Democratic,False,56353,il-2026-primary-federal,https://www.elections.il.gov/electionoperations/ElectionVoteTotals.aspx?ID=Z2J%2FvYpKX8w%3D,a731c332c524a118b6935357da149001e3345153f1c35e53a9ee9157885558b8,il-2026-primary-federal.html:10TH CONGRESS:row-2 | il-candidate-details.csv:147,1
il-2026-03-17-house-10-regular-democratic,2026,2026-03-17,primary,IL,House,10,regular,partisan_primary,Democratic,MORGAN COGHILL,IgcDkP/DQqx/65Z3uCK+DA==,Democratic,False,15152,il-2026-primary-federal,https://www.elections.il.gov/electionoperations/ElectionVoteTotals.aspx?ID=Z2J%2FvYpKX8w%3D,a731c332c524a118b6935357da149001e3345153f1c35e53a9ee9157885558b8,il-2026-primary-federal.html:10TH CONGRESS:row-4 | il-candidate-details.csv:149,1
il-2026-03-17-house-10-regular-republican,2026,2026-03-17,primary,IL,House,10,regular,partisan_primary,Republican,CARL LAMBRECHT,/v/CG6IBPeIrm9enubQkEg==,Republican,False,18857,il-2026-primary-federal,https://www.elections.il.gov/electionoperations/ElectionVoteTotals.aspx?ID=Z2J%2FvYpKX8w%3D,a731c332c524a118b6935357da149001e3345153f1c35e53a9ee9157885558b8,il-2026-primary-federal.html:10TH CONGRESS:row-3 | il-candidate-details.csv:148,1
il-2026-03-17-house-11-regular-democratic,2026,2026-03-17,primary,IL,House,11,regular,partisan_primary,Democratic,BILL FOSTER,WYO2eqppn31fkpf1vFYxYQ==,Democratic,False,69637,il-2026-primary-federal,https://www.elections.il.gov/electionoperations/ElectionVoteTotals.aspx?ID=Z2J%2FvYpKX8w%3D,a731c332c524a118b6935357da149001e3345153f1c35e53a9ee9157885558b8,il-2026-primary-federal.html:11TH CONGRESS:row-2 | il-candidate-details.csv:150,1
il-2026-03-17-house-11-regular-republican,2026,2026-03-17,primary,IL,House,11,regular,partisan_primary,Republican,CHARLIE KIM,yvi/w9VV1RjaRZ7xjR2sbA==,Republican,False,4197,il-2026-primary-federal,https://www.elections.il.gov/electionoperations/ElectionVoteTotals.aspx?ID=Z2J%2FvYpKX8w%3D,a731c332c524a118b6935357da149001e3345153f1c35e53a9ee9157885558b8,il-2026-primary-federal.html:11TH CONGRESS:row-5 | il-candidate-details.csv:153,1
il-2026-03-17-house-11-regular-republican,2026,2026-03-17,primary,IL,House,11,regular,partisan_primary,Republican,JEFF WALTER,IQzjndNn/RXoBN9npf+awQ==,Republican,False,13877,il-2026-primary-federal,https://www.elections.il.gov/electionoperations/ElectionVoteTotals.aspx?ID=Z2J%2FvYpKX8w%3D,a731c332c524a118b6935357da149001e3345153f1c35e53a9ee9157885558b8,il-2026-primary-federal.html:11TH CONGRESS:row-3 | il-candidate-details.csv:151,1
il-2026-03-17-house-11-regular-republican,2026,2026-03-17,primary,IL,House,11,regular,partisan_primary,Republican,MICHAEL PIERCE,RLD9JhbLJTIdGdkC8xTcvw==,Republican,False,12653,il-2026-primary-federal,https://www.elections.il.gov/electionoperations/ElectionVoteTotals.aspx?ID=Z2J%2FvYpKX8w%3D,a731c332c524a118b6935357da149001e3345153f1c35e53a9ee9157885558b8,il-2026-primary-federal.html:11TH CONGRESS:row-4 | il-candidate-details.csv:152,1
il-2026-03-17-house-11-regular-republican,2026,2026-03-17,primary,IL,House,11,regular,partisan_primary,Republican,TEDORA BROWN,OEblGykQj/9uNuiLQ7lpfA==,Republican,False,1856,il-2026-primary-federal,https://www.elections.il.gov/electionoperations/ElectionVoteTotals.aspx?ID=Z2J%2FvYpKX8w%3D,a731c332c524a118b6935357da149001e3345153f1c35e53a9ee9157885558b8,il-2026-primary-federal.html:11TH CONGRESS:row-6 | il-candidate-details.csv:154,1
il-2026-03-17-house-12-regular-democratic,2026,2026-03-17,primary,IL,House,12,regular,partisan_primary,Democratic,JULIE FORTIER,w4xohwU2vhADEzoxLzybbA==,Democratic,False,26791,il-2026-primary-federal,https://www.elections.il.gov/electionoperations/ElectionVoteTotals.aspx?ID=Z2J%2FvYpKX8w%3D,a731c332c524a118b6935357da149001e3345153f1c35e53a9ee9157885558b8,il-2026-primary-federal.html:12TH CONGRESS:row-3 | il-candidate-details.csv:156,1
il-2026-03-17-house-12-regular-republican,2026,2026-03-17,primary,IL,House,12,regular,partisan_primary,Republican,MIKE BOST,ZnsQ9wbZUJpEjm9OyKeISQ==,Republican,False,81400,il-2026-primary-federal,https://www.elections.il.gov/electionoperations/ElectionVoteTotals.aspx?ID=Z2J%2FvYpKX8w%3D,a731c332c524a118b6935357da149001e3345153f1c35e53a9ee9157885558b8,il-2026-primary-federal.html:12TH CONGRESS:row-2 | il-candidate-details.csv:155,1
il-2026-03-17-house-13-regular-democratic,2026,2026-03-17,primary,IL,House,13,regular,partisan_primary,Democratic,DYLAN BLAHA,RlYz1eKIzbl7rvpqRwB03A==,Democratic,False,14850,il-2026-primary-federal,https://www.elections.il.gov/electionoperations/ElectionVoteTotals.aspx?ID=Z2J%2FvYpKX8w%3D,a731c332c524a118b6935357da149001e3345153f1c35e53a9ee9157885558b8,il-2026-primary-federal.html:13TH CONGRESS:row-4 | il-candidate-details.csv:159,1
il-2026-03-17-house-13-regular-democratic,2026,2026-03-17,primary,IL,House,13,regular,partisan_primary,Democratic,NIKKI BUDZINSKI,WYO2eqppn313AJe99kUM9g==,Democratic,False,44763,il-2026-primary-federal,https://www.elections.il.gov/electionoperations/ElectionVoteTotals.aspx?ID=Z2J%2FvYpKX8w%3D,a731c332c524a118b6935357da149001e3345153f1c35e53a9ee9157885558b8,il-2026-primary-federal.html:13TH CONGRESS:row-2 | il-candidate-details.csv:157,1
il-2026-03-17-house-13-regular-republican,2026,2026-03-17,primary,IL,House,13,regular,partisan_primary,Republican,JEFF WILSON,RzjyICFwA30lFRyfNaPX3g==,Republican,False,22291,il-2026-primary-federal,https://www.elections.il.gov/electionoperations/ElectionVoteTotals.aspx?ID=Z2J%2FvYpKX8w%3D,a731c332c524a118b6935357da149001e3345153f1c35e53a9ee9157885558b8,il-2026-primary-federal.html:13TH CONGRESS:row-3 | il-candidate-details.csv:158,1
il-2026-03-17-house-13-regular-republican,2026,2026-03-17,primary,IL,House,13,regular,partisan_primary,Republican,JOSHUA LOYD,QvfBwvGUY0pPkLykYMBcyg==,Republican,False,10733,il-2026-primary-federal,https://www.elections.il.gov/electionoperations/ElectionVoteTotals.aspx?ID=Z2J%2FvYpKX8w%3D,a731c332c524a118b6935357da149001e3345153f1c35e53a9ee9157885558b8,il-2026-primary-federal.html:13TH CONGRESS:row-5 | il-candidate-details.csv:160,1
il-2026-03-17-house-14-regular-democratic,2026,2026-03-17,primary,IL,House,14,regular,partisan_primary,Democratic,LAUREN UNDERWOOD,lvxI1oriDX9VvEyUDg1Vag==,Democratic,False,56414,il-2026-primary-federal,https://www.elections.il.gov/electionoperations/ElectionVoteTotals.aspx?ID=Z2J%2FvYpKX8w%3D,a731c332c524a118b6935357da149001e3345153f1c35e53a9ee9157885558b8,il-2026-primary-federal.html:14TH CONGRESS:row-2 | il-candidate-details.csv:161,1
il-2026-03-17-house-14-regular-republican,2026,2026-03-17,primary,IL,House,14,regular,partisan_primary,Republican,GARY VICIAN,viERqc9QlUFX3u2AyuI75A==,Republican,False,7794,il-2026-primary-federal,https://www.elections.il.gov/electionoperations/ElectionVoteTotals.aspx?ID=Z2J%2FvYpKX8w%3D,a731c332c524a118b6935357da149001e3345153f1c35e53a9ee9157885558b8,il-2026-primary-federal.html:14TH CONGRESS:row-4 | il-candidate-details.csv:163,1
il-2026-03-17-house-14-regular-republican,2026,2026-03-17,primary,IL,House,14,regular,partisan_primary,Republican,"JAMES T. ""JIM"" MARTER",ZnsQ9wbZUJofMU8D5yhbJA==,Republican,False,23312,il-2026-primary-federal,https://www.elections.il.gov/electionoperations/ElectionVoteTotals.aspx?ID=Z2J%2FvYpKX8w%3D,a731c332c524a118b6935357da149001e3345153f1c35e53a9ee9157885558b8,il-2026-primary-federal.html:14TH CONGRESS:row-3 | il-candidate-details.csv:162,1
il-2026-03-17-house-14-regular-republican,2026,2026-03-17,primary,IL,House,14,regular,partisan_primary,Republican,KRYSTAL DOREY,Ik2x2+Tx8vtv/U+e8qNLHA==,,True,8,il-2026-primary-federal,https://www.elections.il.gov/electionoperations/ElectionVoteTotals.aspx?ID=Z2J%2FvYpKX8w%3D,a731c332c524a118b6935357da149001e3345153f1c35e53a9ee9157885558b8,il-2026-primary-federal.html:14TH CONGRESS:row-5 | il-candidate-details.csv:164,1
il-2026-03-17-house-15-regular-democratic,2026,2026-03-17,primary,IL,House,15,regular,partisan_primary,Democratic,JENNIFER TODD,viERqc9QlUEqwVpc+eOkJA==,Democratic,False,13708,il-2026-primary-federal,https://www.elections.il.gov/electionoperations/ElectionVoteTotals.aspx?ID=Z2J%2FvYpKX8w%3D,a731c332c524a118b6935357da149001e3345153f1c35e53a9ee9157885558b8,il-2026-primary-federal.html:15TH CONGRESS:row-3 | il-candidate-details.csv:166,1
il-2026-03-17-house-15-regular-democratic,2026,2026-03-17,primary,IL,House,15,regular,partisan_primary,Democratic,KYLE NUDO,P6s1AvT8/9UoZCgJ1C+JJQ==,Democratic,False,2734,il-2026-primary-federal,https://www.elections.il.gov/electionoperations/ElectionVoteTotals.aspx?ID=Z2J%2FvYpKX8w%3D,a731c332c524a118b6935357da149001e3345153f1c35e53a9ee9157885558b8,il-2026-primary-federal.html:15TH CONGRESS:row-8 | il-candidate-details.csv:171,1
il-2026-03-17-house-15-regular-democratic,2026,2026-03-17,primary,IL,House,15,regular,partisan_primary,Democratic,PAUL DAVIS,ks9EtsV3wcchrjLLbvudDw==,Democratic,False,10117,il-2026-primary-federal,https://www.elections.il.gov/electionoperations/ElectionVoteTotals.aspx?ID=Z2J%2FvYpKX8w%3D,a731c332c524a118b6935357da149001e3345153f1c35e53a9ee9157885558b8,il-2026-primary-federal.html:15TH CONGRESS:row-6 | il-candidate-details.csv:169,1
il-2026-03-17-house-15-regular-democratic,2026,2026-03-17,primary,IL,House,15,regular,partisan_primary,Democratic,RANDY RALEY,ZnsQ9wbZUJqfBRGpJU5kvg==,Democratic,False,3422,il-2026-primary-federal,https://www.elections.il.gov/electionoperations/ElectionVoteTotals.aspx?ID=Z2J%2FvYpKX8w%3D,a731c332c524a118b6935357da149001e3345153f1c35e53a9ee9157885558b8,il-2026-primary-federal.html:15TH CONGRESS:row-7 | il-candidate-details.csv:170,1
il-2026-03-17-house-15-regular-republican,2026,2026-03-17,primary,IL,House,15,regular,partisan_primary,Republican,JUDY BOWLBY,ks9EtsV3wcfA3C07xnAJzQ==,Republican,False,10194,il-2026-primary-federal,https://www.elections.il.gov/electionoperations/ElectionVoteTotals.aspx?ID=Z2J%2FvYpKX8w%3D,a731c332c524a118b6935357da149001e3345153f1c35e53a9ee9157885558b8,il-2026-primary-federal.html:15TH CONGRESS:row-5 | il-candidate-details.csv:168,1
il-2026-03-17-house-15-regular-republican,2026,2026-03-17,primary,IL,House,15,regular,partisan_primary,Republican,MARY E. MILLER,ks9EtsV3wcfnN2GG5eiUkQ==,Republican,False,64855,il-2026-primary-federal,https://www.elections.il.gov/electionoperations/ElectionVoteTotals.aspx?ID=Z2J%2FvYpKX8w%3D,a731c332c524a118b6935357da149001e3345153f1c35e53a9ee9157885558b8,il-2026-primary-federal.html:15TH CONGRESS:row-2 | il-candidate-details.csv:165,1
il-2026-03-17-house-15-regular-republican,2026,2026-03-17,primary,IL,House,15,regular,partisan_primary,Republican,RYAN D. TEBRUGGE,ND+HiXtE05asz25mRoUf7A==,Republican,False,13045,il-2026-primary-federal,https://www.elections.il.gov/electionoperations/ElectionVoteTotals.aspx?ID=Z2J%2FvYpKX8w%3D,a731c332c524a118b6935357da149001e3345153f1c35e53a9ee9157885558b8,il-2026-primary-federal.html:15TH CONGRESS:row-4 | il-candidate-details.csv:167,1
il-2026-03-17-house-16-regular-democratic,2026,2026-03-17,primary,IL,House,16,regular,partisan_primary,Democratic,PAUL NOLLEY,69mvOBh4MTNus5pVJcq9uQ==,Democratic,False,38665,il-2026-primary-federal,https://www.elections.il.gov/electionoperations/ElectionVoteTotals.aspx?ID=Z2J%2FvYpKX8w%3D,a731c332c524a118b6935357da149001e3345153f1c35e53a9ee9157885558b8,il-2026-primary-federal.html:16TH CONGRESS:row-3 | il-candidate-details.csv:173,1
il-2026-03-17-house-16-regular-republican,2026,2026-03-17,primary,IL,House,16,regular,partisan_primary,Republican,DARIN LaHOOD,U1OuAcB9jyKtf78ooQPbWw==,Republican,False,52914,il-2026-primary-federal,https://www.elections.il.gov/electionoperations/ElectionVoteTotals.aspx?ID=Z2J%2FvYpKX8w%3D,a731c332c524a118b6935357da149001e3345153f1c35e53a9ee9157885558b8,il-2026-primary-federal.html:16TH CONGRESS:row-2 | il-candidate-details.csv:172,1
il-2026-03-17-house-16-regular-republican,2026,2026-03-17,primary,IL,House,16,regular,partisan_primary,Republican,JOHN KITOVER,Ik2x2+Tx8vs7AeVyz7ygiQ==,,True,110,il-2026-primary-federal,https://www.elections.il.gov/electionoperations/ElectionVoteTotals.aspx?ID=Z2J%2FvYpKX8w%3D,a731c332c524a118b6935357da149001e3345153f1c35e53a9ee9157885558b8,il-2026-primary-federal.html:16TH CONGRESS:row-4 | il-candidate-details.csv:174,1
il-2026-03-17-house-17-regular-democratic,2026,2026-03-17,primary,IL,House,17,regular,partisan_primary,Democratic,ERIC SORENSEN,wMqoDaUEtJpNITlNcCMEGA==,Democratic,False,47743,il-2026-primary-federal,https://www.elections.il.gov/electionoperations/ElectionVoteTotals.aspx?ID=Z2J%2FvYpKX8w%3D,a731c332c524a118b6935357da149001e3345153f1c35e53a9ee9157885558b8,il-2026-primary-federal.html:17TH CONGRESS:row-2 | il-candidate-details.csv:175,1
il-2026-03-17-house-17-regular-republican,2026,2026-03-17,primary,IL,House,17,regular,partisan_primary,Republican,DILLAN S. VANCIL,IvMCGbAV4J+kmzuYXI2IeA==,Republican,False,19535,il-2026-primary-federal,https://www.elections.il.gov/electionoperations/ElectionVoteTotals.aspx?ID=Z2J%2FvYpKX8w%3D,a731c332c524a118b6935357da149001e3345153f1c35e53a9ee9157885558b8,il-2026-primary-federal.html:17TH CONGRESS:row-3 | il-candidate-details.csv:176,1
il-2026-03-17-house-17-regular-republican,2026,2026-03-17,primary,IL,House,17,regular,partisan_primary,Republican,JULIE BICKELHAUPT,lvxI1oriDX8jLVq+7NVg5g==,Republican,False,13903,il-2026-primary-federal,https://www.elections.il.gov/electionoperations/ElectionVoteTotals.aspx?ID=Z2J%2FvYpKX8w%3D,a731c332c524a118b6935357da149001e3345153f1c35e53a9ee9157885558b8,il-2026-primary-federal.html:17TH CONGRESS:row-4 | il-candidate-details.csv:177,1
il-2026-03-17-senate-s-regular-democratic,2026,2026-03-17,primary,IL,Senate,S,regular,partisan_primary,Democratic,ADAM DELGADO,WoJ5H2ppOVYMl7IvZQunFw==,,True,75,il-2026-primary-federal,https://www.elections.il.gov/electionoperations/ElectionVoteTotals.aspx?ID=Z2J%2FvYpKX8w%3D,a731c332c524a118b6935357da149001e3345153f1c35e53a9ee9157885558b8,il-2026-primary-federal.html:UNITED STATES SENATOR:row-18 | il-candidate-details.csv:67,1
il-2026-03-17-senate-s-regular-democratic,2026,2026-03-17,primary,IL,Senate,S,regular,partisan_primary,Democratic,AWISI A. BUSTOS,OEblGykQj/+dYDi8bmi0Kw==,Democratic,False,8020,il-2026-primary-federal,https://www.elections.il.gov/electionoperations/ElectionVoteTotals.aspx?ID=Z2J%2FvYpKX8w%3D,a731c332c524a118b6935357da149001e3345153f1c35e53a9ee9157885558b8,il-2026-primary-federal.html:UNITED STATES SENATOR:row-14 | il-candidate-details.csv:63,1
il-2026-03-17-senate-s-regular-democratic,2026,2026-03-17,primary,IL,Senate,S,regular,partisan_primary,Democratic,BRYAN MAXWELL,IgcDkP/DQqyEu6Jj6cFj9w==,Democratic,False,10070,il-2026-primary-federal,https://www.elections.il.gov/electionoperations/ElectionVoteTotals.aspx?ID=Z2J%2FvYpKX8w%3D,a731c332c524a118b6935357da149001e3345153f1c35e53a9ee9157885558b8,il-2026-primary-federal.html:UNITED STATES SENATOR:row-12 | il-candidate-details.csv:61,1
il-2026-03-17-senate-s-regular-democratic,2026,2026-03-17,primary,IL,Senate,S,regular,partisan_primary,Democratic,CHRISTOPHER SWANN,5fAmAU1nLqnrRMUbOJl+sA==,Democratic,False,7896,il-2026-primary-federal,https://www.elections.il.gov/electionoperations/ElectionVoteTotals.aspx?ID=Z2J%2FvYpKX8w%3D,a731c332c524a118b6935357da149001e3345153f1c35e53a9ee9157885558b8,il-2026-primary-federal.html:UNITED STATES SENATOR:row-15 | il-candidate-details.csv:64,1
il-2026-03-17-senate-s-regular-democratic,2026,2026-03-17,primary,IL,Senate,S,regular,partisan_primary,Democratic,JONATHAN DEAN,o4GK79lBXbpiF8Tv9u5lVA==,Democratic,False,6762,il-2026-primary-federal,https://www.elections.il.gov/electionoperations/ElectionVoteTotals.aspx?ID=Z2J%2FvYpKX8w%3D,a731c332c524a118b6935357da149001e3345153f1c35e53a9ee9157885558b8,il-2026-primary-federal.html:UNITED STATES SENATOR:row-16 | il-candidate-details.csv:65,1
il-2026-03-17-senate-s-regular-democratic,2026,2026-03-17,primary,IL,Senate,S,regular,partisan_primary,Democratic,JULIANA STRATTON,JulK50xV8SrJO52CwHJJ6g==,Democratic,False,507689,il-2026-primary-federal,https://www.elections.il.gov/electionoperations/ElectionVoteTotals.aspx?ID=Z2J%2FvYpKX8w%3D,a731c332c524a118b6935357da149001e3345153f1c35e53a9ee9157885558b8,il-2026-primary-federal.html:UNITED STATES SENATOR:row-2 | il-candidate-details.csv:51,1
il-2026-03-17-senate-s-regular-democratic,2026,2026-03-17,primary,IL,Senate,S,regular,partisan_primary,Democratic,KEVIN RYAN,JjpaXkvD+lKYg5ryTubzHA==,Democratic,False,61914,il-2026-primary-federal,https://www.elections.il.gov/electionoperations/ElectionVoteTotals.aspx?ID=Z2J%2FvYpKX8w%3D,a731c332c524a118b6935357da149001e3345153f1c35e53a9ee9157885558b8,il-2026-primary-federal.html:UNITED STATES SENATOR:row-7 | il-candidate-details.csv:56,1
il-2026-03-17-senate-s-regular-democratic,2026,2026-03-17,primary,IL,Senate,S,regular,partisan_primary,Democratic,RAJA KRISHNAMOORTHI,IvMCGbAV4J8Sfbanxm1FUQ==,Democratic,False,411150,il-2026-primary-federal,https://www.elections.il.gov/electionoperations/ElectionVoteTotals.aspx?ID=Z2J%2FvYpKX8w%3D,a731c332c524a118b6935357da149001e3345153f1c35e53a9ee9157885558b8,il-2026-primary-federal.html:UNITED STATES SENATOR:row-3 | il-candidate-details.csv:52,1
il-2026-03-17-senate-s-regular-democratic,2026,2026-03-17,primary,IL,Senate,S,regular,partisan_primary,Democratic,ROBIN KELLY,eqwh+f8GfoNRGq7j0fGoYQ==,Democratic,False,229788,il-2026-primary-federal,https://www.elections.il.gov/electionoperations/ElectionVoteTotals.aspx?ID=Z2J%2FvYpKX8w%3D,a731c332c524a118b6935357da149001e3345153f1c35e53a9ee9157885558b8,il-2026-primary-federal.html:UNITED STATES SENATOR:row-4 | il-candidate-details.csv:53,1
il-2026-03-17-senate-s-regular-democratic,2026,2026-03-17,primary,IL,Senate,S,regular,partisan_primary,Democratic,SEAN BROWN,NC5y4RgVuEDSBYOqYo07Iw==,Democratic,False,8122,il-2026-primary-federal,https://www.elections.il.gov/electionoperations/ElectionVoteTotals.aspx?ID=Z2J%2FvYpKX8w%3D,a731c332c524a118b6935357da149001e3345153f1c35e53a9ee9157885558b8,il-2026-primary-federal.html:UNITED STATES SENATOR:row-13 | il-candidate-details.csv:62,1
il-2026-03-17-senate-s-regular-democratic,2026,2026-03-17,primary,IL,Senate,S,regular,partisan_primary,Democratic,STEVE BOTSFORD JR.,eqwh+f8GfoOYPIaOwECpdA==,Democratic,False,5411,il-2026-primary-federal,https://www.elections.il.gov/electionoperations/ElectionVoteTotals.aspx?ID=Z2J%2FvYpKX8w%3D,a731c332c524a118b6935357da149001e3345153f1c35e53a9ee9157885558b8,il-2026-primary-federal.html:UNITED STATES SENATOR:row-17 | il-candidate-details.csv:66,1
il-2026-03-17-senate-s-regular-republican,2026,2026-03-17,primary,IL,Senate,S,regular,partisan_primary,Republican,CASEY CHLEBEK,gSck5QNgUSISt2BbQIdjYA==,Republican,False,60222,il-2026-primary-federal,https://www.elections.il.gov/electionoperations/ElectionVoteTotals.aspx?ID=Z2J%2FvYpKX8w%3D,a731c332c524a118b6935357da149001e3345153f1c35e53a9ee9157885558b8,il-2026-primary-federal.html:UNITED STATES SENATOR:row-8 | il-candidate-details.csv:57,1
il-2026-03-17-senate-s-regular-republican,2026,2026-03-17,primary,IL,Senate,S,regular,partisan_primary,Republican,DON TRACY,wMqoDaUEtJomjS8f91guHA==,Republican,False,215523,il-2026-primary-federal,https://www.elections.il.gov/electionoperations/ElectionVoteTotals.aspx?ID=Z2J%2FvYpKX8w%3D,a731c332c524a118b6935357da149001e3345153f1c35e53a9ee9157885558b8,il-2026-primary-federal.html:UNITED STATES SENATOR:row-5 | il-candidate-details.csv:54,1
il-2026-03-17-senate-s-regular-republican,2026,2026-03-17,primary,IL,Senate,S,regular,partisan_primary,Republican,JEANNIE EVANS,P6s1AvT8/9XDdEbsmEQ3bA==,Republican,False,122840,il-2026-primary-federal,https://www.elections.il.gov/electionoperations/ElectionVoteTotals.aspx?ID=Z2J%2FvYpKX8w%3D,a731c332c524a118b6935357da149001e3345153f1c35e53a9ee9157885558b8,il-2026-primary-federal.html:UNITED STATES SENATOR:row-6 | il-candidate-details.csv:55,1
il-2026-03-17-senate-s-regular-republican,2026,2026-03-17,primary,IL,Senate,S,regular,partisan_primary,Republican,"JIMMY LEE TILLMAN, II",q/vlR7uRAdSOMuLkiQuevA==,Republican,False,30042,il-2026-primary-federal,https://www.elections.il.gov/electionoperations/ElectionVoteTotals.aspx?ID=Z2J%2FvYpKX8w%3D,a731c332c524a118b6935357da149001e3345153f1c35e53a9ee9157885558b8,il-2026-primary-federal.html:UNITED STATES SENATOR:row-11 | il-candidate-details.csv:60,1
il-2026-03-17-senate-s-regular-republican,2026,2026-03-17,primary,IL,Senate,S,regular,partisan_primary,Republican,MAXWELL RICE,VjgJnzzFN7qpFbn+0F66JQ==,,True,4,il-2026-primary-federal,https://www.elections.il.gov/electionoperations/ElectionVoteTotals.aspx?ID=Z2J%2FvYpKX8w%3D,a731c332c524a118b6935357da149001e3345153f1c35e53a9ee9157885558b8,il-2026-primary-federal.html:UNITED STATES SENATOR:row-19 | il-candidate-details.csv:68,1
il-2026-03-17-senate-s-regular-republican,2026,2026-03-17,primary,IL,Senate,S,regular,partisan_primary,Republican,PAMELA DENISE LONG,IgcDkP/DQqx2z/UJE16MoQ==,Republican,False,53810,il-2026-primary-federal,https://www.elections.il.gov/electionoperations/ElectionVoteTotals.aspx?ID=Z2J%2FvYpKX8w%3D,a731c332c524a118b6935357da149001e3345153f1c35e53a9ee9157885558b8,il-2026-primary-federal.html:UNITED STATES SENATOR:row-10 | il-candidate-details.csv:59,1
il-2026-03-17-senate-s-regular-republican,2026,2026-03-17,primary,IL,Senate,S,regular,partisan_primary,Republican,R. CARY CAPPARELLI,oAX+136ZgV6IuH8d0TUC9w==,Republican,False,56907,il-2026-primary-federal,https://www.elections.il.gov/electionoperations/ElectionVoteTotals.aspx?ID=Z2J%2FvYpKX8w%3D,a731c332c524a118b6935357da149001e3345153f1c35e53a9ee9157885558b8,il-2026-primary-federal.html:UNITED STATES SENATOR:row-9 | il-candidate-details.csv:58,1
