contest_id,cycle,election_date,stage,state_code,chamber,district,term,election_system,primary_party,candidate_name,candidate_source_id,party,write_in,votes,source_id,source_url,source_sha256,source_locators,reporting_units
mi-2024-08-06-house-01-regular-democratic,2024,2024-08-06,primary,MI,House,01,regular,partisan_primary,Democratic,BOB LORINSER,434098,Democratic,False,28936,mi-2024-primary-results,https://mvic.sos.state.mi.us/VoteHistory/GetElectionResultFile?electionId=698,95980757590860087e5498e37dc4c4c18b2c9d6d38e93443e0fddebdd56bca45,"mi-2024-primary-results.tsv:502,506,510,514,518,522,526,530,534,538,542,546,550,554,558,562,566,570,574,578,582,586,590,594,598,602,606,610,614,618,622,626,630,634,638,642",36
mi-2024-08-06-house-01-regular-democratic,2024,2024-08-06,primary,MI,House,01,regular,partisan_primary,Democratic,CALLIE BARR,452313,Democratic,False,40787,mi-2024-primary-results,https://mvic.sos.state.mi.us/VoteHistory/GetElectionResultFile?electionId=698,95980757590860087e5498e37dc4c4c18b2c9d6d38e93443e0fddebdd56bca45,"mi-2024-primary-results.tsv:504,508,512,516,520,524,528,532,536,540,544,548,552,556,560,564,568,572,576,580,584,588,592,596,600,604,608,612,616,620,624,628,632,636,640,644",36
mi-2024-08-06-house-01-regular-republican,2024,2024-08-06,primary,MI,House,01,regular,partisan_primary,Republican,JACK BERGMAN,434097,Republican,False,92498,mi-2024-primary-results,https://mvic.sos.state.mi.us/VoteHistory/GetElectionResultFile?electionId=698,95980757590860087e5498e37dc4c4c18b2c9d6d38e93443e0fddebdd56bca45,"mi-2024-primary-results.tsv:501,505,509,513,517,521,525,529,533,537,541,545,549,553,557,561,565,569,573,577,581,585,589,593,597,601,605,609,613,617,621,625,629,633,637,641",36
mi-2024-08-06-house-01-regular-republican,2024,2024-08-06,primary,MI,House,01,regular,partisan_primary,Republican,JOSH SAUL,452312,Republican,False,24155,mi-2024-primary-results,https://mvic.sos.state.mi.us/VoteHistory/GetElectionResultFile?electionId=698,95980757590860087e5498e37dc4c4c18b2c9d6d38e93443e0fddebdd56bca45,"mi-2024-primary-results.tsv:503,507,511,515,519,523,527,531,535,539,543,547,551,555,559,563,567,571,575,579,583,587,591,595,599,603,607,611,615,619,623,627,631,635,639,643",36
mi-2024-08-06-house-02-regular-democratic,2024,2024-08-06,primary,MI,House,02,regular,partisan_primary,Democratic,MICHAEL LYNCH,400303,Democratic,False,39503,mi-2024-primary-results,https://mvic.sos.state.mi.us/VoteHistory/GetElectionResultFile?electionId=698,95980757590860087e5498e37dc4c4c18b2c9d6d38e93443e0fddebdd56bca45,"mi-2024-primary-results.tsv:645,647,649,651,653,655,657,659,661,663,665,667,669,671,673,675,677,679,681,683",20
mi-2024-08-06-house-02-regular-republican,2024,2024-08-06,primary,MI,House,02,regular,partisan_primary,Republican,JOHN R. MOOLENAAR,452310,Republican,False,94937,mi-2024-primary-results,https://mvic.sos.state.mi.us/VoteHistory/GetElectionResultFile?electionId=698,95980757590860087e5498e37dc4c4c18b2c9d6d38e93443e0fddebdd56bca45,"mi-2024-primary-results.tsv:646,648,650,652,654,656,658,660,662,664,666,668,670,672,674,676,678,680,682,684",20
mi-2024-08-06-house-03-regular-democratic,2024,2024-08-06,primary,MI,House,03,regular,partisan_primary,Democratic,HILLARY SCHOLTEN,434114,Democratic,False,64546,mi-2024-primary-results,https://mvic.sos.state.mi.us/VoteHistory/GetElectionResultFile?electionId=698,95980757590860087e5498e37dc4c4c18b2c9d6d38e93443e0fddebdd56bca45,"mi-2024-primary-results.tsv:685,689,693",3
mi-2024-08-06-house-03-regular-democratic,2024,2024-08-06,primary,MI,House,03,regular,partisan_primary,Democratic,SALIM AL-SHATEL,452309,Democratic,False,6665,mi-2024-primary-results,https://mvic.sos.state.mi.us/VoteHistory/GetElectionResultFile?electionId=698,95980757590860087e5498e37dc4c4c18b2c9d6d38e93443e0fddebdd56bca45,"mi-2024-primary-results.tsv:688,692,696",3
mi-2024-08-06-house-03-regular-republican,2024,2024-08-06,primary,MI,House,03,regular,partisan_primary,Republican,"MICHAEL J. MARKEY, JR.",452308,Republican,False,32678,mi-2024-primary-results,https://mvic.sos.state.mi.us/VoteHistory/GetElectionResultFile?electionId=698,95980757590860087e5498e37dc4c4c18b2c9d6d38e93443e0fddebdd56bca45,"mi-2024-primary-results.tsv:687,691,695",3
mi-2024-08-06-house-03-regular-republican,2024,2024-08-06,primary,MI,House,03,regular,partisan_primary,Republican,PAUL HUDSON,436087,Republican,False,39410,mi-2024-primary-results,https://mvic.sos.state.mi.us/VoteHistory/GetElectionResultFile?electionId=698,95980757590860087e5498e37dc4c4c18b2c9d6d38e93443e0fddebdd56bca45,"mi-2024-primary-results.tsv:686,690,694",3
mi-2024-08-06-house-04-regular-democratic,2024,2024-08-06,primary,MI,House,04,regular,partisan_primary,Democratic,JESSICA SWARTZ,417747,Democratic,False,49169,mi-2024-primary-results,https://mvic.sos.state.mi.us/VoteHistory/GetElectionResultFile?electionId=698,95980757590860087e5498e37dc4c4c18b2c9d6d38e93443e0fddebdd56bca45,"mi-2024-primary-results.tsv:697,700,703,706,709,712",6
mi-2024-08-06-house-04-regular-republican,2024,2024-08-06,primary,MI,House,04,regular,partisan_primary,Republican,BILL HUIZENGA,434136,Republican,False,67749,mi-2024-primary-results,https://mvic.sos.state.mi.us/VoteHistory/GetElectionResultFile?electionId=698,95980757590860087e5498e37dc4c4c18b2c9d6d38e93443e0fddebdd56bca45,"mi-2024-primary-results.tsv:698,701,704,707,710,713",6
mi-2024-08-06-house-04-regular-republican,2024,2024-08-06,primary,MI,House,04,regular,partisan_primary,Republican,BRENDAN MUIR,452307,Republican,False,24580,mi-2024-primary-results,https://mvic.sos.state.mi.us/VoteHistory/GetElectionResultFile?electionId=698,95980757590860087e5498e37dc4c4c18b2c9d6d38e93443e0fddebdd56bca45,"mi-2024-primary-results.tsv:699,702,705,708,711,714",6
mi-2024-08-06-house-05-regular-democratic,2024,2024-08-06,primary,MI,House,05,regular,partisan_primary,Democratic,LIBBI URBAN,452320,Democratic,False,36087,mi-2024-primary-results,https://mvic.sos.state.mi.us/VoteHistory/GetElectionResultFile?electionId=698,95980757590860087e5498e37dc4c4c18b2c9d6d38e93443e0fddebdd56bca45,"mi-2024-primary-results.tsv:716,718,720,722,724,726,728,730,732,734",10
mi-2024-08-06-house-05-regular-republican,2024,2024-08-06,primary,MI,House,05,regular,partisan_primary,Republican,TIM WALBERG,434132,Republican,False,81651,mi-2024-primary-results,https://mvic.sos.state.mi.us/VoteHistory/GetElectionResultFile?electionId=698,95980757590860087e5498e37dc4c4c18b2c9d6d38e93443e0fddebdd56bca45,"mi-2024-primary-results.tsv:715,717,719,721,723,725,727,729,731,733",10
mi-2024-08-06-house-06-regular-democratic,2024,2024-08-06,primary,MI,House,06,regular,partisan_primary,Democratic,DEBBIE DINGELL,434129,Democratic,False,101234,mi-2024-primary-results,https://mvic.sos.state.mi.us/VoteHistory/GetElectionResultFile?electionId=698,95980757590860087e5498e37dc4c4c18b2c9d6d38e93443e0fddebdd56bca45,"mi-2024-primary-results.tsv:735,737,739,741",4
mi-2024-08-06-house-06-regular-republican,2024,2024-08-06,primary,MI,House,06,regular,partisan_primary,Republican,HEATHER SMILEY,438578,Republican,False,37178,mi-2024-primary-results,https://mvic.sos.state.mi.us/VoteHistory/GetElectionResultFile?electionId=698,95980757590860087e5498e37dc4c4c18b2c9d6d38e93443e0fddebdd56bca45,"mi-2024-primary-results.tsv:736,738,740,742",4
mi-2024-08-06-house-07-regular-democratic,2024,2024-08-06,primary,MI,House,07,regular,partisan_primary,Democratic,CURTIS HERTEL,452306,Democratic,False,72083,mi-2024-primary-results,https://mvic.sos.state.mi.us/VoteHistory/GetElectionResultFile?electionId=698,95980757590860087e5498e37dc4c4c18b2c9d6d38e93443e0fddebdd56bca45,"mi-2024-primary-results.tsv:744,746,748,750,752,754,756",7
mi-2024-08-06-house-07-regular-republican,2024,2024-08-06,primary,MI,House,07,regular,partisan_primary,Republican,TOM BARRETT,434126,Republican,False,63399,mi-2024-primary-results,https://mvic.sos.state.mi.us/VoteHistory/GetElectionResultFile?electionId=698,95980757590860087e5498e37dc4c4c18b2c9d6d38e93443e0fddebdd56bca45,"mi-2024-primary-results.tsv:743,745,747,749,751,753,755",7
mi-2024-08-06-house-08-regular-democratic,2024,2024-08-06,primary,MI,House,08,regular,partisan_primary,Democratic,KRISTEN MCDONALD RIVET,434224,Democratic,False,43393,mi-2024-primary-results,https://mvic.sos.state.mi.us/VoteHistory/GetElectionResultFile?electionId=698,95980757590860087e5498e37dc4c4c18b2c9d6d38e93443e0fddebdd56bca45,"mi-2024-primary-results.tsv:758,764,770,776,782",5
mi-2024-08-06-house-08-regular-democratic,2024,2024-08-06,primary,MI,House,08,regular,partisan_primary,Democratic,MATT COLLIER,452304,Democratic,False,21482,mi-2024-primary-results,https://mvic.sos.state.mi.us/VoteHistory/GetElectionResultFile?electionId=698,95980757590860087e5498e37dc4c4c18b2c9d6d38e93443e0fddebdd56bca45,"mi-2024-primary-results.tsv:762,768,774,780,786",5
mi-2024-08-06-house-08-regular-democratic,2024,2024-08-06,primary,MI,House,08,regular,partisan_primary,Democratic,PAMELA PUGH,436100,Democratic,False,16525,mi-2024-primary-results,https://mvic.sos.state.mi.us/VoteHistory/GetElectionResultFile?electionId=698,95980757590860087e5498e37dc4c4c18b2c9d6d38e93443e0fddebdd56bca45,"mi-2024-primary-results.tsv:759,765,771,777,783",5
mi-2024-08-06-house-08-regular-republican,2024,2024-08-06,primary,MI,House,08,regular,partisan_primary,Republican,ANTHONY J. HUDSON,446775,Republican,False,5851,mi-2024-primary-results,https://mvic.sos.state.mi.us/VoteHistory/GetElectionResultFile?electionId=698,95980757590860087e5498e37dc4c4c18b2c9d6d38e93443e0fddebdd56bca45,"mi-2024-primary-results.tsv:760,766,772,778,784",5
mi-2024-08-06-house-08-regular-republican,2024,2024-08-06,primary,MI,House,08,regular,partisan_primary,Republican,MARY DRAVES,448726,Republican,False,8688,mi-2024-primary-results,https://mvic.sos.state.mi.us/VoteHistory/GetElectionResultFile?electionId=698,95980757590860087e5498e37dc4c4c18b2c9d6d38e93443e0fddebdd56bca45,"mi-2024-primary-results.tsv:761,767,773,779,785",5
mi-2024-08-06-house-08-regular-republican,2024,2024-08-06,primary,MI,House,08,regular,partisan_primary,Republican,PAUL JUNGE,434123,Republican,False,43204,mi-2024-primary-results,https://mvic.sos.state.mi.us/VoteHistory/GetElectionResultFile?electionId=698,95980757590860087e5498e37dc4c4c18b2c9d6d38e93443e0fddebdd56bca45,"mi-2024-primary-results.tsv:757,763,769,775,781",5
mi-2024-08-06-house-09-regular-democratic,2024,2024-08-06,primary,MI,House,09,regular,partisan_primary,Democratic,CLINTON ST MOSLEY,452303,Democratic,False,41492,mi-2024-primary-results,https://mvic.sos.state.mi.us/VoteHistory/GetElectionResultFile?electionId=698,95980757590860087e5498e37dc4c4c18b2c9d6d38e93443e0fddebdd56bca45,"mi-2024-primary-results.tsv:788,790,792,794,796,798,800",7
mi-2024-08-06-house-09-regular-republican,2024,2024-08-06,primary,MI,House,09,regular,partisan_primary,Republican,LISA MCCLAIN,434119,Republican,False,97611,mi-2024-primary-results,https://mvic.sos.state.mi.us/VoteHistory/GetElectionResultFile?electionId=698,95980757590860087e5498e37dc4c4c18b2c9d6d38e93443e0fddebdd56bca45,"mi-2024-primary-results.tsv:787,789,791,793,795,797,799",7
mi-2024-08-06-house-10-regular-democratic,2024,2024-08-06,primary,MI,House,10,regular,partisan_primary,Democratic,CARL J. MARLINGA,434092,Democratic,False,32561,mi-2024-primary-results,https://mvic.sos.state.mi.us/VoteHistory/GetElectionResultFile?electionId=698,95980757590860087e5498e37dc4c4c18b2c9d6d38e93443e0fddebdd56bca45,"mi-2024-primary-results.tsv:804,810",2
mi-2024-08-06-house-10-regular-democratic,2024,2024-08-06,primary,MI,House,10,regular,partisan_primary,Democratic,DIANE YOUNG,368933,Democratic,False,16282,mi-2024-primary-results,https://mvic.sos.state.mi.us/VoteHistory/GetElectionResultFile?electionId=698,95980757590860087e5498e37dc4c4c18b2c9d6d38e93443e0fddebdd56bca45,"mi-2024-primary-results.tsv:802,808",2
mi-2024-08-06-house-10-regular-democratic,2024,2024-08-06,primary,MI,House,10,regular,partisan_primary,Democratic,EMILY BUSCH,452302,Democratic,False,8541,mi-2024-primary-results,https://mvic.sos.state.mi.us/VoteHistory/GetElectionResultFile?electionId=698,95980757590860087e5498e37dc4c4c18b2c9d6d38e93443e0fddebdd56bca45,"mi-2024-primary-results.tsv:805,811",2
mi-2024-08-06-house-10-regular-democratic,2024,2024-08-06,primary,MI,House,10,regular,partisan_primary,Democratic,TIFFANY TILLEY,278776,Democratic,False,8861,mi-2024-primary-results,https://mvic.sos.state.mi.us/VoteHistory/GetElectionResultFile?electionId=698,95980757590860087e5498e37dc4c4c18b2c9d6d38e93443e0fddebdd56bca45,"mi-2024-primary-results.tsv:801,807",2
mi-2024-08-06-house-10-regular-democratic,2024,2024-08-06,primary,MI,House,10,regular,partisan_primary,Democratic,WRITE-IN,464568,,True,464,mi-2024-primary-results,https://mvic.sos.state.mi.us/VoteHistory/GetElectionResultFile?electionId=698,95980757590860087e5498e37dc4c4c18b2c9d6d38e93443e0fddebdd56bca45,"mi-2024-primary-results.tsv:806,812",2
mi-2024-08-06-house-10-regular-republican,2024,2024-08-06,primary,MI,House,10,regular,partisan_primary,Republican,JOHN JAMES,434091,Republican,False,52871,mi-2024-primary-results,https://mvic.sos.state.mi.us/VoteHistory/GetElectionResultFile?electionId=698,95980757590860087e5498e37dc4c4c18b2c9d6d38e93443e0fddebdd56bca45,"mi-2024-primary-results.tsv:803,809",2
mi-2024-08-06-house-11-regular-democratic,2024,2024-08-06,primary,MI,House,11,regular,partisan_primary,Democratic,AHMED GHANIM,452301,Democratic,False,12391,mi-2024-primary-results,https://mvic.sos.state.mi.us/VoteHistory/GetElectionResultFile?electionId=698,95980757590860087e5498e37dc4c4c18b2c9d6d38e93443e0fddebdd56bca45,mi-2024-primary-results.tsv:816,1
mi-2024-08-06-house-11-regular-democratic,2024,2024-08-06,primary,MI,House,11,regular,partisan_primary,Democratic,HALEY STEVENS,434064,Democratic,False,83571,mi-2024-primary-results,https://mvic.sos.state.mi.us/VoteHistory/GetElectionResultFile?electionId=698,95980757590860087e5498e37dc4c4c18b2c9d6d38e93443e0fddebdd56bca45,mi-2024-primary-results.tsv:813,1
mi-2024-08-06-house-11-regular-republican,2024,2024-08-06,primary,MI,House,11,regular,partisan_primary,Republican,CHARLES FRANGIE,452300,Republican,False,15755,mi-2024-primary-results,https://mvic.sos.state.mi.us/VoteHistory/GetElectionResultFile?electionId=698,95980757590860087e5498e37dc4c4c18b2c9d6d38e93443e0fddebdd56bca45,mi-2024-primary-results.tsv:815,1
mi-2024-08-06-house-11-regular-republican,2024,2024-08-06,primary,MI,House,11,regular,partisan_primary,Republican,NICK SOMBERG,452299,Republican,False,24222,mi-2024-primary-results,https://mvic.sos.state.mi.us/VoteHistory/GetElectionResultFile?electionId=698,95980757590860087e5498e37dc4c4c18b2c9d6d38e93443e0fddebdd56bca45,mi-2024-primary-results.tsv:814,1
mi-2024-08-06-house-12-regular-democratic,2024,2024-08-06,primary,MI,House,12,regular,partisan_primary,Democratic,RASHIDA TLAIB,434062,Democratic,False,84138,mi-2024-primary-results,https://mvic.sos.state.mi.us/VoteHistory/GetElectionResultFile?electionId=698,95980757590860087e5498e37dc4c4c18b2c9d6d38e93443e0fddebdd56bca45,"mi-2024-primary-results.tsv:819,823",2
mi-2024-08-06-house-12-regular-democratic,2024,2024-08-06,primary,MI,House,12,regular,partisan_primary,Democratic,WRITE-IN,464569,,True,108,mi-2024-primary-results,https://mvic.sos.state.mi.us/VoteHistory/GetElectionResultFile?electionId=698,95980757590860087e5498e37dc4c4c18b2c9d6d38e93443e0fddebdd56bca45,"mi-2024-primary-results.tsv:820,824",2
mi-2024-08-06-house-12-regular-republican,2024,2024-08-06,primary,MI,House,12,regular,partisan_primary,Republican,JAMES D. HOOPER,416351,Republican,False,12001,mi-2024-primary-results,https://mvic.sos.state.mi.us/VoteHistory/GetElectionResultFile?electionId=698,95980757590860087e5498e37dc4c4c18b2c9d6d38e93443e0fddebdd56bca45,"mi-2024-primary-results.tsv:818,822",2
mi-2024-08-06-house-12-regular-republican,2024,2024-08-06,primary,MI,House,12,regular,partisan_primary,Republican,LINDA SAWYER,366496,Republican,False,7828,mi-2024-primary-results,https://mvic.sos.state.mi.us/VoteHistory/GetElectionResultFile?electionId=698,95980757590860087e5498e37dc4c4c18b2c9d6d38e93443e0fddebdd56bca45,"mi-2024-primary-results.tsv:817,821",2
mi-2024-08-06-house-13-regular-democratic,2024,2024-08-06,primary,MI,House,13,regular,partisan_primary,Democratic,MARY WATERS,415741,Democratic,False,27408,mi-2024-primary-results,https://mvic.sos.state.mi.us/VoteHistory/GetElectionResultFile?electionId=698,95980757590860087e5498e37dc4c4c18b2c9d6d38e93443e0fddebdd56bca45,mi-2024-primary-results.tsv:826,1
mi-2024-08-06-house-13-regular-democratic,2024,2024-08-06,primary,MI,House,13,regular,partisan_primary,Democratic,SHAKIRA LYNN HAWKINS,399732,Democratic,False,9171,mi-2024-primary-results,https://mvic.sos.state.mi.us/VoteHistory/GetElectionResultFile?electionId=698,95980757590860087e5498e37dc4c4c18b2c9d6d38e93443e0fddebdd56bca45,mi-2024-primary-results.tsv:825,1
mi-2024-08-06-house-13-regular-democratic,2024,2024-08-06,primary,MI,House,13,regular,partisan_primary,Democratic,SHRI THANEDAR,416989,Democratic,False,44546,mi-2024-primary-results,https://mvic.sos.state.mi.us/VoteHistory/GetElectionResultFile?electionId=698,95980757590860087e5498e37dc4c4c18b2c9d6d38e93443e0fddebdd56bca45,mi-2024-primary-results.tsv:827,1
mi-2024-08-06-house-13-regular-republican,2024,2024-08-06,primary,MI,House,13,regular,partisan_primary,Republican,MARTELL D. BIVINGS,434603,Republican,False,13419,mi-2024-primary-results,https://mvic.sos.state.mi.us/VoteHistory/GetElectionResultFile?electionId=698,95980757590860087e5498e37dc4c4c18b2c9d6d38e93443e0fddebdd56bca45,mi-2024-primary-results.tsv:828,1
mi-2024-08-06-senate-s-regular-democratic,2024,2024-08-06,primary,MI,Senate,S,regular,partisan_primary,Democratic,ELISSA SLOTKIN,434127,Democratic,False,712791,mi-2024-primary-results,https://mvic.sos.state.mi.us/VoteHistory/GetElectionResultFile?electionId=698,95980757590860087e5498e37dc4c4c18b2c9d6d38e93443e0fddebdd56bca45,"mi-2024-primary-results.tsv:6,12,18,24,30,36,42,48,54,60,66,72,78,84,90,96,102,108,114,120,126,132,138,144,150,156,162,168,174,180,186,192,198,204,210,216,222,228,234,240,246,252,258,264,270,276,282,288,294,300,306,312,318,324,330,336,342,348,354,360,366,372,378,384,390,396,402,408,414,420,426,432,438,444,450,456,462,468,474,480,486,492,498",83
mi-2024-08-06-senate-s-regular-democratic,2024,2024-08-06,primary,MI,Senate,S,regular,partisan_primary,Democratic,HILL HARPER,452314,Democratic,False,221053,mi-2024-primary-results,https://mvic.sos.state.mi.us/VoteHistory/GetElectionResultFile?electionId=698,95980757590860087e5498e37dc4c4c18b2c9d6d38e93443e0fddebdd56bca45,"mi-2024-primary-results.tsv:7,13,19,25,31,37,43,49,55,61,67,73,79,85,91,97,103,109,115,121,127,133,139,145,151,157,163,169,175,181,187,193,199,205,211,217,223,229,235,241,247,253,259,265,271,277,283,289,295,301,307,313,319,325,331,337,343,349,355,361,367,373,379,385,391,397,403,409,415,421,427,433,439,445,451,457,463,469,475,481,487,493,499",83
mi-2024-08-06-senate-s-regular-republican,2024,2024-08-06,primary,MI,Senate,S,regular,partisan_primary,Republican,JUSTIN AMASH,277920,Republican,False,137565,mi-2024-primary-results,https://mvic.sos.state.mi.us/VoteHistory/GetElectionResultFile?electionId=698,95980757590860087e5498e37dc4c4c18b2c9d6d38e93443e0fddebdd56bca45,"mi-2024-primary-results.tsv:4,10,16,22,28,34,40,46,52,58,64,70,76,82,88,94,100,106,112,118,124,130,136,142,148,154,160,166,172,178,184,190,196,202,208,214,220,226,232,238,244,250,256,262,268,274,280,286,292,298,304,310,316,322,328,334,340,346,352,358,364,370,376,382,388,394,400,406,412,418,424,430,436,442,448,454,460,466,472,478,484,490,496",83
mi-2024-08-06-senate-s-regular-republican,2024,2024-08-06,primary,MI,Senate,S,regular,partisan_primary,Republican,MIKE ROGERS,460388,Republican,False,555766,mi-2024-primary-results,https://mvic.sos.state.mi.us/VoteHistory/GetElectionResultFile?electionId=698,95980757590860087e5498e37dc4c4c18b2c9d6d38e93443e0fddebdd56bca45,"mi-2024-primary-results.tsv:8,14,20,26,32,38,44,50,56,62,68,74,80,86,92,98,104,110,116,122,128,134,140,146,152,158,164,170,176,182,188,194,200,206,212,218,224,230,236,242,248,254,260,266,272,278,284,290,296,302,308,314,320,326,332,338,344,350,356,362,368,374,380,386,392,398,404,410,416,422,428,434,440,446,452,458,464,470,476,482,488,494,500",83
mi-2024-08-06-senate-s-regular-republican,2024,2024-08-06,primary,MI,Senate,S,regular,partisan_primary,Republican,SANDY PENSLER,199188,Republican,False,79772,mi-2024-primary-results,https://mvic.sos.state.mi.us/VoteHistory/GetElectionResultFile?electionId=698,95980757590860087e5498e37dc4c4c18b2c9d6d38e93443e0fddebdd56bca45,"mi-2024-primary-results.tsv:3,9,15,21,27,33,39,45,51,57,63,69,75,81,87,93,99,105,111,117,123,129,135,141,147,153,159,165,171,177,183,189,195,201,207,213,219,225,231,237,243,249,255,261,267,273,279,285,291,297,303,309,315,321,327,333,339,345,351,357,363,369,375,381,387,393,399,405,411,417,423,429,435,441,447,453,459,465,471,477,483,489,495",83
mi-2024-08-06-senate-s-regular-republican,2024,2024-08-06,primary,MI,Senate,S,regular,partisan_primary,Republican,SHERRY O'DONNELL,399437,Republican,False,106466,mi-2024-primary-results,https://mvic.sos.state.mi.us/VoteHistory/GetElectionResultFile?electionId=698,95980757590860087e5498e37dc4c4c18b2c9d6d38e93443e0fddebdd56bca45,"mi-2024-primary-results.tsv:5,11,17,23,29,35,41,47,53,59,65,71,77,83,89,95,101,107,113,119,125,131,137,143,149,155,161,167,173,179,185,191,197,203,209,215,221,227,233,239,245,251,257,263,269,275,281,287,293,299,305,311,317,323,329,335,341,347,353,359,365,371,377,383,389,395,401,407,413,419,425,431,437,443,449,455,461,467,473,479,485,491,497",83
ny-2024-06-25-house-01-regular-democratic,2024,2024-06-25,primary,NY,House,01,regular,partisan_primary,Democratic,John P Avlon,suffolk-2024-06-25-01-john-p-avlon,Democratic,False,19383,suffolk-2024-cd01-dem,https://apps2.suffolkcountyny.gov/boe/eleres/24pe/DEMs.htm,90355b218eba14ff5bda96a666986eeb39b93e1d2c3060ad4f1eee08d7a75709,suffolk-2024-primary-democratic.html:candidate-row-1,1
ny-2024-06-25-house-01-regular-democratic,2024,2024-06-25,primary,NY,House,01,regular,partisan_primary,Democratic,Nancy S Goroff,suffolk-2024-06-25-01-nancy-s-goroff,Democratic,False,8253,suffolk-2024-cd01-dem,https://apps2.suffolkcountyny.gov/boe/eleres/24pe/DEMs.htm,90355b218eba14ff5bda96a666986eeb39b93e1d2c3060ad4f1eee08d7a75709,suffolk-2024-primary-democratic.html:candidate-row-2,1
ny-2024-06-25-house-10-regular-democratic,2024,2024-06-25,primary,NY,House,10,regular,partisan_primary,Democratic,AARON KOFFMAN,nyc-2024-06-25-10-democratic-194-aaron-koffman,,True,1,nyc-2024-cd10-dem,https://www.vote.nyc/sites/default/files/pdf/election_results/2024/20240625Primary%20Election/01001900010Crossover%20Democratic%20Representative%20in%20Congress%2010th%20Congressional%20District%20Recap.csv,52b9aa19e0b800822a584430f368dd9f01b18b6e38180a8009be4524f3d7f3b7,nyc-2024-01001900010Crossover_Democratic_Representative_in_Congress_10th_Congressional_District_Recap.csv:194,2
ny-2024-06-25-house-10-regular-democratic,2024,2024-06-25,primary,NY,House,10,regular,partisan_primary,Democratic,ABU AMMAR,nyc-2024-06-25-10-democratic-195-abu-ammar,,True,1,nyc-2024-cd10-dem,https://www.vote.nyc/sites/default/files/pdf/election_results/2024/20240625Primary%20Election/01001900010Crossover%20Democratic%20Representative%20in%20Congress%2010th%20Congressional%20District%20Recap.csv,52b9aa19e0b800822a584430f368dd9f01b18b6e38180a8009be4524f3d7f3b7,nyc-2024-01001900010Crossover_Democratic_Representative_in_Congress_10th_Congressional_District_Recap.csv:195,2
ny-2024-06-25-house-10-regular-democratic,2024,2024-06-25,primary,NY,House,10,regular,partisan_primary,Democratic,ADAM GAZA,nyc-2024-06-25-10-democratic-196-adam-gaza,,True,2,nyc-2024-cd10-dem,https://www.vote.nyc/sites/default/files/pdf/election_results/2024/20240625Primary%20Election/01001900010Crossover%20Democratic%20Representative%20in%20Congress%2010th%20Congressional%20District%20Recap.csv,52b9aa19e0b800822a584430f368dd9f01b18b6e38180a8009be4524f3d7f3b7,nyc-2024-01001900010Crossover_Democratic_Representative_in_Congress_10th_Congressional_District_Recap.csv:196,2
ny-2024-06-25-house-10-regular-democratic,2024,2024-06-25,primary,NY,House,10,regular,partisan_primary,Democratic,ADAM GRUMBACKA,nyc-2024-06-25-10-democratic-197-adam-grumbacka,,True,1,nyc-2024-cd10-dem,https://www.vote.nyc/sites/default/files/pdf/election_results/2024/20240625Primary%20Election/01001900010Crossover%20Democratic%20Representative%20in%20Congress%2010th%20Congressional%20District%20Recap.csv,52b9aa19e0b800822a584430f368dd9f01b18b6e38180a8009be4524f3d7f3b7,nyc-2024-01001900010Crossover_Democratic_Representative_in_Congress_10th_Congressional_District_Recap.csv:197,2
ny-2024-06-25-house-10-regular-democratic,2024,2024-06-25,primary,NY,House,10,regular,partisan_primary,Democratic,AL ALSTON,nyc-2024-06-25-10-democratic-198-al-alston,,True,1,nyc-2024-cd10-dem,https://www.vote.nyc/sites/default/files/pdf/election_results/2024/20240625Primary%20Election/01001900010Crossover%20Democratic%20Representative%20in%20Congress%2010th%20Congressional%20District%20Recap.csv,52b9aa19e0b800822a584430f368dd9f01b18b6e38180a8009be4524f3d7f3b7,nyc-2024-01001900010Crossover_Democratic_Representative_in_Congress_10th_Congressional_District_Recap.csv:198,2
ny-2024-06-25-house-10-regular-democratic,2024,2024-06-25,primary,NY,House,10,regular,partisan_primary,Democratic,ALEX ZHANG,nyc-2024-06-25-10-democratic-199-alex-zhang,,True,1,nyc-2024-cd10-dem,https://www.vote.nyc/sites/default/files/pdf/election_results/2024/20240625Primary%20Election/01001900010Crossover%20Democratic%20Representative%20in%20Congress%2010th%20Congressional%20District%20Recap.csv,52b9aa19e0b800822a584430f368dd9f01b18b6e38180a8009be4524f3d7f3b7,nyc-2024-01001900010Crossover_Democratic_Representative_in_Congress_10th_Congressional_District_Recap.csv:199,2
ny-2024-06-25-house-10-regular-democratic,2024,2024-06-25,primary,NY,House,10,regular,partisan_primary,Democratic,ALEXA AVILES,nyc-2024-06-25-10-democratic-200-alexa-aviles,,True,4,nyc-2024-cd10-dem,https://www.vote.nyc/sites/default/files/pdf/election_results/2024/20240625Primary%20Election/01001900010Crossover%20Democratic%20Representative%20in%20Congress%2010th%20Congressional%20District%20Recap.csv,52b9aa19e0b800822a584430f368dd9f01b18b6e38180a8009be4524f3d7f3b7,nyc-2024-01001900010Crossover_Democratic_Representative_in_Congress_10th_Congressional_District_Recap.csv:200,2
ny-2024-06-25-house-10-regular-democratic,2024,2024-06-25,primary,NY,House,10,regular,partisan_primary,Democratic,AMEYA BIRADAVOLU,nyc-2024-06-25-10-democratic-201-ameya-biradavolu,,True,1,nyc-2024-cd10-dem,https://www.vote.nyc/sites/default/files/pdf/election_results/2024/20240625Primary%20Election/01001900010Crossover%20Democratic%20Representative%20in%20Congress%2010th%20Congressional%20District%20Recap.csv,52b9aa19e0b800822a584430f368dd9f01b18b6e38180a8009be4524f3d7f3b7,nyc-2024-01001900010Crossover_Democratic_Representative_in_Congress_10th_Congressional_District_Recap.csv:201,2
ny-2024-06-25-house-10-regular-democratic,2024,2024-06-25,primary,NY,House,10,regular,partisan_primary,Democratic,AMY PLUMB OPPENHEIMER,nyc-2024-06-25-10-democratic-202-amy-plumb-oppenheimer,,True,1,nyc-2024-cd10-dem,https://www.vote.nyc/sites/default/files/pdf/election_results/2024/20240625Primary%20Election/01001900010Crossover%20Democratic%20Representative%20in%20Congress%2010th%20Congressional%20District%20Recap.csv,52b9aa19e0b800822a584430f368dd9f01b18b6e38180a8009be4524f3d7f3b7,nyc-2024-01001900010Crossover_Democratic_Representative_in_Congress_10th_Congressional_District_Recap.csv:202,2
ny-2024-06-25-house-10-regular-democratic,2024,2024-06-25,primary,NY,House,10,regular,partisan_primary,Democratic,ANTHONY PONZIO,nyc-2024-06-25-10-democratic-203-anthony-ponzio,,True,1,nyc-2024-cd10-dem,https://www.vote.nyc/sites/default/files/pdf/election_results/2024/20240625Primary%20Election/01001900010Crossover%20Democratic%20Representative%20in%20Congress%2010th%20Congressional%20District%20Recap.csv,52b9aa19e0b800822a584430f368dd9f01b18b6e38180a8009be4524f3d7f3b7,nyc-2024-01001900010Crossover_Democratic_Representative_in_Congress_10th_Congressional_District_Recap.csv:203,2
ny-2024-06-25-house-10-regular-democratic,2024,2024-06-25,primary,NY,House,10,regular,partisan_primary,Democratic,BANZOIN A HALBERTAM,nyc-2024-06-25-10-democratic-204-banzoin-a-halbertam,,True,1,nyc-2024-cd10-dem,https://www.vote.nyc/sites/default/files/pdf/election_results/2024/20240625Primary%20Election/01001900010Crossover%20Democratic%20Representative%20in%20Congress%2010th%20Congressional%20District%20Recap.csv,52b9aa19e0b800822a584430f368dd9f01b18b6e38180a8009be4524f3d7f3b7,nyc-2024-01001900010Crossover_Democratic_Representative_in_Congress_10th_Congressional_District_Recap.csv:204,2
ny-2024-06-25-house-10-regular-democratic,2024,2024-06-25,primary,NY,House,10,regular,partisan_primary,Democratic,BENJAMIN GRUBER,nyc-2024-06-25-10-democratic-205-benjamin-gruber,,True,1,nyc-2024-cd10-dem,https://www.vote.nyc/sites/default/files/pdf/election_results/2024/20240625Primary%20Election/01001900010Crossover%20Democratic%20Representative%20in%20Congress%2010th%20Congressional%20District%20Recap.csv,52b9aa19e0b800822a584430f368dd9f01b18b6e38180a8009be4524f3d7f3b7,nyc-2024-01001900010Crossover_Democratic_Representative_in_Congress_10th_Congressional_District_Recap.csv:205,2
ny-2024-06-25-house-10-regular-democratic,2024,2024-06-25,primary,NY,House,10,regular,partisan_primary,Democratic,BENY BERMAN,nyc-2024-06-25-10-democratic-206-beny-berman,,True,1,nyc-2024-cd10-dem,https://www.vote.nyc/sites/default/files/pdf/election_results/2024/20240625Primary%20Election/01001900010Crossover%20Democratic%20Representative%20in%20Congress%2010th%20Congressional%20District%20Recap.csv,52b9aa19e0b800822a584430f368dd9f01b18b6e38180a8009be4524f3d7f3b7,nyc-2024-01001900010Crossover_Democratic_Representative_in_Congress_10th_Congressional_District_Recap.csv:206,2
ny-2024-06-25-house-10-regular-democratic,2024,2024-06-25,primary,NY,House,10,regular,partisan_primary,Democratic,BENZIOH UNGER,nyc-2024-06-25-10-democratic-207-benzioh-unger,,True,1,nyc-2024-cd10-dem,https://www.vote.nyc/sites/default/files/pdf/election_results/2024/20240625Primary%20Election/01001900010Crossover%20Democratic%20Representative%20in%20Congress%2010th%20Congressional%20District%20Recap.csv,52b9aa19e0b800822a584430f368dd9f01b18b6e38180a8009be4524f3d7f3b7,nyc-2024-01001900010Crossover_Democratic_Representative_in_Congress_10th_Congressional_District_Recap.csv:207,2
ny-2024-06-25-house-10-regular-democratic,2024,2024-06-25,primary,NY,House,10,regular,partisan_primary,Democratic,BERK SAWYER,nyc-2024-06-25-10-democratic-208-berk-sawyer,,True,1,nyc-2024-cd10-dem,https://www.vote.nyc/sites/default/files/pdf/election_results/2024/20240625Primary%20Election/01001900010Crossover%20Democratic%20Representative%20in%20Congress%2010th%20Congressional%20District%20Recap.csv,52b9aa19e0b800822a584430f368dd9f01b18b6e38180a8009be4524f3d7f3b7,nyc-2024-01001900010Crossover_Democratic_Representative_in_Congress_10th_Congressional_District_Recap.csv:208,2
ny-2024-06-25-house-10-regular-democratic,2024,2024-06-25,primary,NY,House,10,regular,partisan_primary,Democratic,BRAD LANDERS,nyc-2024-06-25-10-democratic-209-brad-landers,,True,1,nyc-2024-cd10-dem,https://www.vote.nyc/sites/default/files/pdf/election_results/2024/20240625Primary%20Election/01001900010Crossover%20Democratic%20Representative%20in%20Congress%2010th%20Congressional%20District%20Recap.csv,52b9aa19e0b800822a584430f368dd9f01b18b6e38180a8009be4524f3d7f3b7,nyc-2024-01001900010Crossover_Democratic_Representative_in_Congress_10th_Congressional_District_Recap.csv:209,2
ny-2024-06-25-house-10-regular-democratic,2024,2024-06-25,primary,NY,House,10,regular,partisan_primary,Democratic,BRIAN KIRKPATRICK,nyc-2024-06-25-10-democratic-210-brian-kirkpatrick,,True,1,nyc-2024-cd10-dem,https://www.vote.nyc/sites/default/files/pdf/election_results/2024/20240625Primary%20Election/01001900010Crossover%20Democratic%20Representative%20in%20Congress%2010th%20Congressional%20District%20Recap.csv,52b9aa19e0b800822a584430f368dd9f01b18b6e38180a8009be4524f3d7f3b7,nyc-2024-01001900010Crossover_Democratic_Representative_in_Congress_10th_Congressional_District_Recap.csv:210,2
ny-2024-06-25-house-10-regular-democratic,2024,2024-06-25,primary,NY,House,10,regular,partisan_primary,Democratic,BRIDGET BREEN-RITTAR,nyc-2024-06-25-10-democratic-211-bridget-breen-rittar,,True,1,nyc-2024-cd10-dem,https://www.vote.nyc/sites/default/files/pdf/election_results/2024/20240625Primary%20Election/01001900010Crossover%20Democratic%20Representative%20in%20Congress%2010th%20Congressional%20District%20Recap.csv,52b9aa19e0b800822a584430f368dd9f01b18b6e38180a8009be4524f3d7f3b7,nyc-2024-01001900010Crossover_Democratic_Representative_in_Congress_10th_Congressional_District_Recap.csv:211,2
ny-2024-06-25-house-10-regular-democratic,2024,2024-06-25,primary,NY,House,10,regular,partisan_primary,Democratic,BRITTNEY ERAZ,nyc-2024-06-25-10-democratic-212-brittney-eraz,,True,1,nyc-2024-cd10-dem,https://www.vote.nyc/sites/default/files/pdf/election_results/2024/20240625Primary%20Election/01001900010Crossover%20Democratic%20Representative%20in%20Congress%2010th%20Congressional%20District%20Recap.csv,52b9aa19e0b800822a584430f368dd9f01b18b6e38180a8009be4524f3d7f3b7,nyc-2024-01001900010Crossover_Democratic_Representative_in_Congress_10th_Congressional_District_Recap.csv:212,2
ny-2024-06-25-house-10-regular-democratic,2024,2024-06-25,primary,NY,House,10,regular,partisan_primary,Democratic,BULSHER SILVERMAN,nyc-2024-06-25-10-democratic-213-bulsher-silverman,,True,1,nyc-2024-cd10-dem,https://www.vote.nyc/sites/default/files/pdf/election_results/2024/20240625Primary%20Election/01001900010Crossover%20Democratic%20Representative%20in%20Congress%2010th%20Congressional%20District%20Recap.csv,52b9aa19e0b800822a584430f368dd9f01b18b6e38180a8009be4524f3d7f3b7,nyc-2024-01001900010Crossover_Democratic_Representative_in_Congress_10th_Congressional_District_Recap.csv:213,2
ny-2024-06-25-house-10-regular-democratic,2024,2024-06-25,primary,NY,House,10,regular,partisan_primary,Democratic,Bruno Grandsard,nyc-2024-06-25-10-democratic-191-bruno-grandsard,Democratic,False,3792,nyc-2024-cd10-dem,https://www.vote.nyc/sites/default/files/pdf/election_results/2024/20240625Primary%20Election/01001900010Crossover%20Democratic%20Representative%20in%20Congress%2010th%20Congressional%20District%20Recap.csv,52b9aa19e0b800822a584430f368dd9f01b18b6e38180a8009be4524f3d7f3b7,nyc-2024-01001900010Crossover_Democratic_Representative_in_Congress_10th_Congressional_District_Recap.csv:191,2
ny-2024-06-25-house-10-regular-democratic,2024,2024-06-25,primary,NY,House,10,regular,partisan_primary,Democratic,CARLINA RIVERA,nyc-2024-06-25-10-democratic-214-carlina-rivera,,True,5,nyc-2024-cd10-dem,https://www.vote.nyc/sites/default/files/pdf/election_results/2024/20240625Primary%20Election/01001900010Crossover%20Democratic%20Representative%20in%20Congress%2010th%20Congressional%20District%20Recap.csv,52b9aa19e0b800822a584430f368dd9f01b18b6e38180a8009be4524f3d7f3b7,nyc-2024-01001900010Crossover_Democratic_Representative_in_Congress_10th_Congressional_District_Recap.csv:214,2
ny-2024-06-25-house-10-regular-democratic,2024,2024-06-25,primary,NY,House,10,regular,partisan_primary,Democratic,CARLOS MENCHACHA,nyc-2024-06-25-10-democratic-215-carlos-menchacha,,True,1,nyc-2024-cd10-dem,https://www.vote.nyc/sites/default/files/pdf/election_results/2024/20240625Primary%20Election/01001900010Crossover%20Democratic%20Representative%20in%20Congress%2010th%20Congressional%20District%20Recap.csv,52b9aa19e0b800822a584430f368dd9f01b18b6e38180a8009be4524f3d7f3b7,nyc-2024-01001900010Crossover_Democratic_Representative_in_Congress_10th_Congressional_District_Recap.csv:215,2
ny-2024-06-25-house-10-regular-democratic,2024,2024-06-25,primary,NY,House,10,regular,partisan_primary,Democratic,CAROLINA RIVERA,nyc-2024-06-25-10-democratic-216-carolina-rivera,,True,2,nyc-2024-cd10-dem,https://www.vote.nyc/sites/default/files/pdf/election_results/2024/20240625Primary%20Election/01001900010Crossover%20Democratic%20Representative%20in%20Congress%2010th%20Congressional%20District%20Recap.csv,52b9aa19e0b800822a584430f368dd9f01b18b6e38180a8009be4524f3d7f3b7,nyc-2024-01001900010Crossover_Democratic_Representative_in_Congress_10th_Congressional_District_Recap.csv:216,2
ny-2024-06-25-house-10-regular-democratic,2024,2024-06-25,primary,NY,House,10,regular,partisan_primary,Democratic,CHAIM GOLDBERG,nyc-2024-06-25-10-democratic-217-chaim-goldberg,,True,1,nyc-2024-cd10-dem,https://www.vote.nyc/sites/default/files/pdf/election_results/2024/20240625Primary%20Election/01001900010Crossover%20Democratic%20Representative%20in%20Congress%2010th%20Congressional%20District%20Recap.csv,52b9aa19e0b800822a584430f368dd9f01b18b6e38180a8009be4524f3d7f3b7,nyc-2024-01001900010Crossover_Democratic_Representative_in_Congress_10th_Congressional_District_Recap.csv:217,2
ny-2024-06-25-house-10-regular-democratic,2024,2024-06-25,primary,NY,House,10,regular,partisan_primary,Democratic,CHAYA KISS,nyc-2024-06-25-10-democratic-218-chaya-kiss,,True,1,nyc-2024-cd10-dem,https://www.vote.nyc/sites/default/files/pdf/election_results/2024/20240625Primary%20Election/01001900010Crossover%20Democratic%20Representative%20in%20Congress%2010th%20Congressional%20District%20Recap.csv,52b9aa19e0b800822a584430f368dd9f01b18b6e38180a8009be4524f3d7f3b7,nyc-2024-01001900010Crossover_Democratic_Representative_in_Congress_10th_Congressional_District_Recap.csv:218,2
ny-2024-06-25-house-10-regular-democratic,2024,2024-06-25,primary,NY,House,10,regular,partisan_primary,Democratic,CHAYA SIRHIS,nyc-2024-06-25-10-democratic-219-chaya-sirhis,,True,1,nyc-2024-cd10-dem,https://www.vote.nyc/sites/default/files/pdf/election_results/2024/20240625Primary%20Election/01001900010Crossover%20Democratic%20Representative%20in%20Congress%2010th%20Congressional%20District%20Recap.csv,52b9aa19e0b800822a584430f368dd9f01b18b6e38180a8009be4524f3d7f3b7,nyc-2024-01001900010Crossover_Democratic_Representative_in_Congress_10th_Congressional_District_Recap.csv:219,2
ny-2024-06-25-house-10-regular-democratic,2024,2024-06-25,primary,NY,House,10,regular,partisan_primary,Democratic,CHRISTINA BATTEGO,nyc-2024-06-25-10-democratic-220-christina-battego,,True,1,nyc-2024-cd10-dem,https://www.vote.nyc/sites/default/files/pdf/election_results/2024/20240625Primary%20Election/01001900010Crossover%20Democratic%20Representative%20in%20Congress%2010th%20Congressional%20District%20Recap.csv,52b9aa19e0b800822a584430f368dd9f01b18b6e38180a8009be4524f3d7f3b7,nyc-2024-01001900010Crossover_Democratic_Representative_in_Congress_10th_Congressional_District_Recap.csv:220,2
ny-2024-06-25-house-10-regular-democratic,2024,2024-06-25,primary,NY,House,10,regular,partisan_primary,Democratic,CHRISTOPHER LONGO,nyc-2024-06-25-10-democratic-221-christopher-longo,,True,1,nyc-2024-cd10-dem,https://www.vote.nyc/sites/default/files/pdf/election_results/2024/20240625Primary%20Election/01001900010Crossover%20Democratic%20Representative%20in%20Congress%2010th%20Congressional%20District%20Recap.csv,52b9aa19e0b800822a584430f368dd9f01b18b6e38180a8009be4524f3d7f3b7,nyc-2024-01001900010Crossover_Democratic_Representative_in_Congress_10th_Congressional_District_Recap.csv:221,2
ny-2024-06-25-house-10-regular-democratic,2024,2024-06-25,primary,NY,House,10,regular,partisan_primary,Democratic,CLARK KENT,nyc-2024-06-25-10-democratic-222-clark-kent,,True,1,nyc-2024-cd10-dem,https://www.vote.nyc/sites/default/files/pdf/election_results/2024/20240625Primary%20Election/01001900010Crossover%20Democratic%20Representative%20in%20Congress%2010th%20Congressional%20District%20Recap.csv,52b9aa19e0b800822a584430f368dd9f01b18b6e38180a8009be4524f3d7f3b7,nyc-2024-01001900010Crossover_Democratic_Representative_in_Congress_10th_Congressional_District_Recap.csv:222,2
ny-2024-06-25-house-10-regular-democratic,2024,2024-06-25,primary,NY,House,10,regular,partisan_primary,Democratic,CRYSTAL HUDSON,nyc-2024-06-25-10-democratic-223-crystal-hudson,,True,2,nyc-2024-cd10-dem,https://www.vote.nyc/sites/default/files/pdf/election_results/2024/20240625Primary%20Election/01001900010Crossover%20Democratic%20Representative%20in%20Congress%2010th%20Congressional%20District%20Recap.csv,52b9aa19e0b800822a584430f368dd9f01b18b6e38180a8009be4524f3d7f3b7,nyc-2024-01001900010Crossover_Democratic_Representative_in_Congress_10th_Congressional_District_Recap.csv:223,2
ny-2024-06-25-house-10-regular-democratic,2024,2024-06-25,primary,NY,House,10,regular,partisan_primary,Democratic,CURTIS SLIWA,nyc-2024-06-25-10-democratic-224-curtis-sliwa,,True,1,nyc-2024-cd10-dem,https://www.vote.nyc/sites/default/files/pdf/election_results/2024/20240625Primary%20Election/01001900010Crossover%20Democratic%20Representative%20in%20Congress%2010th%20Congressional%20District%20Recap.csv,52b9aa19e0b800822a584430f368dd9f01b18b6e38180a8009be4524f3d7f3b7,nyc-2024-01001900010Crossover_Democratic_Representative_in_Congress_10th_Congressional_District_Recap.csv:224,2
ny-2024-06-25-house-10-regular-democratic,2024,2024-06-25,primary,NY,House,10,regular,partisan_primary,Democratic,DALLAS J. SHORT,nyc-2024-06-25-10-democratic-225-dallas-j-short,,True,1,nyc-2024-cd10-dem,https://www.vote.nyc/sites/default/files/pdf/election_results/2024/20240625Primary%20Election/01001900010Crossover%20Democratic%20Representative%20in%20Congress%2010th%20Congressional%20District%20Recap.csv,52b9aa19e0b800822a584430f368dd9f01b18b6e38180a8009be4524f3d7f3b7,nyc-2024-01001900010Crossover_Democratic_Representative_in_Congress_10th_Congressional_District_Recap.csv:225,2
ny-2024-06-25-house-10-regular-democratic,2024,2024-06-25,primary,NY,House,10,regular,partisan_primary,Democratic,DANIEL GOLDMAN,nyc-2024-06-25-10-democratic-226-daniel-goldman,,True,2,nyc-2024-cd10-dem,https://www.vote.nyc/sites/default/files/pdf/election_results/2024/20240625Primary%20Election/01001900010Crossover%20Democratic%20Representative%20in%20Congress%2010th%20Congressional%20District%20Recap.csv,52b9aa19e0b800822a584430f368dd9f01b18b6e38180a8009be4524f3d7f3b7,nyc-2024-01001900010Crossover_Democratic_Representative_in_Congress_10th_Congressional_District_Recap.csv:226,2
ny-2024-06-25-house-10-regular-democratic,2024,2024-06-25,primary,NY,House,10,regular,partisan_primary,Democratic,DANIEL NEWCOMBE,nyc-2024-06-25-10-democratic-227-daniel-newcombe,,True,1,nyc-2024-cd10-dem,https://www.vote.nyc/sites/default/files/pdf/election_results/2024/20240625Primary%20Election/01001900010Crossover%20Democratic%20Representative%20in%20Congress%2010th%20Congressional%20District%20Recap.csv,52b9aa19e0b800822a584430f368dd9f01b18b6e38180a8009be4524f3d7f3b7,nyc-2024-01001900010Crossover_Democratic_Representative_in_Congress_10th_Congressional_District_Recap.csv:227,2
ny-2024-06-25-house-10-regular-democratic,2024,2024-06-25,primary,NY,House,10,regular,partisan_primary,Democratic,DANIEL TURKEWITZ,nyc-2024-06-25-10-democratic-228-daniel-turkewitz,,True,1,nyc-2024-cd10-dem,https://www.vote.nyc/sites/default/files/pdf/election_results/2024/20240625Primary%20Election/01001900010Crossover%20Democratic%20Representative%20in%20Congress%2010th%20Congressional%20District%20Recap.csv,52b9aa19e0b800822a584430f368dd9f01b18b6e38180a8009be4524f3d7f3b7,nyc-2024-01001900010Crossover_Democratic_Representative_in_Congress_10th_Congressional_District_Recap.csv:228,2
ny-2024-06-25-house-10-regular-democratic,2024,2024-06-25,primary,NY,House,10,regular,partisan_primary,Democratic,DAVID ALQOIST,nyc-2024-06-25-10-democratic-229-david-alqoist,,True,1,nyc-2024-cd10-dem,https://www.vote.nyc/sites/default/files/pdf/election_results/2024/20240625Primary%20Election/01001900010Crossover%20Democratic%20Representative%20in%20Congress%2010th%20Congressional%20District%20Recap.csv,52b9aa19e0b800822a584430f368dd9f01b18b6e38180a8009be4524f3d7f3b7,nyc-2024-01001900010Crossover_Democratic_Representative_in_Congress_10th_Congressional_District_Recap.csv:229,2
ny-2024-06-25-house-10-regular-democratic,2024,2024-06-25,primary,NY,House,10,regular,partisan_primary,Democratic,DAVID BROOMES,nyc-2024-06-25-10-democratic-230-david-broomes,,True,1,nyc-2024-cd10-dem,https://www.vote.nyc/sites/default/files/pdf/election_results/2024/20240625Primary%20Election/01001900010Crossover%20Democratic%20Representative%20in%20Congress%2010th%20Congressional%20District%20Recap.csv,52b9aa19e0b800822a584430f368dd9f01b18b6e38180a8009be4524f3d7f3b7,nyc-2024-01001900010Crossover_Democratic_Representative_in_Congress_10th_Congressional_District_Recap.csv:230,2
ny-2024-06-25-house-10-regular-democratic,2024,2024-06-25,primary,NY,House,10,regular,partisan_primary,Democratic,DAVID GURIEN -PECK,nyc-2024-06-25-10-democratic-231-david-gurien-peck,,True,1,nyc-2024-cd10-dem,https://www.vote.nyc/sites/default/files/pdf/election_results/2024/20240625Primary%20Election/01001900010Crossover%20Democratic%20Representative%20in%20Congress%2010th%20Congressional%20District%20Recap.csv,52b9aa19e0b800822a584430f368dd9f01b18b6e38180a8009be4524f3d7f3b7,nyc-2024-01001900010Crossover_Democratic_Representative_in_Congress_10th_Congressional_District_Recap.csv:231,2
ny-2024-06-25-house-10-regular-democratic,2024,2024-06-25,primary,NY,House,10,regular,partisan_primary,Democratic,DAVID HURSKAY,nyc-2024-06-25-10-democratic-232-david-hurskay,,True,1,nyc-2024-cd10-dem,https://www.vote.nyc/sites/default/files/pdf/election_results/2024/20240625Primary%20Election/01001900010Crossover%20Democratic%20Representative%20in%20Congress%2010th%20Congressional%20District%20Recap.csv,52b9aa19e0b800822a584430f368dd9f01b18b6e38180a8009be4524f3d7f3b7,nyc-2024-01001900010Crossover_Democratic_Representative_in_Congress_10th_Congressional_District_Recap.csv:232,2
ny-2024-06-25-house-10-regular-democratic,2024,2024-06-25,primary,NY,House,10,regular,partisan_primary,Democratic,DAVID JEBRIEL MICHELSON,nyc-2024-06-25-10-democratic-233-david-jebriel-michelson,,True,1,nyc-2024-cd10-dem,https://www.vote.nyc/sites/default/files/pdf/election_results/2024/20240625Primary%20Election/01001900010Crossover%20Democratic%20Representative%20in%20Congress%2010th%20Congressional%20District%20Recap.csv,52b9aa19e0b800822a584430f368dd9f01b18b6e38180a8009be4524f3d7f3b7,nyc-2024-01001900010Crossover_Democratic_Representative_in_Congress_10th_Congressional_District_Recap.csv:233,2
ny-2024-06-25-house-10-regular-democratic,2024,2024-06-25,primary,NY,House,10,regular,partisan_primary,Democratic,DEBORAH GERSHENOWITZ,nyc-2024-06-25-10-democratic-234-deborah-gershenowitz,,True,1,nyc-2024-cd10-dem,https://www.vote.nyc/sites/default/files/pdf/election_results/2024/20240625Primary%20Election/01001900010Crossover%20Democratic%20Representative%20in%20Congress%2010th%20Congressional%20District%20Recap.csv,52b9aa19e0b800822a584430f368dd9f01b18b6e38180a8009be4524f3d7f3b7,nyc-2024-01001900010Crossover_Democratic_Representative_in_Congress_10th_Congressional_District_Recap.csv:234,2
ny-2024-06-25-house-10-regular-democratic,2024,2024-06-25,primary,NY,House,10,regular,partisan_primary,Democratic,DONALD J. TRUMP,nyc-2024-06-25-10-democratic-235-donald-j-trump,,True,3,nyc-2024-cd10-dem,https://www.vote.nyc/sites/default/files/pdf/election_results/2024/20240625Primary%20Election/01001900010Crossover%20Democratic%20Representative%20in%20Congress%2010th%20Congressional%20District%20Recap.csv,52b9aa19e0b800822a584430f368dd9f01b18b6e38180a8009be4524f3d7f3b7,nyc-2024-01001900010Crossover_Democratic_Representative_in_Congress_10th_Congressional_District_Recap.csv:235,2
ny-2024-06-25-house-10-regular-democratic,2024,2024-06-25,primary,NY,House,10,regular,partisan_primary,Democratic,DONALD TRUMP,nyc-2024-06-25-10-democratic-236-donald-trump,,True,6,nyc-2024-cd10-dem,https://www.vote.nyc/sites/default/files/pdf/election_results/2024/20240625Primary%20Election/01001900010Crossover%20Democratic%20Representative%20in%20Congress%2010th%20Congressional%20District%20Recap.csv,52b9aa19e0b800822a584430f368dd9f01b18b6e38180a8009be4524f3d7f3b7,nyc-2024-01001900010Crossover_Democratic_Representative_in_Congress_10th_Congressional_District_Recap.csv:236,2
ny-2024-06-25-house-10-regular-democratic,2024,2024-06-25,primary,NY,House,10,regular,partisan_primary,Democratic,Daniel Goldman,nyc-2024-06-25-10-democratic-193-daniel-goldman,Democratic,False,23595,nyc-2024-cd10-dem,https://www.vote.nyc/sites/default/files/pdf/election_results/2024/20240625Primary%20Election/01001900010Crossover%20Democratic%20Representative%20in%20Congress%2010th%20Congressional%20District%20Recap.csv,52b9aa19e0b800822a584430f368dd9f01b18b6e38180a8009be4524f3d7f3b7,nyc-2024-01001900010Crossover_Democratic_Representative_in_Congress_10th_Congressional_District_Recap.csv:193,2
ny-2024-06-25-house-10-regular-democratic,2024,2024-06-25,primary,NY,House,10,regular,partisan_primary,Democratic,EDEN ALFASI,nyc-2024-06-25-10-democratic-237-eden-alfasi,,True,2,nyc-2024-cd10-dem,https://www.vote.nyc/sites/default/files/pdf/election_results/2024/20240625Primary%20Election/01001900010Crossover%20Democratic%20Representative%20in%20Congress%2010th%20Congressional%20District%20Recap.csv,52b9aa19e0b800822a584430f368dd9f01b18b6e38180a8009be4524f3d7f3b7,nyc-2024-01001900010Crossover_Democratic_Representative_in_Congress_10th_Congressional_District_Recap.csv:237,2
ny-2024-06-25-house-10-regular-democratic,2024,2024-06-25,primary,NY,House,10,regular,partisan_primary,Democratic,ELISABETH HOLTEMAN,nyc-2024-06-25-10-democratic-238-elisabeth-holteman,,True,1,nyc-2024-cd10-dem,https://www.vote.nyc/sites/default/files/pdf/election_results/2024/20240625Primary%20Election/01001900010Crossover%20Democratic%20Representative%20in%20Congress%2010th%20Congressional%20District%20Recap.csv,52b9aa19e0b800822a584430f368dd9f01b18b6e38180a8009be4524f3d7f3b7,nyc-2024-01001900010Crossover_Democratic_Representative_in_Congress_10th_Congressional_District_Recap.csv:238,2
ny-2024-06-25-house-10-regular-democratic,2024,2024-06-25,primary,NY,House,10,regular,partisan_primary,Democratic,ELIZABETH HOLTZMAN,nyc-2024-06-25-10-democratic-239-elizabeth-holtzman,,True,1,nyc-2024-cd10-dem,https://www.vote.nyc/sites/default/files/pdf/election_results/2024/20240625Primary%20Election/01001900010Crossover%20Democratic%20Representative%20in%20Congress%2010th%20Congressional%20District%20Recap.csv,52b9aa19e0b800822a584430f368dd9f01b18b6e38180a8009be4524f3d7f3b7,nyc-2024-01001900010Crossover_Democratic_Representative_in_Congress_10th_Congressional_District_Recap.csv:239,2
ny-2024-06-25-house-10-regular-democratic,2024,2024-06-25,primary,NY,House,10,regular,partisan_primary,Democratic,ELIZABETH WARREN,nyc-2024-06-25-10-democratic-240-elizabeth-warren,,True,1,nyc-2024-cd10-dem,https://www.vote.nyc/sites/default/files/pdf/election_results/2024/20240625Primary%20Election/01001900010Crossover%20Democratic%20Representative%20in%20Congress%2010th%20Congressional%20District%20Recap.csv,52b9aa19e0b800822a584430f368dd9f01b18b6e38180a8009be4524f3d7f3b7,nyc-2024-01001900010Crossover_Democratic_Representative_in_Congress_10th_Congressional_District_Recap.csv:240,2
ny-2024-06-25-house-10-regular-democratic,2024,2024-06-25,primary,NY,House,10,regular,partisan_primary,Democratic,ERIC ADAMS,nyc-2024-06-25-10-democratic-241-eric-adams,,True,1,nyc-2024-cd10-dem,https://www.vote.nyc/sites/default/files/pdf/election_results/2024/20240625Primary%20Election/01001900010Crossover%20Democratic%20Representative%20in%20Congress%2010th%20Congressional%20District%20Recap.csv,52b9aa19e0b800822a584430f368dd9f01b18b6e38180a8009be4524f3d7f3b7,nyc-2024-01001900010Crossover_Democratic_Representative_in_Congress_10th_Congressional_District_Recap.csv:241,2
ny-2024-06-25-house-10-regular-democratic,2024,2024-06-25,primary,NY,House,10,regular,partisan_primary,Democratic,ERIC BOTTCHER,nyc-2024-06-25-10-democratic-242-eric-bottcher,,True,1,nyc-2024-cd10-dem,https://www.vote.nyc/sites/default/files/pdf/election_results/2024/20240625Primary%20Election/01001900010Crossover%20Democratic%20Representative%20in%20Congress%2010th%20Congressional%20District%20Recap.csv,52b9aa19e0b800822a584430f368dd9f01b18b6e38180a8009be4524f3d7f3b7,nyc-2024-01001900010Crossover_Democratic_Representative_in_Congress_10th_Congressional_District_Recap.csv:242,2
ny-2024-06-25-house-10-regular-democratic,2024,2024-06-25,primary,NY,House,10,regular,partisan_primary,Democratic,ERIC RASSI,nyc-2024-06-25-10-democratic-243-eric-rassi,,True,1,nyc-2024-cd10-dem,https://www.vote.nyc/sites/default/files/pdf/election_results/2024/20240625Primary%20Election/01001900010Crossover%20Democratic%20Representative%20in%20Congress%2010th%20Congressional%20District%20Recap.csv,52b9aa19e0b800822a584430f368dd9f01b18b6e38180a8009be4524f3d7f3b7,nyc-2024-01001900010Crossover_Democratic_Representative_in_Congress_10th_Congressional_District_Recap.csv:243,2
ny-2024-06-25-house-10-regular-democratic,2024,2024-06-25,primary,NY,House,10,regular,partisan_primary,Democratic,ESTEBAN CHAVEZ,nyc-2024-06-25-10-democratic-244-esteban-chavez,,True,1,nyc-2024-cd10-dem,https://www.vote.nyc/sites/default/files/pdf/election_results/2024/20240625Primary%20Election/01001900010Crossover%20Democratic%20Representative%20in%20Congress%2010th%20Congressional%20District%20Recap.csv,52b9aa19e0b800822a584430f368dd9f01b18b6e38180a8009be4524f3d7f3b7,nyc-2024-01001900010Crossover_Democratic_Representative_in_Congress_10th_Congressional_District_Recap.csv:244,2
ny-2024-06-25-house-10-regular-democratic,2024,2024-06-25,primary,NY,House,10,regular,partisan_primary,Democratic,ETHAN MULLIGAN,nyc-2024-06-25-10-democratic-245-ethan-mulligan,,True,1,nyc-2024-cd10-dem,https://www.vote.nyc/sites/default/files/pdf/election_results/2024/20240625Primary%20Election/01001900010Crossover%20Democratic%20Representative%20in%20Congress%2010th%20Congressional%20District%20Recap.csv,52b9aa19e0b800822a584430f368dd9f01b18b6e38180a8009be4524f3d7f3b7,nyc-2024-01001900010Crossover_Democratic_Representative_in_Congress_10th_Congressional_District_Recap.csv:245,2
ny-2024-06-25-house-10-regular-democratic,2024,2024-06-25,primary,NY,House,10,regular,partisan_primary,Democratic,Evan Hutchison,nyc-2024-06-25-10-democratic-192-evan-hutchison,Democratic,False,8412,nyc-2024-cd10-dem,https://www.vote.nyc/sites/default/files/pdf/election_results/2024/20240625Primary%20Election/01001900010Crossover%20Democratic%20Representative%20in%20Congress%2010th%20Congressional%20District%20Recap.csv,52b9aa19e0b800822a584430f368dd9f01b18b6e38180a8009be4524f3d7f3b7,nyc-2024-01001900010Crossover_Democratic_Representative_in_Congress_10th_Congressional_District_Recap.csv:192,2
ny-2024-06-25-house-10-regular-democratic,2024,2024-06-25,primary,NY,House,10,regular,partisan_primary,Democratic,FELIX W. ORTIZ,nyc-2024-06-25-10-democratic-246-felix-w-ortiz,,True,1,nyc-2024-cd10-dem,https://www.vote.nyc/sites/default/files/pdf/election_results/2024/20240625Primary%20Election/01001900010Crossover%20Democratic%20Representative%20in%20Congress%2010th%20Congressional%20District%20Recap.csv,52b9aa19e0b800822a584430f368dd9f01b18b6e38180a8009be4524f3d7f3b7,nyc-2024-01001900010Crossover_Democratic_Representative_in_Congress_10th_Congressional_District_Recap.csv:246,2
ny-2024-06-25-house-10-regular-democratic,2024,2024-06-25,primary,NY,House,10,regular,partisan_primary,Democratic,FRADEL HAMMER,nyc-2024-06-25-10-democratic-247-fradel-hammer,,True,1,nyc-2024-cd10-dem,https://www.vote.nyc/sites/default/files/pdf/election_results/2024/20240625Primary%20Election/01001900010Crossover%20Democratic%20Representative%20in%20Congress%2010th%20Congressional%20District%20Recap.csv,52b9aa19e0b800822a584430f368dd9f01b18b6e38180a8009be4524f3d7f3b7,nyc-2024-01001900010Crossover_Democratic_Representative_in_Congress_10th_Congressional_District_Recap.csv:247,2
ny-2024-06-25-house-10-regular-democratic,2024,2024-06-25,primary,NY,House,10,regular,partisan_primary,Democratic,GABRIELLA WALLACK,nyc-2024-06-25-10-democratic-248-gabriella-wallack,,True,1,nyc-2024-cd10-dem,https://www.vote.nyc/sites/default/files/pdf/election_results/2024/20240625Primary%20Election/01001900010Crossover%20Democratic%20Representative%20in%20Congress%2010th%20Congressional%20District%20Recap.csv,52b9aa19e0b800822a584430f368dd9f01b18b6e38180a8009be4524f3d7f3b7,nyc-2024-01001900010Crossover_Democratic_Representative_in_Congress_10th_Congressional_District_Recap.csv:248,2
ny-2024-06-25-house-10-regular-democratic,2024,2024-06-25,primary,NY,House,10,regular,partisan_primary,Democratic,GARRET LINN,nyc-2024-06-25-10-democratic-249-garret-linn,,True,1,nyc-2024-cd10-dem,https://www.vote.nyc/sites/default/files/pdf/election_results/2024/20240625Primary%20Election/01001900010Crossover%20Democratic%20Representative%20in%20Congress%2010th%20Congressional%20District%20Recap.csv,52b9aa19e0b800822a584430f368dd9f01b18b6e38180a8009be4524f3d7f3b7,nyc-2024-01001900010Crossover_Democratic_Representative_in_Congress_10th_Congressional_District_Recap.csv:249,2
ny-2024-06-25-house-10-regular-democratic,2024,2024-06-25,primary,NY,House,10,regular,partisan_primary,Democratic,GEORGE COMINSKI,nyc-2024-06-25-10-democratic-250-george-cominski,,True,1,nyc-2024-cd10-dem,https://www.vote.nyc/sites/default/files/pdf/election_results/2024/20240625Primary%20Election/01001900010Crossover%20Democratic%20Representative%20in%20Congress%2010th%20Congressional%20District%20Recap.csv,52b9aa19e0b800822a584430f368dd9f01b18b6e38180a8009be4524f3d7f3b7,nyc-2024-01001900010Crossover_Democratic_Representative_in_Congress_10th_Congressional_District_Recap.csv:250,2
ny-2024-06-25-house-10-regular-democratic,2024,2024-06-25,primary,NY,House,10,regular,partisan_primary,Democratic,GERSH KUNTZMAN,nyc-2024-06-25-10-democratic-251-gersh-kuntzman,,True,1,nyc-2024-cd10-dem,https://www.vote.nyc/sites/default/files/pdf/election_results/2024/20240625Primary%20Election/01001900010Crossover%20Democratic%20Representative%20in%20Congress%2010th%20Congressional%20District%20Recap.csv,52b9aa19e0b800822a584430f368dd9f01b18b6e38180a8009be4524f3d7f3b7,nyc-2024-01001900010Crossover_Democratic_Representative_in_Congress_10th_Congressional_District_Recap.csv:251,2
ny-2024-06-25-house-10-regular-democratic,2024,2024-06-25,primary,NY,House,10,regular,partisan_primary,Democratic,GREG PAK,nyc-2024-06-25-10-democratic-252-greg-pak,,True,2,nyc-2024-cd10-dem,https://www.vote.nyc/sites/default/files/pdf/election_results/2024/20240625Primary%20Election/01001900010Crossover%20Democratic%20Representative%20in%20Congress%2010th%20Congressional%20District%20Recap.csv,52b9aa19e0b800822a584430f368dd9f01b18b6e38180a8009be4524f3d7f3b7,nyc-2024-01001900010Crossover_Democratic_Representative_in_Congress_10th_Congressional_District_Recap.csv:252,2
ny-2024-06-25-house-10-regular-democratic,2024,2024-06-25,primary,NY,House,10,regular,partisan_primary,Democratic,HARRY ROSSMAN,nyc-2024-06-25-10-democratic-253-harry-rossman,,True,1,nyc-2024-cd10-dem,https://www.vote.nyc/sites/default/files/pdf/election_results/2024/20240625Primary%20Election/01001900010Crossover%20Democratic%20Representative%20in%20Congress%2010th%20Congressional%20District%20Recap.csv,52b9aa19e0b800822a584430f368dd9f01b18b6e38180a8009be4524f3d7f3b7,nyc-2024-01001900010Crossover_Democratic_Representative_in_Congress_10th_Congressional_District_Recap.csv:253,2
ny-2024-06-25-house-10-regular-democratic,2024,2024-06-25,primary,NY,House,10,regular,partisan_primary,Democratic,HAUD MARON,nyc-2024-06-25-10-democratic-254-haud-maron,,True,1,nyc-2024-cd10-dem,https://www.vote.nyc/sites/default/files/pdf/election_results/2024/20240625Primary%20Election/01001900010Crossover%20Democratic%20Representative%20in%20Congress%2010th%20Congressional%20District%20Recap.csv,52b9aa19e0b800822a584430f368dd9f01b18b6e38180a8009be4524f3d7f3b7,nyc-2024-01001900010Crossover_Democratic_Representative_in_Congress_10th_Congressional_District_Recap.csv:254,2
ny-2024-06-25-house-10-regular-democratic,2024,2024-06-25,primary,NY,House,10,regular,partisan_primary,Democratic,HILLARY CLINTON,nyc-2024-06-25-10-democratic-255-hillary-clinton,,True,1,nyc-2024-cd10-dem,https://www.vote.nyc/sites/default/files/pdf/election_results/2024/20240625Primary%20Election/01001900010Crossover%20Democratic%20Representative%20in%20Congress%2010th%20Congressional%20District%20Recap.csv,52b9aa19e0b800822a584430f368dd9f01b18b6e38180a8009be4524f3d7f3b7,nyc-2024-01001900010Crossover_Democratic_Representative_in_Congress_10th_Congressional_District_Recap.csv:255,2
ny-2024-06-25-house-10-regular-democratic,2024,2024-06-25,primary,NY,House,10,regular,partisan_primary,Democratic,HIND RAJAB,nyc-2024-06-25-10-democratic-256-hind-rajab,,True,1,nyc-2024-cd10-dem,https://www.vote.nyc/sites/default/files/pdf/election_results/2024/20240625Primary%20Election/01001900010Crossover%20Democratic%20Representative%20in%20Congress%2010th%20Congressional%20District%20Recap.csv,52b9aa19e0b800822a584430f368dd9f01b18b6e38180a8009be4524f3d7f3b7,nyc-2024-01001900010Crossover_Democratic_Representative_in_Congress_10th_Congressional_District_Recap.csv:256,2
ny-2024-06-25-house-10-regular-democratic,2024,2024-06-25,primary,NY,House,10,regular,partisan_primary,Democratic,HOWARD GRAEBARD,nyc-2024-06-25-10-democratic-257-howard-graebard,,True,1,nyc-2024-cd10-dem,https://www.vote.nyc/sites/default/files/pdf/election_results/2024/20240625Primary%20Election/01001900010Crossover%20Democratic%20Representative%20in%20Congress%2010th%20Congressional%20District%20Recap.csv,52b9aa19e0b800822a584430f368dd9f01b18b6e38180a8009be4524f3d7f3b7,nyc-2024-01001900010Crossover_Democratic_Representative_in_Congress_10th_Congressional_District_Recap.csv:257,2
ny-2024-06-25-house-10-regular-democratic,2024,2024-06-25,primary,NY,House,10,regular,partisan_primary,Democratic,IAN MURPHY,nyc-2024-06-25-10-democratic-258-ian-murphy,,True,1,nyc-2024-cd10-dem,https://www.vote.nyc/sites/default/files/pdf/election_results/2024/20240625Primary%20Election/01001900010Crossover%20Democratic%20Representative%20in%20Congress%2010th%20Congressional%20District%20Recap.csv,52b9aa19e0b800822a584430f368dd9f01b18b6e38180a8009be4524f3d7f3b7,nyc-2024-01001900010Crossover_Democratic_Representative_in_Congress_10th_Congressional_District_Recap.csv:258,2
ny-2024-06-25-house-10-regular-democratic,2024,2024-06-25,primary,NY,House,10,regular,partisan_primary,Democratic,ISABELLA CORREA,nyc-2024-06-25-10-democratic-259-isabella-correa,,True,1,nyc-2024-cd10-dem,https://www.vote.nyc/sites/default/files/pdf/election_results/2024/20240625Primary%20Election/01001900010Crossover%20Democratic%20Representative%20in%20Congress%2010th%20Congressional%20District%20Recap.csv,52b9aa19e0b800822a584430f368dd9f01b18b6e38180a8009be4524f3d7f3b7,nyc-2024-01001900010Crossover_Democratic_Representative_in_Congress_10th_Congressional_District_Recap.csv:259,2
ny-2024-06-25-house-10-regular-democratic,2024,2024-06-25,primary,NY,House,10,regular,partisan_primary,Democratic,JACOB SCHINDELHEIM,nyc-2024-06-25-10-democratic-260-jacob-schindelheim,,True,1,nyc-2024-cd10-dem,https://www.vote.nyc/sites/default/files/pdf/election_results/2024/20240625Primary%20Election/01001900010Crossover%20Democratic%20Representative%20in%20Congress%2010th%20Congressional%20District%20Recap.csv,52b9aa19e0b800822a584430f368dd9f01b18b6e38180a8009be4524f3d7f3b7,nyc-2024-01001900010Crossover_Democratic_Representative_in_Congress_10th_Congressional_District_Recap.csv:260,2
ny-2024-06-25-house-10-regular-democratic,2024,2024-06-25,primary,NY,House,10,regular,partisan_primary,Democratic,JAKE WOLFF,nyc-2024-06-25-10-democratic-261-jake-wolff,,True,1,nyc-2024-cd10-dem,https://www.vote.nyc/sites/default/files/pdf/election_results/2024/20240625Primary%20Election/01001900010Crossover%20Democratic%20Representative%20in%20Congress%2010th%20Congressional%20District%20Recap.csv,52b9aa19e0b800822a584430f368dd9f01b18b6e38180a8009be4524f3d7f3b7,nyc-2024-01001900010Crossover_Democratic_Representative_in_Congress_10th_Congressional_District_Recap.csv:261,2
ny-2024-06-25-house-10-regular-democratic,2024,2024-06-25,primary,NY,House,10,regular,partisan_primary,Democratic,JALEN BRONSON,nyc-2024-06-25-10-democratic-262-jalen-bronson,,True,1,nyc-2024-cd10-dem,https://www.vote.nyc/sites/default/files/pdf/election_results/2024/20240625Primary%20Election/01001900010Crossover%20Democratic%20Representative%20in%20Congress%2010th%20Congressional%20District%20Recap.csv,52b9aa19e0b800822a584430f368dd9f01b18b6e38180a8009be4524f3d7f3b7,nyc-2024-01001900010Crossover_Democratic_Representative_in_Congress_10th_Congressional_District_Recap.csv:262,2
ny-2024-06-25-house-10-regular-democratic,2024,2024-06-25,primary,NY,House,10,regular,partisan_primary,Democratic,JAMAAL BOWMAN,nyc-2024-06-25-10-democratic-263-jamaal-bowman,,True,16,nyc-2024-cd10-dem,https://www.vote.nyc/sites/default/files/pdf/election_results/2024/20240625Primary%20Election/01001900010Crossover%20Democratic%20Representative%20in%20Congress%2010th%20Congressional%20District%20Recap.csv,52b9aa19e0b800822a584430f368dd9f01b18b6e38180a8009be4524f3d7f3b7,nyc-2024-01001900010Crossover_Democratic_Representative_in_Congress_10th_Congressional_District_Recap.csv:263,2
ny-2024-06-25-house-10-regular-democratic,2024,2024-06-25,primary,NY,House,10,regular,partisan_primary,Democratic,JEROME BOEMAN,nyc-2024-06-25-10-democratic-264-jerome-boeman,,True,1,nyc-2024-cd10-dem,https://www.vote.nyc/sites/default/files/pdf/election_results/2024/20240625Primary%20Election/01001900010Crossover%20Democratic%20Representative%20in%20Congress%2010th%20Congressional%20District%20Recap.csv,52b9aa19e0b800822a584430f368dd9f01b18b6e38180a8009be4524f3d7f3b7,nyc-2024-01001900010Crossover_Democratic_Representative_in_Congress_10th_Congressional_District_Recap.csv:264,2
ny-2024-06-25-house-10-regular-democratic,2024,2024-06-25,primary,NY,House,10,regular,partisan_primary,Democratic,JEROME LAFAYETTE NARRAMORE,nyc-2024-06-25-10-democratic-265-jerome-lafayette-narramore,,True,1,nyc-2024-cd10-dem,https://www.vote.nyc/sites/default/files/pdf/election_results/2024/20240625Primary%20Election/01001900010Crossover%20Democratic%20Representative%20in%20Congress%2010th%20Congressional%20District%20Recap.csv,52b9aa19e0b800822a584430f368dd9f01b18b6e38180a8009be4524f3d7f3b7,nyc-2024-01001900010Crossover_Democratic_Representative_in_Congress_10th_Congressional_District_Recap.csv:265,2
ny-2024-06-25-house-10-regular-democratic,2024,2024-06-25,primary,NY,House,10,regular,partisan_primary,Democratic,JERRY NADLER,nyc-2024-06-25-10-democratic-266-jerry-nadler,,True,1,nyc-2024-cd10-dem,https://www.vote.nyc/sites/default/files/pdf/election_results/2024/20240625Primary%20Election/01001900010Crossover%20Democratic%20Representative%20in%20Congress%2010th%20Congressional%20District%20Recap.csv,52b9aa19e0b800822a584430f368dd9f01b18b6e38180a8009be4524f3d7f3b7,nyc-2024-01001900010Crossover_Democratic_Representative_in_Congress_10th_Congressional_District_Recap.csv:266,2
ny-2024-06-25-house-10-regular-democratic,2024,2024-06-25,primary,NY,House,10,regular,partisan_primary,Democratic,JO ANNE SIMON,nyc-2024-06-25-10-democratic-267-jo-anne-simon,,True,1,nyc-2024-cd10-dem,https://www.vote.nyc/sites/default/files/pdf/election_results/2024/20240625Primary%20Election/01001900010Crossover%20Democratic%20Representative%20in%20Congress%2010th%20Congressional%20District%20Recap.csv,52b9aa19e0b800822a584430f368dd9f01b18b6e38180a8009be4524f3d7f3b7,nyc-2024-01001900010Crossover_Democratic_Representative_in_Congress_10th_Congressional_District_Recap.csv:267,2
ny-2024-06-25-house-10-regular-democratic,2024,2024-06-25,primary,NY,House,10,regular,partisan_primary,Democratic,JOANNE NICHOLAS,nyc-2024-06-25-10-democratic-268-joanne-nicholas,,True,1,nyc-2024-cd10-dem,https://www.vote.nyc/sites/default/files/pdf/election_results/2024/20240625Primary%20Election/01001900010Crossover%20Democratic%20Representative%20in%20Congress%2010th%20Congressional%20District%20Recap.csv,52b9aa19e0b800822a584430f368dd9f01b18b6e38180a8009be4524f3d7f3b7,nyc-2024-01001900010Crossover_Democratic_Representative_in_Congress_10th_Congressional_District_Recap.csv:268,2
ny-2024-06-25-house-10-regular-democratic,2024,2024-06-25,primary,NY,House,10,regular,partisan_primary,Democratic,JOANNE SIMON,nyc-2024-06-25-10-democratic-269-joanne-simon,,True,1,nyc-2024-cd10-dem,https://www.vote.nyc/sites/default/files/pdf/election_results/2024/20240625Primary%20Election/01001900010Crossover%20Democratic%20Representative%20in%20Congress%2010th%20Congressional%20District%20Recap.csv,52b9aa19e0b800822a584430f368dd9f01b18b6e38180a8009be4524f3d7f3b7,nyc-2024-01001900010Crossover_Democratic_Representative_in_Congress_10th_Congressional_District_Recap.csv:269,2
ny-2024-06-25-house-10-regular-democratic,2024,2024-06-25,primary,NY,House,10,regular,partisan_primary,Democratic,JOHN BLACKTHORNE,nyc-2024-06-25-10-democratic-270-john-blackthorne,,True,1,nyc-2024-cd10-dem,https://www.vote.nyc/sites/default/files/pdf/election_results/2024/20240625Primary%20Election/01001900010Crossover%20Democratic%20Representative%20in%20Congress%2010th%20Congressional%20District%20Recap.csv,52b9aa19e0b800822a584430f368dd9f01b18b6e38180a8009be4524f3d7f3b7,nyc-2024-01001900010Crossover_Democratic_Representative_in_Congress_10th_Congressional_District_Recap.csv:270,2
ny-2024-06-25-house-10-regular-democratic,2024,2024-06-25,primary,NY,House,10,regular,partisan_primary,Democratic,JOHN TARLETEN,nyc-2024-06-25-10-democratic-271-john-tarleten,,True,1,nyc-2024-cd10-dem,https://www.vote.nyc/sites/default/files/pdf/election_results/2024/20240625Primary%20Election/01001900010Crossover%20Democratic%20Representative%20in%20Congress%2010th%20Congressional%20District%20Recap.csv,52b9aa19e0b800822a584430f368dd9f01b18b6e38180a8009be4524f3d7f3b7,nyc-2024-01001900010Crossover_Democratic_Representative_in_Congress_10th_Congressional_District_Recap.csv:271,2
ny-2024-06-25-house-10-regular-democratic,2024,2024-06-25,primary,NY,House,10,regular,partisan_primary,Democratic,JOHN TARLETON,nyc-2024-06-25-10-democratic-272-john-tarleton,,True,1,nyc-2024-cd10-dem,https://www.vote.nyc/sites/default/files/pdf/election_results/2024/20240625Primary%20Election/01001900010Crossover%20Democratic%20Representative%20in%20Congress%2010th%20Congressional%20District%20Recap.csv,52b9aa19e0b800822a584430f368dd9f01b18b6e38180a8009be4524f3d7f3b7,nyc-2024-01001900010Crossover_Democratic_Representative_in_Congress_10th_Congressional_District_Recap.csv:272,2
ny-2024-06-25-house-10-regular-democratic,2024,2024-06-25,primary,NY,House,10,regular,partisan_primary,Democratic,JOSH TYRANGIEL,nyc-2024-06-25-10-democratic-273-josh-tyrangiel,,True,1,nyc-2024-cd10-dem,https://www.vote.nyc/sites/default/files/pdf/election_results/2024/20240625Primary%20Election/01001900010Crossover%20Democratic%20Representative%20in%20Congress%2010th%20Congressional%20District%20Recap.csv,52b9aa19e0b800822a584430f368dd9f01b18b6e38180a8009be4524f3d7f3b7,nyc-2024-01001900010Crossover_Democratic_Representative_in_Congress_10th_Congressional_District_Recap.csv:273,2
ny-2024-06-25-house-10-regular-democratic,2024,2024-06-25,primary,NY,House,10,regular,partisan_primary,Democratic,JOSHUA IAN PEACHY,nyc-2024-06-25-10-democratic-274-joshua-ian-peachy,,True,1,nyc-2024-cd10-dem,https://www.vote.nyc/sites/default/files/pdf/election_results/2024/20240625Primary%20Election/01001900010Crossover%20Democratic%20Representative%20in%20Congress%2010th%20Congressional%20District%20Recap.csv,52b9aa19e0b800822a584430f368dd9f01b18b6e38180a8009be4524f3d7f3b7,nyc-2024-01001900010Crossover_Democratic_Representative_in_Congress_10th_Congressional_District_Recap.csv:274,2
ny-2024-06-25-house-10-regular-democratic,2024,2024-06-25,primary,NY,House,10,regular,partisan_primary,Democratic,JULIE PENA,nyc-2024-06-25-10-democratic-275-julie-pena,,True,1,nyc-2024-cd10-dem,https://www.vote.nyc/sites/default/files/pdf/election_results/2024/20240625Primary%20Election/01001900010Crossover%20Democratic%20Representative%20in%20Congress%2010th%20Congressional%20District%20Recap.csv,52b9aa19e0b800822a584430f368dd9f01b18b6e38180a8009be4524f3d7f3b7,nyc-2024-01001900010Crossover_Democratic_Representative_in_Congress_10th_Congressional_District_Recap.csv:275,2
ny-2024-06-25-house-10-regular-democratic,2024,2024-06-25,primary,NY,House,10,regular,partisan_primary,Democratic,JULIE RASKIN,nyc-2024-06-25-10-democratic-276-julie-raskin,,True,1,nyc-2024-cd10-dem,https://www.vote.nyc/sites/default/files/pdf/election_results/2024/20240625Primary%20Election/01001900010Crossover%20Democratic%20Representative%20in%20Congress%2010th%20Congressional%20District%20Recap.csv,52b9aa19e0b800822a584430f368dd9f01b18b6e38180a8009be4524f3d7f3b7,nyc-2024-01001900010Crossover_Democratic_Representative_in_Congress_10th_Congressional_District_Recap.csv:276,2
ny-2024-06-25-house-10-regular-democratic,2024,2024-06-25,primary,NY,House,10,regular,partisan_primary,Democratic,JULIO PENA,nyc-2024-06-25-10-democratic-277-julio-pena,,True,1,nyc-2024-cd10-dem,https://www.vote.nyc/sites/default/files/pdf/election_results/2024/20240625Primary%20Election/01001900010Crossover%20Democratic%20Representative%20in%20Congress%2010th%20Congressional%20District%20Recap.csv,52b9aa19e0b800822a584430f368dd9f01b18b6e38180a8009be4524f3d7f3b7,nyc-2024-01001900010Crossover_Democratic_Representative_in_Congress_10th_Congressional_District_Recap.csv:277,2
ny-2024-06-25-house-10-regular-democratic,2024,2024-06-25,primary,NY,House,10,regular,partisan_primary,Democratic,JULIUS MARX,nyc-2024-06-25-10-democratic-278-julius-marx,,True,1,nyc-2024-cd10-dem,https://www.vote.nyc/sites/default/files/pdf/election_results/2024/20240625Primary%20Election/01001900010Crossover%20Democratic%20Representative%20in%20Congress%2010th%20Congressional%20District%20Recap.csv,52b9aa19e0b800822a584430f368dd9f01b18b6e38180a8009be4524f3d7f3b7,nyc-2024-01001900010Crossover_Democratic_Representative_in_Congress_10th_Congressional_District_Recap.csv:278,2
ny-2024-06-25-house-10-regular-democratic,2024,2024-06-25,primary,NY,House,10,regular,partisan_primary,Democratic,KALMAN YEGER,nyc-2024-06-25-10-democratic-279-kalman-yeger,,True,1,nyc-2024-cd10-dem,https://www.vote.nyc/sites/default/files/pdf/election_results/2024/20240625Primary%20Election/01001900010Crossover%20Democratic%20Representative%20in%20Congress%2010th%20Congressional%20District%20Recap.csv,52b9aa19e0b800822a584430f368dd9f01b18b6e38180a8009be4524f3d7f3b7,nyc-2024-01001900010Crossover_Democratic_Representative_in_Congress_10th_Congressional_District_Recap.csv:279,2
ny-2024-06-25-house-10-regular-democratic,2024,2024-06-25,primary,NY,House,10,regular,partisan_primary,Democratic,KATHENINE DIXON,nyc-2024-06-25-10-democratic-280-kathenine-dixon,,True,1,nyc-2024-cd10-dem,https://www.vote.nyc/sites/default/files/pdf/election_results/2024/20240625Primary%20Election/01001900010Crossover%20Democratic%20Representative%20in%20Congress%2010th%20Congressional%20District%20Recap.csv,52b9aa19e0b800822a584430f368dd9f01b18b6e38180a8009be4524f3d7f3b7,nyc-2024-01001900010Crossover_Democratic_Representative_in_Congress_10th_Congressional_District_Recap.csv:280,2
ny-2024-06-25-house-10-regular-democratic,2024,2024-06-25,primary,NY,House,10,regular,partisan_primary,Democratic,KATHRYN GIOIOSA,nyc-2024-06-25-10-democratic-281-kathryn-gioiosa,,True,1,nyc-2024-cd10-dem,https://www.vote.nyc/sites/default/files/pdf/election_results/2024/20240625Primary%20Election/01001900010Crossover%20Democratic%20Representative%20in%20Congress%2010th%20Congressional%20District%20Recap.csv,52b9aa19e0b800822a584430f368dd9f01b18b6e38180a8009be4524f3d7f3b7,nyc-2024-01001900010Crossover_Democratic_Representative_in_Congress_10th_Congressional_District_Recap.csv:281,2
ny-2024-06-25-house-10-regular-democratic,2024,2024-06-25,primary,NY,House,10,regular,partisan_primary,Democratic,KEVIN JACOBS,nyc-2024-06-25-10-democratic-282-kevin-jacobs,,True,2,nyc-2024-cd10-dem,https://www.vote.nyc/sites/default/files/pdf/election_results/2024/20240625Primary%20Election/01001900010Crossover%20Democratic%20Representative%20in%20Congress%2010th%20Congressional%20District%20Recap.csv,52b9aa19e0b800822a584430f368dd9f01b18b6e38180a8009be4524f3d7f3b7,nyc-2024-01001900010Crossover_Democratic_Representative_in_Congress_10th_Congressional_District_Recap.csv:282,2
ny-2024-06-25-house-10-regular-democratic,2024,2024-06-25,primary,NY,House,10,regular,partisan_primary,Democratic,KIM DAVIS,nyc-2024-06-25-10-democratic-283-kim-davis,,True,1,nyc-2024-cd10-dem,https://www.vote.nyc/sites/default/files/pdf/election_results/2024/20240625Primary%20Election/01001900010Crossover%20Democratic%20Representative%20in%20Congress%2010th%20Congressional%20District%20Recap.csv,52b9aa19e0b800822a584430f368dd9f01b18b6e38180a8009be4524f3d7f3b7,nyc-2024-01001900010Crossover_Democratic_Representative_in_Congress_10th_Congressional_District_Recap.csv:283,2
ny-2024-06-25-house-10-regular-democratic,2024,2024-06-25,primary,NY,House,10,regular,partisan_primary,Democratic,KIRSTEN ORTIZ,nyc-2024-06-25-10-democratic-284-kirsten-ortiz,,True,1,nyc-2024-cd10-dem,https://www.vote.nyc/sites/default/files/pdf/election_results/2024/20240625Primary%20Election/01001900010Crossover%20Democratic%20Representative%20in%20Congress%2010th%20Congressional%20District%20Recap.csv,52b9aa19e0b800822a584430f368dd9f01b18b6e38180a8009be4524f3d7f3b7,nyc-2024-01001900010Crossover_Democratic_Representative_in_Congress_10th_Congressional_District_Recap.csv:284,2
ny-2024-06-25-house-10-regular-democratic,2024,2024-06-25,primary,NY,House,10,regular,partisan_primary,Democratic,KLARA CARAMES,nyc-2024-06-25-10-democratic-285-klara-carames,,True,1,nyc-2024-cd10-dem,https://www.vote.nyc/sites/default/files/pdf/election_results/2024/20240625Primary%20Election/01001900010Crossover%20Democratic%20Representative%20in%20Congress%2010th%20Congressional%20District%20Recap.csv,52b9aa19e0b800822a584430f368dd9f01b18b6e38180a8009be4524f3d7f3b7,nyc-2024-01001900010Crossover_Democratic_Representative_in_Congress_10th_Congressional_District_Recap.csv:285,2
ny-2024-06-25-house-10-regular-democratic,2024,2024-06-25,primary,NY,House,10,regular,partisan_primary,Democratic,KRISTINA BOERSKY,nyc-2024-06-25-10-democratic-286-kristina-boersky,,True,1,nyc-2024-cd10-dem,https://www.vote.nyc/sites/default/files/pdf/election_results/2024/20240625Primary%20Election/01001900010Crossover%20Democratic%20Representative%20in%20Congress%2010th%20Congressional%20District%20Recap.csv,52b9aa19e0b800822a584430f368dd9f01b18b6e38180a8009be4524f3d7f3b7,nyc-2024-01001900010Crossover_Democratic_Representative_in_Congress_10th_Congressional_District_Recap.csv:286,2
ny-2024-06-25-house-10-regular-democratic,2024,2024-06-25,primary,NY,House,10,regular,partisan_primary,Democratic,LAURA EDIDIN,nyc-2024-06-25-10-democratic-287-laura-edidin,,True,1,nyc-2024-cd10-dem,https://www.vote.nyc/sites/default/files/pdf/election_results/2024/20240625Primary%20Election/01001900010Crossover%20Democratic%20Representative%20in%20Congress%2010th%20Congressional%20District%20Recap.csv,52b9aa19e0b800822a584430f368dd9f01b18b6e38180a8009be4524f3d7f3b7,nyc-2024-01001900010Crossover_Democratic_Representative_in_Congress_10th_Congressional_District_Recap.csv:287,2
ny-2024-06-25-house-10-regular-democratic,2024,2024-06-25,primary,NY,House,10,regular,partisan_primary,Democratic,LAVSEN GLANT,nyc-2024-06-25-10-democratic-288-lavsen-glant,,True,1,nyc-2024-cd10-dem,https://www.vote.nyc/sites/default/files/pdf/election_results/2024/20240625Primary%20Election/01001900010Crossover%20Democratic%20Representative%20in%20Congress%2010th%20Congressional%20District%20Recap.csv,52b9aa19e0b800822a584430f368dd9f01b18b6e38180a8009be4524f3d7f3b7,nyc-2024-01001900010Crossover_Democratic_Representative_in_Congress_10th_Congressional_District_Recap.csv:288,2
ny-2024-06-25-house-10-regular-democratic,2024,2024-06-25,primary,NY,House,10,regular,partisan_primary,Democratic,LEONARD WHITE,nyc-2024-06-25-10-democratic-289-leonard-white,,True,2,nyc-2024-cd10-dem,https://www.vote.nyc/sites/default/files/pdf/election_results/2024/20240625Primary%20Election/01001900010Crossover%20Democratic%20Representative%20in%20Congress%2010th%20Congressional%20District%20Recap.csv,52b9aa19e0b800822a584430f368dd9f01b18b6e38180a8009be4524f3d7f3b7,nyc-2024-01001900010Crossover_Democratic_Representative_in_Congress_10th_Congressional_District_Recap.csv:289,2
ny-2024-06-25-house-10-regular-democratic,2024,2024-06-25,primary,NY,House,10,regular,partisan_primary,Democratic,LINCOLN RESTLER,nyc-2024-06-25-10-democratic-290-lincoln-restler,,True,2,nyc-2024-cd10-dem,https://www.vote.nyc/sites/default/files/pdf/election_results/2024/20240625Primary%20Election/01001900010Crossover%20Democratic%20Representative%20in%20Congress%2010th%20Congressional%20District%20Recap.csv,52b9aa19e0b800822a584430f368dd9f01b18b6e38180a8009be4524f3d7f3b7,nyc-2024-01001900010Crossover_Democratic_Representative_in_Congress_10th_Congressional_District_Recap.csv:290,2
ny-2024-06-25-house-10-regular-democratic,2024,2024-06-25,primary,NY,House,10,regular,partisan_primary,Democratic,LINDA SARSOUR,nyc-2024-06-25-10-democratic-291-linda-sarsour,,True,1,nyc-2024-cd10-dem,https://www.vote.nyc/sites/default/files/pdf/election_results/2024/20240625Primary%20Election/01001900010Crossover%20Democratic%20Representative%20in%20Congress%2010th%20Congressional%20District%20Recap.csv,52b9aa19e0b800822a584430f368dd9f01b18b6e38180a8009be4524f3d7f3b7,nyc-2024-01001900010Crossover_Democratic_Representative_in_Congress_10th_Congressional_District_Recap.csv:291,2
ny-2024-06-25-house-10-regular-democratic,2024,2024-06-25,primary,NY,House,10,regular,partisan_primary,Democratic,LOUISE ROBINSON,nyc-2024-06-25-10-democratic-292-louise-robinson,,True,1,nyc-2024-cd10-dem,https://www.vote.nyc/sites/default/files/pdf/election_results/2024/20240625Primary%20Election/01001900010Crossover%20Democratic%20Representative%20in%20Congress%2010th%20Congressional%20District%20Recap.csv,52b9aa19e0b800822a584430f368dd9f01b18b6e38180a8009be4524f3d7f3b7,nyc-2024-01001900010Crossover_Democratic_Representative_in_Congress_10th_Congressional_District_Recap.csv:292,2
ny-2024-06-25-house-10-regular-democratic,2024,2024-06-25,primary,NY,House,10,regular,partisan_primary,Democratic,LUCINDA M. ALBINO,nyc-2024-06-25-10-democratic-293-lucinda-m-albino,,True,1,nyc-2024-cd10-dem,https://www.vote.nyc/sites/default/files/pdf/election_results/2024/20240625Primary%20Election/01001900010Crossover%20Democratic%20Representative%20in%20Congress%2010th%20Congressional%20District%20Recap.csv,52b9aa19e0b800822a584430f368dd9f01b18b6e38180a8009be4524f3d7f3b7,nyc-2024-01001900010Crossover_Democratic_Representative_in_Congress_10th_Congressional_District_Recap.csv:293,2
ny-2024-06-25-house-10-regular-democratic,2024,2024-06-25,primary,NY,House,10,regular,partisan_primary,Democratic,MADELIN NOV,nyc-2024-06-25-10-democratic-294-madelin-nov,,True,1,nyc-2024-cd10-dem,https://www.vote.nyc/sites/default/files/pdf/election_results/2024/20240625Primary%20Election/01001900010Crossover%20Democratic%20Representative%20in%20Congress%2010th%20Congressional%20District%20Recap.csv,52b9aa19e0b800822a584430f368dd9f01b18b6e38180a8009be4524f3d7f3b7,nyc-2024-01001900010Crossover_Democratic_Representative_in_Congress_10th_Congressional_District_Recap.csv:294,2
ny-2024-06-25-house-10-regular-democratic,2024,2024-06-25,primary,NY,House,10,regular,partisan_primary,Democratic,MAHIR RAHMAN,nyc-2024-06-25-10-democratic-295-mahir-rahman,,True,1,nyc-2024-cd10-dem,https://www.vote.nyc/sites/default/files/pdf/election_results/2024/20240625Primary%20Election/01001900010Crossover%20Democratic%20Representative%20in%20Congress%2010th%20Congressional%20District%20Recap.csv,52b9aa19e0b800822a584430f368dd9f01b18b6e38180a8009be4524f3d7f3b7,nyc-2024-01001900010Crossover_Democratic_Representative_in_Congress_10th_Congressional_District_Recap.csv:295,2
ny-2024-06-25-house-10-regular-democratic,2024,2024-06-25,primary,NY,House,10,regular,partisan_primary,Democratic,MANDI SCHMETAMAN,nyc-2024-06-25-10-democratic-296-mandi-schmetaman,,True,1,nyc-2024-cd10-dem,https://www.vote.nyc/sites/default/files/pdf/election_results/2024/20240625Primary%20Election/01001900010Crossover%20Democratic%20Representative%20in%20Congress%2010th%20Congressional%20District%20Recap.csv,52b9aa19e0b800822a584430f368dd9f01b18b6e38180a8009be4524f3d7f3b7,nyc-2024-01001900010Crossover_Democratic_Representative_in_Congress_10th_Congressional_District_Recap.csv:296,2
ny-2024-06-25-house-10-regular-democratic,2024,2024-06-25,primary,NY,House,10,regular,partisan_primary,Democratic,MARGARETH DOMINIQUE,nyc-2024-06-25-10-democratic-297-margareth-dominique,,True,1,nyc-2024-cd10-dem,https://www.vote.nyc/sites/default/files/pdf/election_results/2024/20240625Primary%20Election/01001900010Crossover%20Democratic%20Representative%20in%20Congress%2010th%20Congressional%20District%20Recap.csv,52b9aa19e0b800822a584430f368dd9f01b18b6e38180a8009be4524f3d7f3b7,nyc-2024-01001900010Crossover_Democratic_Representative_in_Congress_10th_Congressional_District_Recap.csv:297,2
ny-2024-06-25-house-10-regular-democratic,2024,2024-06-25,primary,NY,House,10,regular,partisan_primary,Democratic,MARIA DEL CARMEN DIAZ,nyc-2024-06-25-10-democratic-298-maria-del-carmen-diaz,,True,1,nyc-2024-cd10-dem,https://www.vote.nyc/sites/default/files/pdf/election_results/2024/20240625Primary%20Election/01001900010Crossover%20Democratic%20Representative%20in%20Congress%2010th%20Congressional%20District%20Recap.csv,52b9aa19e0b800822a584430f368dd9f01b18b6e38180a8009be4524f3d7f3b7,nyc-2024-01001900010Crossover_Democratic_Representative_in_Congress_10th_Congressional_District_Recap.csv:298,2
ny-2024-06-25-house-10-regular-democratic,2024,2024-06-25,primary,NY,House,10,regular,partisan_primary,Democratic,MARY ELIZABETH BARTHOLOMEW,nyc-2024-06-25-10-democratic-299-mary-elizabeth-bartholomew,,True,1,nyc-2024-cd10-dem,https://www.vote.nyc/sites/default/files/pdf/election_results/2024/20240625Primary%20Election/01001900010Crossover%20Democratic%20Representative%20in%20Congress%2010th%20Congressional%20District%20Recap.csv,52b9aa19e0b800822a584430f368dd9f01b18b6e38180a8009be4524f3d7f3b7,nyc-2024-01001900010Crossover_Democratic_Representative_in_Congress_10th_Congressional_District_Recap.csv:299,2
ny-2024-06-25-house-10-regular-democratic,2024,2024-06-25,primary,NY,House,10,regular,partisan_primary,Democratic,MATT YUST,nyc-2024-06-25-10-democratic-300-matt-yust,,True,1,nyc-2024-cd10-dem,https://www.vote.nyc/sites/default/files/pdf/election_results/2024/20240625Primary%20Election/01001900010Crossover%20Democratic%20Representative%20in%20Congress%2010th%20Congressional%20District%20Recap.csv,52b9aa19e0b800822a584430f368dd9f01b18b6e38180a8009be4524f3d7f3b7,nyc-2024-01001900010Crossover_Democratic_Representative_in_Congress_10th_Congressional_District_Recap.csv:300,2
ny-2024-06-25-house-10-regular-democratic,2024,2024-06-25,primary,NY,House,10,regular,partisan_primary,Democratic,MAX FERGUSON NEUMAN,nyc-2024-06-25-10-democratic-301-max-ferguson-neuman,,True,1,nyc-2024-cd10-dem,https://www.vote.nyc/sites/default/files/pdf/election_results/2024/20240625Primary%20Election/01001900010Crossover%20Democratic%20Representative%20in%20Congress%2010th%20Congressional%20District%20Recap.csv,52b9aa19e0b800822a584430f368dd9f01b18b6e38180a8009be4524f3d7f3b7,nyc-2024-01001900010Crossover_Democratic_Representative_in_Congress_10th_Congressional_District_Recap.csv:301,2
ny-2024-06-25-house-10-regular-democratic,2024,2024-06-25,primary,NY,House,10,regular,partisan_primary,Democratic,MELIACH STROM,nyc-2024-06-25-10-democratic-302-meliach-strom,,True,1,nyc-2024-cd10-dem,https://www.vote.nyc/sites/default/files/pdf/election_results/2024/20240625Primary%20Election/01001900010Crossover%20Democratic%20Representative%20in%20Congress%2010th%20Congressional%20District%20Recap.csv,52b9aa19e0b800822a584430f368dd9f01b18b6e38180a8009be4524f3d7f3b7,nyc-2024-01001900010Crossover_Democratic_Representative_in_Congress_10th_Congressional_District_Recap.csv:302,2
ny-2024-06-25-house-10-regular-democratic,2024,2024-06-25,primary,NY,House,10,regular,partisan_primary,Democratic,MI KYUNG LEE,nyc-2024-06-25-10-democratic-303-mi-kyung-lee,,True,1,nyc-2024-cd10-dem,https://www.vote.nyc/sites/default/files/pdf/election_results/2024/20240625Primary%20Election/01001900010Crossover%20Democratic%20Representative%20in%20Congress%2010th%20Congressional%20District%20Recap.csv,52b9aa19e0b800822a584430f368dd9f01b18b6e38180a8009be4524f3d7f3b7,nyc-2024-01001900010Crossover_Democratic_Representative_in_Congress_10th_Congressional_District_Recap.csv:303,2
ny-2024-06-25-house-10-regular-democratic,2024,2024-06-25,primary,NY,House,10,regular,partisan_primary,Democratic,MICHAEL GURAL-MAIELLO,nyc-2024-06-25-10-democratic-304-michael-gural-maiello,,True,1,nyc-2024-cd10-dem,https://www.vote.nyc/sites/default/files/pdf/election_results/2024/20240625Primary%20Election/01001900010Crossover%20Democratic%20Representative%20in%20Congress%2010th%20Congressional%20District%20Recap.csv,52b9aa19e0b800822a584430f368dd9f01b18b6e38180a8009be4524f3d7f3b7,nyc-2024-01001900010Crossover_Democratic_Representative_in_Congress_10th_Congressional_District_Recap.csv:304,2
ny-2024-06-25-house-10-regular-democratic,2024,2024-06-25,primary,NY,House,10,regular,partisan_primary,Democratic,MICHAEL KANE,nyc-2024-06-25-10-democratic-305-michael-kane,,True,1,nyc-2024-cd10-dem,https://www.vote.nyc/sites/default/files/pdf/election_results/2024/20240625Primary%20Election/01001900010Crossover%20Democratic%20Representative%20in%20Congress%2010th%20Congressional%20District%20Recap.csv,52b9aa19e0b800822a584430f368dd9f01b18b6e38180a8009be4524f3d7f3b7,nyc-2024-01001900010Crossover_Democratic_Representative_in_Congress_10th_Congressional_District_Recap.csv:305,2
ny-2024-06-25-house-10-regular-democratic,2024,2024-06-25,primary,NY,House,10,regular,partisan_primary,Democratic,MICHAEL M. HONDA,nyc-2024-06-25-10-democratic-306-michael-m-honda,,True,1,nyc-2024-cd10-dem,https://www.vote.nyc/sites/default/files/pdf/election_results/2024/20240625Primary%20Election/01001900010Crossover%20Democratic%20Representative%20in%20Congress%2010th%20Congressional%20District%20Recap.csv,52b9aa19e0b800822a584430f368dd9f01b18b6e38180a8009be4524f3d7f3b7,nyc-2024-01001900010Crossover_Democratic_Representative_in_Congress_10th_Congressional_District_Recap.csv:306,2
ny-2024-06-25-house-10-regular-democratic,2024,2024-06-25,primary,NY,House,10,regular,partisan_primary,Democratic,MICHEAL J. COPPOTELLI,nyc-2024-06-25-10-democratic-307-micheal-j-coppotelli,,True,1,nyc-2024-cd10-dem,https://www.vote.nyc/sites/default/files/pdf/election_results/2024/20240625Primary%20Election/01001900010Crossover%20Democratic%20Representative%20in%20Congress%2010th%20Congressional%20District%20Recap.csv,52b9aa19e0b800822a584430f368dd9f01b18b6e38180a8009be4524f3d7f3b7,nyc-2024-01001900010Crossover_Democratic_Representative_in_Congress_10th_Congressional_District_Recap.csv:307,2
ny-2024-06-25-house-10-regular-democratic,2024,2024-06-25,primary,NY,House,10,regular,partisan_primary,Democratic,MIKE BLOOMBERG,nyc-2024-06-25-10-democratic-308-mike-bloomberg,,True,1,nyc-2024-cd10-dem,https://www.vote.nyc/sites/default/files/pdf/election_results/2024/20240625Primary%20Election/01001900010Crossover%20Democratic%20Representative%20in%20Congress%2010th%20Congressional%20District%20Recap.csv,52b9aa19e0b800822a584430f368dd9f01b18b6e38180a8009be4524f3d7f3b7,nyc-2024-01001900010Crossover_Democratic_Representative_in_Congress_10th_Congressional_District_Recap.csv:308,2
ny-2024-06-25-house-10-regular-democratic,2024,2024-06-25,primary,NY,House,10,regular,partisan_primary,Democratic,MONA ALLFORD,nyc-2024-06-25-10-democratic-309-mona-allford,,True,1,nyc-2024-cd10-dem,https://www.vote.nyc/sites/default/files/pdf/election_results/2024/20240625Primary%20Election/01001900010Crossover%20Democratic%20Representative%20in%20Congress%2010th%20Congressional%20District%20Recap.csv,52b9aa19e0b800822a584430f368dd9f01b18b6e38180a8009be4524f3d7f3b7,nyc-2024-01001900010Crossover_Democratic_Representative_in_Congress_10th_Congressional_District_Recap.csv:309,2
ny-2024-06-25-house-10-regular-democratic,2024,2024-06-25,primary,NY,House,10,regular,partisan_primary,Democratic,MOTAZ AZAIZA,nyc-2024-06-25-10-democratic-310-motaz-azaiza,,True,1,nyc-2024-cd10-dem,https://www.vote.nyc/sites/default/files/pdf/election_results/2024/20240625Primary%20Election/01001900010Crossover%20Democratic%20Representative%20in%20Congress%2010th%20Congressional%20District%20Recap.csv,52b9aa19e0b800822a584430f368dd9f01b18b6e38180a8009be4524f3d7f3b7,nyc-2024-01001900010Crossover_Democratic_Representative_in_Congress_10th_Congressional_District_Recap.csv:310,2
ny-2024-06-25-house-10-regular-democratic,2024,2024-06-25,primary,NY,House,10,regular,partisan_primary,Democratic,MUSTAFA BARGHOUTI,nyc-2024-06-25-10-democratic-311-mustafa-barghouti,,True,1,nyc-2024-cd10-dem,https://www.vote.nyc/sites/default/files/pdf/election_results/2024/20240625Primary%20Election/01001900010Crossover%20Democratic%20Representative%20in%20Congress%2010th%20Congressional%20District%20Recap.csv,52b9aa19e0b800822a584430f368dd9f01b18b6e38180a8009be4524f3d7f3b7,nyc-2024-01001900010Crossover_Democratic_Representative_in_Congress_10th_Congressional_District_Recap.csv:311,2
ny-2024-06-25-house-10-regular-democratic,2024,2024-06-25,primary,NY,House,10,regular,partisan_primary,Democratic,NEDIA VELOZAEZ,nyc-2024-06-25-10-democratic-312-nedia-velozaez,,True,1,nyc-2024-cd10-dem,https://www.vote.nyc/sites/default/files/pdf/election_results/2024/20240625Primary%20Election/01001900010Crossover%20Democratic%20Representative%20in%20Congress%2010th%20Congressional%20District%20Recap.csv,52b9aa19e0b800822a584430f368dd9f01b18b6e38180a8009be4524f3d7f3b7,nyc-2024-01001900010Crossover_Democratic_Representative_in_Congress_10th_Congressional_District_Recap.csv:312,2
ny-2024-06-25-house-10-regular-democratic,2024,2024-06-25,primary,NY,House,10,regular,partisan_primary,Democratic,NORA CARROLL,nyc-2024-06-25-10-democratic-313-nora-carroll,,True,1,nyc-2024-cd10-dem,https://www.vote.nyc/sites/default/files/pdf/election_results/2024/20240625Primary%20Election/01001900010Crossover%20Democratic%20Representative%20in%20Congress%2010th%20Congressional%20District%20Recap.csv,52b9aa19e0b800822a584430f368dd9f01b18b6e38180a8009be4524f3d7f3b7,nyc-2024-01001900010Crossover_Democratic_Representative_in_Congress_10th_Congressional_District_Recap.csv:313,2
ny-2024-06-25-house-10-regular-democratic,2024,2024-06-25,primary,NY,House,10,regular,partisan_primary,Democratic,OSWALDO RODRIGUEZ,nyc-2024-06-25-10-democratic-314-oswaldo-rodriguez,,True,1,nyc-2024-cd10-dem,https://www.vote.nyc/sites/default/files/pdf/election_results/2024/20240625Primary%20Election/01001900010Crossover%20Democratic%20Representative%20in%20Congress%2010th%20Congressional%20District%20Recap.csv,52b9aa19e0b800822a584430f368dd9f01b18b6e38180a8009be4524f3d7f3b7,nyc-2024-01001900010Crossover_Democratic_Representative_in_Congress_10th_Congressional_District_Recap.csv:314,2
ny-2024-06-25-house-10-regular-democratic,2024,2024-06-25,primary,NY,House,10,regular,partisan_primary,Democratic,PAUL NEWELL,nyc-2024-06-25-10-democratic-315-paul-newell,,True,2,nyc-2024-cd10-dem,https://www.vote.nyc/sites/default/files/pdf/election_results/2024/20240625Primary%20Election/01001900010Crossover%20Democratic%20Representative%20in%20Congress%2010th%20Congressional%20District%20Recap.csv,52b9aa19e0b800822a584430f368dd9f01b18b6e38180a8009be4524f3d7f3b7,nyc-2024-01001900010Crossover_Democratic_Representative_in_Congress_10th_Congressional_District_Recap.csv:315,2
ny-2024-06-25-house-10-regular-democratic,2024,2024-06-25,primary,NY,House,10,regular,partisan_primary,Democratic,PAULINA BOROWSKY,nyc-2024-06-25-10-democratic-316-paulina-borowsky,,True,1,nyc-2024-cd10-dem,https://www.vote.nyc/sites/default/files/pdf/election_results/2024/20240625Primary%20Election/01001900010Crossover%20Democratic%20Representative%20in%20Congress%2010th%20Congressional%20District%20Recap.csv,52b9aa19e0b800822a584430f368dd9f01b18b6e38180a8009be4524f3d7f3b7,nyc-2024-01001900010Crossover_Democratic_Representative_in_Congress_10th_Congressional_District_Recap.csv:316,2
ny-2024-06-25-house-10-regular-democratic,2024,2024-06-25,primary,NY,House,10,regular,partisan_primary,Democratic,PETER MENZ,nyc-2024-06-25-10-democratic-317-peter-menz,,True,1,nyc-2024-cd10-dem,https://www.vote.nyc/sites/default/files/pdf/election_results/2024/20240625Primary%20Election/01001900010Crossover%20Democratic%20Representative%20in%20Congress%2010th%20Congressional%20District%20Recap.csv,52b9aa19e0b800822a584430f368dd9f01b18b6e38180a8009be4524f3d7f3b7,nyc-2024-01001900010Crossover_Democratic_Representative_in_Congress_10th_Congressional_District_Recap.csv:317,2
ny-2024-06-25-house-10-regular-democratic,2024,2024-06-25,primary,NY,House,10,regular,partisan_primary,Democratic,PETER THEIL,nyc-2024-06-25-10-democratic-318-peter-theil,,True,1,nyc-2024-cd10-dem,https://www.vote.nyc/sites/default/files/pdf/election_results/2024/20240625Primary%20Election/01001900010Crossover%20Democratic%20Representative%20in%20Congress%2010th%20Congressional%20District%20Recap.csv,52b9aa19e0b800822a584430f368dd9f01b18b6e38180a8009be4524f3d7f3b7,nyc-2024-01001900010Crossover_Democratic_Representative_in_Congress_10th_Congressional_District_Recap.csv:318,2
ny-2024-06-25-house-10-regular-democratic,2024,2024-06-25,primary,NY,House,10,regular,partisan_primary,Democratic,RAINY LEHMAN,nyc-2024-06-25-10-democratic-319-rainy-lehman,,True,1,nyc-2024-cd10-dem,https://www.vote.nyc/sites/default/files/pdf/election_results/2024/20240625Primary%20Election/01001900010Crossover%20Democratic%20Representative%20in%20Congress%2010th%20Congressional%20District%20Recap.csv,52b9aa19e0b800822a584430f368dd9f01b18b6e38180a8009be4524f3d7f3b7,nyc-2024-01001900010Crossover_Democratic_Representative_in_Congress_10th_Congressional_District_Recap.csv:319,2
ny-2024-06-25-house-10-regular-democratic,2024,2024-06-25,primary,NY,House,10,regular,partisan_primary,Democratic,RASHIDA TLAIB,nyc-2024-06-25-10-democratic-320-rashida-tlaib,,True,2,nyc-2024-cd10-dem,https://www.vote.nyc/sites/default/files/pdf/election_results/2024/20240625Primary%20Election/01001900010Crossover%20Democratic%20Representative%20in%20Congress%2010th%20Congressional%20District%20Recap.csv,52b9aa19e0b800822a584430f368dd9f01b18b6e38180a8009be4524f3d7f3b7,nyc-2024-01001900010Crossover_Democratic_Representative_in_Congress_10th_Congressional_District_Recap.csv:320,2
ny-2024-06-25-house-10-regular-democratic,2024,2024-06-25,primary,NY,House,10,regular,partisan_primary,Democratic,REBECCA DAVIS,nyc-2024-06-25-10-democratic-321-rebecca-davis,,True,1,nyc-2024-cd10-dem,https://www.vote.nyc/sites/default/files/pdf/election_results/2024/20240625Primary%20Election/01001900010Crossover%20Democratic%20Representative%20in%20Congress%2010th%20Congressional%20District%20Recap.csv,52b9aa19e0b800822a584430f368dd9f01b18b6e38180a8009be4524f3d7f3b7,nyc-2024-01001900010Crossover_Democratic_Representative_in_Congress_10th_Congressional_District_Recap.csv:321,2
ny-2024-06-25-house-10-regular-democratic,2024,2024-06-25,primary,NY,House,10,regular,partisan_primary,Democratic,REGINA DOWNEY,nyc-2024-06-25-10-democratic-322-regina-downey,,True,1,nyc-2024-cd10-dem,https://www.vote.nyc/sites/default/files/pdf/election_results/2024/20240625Primary%20Election/01001900010Crossover%20Democratic%20Representative%20in%20Congress%2010th%20Congressional%20District%20Recap.csv,52b9aa19e0b800822a584430f368dd9f01b18b6e38180a8009be4524f3d7f3b7,nyc-2024-01001900010Crossover_Democratic_Representative_in_Congress_10th_Congressional_District_Recap.csv:322,2
ny-2024-06-25-house-10-regular-democratic,2024,2024-06-25,primary,NY,House,10,regular,partisan_primary,Democratic,RICHARD SILVER,nyc-2024-06-25-10-democratic-323-richard-silver,,True,1,nyc-2024-cd10-dem,https://www.vote.nyc/sites/default/files/pdf/election_results/2024/20240625Primary%20Election/01001900010Crossover%20Democratic%20Representative%20in%20Congress%2010th%20Congressional%20District%20Recap.csv,52b9aa19e0b800822a584430f368dd9f01b18b6e38180a8009be4524f3d7f3b7,nyc-2024-01001900010Crossover_Democratic_Representative_in_Congress_10th_Congressional_District_Recap.csv:323,2
ny-2024-06-25-house-10-regular-democratic,2024,2024-06-25,primary,NY,House,10,regular,partisan_primary,Democratic,RICHIE TORRES,nyc-2024-06-25-10-democratic-324-richie-torres,,True,1,nyc-2024-cd10-dem,https://www.vote.nyc/sites/default/files/pdf/election_results/2024/20240625Primary%20Election/01001900010Crossover%20Democratic%20Representative%20in%20Congress%2010th%20Congressional%20District%20Recap.csv,52b9aa19e0b800822a584430f368dd9f01b18b6e38180a8009be4524f3d7f3b7,nyc-2024-01001900010Crossover_Democratic_Representative_in_Congress_10th_Congressional_District_Recap.csv:324,2
ny-2024-06-25-house-10-regular-democratic,2024,2024-06-25,primary,NY,House,10,regular,partisan_primary,Democratic,ROGER RICKLEFS,nyc-2024-06-25-10-democratic-325-roger-ricklefs,,True,1,nyc-2024-cd10-dem,https://www.vote.nyc/sites/default/files/pdf/election_results/2024/20240625Primary%20Election/01001900010Crossover%20Democratic%20Representative%20in%20Congress%2010th%20Congressional%20District%20Recap.csv,52b9aa19e0b800822a584430f368dd9f01b18b6e38180a8009be4524f3d7f3b7,nyc-2024-01001900010Crossover_Democratic_Representative_in_Congress_10th_Congressional_District_Recap.csv:325,2
ny-2024-06-25-house-10-regular-democratic,2024,2024-06-25,primary,NY,House,10,regular,partisan_primary,Democratic,RON LUBIN,nyc-2024-06-25-10-democratic-326-ron-lubin,,True,1,nyc-2024-cd10-dem,https://www.vote.nyc/sites/default/files/pdf/election_results/2024/20240625Primary%20Election/01001900010Crossover%20Democratic%20Representative%20in%20Congress%2010th%20Congressional%20District%20Recap.csv,52b9aa19e0b800822a584430f368dd9f01b18b6e38180a8009be4524f3d7f3b7,nyc-2024-01001900010Crossover_Democratic_Representative_in_Congress_10th_Congressional_District_Recap.csv:326,2
ny-2024-06-25-house-10-regular-democratic,2024,2024-06-25,primary,NY,House,10,regular,partisan_primary,Democratic,RYDER KESSLER,nyc-2024-06-25-10-democratic-327-ryder-kessler,,True,1,nyc-2024-cd10-dem,https://www.vote.nyc/sites/default/files/pdf/election_results/2024/20240625Primary%20Election/01001900010Crossover%20Democratic%20Representative%20in%20Congress%2010th%20Congressional%20District%20Recap.csv,52b9aa19e0b800822a584430f368dd9f01b18b6e38180a8009be4524f3d7f3b7,nyc-2024-01001900010Crossover_Democratic_Representative_in_Congress_10th_Congressional_District_Recap.csv:327,2
ny-2024-06-25-house-10-regular-democratic,2024,2024-06-25,primary,NY,House,10,regular,partisan_primary,Democratic,SAM ALBERTI,nyc-2024-06-25-10-democratic-328-sam-alberti,,True,1,nyc-2024-cd10-dem,https://www.vote.nyc/sites/default/files/pdf/election_results/2024/20240625Primary%20Election/01001900010Crossover%20Democratic%20Representative%20in%20Congress%2010th%20Congressional%20District%20Recap.csv,52b9aa19e0b800822a584430f368dd9f01b18b6e38180a8009be4524f3d7f3b7,nyc-2024-01001900010Crossover_Democratic_Representative_in_Congress_10th_Congressional_District_Recap.csv:328,2
ny-2024-06-25-house-10-regular-democratic,2024,2024-06-25,primary,NY,House,10,regular,partisan_primary,Democratic,SAMUEL BACHNER,nyc-2024-06-25-10-democratic-329-samuel-bachner,,True,1,nyc-2024-cd10-dem,https://www.vote.nyc/sites/default/files/pdf/election_results/2024/20240625Primary%20Election/01001900010Crossover%20Democratic%20Representative%20in%20Congress%2010th%20Congressional%20District%20Recap.csv,52b9aa19e0b800822a584430f368dd9f01b18b6e38180a8009be4524f3d7f3b7,nyc-2024-01001900010Crossover_Democratic_Representative_in_Congress_10th_Congressional_District_Recap.csv:329,2
ny-2024-06-25-house-10-regular-democratic,2024,2024-06-25,primary,NY,House,10,regular,partisan_primary,Democratic,SAMUEL Z FISCHER,nyc-2024-06-25-10-democratic-330-samuel-z-fischer,,True,1,nyc-2024-cd10-dem,https://www.vote.nyc/sites/default/files/pdf/election_results/2024/20240625Primary%20Election/01001900010Crossover%20Democratic%20Representative%20in%20Congress%2010th%20Congressional%20District%20Recap.csv,52b9aa19e0b800822a584430f368dd9f01b18b6e38180a8009be4524f3d7f3b7,nyc-2024-01001900010Crossover_Democratic_Representative_in_Congress_10th_Congressional_District_Recap.csv:330,2
ny-2024-06-25-house-10-regular-democratic,2024,2024-06-25,primary,NY,House,10,regular,partisan_primary,Democratic,SANDIA KHALID,nyc-2024-06-25-10-democratic-331-sandia-khalid,,True,1,nyc-2024-cd10-dem,https://www.vote.nyc/sites/default/files/pdf/election_results/2024/20240625Primary%20Election/01001900010Crossover%20Democratic%20Representative%20in%20Congress%2010th%20Congressional%20District%20Recap.csv,52b9aa19e0b800822a584430f368dd9f01b18b6e38180a8009be4524f3d7f3b7,nyc-2024-01001900010Crossover_Democratic_Representative_in_Congress_10th_Congressional_District_Recap.csv:331,2
ny-2024-06-25-house-10-regular-democratic,2024,2024-06-25,primary,NY,House,10,regular,partisan_primary,Democratic,SCOTT FOUST,nyc-2024-06-25-10-democratic-332-scott-foust,,True,1,nyc-2024-cd10-dem,https://www.vote.nyc/sites/default/files/pdf/election_results/2024/20240625Primary%20Election/01001900010Crossover%20Democratic%20Representative%20in%20Congress%2010th%20Congressional%20District%20Recap.csv,52b9aa19e0b800822a584430f368dd9f01b18b6e38180a8009be4524f3d7f3b7,nyc-2024-01001900010Crossover_Democratic_Representative_in_Congress_10th_Congressional_District_Recap.csv:332,2
ny-2024-06-25-house-10-regular-democratic,2024,2024-06-25,primary,NY,House,10,regular,partisan_primary,Democratic,SHABARA HANI,nyc-2024-06-25-10-democratic-333-shabara-hani,,True,1,nyc-2024-cd10-dem,https://www.vote.nyc/sites/default/files/pdf/election_results/2024/20240625Primary%20Election/01001900010Crossover%20Democratic%20Representative%20in%20Congress%2010th%20Congressional%20District%20Recap.csv,52b9aa19e0b800822a584430f368dd9f01b18b6e38180a8009be4524f3d7f3b7,nyc-2024-01001900010Crossover_Democratic_Representative_in_Congress_10th_Congressional_District_Recap.csv:333,2
ny-2024-06-25-house-10-regular-democratic,2024,2024-06-25,primary,NY,House,10,regular,partisan_primary,Democratic,SHAHANA HANIF,nyc-2024-06-25-10-democratic-334-shahana-hanif,,True,2,nyc-2024-cd10-dem,https://www.vote.nyc/sites/default/files/pdf/election_results/2024/20240625Primary%20Election/01001900010Crossover%20Democratic%20Representative%20in%20Congress%2010th%20Congressional%20District%20Recap.csv,52b9aa19e0b800822a584430f368dd9f01b18b6e38180a8009be4524f3d7f3b7,nyc-2024-01001900010Crossover_Democratic_Representative_in_Congress_10th_Congressional_District_Recap.csv:334,2
ny-2024-06-25-house-10-regular-democratic,2024,2024-06-25,primary,NY,House,10,regular,partisan_primary,Democratic,SHAREEN ABU AKLEH,nyc-2024-06-25-10-democratic-335-shareen-abu-akleh,,True,1,nyc-2024-cd10-dem,https://www.vote.nyc/sites/default/files/pdf/election_results/2024/20240625Primary%20Election/01001900010Crossover%20Democratic%20Representative%20in%20Congress%2010th%20Congressional%20District%20Recap.csv,52b9aa19e0b800822a584430f368dd9f01b18b6e38180a8009be4524f3d7f3b7,nyc-2024-01001900010Crossover_Democratic_Representative_in_Congress_10th_Congressional_District_Recap.csv:335,2
ny-2024-06-25-house-10-regular-democratic,2024,2024-06-25,primary,NY,House,10,regular,partisan_primary,Democratic,SHEHAB CHOWDHARY,nyc-2024-06-25-10-democratic-336-shehab-chowdhary,,True,1,nyc-2024-cd10-dem,https://www.vote.nyc/sites/default/files/pdf/election_results/2024/20240625Primary%20Election/01001900010Crossover%20Democratic%20Representative%20in%20Congress%2010th%20Congressional%20District%20Recap.csv,52b9aa19e0b800822a584430f368dd9f01b18b6e38180a8009be4524f3d7f3b7,nyc-2024-01001900010Crossover_Democratic_Representative_in_Congress_10th_Congressional_District_Recap.csv:336,2
ny-2024-06-25-house-10-regular-democratic,2024,2024-06-25,primary,NY,House,10,regular,partisan_primary,Democratic,SIMCHA FELDER,nyc-2024-06-25-10-democratic-337-simcha-felder,,True,1,nyc-2024-cd10-dem,https://www.vote.nyc/sites/default/files/pdf/election_results/2024/20240625Primary%20Election/01001900010Crossover%20Democratic%20Representative%20in%20Congress%2010th%20Congressional%20District%20Recap.csv,52b9aa19e0b800822a584430f368dd9f01b18b6e38180a8009be4524f3d7f3b7,nyc-2024-01001900010Crossover_Democratic_Representative_in_Congress_10th_Congressional_District_Recap.csv:337,2
ny-2024-06-25-house-10-regular-democratic,2024,2024-06-25,primary,NY,House,10,regular,partisan_primary,Democratic,SIRISHA VARIGONDA,nyc-2024-06-25-10-democratic-338-sirisha-varigonda,,True,1,nyc-2024-cd10-dem,https://www.vote.nyc/sites/default/files/pdf/election_results/2024/20240625Primary%20Election/01001900010Crossover%20Democratic%20Representative%20in%20Congress%2010th%20Congressional%20District%20Recap.csv,52b9aa19e0b800822a584430f368dd9f01b18b6e38180a8009be4524f3d7f3b7,nyc-2024-01001900010Crossover_Democratic_Representative_in_Congress_10th_Congressional_District_Recap.csv:338,2
ny-2024-06-25-house-10-regular-democratic,2024,2024-06-25,primary,NY,House,10,regular,partisan_primary,Democratic,SONYA LEVITOVA,nyc-2024-06-25-10-democratic-339-sonya-levitova,,True,1,nyc-2024-cd10-dem,https://www.vote.nyc/sites/default/files/pdf/election_results/2024/20240625Primary%20Election/01001900010Crossover%20Democratic%20Representative%20in%20Congress%2010th%20Congressional%20District%20Recap.csv,52b9aa19e0b800822a584430f368dd9f01b18b6e38180a8009be4524f3d7f3b7,nyc-2024-01001900010Crossover_Democratic_Representative_in_Congress_10th_Congressional_District_Recap.csv:339,2
ny-2024-06-25-house-10-regular-democratic,2024,2024-06-25,primary,NY,House,10,regular,partisan_primary,Democratic,SPENCER CAPLAN,nyc-2024-06-25-10-democratic-340-spencer-caplan,,True,1,nyc-2024-cd10-dem,https://www.vote.nyc/sites/default/files/pdf/election_results/2024/20240625Primary%20Election/01001900010Crossover%20Democratic%20Representative%20in%20Congress%2010th%20Congressional%20District%20Recap.csv,52b9aa19e0b800822a584430f368dd9f01b18b6e38180a8009be4524f3d7f3b7,nyc-2024-01001900010Crossover_Democratic_Representative_in_Congress_10th_Congressional_District_Recap.csv:340,2
ny-2024-06-25-house-10-regular-democratic,2024,2024-06-25,primary,NY,House,10,regular,partisan_primary,Democratic,STEPH SALOMONSEN,nyc-2024-06-25-10-democratic-341-steph-salomonsen,,True,1,nyc-2024-cd10-dem,https://www.vote.nyc/sites/default/files/pdf/election_results/2024/20240625Primary%20Election/01001900010Crossover%20Democratic%20Representative%20in%20Congress%2010th%20Congressional%20District%20Recap.csv,52b9aa19e0b800822a584430f368dd9f01b18b6e38180a8009be4524f3d7f3b7,nyc-2024-01001900010Crossover_Democratic_Representative_in_Congress_10th_Congressional_District_Recap.csv:341,2
ny-2024-06-25-house-10-regular-democratic,2024,2024-06-25,primary,NY,House,10,regular,partisan_primary,Democratic,SUSAN CHAPMAN HUGHS,nyc-2024-06-25-10-democratic-342-susan-chapman-hughs,,True,1,nyc-2024-cd10-dem,https://www.vote.nyc/sites/default/files/pdf/election_results/2024/20240625Primary%20Election/01001900010Crossover%20Democratic%20Representative%20in%20Congress%2010th%20Congressional%20District%20Recap.csv,52b9aa19e0b800822a584430f368dd9f01b18b6e38180a8009be4524f3d7f3b7,nyc-2024-01001900010Crossover_Democratic_Representative_in_Congress_10th_Congressional_District_Recap.csv:342,2
ny-2024-06-25-house-10-regular-democratic,2024,2024-06-25,primary,NY,House,10,regular,partisan_primary,Democratic,SUSAN KENT,nyc-2024-06-25-10-democratic-343-susan-kent,,True,1,nyc-2024-cd10-dem,https://www.vote.nyc/sites/default/files/pdf/election_results/2024/20240625Primary%20Election/01001900010Crossover%20Democratic%20Representative%20in%20Congress%2010th%20Congressional%20District%20Recap.csv,52b9aa19e0b800822a584430f368dd9f01b18b6e38180a8009be4524f3d7f3b7,nyc-2024-01001900010Crossover_Democratic_Representative_in_Congress_10th_Congressional_District_Recap.csv:343,2
ny-2024-06-25-house-10-regular-democratic,2024,2024-06-25,primary,NY,House,10,regular,partisan_primary,Democratic,SUSAN LEE,nyc-2024-06-25-10-democratic-344-susan-lee,,True,1,nyc-2024-cd10-dem,https://www.vote.nyc/sites/default/files/pdf/election_results/2024/20240625Primary%20Election/01001900010Crossover%20Democratic%20Representative%20in%20Congress%2010th%20Congressional%20District%20Recap.csv,52b9aa19e0b800822a584430f368dd9f01b18b6e38180a8009be4524f3d7f3b7,nyc-2024-01001900010Crossover_Democratic_Representative_in_Congress_10th_Congressional_District_Recap.csv:344,2
ny-2024-06-25-house-10-regular-democratic,2024,2024-06-25,primary,NY,House,10,regular,partisan_primary,Democratic,SUSAN T. LEE,nyc-2024-06-25-10-democratic-345-susan-t-lee,,True,9,nyc-2024-cd10-dem,https://www.vote.nyc/sites/default/files/pdf/election_results/2024/20240625Primary%20Election/01001900010Crossover%20Democratic%20Representative%20in%20Congress%2010th%20Congressional%20District%20Recap.csv,52b9aa19e0b800822a584430f368dd9f01b18b6e38180a8009be4524f3d7f3b7,nyc-2024-01001900010Crossover_Democratic_Representative_in_Congress_10th_Congressional_District_Recap.csv:345,2
ny-2024-06-25-house-10-regular-democratic,2024,2024-06-25,primary,NY,House,10,regular,partisan_primary,Democratic,TED WEISS,nyc-2024-06-25-10-democratic-346-ted-weiss,,True,1,nyc-2024-cd10-dem,https://www.vote.nyc/sites/default/files/pdf/election_results/2024/20240625Primary%20Election/01001900010Crossover%20Democratic%20Representative%20in%20Congress%2010th%20Congressional%20District%20Recap.csv,52b9aa19e0b800822a584430f368dd9f01b18b6e38180a8009be4524f3d7f3b7,nyc-2024-01001900010Crossover_Democratic_Representative_in_Congress_10th_Congressional_District_Recap.csv:346,2
ny-2024-06-25-house-10-regular-democratic,2024,2024-06-25,primary,NY,House,10,regular,partisan_primary,Democratic,TERRY DORNER,nyc-2024-06-25-10-democratic-347-terry-dorner,,True,1,nyc-2024-cd10-dem,https://www.vote.nyc/sites/default/files/pdf/election_results/2024/20240625Primary%20Election/01001900010Crossover%20Democratic%20Representative%20in%20Congress%2010th%20Congressional%20District%20Recap.csv,52b9aa19e0b800822a584430f368dd9f01b18b6e38180a8009be4524f3d7f3b7,nyc-2024-01001900010Crossover_Democratic_Representative_in_Congress_10th_Congressional_District_Recap.csv:347,2
ny-2024-06-25-house-10-regular-democratic,2024,2024-06-25,primary,NY,House,10,regular,partisan_primary,Democratic,TEVIN WILLIAMS,nyc-2024-06-25-10-democratic-348-tevin-williams,,True,1,nyc-2024-cd10-dem,https://www.vote.nyc/sites/default/files/pdf/election_results/2024/20240625Primary%20Election/01001900010Crossover%20Democratic%20Representative%20in%20Congress%2010th%20Congressional%20District%20Recap.csv,52b9aa19e0b800822a584430f368dd9f01b18b6e38180a8009be4524f3d7f3b7,nyc-2024-01001900010Crossover_Democratic_Representative_in_Congress_10th_Congressional_District_Recap.csv:348,2
ny-2024-06-25-house-10-regular-democratic,2024,2024-06-25,primary,NY,House,10,regular,partisan_primary,Democratic,TODD FRANCES,nyc-2024-06-25-10-democratic-349-todd-frances,,True,1,nyc-2024-cd10-dem,https://www.vote.nyc/sites/default/files/pdf/election_results/2024/20240625Primary%20Election/01001900010Crossover%20Democratic%20Representative%20in%20Congress%2010th%20Congressional%20District%20Recap.csv,52b9aa19e0b800822a584430f368dd9f01b18b6e38180a8009be4524f3d7f3b7,nyc-2024-01001900010Crossover_Democratic_Representative_in_Congress_10th_Congressional_District_Recap.csv:349,2
ny-2024-06-25-house-10-regular-democratic,2024,2024-06-25,primary,NY,House,10,regular,partisan_primary,Democratic,UNATTRIBUTABLE WRITE-IN,nyc-2024-06-25-10-democratic-350-unattributable-write-in,,True,298,nyc-2024-cd10-dem,https://www.vote.nyc/sites/default/files/pdf/election_results/2024/20240625Primary%20Election/01001900010Crossover%20Democratic%20Representative%20in%20Congress%2010th%20Congressional%20District%20Recap.csv,52b9aa19e0b800822a584430f368dd9f01b18b6e38180a8009be4524f3d7f3b7,nyc-2024-01001900010Crossover_Democratic_Representative_in_Congress_10th_Congressional_District_Recap.csv:350,2
ny-2024-06-25-house-10-regular-democratic,2024,2024-06-25,primary,NY,House,10,regular,partisan_primary,Democratic,UNCOUNTED WRITE-IN PER STATUTE,nyc-2024-06-25-10-democratic-351-uncounted-write-in-per-statute,,True,5,nyc-2024-cd10-dem,https://www.vote.nyc/sites/default/files/pdf/election_results/2024/20240625Primary%20Election/01001900010Crossover%20Democratic%20Representative%20in%20Congress%2010th%20Congressional%20District%20Recap.csv,52b9aa19e0b800822a584430f368dd9f01b18b6e38180a8009be4524f3d7f3b7,nyc-2024-01001900010Crossover_Democratic_Representative_in_Congress_10th_Congressional_District_Recap.csv:351,2
ny-2024-06-25-house-10-regular-democratic,2024,2024-06-25,primary,NY,House,10,regular,partisan_primary,Democratic,WAYNE MURATORE,nyc-2024-06-25-10-democratic-352-wayne-muratore,,True,1,nyc-2024-cd10-dem,https://www.vote.nyc/sites/default/files/pdf/election_results/2024/20240625Primary%20Election/01001900010Crossover%20Democratic%20Representative%20in%20Congress%2010th%20Congressional%20District%20Recap.csv,52b9aa19e0b800822a584430f368dd9f01b18b6e38180a8009be4524f3d7f3b7,nyc-2024-01001900010Crossover_Democratic_Representative_in_Congress_10th_Congressional_District_Recap.csv:352,2
ny-2024-06-25-house-10-regular-democratic,2024,2024-06-25,primary,NY,House,10,regular,partisan_primary,Democratic,WENDY LI,nyc-2024-06-25-10-democratic-353-wendy-li,,True,3,nyc-2024-cd10-dem,https://www.vote.nyc/sites/default/files/pdf/election_results/2024/20240625Primary%20Election/01001900010Crossover%20Democratic%20Representative%20in%20Congress%2010th%20Congressional%20District%20Recap.csv,52b9aa19e0b800822a584430f368dd9f01b18b6e38180a8009be4524f3d7f3b7,nyc-2024-01001900010Crossover_Democratic_Representative_in_Congress_10th_Congressional_District_Recap.csv:353,2
ny-2024-06-25-house-10-regular-democratic,2024,2024-06-25,primary,NY,House,10,regular,partisan_primary,Democratic,YASSER ARAFAT,nyc-2024-06-25-10-democratic-354-yasser-arafat,,True,1,nyc-2024-cd10-dem,https://www.vote.nyc/sites/default/files/pdf/election_results/2024/20240625Primary%20Election/01001900010Crossover%20Democratic%20Representative%20in%20Congress%2010th%20Congressional%20District%20Recap.csv,52b9aa19e0b800822a584430f368dd9f01b18b6e38180a8009be4524f3d7f3b7,nyc-2024-01001900010Crossover_Democratic_Representative_in_Congress_10th_Congressional_District_Recap.csv:354,2
ny-2024-06-25-house-10-regular-democratic,2024,2024-06-25,primary,NY,House,10,regular,partisan_primary,Democratic,YOSSI GESTSTNER,nyc-2024-06-25-10-democratic-355-yossi-geststner,,True,1,nyc-2024-cd10-dem,https://www.vote.nyc/sites/default/files/pdf/election_results/2024/20240625Primary%20Election/01001900010Crossover%20Democratic%20Representative%20in%20Congress%2010th%20Congressional%20District%20Recap.csv,52b9aa19e0b800822a584430f368dd9f01b18b6e38180a8009be4524f3d7f3b7,nyc-2024-01001900010Crossover_Democratic_Representative_in_Congress_10th_Congressional_District_Recap.csv:355,2
ny-2024-06-25-house-10-regular-democratic,2024,2024-06-25,primary,NY,House,10,regular,partisan_primary,Democratic,YUH LINE NIOU,nyc-2024-06-25-10-democratic-356-yuh-line-niou,,True,24,nyc-2024-cd10-dem,https://www.vote.nyc/sites/default/files/pdf/election_results/2024/20240625Primary%20Election/01001900010Crossover%20Democratic%20Representative%20in%20Congress%2010th%20Congressional%20District%20Recap.csv,52b9aa19e0b800822a584430f368dd9f01b18b6e38180a8009be4524f3d7f3b7,nyc-2024-01001900010Crossover_Democratic_Representative_in_Congress_10th_Congressional_District_Recap.csv:356,2
ny-2024-06-25-house-10-regular-democratic,2024,2024-06-25,primary,NY,House,10,regular,partisan_primary,Democratic,YUH-LINE NIOU,nyc-2024-06-25-10-democratic-357-yuh-line-niou,,True,19,nyc-2024-cd10-dem,https://www.vote.nyc/sites/default/files/pdf/election_results/2024/20240625Primary%20Election/01001900010Crossover%20Democratic%20Representative%20in%20Congress%2010th%20Congressional%20District%20Recap.csv,52b9aa19e0b800822a584430f368dd9f01b18b6e38180a8009be4524f3d7f3b7,nyc-2024-01001900010Crossover_Democratic_Representative_in_Congress_10th_Congressional_District_Recap.csv:357,2
ny-2024-06-25-house-14-regular-democratic,2024,2024-06-25,primary,NY,House,14,regular,partisan_primary,Democratic,ADAM GAZA,nyc-2024-06-25-14-democratic-71-adam-gaza,,True,2,nyc-2024-cd14-dem,https://www.vote.nyc/sites/default/files/pdf/election_results/2024/20240625Primary%20Election/01001900014Crossover%20Democratic%20Representative%20in%20Congress%2014th%20Congressional%20District%20Recap.csv,0b3ad7e36d7387151a339e7b9402c5ad42912aadec7600561b2b6803608a25d6,nyc-2024-01001900014Crossover_Democratic_Representative_in_Congress_14th_Congressional_District_Recap.csv:71,2
ny-2024-06-25-house-14-regular-democratic,2024,2024-06-25,primary,NY,House,14,regular,partisan_primary,Democratic,AGHA SALEH,nyc-2024-06-25-14-democratic-72-agha-saleh,,True,1,nyc-2024-cd14-dem,https://www.vote.nyc/sites/default/files/pdf/election_results/2024/20240625Primary%20Election/01001900014Crossover%20Democratic%20Representative%20in%20Congress%2014th%20Congressional%20District%20Recap.csv,0b3ad7e36d7387151a339e7b9402c5ad42912aadec7600561b2b6803608a25d6,nyc-2024-01001900014Crossover_Democratic_Representative_in_Congress_14th_Congressional_District_Recap.csv:72,2
ny-2024-06-25-house-14-regular-democratic,2024,2024-06-25,primary,NY,House,14,regular,partisan_primary,Democratic,ALBA SHARON,nyc-2024-06-25-14-democratic-73-alba-sharon,,True,1,nyc-2024-cd14-dem,https://www.vote.nyc/sites/default/files/pdf/election_results/2024/20240625Primary%20Election/01001900014Crossover%20Democratic%20Representative%20in%20Congress%2014th%20Congressional%20District%20Recap.csv,0b3ad7e36d7387151a339e7b9402c5ad42912aadec7600561b2b6803608a25d6,nyc-2024-01001900014Crossover_Democratic_Representative_in_Congress_14th_Congressional_District_Recap.csv:73,2
ny-2024-06-25-house-14-regular-democratic,2024,2024-06-25,primary,NY,House,14,regular,partisan_primary,Democratic,ALEXANDRIA OCASIO CORTEZ,nyc-2024-06-25-14-democratic-74-alexandria-ocasio-cortez,,True,1,nyc-2024-cd14-dem,https://www.vote.nyc/sites/default/files/pdf/election_results/2024/20240625Primary%20Election/01001900014Crossover%20Democratic%20Representative%20in%20Congress%2014th%20Congressional%20District%20Recap.csv,0b3ad7e36d7387151a339e7b9402c5ad42912aadec7600561b2b6803608a25d6,nyc-2024-01001900014Crossover_Democratic_Representative_in_Congress_14th_Congressional_District_Recap.csv:74,2
ny-2024-06-25-house-14-regular-democratic,2024,2024-06-25,primary,NY,House,14,regular,partisan_primary,Democratic,Alexandria Ocasio-Cortez,nyc-2024-06-25-14-democratic-70-alexandria-ocasio-cortez,Democratic,False,20136,nyc-2024-cd14-dem,https://www.vote.nyc/sites/default/files/pdf/election_results/2024/20240625Primary%20Election/01001900014Crossover%20Democratic%20Representative%20in%20Congress%2014th%20Congressional%20District%20Recap.csv,0b3ad7e36d7387151a339e7b9402c5ad42912aadec7600561b2b6803608a25d6,nyc-2024-01001900014Crossover_Democratic_Representative_in_Congress_14th_Congressional_District_Recap.csv:70,2
ny-2024-06-25-house-14-regular-democratic,2024,2024-06-25,primary,NY,House,14,regular,partisan_primary,Democratic,CATALINA RAMOS,nyc-2024-06-25-14-democratic-75-catalina-ramos,,True,1,nyc-2024-cd14-dem,https://www.vote.nyc/sites/default/files/pdf/election_results/2024/20240625Primary%20Election/01001900014Crossover%20Democratic%20Representative%20in%20Congress%2014th%20Congressional%20District%20Recap.csv,0b3ad7e36d7387151a339e7b9402c5ad42912aadec7600561b2b6803608a25d6,nyc-2024-01001900014Crossover_Democratic_Representative_in_Congress_14th_Congressional_District_Recap.csv:75,2
ny-2024-06-25-house-14-regular-democratic,2024,2024-06-25,primary,NY,House,14,regular,partisan_primary,Democratic,DAVE MANILOW,nyc-2024-06-25-14-democratic-76-dave-manilow,,True,1,nyc-2024-cd14-dem,https://www.vote.nyc/sites/default/files/pdf/election_results/2024/20240625Primary%20Election/01001900014Crossover%20Democratic%20Representative%20in%20Congress%2014th%20Congressional%20District%20Recap.csv,0b3ad7e36d7387151a339e7b9402c5ad42912aadec7600561b2b6803608a25d6,nyc-2024-01001900014Crossover_Democratic_Representative_in_Congress_14th_Congressional_District_Recap.csv:76,2
ny-2024-06-25-house-14-regular-democratic,2024,2024-06-25,primary,NY,House,14,regular,partisan_primary,Democratic,ED CHRISTMAN,nyc-2024-06-25-14-democratic-77-ed-christman,,True,1,nyc-2024-cd14-dem,https://www.vote.nyc/sites/default/files/pdf/election_results/2024/20240625Primary%20Election/01001900014Crossover%20Democratic%20Representative%20in%20Congress%2014th%20Congressional%20District%20Recap.csv,0b3ad7e36d7387151a339e7b9402c5ad42912aadec7600561b2b6803608a25d6,nyc-2024-01001900014Crossover_Democratic_Representative_in_Congress_14th_Congressional_District_Recap.csv:77,2
ny-2024-06-25-house-14-regular-democratic,2024,2024-06-25,primary,NY,House,14,regular,partisan_primary,Democratic,ELMER J. FUDD,nyc-2024-06-25-14-democratic-78-elmer-j-fudd,,True,1,nyc-2024-cd14-dem,https://www.vote.nyc/sites/default/files/pdf/election_results/2024/20240625Primary%20Election/01001900014Crossover%20Democratic%20Representative%20in%20Congress%2014th%20Congressional%20District%20Recap.csv,0b3ad7e36d7387151a339e7b9402c5ad42912aadec7600561b2b6803608a25d6,nyc-2024-01001900014Crossover_Democratic_Representative_in_Congress_14th_Congressional_District_Recap.csv:78,2
ny-2024-06-25-house-14-regular-democratic,2024,2024-06-25,primary,NY,House,14,regular,partisan_primary,Democratic,ERIC ADAMS III,nyc-2024-06-25-14-democratic-79-eric-adams-iii,,True,1,nyc-2024-cd14-dem,https://www.vote.nyc/sites/default/files/pdf/election_results/2024/20240625Primary%20Election/01001900014Crossover%20Democratic%20Representative%20in%20Congress%2014th%20Congressional%20District%20Recap.csv,0b3ad7e36d7387151a339e7b9402c5ad42912aadec7600561b2b6803608a25d6,nyc-2024-01001900014Crossover_Democratic_Representative_in_Congress_14th_Congressional_District_Recap.csv:79,2
ny-2024-06-25-house-14-regular-democratic,2024,2024-06-25,primary,NY,House,14,regular,partisan_primary,Democratic,ERIC ANDRE,nyc-2024-06-25-14-democratic-80-eric-andre,,True,1,nyc-2024-cd14-dem,https://www.vote.nyc/sites/default/files/pdf/election_results/2024/20240625Primary%20Election/01001900014Crossover%20Democratic%20Representative%20in%20Congress%2014th%20Congressional%20District%20Recap.csv,0b3ad7e36d7387151a339e7b9402c5ad42912aadec7600561b2b6803608a25d6,nyc-2024-01001900014Crossover_Democratic_Representative_in_Congress_14th_Congressional_District_Recap.csv:80,2
ny-2024-06-25-house-14-regular-democratic,2024,2024-06-25,primary,NY,House,14,regular,partisan_primary,Democratic,ESHAWN HALL,nyc-2024-06-25-14-democratic-81-eshawn-hall,,True,1,nyc-2024-cd14-dem,https://www.vote.nyc/sites/default/files/pdf/election_results/2024/20240625Primary%20Election/01001900014Crossover%20Democratic%20Representative%20in%20Congress%2014th%20Congressional%20District%20Recap.csv,0b3ad7e36d7387151a339e7b9402c5ad42912aadec7600561b2b6803608a25d6,nyc-2024-01001900014Crossover_Democratic_Representative_in_Congress_14th_Congressional_District_Recap.csv:81,2
ny-2024-06-25-house-14-regular-democratic,2024,2024-06-25,primary,NY,House,14,regular,partisan_primary,Democratic,FIONA APPLE,nyc-2024-06-25-14-democratic-82-fiona-apple,,True,1,nyc-2024-cd14-dem,https://www.vote.nyc/sites/default/files/pdf/election_results/2024/20240625Primary%20Election/01001900014Crossover%20Democratic%20Representative%20in%20Congress%2014th%20Congressional%20District%20Recap.csv,0b3ad7e36d7387151a339e7b9402c5ad42912aadec7600561b2b6803608a25d6,nyc-2024-01001900014Crossover_Democratic_Representative_in_Congress_14th_Congressional_District_Recap.csv:82,2
ny-2024-06-25-house-14-regular-democratic,2024,2024-06-25,primary,NY,House,14,regular,partisan_primary,Democratic,GEORGE LATIMER,nyc-2024-06-25-14-democratic-83-george-latimer,,True,3,nyc-2024-cd14-dem,https://www.vote.nyc/sites/default/files/pdf/election_results/2024/20240625Primary%20Election/01001900014Crossover%20Democratic%20Representative%20in%20Congress%2014th%20Congressional%20District%20Recap.csv,0b3ad7e36d7387151a339e7b9402c5ad42912aadec7600561b2b6803608a25d6,nyc-2024-01001900014Crossover_Democratic_Representative_in_Congress_14th_Congressional_District_Recap.csv:83,2
ny-2024-06-25-house-14-regular-democratic,2024,2024-06-25,primary,NY,House,14,regular,partisan_primary,Democratic,GERALD F FIELDS,nyc-2024-06-25-14-democratic-84-gerald-f-fields,,True,1,nyc-2024-cd14-dem,https://www.vote.nyc/sites/default/files/pdf/election_results/2024/20240625Primary%20Election/01001900014Crossover%20Democratic%20Representative%20in%20Congress%2014th%20Congressional%20District%20Recap.csv,0b3ad7e36d7387151a339e7b9402c5ad42912aadec7600561b2b6803608a25d6,nyc-2024-01001900014Crossover_Democratic_Representative_in_Congress_14th_Congressional_District_Recap.csv:84,2
ny-2024-06-25-house-14-regular-democratic,2024,2024-06-25,primary,NY,House,14,regular,partisan_primary,Democratic,GRACE MENG,nyc-2024-06-25-14-democratic-85-grace-meng,,True,1,nyc-2024-cd14-dem,https://www.vote.nyc/sites/default/files/pdf/election_results/2024/20240625Primary%20Election/01001900014Crossover%20Democratic%20Representative%20in%20Congress%2014th%20Congressional%20District%20Recap.csv,0b3ad7e36d7387151a339e7b9402c5ad42912aadec7600561b2b6803608a25d6,nyc-2024-01001900014Crossover_Democratic_Representative_in_Congress_14th_Congressional_District_Recap.csv:85,2
ny-2024-06-25-house-14-regular-democratic,2024,2024-06-25,primary,NY,House,14,regular,partisan_primary,Democratic,HILLARY CLINTON,nyc-2024-06-25-14-democratic-86-hillary-clinton,,True,1,nyc-2024-cd14-dem,https://www.vote.nyc/sites/default/files/pdf/election_results/2024/20240625Primary%20Election/01001900014Crossover%20Democratic%20Representative%20in%20Congress%2014th%20Congressional%20District%20Recap.csv,0b3ad7e36d7387151a339e7b9402c5ad42912aadec7600561b2b6803608a25d6,nyc-2024-01001900014Crossover_Democratic_Representative_in_Congress_14th_Congressional_District_Recap.csv:86,2
ny-2024-06-25-house-14-regular-democratic,2024,2024-06-25,primary,NY,House,14,regular,partisan_primary,Democratic,HIND RAJAB,nyc-2024-06-25-14-democratic-87-hind-rajab,,True,1,nyc-2024-cd14-dem,https://www.vote.nyc/sites/default/files/pdf/election_results/2024/20240625Primary%20Election/01001900014Crossover%20Democratic%20Representative%20in%20Congress%2014th%20Congressional%20District%20Recap.csv,0b3ad7e36d7387151a339e7b9402c5ad42912aadec7600561b2b6803608a25d6,nyc-2024-01001900014Crossover_Democratic_Representative_in_Congress_14th_Congressional_District_Recap.csv:87,2
ny-2024-06-25-house-14-regular-democratic,2024,2024-06-25,primary,NY,House,14,regular,partisan_primary,Democratic,J.DOYLE,nyc-2024-06-25-14-democratic-88-j-doyle,,True,1,nyc-2024-cd14-dem,https://www.vote.nyc/sites/default/files/pdf/election_results/2024/20240625Primary%20Election/01001900014Crossover%20Democratic%20Representative%20in%20Congress%2014th%20Congressional%20District%20Recap.csv,0b3ad7e36d7387151a339e7b9402c5ad42912aadec7600561b2b6803608a25d6,nyc-2024-01001900014Crossover_Democratic_Representative_in_Congress_14th_Congressional_District_Recap.csv:88,2
ny-2024-06-25-house-14-regular-democratic,2024,2024-06-25,primary,NY,House,14,regular,partisan_primary,Democratic,JAMAAL BOWMAN,nyc-2024-06-25-14-democratic-89-jamaal-bowman,,True,3,nyc-2024-cd14-dem,https://www.vote.nyc/sites/default/files/pdf/election_results/2024/20240625Primary%20Election/01001900014Crossover%20Democratic%20Representative%20in%20Congress%2014th%20Congressional%20District%20Recap.csv,0b3ad7e36d7387151a339e7b9402c5ad42912aadec7600561b2b6803608a25d6,nyc-2024-01001900014Crossover_Democratic_Representative_in_Congress_14th_Congressional_District_Recap.csv:89,2
ny-2024-06-25-house-14-regular-democratic,2024,2024-06-25,primary,NY,House,14,regular,partisan_primary,Democratic,JAMAL BAILEY,nyc-2024-06-25-14-democratic-90-jamal-bailey,,True,1,nyc-2024-cd14-dem,https://www.vote.nyc/sites/default/files/pdf/election_results/2024/20240625Primary%20Election/01001900014Crossover%20Democratic%20Representative%20in%20Congress%2014th%20Congressional%20District%20Recap.csv,0b3ad7e36d7387151a339e7b9402c5ad42912aadec7600561b2b6803608a25d6,nyc-2024-01001900014Crossover_Democratic_Representative_in_Congress_14th_Congressional_District_Recap.csv:90,2
ny-2024-06-25-house-14-regular-democratic,2024,2024-06-25,primary,NY,House,14,regular,partisan_primary,Democratic,JAMES A GREEN,nyc-2024-06-25-14-democratic-91-james-a-green,,True,1,nyc-2024-cd14-dem,https://www.vote.nyc/sites/default/files/pdf/election_results/2024/20240625Primary%20Election/01001900014Crossover%20Democratic%20Representative%20in%20Congress%2014th%20Congressional%20District%20Recap.csv,0b3ad7e36d7387151a339e7b9402c5ad42912aadec7600561b2b6803608a25d6,nyc-2024-01001900014Crossover_Democratic_Representative_in_Congress_14th_Congressional_District_Recap.csv:91,2
ny-2024-06-25-house-14-regular-democratic,2024,2024-06-25,primary,NY,House,14,regular,partisan_primary,Democratic,JAYDEN OLUSSY,nyc-2024-06-25-14-democratic-92-jayden-olussy,,True,1,nyc-2024-cd14-dem,https://www.vote.nyc/sites/default/files/pdf/election_results/2024/20240625Primary%20Election/01001900014Crossover%20Democratic%20Representative%20in%20Congress%2014th%20Congressional%20District%20Recap.csv,0b3ad7e36d7387151a339e7b9402c5ad42912aadec7600561b2b6803608a25d6,nyc-2024-01001900014Crossover_Democratic_Representative_in_Congress_14th_Congressional_District_Recap.csv:92,2
ny-2024-06-25-house-14-regular-democratic,2024,2024-06-25,primary,NY,House,14,regular,partisan_primary,Democratic,JOE CROWLEY,nyc-2024-06-25-14-democratic-93-joe-crowley,,True,1,nyc-2024-cd14-dem,https://www.vote.nyc/sites/default/files/pdf/election_results/2024/20240625Primary%20Election/01001900014Crossover%20Democratic%20Representative%20in%20Congress%2014th%20Congressional%20District%20Recap.csv,0b3ad7e36d7387151a339e7b9402c5ad42912aadec7600561b2b6803608a25d6,nyc-2024-01001900014Crossover_Democratic_Representative_in_Congress_14th_Congressional_District_Recap.csv:93,2
ny-2024-06-25-house-14-regular-democratic,2024,2024-06-25,primary,NY,House,14,regular,partisan_primary,Democratic,JOE CROWNEY,nyc-2024-06-25-14-democratic-94-joe-crowney,,True,1,nyc-2024-cd14-dem,https://www.vote.nyc/sites/default/files/pdf/election_results/2024/20240625Primary%20Election/01001900014Crossover%20Democratic%20Representative%20in%20Congress%2014th%20Congressional%20District%20Recap.csv,0b3ad7e36d7387151a339e7b9402c5ad42912aadec7600561b2b6803608a25d6,nyc-2024-01001900014Crossover_Democratic_Representative_in_Congress_14th_Congressional_District_Recap.csv:94,2
ny-2024-06-25-house-14-regular-democratic,2024,2024-06-25,primary,NY,House,14,regular,partisan_primary,Democratic,JOHANNA CARMONA,nyc-2024-06-25-14-democratic-95-johanna-carmona,,True,1,nyc-2024-cd14-dem,https://www.vote.nyc/sites/default/files/pdf/election_results/2024/20240625Primary%20Election/01001900014Crossover%20Democratic%20Representative%20in%20Congress%2014th%20Congressional%20District%20Recap.csv,0b3ad7e36d7387151a339e7b9402c5ad42912aadec7600561b2b6803608a25d6,nyc-2024-01001900014Crossover_Democratic_Representative_in_Congress_14th_Congressional_District_Recap.csv:95,2
ny-2024-06-25-house-14-regular-democratic,2024,2024-06-25,primary,NY,House,14,regular,partisan_primary,Democratic,JOSEPH CROWLEY,nyc-2024-06-25-14-democratic-96-joseph-crowley,,True,1,nyc-2024-cd14-dem,https://www.vote.nyc/sites/default/files/pdf/election_results/2024/20240625Primary%20Election/01001900014Crossover%20Democratic%20Representative%20in%20Congress%2014th%20Congressional%20District%20Recap.csv,0b3ad7e36d7387151a339e7b9402c5ad42912aadec7600561b2b6803608a25d6,nyc-2024-01001900014Crossover_Democratic_Representative_in_Congress_14th_Congressional_District_Recap.csv:96,2
ny-2024-06-25-house-14-regular-democratic,2024,2024-06-25,primary,NY,House,14,regular,partisan_primary,Democratic,JOSH ABRAMS,nyc-2024-06-25-14-democratic-97-josh-abrams,,True,1,nyc-2024-cd14-dem,https://www.vote.nyc/sites/default/files/pdf/election_results/2024/20240625Primary%20Election/01001900014Crossover%20Democratic%20Representative%20in%20Congress%2014th%20Congressional%20District%20Recap.csv,0b3ad7e36d7387151a339e7b9402c5ad42912aadec7600561b2b6803608a25d6,nyc-2024-01001900014Crossover_Democratic_Representative_in_Congress_14th_Congressional_District_Recap.csv:97,2
ny-2024-06-25-house-14-regular-democratic,2024,2024-06-25,primary,NY,House,14,regular,partisan_primary,Democratic,JOVONY WOODY,nyc-2024-06-25-14-democratic-98-jovony-woody,,True,1,nyc-2024-cd14-dem,https://www.vote.nyc/sites/default/files/pdf/election_results/2024/20240625Primary%20Election/01001900014Crossover%20Democratic%20Representative%20in%20Congress%2014th%20Congressional%20District%20Recap.csv,0b3ad7e36d7387151a339e7b9402c5ad42912aadec7600561b2b6803608a25d6,nyc-2024-01001900014Crossover_Democratic_Representative_in_Congress_14th_Congressional_District_Recap.csv:98,2
ny-2024-06-25-house-14-regular-democratic,2024,2024-06-25,primary,NY,House,14,regular,partisan_primary,Democratic,JULIE HURWITZ,nyc-2024-06-25-14-democratic-99-julie-hurwitz,,True,1,nyc-2024-cd14-dem,https://www.vote.nyc/sites/default/files/pdf/election_results/2024/20240625Primary%20Election/01001900014Crossover%20Democratic%20Representative%20in%20Congress%2014th%20Congressional%20District%20Recap.csv,0b3ad7e36d7387151a339e7b9402c5ad42912aadec7600561b2b6803608a25d6,nyc-2024-01001900014Crossover_Democratic_Representative_in_Congress_14th_Congressional_District_Recap.csv:99,2
ny-2024-06-25-house-14-regular-democratic,2024,2024-06-25,primary,NY,House,14,regular,partisan_primary,Democratic,JULIE MILNER,nyc-2024-06-25-14-democratic-100-julie-milner,,True,1,nyc-2024-cd14-dem,https://www.vote.nyc/sites/default/files/pdf/election_results/2024/20240625Primary%20Election/01001900014Crossover%20Democratic%20Representative%20in%20Congress%2014th%20Congressional%20District%20Recap.csv,0b3ad7e36d7387151a339e7b9402c5ad42912aadec7600561b2b6803608a25d6,nyc-2024-01001900014Crossover_Democratic_Representative_in_Congress_14th_Congressional_District_Recap.csv:100,2
ny-2024-06-25-house-14-regular-democratic,2024,2024-06-25,primary,NY,House,14,regular,partisan_primary,Democratic,KATHRYN MADIGAN,nyc-2024-06-25-14-democratic-101-kathryn-madigan,,True,1,nyc-2024-cd14-dem,https://www.vote.nyc/sites/default/files/pdf/election_results/2024/20240625Primary%20Election/01001900014Crossover%20Democratic%20Representative%20in%20Congress%2014th%20Congressional%20District%20Recap.csv,0b3ad7e36d7387151a339e7b9402c5ad42912aadec7600561b2b6803608a25d6,nyc-2024-01001900014Crossover_Democratic_Representative_in_Congress_14th_Congressional_District_Recap.csv:101,2
ny-2024-06-25-house-14-regular-democratic,2024,2024-06-25,primary,NY,House,14,regular,partisan_primary,Democratic,KEVIN MONTALVO,nyc-2024-06-25-14-democratic-102-kevin-montalvo,,True,1,nyc-2024-cd14-dem,https://www.vote.nyc/sites/default/files/pdf/election_results/2024/20240625Primary%20Election/01001900014Crossover%20Democratic%20Representative%20in%20Congress%2014th%20Congressional%20District%20Recap.csv,0b3ad7e36d7387151a339e7b9402c5ad42912aadec7600561b2b6803608a25d6,nyc-2024-01001900014Crossover_Democratic_Representative_in_Congress_14th_Congressional_District_Recap.csv:102,2
ny-2024-06-25-house-14-regular-democratic,2024,2024-06-25,primary,NY,House,14,regular,partisan_primary,Democratic,KIM MULLARKEY PEREZ,nyc-2024-06-25-14-democratic-103-kim-mullarkey-perez,,True,1,nyc-2024-cd14-dem,https://www.vote.nyc/sites/default/files/pdf/election_results/2024/20240625Primary%20Election/01001900014Crossover%20Democratic%20Representative%20in%20Congress%2014th%20Congressional%20District%20Recap.csv,0b3ad7e36d7387151a339e7b9402c5ad42912aadec7600561b2b6803608a25d6,nyc-2024-01001900014Crossover_Democratic_Representative_in_Congress_14th_Congressional_District_Recap.csv:103,2
ny-2024-06-25-house-14-regular-democratic,2024,2024-06-25,primary,NY,House,14,regular,partisan_primary,Democratic,LANDON DAIS,nyc-2024-06-25-14-democratic-104-landon-dais,,True,1,nyc-2024-cd14-dem,https://www.vote.nyc/sites/default/files/pdf/election_results/2024/20240625Primary%20Election/01001900014Crossover%20Democratic%20Representative%20in%20Congress%2014th%20Congressional%20District%20Recap.csv,0b3ad7e36d7387151a339e7b9402c5ad42912aadec7600561b2b6803608a25d6,nyc-2024-01001900014Crossover_Democratic_Representative_in_Congress_14th_Congressional_District_Recap.csv:104,2
ny-2024-06-25-house-14-regular-democratic,2024,2024-06-25,primary,NY,House,14,regular,partisan_primary,Democratic,LESLIE LOPEZ HERNANDEZ,nyc-2024-06-25-14-democratic-105-leslie-lopez-hernandez,,True,1,nyc-2024-cd14-dem,https://www.vote.nyc/sites/default/files/pdf/election_results/2024/20240625Primary%20Election/01001900014Crossover%20Democratic%20Representative%20in%20Congress%2014th%20Congressional%20District%20Recap.csv,0b3ad7e36d7387151a339e7b9402c5ad42912aadec7600561b2b6803608a25d6,nyc-2024-01001900014Crossover_Democratic_Representative_in_Congress_14th_Congressional_District_Recap.csv:105,2
ny-2024-06-25-house-14-regular-democratic,2024,2024-06-25,primary,NY,House,14,regular,partisan_primary,Democratic,LILIANA MARTINEZ,nyc-2024-06-25-14-democratic-106-liliana-martinez,,True,1,nyc-2024-cd14-dem,https://www.vote.nyc/sites/default/files/pdf/election_results/2024/20240625Primary%20Election/01001900014Crossover%20Democratic%20Representative%20in%20Congress%2014th%20Congressional%20District%20Recap.csv,0b3ad7e36d7387151a339e7b9402c5ad42912aadec7600561b2b6803608a25d6,nyc-2024-01001900014Crossover_Democratic_Representative_in_Congress_14th_Congressional_District_Recap.csv:106,2
ny-2024-06-25-house-14-regular-democratic,2024,2024-06-25,primary,NY,House,14,regular,partisan_primary,Democratic,MARK A. KOUACH,nyc-2024-06-25-14-democratic-107-mark-a-kouach,,True,1,nyc-2024-cd14-dem,https://www.vote.nyc/sites/default/files/pdf/election_results/2024/20240625Primary%20Election/01001900014Crossover%20Democratic%20Representative%20in%20Congress%2014th%20Congressional%20District%20Recap.csv,0b3ad7e36d7387151a339e7b9402c5ad42912aadec7600561b2b6803608a25d6,nyc-2024-01001900014Crossover_Democratic_Representative_in_Congress_14th_Congressional_District_Recap.csv:107,2
ny-2024-06-25-house-14-regular-democratic,2024,2024-06-25,primary,NY,House,14,regular,partisan_primary,Democratic,MARTIN W. DOLAN,nyc-2024-06-25-14-democratic-108-martin-w-dolan,,True,1,nyc-2024-cd14-dem,https://www.vote.nyc/sites/default/files/pdf/election_results/2024/20240625Primary%20Election/01001900014Crossover%20Democratic%20Representative%20in%20Congress%2014th%20Congressional%20District%20Recap.csv,0b3ad7e36d7387151a339e7b9402c5ad42912aadec7600561b2b6803608a25d6,nyc-2024-01001900014Crossover_Democratic_Representative_in_Congress_14th_Congressional_District_Recap.csv:108,2
ny-2024-06-25-house-14-regular-democratic,2024,2024-06-25,primary,NY,House,14,regular,partisan_primary,Democratic,Martin W. Dolan,nyc-2024-06-25-14-democratic-69-martin-w-dolan,Democratic,False,4355,nyc-2024-cd14-dem,https://www.vote.nyc/sites/default/files/pdf/election_results/2024/20240625Primary%20Election/01001900014Crossover%20Democratic%20Representative%20in%20Congress%2014th%20Congressional%20District%20Recap.csv,0b3ad7e36d7387151a339e7b9402c5ad42912aadec7600561b2b6803608a25d6,nyc-2024-01001900014Crossover_Democratic_Representative_in_Congress_14th_Congressional_District_Recap.csv:69,2
ny-2024-06-25-house-14-regular-democratic,2024,2024-06-25,primary,NY,House,14,regular,partisan_primary,Democratic,NUALA O'DOHERTY NARANJO,nyc-2024-06-25-14-democratic-109-nuala-o-doherty-naranjo,,True,1,nyc-2024-cd14-dem,https://www.vote.nyc/sites/default/files/pdf/election_results/2024/20240625Primary%20Election/01001900014Crossover%20Democratic%20Representative%20in%20Congress%2014th%20Congressional%20District%20Recap.csv,0b3ad7e36d7387151a339e7b9402c5ad42912aadec7600561b2b6803608a25d6,nyc-2024-01001900014Crossover_Democratic_Representative_in_Congress_14th_Congressional_District_Recap.csv:109,2
ny-2024-06-25-house-14-regular-democratic,2024,2024-06-25,primary,NY,House,14,regular,partisan_primary,Democratic,RAFAEL SALAMARCA,nyc-2024-06-25-14-democratic-110-rafael-salamarca,,True,1,nyc-2024-cd14-dem,https://www.vote.nyc/sites/default/files/pdf/election_results/2024/20240625Primary%20Election/01001900014Crossover%20Democratic%20Representative%20in%20Congress%2014th%20Congressional%20District%20Recap.csv,0b3ad7e36d7387151a339e7b9402c5ad42912aadec7600561b2b6803608a25d6,nyc-2024-01001900014Crossover_Democratic_Representative_in_Congress_14th_Congressional_District_Recap.csv:110,2
ny-2024-06-25-house-14-regular-democratic,2024,2024-06-25,primary,NY,House,14,regular,partisan_primary,Democratic,RICARDO HATTON,nyc-2024-06-25-14-democratic-111-ricardo-hatton,,True,1,nyc-2024-cd14-dem,https://www.vote.nyc/sites/default/files/pdf/election_results/2024/20240625Primary%20Election/01001900014Crossover%20Democratic%20Representative%20in%20Congress%2014th%20Congressional%20District%20Recap.csv,0b3ad7e36d7387151a339e7b9402c5ad42912aadec7600561b2b6803608a25d6,nyc-2024-01001900014Crossover_Democratic_Representative_in_Congress_14th_Congressional_District_Recap.csv:111,2
ny-2024-06-25-house-14-regular-democratic,2024,2024-06-25,primary,NY,House,14,regular,partisan_primary,Democratic,RICARDO PACHECO,nyc-2024-06-25-14-democratic-112-ricardo-pacheco,,True,2,nyc-2024-cd14-dem,https://www.vote.nyc/sites/default/files/pdf/election_results/2024/20240625Primary%20Election/01001900014Crossover%20Democratic%20Representative%20in%20Congress%2014th%20Congressional%20District%20Recap.csv,0b3ad7e36d7387151a339e7b9402c5ad42912aadec7600561b2b6803608a25d6,nyc-2024-01001900014Crossover_Democratic_Representative_in_Congress_14th_Congressional_District_Recap.csv:112,2
ny-2024-06-25-house-14-regular-democratic,2024,2024-06-25,primary,NY,House,14,regular,partisan_primary,Democratic,ROBERT MAY,nyc-2024-06-25-14-democratic-113-robert-may,,True,1,nyc-2024-cd14-dem,https://www.vote.nyc/sites/default/files/pdf/election_results/2024/20240625Primary%20Election/01001900014Crossover%20Democratic%20Representative%20in%20Congress%2014th%20Congressional%20District%20Recap.csv,0b3ad7e36d7387151a339e7b9402c5ad42912aadec7600561b2b6803608a25d6,nyc-2024-01001900014Crossover_Democratic_Representative_in_Congress_14th_Congressional_District_Recap.csv:113,2
ny-2024-06-25-house-14-regular-democratic,2024,2024-06-25,primary,NY,House,14,regular,partisan_primary,Democratic,ROSA M PEREZ,nyc-2024-06-25-14-democratic-114-rosa-m-perez,,True,1,nyc-2024-cd14-dem,https://www.vote.nyc/sites/default/files/pdf/election_results/2024/20240625Primary%20Election/01001900014Crossover%20Democratic%20Representative%20in%20Congress%2014th%20Congressional%20District%20Recap.csv,0b3ad7e36d7387151a339e7b9402c5ad42912aadec7600561b2b6803608a25d6,nyc-2024-01001900014Crossover_Democratic_Representative_in_Congress_14th_Congressional_District_Recap.csv:114,2
ny-2024-06-25-house-14-regular-democratic,2024,2024-06-25,primary,NY,House,14,regular,partisan_primary,Democratic,UNATTRIBUTABLE WRITE-IN,nyc-2024-06-25-14-democratic-115-unattributable-write-in,,True,62,nyc-2024-cd14-dem,https://www.vote.nyc/sites/default/files/pdf/election_results/2024/20240625Primary%20Election/01001900014Crossover%20Democratic%20Representative%20in%20Congress%2014th%20Congressional%20District%20Recap.csv,0b3ad7e36d7387151a339e7b9402c5ad42912aadec7600561b2b6803608a25d6,nyc-2024-01001900014Crossover_Democratic_Representative_in_Congress_14th_Congressional_District_Recap.csv:115,2
ny-2024-06-25-house-14-regular-democratic,2024,2024-06-25,primary,NY,House,14,regular,partisan_primary,Democratic,WENDY C. LI,nyc-2024-06-25-14-democratic-116-wendy-c-li,,True,1,nyc-2024-cd14-dem,https://www.vote.nyc/sites/default/files/pdf/election_results/2024/20240625Primary%20Election/01001900014Crossover%20Democratic%20Representative%20in%20Congress%2014th%20Congressional%20District%20Recap.csv,0b3ad7e36d7387151a339e7b9402c5ad42912aadec7600561b2b6803608a25d6,nyc-2024-01001900014Crossover_Democratic_Representative_in_Congress_14th_Congressional_District_Recap.csv:116,2
ny-2024-06-25-house-16-regular-democratic,2024,2024-06-25,primary,NY,House,16,regular,partisan_primary,Democratic,George S. Latimer,3906,Democratic,False,45909,ny-2024-election-database-search,https://ny.elstats.civera.com/api/download_search.csv?search=%7B%22global%22%3A%7B%22years%22%3A%7B%22from%22%3A2024%2C%22to%22%3A2024%7D%7D%2C%22ballotQuestions%22%3A%7B%22text%22%3A%22%22%2C%22types%22%3A%5B%5D%2C%22number%22%3A%22%22%2C%22divisions%22%3A%5B%5D%7D%2C%22contests%22%3A%7B%22candidates%22%3A%5B%5D%2C%22offices%22%3A%5B%5D%2C%22divisions%22%3A%5B%5D%7D%2C%22voterStats%22%3Afalse%2C%22stages%22%3A%5B%5D%2C%22specialElectionsOnly%22%3Afalse%7D,794456d286f6346bb1f4e8fff52b42b1ddcaba9c07f3b7c8915ecd80d9298a4d,"ny-2024-election-database-search.csv:5759,5765",2
ny-2024-06-25-house-16-regular-democratic,2024,2024-06-25,primary,NY,House,16,regular,partisan_primary,Democratic,Jamaal A. Bowman,52,Democratic,False,32440,ny-2024-election-database-search,https://ny.elstats.civera.com/api/download_search.csv?search=%7B%22global%22%3A%7B%22years%22%3A%7B%22from%22%3A2024%2C%22to%22%3A2024%7D%7D%2C%22ballotQuestions%22%3A%7B%22text%22%3A%22%22%2C%22types%22%3A%5B%5D%2C%22number%22%3A%22%22%2C%22divisions%22%3A%5B%5D%7D%2C%22contests%22%3A%7B%22candidates%22%3A%5B%5D%2C%22offices%22%3A%5B%5D%2C%22divisions%22%3A%5B%5D%7D%2C%22voterStats%22%3Afalse%2C%22stages%22%3A%5B%5D%2C%22specialElectionsOnly%22%3Afalse%7D,794456d286f6346bb1f4e8fff52b42b1ddcaba9c07f3b7c8915ecd80d9298a4d,"ny-2024-election-database-search.csv:5760,5766",2
ny-2024-06-25-house-16-regular-democratic,2024,2024-06-25,primary,NY,House,16,regular,partisan_primary,Democratic,Scattering,6,Democratic,True,38,ny-2024-election-database-search,https://ny.elstats.civera.com/api/download_search.csv?search=%7B%22global%22%3A%7B%22years%22%3A%7B%22from%22%3A2024%2C%22to%22%3A2024%7D%7D%2C%22ballotQuestions%22%3A%7B%22text%22%3A%22%22%2C%22types%22%3A%5B%5D%2C%22number%22%3A%22%22%2C%22divisions%22%3A%5B%5D%7D%2C%22contests%22%3A%7B%22candidates%22%3A%5B%5D%2C%22offices%22%3A%5B%5D%2C%22divisions%22%3A%5B%5D%7D%2C%22voterStats%22%3Afalse%2C%22stages%22%3A%5B%5D%2C%22specialElectionsOnly%22%3Afalse%7D,794456d286f6346bb1f4e8fff52b42b1ddcaba9c07f3b7c8915ecd80d9298a4d,"ny-2024-election-database-search.csv:5761,5767",2
ny-2024-06-25-house-17-regular-working-families,2024,2024-06-25,primary,NY,House,17,regular,partisan_primary,Working Families,Anthony Frascone,13391,Working Families,False,287,ny-2024-election-database-search,https://ny.elstats.civera.com/api/download_search.csv?search=%7B%22global%22%3A%7B%22years%22%3A%7B%22from%22%3A2024%2C%22to%22%3A2024%7D%7D%2C%22ballotQuestions%22%3A%7B%22text%22%3A%22%22%2C%22types%22%3A%5B%5D%2C%22number%22%3A%22%22%2C%22divisions%22%3A%5B%5D%7D%2C%22contests%22%3A%7B%22candidates%22%3A%5B%5D%2C%22offices%22%3A%5B%5D%2C%22divisions%22%3A%5B%5D%7D%2C%22voterStats%22%3Afalse%2C%22stages%22%3A%5B%5D%2C%22specialElectionsOnly%22%3Afalse%7D,794456d286f6346bb1f4e8fff52b42b1ddcaba9c07f3b7c8915ecd80d9298a4d,"ny-2024-election-database-search.csv:5771,5777,5783,5789",4
ny-2024-06-25-house-17-regular-working-families,2024,2024-06-25,primary,NY,House,17,regular,partisan_primary,Working Families,Mondaire L. Jones,13392,Working Families,False,197,ny-2024-election-database-search,https://ny.elstats.civera.com/api/download_search.csv?search=%7B%22global%22%3A%7B%22years%22%3A%7B%22from%22%3A2024%2C%22to%22%3A2024%7D%7D%2C%22ballotQuestions%22%3A%7B%22text%22%3A%22%22%2C%22types%22%3A%5B%5D%2C%22number%22%3A%22%22%2C%22divisions%22%3A%5B%5D%7D%2C%22contests%22%3A%7B%22candidates%22%3A%5B%5D%2C%22offices%22%3A%5B%5D%2C%22divisions%22%3A%5B%5D%7D%2C%22voterStats%22%3Afalse%2C%22stages%22%3A%5B%5D%2C%22specialElectionsOnly%22%3Afalse%7D,794456d286f6346bb1f4e8fff52b42b1ddcaba9c07f3b7c8915ecd80d9298a4d,"ny-2024-election-database-search.csv:5772,5778,5784,5790",4
ny-2024-06-25-house-17-regular-working-families,2024,2024-06-25,primary,NY,House,17,regular,partisan_primary,Working Families,Scattering,6,Working Families,True,6,ny-2024-election-database-search,https://ny.elstats.civera.com/api/download_search.csv?search=%7B%22global%22%3A%7B%22years%22%3A%7B%22from%22%3A2024%2C%22to%22%3A2024%7D%7D%2C%22ballotQuestions%22%3A%7B%22text%22%3A%22%22%2C%22types%22%3A%5B%5D%2C%22number%22%3A%22%22%2C%22divisions%22%3A%5B%5D%7D%2C%22contests%22%3A%7B%22candidates%22%3A%5B%5D%2C%22offices%22%3A%5B%5D%2C%22divisions%22%3A%5B%5D%7D%2C%22voterStats%22%3Afalse%2C%22stages%22%3A%5B%5D%2C%22specialElectionsOnly%22%3Afalse%7D,794456d286f6346bb1f4e8fff52b42b1ddcaba9c07f3b7c8915ecd80d9298a4d,"ny-2024-election-database-search.csv:5773,5779,5785,5791",4
ny-2024-06-25-house-22-regular-democratic,2024,2024-06-25,primary,NY,House,22,regular,partisan_primary,Democratic,John W. Mannion,162,Democratic,False,16624,ny-2024-election-database-search,https://ny.elstats.civera.com/api/download_search.csv?search=%7B%22global%22%3A%7B%22years%22%3A%7B%22from%22%3A2024%2C%22to%22%3A2024%7D%7D%2C%22ballotQuestions%22%3A%7B%22text%22%3A%22%22%2C%22types%22%3A%5B%5D%2C%22number%22%3A%22%22%2C%22divisions%22%3A%5B%5D%7D%2C%22contests%22%3A%7B%22candidates%22%3A%5B%5D%2C%22offices%22%3A%5B%5D%2C%22divisions%22%3A%5B%5D%7D%2C%22voterStats%22%3Afalse%2C%22stages%22%3A%5B%5D%2C%22specialElectionsOnly%22%3Afalse%7D,794456d286f6346bb1f4e8fff52b42b1ddcaba9c07f3b7c8915ecd80d9298a4d,"ny-2024-election-database-search.csv:5795,5801,5807,5813,5819",5
ny-2024-06-25-house-22-regular-democratic,2024,2024-06-25,primary,NY,House,22,regular,partisan_primary,Democratic,Sarah Klee Hood,544,Democratic,False,10373,ny-2024-election-database-search,https://ny.elstats.civera.com/api/download_search.csv?search=%7B%22global%22%3A%7B%22years%22%3A%7B%22from%22%3A2024%2C%22to%22%3A2024%7D%7D%2C%22ballotQuestions%22%3A%7B%22text%22%3A%22%22%2C%22types%22%3A%5B%5D%2C%22number%22%3A%22%22%2C%22divisions%22%3A%5B%5D%7D%2C%22contests%22%3A%7B%22candidates%22%3A%5B%5D%2C%22offices%22%3A%5B%5D%2C%22divisions%22%3A%5B%5D%7D%2C%22voterStats%22%3Afalse%2C%22stages%22%3A%5B%5D%2C%22specialElectionsOnly%22%3Afalse%7D,794456d286f6346bb1f4e8fff52b42b1ddcaba9c07f3b7c8915ecd80d9298a4d,"ny-2024-election-database-search.csv:5796,5802,5808,5814,5820",5
ny-2024-06-25-house-22-regular-democratic,2024,2024-06-25,primary,NY,House,22,regular,partisan_primary,Democratic,Scattering,6,Democratic,True,47,ny-2024-election-database-search,https://ny.elstats.civera.com/api/download_search.csv?search=%7B%22global%22%3A%7B%22years%22%3A%7B%22from%22%3A2024%2C%22to%22%3A2024%7D%7D%2C%22ballotQuestions%22%3A%7B%22text%22%3A%22%22%2C%22types%22%3A%5B%5D%2C%22number%22%3A%22%22%2C%22divisions%22%3A%5B%5D%7D%2C%22contests%22%3A%7B%22candidates%22%3A%5B%5D%2C%22offices%22%3A%5B%5D%2C%22divisions%22%3A%5B%5D%7D%2C%22voterStats%22%3Afalse%2C%22stages%22%3A%5B%5D%2C%22specialElectionsOnly%22%3Afalse%7D,794456d286f6346bb1f4e8fff52b42b1ddcaba9c07f3b7c8915ecd80d9298a4d,"ny-2024-election-database-search.csv:5797,5803,5809,5815,5821",5
ny-2024-06-25-house-24-regular-republican,2024,2024-06-25,primary,NY,House,24,regular,partisan_primary,Republican,Claudia Tenney,69,Republican,False,19485,ny-2024-election-database-search,https://ny.elstats.civera.com/api/download_search.csv?search=%7B%22global%22%3A%7B%22years%22%3A%7B%22from%22%3A2024%2C%22to%22%3A2024%7D%7D%2C%22ballotQuestions%22%3A%7B%22text%22%3A%22%22%2C%22types%22%3A%5B%5D%2C%22number%22%3A%22%22%2C%22divisions%22%3A%5B%5D%7D%2C%22contests%22%3A%7B%22candidates%22%3A%5B%5D%2C%22offices%22%3A%5B%5D%2C%22divisions%22%3A%5B%5D%7D%2C%22voterStats%22%3Afalse%2C%22stages%22%3A%5B%5D%2C%22specialElectionsOnly%22%3Afalse%7D,794456d286f6346bb1f4e8fff52b42b1ddcaba9c07f3b7c8915ecd80d9298a4d,"ny-2024-election-database-search.csv:5825,5831,5837,5843,5849,5855,5861,5867,5873,5879,5885,5891,5897,5903",14
ny-2024-06-25-house-24-regular-republican,2024,2024-06-25,primary,NY,House,24,regular,partisan_primary,Republican,Mario Fratto,547,Republican,False,12233,ny-2024-election-database-search,https://ny.elstats.civera.com/api/download_search.csv?search=%7B%22global%22%3A%7B%22years%22%3A%7B%22from%22%3A2024%2C%22to%22%3A2024%7D%7D%2C%22ballotQuestions%22%3A%7B%22text%22%3A%22%22%2C%22types%22%3A%5B%5D%2C%22number%22%3A%22%22%2C%22divisions%22%3A%5B%5D%7D%2C%22contests%22%3A%7B%22candidates%22%3A%5B%5D%2C%22offices%22%3A%5B%5D%2C%22divisions%22%3A%5B%5D%7D%2C%22voterStats%22%3Afalse%2C%22stages%22%3A%5B%5D%2C%22specialElectionsOnly%22%3Afalse%7D,794456d286f6346bb1f4e8fff52b42b1ddcaba9c07f3b7c8915ecd80d9298a4d,"ny-2024-election-database-search.csv:5826,5832,5838,5844,5850,5856,5862,5868,5874,5880,5886,5892,5898,5904",14
ny-2024-06-25-house-24-regular-republican,2024,2024-06-25,primary,NY,House,24,regular,partisan_primary,Republican,Scattering,6,Republican,True,187,ny-2024-election-database-search,https://ny.elstats.civera.com/api/download_search.csv?search=%7B%22global%22%3A%7B%22years%22%3A%7B%22from%22%3A2024%2C%22to%22%3A2024%7D%7D%2C%22ballotQuestions%22%3A%7B%22text%22%3A%22%22%2C%22types%22%3A%5B%5D%2C%22number%22%3A%22%22%2C%22divisions%22%3A%5B%5D%7D%2C%22contests%22%3A%7B%22candidates%22%3A%5B%5D%2C%22offices%22%3A%5B%5D%2C%22divisions%22%3A%5B%5D%7D%2C%22voterStats%22%3Afalse%2C%22stages%22%3A%5B%5D%2C%22specialElectionsOnly%22%3Afalse%7D,794456d286f6346bb1f4e8fff52b42b1ddcaba9c07f3b7c8915ecd80d9298a4d,"ny-2024-election-database-search.csv:5827,5833,5839,5845,5851,5857,5863,5869,5875,5881,5887,5893,5899,5905",14
mi-2026-08-04-house-01-regular-democratic,2026,2026-08-04,primary,MI,House,01,regular,partisan_primary,Democratic,Callie Barr,647299,Democratic,False,62197,mi-2026-primary-results,https://mvic.sos.state.mi.us/VoteHistory/GetElectionResultFile?electionId=706,af510a6246f6a51ce8e657b75965c63e251672c094a6861334950d3b39d230e4,"mi-2026-primary-results.tsv:919,925,931,937,943,949,955,961,967,973,979,985,991,997,1003,1009,1015,1021,1027,1033,1039,1045,1051,1057,1063,1069,1075,1081,1087,1093,1099,1105,1111,1117,1123,1129",36
mi-2026-08-04-house-01-regular-democratic,2026,2026-08-04,primary,MI,House,01,regular,partisan_primary,Democratic,Kyle Blomquist,647378,Democratic,False,37936,mi-2026-primary-results,https://mvic.sos.state.mi.us/VoteHistory/GetElectionResultFile?electionId=706,af510a6246f6a51ce8e657b75965c63e251672c094a6861334950d3b39d230e4,"mi-2026-primary-results.tsv:921,927,933,939,945,951,957,963,969,975,981,987,993,999,1005,1011,1017,1023,1029,1035,1041,1047,1053,1059,1065,1071,1077,1083,1089,1095,1101,1107,1113,1119,1125,1131",36
mi-2026-08-04-house-01-regular-democratic,2026,2026-08-04,primary,MI,House,01,regular,partisan_primary,Democratic,Wayne Stiles,647052,Democratic,False,6213,mi-2026-primary-results,https://mvic.sos.state.mi.us/VoteHistory/GetElectionResultFile?electionId=706,af510a6246f6a51ce8e657b75965c63e251672c094a6861334950d3b39d230e4,"mi-2026-primary-results.tsv:918,924,930,936,942,948,954,960,966,972,978,984,990,996,1002,1008,1014,1020,1026,1032,1038,1044,1050,1056,1062,1068,1074,1080,1086,1092,1098,1104,1110,1116,1122,1128",36
mi-2026-08-04-house-01-regular-republican,2026,2026-08-04,primary,MI,House,01,regular,partisan_primary,Republican,Jack Bergman,587121,Republican,False,80726,mi-2026-primary-results,https://mvic.sos.state.mi.us/VoteHistory/GetElectionResultFile?electionId=706,af510a6246f6a51ce8e657b75965c63e251672c094a6861334950d3b39d230e4,"mi-2026-primary-results.tsv:916,922,928,934,940,946,952,958,964,970,976,982,988,994,1000,1006,1012,1018,1024,1030,1036,1042,1048,1054,1060,1066,1072,1078,1084,1090,1096,1102,1108,1114,1120,1126",36
mi-2026-08-04-house-01-regular-republican,2026,2026-08-04,primary,MI,House,01,regular,partisan_primary,Republican,Justin Michal,647314,Republican,False,13627,mi-2026-primary-results,https://mvic.sos.state.mi.us/VoteHistory/GetElectionResultFile?electionId=706,af510a6246f6a51ce8e657b75965c63e251672c094a6861334950d3b39d230e4,"mi-2026-primary-results.tsv:920,926,932,938,944,950,956,962,968,974,980,986,992,998,1004,1010,1016,1022,1028,1034,1040,1046,1052,1058,1064,1070,1076,1082,1088,1094,1100,1106,1112,1118,1124,1130",36
mi-2026-08-04-house-01-regular-republican,2026,2026-08-04,primary,MI,House,01,regular,partisan_primary,Republican,Matthew DenOtter,646729,Republican,False,14254,mi-2026-primary-results,https://mvic.sos.state.mi.us/VoteHistory/GetElectionResultFile?electionId=706,af510a6246f6a51ce8e657b75965c63e251672c094a6861334950d3b39d230e4,"mi-2026-primary-results.tsv:917,923,929,935,941,947,953,959,965,971,977,983,989,995,1001,1007,1013,1019,1025,1031,1037,1043,1049,1055,1061,1067,1073,1079,1085,1091,1097,1103,1109,1115,1121,1127",36
mi-2026-08-04-house-02-regular-democratic,2026,2026-08-04,primary,MI,House,02,regular,partisan_primary,Democratic,Ben Ambrose,647456,Democratic,False,32445,mi-2026-primary-results,https://mvic.sos.state.mi.us/VoteHistory/GetElectionResultFile?electionId=706,af510a6246f6a51ce8e657b75965c63e251672c094a6861334950d3b39d230e4,"mi-2026-primary-results.tsv:1134,1138,1142,1146,1150,1154,1158,1162,1166,1170,1174,1178,1182,1186,1190,1194,1198,1202,1206,1210",20
mi-2026-08-04-house-02-regular-democratic,2026,2026-08-04,primary,MI,House,02,regular,partisan_primary,Democratic,Clyde Welford,647249,Democratic,False,9806,mi-2026-primary-results,https://mvic.sos.state.mi.us/VoteHistory/GetElectionResultFile?electionId=706,af510a6246f6a51ce8e657b75965c63e251672c094a6861334950d3b39d230e4,"mi-2026-primary-results.tsv:1133,1137,1141,1145,1149,1153,1157,1161,1165,1169,1173,1177,1181,1185,1189,1193,1197,1201,1205,1209",20
mi-2026-08-04-house-02-regular-democratic,2026,2026-08-04,primary,MI,House,02,regular,partisan_primary,Democratic,Jamie Hill,647457,Democratic,False,30948,mi-2026-primary-results,https://mvic.sos.state.mi.us/VoteHistory/GetElectionResultFile?electionId=706,af510a6246f6a51ce8e657b75965c63e251672c094a6861334950d3b39d230e4,"mi-2026-primary-results.tsv:1135,1139,1143,1147,1151,1155,1159,1163,1167,1171,1175,1179,1183,1187,1191,1195,1199,1203,1207,1211",20
mi-2026-08-04-house-02-regular-republican,2026,2026-08-04,primary,MI,House,02,regular,partisan_primary,Republican,John Moolenaar,601291,Republican,False,93751,mi-2026-primary-results,https://mvic.sos.state.mi.us/VoteHistory/GetElectionResultFile?electionId=706,af510a6246f6a51ce8e657b75965c63e251672c094a6861334950d3b39d230e4,"mi-2026-primary-results.tsv:1132,1136,1140,1144,1148,1152,1156,1160,1164,1168,1172,1176,1180,1184,1188,1192,1196,1200,1204,1208",20
mi-2026-08-04-house-03-regular-democratic,2026,2026-08-04,primary,MI,House,03,regular,partisan_primary,Democratic,Hillary Scholten,647317,Democratic,False,112189,mi-2026-primary-results,https://mvic.sos.state.mi.us/VoteHistory/GetElectionResultFile?electionId=706,af510a6246f6a51ce8e657b75965c63e251672c094a6861334950d3b39d230e4,"mi-2026-primary-results.tsv:1213,1216,1219",3
mi-2026-08-04-house-03-regular-republican,2026,2026-08-04,primary,MI,House,03,regular,partisan_primary,Republican,Ryan Cushman,647284,Republican,False,14804,mi-2026-primary-results,https://mvic.sos.state.mi.us/VoteHistory/GetElectionResultFile?electionId=706,af510a6246f6a51ce8e657b75965c63e251672c094a6861334950d3b39d230e4,"mi-2026-primary-results.tsv:1212,1215,1218",3
mi-2026-08-04-house-03-regular-republican,2026,2026-08-04,primary,MI,House,03,regular,partisan_primary,Republican,Terri DeBoer,647329,Republican,False,54241,mi-2026-primary-results,https://mvic.sos.state.mi.us/VoteHistory/GetElectionResultFile?electionId=706,af510a6246f6a51ce8e657b75965c63e251672c094a6861334950d3b39d230e4,"mi-2026-primary-results.tsv:1214,1217,1220",3
mi-2026-08-04-house-04-regular-democratic,2026,2026-08-04,primary,MI,House,04,regular,partisan_primary,Democratic,Diop Harris,647106,Democratic,False,34283,mi-2026-primary-results,https://mvic.sos.state.mi.us/VoteHistory/GetElectionResultFile?electionId=706,af510a6246f6a51ce8e657b75965c63e251672c094a6861334950d3b39d230e4,"mi-2026-primary-results.tsv:1221,1225,1229,1233,1237,1241",6
mi-2026-08-04-house-04-regular-democratic,2026,2026-08-04,primary,MI,House,04,regular,partisan_primary,Democratic,Sean McCann,647147,Democratic,False,65587,mi-2026-primary-results,https://mvic.sos.state.mi.us/VoteHistory/GetElectionResultFile?electionId=706,af510a6246f6a51ce8e657b75965c63e251672c094a6861334950d3b39d230e4,"mi-2026-primary-results.tsv:1222,1226,1230,1234,1238,1242",6
mi-2026-08-04-house-04-regular-republican,2026,2026-08-04,primary,MI,House,04,regular,partisan_primary,Republican,Bill Huizenga,647267,Republican,False,71455,mi-2026-primary-results,https://mvic.sos.state.mi.us/VoteHistory/GetElectionResultFile?electionId=706,af510a6246f6a51ce8e657b75965c63e251672c094a6861334950d3b39d230e4,"mi-2026-primary-results.tsv:1223,1227,1231,1235,1239,1243",6
mi-2026-08-04-house-04-regular-republican,2026,2026-08-04,primary,MI,House,04,regular,partisan_primary,Republican,Philip Tanis,647391,Republican,False,12481,mi-2026-primary-results,https://mvic.sos.state.mi.us/VoteHistory/GetElectionResultFile?electionId=706,af510a6246f6a51ce8e657b75965c63e251672c094a6861334950d3b39d230e4,"mi-2026-primary-results.tsv:1224,1228,1232,1236,1240,1244",6
mi-2026-08-04-house-05-regular-democratic,2026,2026-08-04,primary,MI,House,05,regular,partisan_primary,Democratic,Christian Vukasovich,647058,Democratic,False,64425,mi-2026-primary-results,https://mvic.sos.state.mi.us/VoteHistory/GetElectionResultFile?electionId=706,af510a6246f6a51ce8e657b75965c63e251672c094a6861334950d3b39d230e4,"mi-2026-primary-results.tsv:1245,1247,1249,1251,1253,1255,1257,1259,1261,1263",10
mi-2026-08-04-house-05-regular-republican,2026,2026-08-04,primary,MI,House,05,regular,partisan_primary,Republican,Tim Walberg,647149,Republican,False,77105,mi-2026-primary-results,https://mvic.sos.state.mi.us/VoteHistory/GetElectionResultFile?electionId=706,af510a6246f6a51ce8e657b75965c63e251672c094a6861334950d3b39d230e4,"mi-2026-primary-results.tsv:1246,1248,1250,1252,1254,1256,1258,1260,1262,1264",10
mi-2026-08-04-house-06-regular-democratic,2026,2026-08-04,primary,MI,House,06,regular,partisan_primary,Democratic,Debbie Dingell,483004,Democratic,False,150919,mi-2026-primary-results,https://mvic.sos.state.mi.us/VoteHistory/GetElectionResultFile?electionId=706,af510a6246f6a51ce8e657b75965c63e251672c094a6861334950d3b39d230e4,"mi-2026-primary-results.tsv:1265,1267,1269,1271",4
mi-2026-08-04-house-06-regular-republican,2026,2026-08-04,primary,MI,House,06,regular,partisan_primary,Republican,Heather Smiley,647334,Republican,False,47757,mi-2026-primary-results,https://mvic.sos.state.mi.us/VoteHistory/GetElectionResultFile?electionId=706,af510a6246f6a51ce8e657b75965c63e251672c094a6861334950d3b39d230e4,"mi-2026-primary-results.tsv:1266,1268,1270,1272",4
mi-2026-08-04-house-07-regular-democratic,2026,2026-08-04,primary,MI,House,07,regular,partisan_primary,Democratic,Bridget Brink,647206,Democratic,False,36885,mi-2026-primary-results,https://mvic.sos.state.mi.us/VoteHistory/GetElectionResultFile?electionId=706,af510a6246f6a51ce8e657b75965c63e251672c094a6861334950d3b39d230e4,"mi-2026-primary-results.tsv:1274,1278,1282,1286,1290,1294,1298",7
mi-2026-08-04-house-07-regular-democratic,2026,2026-08-04,primary,MI,House,07,regular,partisan_primary,Democratic,Matt Maasdam,647075,Democratic,False,35315,mi-2026-primary-results,https://mvic.sos.state.mi.us/VoteHistory/GetElectionResultFile?electionId=706,af510a6246f6a51ce8e657b75965c63e251672c094a6861334950d3b39d230e4,"mi-2026-primary-results.tsv:1273,1277,1281,1285,1289,1293,1297",7
mi-2026-08-04-house-07-regular-democratic,2026,2026-08-04,primary,MI,House,07,regular,partisan_primary,Democratic,William Lawrence,647800,Democratic,False,55933,mi-2026-primary-results,https://mvic.sos.state.mi.us/VoteHistory/GetElectionResultFile?electionId=706,af510a6246f6a51ce8e657b75965c63e251672c094a6861334950d3b39d230e4,"mi-2026-primary-results.tsv:1276,1280,1284,1288,1292,1296,1300",7
mi-2026-08-04-house-07-regular-republican,2026,2026-08-04,primary,MI,House,07,regular,partisan_primary,Republican,Tom Barrett,647260,Republican,False,72468,mi-2026-primary-results,https://mvic.sos.state.mi.us/VoteHistory/GetElectionResultFile?electionId=706,af510a6246f6a51ce8e657b75965c63e251672c094a6861334950d3b39d230e4,"mi-2026-primary-results.tsv:1275,1279,1283,1287,1291,1295,1299",7
mi-2026-08-04-house-08-regular-democratic,2026,2026-08-04,primary,MI,House,08,regular,partisan_primary,Democratic,Kristen McDonald Rivet,647045,Democratic,False,104783,mi-2026-primary-results,https://mvic.sos.state.mi.us/VoteHistory/GetElectionResultFile?electionId=706,af510a6246f6a51ce8e657b75965c63e251672c094a6861334950d3b39d230e4,"mi-2026-primary-results.tsv:1301,1305,1309,1313,1317",5
mi-2026-08-04-house-08-regular-republican,2026,2026-08-04,primary,MI,House,08,regular,partisan_primary,Republican,Al Lemmo,647046,Republican,False,10159,mi-2026-primary-results,https://mvic.sos.state.mi.us/VoteHistory/GetElectionResultFile?electionId=706,af510a6246f6a51ce8e657b75965c63e251672c094a6861334950d3b39d230e4,"mi-2026-primary-results.tsv:1302,1306,1310,1314,1318",5
mi-2026-08-04-house-08-regular-republican,2026,2026-08-04,primary,MI,House,08,regular,partisan_primary,Republican,Amir Hassan,647344,Republican,False,20579,mi-2026-primary-results,https://mvic.sos.state.mi.us/VoteHistory/GetElectionResultFile?electionId=706,af510a6246f6a51ce8e657b75965c63e251672c094a6861334950d3b39d230e4,"mi-2026-primary-results.tsv:1303,1307,1311,1315,1319",5
mi-2026-08-04-house-08-regular-republican,2026,2026-08-04,primary,MI,House,08,regular,partisan_primary,Republican,Thomas J. Smith,647396,Republican,False,31283,mi-2026-primary-results,https://mvic.sos.state.mi.us/VoteHistory/GetElectionResultFile?electionId=706,af510a6246f6a51ce8e657b75965c63e251672c094a6861334950d3b39d230e4,"mi-2026-primary-results.tsv:1304,1308,1312,1316,1320",5
mi-2026-08-04-house-09-regular-democratic,2026,2026-08-04,primary,MI,House,09,regular,partisan_primary,Democratic,Ray Pooley,647165,Democratic,False,74387,mi-2026-primary-results,https://mvic.sos.state.mi.us/VoteHistory/GetElectionResultFile?electionId=706,af510a6246f6a51ce8e657b75965c63e251672c094a6861334950d3b39d230e4,"mi-2026-primary-results.tsv:1322,1324,1326,1328,1330,1332,1334",7
mi-2026-08-04-house-09-regular-republican,2026,2026-08-04,primary,MI,House,09,regular,partisan_primary,Republican,Lisa McClain,604083,Republican,False,103344,mi-2026-primary-results,https://mvic.sos.state.mi.us/VoteHistory/GetElectionResultFile?electionId=706,af510a6246f6a51ce8e657b75965c63e251672c094a6861334950d3b39d230e4,"mi-2026-primary-results.tsv:1321,1323,1325,1327,1329,1331,1333",7
mi-2026-08-04-house-10-regular-democratic,2026,2026-08-04,primary,MI,House,10,regular,partisan_primary,Democratic,Christina Bertrand Hines,483030,Democratic,False,47005,mi-2026-primary-results,https://mvic.sos.state.mi.us/VoteHistory/GetElectionResultFile?electionId=706,af510a6246f6a51ce8e657b75965c63e251672c094a6861334950d3b39d230e4,"mi-2026-primary-results.tsv:1335,1342",2
mi-2026-08-04-house-10-regular-democratic,2026,2026-08-04,primary,MI,House,10,regular,partisan_primary,Democratic,Eric Chung,647155,Democratic,False,29662,mi-2026-primary-results,https://mvic.sos.state.mi.us/VoteHistory/GetElectionResultFile?electionId=706,af510a6246f6a51ce8e657b75965c63e251672c094a6861334950d3b39d230e4,"mi-2026-primary-results.tsv:1336,1343",2
mi-2026-08-04-house-10-regular-democratic,2026,2026-08-04,primary,MI,House,10,regular,partisan_primary,Democratic,Tim Greimel,647381,Democratic,False,23315,mi-2026-primary-results,https://mvic.sos.state.mi.us/VoteHistory/GetElectionResultFile?electionId=706,af510a6246f6a51ce8e657b75965c63e251672c094a6861334950d3b39d230e4,"mi-2026-primary-results.tsv:1339,1346",2
mi-2026-08-04-house-10-regular-republican,2026,2026-08-04,primary,MI,House,10,regular,partisan_primary,Republican,Justin Kirk,647357,Republican,False,11391,mi-2026-primary-results,https://mvic.sos.state.mi.us/VoteHistory/GetElectionResultFile?electionId=706,af510a6246f6a51ce8e657b75965c63e251672c094a6861334950d3b39d230e4,"mi-2026-primary-results.tsv:1338,1345",2
mi-2026-08-04-house-10-regular-republican,2026,2026-08-04,primary,MI,House,10,regular,partisan_primary,Republican,Michael Bouchard,647416,Republican,False,45482,mi-2026-primary-results,https://mvic.sos.state.mi.us/VoteHistory/GetElectionResultFile?electionId=706,af510a6246f6a51ce8e657b75965c63e251672c094a6861334950d3b39d230e4,"mi-2026-primary-results.tsv:1340,1347",2
mi-2026-08-04-house-10-regular-republican,2026,2026-08-04,primary,MI,House,10,regular,partisan_primary,Republican,Robert Lulgjuraj,647421,Republican,False,3676,mi-2026-primary-results,https://mvic.sos.state.mi.us/VoteHistory/GetElectionResultFile?electionId=706,af510a6246f6a51ce8e657b75965c63e251672c094a6861334950d3b39d230e4,"mi-2026-primary-results.tsv:1341,1348",2
mi-2026-08-04-house-10-regular-republican,2026,2026-08-04,primary,MI,House,10,regular,partisan_primary,Republican,Steffan Demetropoulos,647319,Republican,False,2432,mi-2026-primary-results,https://mvic.sos.state.mi.us/VoteHistory/GetElectionResultFile?electionId=706,af510a6246f6a51ce8e657b75965c63e251672c094a6861334950d3b39d230e4,"mi-2026-primary-results.tsv:1337,1344",2
mi-2026-08-04-house-11-regular-democratic,2026,2026-08-04,primary,MI,House,11,regular,partisan_primary,Democratic,Aisha Farooqi,647251,Democratic,False,47722,mi-2026-primary-results,https://mvic.sos.state.mi.us/VoteHistory/GetElectionResultFile?electionId=706,af510a6246f6a51ce8e657b75965c63e251672c094a6861334950d3b39d230e4,mi-2026-primary-results.tsv:1350,1
mi-2026-08-04-house-11-regular-democratic,2026,2026-08-04,primary,MI,House,11,regular,partisan_primary,Democratic,Don Ufford,647360,Democratic,False,12529,mi-2026-primary-results,https://mvic.sos.state.mi.us/VoteHistory/GetElectionResultFile?electionId=706,af510a6246f6a51ce8e657b75965c63e251672c094a6861334950d3b39d230e4,mi-2026-primary-results.tsv:1352,1
mi-2026-08-04-house-11-regular-democratic,2026,2026-08-04,primary,MI,House,11,regular,partisan_primary,Democratic,Jeremy Moss,647172,Democratic,False,75449,mi-2026-primary-results,https://mvic.sos.state.mi.us/VoteHistory/GetElectionResultFile?electionId=706,af510a6246f6a51ce8e657b75965c63e251672c094a6861334950d3b39d230e4,mi-2026-primary-results.tsv:1349,1
mi-2026-08-04-house-11-regular-democratic,2026,2026-08-04,primary,MI,House,11,regular,partisan_primary,Democratic,John Paul Torres,647252,Democratic,False,15627,mi-2026-primary-results,https://mvic.sos.state.mi.us/VoteHistory/GetElectionResultFile?electionId=706,af510a6246f6a51ce8e657b75965c63e251672c094a6861334950d3b39d230e4,mi-2026-primary-results.tsv:1351,1
mi-2026-08-04-house-11-regular-republican,2026,2026-08-04,primary,MI,House,11,regular,partisan_primary,Republican,Ethan Baker,647426,Republican,False,50179,mi-2026-primary-results,https://mvic.sos.state.mi.us/VoteHistory/GetElectionResultFile?electionId=706,af510a6246f6a51ce8e657b75965c63e251672c094a6861334950d3b39d230e4,mi-2026-primary-results.tsv:1353,1
mi-2026-08-04-house-12-regular-democratic,2026,2026-08-04,primary,MI,House,12,regular,partisan_primary,Democratic,Byron H. Nolen,647280,Democratic,False,12828,mi-2026-primary-results,https://mvic.sos.state.mi.us/VoteHistory/GetElectionResultFile?electionId=706,af510a6246f6a51ce8e657b75965c63e251672c094a6861334950d3b39d230e4,"mi-2026-primary-results.tsv:1355,1359",2
mi-2026-08-04-house-12-regular-democratic,2026,2026-08-04,primary,MI,House,12,regular,partisan_primary,Democratic,Rashida Tlaib,596155,Democratic,False,102707,mi-2026-primary-results,https://mvic.sos.state.mi.us/VoteHistory/GetElectionResultFile?electionId=706,af510a6246f6a51ce8e657b75965c63e251672c094a6861334950d3b39d230e4,"mi-2026-primary-results.tsv:1354,1358",2
mi-2026-08-04-house-12-regular-democratic,2026,2026-08-04,primary,MI,House,12,regular,partisan_primary,Democratic,Shanelle Jackson,647452,Democratic,False,23419,mi-2026-primary-results,https://mvic.sos.state.mi.us/VoteHistory/GetElectionResultFile?electionId=706,af510a6246f6a51ce8e657b75965c63e251672c094a6861334950d3b39d230e4,"mi-2026-primary-results.tsv:1357,1361",2
mi-2026-08-04-house-12-regular-republican,2026,2026-08-04,primary,MI,House,12,regular,partisan_primary,Republican,James D. Hooper,647448,Republican,False,24610,mi-2026-primary-results,https://mvic.sos.state.mi.us/VoteHistory/GetElectionResultFile?electionId=706,af510a6246f6a51ce8e657b75965c63e251672c094a6861334950d3b39d230e4,"mi-2026-primary-results.tsv:1356,1360",2
mi-2026-08-04-house-13-regular-democratic,2026,2026-08-04,primary,MI,House,13,regular,partisan_primary,Democratic,DONAVAN MCKINNEY,647387,Democratic,False,57746,mi-2026-primary-results,https://mvic.sos.state.mi.us/VoteHistory/GetElectionResultFile?electionId=706,af510a6246f6a51ce8e657b75965c63e251672c094a6861334950d3b39d230e4,mi-2026-primary-results.tsv:1363,1
mi-2026-08-04-house-13-regular-democratic,2026,2026-08-04,primary,MI,House,13,regular,partisan_primary,Democratic,SHRI THANEDAR,647274,Democratic,False,53522,mi-2026-primary-results,https://mvic.sos.state.mi.us/VoteHistory/GetElectionResultFile?electionId=706,af510a6246f6a51ce8e657b75965c63e251672c094a6861334950d3b39d230e4,mi-2026-primary-results.tsv:1362,1
mi-2026-08-04-house-13-regular-democratic,2026,2026-08-04,primary,MI,House,13,regular,partisan_primary,Democratic,WRITE-IN,660179,,True,217,mi-2026-primary-results,https://mvic.sos.state.mi.us/VoteHistory/GetElectionResultFile?electionId=706,af510a6246f6a51ce8e657b75965c63e251672c094a6861334950d3b39d230e4,mi-2026-primary-results.tsv:1367,1
mi-2026-08-04-house-13-regular-democratic,2026,2026-08-04,primary,MI,House,13,regular,partisan_primary,Democratic,WRITE-IN,660183,,True,219,mi-2026-primary-results,https://mvic.sos.state.mi.us/VoteHistory/GetElectionResultFile?electionId=706,af510a6246f6a51ce8e657b75965c63e251672c094a6861334950d3b39d230e4,mi-2026-primary-results.tsv:1368,1
mi-2026-08-04-house-13-regular-republican,2026,2026-08-04,primary,MI,House,13,regular,partisan_primary,Republican,T.P. NYKORIAK,647468,Republican,False,18478,mi-2026-primary-results,https://mvic.sos.state.mi.us/VoteHistory/GetElectionResultFile?electionId=706,af510a6246f6a51ce8e657b75965c63e251672c094a6861334950d3b39d230e4,mi-2026-primary-results.tsv:1364,1
mi-2026-08-04-house-13-regular-republican,2026,2026-08-04,primary,MI,House,13,regular,partisan_primary,Republican,WRITE-IN,658411,,True,4,mi-2026-primary-results,https://mvic.sos.state.mi.us/VoteHistory/GetElectionResultFile?electionId=706,af510a6246f6a51ce8e657b75965c63e251672c094a6861334950d3b39d230e4,mi-2026-primary-results.tsv:1365,1
mi-2026-08-04-house-13-regular-republican,2026,2026-08-04,primary,MI,House,13,regular,partisan_primary,Republican,WRITE-IN,660176,,True,92,mi-2026-primary-results,https://mvic.sos.state.mi.us/VoteHistory/GetElectionResultFile?electionId=706,af510a6246f6a51ce8e657b75965c63e251672c094a6861334950d3b39d230e4,mi-2026-primary-results.tsv:1366,1
mi-2026-08-04-senate-s-regular-democratic,2026,2026-08-04,primary,MI,Senate,S,regular,partisan_primary,Democratic,Abdul El-Sayed,647134,Democratic,False,744952,mi-2026-primary-results,https://mvic.sos.state.mi.us/VoteHistory/GetElectionResultFile?electionId=706,af510a6246f6a51ce8e657b75965c63e251672c094a6861334950d3b39d230e4,"mi-2026-primary-results.tsv:586,590,594,598,602,606,610,614,618,622,626,630,634,638,642,646,650,654,658,662,666,670,674,678,682,686,690,694,698,702,706,710,714,718,722,726,730,734,738,742,746,750,754,758,762,766,770,774,778,782,786,790,794,798,802,806,810,814,818,822,826,830,834,838,842,846,850,854,858,862,866,870,874,878,882,886,890,894,898,902,906,910,914",83
mi-2026-08-04-senate-s-regular-democratic,2026,2026-08-04,primary,MI,Senate,S,regular,partisan_primary,Democratic,Haley Stevens,647077,Democratic,False,731160,mi-2026-primary-results,https://mvic.sos.state.mi.us/VoteHistory/GetElectionResultFile?electionId=706,af510a6246f6a51ce8e657b75965c63e251672c094a6861334950d3b39d230e4,"mi-2026-primary-results.tsv:584,588,592,596,600,604,608,612,616,620,624,628,632,636,640,644,648,652,656,660,664,668,672,676,680,684,688,692,696,700,704,708,712,716,720,724,728,732,736,740,744,748,752,756,760,764,768,772,776,780,784,788,792,796,800,804,808,812,816,820,824,828,832,836,840,844,848,852,856,860,864,868,872,876,880,884,888,892,896,900,904,908,912",83
mi-2026-08-04-senate-s-regular-democratic,2026,2026-08-04,primary,MI,Senate,S,regular,partisan_primary,Democratic,Mallory McMorrow,647107,Democratic,False,61516,mi-2026-primary-results,https://mvic.sos.state.mi.us/VoteHistory/GetElectionResultFile?electionId=706,af510a6246f6a51ce8e657b75965c63e251672c094a6861334950d3b39d230e4,"mi-2026-primary-results.tsv:585,589,593,597,601,605,609,613,617,621,625,629,633,637,641,645,649,653,657,661,665,669,673,677,681,685,689,693,697,701,705,709,713,717,721,725,729,733,737,741,745,749,753,757,761,765,769,773,777,781,785,789,793,797,801,805,809,813,817,821,825,829,833,837,841,845,849,853,857,861,865,869,873,877,881,885,889,893,897,901,905,909,913",83
mi-2026-08-04-senate-s-regular-republican,2026,2026-08-04,primary,MI,Senate,S,regular,partisan_primary,Republican,Mike Rogers,647250,Republican,False,883328,mi-2026-primary-results,https://mvic.sos.state.mi.us/VoteHistory/GetElectionResultFile?electionId=706,af510a6246f6a51ce8e657b75965c63e251672c094a6861334950d3b39d230e4,"mi-2026-primary-results.tsv:587,591,595,599,603,607,611,615,619,623,627,631,635,639,643,647,651,655,659,663,667,671,675,679,683,687,691,695,699,703,707,711,715,719,723,727,731,735,739,743,747,751,755,759,763,767,771,775,779,783,787,791,795,799,803,807,811,815,819,823,827,831,835,839,843,847,851,855,859,863,867,871,875,879,883,887,891,895,899,903,907,911,915",83
ny-2026-06-23-house-01-regular-democratic,2026,2026-06-23,primary,NY,House,01,regular,partisan_primary,Democratic,Christopher J Gallant,suffolk-2026-06-23-01-christopher-j-gallant,Democratic,False,12492,suffolk-2026-cd01-dem,https://apps2.suffolkcountyny.gov/boe/eleres/26pe/DEMs.htm,9f8c5a154a2a4cfa1288e7496c6d43ab9e5a952d8c75560a7b3351b2bdd08af1,suffolk-2026-primary-DEMs.html:candidate-row-1,1
ny-2026-06-23-house-01-regular-democratic,2026,2026-06-23,primary,NY,House,01,regular,partisan_primary,Democratic,Lukas Ventouras,suffolk-2026-06-23-01-lukas-ventouras,Democratic,False,7349,suffolk-2026-cd01-dem,https://apps2.suffolkcountyny.gov/boe/eleres/26pe/DEMs.htm,9f8c5a154a2a4cfa1288e7496c6d43ab9e5a952d8c75560a7b3351b2bdd08af1,suffolk-2026-primary-DEMs.html:candidate-row-2,1
ny-2026-06-23-house-06-regular-democratic,2026,2026-06-23,primary,NY,House,06,regular,partisan_primary,Democratic,ADRIANO ESPAILLAT,nyc-2026-06-23-06-democratic-147-adriano-espaillat,,True,2,nyc-2026-cd06-dem,https://www.vote.nyc/sites/default/files/pdf/election_results/2026/20260623Primary%20Election/01401600006Queens%20Democratic%20Representative%20in%20Congress%206th%20Congressional%20District%20Recap.csv,0b35439f0b5f08794f0cb6aea35d4d1acb4cacf99964dde81a0caf4716caad91,nyc-2026-01401600006Queens_Democratic_Representative_in_Congress_6th_Congressional_District_Recap.csv:147,1
ny-2026-06-23-house-06-regular-democratic,2026,2026-06-23,primary,NY,House,06,regular,partisan_primary,Democratic,AL CAPONE,nyc-2026-06-23-06-democratic-148-al-capone,,True,1,nyc-2026-cd06-dem,https://www.vote.nyc/sites/default/files/pdf/election_results/2026/20260623Primary%20Election/01401600006Queens%20Democratic%20Representative%20in%20Congress%206th%20Congressional%20District%20Recap.csv,0b35439f0b5f08794f0cb6aea35d4d1acb4cacf99964dde81a0caf4716caad91,nyc-2026-01401600006Queens_Democratic_Representative_in_Congress_6th_Congressional_District_Recap.csv:148,1
ny-2026-06-23-house-06-regular-democratic,2026,2026-06-23,primary,NY,House,06,regular,partisan_primary,Democratic,ALEXANDRIA OCASIO-CORTEZ,nyc-2026-06-23-06-democratic-149-alexandria-ocasio-cortez,,True,1,nyc-2026-cd06-dem,https://www.vote.nyc/sites/default/files/pdf/election_results/2026/20260623Primary%20Election/01401600006Queens%20Democratic%20Representative%20in%20Congress%206th%20Congressional%20District%20Recap.csv,0b35439f0b5f08794f0cb6aea35d4d1acb4cacf99964dde81a0caf4716caad91,nyc-2026-01401600006Queens_Democratic_Representative_in_Congress_6th_Congressional_District_Recap.csv:149,1
ny-2026-06-23-house-06-regular-democratic,2026,2026-06-23,primary,NY,House,06,regular,partisan_primary,Democratic,AMY HADDEN,nyc-2026-06-23-06-democratic-150-amy-hadden,,True,2,nyc-2026-cd06-dem,https://www.vote.nyc/sites/default/files/pdf/election_results/2026/20260623Primary%20Election/01401600006Queens%20Democratic%20Representative%20in%20Congress%206th%20Congressional%20District%20Recap.csv,0b35439f0b5f08794f0cb6aea35d4d1acb4cacf99964dde81a0caf4716caad91,nyc-2026-01401600006Queens_Democratic_Representative_in_Congress_6th_Congressional_District_Recap.csv:150,1
ny-2026-06-23-house-06-regular-democratic,2026,2026-06-23,primary,NY,House,06,regular,partisan_primary,Democratic,ANDREW YANG,nyc-2026-06-23-06-democratic-151-andrew-yang,,True,1,nyc-2026-cd06-dem,https://www.vote.nyc/sites/default/files/pdf/election_results/2026/20260623Primary%20Election/01401600006Queens%20Democratic%20Representative%20in%20Congress%206th%20Congressional%20District%20Recap.csv,0b35439f0b5f08794f0cb6aea35d4d1acb4cacf99964dde81a0caf4716caad91,nyc-2026-01401600006Queens_Democratic_Representative_in_Congress_6th_Congressional_District_Recap.csv:151,1
ny-2026-06-23-house-06-regular-democratic,2026,2026-06-23,primary,NY,House,06,regular,partisan_primary,Democratic,ANTONIO REYNOSO,nyc-2026-06-23-06-democratic-152-antonio-reynoso,,True,1,nyc-2026-cd06-dem,https://www.vote.nyc/sites/default/files/pdf/election_results/2026/20260623Primary%20Election/01401600006Queens%20Democratic%20Representative%20in%20Congress%206th%20Congressional%20District%20Recap.csv,0b35439f0b5f08794f0cb6aea35d4d1acb4cacf99964dde81a0caf4716caad91,nyc-2026-01401600006Queens_Democratic_Representative_in_Congress_6th_Congressional_District_Recap.csv:152,1
ny-2026-06-23-house-06-regular-democratic,2026,2026-06-23,primary,NY,House,06,regular,partisan_primary,Democratic,AVILA CHEVALIER,nyc-2026-06-23-06-democratic-153-avila-chevalier,,True,1,nyc-2026-cd06-dem,https://www.vote.nyc/sites/default/files/pdf/election_results/2026/20260623Primary%20Election/01401600006Queens%20Democratic%20Representative%20in%20Congress%206th%20Congressional%20District%20Recap.csv,0b35439f0b5f08794f0cb6aea35d4d1acb4cacf99964dde81a0caf4716caad91,nyc-2026-01401600006Queens_Democratic_Representative_in_Congress_6th_Congressional_District_Recap.csv:153,1
ny-2026-06-23-house-06-regular-democratic,2026,2026-06-23,primary,NY,House,06,regular,partisan_primary,Democratic,BRAD LANDER,nyc-2026-06-23-06-democratic-154-brad-lander,,True,4,nyc-2026-cd06-dem,https://www.vote.nyc/sites/default/files/pdf/election_results/2026/20260623Primary%20Election/01401600006Queens%20Democratic%20Representative%20in%20Congress%206th%20Congressional%20District%20Recap.csv,0b35439f0b5f08794f0cb6aea35d4d1acb4cacf99964dde81a0caf4716caad91,nyc-2026-01401600006Queens_Democratic_Representative_in_Congress_6th_Congressional_District_Recap.csv:154,1
ny-2026-06-23-house-06-regular-democratic,2026,2026-06-23,primary,NY,House,06,regular,partisan_primary,Democratic,BRAND CASTRO,nyc-2026-06-23-06-democratic-155-brand-castro,,True,1,nyc-2026-cd06-dem,https://www.vote.nyc/sites/default/files/pdf/election_results/2026/20260623Primary%20Election/01401600006Queens%20Democratic%20Representative%20in%20Congress%206th%20Congressional%20District%20Recap.csv,0b35439f0b5f08794f0cb6aea35d4d1acb4cacf99964dde81a0caf4716caad91,nyc-2026-01401600006Queens_Democratic_Representative_in_Congress_6th_Congressional_District_Recap.csv:155,1
ny-2026-06-23-house-06-regular-democratic,2026,2026-06-23,primary,NY,House,06,regular,partisan_primary,Democratic,CHRISTINE QUINN,nyc-2026-06-23-06-democratic-156-christine-quinn,,True,1,nyc-2026-cd06-dem,https://www.vote.nyc/sites/default/files/pdf/election_results/2026/20260623Primary%20Election/01401600006Queens%20Democratic%20Representative%20in%20Congress%206th%20Congressional%20District%20Recap.csv,0b35439f0b5f08794f0cb6aea35d4d1acb4cacf99964dde81a0caf4716caad91,nyc-2026-01401600006Queens_Democratic_Representative_in_Congress_6th_Congressional_District_Recap.csv:156,1
ny-2026-06-23-house-06-regular-democratic,2026,2026-06-23,primary,NY,House,06,regular,partisan_primary,Democratic,CLAIRE VALDEZ,nyc-2026-06-23-06-democratic-157-claire-valdez,,True,6,nyc-2026-cd06-dem,https://www.vote.nyc/sites/default/files/pdf/election_results/2026/20260623Primary%20Election/01401600006Queens%20Democratic%20Representative%20in%20Congress%206th%20Congressional%20District%20Recap.csv,0b35439f0b5f08794f0cb6aea35d4d1acb4cacf99964dde81a0caf4716caad91,nyc-2026-01401600006Queens_Democratic_Representative_in_Congress_6th_Congressional_District_Recap.csv:157,1
ny-2026-06-23-house-06-regular-democratic,2026,2026-06-23,primary,NY,House,06,regular,partisan_primary,Democratic,CURTIS A. SLIWA,nyc-2026-06-23-06-democratic-158-curtis-a-sliwa,,True,1,nyc-2026-cd06-dem,https://www.vote.nyc/sites/default/files/pdf/election_results/2026/20260623Primary%20Election/01401600006Queens%20Democratic%20Representative%20in%20Congress%206th%20Congressional%20District%20Recap.csv,0b35439f0b5f08794f0cb6aea35d4d1acb4cacf99964dde81a0caf4716caad91,nyc-2026-01401600006Queens_Democratic_Representative_in_Congress_6th_Congressional_District_Recap.csv:158,1
ny-2026-06-23-house-06-regular-democratic,2026,2026-06-23,primary,NY,House,06,regular,partisan_primary,Democratic,Chuck Park,nyc-2026-06-23-06-democratic-146-chuck-park,Democratic,False,14335,nyc-2026-cd06-dem,https://www.vote.nyc/sites/default/files/pdf/election_results/2026/20260623Primary%20Election/01401600006Queens%20Democratic%20Representative%20in%20Congress%206th%20Congressional%20District%20Recap.csv,0b35439f0b5f08794f0cb6aea35d4d1acb4cacf99964dde81a0caf4716caad91,nyc-2026-01401600006Queens_Democratic_Representative_in_Congress_6th_Congressional_District_Recap.csv:146,1
ny-2026-06-23-house-06-regular-democratic,2026,2026-06-23,primary,NY,House,06,regular,partisan_primary,Democratic,DANALIZA AVILA CHEVELIER,nyc-2026-06-23-06-democratic-159-danaliza-avila-chevelier,,True,1,nyc-2026-cd06-dem,https://www.vote.nyc/sites/default/files/pdf/election_results/2026/20260623Primary%20Election/01401600006Queens%20Democratic%20Representative%20in%20Congress%206th%20Congressional%20District%20Recap.csv,0b35439f0b5f08794f0cb6aea35d4d1acb4cacf99964dde81a0caf4716caad91,nyc-2026-01401600006Queens_Democratic_Representative_in_Congress_6th_Congressional_District_Recap.csv:159,1
ny-2026-06-23-house-06-regular-democratic,2026,2026-06-23,primary,NY,House,06,regular,partisan_primary,Democratic,DARIALIZA AVILA CHEVALIER,nyc-2026-06-23-06-democratic-160-darializa-avila-chevalier,,True,2,nyc-2026-cd06-dem,https://www.vote.nyc/sites/default/files/pdf/election_results/2026/20260623Primary%20Election/01401600006Queens%20Democratic%20Representative%20in%20Congress%206th%20Congressional%20District%20Recap.csv,0b35439f0b5f08794f0cb6aea35d4d1acb4cacf99964dde81a0caf4716caad91,nyc-2026-01401600006Queens_Democratic_Representative_in_Congress_6th_Congressional_District_Recap.csv:160,1
ny-2026-06-23-house-06-regular-democratic,2026,2026-06-23,primary,NY,House,06,regular,partisan_primary,Democratic,EDMOND WONG,nyc-2026-06-23-06-democratic-161-edmond-wong,,True,1,nyc-2026-cd06-dem,https://www.vote.nyc/sites/default/files/pdf/election_results/2026/20260623Primary%20Election/01401600006Queens%20Democratic%20Representative%20in%20Congress%206th%20Congressional%20District%20Recap.csv,0b35439f0b5f08794f0cb6aea35d4d1acb4cacf99964dde81a0caf4716caad91,nyc-2026-01401600006Queens_Democratic_Representative_in_Congress_6th_Congressional_District_Recap.csv:161,1
ny-2026-06-23-house-06-regular-democratic,2026,2026-06-23,primary,NY,House,06,regular,partisan_primary,Democratic,FELIPE GARCIA,nyc-2026-06-23-06-democratic-162-felipe-garcia,,True,1,nyc-2026-cd06-dem,https://www.vote.nyc/sites/default/files/pdf/election_results/2026/20260623Primary%20Election/01401600006Queens%20Democratic%20Representative%20in%20Congress%206th%20Congressional%20District%20Recap.csv,0b35439f0b5f08794f0cb6aea35d4d1acb4cacf99964dde81a0caf4716caad91,nyc-2026-01401600006Queens_Democratic_Representative_in_Congress_6th_Congressional_District_Recap.csv:162,1
ny-2026-06-23-house-06-regular-democratic,2026,2026-06-23,primary,NY,House,06,regular,partisan_primary,Democratic,Grace Meng,nyc-2026-06-23-06-democratic-145-grace-meng,Democratic,False,18971,nyc-2026-cd06-dem,https://www.vote.nyc/sites/default/files/pdf/election_results/2026/20260623Primary%20Election/01401600006Queens%20Democratic%20Representative%20in%20Congress%206th%20Congressional%20District%20Recap.csv,0b35439f0b5f08794f0cb6aea35d4d1acb4cacf99964dde81a0caf4716caad91,nyc-2026-01401600006Queens_Democratic_Representative_in_Congress_6th_Congressional_District_Recap.csv:145,1
ny-2026-06-23-house-06-regular-democratic,2026,2026-06-23,primary,NY,House,06,regular,partisan_primary,Democratic,HARIS BHATTI,nyc-2026-06-23-06-democratic-163-haris-bhatti,,True,1,nyc-2026-cd06-dem,https://www.vote.nyc/sites/default/files/pdf/election_results/2026/20260623Primary%20Election/01401600006Queens%20Democratic%20Representative%20in%20Congress%206th%20Congressional%20District%20Recap.csv,0b35439f0b5f08794f0cb6aea35d4d1acb4cacf99964dde81a0caf4716caad91,nyc-2026-01401600006Queens_Democratic_Representative_in_Congress_6th_Congressional_District_Recap.csv:163,1
ny-2026-06-23-house-06-regular-democratic,2026,2026-06-23,primary,NY,House,06,regular,partisan_primary,Democratic,HIRAM MONSERRATE,nyc-2026-06-23-06-democratic-164-hiram-monserrate,,True,1,nyc-2026-cd06-dem,https://www.vote.nyc/sites/default/files/pdf/election_results/2026/20260623Primary%20Election/01401600006Queens%20Democratic%20Representative%20in%20Congress%206th%20Congressional%20District%20Recap.csv,0b35439f0b5f08794f0cb6aea35d4d1acb4cacf99964dde81a0caf4716caad91,nyc-2026-01401600006Queens_Democratic_Representative_in_Congress_6th_Congressional_District_Recap.csv:164,1
ny-2026-06-23-house-06-regular-democratic,2026,2026-06-23,primary,NY,House,06,regular,partisan_primary,Democratic,IMRAN RATTMAN,nyc-2026-06-23-06-democratic-165-imran-rattman,,True,1,nyc-2026-cd06-dem,https://www.vote.nyc/sites/default/files/pdf/election_results/2026/20260623Primary%20Election/01401600006Queens%20Democratic%20Representative%20in%20Congress%206th%20Congressional%20District%20Recap.csv,0b35439f0b5f08794f0cb6aea35d4d1acb4cacf99964dde81a0caf4716caad91,nyc-2026-01401600006Queens_Democratic_Representative_in_Congress_6th_Congressional_District_Recap.csv:165,1
ny-2026-06-23-house-06-regular-democratic,2026,2026-06-23,primary,NY,House,06,regular,partisan_primary,Democratic,JACK SCHLOSSBERG-KENNEDY,nyc-2026-06-23-06-democratic-166-jack-schlossberg-kennedy,,True,1,nyc-2026-cd06-dem,https://www.vote.nyc/sites/default/files/pdf/election_results/2026/20260623Primary%20Election/01401600006Queens%20Democratic%20Representative%20in%20Congress%206th%20Congressional%20District%20Recap.csv,0b35439f0b5f08794f0cb6aea35d4d1acb4cacf99964dde81a0caf4716caad91,nyc-2026-01401600006Queens_Democratic_Representative_in_Congress_6th_Congressional_District_Recap.csv:166,1
ny-2026-06-23-house-06-regular-democratic,2026,2026-06-23,primary,NY,House,06,regular,partisan_primary,Democratic,JALEN BRUNSON,nyc-2026-06-23-06-democratic-167-jalen-brunson,,True,1,nyc-2026-cd06-dem,https://www.vote.nyc/sites/default/files/pdf/election_results/2026/20260623Primary%20Election/01401600006Queens%20Democratic%20Representative%20in%20Congress%206th%20Congressional%20District%20Recap.csv,0b35439f0b5f08794f0cb6aea35d4d1acb4cacf99964dde81a0caf4716caad91,nyc-2026-01401600006Queens_Democratic_Representative_in_Congress_6th_Congressional_District_Recap.csv:167,1
ny-2026-06-23-house-06-regular-democratic,2026,2026-06-23,primary,NY,House,06,regular,partisan_primary,Democratic,JAMES J. TRIKAS,nyc-2026-06-23-06-democratic-168-james-j-trikas,,True,1,nyc-2026-cd06-dem,https://www.vote.nyc/sites/default/files/pdf/election_results/2026/20260623Primary%20Election/01401600006Queens%20Democratic%20Representative%20in%20Congress%206th%20Congressional%20District%20Recap.csv,0b35439f0b5f08794f0cb6aea35d4d1acb4cacf99964dde81a0caf4716caad91,nyc-2026-01401600006Queens_Democratic_Representative_in_Congress_6th_Congressional_District_Recap.csv:168,1
ny-2026-06-23-house-06-regular-democratic,2026,2026-06-23,primary,NY,House,06,regular,partisan_primary,Democratic,JEFF JAROINE,nyc-2026-06-23-06-democratic-169-jeff-jaroine,,True,1,nyc-2026-cd06-dem,https://www.vote.nyc/sites/default/files/pdf/election_results/2026/20260623Primary%20Election/01401600006Queens%20Democratic%20Representative%20in%20Congress%206th%20Congressional%20District%20Recap.csv,0b35439f0b5f08794f0cb6aea35d4d1acb4cacf99964dde81a0caf4716caad91,nyc-2026-01401600006Queens_Democratic_Representative_in_Congress_6th_Congressional_District_Recap.csv:169,1
ny-2026-06-23-house-06-regular-democratic,2026,2026-06-23,primary,NY,House,06,regular,partisan_primary,Democratic,JESSICA GONZALEZ ROJAS,nyc-2026-06-23-06-democratic-170-jessica-gonzalez-rojas,,True,1,nyc-2026-cd06-dem,https://www.vote.nyc/sites/default/files/pdf/election_results/2026/20260623Primary%20Election/01401600006Queens%20Democratic%20Representative%20in%20Congress%206th%20Congressional%20District%20Recap.csv,0b35439f0b5f08794f0cb6aea35d4d1acb4cacf99964dde81a0caf4716caad91,nyc-2026-01401600006Queens_Democratic_Representative_in_Congress_6th_Congressional_District_Recap.csv:170,1
ny-2026-06-23-house-06-regular-democratic,2026,2026-06-23,primary,NY,House,06,regular,partisan_primary,Democratic,JESSICA RAMOS,nyc-2026-06-23-06-democratic-171-jessica-ramos,,True,1,nyc-2026-cd06-dem,https://www.vote.nyc/sites/default/files/pdf/election_results/2026/20260623Primary%20Election/01401600006Queens%20Democratic%20Representative%20in%20Congress%206th%20Congressional%20District%20Recap.csv,0b35439f0b5f08794f0cb6aea35d4d1acb4cacf99964dde81a0caf4716caad91,nyc-2026-01401600006Queens_Democratic_Representative_in_Congress_6th_Congressional_District_Recap.csv:171,1
ny-2026-06-23-house-06-regular-democratic,2026,2026-06-23,primary,NY,House,06,regular,partisan_primary,Democratic,JOHN KELLY,nyc-2026-06-23-06-democratic-172-john-kelly,,True,1,nyc-2026-cd06-dem,https://www.vote.nyc/sites/default/files/pdf/election_results/2026/20260623Primary%20Election/01401600006Queens%20Democratic%20Representative%20in%20Congress%206th%20Congressional%20District%20Recap.csv,0b35439f0b5f08794f0cb6aea35d4d1acb4cacf99964dde81a0caf4716caad91,nyc-2026-01401600006Queens_Democratic_Representative_in_Congress_6th_Congressional_District_Recap.csv:172,1
ny-2026-06-23-house-06-regular-democratic,2026,2026-06-23,primary,NY,House,06,regular,partisan_primary,Democratic,JOHN LIU,nyc-2026-06-23-06-democratic-173-john-liu,,True,2,nyc-2026-cd06-dem,https://www.vote.nyc/sites/default/files/pdf/election_results/2026/20260623Primary%20Election/01401600006Queens%20Democratic%20Representative%20in%20Congress%206th%20Congressional%20District%20Recap.csv,0b35439f0b5f08794f0cb6aea35d4d1acb4cacf99964dde81a0caf4716caad91,nyc-2026-01401600006Queens_Democratic_Representative_in_Congress_6th_Congressional_District_Recap.csv:173,1
ny-2026-06-23-house-06-regular-democratic,2026,2026-06-23,primary,NY,House,06,regular,partisan_primary,Democratic,JONATHAN D. RINALDI,nyc-2026-06-23-06-democratic-174-jonathan-d-rinaldi,,True,1,nyc-2026-cd06-dem,https://www.vote.nyc/sites/default/files/pdf/election_results/2026/20260623Primary%20Election/01401600006Queens%20Democratic%20Representative%20in%20Congress%206th%20Congressional%20District%20Recap.csv,0b35439f0b5f08794f0cb6aea35d4d1acb4cacf99964dde81a0caf4716caad91,nyc-2026-01401600006Queens_Democratic_Representative_in_Congress_6th_Congressional_District_Recap.csv:174,1
ny-2026-06-23-house-06-regular-democratic,2026,2026-06-23,primary,NY,House,06,regular,partisan_primary,Democratic,JULIE WON,nyc-2026-06-23-06-democratic-175-julie-won,,True,1,nyc-2026-cd06-dem,https://www.vote.nyc/sites/default/files/pdf/election_results/2026/20260623Primary%20Election/01401600006Queens%20Democratic%20Representative%20in%20Congress%206th%20Congressional%20District%20Recap.csv,0b35439f0b5f08794f0cb6aea35d4d1acb4cacf99964dde81a0caf4716caad91,nyc-2026-01401600006Queens_Democratic_Representative_in_Congress_6th_Congressional_District_Recap.csv:175,1
ny-2026-06-23-house-06-regular-democratic,2026,2026-06-23,primary,NY,House,06,regular,partisan_primary,Democratic,KIIRU GICHURN,nyc-2026-06-23-06-democratic-176-kiiru-gichurn,,True,1,nyc-2026-cd06-dem,https://www.vote.nyc/sites/default/files/pdf/election_results/2026/20260623Primary%20Election/01401600006Queens%20Democratic%20Representative%20in%20Congress%206th%20Congressional%20District%20Recap.csv,0b35439f0b5f08794f0cb6aea35d4d1acb4cacf99964dde81a0caf4716caad91,nyc-2026-01401600006Queens_Democratic_Representative_in_Congress_6th_Congressional_District_Recap.csv:176,1
ny-2026-06-23-house-06-regular-democratic,2026,2026-06-23,primary,NY,House,06,regular,partisan_primary,Democratic,LARRY DAVID,nyc-2026-06-23-06-democratic-177-larry-david,,True,1,nyc-2026-cd06-dem,https://www.vote.nyc/sites/default/files/pdf/election_results/2026/20260623Primary%20Election/01401600006Queens%20Democratic%20Representative%20in%20Congress%206th%20Congressional%20District%20Recap.csv,0b35439f0b5f08794f0cb6aea35d4d1acb4cacf99964dde81a0caf4716caad91,nyc-2026-01401600006Queens_Democratic_Representative_in_Congress_6th_Congressional_District_Recap.csv:177,1
ny-2026-06-23-house-06-regular-democratic,2026,2026-06-23,primary,NY,House,06,regular,partisan_primary,Democratic,LYNN SCHULMAN,nyc-2026-06-23-06-democratic-178-lynn-schulman,,True,1,nyc-2026-cd06-dem,https://www.vote.nyc/sites/default/files/pdf/election_results/2026/20260623Primary%20Election/01401600006Queens%20Democratic%20Representative%20in%20Congress%206th%20Congressional%20District%20Recap.csv,0b35439f0b5f08794f0cb6aea35d4d1acb4cacf99964dde81a0caf4716caad91,nyc-2026-01401600006Queens_Democratic_Representative_in_Congress_6th_Congressional_District_Recap.csv:178,1
ny-2026-06-23-house-06-regular-democratic,2026,2026-06-23,primary,NY,House,06,regular,partisan_primary,Democratic,MICHAEL BLAKE,nyc-2026-06-23-06-democratic-179-michael-blake,,True,1,nyc-2026-cd06-dem,https://www.vote.nyc/sites/default/files/pdf/election_results/2026/20260623Primary%20Election/01401600006Queens%20Democratic%20Representative%20in%20Congress%206th%20Congressional%20District%20Recap.csv,0b35439f0b5f08794f0cb6aea35d4d1acb4cacf99964dde81a0caf4716caad91,nyc-2026-01401600006Queens_Democratic_Representative_in_Congress_6th_Congressional_District_Recap.csv:179,1
ny-2026-06-23-house-06-regular-democratic,2026,2026-06-23,primary,NY,House,06,regular,partisan_primary,Democratic,MICKEY MOUSE,nyc-2026-06-23-06-democratic-180-mickey-mouse,,True,1,nyc-2026-cd06-dem,https://www.vote.nyc/sites/default/files/pdf/election_results/2026/20260623Primary%20Election/01401600006Queens%20Democratic%20Representative%20in%20Congress%206th%20Congressional%20District%20Recap.csv,0b35439f0b5f08794f0cb6aea35d4d1acb4cacf99964dde81a0caf4716caad91,nyc-2026-01401600006Queens_Democratic_Representative_in_Congress_6th_Congressional_District_Recap.csv:180,1
ny-2026-06-23-house-06-regular-democratic,2026,2026-06-23,primary,NY,House,06,regular,partisan_primary,Democratic,MIKE WANG,nyc-2026-06-23-06-democratic-181-mike-wang,,True,1,nyc-2026-cd06-dem,https://www.vote.nyc/sites/default/files/pdf/election_results/2026/20260623Primary%20Election/01401600006Queens%20Democratic%20Representative%20in%20Congress%206th%20Congressional%20District%20Recap.csv,0b35439f0b5f08794f0cb6aea35d4d1acb4cacf99964dde81a0caf4716caad91,nyc-2026-01401600006Queens_Democratic_Representative_in_Congress_6th_Congressional_District_Recap.csv:181,1
ny-2026-06-23-house-06-regular-democratic,2026,2026-06-23,primary,NY,House,06,regular,partisan_primary,Democratic,PATRICK MARTINEZ,nyc-2026-06-23-06-democratic-182-patrick-martinez,,True,1,nyc-2026-cd06-dem,https://www.vote.nyc/sites/default/files/pdf/election_results/2026/20260623Primary%20Election/01401600006Queens%20Democratic%20Representative%20in%20Congress%206th%20Congressional%20District%20Recap.csv,0b35439f0b5f08794f0cb6aea35d4d1acb4cacf99964dde81a0caf4716caad91,nyc-2026-01401600006Queens_Democratic_Representative_in_Congress_6th_Congressional_District_Recap.csv:182,1
ny-2026-06-23-house-06-regular-democratic,2026,2026-06-23,primary,NY,House,06,regular,partisan_primary,Democratic,ROBBIE SHEIKH,nyc-2026-06-23-06-democratic-183-robbie-sheikh,,True,1,nyc-2026-cd06-dem,https://www.vote.nyc/sites/default/files/pdf/election_results/2026/20260623Primary%20Election/01401600006Queens%20Democratic%20Representative%20in%20Congress%206th%20Congressional%20District%20Recap.csv,0b35439f0b5f08794f0cb6aea35d4d1acb4cacf99964dde81a0caf4716caad91,nyc-2026-01401600006Queens_Democratic_Representative_in_Congress_6th_Congressional_District_Recap.csv:183,1
ny-2026-06-23-house-06-regular-democratic,2026,2026-06-23,primary,NY,House,06,regular,partisan_primary,Democratic,ROBERT HOLDEN,nyc-2026-06-23-06-democratic-184-robert-holden,,True,1,nyc-2026-cd06-dem,https://www.vote.nyc/sites/default/files/pdf/election_results/2026/20260623Primary%20Election/01401600006Queens%20Democratic%20Representative%20in%20Congress%206th%20Congressional%20District%20Recap.csv,0b35439f0b5f08794f0cb6aea35d4d1acb4cacf99964dde81a0caf4716caad91,nyc-2026-01401600006Queens_Democratic_Representative_in_Congress_6th_Congressional_District_Recap.csv:184,1
ny-2026-06-23-house-06-regular-democratic,2026,2026-06-23,primary,NY,House,06,regular,partisan_primary,Democratic,SALVA BAIDA,nyc-2026-06-23-06-democratic-185-salva-baida,,True,1,nyc-2026-cd06-dem,https://www.vote.nyc/sites/default/files/pdf/election_results/2026/20260623Primary%20Election/01401600006Queens%20Democratic%20Representative%20in%20Congress%206th%20Congressional%20District%20Recap.csv,0b35439f0b5f08794f0cb6aea35d4d1acb4cacf99964dde81a0caf4716caad91,nyc-2026-01401600006Queens_Democratic_Representative_in_Congress_6th_Congressional_District_Recap.csv:185,1
ny-2026-06-23-house-06-regular-democratic,2026,2026-06-23,primary,NY,House,06,regular,partisan_primary,Democratic,SEAN MCARTHY,nyc-2026-06-23-06-democratic-186-sean-mcarthy,,True,1,nyc-2026-cd06-dem,https://www.vote.nyc/sites/default/files/pdf/election_results/2026/20260623Primary%20Election/01401600006Queens%20Democratic%20Representative%20in%20Congress%206th%20Congressional%20District%20Recap.csv,0b35439f0b5f08794f0cb6aea35d4d1acb4cacf99964dde81a0caf4716caad91,nyc-2026-01401600006Queens_Democratic_Representative_in_Congress_6th_Congressional_District_Recap.csv:186,1
ny-2026-06-23-house-06-regular-democratic,2026,2026-06-23,primary,NY,House,06,regular,partisan_primary,Democratic,SIDNEY ROSENBERG,nyc-2026-06-23-06-democratic-187-sidney-rosenberg,,True,1,nyc-2026-cd06-dem,https://www.vote.nyc/sites/default/files/pdf/election_results/2026/20260623Primary%20Election/01401600006Queens%20Democratic%20Representative%20in%20Congress%206th%20Congressional%20District%20Recap.csv,0b35439f0b5f08794f0cb6aea35d4d1acb4cacf99964dde81a0caf4716caad91,nyc-2026-01401600006Queens_Democratic_Representative_in_Congress_6th_Congressional_District_Recap.csv:187,1
ny-2026-06-23-house-06-regular-democratic,2026,2026-06-23,primary,NY,House,06,regular,partisan_primary,Democratic,SPENCER PRATT,nyc-2026-06-23-06-democratic-188-spencer-pratt,,True,1,nyc-2026-cd06-dem,https://www.vote.nyc/sites/default/files/pdf/election_results/2026/20260623Primary%20Election/01401600006Queens%20Democratic%20Representative%20in%20Congress%206th%20Congressional%20District%20Recap.csv,0b35439f0b5f08794f0cb6aea35d4d1acb4cacf99964dde81a0caf4716caad91,nyc-2026-01401600006Queens_Democratic_Representative_in_Congress_6th_Congressional_District_Recap.csv:188,1
ny-2026-06-23-house-06-regular-democratic,2026,2026-06-23,primary,NY,House,06,regular,partisan_primary,Democratic,STEVEN MCCARTHEY,nyc-2026-06-23-06-democratic-189-steven-mccarthey,,True,1,nyc-2026-cd06-dem,https://www.vote.nyc/sites/default/files/pdf/election_results/2026/20260623Primary%20Election/01401600006Queens%20Democratic%20Representative%20in%20Congress%206th%20Congressional%20District%20Recap.csv,0b35439f0b5f08794f0cb6aea35d4d1acb4cacf99964dde81a0caf4716caad91,nyc-2026-01401600006Queens_Democratic_Representative_in_Congress_6th_Congressional_District_Recap.csv:189,1
ny-2026-06-23-house-06-regular-democratic,2026,2026-06-23,primary,NY,House,06,regular,partisan_primary,Democratic,SUSAN LEE,nyc-2026-06-23-06-democratic-190-susan-lee,,True,1,nyc-2026-cd06-dem,https://www.vote.nyc/sites/default/files/pdf/election_results/2026/20260623Primary%20Election/01401600006Queens%20Democratic%20Representative%20in%20Congress%206th%20Congressional%20District%20Recap.csv,0b35439f0b5f08794f0cb6aea35d4d1acb4cacf99964dde81a0caf4716caad91,nyc-2026-01401600006Queens_Democratic_Representative_in_Congress_6th_Congressional_District_Recap.csv:190,1
ny-2026-06-23-house-06-regular-democratic,2026,2026-06-23,primary,NY,House,06,regular,partisan_primary,Democratic,UNATTRIBUTABLE WRITE-IN,nyc-2026-06-23-06-democratic-191-unattributable-write-in,,True,28,nyc-2026-cd06-dem,https://www.vote.nyc/sites/default/files/pdf/election_results/2026/20260623Primary%20Election/01401600006Queens%20Democratic%20Representative%20in%20Congress%206th%20Congressional%20District%20Recap.csv,0b35439f0b5f08794f0cb6aea35d4d1acb4cacf99964dde81a0caf4716caad91,nyc-2026-01401600006Queens_Democratic_Representative_in_Congress_6th_Congressional_District_Recap.csv:191,1
ny-2026-06-23-house-06-regular-democratic,2026,2026-06-23,primary,NY,House,06,regular,partisan_primary,Democratic,WILLIAM LAMPERT,nyc-2026-06-23-06-democratic-192-william-lampert,,True,1,nyc-2026-cd06-dem,https://www.vote.nyc/sites/default/files/pdf/election_results/2026/20260623Primary%20Election/01401600006Queens%20Democratic%20Representative%20in%20Congress%206th%20Congressional%20District%20Recap.csv,0b35439f0b5f08794f0cb6aea35d4d1acb4cacf99964dde81a0caf4716caad91,nyc-2026-01401600006Queens_Democratic_Representative_in_Congress_6th_Congressional_District_Recap.csv:192,1
ny-2026-06-23-house-06-regular-democratic,2026,2026-06-23,primary,NY,House,06,regular,partisan_primary,Democratic,WILSON VASQUEZ,nyc-2026-06-23-06-democratic-193-wilson-vasquez,,True,1,nyc-2026-cd06-dem,https://www.vote.nyc/sites/default/files/pdf/election_results/2026/20260623Primary%20Election/01401600006Queens%20Democratic%20Representative%20in%20Congress%206th%20Congressional%20District%20Recap.csv,0b35439f0b5f08794f0cb6aea35d4d1acb4cacf99964dde81a0caf4716caad91,nyc-2026-01401600006Queens_Democratic_Representative_in_Congress_6th_Congressional_District_Recap.csv:193,1
ny-2026-06-23-house-07-regular-democratic,2026,2026-06-23,primary,NY,House,07,regular,partisan_primary,Democratic,ADRIANO ESPAILLAT,nyc-2026-06-23-07-democratic-81-adriano-espaillat,,True,1,nyc-2026-cd07-dem,https://www.vote.nyc/sites/default/files/pdf/election_results/2026/20260623Primary%20Election/01001600007Crossover%20Democratic%20Representative%20in%20Congress%207th%20Congressional%20District%20Recap.csv,987c2376f99712b84e47dab54ca159a4011f57c7188fbabc57d3bf1f788cd988,nyc-2026-01001600007Crossover_Democratic_Representative_in_Congress_7th_Congressional_District_Recap.csv:81,2
ny-2026-06-23-house-07-regular-democratic,2026,2026-06-23,primary,NY,House,07,regular,partisan_primary,Democratic,AHE BEAME,nyc-2026-06-23-07-democratic-82-ahe-beame,,True,1,nyc-2026-cd07-dem,https://www.vote.nyc/sites/default/files/pdf/election_results/2026/20260623Primary%20Election/01001600007Crossover%20Democratic%20Representative%20in%20Congress%207th%20Congressional%20District%20Recap.csv,987c2376f99712b84e47dab54ca159a4011f57c7188fbabc57d3bf1f788cd988,nyc-2026-01001600007Crossover_Democratic_Representative_in_Congress_7th_Congressional_District_Recap.csv:82,2
ny-2026-06-23-house-07-regular-democratic,2026,2026-06-23,primary,NY,House,07,regular,partisan_primary,Democratic,ALEXANDRIA OCASIO CORTEZ,nyc-2026-06-23-07-democratic-83-alexandria-ocasio-cortez,,True,1,nyc-2026-cd07-dem,https://www.vote.nyc/sites/default/files/pdf/election_results/2026/20260623Primary%20Election/01001600007Crossover%20Democratic%20Representative%20in%20Congress%207th%20Congressional%20District%20Recap.csv,987c2376f99712b84e47dab54ca159a4011f57c7188fbabc57d3bf1f788cd988,nyc-2026-01001600007Crossover_Democratic_Representative_in_Congress_7th_Congressional_District_Recap.csv:83,2
ny-2026-06-23-house-07-regular-democratic,2026,2026-06-23,primary,NY,House,07,regular,partisan_primary,Democratic,ANDRE BERMAN,nyc-2026-06-23-07-democratic-84-andre-berman,,True,1,nyc-2026-cd07-dem,https://www.vote.nyc/sites/default/files/pdf/election_results/2026/20260623Primary%20Election/01001600007Crossover%20Democratic%20Representative%20in%20Congress%207th%20Congressional%20District%20Recap.csv,987c2376f99712b84e47dab54ca159a4011f57c7188fbabc57d3bf1f788cd988,nyc-2026-01001600007Crossover_Democratic_Representative_in_Congress_7th_Congressional_District_Recap.csv:84,2
ny-2026-06-23-house-07-regular-democratic,2026,2026-06-23,primary,NY,House,07,regular,partisan_primary,Democratic,ANDREW COHEN,nyc-2026-06-23-07-democratic-85-andrew-cohen,,True,1,nyc-2026-cd07-dem,https://www.vote.nyc/sites/default/files/pdf/election_results/2026/20260623Primary%20Election/01001600007Crossover%20Democratic%20Representative%20in%20Congress%207th%20Congressional%20District%20Recap.csv,987c2376f99712b84e47dab54ca159a4011f57c7188fbabc57d3bf1f788cd988,nyc-2026-01001600007Crossover_Democratic_Representative_in_Congress_7th_Congressional_District_Recap.csv:85,2
ny-2026-06-23-house-07-regular-democratic,2026,2026-06-23,primary,NY,House,07,regular,partisan_primary,Democratic,ANGELA GLOVER,nyc-2026-06-23-07-democratic-86-angela-glover,,True,1,nyc-2026-cd07-dem,https://www.vote.nyc/sites/default/files/pdf/election_results/2026/20260623Primary%20Election/01001600007Crossover%20Democratic%20Representative%20in%20Congress%207th%20Congressional%20District%20Recap.csv,987c2376f99712b84e47dab54ca159a4011f57c7188fbabc57d3bf1f788cd988,nyc-2026-01001600007Crossover_Democratic_Representative_in_Congress_7th_Congressional_District_Recap.csv:86,2
ny-2026-06-23-house-07-regular-democratic,2026,2026-06-23,primary,NY,House,07,regular,partisan_primary,Democratic,ANNA MARIE DOLPHIN,nyc-2026-06-23-07-democratic-87-anna-marie-dolphin,,True,1,nyc-2026-cd07-dem,https://www.vote.nyc/sites/default/files/pdf/election_results/2026/20260623Primary%20Election/01001600007Crossover%20Democratic%20Representative%20in%20Congress%207th%20Congressional%20District%20Recap.csv,987c2376f99712b84e47dab54ca159a4011f57c7188fbabc57d3bf1f788cd988,nyc-2026-01001600007Crossover_Democratic_Representative_in_Congress_7th_Congressional_District_Recap.csv:87,2
ny-2026-06-23-house-07-regular-democratic,2026,2026-06-23,primary,NY,House,07,regular,partisan_primary,Democratic,ASHER FREEMAN,nyc-2026-06-23-07-democratic-88-asher-freeman,,True,1,nyc-2026-cd07-dem,https://www.vote.nyc/sites/default/files/pdf/election_results/2026/20260623Primary%20Election/01001600007Crossover%20Democratic%20Representative%20in%20Congress%207th%20Congressional%20District%20Recap.csv,987c2376f99712b84e47dab54ca159a4011f57c7188fbabc57d3bf1f788cd988,nyc-2026-01001600007Crossover_Democratic_Representative_in_Congress_7th_Congressional_District_Recap.csv:88,2
ny-2026-06-23-house-07-regular-democratic,2026,2026-06-23,primary,NY,House,07,regular,partisan_primary,Democratic,AVIGDOR MILLER,nyc-2026-06-23-07-democratic-89-avigdor-miller,,True,8,nyc-2026-cd07-dem,https://www.vote.nyc/sites/default/files/pdf/election_results/2026/20260623Primary%20Election/01001600007Crossover%20Democratic%20Representative%20in%20Congress%207th%20Congressional%20District%20Recap.csv,987c2376f99712b84e47dab54ca159a4011f57c7188fbabc57d3bf1f788cd988,nyc-2026-01001600007Crossover_Democratic_Representative_in_Congress_7th_Congressional_District_Recap.csv:89,2
ny-2026-06-23-house-07-regular-democratic,2026,2026-06-23,primary,NY,House,07,regular,partisan_primary,Democratic,Antonio Reynoso,nyc-2026-06-23-07-democratic-78-antonio-reynoso,Democratic,False,25127,nyc-2026-cd07-dem,https://www.vote.nyc/sites/default/files/pdf/election_results/2026/20260623Primary%20Election/01001600007Crossover%20Democratic%20Representative%20in%20Congress%207th%20Congressional%20District%20Recap.csv,987c2376f99712b84e47dab54ca159a4011f57c7188fbabc57d3bf1f788cd988,nyc-2026-01001600007Crossover_Democratic_Representative_in_Congress_7th_Congressional_District_Recap.csv:78,2
ny-2026-06-23-house-07-regular-democratic,2026,2026-06-23,primary,NY,House,07,regular,partisan_primary,Democratic,BARBARA SHEEHAN,nyc-2026-06-23-07-democratic-90-barbara-sheehan,,True,1,nyc-2026-cd07-dem,https://www.vote.nyc/sites/default/files/pdf/election_results/2026/20260623Primary%20Election/01001600007Crossover%20Democratic%20Representative%20in%20Congress%207th%20Congressional%20District%20Recap.csv,987c2376f99712b84e47dab54ca159a4011f57c7188fbabc57d3bf1f788cd988,nyc-2026-01001600007Crossover_Democratic_Representative_in_Congress_7th_Congressional_District_Recap.csv:90,2
ny-2026-06-23-house-07-regular-democratic,2026,2026-06-23,primary,NY,House,07,regular,partisan_primary,Democratic,BEREL PEREKOVSKY,nyc-2026-06-23-07-democratic-91-berel-perekovsky,,True,1,nyc-2026-cd07-dem,https://www.vote.nyc/sites/default/files/pdf/election_results/2026/20260623Primary%20Election/01001600007Crossover%20Democratic%20Representative%20in%20Congress%207th%20Congressional%20District%20Recap.csv,987c2376f99712b84e47dab54ca159a4011f57c7188fbabc57d3bf1f788cd988,nyc-2026-01001600007Crossover_Democratic_Representative_in_Congress_7th_Congressional_District_Recap.csv:91,2
ny-2026-06-23-house-07-regular-democratic,2026,2026-06-23,primary,NY,House,07,regular,partisan_primary,Democratic,BRANDON M. CRUZ,nyc-2026-06-23-07-democratic-92-brandon-m-cruz,,True,1,nyc-2026-cd07-dem,https://www.vote.nyc/sites/default/files/pdf/election_results/2026/20260623Primary%20Election/01001600007Crossover%20Democratic%20Representative%20in%20Congress%207th%20Congressional%20District%20Recap.csv,987c2376f99712b84e47dab54ca159a4011f57c7188fbabc57d3bf1f788cd988,nyc-2026-01001600007Crossover_Democratic_Representative_in_Congress_7th_Congressional_District_Recap.csv:92,2
ny-2026-06-23-house-07-regular-democratic,2026,2026-06-23,primary,NY,House,07,regular,partisan_primary,Democratic,BRIAN BARNWELL,nyc-2026-06-23-07-democratic-93-brian-barnwell,,True,1,nyc-2026-cd07-dem,https://www.vote.nyc/sites/default/files/pdf/election_results/2026/20260623Primary%20Election/01001600007Crossover%20Democratic%20Representative%20in%20Congress%207th%20Congressional%20District%20Recap.csv,987c2376f99712b84e47dab54ca159a4011f57c7188fbabc57d3bf1f788cd988,nyc-2026-01001600007Crossover_Democratic_Representative_in_Congress_7th_Congressional_District_Recap.csv:93,2
ny-2026-06-23-house-07-regular-democratic,2026,2026-06-23,primary,NY,House,07,regular,partisan_primary,Democratic,BRIANA BELL,nyc-2026-06-23-07-democratic-94-briana-bell,,True,1,nyc-2026-cd07-dem,https://www.vote.nyc/sites/default/files/pdf/election_results/2026/20260623Primary%20Election/01001600007Crossover%20Democratic%20Representative%20in%20Congress%207th%20Congressional%20District%20Recap.csv,987c2376f99712b84e47dab54ca159a4011f57c7188fbabc57d3bf1f788cd988,nyc-2026-01001600007Crossover_Democratic_Representative_in_Congress_7th_Congressional_District_Recap.csv:94,2
ny-2026-06-23-house-07-regular-democratic,2026,2026-06-23,primary,NY,House,07,regular,partisan_primary,Democratic,CAROLYN MALONEY,nyc-2026-06-23-07-democratic-95-carolyn-maloney,,True,1,nyc-2026-cd07-dem,https://www.vote.nyc/sites/default/files/pdf/election_results/2026/20260623Primary%20Election/01001600007Crossover%20Democratic%20Representative%20in%20Congress%207th%20Congressional%20District%20Recap.csv,987c2376f99712b84e47dab54ca159a4011f57c7188fbabc57d3bf1f788cd988,nyc-2026-01001600007Crossover_Democratic_Representative_in_Congress_7th_Congressional_District_Recap.csv:95,2
ny-2026-06-23-house-07-regular-democratic,2026,2026-06-23,primary,NY,House,07,regular,partisan_primary,Democratic,CHARLES SCHUMER,nyc-2026-06-23-07-democratic-96-charles-schumer,,True,1,nyc-2026-cd07-dem,https://www.vote.nyc/sites/default/files/pdf/election_results/2026/20260623Primary%20Election/01001600007Crossover%20Democratic%20Representative%20in%20Congress%207th%20Congressional%20District%20Recap.csv,987c2376f99712b84e47dab54ca159a4011f57c7188fbabc57d3bf1f788cd988,nyc-2026-01001600007Crossover_Democratic_Representative_in_Congress_7th_Congressional_District_Recap.csv:96,2
ny-2026-06-23-house-07-regular-democratic,2026,2026-06-23,primary,NY,House,07,regular,partisan_primary,Democratic,CHRISTIAN CELESTE TATE,nyc-2026-06-23-07-democratic-97-christian-celeste-tate,,True,1,nyc-2026-cd07-dem,https://www.vote.nyc/sites/default/files/pdf/election_results/2026/20260623Primary%20Election/01001600007Crossover%20Democratic%20Representative%20in%20Congress%207th%20Congressional%20District%20Recap.csv,987c2376f99712b84e47dab54ca159a4011f57c7188fbabc57d3bf1f788cd988,nyc-2026-01001600007Crossover_Democratic_Representative_in_Congress_7th_Congressional_District_Recap.csv:97,2
ny-2026-06-23-house-07-regular-democratic,2026,2026-06-23,primary,NY,House,07,regular,partisan_primary,Democratic,Claire Valdez,nyc-2026-06-23-07-democratic-79-claire-valdez,Democratic,False,39626,nyc-2026-cd07-dem,https://www.vote.nyc/sites/default/files/pdf/election_results/2026/20260623Primary%20Election/01001600007Crossover%20Democratic%20Representative%20in%20Congress%207th%20Congressional%20District%20Recap.csv,987c2376f99712b84e47dab54ca159a4011f57c7188fbabc57d3bf1f788cd988,nyc-2026-01001600007Crossover_Democratic_Representative_in_Congress_7th_Congressional_District_Recap.csv:79,2
ny-2026-06-23-house-07-regular-democratic,2026,2026-06-23,primary,NY,House,07,regular,partisan_primary,Democratic,DAK FAYDEN,nyc-2026-06-23-07-democratic-98-dak-fayden,,True,1,nyc-2026-cd07-dem,https://www.vote.nyc/sites/default/files/pdf/election_results/2026/20260623Primary%20Election/01001600007Crossover%20Democratic%20Representative%20in%20Congress%207th%20Congressional%20District%20Recap.csv,987c2376f99712b84e47dab54ca159a4011f57c7188fbabc57d3bf1f788cd988,nyc-2026-01001600007Crossover_Democratic_Representative_in_Congress_7th_Congressional_District_Recap.csv:98,2
ny-2026-06-23-house-07-regular-democratic,2026,2026-06-23,primary,NY,House,07,regular,partisan_primary,Democratic,DAN GOLDMAN,nyc-2026-06-23-07-democratic-99-dan-goldman,,True,3,nyc-2026-cd07-dem,https://www.vote.nyc/sites/default/files/pdf/election_results/2026/20260623Primary%20Election/01001600007Crossover%20Democratic%20Representative%20in%20Congress%207th%20Congressional%20District%20Recap.csv,987c2376f99712b84e47dab54ca159a4011f57c7188fbabc57d3bf1f788cd988,nyc-2026-01001600007Crossover_Democratic_Representative_in_Congress_7th_Congressional_District_Recap.csv:99,2
ny-2026-06-23-house-07-regular-democratic,2026,2026-06-23,primary,NY,House,07,regular,partisan_primary,Democratic,DANIELLE WELCH,nyc-2026-06-23-07-democratic-100-danielle-welch,,True,1,nyc-2026-cd07-dem,https://www.vote.nyc/sites/default/files/pdf/election_results/2026/20260623Primary%20Election/01001600007Crossover%20Democratic%20Representative%20in%20Congress%207th%20Congressional%20District%20Recap.csv,987c2376f99712b84e47dab54ca159a4011f57c7188fbabc57d3bf1f788cd988,nyc-2026-01001600007Crossover_Democratic_Representative_in_Congress_7th_Congressional_District_Recap.csv:100,2
ny-2026-06-23-house-07-regular-democratic,2026,2026-06-23,primary,NY,House,07,regular,partisan_primary,Democratic,DONALD J. TRUMP,nyc-2026-06-23-07-democratic-101-donald-j-trump,,True,1,nyc-2026-cd07-dem,https://www.vote.nyc/sites/default/files/pdf/election_results/2026/20260623Primary%20Election/01001600007Crossover%20Democratic%20Representative%20in%20Congress%207th%20Congressional%20District%20Recap.csv,987c2376f99712b84e47dab54ca159a4011f57c7188fbabc57d3bf1f788cd988,nyc-2026-01001600007Crossover_Democratic_Representative_in_Congress_7th_Congressional_District_Recap.csv:101,2
ny-2026-06-23-house-07-regular-democratic,2026,2026-06-23,primary,NY,House,07,regular,partisan_primary,Democratic,DONOVAN LEE MENDOZA,nyc-2026-06-23-07-democratic-102-donovan-lee-mendoza,,True,1,nyc-2026-cd07-dem,https://www.vote.nyc/sites/default/files/pdf/election_results/2026/20260623Primary%20Election/01001600007Crossover%20Democratic%20Representative%20in%20Congress%207th%20Congressional%20District%20Recap.csv,987c2376f99712b84e47dab54ca159a4011f57c7188fbabc57d3bf1f788cd988,nyc-2026-01001600007Crossover_Democratic_Representative_in_Congress_7th_Congressional_District_Recap.csv:102,2
ny-2026-06-23-house-07-regular-democratic,2026,2026-06-23,primary,NY,House,07,regular,partisan_primary,Democratic,GITTY WIESS,nyc-2026-06-23-07-democratic-103-gitty-wiess,,True,1,nyc-2026-cd07-dem,https://www.vote.nyc/sites/default/files/pdf/election_results/2026/20260623Primary%20Election/01001600007Crossover%20Democratic%20Representative%20in%20Congress%207th%20Congressional%20District%20Recap.csv,987c2376f99712b84e47dab54ca159a4011f57c7188fbabc57d3bf1f788cd988,nyc-2026-01001600007Crossover_Democratic_Representative_in_Congress_7th_Congressional_District_Recap.csv:103,2
ny-2026-06-23-house-07-regular-democratic,2026,2026-06-23,primary,NY,House,07,regular,partisan_primary,Democratic,GRACE MENG,nyc-2026-06-23-07-democratic-104-grace-meng,,True,1,nyc-2026-cd07-dem,https://www.vote.nyc/sites/default/files/pdf/election_results/2026/20260623Primary%20Election/01001600007Crossover%20Democratic%20Representative%20in%20Congress%207th%20Congressional%20District%20Recap.csv,987c2376f99712b84e47dab54ca159a4011f57c7188fbabc57d3bf1f788cd988,nyc-2026-01001600007Crossover_Democratic_Representative_in_Congress_7th_Congressional_District_Recap.csv:104,2
ny-2026-06-23-house-07-regular-democratic,2026,2026-06-23,primary,NY,House,07,regular,partisan_primary,Democratic,HERBERT RUBENSTEIN,nyc-2026-06-23-07-democratic-105-herbert-rubenstein,,True,1,nyc-2026-cd07-dem,https://www.vote.nyc/sites/default/files/pdf/election_results/2026/20260623Primary%20Election/01001600007Crossover%20Democratic%20Representative%20in%20Congress%207th%20Congressional%20District%20Recap.csv,987c2376f99712b84e47dab54ca159a4011f57c7188fbabc57d3bf1f788cd988,nyc-2026-01001600007Crossover_Democratic_Representative_in_Congress_7th_Congressional_District_Recap.csv:105,2
ny-2026-06-23-house-07-regular-democratic,2026,2026-06-23,primary,NY,House,07,regular,partisan_primary,Democratic,HERZKA GOLDSTEIN,nyc-2026-06-23-07-democratic-106-herzka-goldstein,,True,2,nyc-2026-cd07-dem,https://www.vote.nyc/sites/default/files/pdf/election_results/2026/20260623Primary%20Election/01001600007Crossover%20Democratic%20Representative%20in%20Congress%207th%20Congressional%20District%20Recap.csv,987c2376f99712b84e47dab54ca159a4011f57c7188fbabc57d3bf1f788cd988,nyc-2026-01001600007Crossover_Democratic_Representative_in_Congress_7th_Congressional_District_Recap.csv:106,2
ny-2026-06-23-house-07-regular-democratic,2026,2026-06-23,primary,NY,House,07,regular,partisan_primary,Democratic,ISAAC FREUND,nyc-2026-06-23-07-democratic-107-isaac-freund,,True,1,nyc-2026-cd07-dem,https://www.vote.nyc/sites/default/files/pdf/election_results/2026/20260623Primary%20Election/01001600007Crossover%20Democratic%20Representative%20in%20Congress%207th%20Congressional%20District%20Recap.csv,987c2376f99712b84e47dab54ca159a4011f57c7188fbabc57d3bf1f788cd988,nyc-2026-01001600007Crossover_Democratic_Representative_in_Congress_7th_Congressional_District_Recap.csv:107,2
ny-2026-06-23-house-07-regular-democratic,2026,2026-06-23,primary,NY,House,07,regular,partisan_primary,Democratic,JACK SCHLOSSBERG,nyc-2026-06-23-07-democratic-108-jack-schlossberg,,True,2,nyc-2026-cd07-dem,https://www.vote.nyc/sites/default/files/pdf/election_results/2026/20260623Primary%20Election/01001600007Crossover%20Democratic%20Representative%20in%20Congress%207th%20Congressional%20District%20Recap.csv,987c2376f99712b84e47dab54ca159a4011f57c7188fbabc57d3bf1f788cd988,nyc-2026-01001600007Crossover_Democratic_Representative_in_Congress_7th_Congressional_District_Recap.csv:108,2
ny-2026-06-23-house-07-regular-democratic,2026,2026-06-23,primary,NY,House,07,regular,partisan_primary,Democratic,JACOB JONES,nyc-2026-06-23-07-democratic-109-jacob-jones,,True,1,nyc-2026-cd07-dem,https://www.vote.nyc/sites/default/files/pdf/election_results/2026/20260623Primary%20Election/01001600007Crossover%20Democratic%20Representative%20in%20Congress%207th%20Congressional%20District%20Recap.csv,987c2376f99712b84e47dab54ca159a4011f57c7188fbabc57d3bf1f788cd988,nyc-2026-01001600007Crossover_Democratic_Representative_in_Congress_7th_Congressional_District_Recap.csv:109,2
ny-2026-06-23-house-07-regular-democratic,2026,2026-06-23,primary,NY,House,07,regular,partisan_primary,Democratic,JAMESON SERIL,nyc-2026-06-23-07-democratic-110-jameson-seril,,True,1,nyc-2026-cd07-dem,https://www.vote.nyc/sites/default/files/pdf/election_results/2026/20260623Primary%20Election/01001600007Crossover%20Democratic%20Representative%20in%20Congress%207th%20Congressional%20District%20Recap.csv,987c2376f99712b84e47dab54ca159a4011f57c7188fbabc57d3bf1f788cd988,nyc-2026-01001600007Crossover_Democratic_Representative_in_Congress_7th_Congressional_District_Recap.csv:110,2
ny-2026-06-23-house-07-regular-democratic,2026,2026-06-23,primary,NY,House,07,regular,partisan_primary,Democratic,JAVIN L. RIVERA,nyc-2026-06-23-07-democratic-111-javin-l-rivera,,True,1,nyc-2026-cd07-dem,https://www.vote.nyc/sites/default/files/pdf/election_results/2026/20260623Primary%20Election/01001600007Crossover%20Democratic%20Representative%20in%20Congress%207th%20Congressional%20District%20Recap.csv,987c2376f99712b84e47dab54ca159a4011f57c7188fbabc57d3bf1f788cd988,nyc-2026-01001600007Crossover_Democratic_Representative_in_Congress_7th_Congressional_District_Recap.csv:111,2
ny-2026-06-23-house-07-regular-democratic,2026,2026-06-23,primary,NY,House,07,regular,partisan_primary,Democratic,JERRY NADLER,nyc-2026-06-23-07-democratic-112-jerry-nadler,,True,1,nyc-2026-cd07-dem,https://www.vote.nyc/sites/default/files/pdf/election_results/2026/20260623Primary%20Election/01001600007Crossover%20Democratic%20Representative%20in%20Congress%207th%20Congressional%20District%20Recap.csv,987c2376f99712b84e47dab54ca159a4011f57c7188fbabc57d3bf1f788cd988,nyc-2026-01001600007Crossover_Democratic_Representative_in_Congress_7th_Congressional_District_Recap.csv:112,2
ny-2026-06-23-house-07-regular-democratic,2026,2026-06-23,primary,NY,House,07,regular,partisan_primary,Democratic,JESSICA TISCH,nyc-2026-06-23-07-democratic-113-jessica-tisch,,True,1,nyc-2026-cd07-dem,https://www.vote.nyc/sites/default/files/pdf/election_results/2026/20260623Primary%20Election/01001600007Crossover%20Democratic%20Representative%20in%20Congress%207th%20Congressional%20District%20Recap.csv,987c2376f99712b84e47dab54ca159a4011f57c7188fbabc57d3bf1f788cd988,nyc-2026-01001600007Crossover_Democratic_Representative_in_Congress_7th_Congressional_District_Recap.csv:113,2
ny-2026-06-23-house-07-regular-democratic,2026,2026-06-23,primary,NY,House,07,regular,partisan_primary,Democratic,JESUS CHRIST,nyc-2026-06-23-07-democratic-114-jesus-christ,,True,1,nyc-2026-cd07-dem,https://www.vote.nyc/sites/default/files/pdf/election_results/2026/20260623Primary%20Election/01001600007Crossover%20Democratic%20Representative%20in%20Congress%207th%20Congressional%20District%20Recap.csv,987c2376f99712b84e47dab54ca159a4011f57c7188fbabc57d3bf1f788cd988,nyc-2026-01001600007Crossover_Democratic_Representative_in_Congress_7th_Congressional_District_Recap.csv:114,2
ny-2026-06-23-house-07-regular-democratic,2026,2026-06-23,primary,NY,House,07,regular,partisan_primary,Democratic,JOEL WEISS,nyc-2026-06-23-07-democratic-115-joel-weiss,,True,1,nyc-2026-cd07-dem,https://www.vote.nyc/sites/default/files/pdf/election_results/2026/20260623Primary%20Election/01001600007Crossover%20Democratic%20Representative%20in%20Congress%207th%20Congressional%20District%20Recap.csv,987c2376f99712b84e47dab54ca159a4011f57c7188fbabc57d3bf1f788cd988,nyc-2026-01001600007Crossover_Democratic_Representative_in_Congress_7th_Congressional_District_Recap.csv:115,2
ny-2026-06-23-house-07-regular-democratic,2026,2026-06-23,primary,NY,House,07,regular,partisan_primary,Democratic,JOHNNY APPLESEED,nyc-2026-06-23-07-democratic-116-johnny-appleseed,,True,1,nyc-2026-cd07-dem,https://www.vote.nyc/sites/default/files/pdf/election_results/2026/20260623Primary%20Election/01001600007Crossover%20Democratic%20Representative%20in%20Congress%207th%20Congressional%20District%20Recap.csv,987c2376f99712b84e47dab54ca159a4011f57c7188fbabc57d3bf1f788cd988,nyc-2026-01001600007Crossover_Democratic_Representative_in_Congress_7th_Congressional_District_Recap.csv:116,2
ny-2026-06-23-house-07-regular-democratic,2026,2026-06-23,primary,NY,House,07,regular,partisan_primary,Democratic,JUDAH MACCABEE,nyc-2026-06-23-07-democratic-117-judah-maccabee,,True,1,nyc-2026-cd07-dem,https://www.vote.nyc/sites/default/files/pdf/election_results/2026/20260623Primary%20Election/01001600007Crossover%20Democratic%20Representative%20in%20Congress%207th%20Congressional%20District%20Recap.csv,987c2376f99712b84e47dab54ca159a4011f57c7188fbabc57d3bf1f788cd988,nyc-2026-01001600007Crossover_Democratic_Representative_in_Congress_7th_Congressional_District_Recap.csv:117,2
ny-2026-06-23-house-07-regular-democratic,2026,2026-06-23,primary,NY,House,07,regular,partisan_primary,Democratic,Julie Won,nyc-2026-06-23-07-democratic-80-julie-won,Democratic,False,4438,nyc-2026-cd07-dem,https://www.vote.nyc/sites/default/files/pdf/election_results/2026/20260623Primary%20Election/01001600007Crossover%20Democratic%20Representative%20in%20Congress%207th%20Congressional%20District%20Recap.csv,987c2376f99712b84e47dab54ca159a4011f57c7188fbabc57d3bf1f788cd988,nyc-2026-01001600007Crossover_Democratic_Representative_in_Congress_7th_Congressional_District_Recap.csv:80,2
ny-2026-06-23-house-07-regular-democratic,2026,2026-06-23,primary,NY,House,07,regular,partisan_primary,Democratic,KIM DAVIS,nyc-2026-06-23-07-democratic-118-kim-davis,,True,1,nyc-2026-cd07-dem,https://www.vote.nyc/sites/default/files/pdf/election_results/2026/20260623Primary%20Election/01001600007Crossover%20Democratic%20Representative%20in%20Congress%207th%20Congressional%20District%20Recap.csv,987c2376f99712b84e47dab54ca159a4011f57c7188fbabc57d3bf1f788cd988,nyc-2026-01001600007Crossover_Democratic_Representative_in_Congress_7th_Congressional_District_Recap.csv:118,2
ny-2026-06-23-house-07-regular-democratic,2026,2026-06-23,primary,NY,House,07,regular,partisan_primary,Democratic,LEIBA RIMLER,nyc-2026-06-23-07-democratic-119-leiba-rimler,,True,1,nyc-2026-cd07-dem,https://www.vote.nyc/sites/default/files/pdf/election_results/2026/20260623Primary%20Election/01001600007Crossover%20Democratic%20Representative%20in%20Congress%207th%20Congressional%20District%20Recap.csv,987c2376f99712b84e47dab54ca159a4011f57c7188fbabc57d3bf1f788cd988,nyc-2026-01001600007Crossover_Democratic_Representative_in_Congress_7th_Congressional_District_Recap.csv:119,2
ny-2026-06-23-house-07-regular-democratic,2026,2026-06-23,primary,NY,House,07,regular,partisan_primary,Democratic,NELSON MALDONADO,nyc-2026-06-23-07-democratic-120-nelson-maldonado,,True,1,nyc-2026-cd07-dem,https://www.vote.nyc/sites/default/files/pdf/election_results/2026/20260623Primary%20Election/01001600007Crossover%20Democratic%20Representative%20in%20Congress%207th%20Congressional%20District%20Recap.csv,987c2376f99712b84e47dab54ca159a4011f57c7188fbabc57d3bf1f788cd988,nyc-2026-01001600007Crossover_Democratic_Representative_in_Congress_7th_Congressional_District_Recap.csv:120,2
ny-2026-06-23-house-07-regular-democratic,2026,2026-06-23,primary,NY,House,07,regular,partisan_primary,Democratic,PAPERBOY LOVE PRINCE,nyc-2026-06-23-07-democratic-121-paperboy-love-prince,,True,1,nyc-2026-cd07-dem,https://www.vote.nyc/sites/default/files/pdf/election_results/2026/20260623Primary%20Election/01001600007Crossover%20Democratic%20Representative%20in%20Congress%207th%20Congressional%20District%20Recap.csv,987c2376f99712b84e47dab54ca159a4011f57c7188fbabc57d3bf1f788cd988,nyc-2026-01001600007Crossover_Democratic_Representative_in_Congress_7th_Congressional_District_Recap.csv:121,2
ny-2026-06-23-house-07-regular-democratic,2026,2026-06-23,primary,NY,House,07,regular,partisan_primary,Democratic,PRISCILLA GHAZNAUI,nyc-2026-06-23-07-democratic-122-priscilla-ghaznaui,,True,1,nyc-2026-cd07-dem,https://www.vote.nyc/sites/default/files/pdf/election_results/2026/20260623Primary%20Election/01001600007Crossover%20Democratic%20Representative%20in%20Congress%207th%20Congressional%20District%20Recap.csv,987c2376f99712b84e47dab54ca159a4011f57c7188fbabc57d3bf1f788cd988,nyc-2026-01001600007Crossover_Democratic_Representative_in_Congress_7th_Congressional_District_Recap.csv:122,2
ny-2026-06-23-house-07-regular-democratic,2026,2026-06-23,primary,NY,House,07,regular,partisan_primary,Democratic,ROBERT E SUTTON,nyc-2026-06-23-07-democratic-123-robert-e-sutton,,True,1,nyc-2026-cd07-dem,https://www.vote.nyc/sites/default/files/pdf/election_results/2026/20260623Primary%20Election/01001600007Crossover%20Democratic%20Representative%20in%20Congress%207th%20Congressional%20District%20Recap.csv,987c2376f99712b84e47dab54ca159a4011f57c7188fbabc57d3bf1f788cd988,nyc-2026-01001600007Crossover_Democratic_Representative_in_Congress_7th_Congressional_District_Recap.csv:123,2
ny-2026-06-23-house-07-regular-democratic,2026,2026-06-23,primary,NY,House,07,regular,partisan_primary,Democratic,ROBERT HOLDEN,nyc-2026-06-23-07-democratic-124-robert-holden,,True,1,nyc-2026-cd07-dem,https://www.vote.nyc/sites/default/files/pdf/election_results/2026/20260623Primary%20Election/01001600007Crossover%20Democratic%20Representative%20in%20Congress%207th%20Congressional%20District%20Recap.csv,987c2376f99712b84e47dab54ca159a4011f57c7188fbabc57d3bf1f788cd988,nyc-2026-01001600007Crossover_Democratic_Representative_in_Congress_7th_Congressional_District_Recap.csv:124,2
ny-2026-06-23-house-07-regular-democratic,2026,2026-06-23,primary,NY,House,07,regular,partisan_primary,Democratic,THOMAS JOHNSON,nyc-2026-06-23-07-democratic-125-thomas-johnson,,True,1,nyc-2026-cd07-dem,https://www.vote.nyc/sites/default/files/pdf/election_results/2026/20260623Primary%20Election/01001600007Crossover%20Democratic%20Representative%20in%20Congress%207th%20Congressional%20District%20Recap.csv,987c2376f99712b84e47dab54ca159a4011f57c7188fbabc57d3bf1f788cd988,nyc-2026-01001600007Crossover_Democratic_Representative_in_Congress_7th_Congressional_District_Recap.csv:125,2
ny-2026-06-23-house-07-regular-democratic,2026,2026-06-23,primary,NY,House,07,regular,partisan_primary,Democratic,TREVOR SCHLAM,nyc-2026-06-23-07-democratic-126-trevor-schlam,,True,1,nyc-2026-cd07-dem,https://www.vote.nyc/sites/default/files/pdf/election_results/2026/20260623Primary%20Election/01001600007Crossover%20Democratic%20Representative%20in%20Congress%207th%20Congressional%20District%20Recap.csv,987c2376f99712b84e47dab54ca159a4011f57c7188fbabc57d3bf1f788cd988,nyc-2026-01001600007Crossover_Democratic_Representative_in_Congress_7th_Congressional_District_Recap.csv:126,2
ny-2026-06-23-house-07-regular-democratic,2026,2026-06-23,primary,NY,House,07,regular,partisan_primary,Democratic,UNATTRIBUTABLE WRITE-IN,nyc-2026-06-23-07-democratic-127-unattributable-write-in,,True,47,nyc-2026-cd07-dem,https://www.vote.nyc/sites/default/files/pdf/election_results/2026/20260623Primary%20Election/01001600007Crossover%20Democratic%20Representative%20in%20Congress%207th%20Congressional%20District%20Recap.csv,987c2376f99712b84e47dab54ca159a4011f57c7188fbabc57d3bf1f788cd988,nyc-2026-01001600007Crossover_Democratic_Representative_in_Congress_7th_Congressional_District_Recap.csv:127,2
ny-2026-06-23-house-07-regular-democratic,2026,2026-06-23,primary,NY,House,07,regular,partisan_primary,Democratic,VITO J. LOPEZ,nyc-2026-06-23-07-democratic-128-vito-j-lopez,,True,2,nyc-2026-cd07-dem,https://www.vote.nyc/sites/default/files/pdf/election_results/2026/20260623Primary%20Election/01001600007Crossover%20Democratic%20Representative%20in%20Congress%207th%20Congressional%20District%20Recap.csv,987c2376f99712b84e47dab54ca159a4011f57c7188fbabc57d3bf1f788cd988,nyc-2026-01001600007Crossover_Democratic_Representative_in_Congress_7th_Congressional_District_Recap.csv:128,2
ny-2026-06-23-house-07-regular-democratic,2026,2026-06-23,primary,NY,House,07,regular,partisan_primary,Democratic,Vichal Kumar,nyc-2026-06-23-07-democratic-77-vichal-kumar,Democratic,False,1187,nyc-2026-cd07-dem,https://www.vote.nyc/sites/default/files/pdf/election_results/2026/20260623Primary%20Election/01001600007Crossover%20Democratic%20Representative%20in%20Congress%207th%20Congressional%20District%20Recap.csv,987c2376f99712b84e47dab54ca159a4011f57c7188fbabc57d3bf1f788cd988,nyc-2026-01001600007Crossover_Democratic_Representative_in_Congress_7th_Congressional_District_Recap.csv:77,2
ny-2026-06-23-house-07-regular-democratic,2026,2026-06-23,primary,NY,House,07,regular,partisan_primary,Democratic,WILLIAM GRANT EVERETT,nyc-2026-06-23-07-democratic-129-william-grant-everett,,True,1,nyc-2026-cd07-dem,https://www.vote.nyc/sites/default/files/pdf/election_results/2026/20260623Primary%20Election/01001600007Crossover%20Democratic%20Representative%20in%20Congress%207th%20Congressional%20District%20Recap.csv,987c2376f99712b84e47dab54ca159a4011f57c7188fbabc57d3bf1f788cd988,nyc-2026-01001600007Crossover_Democratic_Representative_in_Congress_7th_Congressional_District_Recap.csv:129,2
ny-2026-06-23-house-07-regular-democratic,2026,2026-06-23,primary,NY,House,07,regular,partisan_primary,Democratic,YISROEL CHAI,nyc-2026-06-23-07-democratic-130-yisroel-chai,,True,1,nyc-2026-cd07-dem,https://www.vote.nyc/sites/default/files/pdf/election_results/2026/20260623Primary%20Election/01001600007Crossover%20Democratic%20Representative%20in%20Congress%207th%20Congressional%20District%20Recap.csv,987c2376f99712b84e47dab54ca159a4011f57c7188fbabc57d3bf1f788cd988,nyc-2026-01001600007Crossover_Democratic_Representative_in_Congress_7th_Congressional_District_Recap.csv:130,2
ny-2026-06-23-house-07-regular-democratic,2026,2026-06-23,primary,NY,House,07,regular,partisan_primary,Democratic,YOEL WEISS,nyc-2026-06-23-07-democratic-131-yoel-weiss,,True,1,nyc-2026-cd07-dem,https://www.vote.nyc/sites/default/files/pdf/election_results/2026/20260623Primary%20Election/01001600007Crossover%20Democratic%20Representative%20in%20Congress%207th%20Congressional%20District%20Recap.csv,987c2376f99712b84e47dab54ca159a4011f57c7188fbabc57d3bf1f788cd988,nyc-2026-01001600007Crossover_Democratic_Representative_in_Congress_7th_Congressional_District_Recap.csv:131,2
ny-2026-06-23-house-07-regular-democratic,2026,2026-06-23,primary,NY,House,07,regular,partisan_primary,Democratic,ZAYAN M. ALAM,nyc-2026-06-23-07-democratic-132-zayan-m-alam,,True,1,nyc-2026-cd07-dem,https://www.vote.nyc/sites/default/files/pdf/election_results/2026/20260623Primary%20Election/01001600007Crossover%20Democratic%20Representative%20in%20Congress%207th%20Congressional%20District%20Recap.csv,987c2376f99712b84e47dab54ca159a4011f57c7188fbabc57d3bf1f788cd988,nyc-2026-01001600007Crossover_Democratic_Representative_in_Congress_7th_Congressional_District_Recap.csv:132,2
ny-2026-06-23-house-09-regular-democratic,2026,2026-06-23,primary,NY,House,09,regular,partisan_primary,Democratic,AALIYAH THOMAS,nyc-2026-06-23-09-democratic-332-aaliyah-thomas,,True,1,nyc-2026-cd09-dem,https://www.vote.nyc/sites/default/files/pdf/election_results/2026/20260623Primary%20Election/01301600009Kings%20Democratic%20Representative%20in%20Congress%209th%20Congressional%20District%20Recap.csv,fc6d4ddff39bcc5d006343fb84f1e2d0fb886ff8985ac1e1592e29f50e48afa2,nyc-2026-01301600009Kings_Democratic_Representative_in_Congress_9th_Congressional_District_Recap.csv:332,1
ny-2026-06-23-house-09-regular-democratic,2026,2026-06-23,primary,NY,House,09,regular,partisan_primary,Democratic,ABRAHAM KERPEL,nyc-2026-06-23-09-democratic-333-abraham-kerpel,,True,1,nyc-2026-cd09-dem,https://www.vote.nyc/sites/default/files/pdf/election_results/2026/20260623Primary%20Election/01301600009Kings%20Democratic%20Representative%20in%20Congress%209th%20Congressional%20District%20Recap.csv,fc6d4ddff39bcc5d006343fb84f1e2d0fb886ff8985ac1e1592e29f50e48afa2,nyc-2026-01301600009Kings_Democratic_Representative_in_Congress_9th_Congressional_District_Recap.csv:333,1
ny-2026-06-23-house-09-regular-democratic,2026,2026-06-23,primary,NY,House,09,regular,partisan_primary,Democratic,ADRIANO ESPAILLAT,nyc-2026-06-23-09-democratic-334-adriano-espaillat,,True,1,nyc-2026-cd09-dem,https://www.vote.nyc/sites/default/files/pdf/election_results/2026/20260623Primary%20Election/01301600009Kings%20Democratic%20Representative%20in%20Congress%209th%20Congressional%20District%20Recap.csv,fc6d4ddff39bcc5d006343fb84f1e2d0fb886ff8985ac1e1592e29f50e48afa2,nyc-2026-01301600009Kings_Democratic_Representative_in_Congress_9th_Congressional_District_Recap.csv:334,1
ny-2026-06-23-house-09-regular-democratic,2026,2026-06-23,primary,NY,House,09,regular,partisan_primary,Democratic,AHRON GLUCK,nyc-2026-06-23-09-democratic-335-ahron-gluck,,True,1,nyc-2026-cd09-dem,https://www.vote.nyc/sites/default/files/pdf/election_results/2026/20260623Primary%20Election/01301600009Kings%20Democratic%20Representative%20in%20Congress%209th%20Congressional%20District%20Recap.csv,fc6d4ddff39bcc5d006343fb84f1e2d0fb886ff8985ac1e1592e29f50e48afa2,nyc-2026-01301600009Kings_Democratic_Representative_in_Congress_9th_Congressional_District_Recap.csv:335,1
ny-2026-06-23-house-09-regular-democratic,2026,2026-06-23,primary,NY,House,09,regular,partisan_primary,Democratic,ALEX MCKAY,nyc-2026-06-23-09-democratic-336-alex-mckay,,True,1,nyc-2026-cd09-dem,https://www.vote.nyc/sites/default/files/pdf/election_results/2026/20260623Primary%20Election/01301600009Kings%20Democratic%20Representative%20in%20Congress%209th%20Congressional%20District%20Recap.csv,fc6d4ddff39bcc5d006343fb84f1e2d0fb886ff8985ac1e1592e29f50e48afa2,nyc-2026-01301600009Kings_Democratic_Representative_in_Congress_9th_Congressional_District_Recap.csv:336,1
ny-2026-06-23-house-09-regular-democratic,2026,2026-06-23,primary,NY,House,09,regular,partisan_primary,Democratic,ALEXANDRIA OCASIO-CORTEZ,nyc-2026-06-23-09-democratic-337-alexandria-ocasio-cortez,,True,1,nyc-2026-cd09-dem,https://www.vote.nyc/sites/default/files/pdf/election_results/2026/20260623Primary%20Election/01301600009Kings%20Democratic%20Representative%20in%20Congress%209th%20Congressional%20District%20Recap.csv,fc6d4ddff39bcc5d006343fb84f1e2d0fb886ff8985ac1e1592e29f50e48afa2,nyc-2026-01301600009Kings_Democratic_Representative_in_Congress_9th_Congressional_District_Recap.csv:337,1
ny-2026-06-23-house-09-regular-democratic,2026,2026-06-23,primary,NY,House,09,regular,partisan_primary,Democratic,ANDREW KATZENSTEIN,nyc-2026-06-23-09-democratic-338-andrew-katzenstein,,True,1,nyc-2026-cd09-dem,https://www.vote.nyc/sites/default/files/pdf/election_results/2026/20260623Primary%20Election/01301600009Kings%20Democratic%20Representative%20in%20Congress%209th%20Congressional%20District%20Recap.csv,fc6d4ddff39bcc5d006343fb84f1e2d0fb886ff8985ac1e1592e29f50e48afa2,nyc-2026-01301600009Kings_Democratic_Representative_in_Congress_9th_Congressional_District_Recap.csv:338,1
ny-2026-06-23-house-09-regular-democratic,2026,2026-06-23,primary,NY,House,09,regular,partisan_primary,Democratic,ANGELA DAVIS,nyc-2026-06-23-09-democratic-339-angela-davis,,True,1,nyc-2026-cd09-dem,https://www.vote.nyc/sites/default/files/pdf/election_results/2026/20260623Primary%20Election/01301600009Kings%20Democratic%20Representative%20in%20Congress%209th%20Congressional%20District%20Recap.csv,fc6d4ddff39bcc5d006343fb84f1e2d0fb886ff8985ac1e1592e29f50e48afa2,nyc-2026-01301600009Kings_Democratic_Representative_in_Congress_9th_Congressional_District_Recap.csv:339,1
ny-2026-06-23-house-09-regular-democratic,2026,2026-06-23,primary,NY,House,09,regular,partisan_primary,Democratic,ANSLEY PENTE,nyc-2026-06-23-09-democratic-340-ansley-pente,,True,1,nyc-2026-cd09-dem,https://www.vote.nyc/sites/default/files/pdf/election_results/2026/20260623Primary%20Election/01301600009Kings%20Democratic%20Representative%20in%20Congress%209th%20Congressional%20District%20Recap.csv,fc6d4ddff39bcc5d006343fb84f1e2d0fb886ff8985ac1e1592e29f50e48afa2,nyc-2026-01301600009Kings_Democratic_Representative_in_Congress_9th_Congressional_District_Recap.csv:340,1
ny-2026-06-23-house-09-regular-democratic,2026,2026-06-23,primary,NY,House,09,regular,partisan_primary,Democratic,ANTONIO REYNOSO,nyc-2026-06-23-09-democratic-341-antonio-reynoso,,True,2,nyc-2026-cd09-dem,https://www.vote.nyc/sites/default/files/pdf/election_results/2026/20260623Primary%20Election/01301600009Kings%20Democratic%20Representative%20in%20Congress%209th%20Congressional%20District%20Recap.csv,fc6d4ddff39bcc5d006343fb84f1e2d0fb886ff8985ac1e1592e29f50e48afa2,nyc-2026-01301600009Kings_Democratic_Representative_in_Congress_9th_Congressional_District_Recap.csv:341,1
ny-2026-06-23-house-09-regular-democratic,2026,2026-06-23,primary,NY,House,09,regular,partisan_primary,Democratic,ARA HADAR,nyc-2026-06-23-09-democratic-342-ara-hadar,,True,1,nyc-2026-cd09-dem,https://www.vote.nyc/sites/default/files/pdf/election_results/2026/20260623Primary%20Election/01301600009Kings%20Democratic%20Representative%20in%20Congress%209th%20Congressional%20District%20Recap.csv,fc6d4ddff39bcc5d006343fb84f1e2d0fb886ff8985ac1e1592e29f50e48afa2,nyc-2026-01301600009Kings_Democratic_Representative_in_Congress_9th_Congressional_District_Recap.csv:342,1
ny-2026-06-23-house-09-regular-democratic,2026,2026-06-23,primary,NY,House,09,regular,partisan_primary,Democratic,ARON ROTH,nyc-2026-06-23-09-democratic-343-aron-roth,,True,1,nyc-2026-cd09-dem,https://www.vote.nyc/sites/default/files/pdf/election_results/2026/20260623Primary%20Election/01301600009Kings%20Democratic%20Representative%20in%20Congress%209th%20Congressional%20District%20Recap.csv,fc6d4ddff39bcc5d006343fb84f1e2d0fb886ff8985ac1e1592e29f50e48afa2,nyc-2026-01301600009Kings_Democratic_Representative_in_Congress_9th_Congressional_District_Recap.csv:343,1
ny-2026-06-23-house-09-regular-democratic,2026,2026-06-23,primary,NY,House,09,regular,partisan_primary,Democratic,AVI LESCHS,nyc-2026-06-23-09-democratic-344-avi-leschs,,True,1,nyc-2026-cd09-dem,https://www.vote.nyc/sites/default/files/pdf/election_results/2026/20260623Primary%20Election/01301600009Kings%20Democratic%20Representative%20in%20Congress%209th%20Congressional%20District%20Recap.csv,fc6d4ddff39bcc5d006343fb84f1e2d0fb886ff8985ac1e1592e29f50e48afa2,nyc-2026-01301600009Kings_Democratic_Representative_in_Congress_9th_Congressional_District_Recap.csv:344,1
ny-2026-06-23-house-09-regular-democratic,2026,2026-06-23,primary,NY,House,09,regular,partisan_primary,Democratic,BEN SHAPIRO,nyc-2026-06-23-09-democratic-345-ben-shapiro,,True,1,nyc-2026-cd09-dem,https://www.vote.nyc/sites/default/files/pdf/election_results/2026/20260623Primary%20Election/01301600009Kings%20Democratic%20Representative%20in%20Congress%209th%20Congressional%20District%20Recap.csv,fc6d4ddff39bcc5d006343fb84f1e2d0fb886ff8985ac1e1592e29f50e48afa2,nyc-2026-01301600009Kings_Democratic_Representative_in_Congress_9th_Congressional_District_Recap.csv:345,1
ny-2026-06-23-house-09-regular-democratic,2026,2026-06-23,primary,NY,House,09,regular,partisan_primary,Democratic,BENJAMIN FEIT,nyc-2026-06-23-09-democratic-346-benjamin-feit,,True,1,nyc-2026-cd09-dem,https://www.vote.nyc/sites/default/files/pdf/election_results/2026/20260623Primary%20Election/01301600009Kings%20Democratic%20Representative%20in%20Congress%209th%20Congressional%20District%20Recap.csv,fc6d4ddff39bcc5d006343fb84f1e2d0fb886ff8985ac1e1592e29f50e48afa2,nyc-2026-01301600009Kings_Democratic_Representative_in_Congress_9th_Congressional_District_Recap.csv:346,1
ny-2026-06-23-house-09-regular-democratic,2026,2026-06-23,primary,NY,House,09,regular,partisan_primary,Democratic,BERNIE SANDERS,nyc-2026-06-23-09-democratic-347-bernie-sanders,,True,1,nyc-2026-cd09-dem,https://www.vote.nyc/sites/default/files/pdf/election_results/2026/20260623Primary%20Election/01301600009Kings%20Democratic%20Representative%20in%20Congress%209th%20Congressional%20District%20Recap.csv,fc6d4ddff39bcc5d006343fb84f1e2d0fb886ff8985ac1e1592e29f50e48afa2,nyc-2026-01301600009Kings_Democratic_Representative_in_Congress_9th_Congressional_District_Recap.csv:347,1
ny-2026-06-23-house-09-regular-democratic,2026,2026-06-23,primary,NY,House,09,regular,partisan_primary,Democratic,BETH BALTIMORE,nyc-2026-06-23-09-democratic-348-beth-baltimore,,True,2,nyc-2026-cd09-dem,https://www.vote.nyc/sites/default/files/pdf/election_results/2026/20260623Primary%20Election/01301600009Kings%20Democratic%20Representative%20in%20Congress%209th%20Congressional%20District%20Recap.csv,fc6d4ddff39bcc5d006343fb84f1e2d0fb886ff8985ac1e1592e29f50e48afa2,nyc-2026-01301600009Kings_Democratic_Representative_in_Congress_9th_Congressional_District_Recap.csv:348,1
ny-2026-06-23-house-09-regular-democratic,2026,2026-06-23,primary,NY,House,09,regular,partisan_primary,Democratic,BORAT HRUM JR.,nyc-2026-06-23-09-democratic-349-borat-hrum-jr,,True,1,nyc-2026-cd09-dem,https://www.vote.nyc/sites/default/files/pdf/election_results/2026/20260623Primary%20Election/01301600009Kings%20Democratic%20Representative%20in%20Congress%209th%20Congressional%20District%20Recap.csv,fc6d4ddff39bcc5d006343fb84f1e2d0fb886ff8985ac1e1592e29f50e48afa2,nyc-2026-01301600009Kings_Democratic_Representative_in_Congress_9th_Congressional_District_Recap.csv:349,1
ny-2026-06-23-house-09-regular-democratic,2026,2026-06-23,primary,NY,House,09,regular,partisan_primary,Democratic,BRACHA ZAHN,nyc-2026-06-23-09-democratic-350-bracha-zahn,,True,2,nyc-2026-cd09-dem,https://www.vote.nyc/sites/default/files/pdf/election_results/2026/20260623Primary%20Election/01301600009Kings%20Democratic%20Representative%20in%20Congress%209th%20Congressional%20District%20Recap.csv,fc6d4ddff39bcc5d006343fb84f1e2d0fb886ff8985ac1e1592e29f50e48afa2,nyc-2026-01301600009Kings_Democratic_Representative_in_Congress_9th_Congressional_District_Recap.csv:350,1
ny-2026-06-23-house-09-regular-democratic,2026,2026-06-23,primary,NY,House,09,regular,partisan_primary,Democratic,BRAD LANDER,nyc-2026-06-23-09-democratic-351-brad-lander,,True,16,nyc-2026-cd09-dem,https://www.vote.nyc/sites/default/files/pdf/election_results/2026/20260623Primary%20Election/01301600009Kings%20Democratic%20Representative%20in%20Congress%209th%20Congressional%20District%20Recap.csv,fc6d4ddff39bcc5d006343fb84f1e2d0fb886ff8985ac1e1592e29f50e48afa2,nyc-2026-01301600009Kings_Democratic_Representative_in_Congress_9th_Congressional_District_Recap.csv:351,1
ny-2026-06-23-house-09-regular-democratic,2026,2026-06-23,primary,NY,House,09,regular,partisan_primary,Democratic,BRANDON WEST,nyc-2026-06-23-09-democratic-352-brandon-west,,True,1,nyc-2026-cd09-dem,https://www.vote.nyc/sites/default/files/pdf/election_results/2026/20260623Primary%20Election/01301600009Kings%20Democratic%20Representative%20in%20Congress%209th%20Congressional%20District%20Recap.csv,fc6d4ddff39bcc5d006343fb84f1e2d0fb886ff8985ac1e1592e29f50e48afa2,nyc-2026-01301600009Kings_Democratic_Representative_in_Congress_9th_Congressional_District_Recap.csv:352,1
ny-2026-06-23-house-09-regular-democratic,2026,2026-06-23,primary,NY,House,09,regular,partisan_primary,Democratic,BRENNA TAYLOR,nyc-2026-06-23-09-democratic-353-brenna-taylor,,True,1,nyc-2026-cd09-dem,https://www.vote.nyc/sites/default/files/pdf/election_results/2026/20260623Primary%20Election/01301600009Kings%20Democratic%20Representative%20in%20Congress%209th%20Congressional%20District%20Recap.csv,fc6d4ddff39bcc5d006343fb84f1e2d0fb886ff8985ac1e1592e29f50e48afa2,nyc-2026-01301600009Kings_Democratic_Representative_in_Congress_9th_Congressional_District_Recap.csv:353,1
ny-2026-06-23-house-09-regular-democratic,2026,2026-06-23,primary,NY,House,09,regular,partisan_primary,Democratic,BRIAN CUNNINGHAM,nyc-2026-06-23-09-democratic-354-brian-cunningham,,True,1,nyc-2026-cd09-dem,https://www.vote.nyc/sites/default/files/pdf/election_results/2026/20260623Primary%20Election/01301600009Kings%20Democratic%20Representative%20in%20Congress%209th%20Congressional%20District%20Recap.csv,fc6d4ddff39bcc5d006343fb84f1e2d0fb886ff8985ac1e1592e29f50e48afa2,nyc-2026-01301600009Kings_Democratic_Representative_in_Congress_9th_Congressional_District_Recap.csv:354,1
ny-2026-06-23-house-09-regular-democratic,2026,2026-06-23,primary,NY,House,09,regular,partisan_primary,Democratic,CARL RESNICK,nyc-2026-06-23-09-democratic-355-carl-resnick,,True,1,nyc-2026-cd09-dem,https://www.vote.nyc/sites/default/files/pdf/election_results/2026/20260623Primary%20Election/01301600009Kings%20Democratic%20Representative%20in%20Congress%209th%20Congressional%20District%20Recap.csv,fc6d4ddff39bcc5d006343fb84f1e2d0fb886ff8985ac1e1592e29f50e48afa2,nyc-2026-01301600009Kings_Democratic_Representative_in_Congress_9th_Congressional_District_Recap.csv:355,1
ny-2026-06-23-house-09-regular-democratic,2026,2026-06-23,primary,NY,House,09,regular,partisan_primary,Democratic,CARMELA BIANCE,nyc-2026-06-23-09-democratic-356-carmela-biance,,True,1,nyc-2026-cd09-dem,https://www.vote.nyc/sites/default/files/pdf/election_results/2026/20260623Primary%20Election/01301600009Kings%20Democratic%20Representative%20in%20Congress%209th%20Congressional%20District%20Recap.csv,fc6d4ddff39bcc5d006343fb84f1e2d0fb886ff8985ac1e1592e29f50e48afa2,nyc-2026-01301600009Kings_Democratic_Representative_in_Congress_9th_Congressional_District_Recap.csv:356,1
ny-2026-06-23-house-09-regular-democratic,2026,2026-06-23,primary,NY,House,09,regular,partisan_primary,Democratic,CHAIM KASTEN,nyc-2026-06-23-09-democratic-357-chaim-kasten,,True,1,nyc-2026-cd09-dem,https://www.vote.nyc/sites/default/files/pdf/election_results/2026/20260623Primary%20Election/01301600009Kings%20Democratic%20Representative%20in%20Congress%209th%20Congressional%20District%20Recap.csv,fc6d4ddff39bcc5d006343fb84f1e2d0fb886ff8985ac1e1592e29f50e48afa2,nyc-2026-01301600009Kings_Democratic_Representative_in_Congress_9th_Congressional_District_Recap.csv:357,1
ny-2026-06-23-house-09-regular-democratic,2026,2026-06-23,primary,NY,House,09,regular,partisan_primary,Democratic,CHAIM PERLOWITZ,nyc-2026-06-23-09-democratic-358-chaim-perlowitz,,True,1,nyc-2026-cd09-dem,https://www.vote.nyc/sites/default/files/pdf/election_results/2026/20260623Primary%20Election/01301600009Kings%20Democratic%20Representative%20in%20Congress%209th%20Congressional%20District%20Recap.csv,fc6d4ddff39bcc5d006343fb84f1e2d0fb886ff8985ac1e1592e29f50e48afa2,nyc-2026-01301600009Kings_Democratic_Representative_in_Congress_9th_Congressional_District_Recap.csv:358,1
ny-2026-06-23-house-09-regular-democratic,2026,2026-06-23,primary,NY,House,09,regular,partisan_primary,Democratic,CHARLES BARRON,nyc-2026-06-23-09-democratic-359-charles-barron,,True,1,nyc-2026-cd09-dem,https://www.vote.nyc/sites/default/files/pdf/election_results/2026/20260623Primary%20Election/01301600009Kings%20Democratic%20Representative%20in%20Congress%209th%20Congressional%20District%20Recap.csv,fc6d4ddff39bcc5d006343fb84f1e2d0fb886ff8985ac1e1592e29f50e48afa2,nyc-2026-01301600009Kings_Democratic_Representative_in_Congress_9th_Congressional_District_Recap.csv:359,1
ny-2026-06-23-house-09-regular-democratic,2026,2026-06-23,primary,NY,House,09,regular,partisan_primary,Democratic,CHAYA WEISS,nyc-2026-06-23-09-democratic-360-chaya-weiss,,True,1,nyc-2026-cd09-dem,https://www.vote.nyc/sites/default/files/pdf/election_results/2026/20260623Primary%20Election/01301600009Kings%20Democratic%20Representative%20in%20Congress%209th%20Congressional%20District%20Recap.csv,fc6d4ddff39bcc5d006343fb84f1e2d0fb886ff8985ac1e1592e29f50e48afa2,nyc-2026-01301600009Kings_Democratic_Representative_in_Congress_9th_Congressional_District_Recap.csv:360,1
ny-2026-06-23-house-09-regular-democratic,2026,2026-06-23,primary,NY,House,09,regular,partisan_primary,Democratic,CHI OSSE,nyc-2026-06-23-09-democratic-361-chi-osse,,True,4,nyc-2026-cd09-dem,https://www.vote.nyc/sites/default/files/pdf/election_results/2026/20260623Primary%20Election/01301600009Kings%20Democratic%20Representative%20in%20Congress%209th%20Congressional%20District%20Recap.csv,fc6d4ddff39bcc5d006343fb84f1e2d0fb886ff8985ac1e1592e29f50e48afa2,nyc-2026-01301600009Kings_Democratic_Representative_in_Congress_9th_Congressional_District_Recap.csv:361,1
ny-2026-06-23-house-09-regular-democratic,2026,2026-06-23,primary,NY,House,09,regular,partisan_primary,Democratic,CLAIRE VALDEZ,nyc-2026-06-23-09-democratic-362-claire-valdez,,True,24,nyc-2026-cd09-dem,https://www.vote.nyc/sites/default/files/pdf/election_results/2026/20260623Primary%20Election/01301600009Kings%20Democratic%20Representative%20in%20Congress%209th%20Congressional%20District%20Recap.csv,fc6d4ddff39bcc5d006343fb84f1e2d0fb886ff8985ac1e1592e29f50e48afa2,nyc-2026-01301600009Kings_Democratic_Representative_in_Congress_9th_Congressional_District_Recap.csv:362,1
ny-2026-06-23-house-09-regular-democratic,2026,2026-06-23,primary,NY,House,09,regular,partisan_primary,Democratic,CLARE LEMLICH SHAVELSON,nyc-2026-06-23-09-democratic-363-clare-lemlich-shavelson,,True,1,nyc-2026-cd09-dem,https://www.vote.nyc/sites/default/files/pdf/election_results/2026/20260623Primary%20Election/01301600009Kings%20Democratic%20Representative%20in%20Congress%209th%20Congressional%20District%20Recap.csv,fc6d4ddff39bcc5d006343fb84f1e2d0fb886ff8985ac1e1592e29f50e48afa2,nyc-2026-01301600009Kings_Democratic_Representative_in_Congress_9th_Congressional_District_Recap.csv:363,1
ny-2026-06-23-house-09-regular-democratic,2026,2026-06-23,primary,NY,House,09,regular,partisan_primary,Democratic,DAN GOLDMAN,nyc-2026-06-23-09-democratic-364-dan-goldman,,True,175,nyc-2026-cd09-dem,https://www.vote.nyc/sites/default/files/pdf/election_results/2026/20260623Primary%20Election/01301600009Kings%20Democratic%20Representative%20in%20Congress%209th%20Congressional%20District%20Recap.csv,fc6d4ddff39bcc5d006343fb84f1e2d0fb886ff8985ac1e1592e29f50e48afa2,nyc-2026-01301600009Kings_Democratic_Representative_in_Congress_9th_Congressional_District_Recap.csv:364,1
ny-2026-06-23-house-09-regular-democratic,2026,2026-06-23,primary,NY,House,09,regular,partisan_primary,Democratic,DARBY GERALDINE,nyc-2026-06-23-09-democratic-365-darby-geraldine,,True,1,nyc-2026-cd09-dem,https://www.vote.nyc/sites/default/files/pdf/election_results/2026/20260623Primary%20Election/01301600009Kings%20Democratic%20Representative%20in%20Congress%209th%20Congressional%20District%20Recap.csv,fc6d4ddff39bcc5d006343fb84f1e2d0fb886ff8985ac1e1592e29f50e48afa2,nyc-2026-01301600009Kings_Democratic_Representative_in_Congress_9th_Congressional_District_Recap.csv:365,1
ny-2026-06-23-house-09-regular-democratic,2026,2026-06-23,primary,NY,House,09,regular,partisan_primary,Democratic,DARIALIZA AVILA CHEVALIER,nyc-2026-06-23-09-democratic-366-darializa-avila-chevalier,,True,6,nyc-2026-cd09-dem,https://www.vote.nyc/sites/default/files/pdf/election_results/2026/20260623Primary%20Election/01301600009Kings%20Democratic%20Representative%20in%20Congress%209th%20Congressional%20District%20Recap.csv,fc6d4ddff39bcc5d006343fb84f1e2d0fb886ff8985ac1e1592e29f50e48afa2,nyc-2026-01301600009Kings_Democratic_Representative_in_Congress_9th_Congressional_District_Recap.csv:366,1
ny-2026-06-23-house-09-regular-democratic,2026,2026-06-23,primary,NY,House,09,regular,partisan_primary,Democratic,DARIALRA AVILA CHEVALIER,nyc-2026-06-23-09-democratic-367-darialra-avila-chevalier,,True,2,nyc-2026-cd09-dem,https://www.vote.nyc/sites/default/files/pdf/election_results/2026/20260623Primary%20Election/01301600009Kings%20Democratic%20Representative%20in%20Congress%209th%20Congressional%20District%20Recap.csv,fc6d4ddff39bcc5d006343fb84f1e2d0fb886ff8985ac1e1592e29f50e48afa2,nyc-2026-01301600009Kings_Democratic_Representative_in_Congress_9th_Congressional_District_Recap.csv:367,1
ny-2026-06-23-house-09-regular-democratic,2026,2026-06-23,primary,NY,House,09,regular,partisan_primary,Democratic,DAVID ALEXIS,nyc-2026-06-23-09-democratic-368-david-alexis,,True,2,nyc-2026-cd09-dem,https://www.vote.nyc/sites/default/files/pdf/election_results/2026/20260623Primary%20Election/01301600009Kings%20Democratic%20Representative%20in%20Congress%209th%20Congressional%20District%20Recap.csv,fc6d4ddff39bcc5d006343fb84f1e2d0fb886ff8985ac1e1592e29f50e48afa2,nyc-2026-01301600009Kings_Democratic_Representative_in_Congress_9th_Congressional_District_Recap.csv:368,1
ny-2026-06-23-house-09-regular-democratic,2026,2026-06-23,primary,NY,House,09,regular,partisan_primary,Democratic,DAVID FRIEDMAN,nyc-2026-06-23-09-democratic-369-david-friedman,,True,1,nyc-2026-cd09-dem,https://www.vote.nyc/sites/default/files/pdf/election_results/2026/20260623Primary%20Election/01301600009Kings%20Democratic%20Representative%20in%20Congress%209th%20Congressional%20District%20Recap.csv,fc6d4ddff39bcc5d006343fb84f1e2d0fb886ff8985ac1e1592e29f50e48afa2,nyc-2026-01301600009Kings_Democratic_Representative_in_Congress_9th_Congressional_District_Recap.csv:369,1
ny-2026-06-23-house-09-regular-democratic,2026,2026-06-23,primary,NY,House,09,regular,partisan_primary,Democratic,DAVID GOLDMAN,nyc-2026-06-23-09-democratic-370-david-goldman,,True,1,nyc-2026-cd09-dem,https://www.vote.nyc/sites/default/files/pdf/election_results/2026/20260623Primary%20Election/01301600009Kings%20Democratic%20Representative%20in%20Congress%209th%20Congressional%20District%20Recap.csv,fc6d4ddff39bcc5d006343fb84f1e2d0fb886ff8985ac1e1592e29f50e48afa2,nyc-2026-01301600009Kings_Democratic_Representative_in_Congress_9th_Congressional_District_Recap.csv:370,1
ny-2026-06-23-house-09-regular-democratic,2026,2026-06-23,primary,NY,House,09,regular,partisan_primary,Democratic,DAVID MOY,nyc-2026-06-23-09-democratic-371-david-moy,,True,1,nyc-2026-cd09-dem,https://www.vote.nyc/sites/default/files/pdf/election_results/2026/20260623Primary%20Election/01301600009Kings%20Democratic%20Representative%20in%20Congress%209th%20Congressional%20District%20Recap.csv,fc6d4ddff39bcc5d006343fb84f1e2d0fb886ff8985ac1e1592e29f50e48afa2,nyc-2026-01301600009Kings_Democratic_Representative_in_Congress_9th_Congressional_District_Recap.csv:371,1
ny-2026-06-23-house-09-regular-democratic,2026,2026-06-23,primary,NY,House,09,regular,partisan_primary,Democratic,DAVID NATHAN,nyc-2026-06-23-09-democratic-372-david-nathan,,True,1,nyc-2026-cd09-dem,https://www.vote.nyc/sites/default/files/pdf/election_results/2026/20260623Primary%20Election/01301600009Kings%20Democratic%20Representative%20in%20Congress%209th%20Congressional%20District%20Recap.csv,fc6d4ddff39bcc5d006343fb84f1e2d0fb886ff8985ac1e1592e29f50e48afa2,nyc-2026-01301600009Kings_Democratic_Representative_in_Congress_9th_Congressional_District_Recap.csv:372,1
ny-2026-06-23-house-09-regular-democratic,2026,2026-06-23,primary,NY,House,09,regular,partisan_primary,Democratic,DAVID SMITH,nyc-2026-06-23-09-democratic-373-david-smith,,True,1,nyc-2026-cd09-dem,https://www.vote.nyc/sites/default/files/pdf/election_results/2026/20260623Primary%20Election/01301600009Kings%20Democratic%20Representative%20in%20Congress%209th%20Congressional%20District%20Recap.csv,fc6d4ddff39bcc5d006343fb84f1e2d0fb886ff8985ac1e1592e29f50e48afa2,nyc-2026-01301600009Kings_Democratic_Representative_in_Congress_9th_Congressional_District_Recap.csv:373,1
ny-2026-06-23-house-09-regular-democratic,2026,2026-06-23,primary,NY,House,09,regular,partisan_primary,Democratic,DAVID T. PIERRE,nyc-2026-06-23-09-democratic-374-david-t-pierre,,True,1,nyc-2026-cd09-dem,https://www.vote.nyc/sites/default/files/pdf/election_results/2026/20260623Primary%20Election/01301600009Kings%20Democratic%20Representative%20in%20Congress%209th%20Congressional%20District%20Recap.csv,fc6d4ddff39bcc5d006343fb84f1e2d0fb886ff8985ac1e1592e29f50e48afa2,nyc-2026-01301600009Kings_Democratic_Representative_in_Congress_9th_Congressional_District_Recap.csv:374,1
ny-2026-06-23-house-09-regular-democratic,2026,2026-06-23,primary,NY,House,09,regular,partisan_primary,Democratic,DAVID TURNER,nyc-2026-06-23-09-democratic-375-david-turner,,True,1,nyc-2026-cd09-dem,https://www.vote.nyc/sites/default/files/pdf/election_results/2026/20260623Primary%20Election/01301600009Kings%20Democratic%20Representative%20in%20Congress%209th%20Congressional%20District%20Recap.csv,fc6d4ddff39bcc5d006343fb84f1e2d0fb886ff8985ac1e1592e29f50e48afa2,nyc-2026-01301600009Kings_Democratic_Representative_in_Congress_9th_Congressional_District_Recap.csv:375,1
ny-2026-06-23-house-09-regular-democratic,2026,2026-06-23,primary,NY,House,09,regular,partisan_primary,Democratic,DENA COX,nyc-2026-06-23-09-democratic-376-dena-cox,,True,1,nyc-2026-cd09-dem,https://www.vote.nyc/sites/default/files/pdf/election_results/2026/20260623Primary%20Election/01301600009Kings%20Democratic%20Representative%20in%20Congress%209th%20Congressional%20District%20Recap.csv,fc6d4ddff39bcc5d006343fb84f1e2d0fb886ff8985ac1e1592e29f50e48afa2,nyc-2026-01301600009Kings_Democratic_Representative_in_Congress_9th_Congressional_District_Recap.csv:376,1
ny-2026-06-23-house-09-regular-democratic,2026,2026-06-23,primary,NY,House,09,regular,partisan_primary,Democratic,DIANA RICHARDSON,nyc-2026-06-23-09-democratic-377-diana-richardson,,True,1,nyc-2026-cd09-dem,https://www.vote.nyc/sites/default/files/pdf/election_results/2026/20260623Primary%20Election/01301600009Kings%20Democratic%20Representative%20in%20Congress%209th%20Congressional%20District%20Recap.csv,fc6d4ddff39bcc5d006343fb84f1e2d0fb886ff8985ac1e1592e29f50e48afa2,nyc-2026-01301600009Kings_Democratic_Representative_in_Congress_9th_Congressional_District_Recap.csv:377,1
ny-2026-06-23-house-09-regular-democratic,2026,2026-06-23,primary,NY,House,09,regular,partisan_primary,Democratic,DINA FISCH,nyc-2026-06-23-09-democratic-378-dina-fisch,,True,1,nyc-2026-cd09-dem,https://www.vote.nyc/sites/default/files/pdf/election_results/2026/20260623Primary%20Election/01301600009Kings%20Democratic%20Representative%20in%20Congress%209th%20Congressional%20District%20Recap.csv,fc6d4ddff39bcc5d006343fb84f1e2d0fb886ff8985ac1e1592e29f50e48afa2,nyc-2026-01301600009Kings_Democratic_Representative_in_Congress_9th_Congressional_District_Recap.csv:378,1
ny-2026-06-23-house-09-regular-democratic,2026,2026-06-23,primary,NY,House,09,regular,partisan_primary,Democratic,DIVYA SUNDARAM,nyc-2026-06-23-09-democratic-379-divya-sundaram,,True,1,nyc-2026-cd09-dem,https://www.vote.nyc/sites/default/files/pdf/election_results/2026/20260623Primary%20Election/01301600009Kings%20Democratic%20Representative%20in%20Congress%209th%20Congressional%20District%20Recap.csv,fc6d4ddff39bcc5d006343fb84f1e2d0fb886ff8985ac1e1592e29f50e48afa2,nyc-2026-01301600009Kings_Democratic_Representative_in_Congress_9th_Congressional_District_Recap.csv:379,1
ny-2026-06-23-house-09-regular-democratic,2026,2026-06-23,primary,NY,House,09,regular,partisan_primary,Democratic,DONALD J. TRUMP,nyc-2026-06-23-09-democratic-380-donald-j-trump,,True,2,nyc-2026-cd09-dem,https://www.vote.nyc/sites/default/files/pdf/election_results/2026/20260623Primary%20Election/01301600009Kings%20Democratic%20Representative%20in%20Congress%209th%20Congressional%20District%20Recap.csv,fc6d4ddff39bcc5d006343fb84f1e2d0fb886ff8985ac1e1592e29f50e48afa2,nyc-2026-01301600009Kings_Democratic_Representative_in_Congress_9th_Congressional_District_Recap.csv:380,1
ny-2026-06-23-house-09-regular-democratic,2026,2026-06-23,primary,NY,House,09,regular,partisan_primary,Democratic,DONALD TRUMP JR,nyc-2026-06-23-09-democratic-381-donald-trump-jr,,True,1,nyc-2026-cd09-dem,https://www.vote.nyc/sites/default/files/pdf/election_results/2026/20260623Primary%20Election/01301600009Kings%20Democratic%20Representative%20in%20Congress%209th%20Congressional%20District%20Recap.csv,fc6d4ddff39bcc5d006343fb84f1e2d0fb886ff8985ac1e1592e29f50e48afa2,nyc-2026-01301600009Kings_Democratic_Representative_in_Congress_9th_Congressional_District_Recap.csv:381,1
ny-2026-06-23-house-09-regular-democratic,2026,2026-06-23,primary,NY,House,09,regular,partisan_primary,Democratic,DOV HIKIND,nyc-2026-06-23-09-democratic-382-dov-hikind,,True,1,nyc-2026-cd09-dem,https://www.vote.nyc/sites/default/files/pdf/election_results/2026/20260623Primary%20Election/01301600009Kings%20Democratic%20Representative%20in%20Congress%209th%20Congressional%20District%20Recap.csv,fc6d4ddff39bcc5d006343fb84f1e2d0fb886ff8985ac1e1592e29f50e48afa2,nyc-2026-01301600009Kings_Democratic_Representative_in_Congress_9th_Congressional_District_Recap.csv:382,1
ny-2026-06-23-house-09-regular-democratic,2026,2026-06-23,primary,NY,House,09,regular,partisan_primary,Democratic,ELISHA LIEBER,nyc-2026-06-23-09-democratic-383-elisha-lieber,,True,1,nyc-2026-cd09-dem,https://www.vote.nyc/sites/default/files/pdf/election_results/2026/20260623Primary%20Election/01301600009Kings%20Democratic%20Representative%20in%20Congress%209th%20Congressional%20District%20Recap.csv,fc6d4ddff39bcc5d006343fb84f1e2d0fb886ff8985ac1e1592e29f50e48afa2,nyc-2026-01301600009Kings_Democratic_Representative_in_Congress_9th_Congressional_District_Recap.csv:383,1
ny-2026-06-23-house-09-regular-democratic,2026,2026-06-23,primary,NY,House,09,regular,partisan_primary,Democratic,EMMITT STELAR,nyc-2026-06-23-09-democratic-384-emmitt-stelar,,True,1,nyc-2026-cd09-dem,https://www.vote.nyc/sites/default/files/pdf/election_results/2026/20260623Primary%20Election/01301600009Kings%20Democratic%20Representative%20in%20Congress%209th%20Congressional%20District%20Recap.csv,fc6d4ddff39bcc5d006343fb84f1e2d0fb886ff8985ac1e1592e29f50e48afa2,nyc-2026-01301600009Kings_Democratic_Representative_in_Congress_9th_Congressional_District_Recap.csv:384,1
ny-2026-06-23-house-09-regular-democratic,2026,2026-06-23,primary,NY,House,09,regular,partisan_primary,Democratic,ERIC ADAMS,nyc-2026-06-23-09-democratic-385-eric-adams,,True,2,nyc-2026-cd09-dem,https://www.vote.nyc/sites/default/files/pdf/election_results/2026/20260623Primary%20Election/01301600009Kings%20Democratic%20Representative%20in%20Congress%209th%20Congressional%20District%20Recap.csv,fc6d4ddff39bcc5d006343fb84f1e2d0fb886ff8985ac1e1592e29f50e48afa2,nyc-2026-01301600009Kings_Democratic_Representative_in_Congress_9th_Congressional_District_Recap.csv:385,1
ny-2026-06-23-house-09-regular-democratic,2026,2026-06-23,primary,NY,House,09,regular,partisan_primary,Democratic,ETHAN MULLIGAN,nyc-2026-06-23-09-democratic-386-ethan-mulligan,,True,1,nyc-2026-cd09-dem,https://www.vote.nyc/sites/default/files/pdf/election_results/2026/20260623Primary%20Election/01301600009Kings%20Democratic%20Representative%20in%20Congress%209th%20Congressional%20District%20Recap.csv,fc6d4ddff39bcc5d006343fb84f1e2d0fb886ff8985ac1e1592e29f50e48afa2,nyc-2026-01301600009Kings_Democratic_Representative_in_Congress_9th_Congressional_District_Recap.csv:386,1
ny-2026-06-23-house-09-regular-democratic,2026,2026-06-23,primary,NY,House,09,regular,partisan_primary,Democratic,ETTIE GUADALUPE PHILLIPS STALEY,nyc-2026-06-23-09-democratic-387-ettie-guadalupe-phillips-staley,,True,1,nyc-2026-cd09-dem,https://www.vote.nyc/sites/default/files/pdf/election_results/2026/20260623Primary%20Election/01301600009Kings%20Democratic%20Representative%20in%20Congress%209th%20Congressional%20District%20Recap.csv,fc6d4ddff39bcc5d006343fb84f1e2d0fb886ff8985ac1e1592e29f50e48afa2,nyc-2026-01301600009Kings_Democratic_Representative_in_Congress_9th_Congressional_District_Recap.csv:387,1
ny-2026-06-23-house-09-regular-democratic,2026,2026-06-23,primary,NY,House,09,regular,partisan_primary,Democratic,FAIGY GLUCK,nyc-2026-06-23-09-democratic-388-faigy-gluck,,True,1,nyc-2026-cd09-dem,https://www.vote.nyc/sites/default/files/pdf/election_results/2026/20260623Primary%20Election/01301600009Kings%20Democratic%20Representative%20in%20Congress%209th%20Congressional%20District%20Recap.csv,fc6d4ddff39bcc5d006343fb84f1e2d0fb886ff8985ac1e1592e29f50e48afa2,nyc-2026-01301600009Kings_Democratic_Representative_in_Congress_9th_Congressional_District_Recap.csv:388,1
ny-2026-06-23-house-09-regular-democratic,2026,2026-06-23,primary,NY,House,09,regular,partisan_primary,Democratic,FARAH LOUIS,nyc-2026-06-23-09-democratic-389-farah-louis,,True,2,nyc-2026-cd09-dem,https://www.vote.nyc/sites/default/files/pdf/election_results/2026/20260623Primary%20Election/01301600009Kings%20Democratic%20Representative%20in%20Congress%209th%20Congressional%20District%20Recap.csv,fc6d4ddff39bcc5d006343fb84f1e2d0fb886ff8985ac1e1592e29f50e48afa2,nyc-2026-01301600009Kings_Democratic_Representative_in_Congress_9th_Congressional_District_Recap.csv:389,1
ny-2026-06-23-house-09-regular-democratic,2026,2026-06-23,primary,NY,House,09,regular,partisan_primary,Democratic,FEVEL LERNER,nyc-2026-06-23-09-democratic-390-fevel-lerner,,True,1,nyc-2026-cd09-dem,https://www.vote.nyc/sites/default/files/pdf/election_results/2026/20260623Primary%20Election/01301600009Kings%20Democratic%20Representative%20in%20Congress%209th%20Congressional%20District%20Recap.csv,fc6d4ddff39bcc5d006343fb84f1e2d0fb886ff8985ac1e1592e29f50e48afa2,nyc-2026-01301600009Kings_Democratic_Representative_in_Congress_9th_Congressional_District_Recap.csv:390,1
ny-2026-06-23-house-09-regular-democratic,2026,2026-06-23,primary,NY,House,09,regular,partisan_primary,Democratic,FRED HAMPTON,nyc-2026-06-23-09-democratic-391-fred-hampton,,True,1,nyc-2026-cd09-dem,https://www.vote.nyc/sites/default/files/pdf/election_results/2026/20260623Primary%20Election/01301600009Kings%20Democratic%20Representative%20in%20Congress%209th%20Congressional%20District%20Recap.csv,fc6d4ddff39bcc5d006343fb84f1e2d0fb886ff8985ac1e1592e29f50e48afa2,nyc-2026-01301600009Kings_Democratic_Representative_in_Congress_9th_Congressional_District_Recap.csv:391,1
ny-2026-06-23-house-09-regular-democratic,2026,2026-06-23,primary,NY,House,09,regular,partisan_primary,Democratic,GINA ANDERSON,nyc-2026-06-23-09-democratic-392-gina-anderson,,True,1,nyc-2026-cd09-dem,https://www.vote.nyc/sites/default/files/pdf/election_results/2026/20260623Primary%20Election/01301600009Kings%20Democratic%20Representative%20in%20Congress%209th%20Congressional%20District%20Recap.csv,fc6d4ddff39bcc5d006343fb84f1e2d0fb886ff8985ac1e1592e29f50e48afa2,nyc-2026-01301600009Kings_Democratic_Representative_in_Congress_9th_Congressional_District_Recap.csv:392,1
ny-2026-06-23-house-09-regular-democratic,2026,2026-06-23,primary,NY,House,09,regular,partisan_primary,Democratic,GITTY GHITELMAN,nyc-2026-06-23-09-democratic-393-gitty-ghitelman,,True,1,nyc-2026-cd09-dem,https://www.vote.nyc/sites/default/files/pdf/election_results/2026/20260623Primary%20Election/01301600009Kings%20Democratic%20Representative%20in%20Congress%209th%20Congressional%20District%20Recap.csv,fc6d4ddff39bcc5d006343fb84f1e2d0fb886ff8985ac1e1592e29f50e48afa2,nyc-2026-01301600009Kings_Democratic_Representative_in_Congress_9th_Congressional_District_Recap.csv:393,1
ny-2026-06-23-house-09-regular-democratic,2026,2026-06-23,primary,NY,House,09,regular,partisan_primary,Democratic,GRACE MAUSSER,nyc-2026-06-23-09-democratic-394-grace-mausser,,True,2,nyc-2026-cd09-dem,https://www.vote.nyc/sites/default/files/pdf/election_results/2026/20260623Primary%20Election/01301600009Kings%20Democratic%20Representative%20in%20Congress%209th%20Congressional%20District%20Recap.csv,fc6d4ddff39bcc5d006343fb84f1e2d0fb886ff8985ac1e1592e29f50e48afa2,nyc-2026-01301600009Kings_Democratic_Representative_in_Congress_9th_Congressional_District_Recap.csv:394,1
ny-2026-06-23-house-09-regular-democratic,2026,2026-06-23,primary,NY,House,09,regular,partisan_primary,Democratic,HANNAH SHAW,nyc-2026-06-23-09-democratic-395-hannah-shaw,,True,2,nyc-2026-cd09-dem,https://www.vote.nyc/sites/default/files/pdf/election_results/2026/20260623Primary%20Election/01301600009Kings%20Democratic%20Representative%20in%20Congress%209th%20Congressional%20District%20Recap.csv,fc6d4ddff39bcc5d006343fb84f1e2d0fb886ff8985ac1e1592e29f50e48afa2,nyc-2026-01301600009Kings_Democratic_Representative_in_Congress_9th_Congressional_District_Recap.csv:395,1
ny-2026-06-23-house-09-regular-democratic,2026,2026-06-23,primary,NY,House,09,regular,partisan_primary,Democratic,HAROLD TISCHLER,nyc-2026-06-23-09-democratic-396-harold-tischler,,True,6,nyc-2026-cd09-dem,https://www.vote.nyc/sites/default/files/pdf/election_results/2026/20260623Primary%20Election/01301600009Kings%20Democratic%20Representative%20in%20Congress%209th%20Congressional%20District%20Recap.csv,fc6d4ddff39bcc5d006343fb84f1e2d0fb886ff8985ac1e1592e29f50e48afa2,nyc-2026-01301600009Kings_Democratic_Representative_in_Congress_9th_Congressional_District_Recap.csv:396,1
ny-2026-06-23-house-09-regular-democratic,2026,2026-06-23,primary,NY,House,09,regular,partisan_primary,Democratic,HASSAN ABU SAFIYA,nyc-2026-06-23-09-democratic-397-hassan-abu-safiya,,True,1,nyc-2026-cd09-dem,https://www.vote.nyc/sites/default/files/pdf/election_results/2026/20260623Primary%20Election/01301600009Kings%20Democratic%20Representative%20in%20Congress%209th%20Congressional%20District%20Recap.csv,fc6d4ddff39bcc5d006343fb84f1e2d0fb886ff8985ac1e1592e29f50e48afa2,nyc-2026-01301600009Kings_Democratic_Representative_in_Congress_9th_Congressional_District_Recap.csv:397,1
ny-2026-06-23-house-09-regular-democratic,2026,2026-06-23,primary,NY,House,09,regular,partisan_primary,Democratic,HAYNE PARK,nyc-2026-06-23-09-democratic-398-hayne-park,,True,1,nyc-2026-cd09-dem,https://www.vote.nyc/sites/default/files/pdf/election_results/2026/20260623Primary%20Election/01301600009Kings%20Democratic%20Representative%20in%20Congress%209th%20Congressional%20District%20Recap.csv,fc6d4ddff39bcc5d006343fb84f1e2d0fb886ff8985ac1e1592e29f50e48afa2,nyc-2026-01301600009Kings_Democratic_Representative_in_Congress_9th_Congressional_District_Recap.csv:398,1
ny-2026-06-23-house-09-regular-democratic,2026,2026-06-23,primary,NY,House,09,regular,partisan_primary,Democratic,HERSHY DEMITIZER,nyc-2026-06-23-09-democratic-399-hershy-demitizer,,True,1,nyc-2026-cd09-dem,https://www.vote.nyc/sites/default/files/pdf/election_results/2026/20260623Primary%20Election/01301600009Kings%20Democratic%20Representative%20in%20Congress%209th%20Congressional%20District%20Recap.csv,fc6d4ddff39bcc5d006343fb84f1e2d0fb886ff8985ac1e1592e29f50e48afa2,nyc-2026-01301600009Kings_Democratic_Representative_in_Congress_9th_Congressional_District_Recap.csv:399,1
ny-2026-06-23-house-09-regular-democratic,2026,2026-06-23,primary,NY,House,09,regular,partisan_primary,Democratic,JABARI BRISPORT,nyc-2026-06-23-09-democratic-400-jabari-brisport,,True,3,nyc-2026-cd09-dem,https://www.vote.nyc/sites/default/files/pdf/election_results/2026/20260623Primary%20Election/01301600009Kings%20Democratic%20Representative%20in%20Congress%209th%20Congressional%20District%20Recap.csv,fc6d4ddff39bcc5d006343fb84f1e2d0fb886ff8985ac1e1592e29f50e48afa2,nyc-2026-01301600009Kings_Democratic_Representative_in_Congress_9th_Congressional_District_Recap.csv:400,1
ny-2026-06-23-house-09-regular-democratic,2026,2026-06-23,primary,NY,House,09,regular,partisan_primary,Democratic,JADEN PATRICE,nyc-2026-06-23-09-democratic-401-jaden-patrice,,True,1,nyc-2026-cd09-dem,https://www.vote.nyc/sites/default/files/pdf/election_results/2026/20260623Primary%20Election/01301600009Kings%20Democratic%20Representative%20in%20Congress%209th%20Congressional%20District%20Recap.csv,fc6d4ddff39bcc5d006343fb84f1e2d0fb886ff8985ac1e1592e29f50e48afa2,nyc-2026-01301600009Kings_Democratic_Representative_in_Congress_9th_Congressional_District_Recap.csv:401,1
ny-2026-06-23-house-09-regular-democratic,2026,2026-06-23,primary,NY,House,09,regular,partisan_primary,Democratic,JAIME R. WILLIAMS,nyc-2026-06-23-09-democratic-402-jaime-r-williams,,True,2,nyc-2026-cd09-dem,https://www.vote.nyc/sites/default/files/pdf/election_results/2026/20260623Primary%20Election/01301600009Kings%20Democratic%20Representative%20in%20Congress%209th%20Congressional%20District%20Recap.csv,fc6d4ddff39bcc5d006343fb84f1e2d0fb886ff8985ac1e1592e29f50e48afa2,nyc-2026-01301600009Kings_Democratic_Representative_in_Congress_9th_Congressional_District_Recap.csv:402,1
ny-2026-06-23-house-09-regular-democratic,2026,2026-06-23,primary,NY,House,09,regular,partisan_primary,Democratic,JALEN BRUNSON,nyc-2026-06-23-09-democratic-403-jalen-brunson,,True,6,nyc-2026-cd09-dem,https://www.vote.nyc/sites/default/files/pdf/election_results/2026/20260623Primary%20Election/01301600009Kings%20Democratic%20Representative%20in%20Congress%209th%20Congressional%20District%20Recap.csv,fc6d4ddff39bcc5d006343fb84f1e2d0fb886ff8985ac1e1592e29f50e48afa2,nyc-2026-01301600009Kings_Democratic_Representative_in_Congress_9th_Congressional_District_Recap.csv:403,1
ny-2026-06-23-house-09-regular-democratic,2026,2026-06-23,primary,NY,House,09,regular,partisan_primary,Democratic,JAMES BALDWIN,nyc-2026-06-23-09-democratic-404-james-baldwin,,True,1,nyc-2026-cd09-dem,https://www.vote.nyc/sites/default/files/pdf/election_results/2026/20260623Primary%20Election/01301600009Kings%20Democratic%20Representative%20in%20Congress%209th%20Congressional%20District%20Recap.csv,fc6d4ddff39bcc5d006343fb84f1e2d0fb886ff8985ac1e1592e29f50e48afa2,nyc-2026-01301600009Kings_Democratic_Representative_in_Congress_9th_Congressional_District_Recap.csv:404,1
ny-2026-06-23-house-09-regular-democratic,2026,2026-06-23,primary,NY,House,09,regular,partisan_primary,Democratic,JAMES BLAIN,nyc-2026-06-23-09-democratic-405-james-blain,,True,1,nyc-2026-cd09-dem,https://www.vote.nyc/sites/default/files/pdf/election_results/2026/20260623Primary%20Election/01301600009Kings%20Democratic%20Representative%20in%20Congress%209th%20Congressional%20District%20Recap.csv,fc6d4ddff39bcc5d006343fb84f1e2d0fb886ff8985ac1e1592e29f50e48afa2,nyc-2026-01301600009Kings_Democratic_Representative_in_Congress_9th_Congressional_District_Recap.csv:405,1
ny-2026-06-23-house-09-regular-democratic,2026,2026-06-23,primary,NY,House,09,regular,partisan_primary,Democratic,JAMES BLAKE,nyc-2026-06-23-09-democratic-406-james-blake,,True,1,nyc-2026-cd09-dem,https://www.vote.nyc/sites/default/files/pdf/election_results/2026/20260623Primary%20Election/01301600009Kings%20Democratic%20Representative%20in%20Congress%209th%20Congressional%20District%20Recap.csv,fc6d4ddff39bcc5d006343fb84f1e2d0fb886ff8985ac1e1592e29f50e48afa2,nyc-2026-01301600009Kings_Democratic_Representative_in_Congress_9th_Congressional_District_Recap.csv:406,1
ny-2026-06-23-house-09-regular-democratic,2026,2026-06-23,primary,NY,House,09,regular,partisan_primary,Democratic,JAN KOE,nyc-2026-06-23-09-democratic-407-jan-koe,,True,1,nyc-2026-cd09-dem,https://www.vote.nyc/sites/default/files/pdf/election_results/2026/20260623Primary%20Election/01301600009Kings%20Democratic%20Representative%20in%20Congress%209th%20Congressional%20District%20Recap.csv,fc6d4ddff39bcc5d006343fb84f1e2d0fb886ff8985ac1e1592e29f50e48afa2,nyc-2026-01301600009Kings_Democratic_Representative_in_Congress_9th_Congressional_District_Recap.csv:407,1
ny-2026-06-23-house-09-regular-democratic,2026,2026-06-23,primary,NY,House,09,regular,partisan_primary,Democratic,JARED COOPERMAN,nyc-2026-06-23-09-democratic-408-jared-cooperman,,True,1,nyc-2026-cd09-dem,https://www.vote.nyc/sites/default/files/pdf/election_results/2026/20260623Primary%20Election/01301600009Kings%20Democratic%20Representative%20in%20Congress%209th%20Congressional%20District%20Recap.csv,fc6d4ddff39bcc5d006343fb84f1e2d0fb886ff8985ac1e1592e29f50e48afa2,nyc-2026-01301600009Kings_Democratic_Representative_in_Congress_9th_Congressional_District_Recap.csv:408,1
ny-2026-06-23-house-09-regular-democratic,2026,2026-06-23,primary,NY,House,09,regular,partisan_primary,Democratic,JEREMY SOCHAN,nyc-2026-06-23-09-democratic-409-jeremy-sochan,,True,1,nyc-2026-cd09-dem,https://www.vote.nyc/sites/default/files/pdf/election_results/2026/20260623Primary%20Election/01301600009Kings%20Democratic%20Representative%20in%20Congress%209th%20Congressional%20District%20Recap.csv,fc6d4ddff39bcc5d006343fb84f1e2d0fb886ff8985ac1e1592e29f50e48afa2,nyc-2026-01301600009Kings_Democratic_Representative_in_Congress_9th_Congressional_District_Recap.csv:409,1
ny-2026-06-23-house-09-regular-democratic,2026,2026-06-23,primary,NY,House,09,regular,partisan_primary,Democratic,JOAN LITMAN,nyc-2026-06-23-09-democratic-410-joan-litman,,True,1,nyc-2026-cd09-dem,https://www.vote.nyc/sites/default/files/pdf/election_results/2026/20260623Primary%20Election/01301600009Kings%20Democratic%20Representative%20in%20Congress%209th%20Congressional%20District%20Recap.csv,fc6d4ddff39bcc5d006343fb84f1e2d0fb886ff8985ac1e1592e29f50e48afa2,nyc-2026-01301600009Kings_Democratic_Representative_in_Congress_9th_Congressional_District_Recap.csv:410,1
ny-2026-06-23-house-09-regular-democratic,2026,2026-06-23,primary,NY,House,09,regular,partisan_primary,Democratic,JOE BIDEN,nyc-2026-06-23-09-democratic-411-joe-biden,,True,1,nyc-2026-cd09-dem,https://www.vote.nyc/sites/default/files/pdf/election_results/2026/20260623Primary%20Election/01301600009Kings%20Democratic%20Representative%20in%20Congress%209th%20Congressional%20District%20Recap.csv,fc6d4ddff39bcc5d006343fb84f1e2d0fb886ff8985ac1e1592e29f50e48afa2,nyc-2026-01301600009Kings_Democratic_Representative_in_Congress_9th_Congressional_District_Recap.csv:411,1
ny-2026-06-23-house-09-regular-democratic,2026,2026-06-23,primary,NY,House,09,regular,partisan_primary,Democratic,JOE BOTTA,nyc-2026-06-23-09-democratic-412-joe-botta,,True,1,nyc-2026-cd09-dem,https://www.vote.nyc/sites/default/files/pdf/election_results/2026/20260623Primary%20Election/01301600009Kings%20Democratic%20Representative%20in%20Congress%209th%20Congressional%20District%20Recap.csv,fc6d4ddff39bcc5d006343fb84f1e2d0fb886ff8985ac1e1592e29f50e48afa2,nyc-2026-01301600009Kings_Democratic_Representative_in_Congress_9th_Congressional_District_Recap.csv:412,1
ny-2026-06-23-house-09-regular-democratic,2026,2026-06-23,primary,NY,House,09,regular,partisan_primary,Democratic,JOE MANISCALCO,nyc-2026-06-23-09-democratic-413-joe-maniscalco,,True,1,nyc-2026-cd09-dem,https://www.vote.nyc/sites/default/files/pdf/election_results/2026/20260623Primary%20Election/01301600009Kings%20Democratic%20Representative%20in%20Congress%209th%20Congressional%20District%20Recap.csv,fc6d4ddff39bcc5d006343fb84f1e2d0fb886ff8985ac1e1592e29f50e48afa2,nyc-2026-01301600009Kings_Democratic_Representative_in_Congress_9th_Congressional_District_Recap.csv:413,1
ny-2026-06-23-house-09-regular-democratic,2026,2026-06-23,primary,NY,House,09,regular,partisan_primary,Democratic,JOEL BENJAMIN,nyc-2026-06-23-09-democratic-414-joel-benjamin,,True,1,nyc-2026-cd09-dem,https://www.vote.nyc/sites/default/files/pdf/election_results/2026/20260623Primary%20Election/01301600009Kings%20Democratic%20Representative%20in%20Congress%209th%20Congressional%20District%20Recap.csv,fc6d4ddff39bcc5d006343fb84f1e2d0fb886ff8985ac1e1592e29f50e48afa2,nyc-2026-01301600009Kings_Democratic_Representative_in_Congress_9th_Congressional_District_Recap.csv:414,1
ny-2026-06-23-house-09-regular-democratic,2026,2026-06-23,primary,NY,House,09,regular,partisan_primary,Democratic,JOHN MCGINN,nyc-2026-06-23-09-democratic-415-john-mcginn,,True,1,nyc-2026-cd09-dem,https://www.vote.nyc/sites/default/files/pdf/election_results/2026/20260623Primary%20Election/01301600009Kings%20Democratic%20Representative%20in%20Congress%209th%20Congressional%20District%20Recap.csv,fc6d4ddff39bcc5d006343fb84f1e2d0fb886ff8985ac1e1592e29f50e48afa2,nyc-2026-01301600009Kings_Democratic_Representative_in_Congress_9th_Congressional_District_Recap.csv:415,1
ny-2026-06-23-house-09-regular-democratic,2026,2026-06-23,primary,NY,House,09,regular,partisan_primary,Democratic,JOSEPH LACH,nyc-2026-06-23-09-democratic-416-joseph-lach,,True,1,nyc-2026-cd09-dem,https://www.vote.nyc/sites/default/files/pdf/election_results/2026/20260623Primary%20Election/01301600009Kings%20Democratic%20Representative%20in%20Congress%209th%20Congressional%20District%20Recap.csv,fc6d4ddff39bcc5d006343fb84f1e2d0fb886ff8985ac1e1592e29f50e48afa2,nyc-2026-01301600009Kings_Democratic_Representative_in_Congress_9th_Congressional_District_Recap.csv:416,1
ny-2026-06-23-house-09-regular-democratic,2026,2026-06-23,primary,NY,House,09,regular,partisan_primary,Democratic,JOSEPH RABINOWITZ,nyc-2026-06-23-09-democratic-417-joseph-rabinowitz,,True,1,nyc-2026-cd09-dem,https://www.vote.nyc/sites/default/files/pdf/election_results/2026/20260623Primary%20Election/01301600009Kings%20Democratic%20Representative%20in%20Congress%209th%20Congressional%20District%20Recap.csv,fc6d4ddff39bcc5d006343fb84f1e2d0fb886ff8985ac1e1592e29f50e48afa2,nyc-2026-01301600009Kings_Democratic_Representative_in_Congress_9th_Congressional_District_Recap.csv:417,1
ny-2026-06-23-house-09-regular-democratic,2026,2026-06-23,primary,NY,House,09,regular,partisan_primary,Democratic,JOSH KAITAN LUCAS,nyc-2026-06-23-09-democratic-418-josh-kaitan-lucas,,True,2,nyc-2026-cd09-dem,https://www.vote.nyc/sites/default/files/pdf/election_results/2026/20260623Primary%20Election/01301600009Kings%20Democratic%20Representative%20in%20Congress%209th%20Congressional%20District%20Recap.csv,fc6d4ddff39bcc5d006343fb84f1e2d0fb886ff8985ac1e1592e29f50e48afa2,nyc-2026-01301600009Kings_Democratic_Representative_in_Congress_9th_Congressional_District_Recap.csv:418,1
ny-2026-06-23-house-09-regular-democratic,2026,2026-06-23,primary,NY,House,09,regular,partisan_primary,Democratic,JOSHUA ROSENBLUM,nyc-2026-06-23-09-democratic-419-joshua-rosenblum,,True,1,nyc-2026-cd09-dem,https://www.vote.nyc/sites/default/files/pdf/election_results/2026/20260623Primary%20Election/01301600009Kings%20Democratic%20Representative%20in%20Congress%209th%20Congressional%20District%20Recap.csv,fc6d4ddff39bcc5d006343fb84f1e2d0fb886ff8985ac1e1592e29f50e48afa2,nyc-2026-01301600009Kings_Democratic_Representative_in_Congress_9th_Congressional_District_Recap.csv:419,1
ny-2026-06-23-house-09-regular-democratic,2026,2026-06-23,primary,NY,House,09,regular,partisan_primary,Democratic,JULIE WON,nyc-2026-06-23-09-democratic-420-julie-won,,True,1,nyc-2026-cd09-dem,https://www.vote.nyc/sites/default/files/pdf/election_results/2026/20260623Primary%20Election/01301600009Kings%20Democratic%20Representative%20in%20Congress%209th%20Congressional%20District%20Recap.csv,fc6d4ddff39bcc5d006343fb84f1e2d0fb886ff8985ac1e1592e29f50e48afa2,nyc-2026-01301600009Kings_Democratic_Representative_in_Congress_9th_Congressional_District_Recap.csv:420,1
ny-2026-06-23-house-09-regular-democratic,2026,2026-06-23,primary,NY,House,09,regular,partisan_primary,Democratic,Joshua A. Bristol,nyc-2026-06-23-09-democratic-331-joshua-a-bristol,Democratic,False,6666,nyc-2026-cd09-dem,https://www.vote.nyc/sites/default/files/pdf/election_results/2026/20260623Primary%20Election/01301600009Kings%20Democratic%20Representative%20in%20Congress%209th%20Congressional%20District%20Recap.csv,fc6d4ddff39bcc5d006343fb84f1e2d0fb886ff8985ac1e1592e29f50e48afa2,nyc-2026-01301600009Kings_Democratic_Representative_in_Congress_9th_Congressional_District_Recap.csv:331,1
ny-2026-06-23-house-09-regular-democratic,2026,2026-06-23,primary,NY,House,09,regular,partisan_primary,Democratic,KAREEM CARRYL,nyc-2026-06-23-09-democratic-421-kareem-carryl,,True,1,nyc-2026-cd09-dem,https://www.vote.nyc/sites/default/files/pdf/election_results/2026/20260623Primary%20Election/01301600009Kings%20Democratic%20Representative%20in%20Congress%209th%20Congressional%20District%20Recap.csv,fc6d4ddff39bcc5d006343fb84f1e2d0fb886ff8985ac1e1592e29f50e48afa2,nyc-2026-01301600009Kings_Democratic_Representative_in_Congress_9th_Congressional_District_Recap.csv:421,1
ny-2026-06-23-house-09-regular-democratic,2026,2026-06-23,primary,NY,House,09,regular,partisan_primary,Democratic,KARL MARX,nyc-2026-06-23-09-democratic-422-karl-marx,,True,1,nyc-2026-cd09-dem,https://www.vote.nyc/sites/default/files/pdf/election_results/2026/20260623Primary%20Election/01301600009Kings%20Democratic%20Representative%20in%20Congress%209th%20Congressional%20District%20Recap.csv,fc6d4ddff39bcc5d006343fb84f1e2d0fb886ff8985ac1e1592e29f50e48afa2,nyc-2026-01301600009Kings_Democratic_Representative_in_Congress_9th_Congressional_District_Recap.csv:422,1
ny-2026-06-23-house-09-regular-democratic,2026,2026-06-23,primary,NY,House,09,regular,partisan_primary,Democratic,KENNETH C LAUFER,nyc-2026-06-23-09-democratic-423-kenneth-c-laufer,,True,1,nyc-2026-cd09-dem,https://www.vote.nyc/sites/default/files/pdf/election_results/2026/20260623Primary%20Election/01301600009Kings%20Democratic%20Representative%20in%20Congress%209th%20Congressional%20District%20Recap.csv,fc6d4ddff39bcc5d006343fb84f1e2d0fb886ff8985ac1e1592e29f50e48afa2,nyc-2026-01301600009Kings_Democratic_Representative_in_Congress_9th_Congressional_District_Recap.csv:423,1
ny-2026-06-23-house-09-regular-democratic,2026,2026-06-23,primary,NY,House,09,regular,partisan_primary,Democratic,KEVIN DECKERT,nyc-2026-06-23-09-democratic-424-kevin-deckert,,True,1,nyc-2026-cd09-dem,https://www.vote.nyc/sites/default/files/pdf/election_results/2026/20260623Primary%20Election/01301600009Kings%20Democratic%20Representative%20in%20Congress%209th%20Congressional%20District%20Recap.csv,fc6d4ddff39bcc5d006343fb84f1e2d0fb886ff8985ac1e1592e29f50e48afa2,nyc-2026-01301600009Kings_Democratic_Representative_in_Congress_9th_Congressional_District_Recap.csv:424,1
ny-2026-06-23-house-09-regular-democratic,2026,2026-06-23,primary,NY,House,09,regular,partisan_primary,Democratic,LEAH HIRTENFEID,nyc-2026-06-23-09-democratic-425-leah-hirtenfeid,,True,1,nyc-2026-cd09-dem,https://www.vote.nyc/sites/default/files/pdf/election_results/2026/20260623Primary%20Election/01301600009Kings%20Democratic%20Representative%20in%20Congress%209th%20Congressional%20District%20Recap.csv,fc6d4ddff39bcc5d006343fb84f1e2d0fb886ff8985ac1e1592e29f50e48afa2,nyc-2026-01301600009Kings_Democratic_Representative_in_Congress_9th_Congressional_District_Recap.csv:425,1
ny-2026-06-23-house-09-regular-democratic,2026,2026-06-23,primary,NY,House,09,regular,partisan_primary,Democratic,LETITIA JAMES,nyc-2026-06-23-09-democratic-426-letitia-james,,True,1,nyc-2026-cd09-dem,https://www.vote.nyc/sites/default/files/pdf/election_results/2026/20260623Primary%20Election/01301600009Kings%20Democratic%20Representative%20in%20Congress%209th%20Congressional%20District%20Recap.csv,fc6d4ddff39bcc5d006343fb84f1e2d0fb886ff8985ac1e1592e29f50e48afa2,nyc-2026-01301600009Kings_Democratic_Representative_in_Congress_9th_Congressional_District_Recap.csv:426,1
ny-2026-06-23-house-09-regular-democratic,2026,2026-06-23,primary,NY,House,09,regular,partisan_primary,Democratic,LINDA SEDAKA,nyc-2026-06-23-09-democratic-427-linda-sedaka,,True,1,nyc-2026-cd09-dem,https://www.vote.nyc/sites/default/files/pdf/election_results/2026/20260623Primary%20Election/01301600009Kings%20Democratic%20Representative%20in%20Congress%209th%20Congressional%20District%20Recap.csv,fc6d4ddff39bcc5d006343fb84f1e2d0fb886ff8985ac1e1592e29f50e48afa2,nyc-2026-01301600009Kings_Democratic_Representative_in_Congress_9th_Congressional_District_Recap.csv:427,1
ny-2026-06-23-house-09-regular-democratic,2026,2026-06-23,primary,NY,House,09,regular,partisan_primary,Democratic,LUZER GRUBER,nyc-2026-06-23-09-democratic-428-luzer-gruber,,True,1,nyc-2026-cd09-dem,https://www.vote.nyc/sites/default/files/pdf/election_results/2026/20260623Primary%20Election/01301600009Kings%20Democratic%20Representative%20in%20Congress%209th%20Congressional%20District%20Recap.csv,fc6d4ddff39bcc5d006343fb84f1e2d0fb886ff8985ac1e1592e29f50e48afa2,nyc-2026-01301600009Kings_Democratic_Representative_in_Congress_9th_Congressional_District_Recap.csv:428,1
ny-2026-06-23-house-09-regular-democratic,2026,2026-06-23,primary,NY,House,09,regular,partisan_primary,Democratic,MANDY UNGER,nyc-2026-06-23-09-democratic-429-mandy-unger,,True,1,nyc-2026-cd09-dem,https://www.vote.nyc/sites/default/files/pdf/election_results/2026/20260623Primary%20Election/01301600009Kings%20Democratic%20Representative%20in%20Congress%209th%20Congressional%20District%20Recap.csv,fc6d4ddff39bcc5d006343fb84f1e2d0fb886ff8985ac1e1592e29f50e48afa2,nyc-2026-01301600009Kings_Democratic_Representative_in_Congress_9th_Congressional_District_Recap.csv:429,1
ny-2026-06-23-house-09-regular-democratic,2026,2026-06-23,primary,NY,House,09,regular,partisan_primary,Democratic,MARK RUBIO,nyc-2026-06-23-09-democratic-430-mark-rubio,,True,1,nyc-2026-cd09-dem,https://www.vote.nyc/sites/default/files/pdf/election_results/2026/20260623Primary%20Election/01301600009Kings%20Democratic%20Representative%20in%20Congress%209th%20Congressional%20District%20Recap.csv,fc6d4ddff39bcc5d006343fb84f1e2d0fb886ff8985ac1e1592e29f50e48afa2,nyc-2026-01301600009Kings_Democratic_Representative_in_Congress_9th_Congressional_District_Recap.csv:430,1
ny-2026-06-23-house-09-regular-democratic,2026,2026-06-23,primary,NY,House,09,regular,partisan_primary,Democratic,MARLON RICE,nyc-2026-06-23-09-democratic-431-marlon-rice,,True,1,nyc-2026-cd09-dem,https://www.vote.nyc/sites/default/files/pdf/election_results/2026/20260623Primary%20Election/01301600009Kings%20Democratic%20Representative%20in%20Congress%209th%20Congressional%20District%20Recap.csv,fc6d4ddff39bcc5d006343fb84f1e2d0fb886ff8985ac1e1592e29f50e48afa2,nyc-2026-01301600009Kings_Democratic_Representative_in_Congress_9th_Congressional_District_Recap.csv:431,1
ny-2026-06-23-house-09-regular-democratic,2026,2026-06-23,primary,NY,House,09,regular,partisan_primary,Democratic,MARLY LOUIS,nyc-2026-06-23-09-democratic-432-marly-louis,,True,1,nyc-2026-cd09-dem,https://www.vote.nyc/sites/default/files/pdf/election_results/2026/20260623Primary%20Election/01301600009Kings%20Democratic%20Representative%20in%20Congress%209th%20Congressional%20District%20Recap.csv,fc6d4ddff39bcc5d006343fb84f1e2d0fb886ff8985ac1e1592e29f50e48afa2,nyc-2026-01301600009Kings_Democratic_Representative_in_Congress_9th_Congressional_District_Recap.csv:432,1
ny-2026-06-23-house-09-regular-democratic,2026,2026-06-23,primary,NY,House,09,regular,partisan_primary,Democratic,MARTINE MZIJER,nyc-2026-06-23-09-democratic-433-martine-mzijer,,True,1,nyc-2026-cd09-dem,https://www.vote.nyc/sites/default/files/pdf/election_results/2026/20260623Primary%20Election/01301600009Kings%20Democratic%20Representative%20in%20Congress%209th%20Congressional%20District%20Recap.csv,fc6d4ddff39bcc5d006343fb84f1e2d0fb886ff8985ac1e1592e29f50e48afa2,nyc-2026-01301600009Kings_Democratic_Representative_in_Congress_9th_Congressional_District_Recap.csv:433,1
ny-2026-06-23-house-09-regular-democratic,2026,2026-06-23,primary,NY,House,09,regular,partisan_primary,Democratic,MATFIR YOMAH,nyc-2026-06-23-09-democratic-434-matfir-yomah,,True,1,nyc-2026-cd09-dem,https://www.vote.nyc/sites/default/files/pdf/election_results/2026/20260623Primary%20Election/01301600009Kings%20Democratic%20Representative%20in%20Congress%209th%20Congressional%20District%20Recap.csv,fc6d4ddff39bcc5d006343fb84f1e2d0fb886ff8985ac1e1592e29f50e48afa2,nyc-2026-01301600009Kings_Democratic_Representative_in_Congress_9th_Congressional_District_Recap.csv:434,1
ny-2026-06-23-house-09-regular-democratic,2026,2026-06-23,primary,NY,House,09,regular,partisan_primary,Democratic,MAYA WILEY,nyc-2026-06-23-09-democratic-435-maya-wiley,,True,1,nyc-2026-cd09-dem,https://www.vote.nyc/sites/default/files/pdf/election_results/2026/20260623Primary%20Election/01301600009Kings%20Democratic%20Representative%20in%20Congress%209th%20Congressional%20District%20Recap.csv,fc6d4ddff39bcc5d006343fb84f1e2d0fb886ff8985ac1e1592e29f50e48afa2,nyc-2026-01301600009Kings_Democratic_Representative_in_Congress_9th_Congressional_District_Recap.csv:435,1
ny-2026-06-23-house-09-regular-democratic,2026,2026-06-23,primary,NY,House,09,regular,partisan_primary,Democratic,MENACHEM GERLITSKY,nyc-2026-06-23-09-democratic-436-menachem-gerlitsky,,True,1,nyc-2026-cd09-dem,https://www.vote.nyc/sites/default/files/pdf/election_results/2026/20260623Primary%20Election/01301600009Kings%20Democratic%20Representative%20in%20Congress%209th%20Congressional%20District%20Recap.csv,fc6d4ddff39bcc5d006343fb84f1e2d0fb886ff8985ac1e1592e29f50e48afa2,nyc-2026-01301600009Kings_Democratic_Representative_in_Congress_9th_Congressional_District_Recap.csv:436,1
ny-2026-06-23-house-09-regular-democratic,2026,2026-06-23,primary,NY,House,09,regular,partisan_primary,Democratic,MENACHEM KATZMAN,nyc-2026-06-23-09-democratic-437-menachem-katzman,,True,1,nyc-2026-cd09-dem,https://www.vote.nyc/sites/default/files/pdf/election_results/2026/20260623Primary%20Election/01301600009Kings%20Democratic%20Representative%20in%20Congress%209th%20Congressional%20District%20Recap.csv,fc6d4ddff39bcc5d006343fb84f1e2d0fb886ff8985ac1e1592e29f50e48afa2,nyc-2026-01301600009Kings_Democratic_Representative_in_Congress_9th_Congressional_District_Recap.csv:437,1
ny-2026-06-23-house-09-regular-democratic,2026,2026-06-23,primary,NY,House,09,regular,partisan_primary,Democratic,MICHAEL BLOOMBERG,nyc-2026-06-23-09-democratic-438-michael-bloomberg,,True,1,nyc-2026-cd09-dem,https://www.vote.nyc/sites/default/files/pdf/election_results/2026/20260623Primary%20Election/01301600009Kings%20Democratic%20Representative%20in%20Congress%209th%20Congressional%20District%20Recap.csv,fc6d4ddff39bcc5d006343fb84f1e2d0fb886ff8985ac1e1592e29f50e48afa2,nyc-2026-01301600009Kings_Democratic_Representative_in_Congress_9th_Congressional_District_Recap.csv:438,1
ny-2026-06-23-house-09-regular-democratic,2026,2026-06-23,primary,NY,House,09,regular,partisan_primary,Democratic,MICHAEL SCOTT JR,nyc-2026-06-23-09-democratic-439-michael-scott-jr,,True,1,nyc-2026-cd09-dem,https://www.vote.nyc/sites/default/files/pdf/election_results/2026/20260623Primary%20Election/01301600009Kings%20Democratic%20Representative%20in%20Congress%209th%20Congressional%20District%20Recap.csv,fc6d4ddff39bcc5d006343fb84f1e2d0fb886ff8985ac1e1592e29f50e48afa2,nyc-2026-01301600009Kings_Democratic_Representative_in_Congress_9th_Congressional_District_Recap.csv:439,1
ny-2026-06-23-house-09-regular-democratic,2026,2026-06-23,primary,NY,House,09,regular,partisan_primary,Democratic,MIKE BERK,nyc-2026-06-23-09-democratic-440-mike-berk,,True,1,nyc-2026-cd09-dem,https://www.vote.nyc/sites/default/files/pdf/election_results/2026/20260623Primary%20Election/01301600009Kings%20Democratic%20Representative%20in%20Congress%209th%20Congressional%20District%20Recap.csv,fc6d4ddff39bcc5d006343fb84f1e2d0fb886ff8985ac1e1592e29f50e48afa2,nyc-2026-01301600009Kings_Democratic_Representative_in_Congress_9th_Congressional_District_Recap.csv:440,1
ny-2026-06-23-house-09-regular-democratic,2026,2026-06-23,primary,NY,House,09,regular,partisan_primary,Democratic,MIPANDA KALISH,nyc-2026-06-23-09-democratic-441-mipanda-kalish,,True,1,nyc-2026-cd09-dem,https://www.vote.nyc/sites/default/files/pdf/election_results/2026/20260623Primary%20Election/01301600009Kings%20Democratic%20Representative%20in%20Congress%209th%20Congressional%20District%20Recap.csv,fc6d4ddff39bcc5d006343fb84f1e2d0fb886ff8985ac1e1592e29f50e48afa2,nyc-2026-01301600009Kings_Democratic_Representative_in_Congress_9th_Congressional_District_Recap.csv:441,1
ny-2026-06-23-house-09-regular-democratic,2026,2026-06-23,primary,NY,House,09,regular,partisan_primary,Democratic,MO SALAH,nyc-2026-06-23-09-democratic-442-mo-salah,,True,1,nyc-2026-cd09-dem,https://www.vote.nyc/sites/default/files/pdf/election_results/2026/20260623Primary%20Election/01301600009Kings%20Democratic%20Representative%20in%20Congress%209th%20Congressional%20District%20Recap.csv,fc6d4ddff39bcc5d006343fb84f1e2d0fb886ff8985ac1e1592e29f50e48afa2,nyc-2026-01301600009Kings_Democratic_Representative_in_Congress_9th_Congressional_District_Recap.csv:442,1
ny-2026-06-23-house-09-regular-democratic,2026,2026-06-23,primary,NY,House,09,regular,partisan_primary,Democratic,MONDAIRE JONES,nyc-2026-06-23-09-democratic-443-mondaire-jones,,True,1,nyc-2026-cd09-dem,https://www.vote.nyc/sites/default/files/pdf/election_results/2026/20260623Primary%20Election/01301600009Kings%20Democratic%20Representative%20in%20Congress%209th%20Congressional%20District%20Recap.csv,fc6d4ddff39bcc5d006343fb84f1e2d0fb886ff8985ac1e1592e29f50e48afa2,nyc-2026-01301600009Kings_Democratic_Representative_in_Congress_9th_Congressional_District_Recap.csv:443,1
ny-2026-06-23-house-09-regular-democratic,2026,2026-06-23,primary,NY,House,09,regular,partisan_primary,Democratic,MORDECHAI HALBERSTAM,nyc-2026-06-23-09-democratic-444-mordechai-halberstam,,True,1,nyc-2026-cd09-dem,https://www.vote.nyc/sites/default/files/pdf/election_results/2026/20260623Primary%20Election/01301600009Kings%20Democratic%20Representative%20in%20Congress%209th%20Congressional%20District%20Recap.csv,fc6d4ddff39bcc5d006343fb84f1e2d0fb886ff8985ac1e1592e29f50e48afa2,nyc-2026-01301600009Kings_Democratic_Representative_in_Congress_9th_Congressional_District_Recap.csv:444,1
ny-2026-06-23-house-09-regular-democratic,2026,2026-06-23,primary,NY,House,09,regular,partisan_primary,Democratic,MOSHE A. FOGEL,nyc-2026-06-23-09-democratic-445-moshe-a-fogel,,True,1,nyc-2026-cd09-dem,https://www.vote.nyc/sites/default/files/pdf/election_results/2026/20260623Primary%20Election/01301600009Kings%20Democratic%20Representative%20in%20Congress%209th%20Congressional%20District%20Recap.csv,fc6d4ddff39bcc5d006343fb84f1e2d0fb886ff8985ac1e1592e29f50e48afa2,nyc-2026-01301600009Kings_Democratic_Representative_in_Congress_9th_Congressional_District_Recap.csv:445,1
ny-2026-06-23-house-09-regular-democratic,2026,2026-06-23,primary,NY,House,09,regular,partisan_primary,Democratic,MOTTY GOLDSTEIN,nyc-2026-06-23-09-democratic-446-motty-goldstein,,True,1,nyc-2026-cd09-dem,https://www.vote.nyc/sites/default/files/pdf/election_results/2026/20260623Primary%20Election/01301600009Kings%20Democratic%20Representative%20in%20Congress%209th%20Congressional%20District%20Recap.csv,fc6d4ddff39bcc5d006343fb84f1e2d0fb886ff8985ac1e1592e29f50e48afa2,nyc-2026-01301600009Kings_Democratic_Representative_in_Congress_9th_Congressional_District_Recap.csv:446,1
ny-2026-06-23-house-09-regular-democratic,2026,2026-06-23,primary,NY,House,09,regular,partisan_primary,Democratic,MOTTY SALZBERG,nyc-2026-06-23-09-democratic-447-motty-salzberg,,True,1,nyc-2026-cd09-dem,https://www.vote.nyc/sites/default/files/pdf/election_results/2026/20260623Primary%20Election/01301600009Kings%20Democratic%20Representative%20in%20Congress%209th%20Congressional%20District%20Recap.csv,fc6d4ddff39bcc5d006343fb84f1e2d0fb886ff8985ac1e1592e29f50e48afa2,nyc-2026-01301600009Kings_Democratic_Representative_in_Congress_9th_Congressional_District_Recap.csv:447,1
ny-2026-06-23-house-09-regular-democratic,2026,2026-06-23,primary,NY,House,09,regular,partisan_primary,Democratic,Mike Goldfarb,nyc-2026-06-23-09-democratic-329-mike-goldfarb,Democratic,False,6932,nyc-2026-cd09-dem,https://www.vote.nyc/sites/default/files/pdf/election_results/2026/20260623Primary%20Election/01301600009Kings%20Democratic%20Representative%20in%20Congress%209th%20Congressional%20District%20Recap.csv,fc6d4ddff39bcc5d006343fb84f1e2d0fb886ff8985ac1e1592e29f50e48afa2,nyc-2026-01301600009Kings_Democratic_Representative_in_Congress_9th_Congressional_District_Recap.csv:329,1
ny-2026-06-23-house-09-regular-democratic,2026,2026-06-23,primary,NY,House,09,regular,partisan_primary,Democratic,NICK RASKIN,nyc-2026-06-23-09-democratic-448-nick-raskin,,True,1,nyc-2026-cd09-dem,https://www.vote.nyc/sites/default/files/pdf/election_results/2026/20260623Primary%20Election/01301600009Kings%20Democratic%20Representative%20in%20Congress%209th%20Congressional%20District%20Recap.csv,fc6d4ddff39bcc5d006343fb84f1e2d0fb886ff8985ac1e1592e29f50e48afa2,nyc-2026-01301600009Kings_Democratic_Representative_in_Congress_9th_Congressional_District_Recap.csv:448,1
ny-2026-06-23-house-09-regular-democratic,2026,2026-06-23,primary,NY,House,09,regular,partisan_primary,Democratic,OLIVIA HARDY,nyc-2026-06-23-09-democratic-449-olivia-hardy,,True,1,nyc-2026-cd09-dem,https://www.vote.nyc/sites/default/files/pdf/election_results/2026/20260623Primary%20Election/01301600009Kings%20Democratic%20Representative%20in%20Congress%209th%20Congressional%20District%20Recap.csv,fc6d4ddff39bcc5d006343fb84f1e2d0fb886ff8985ac1e1592e29f50e48afa2,nyc-2026-01301600009Kings_Democratic_Representative_in_Congress_9th_Congressional_District_Recap.csv:449,1
ny-2026-06-23-house-09-regular-democratic,2026,2026-06-23,primary,NY,House,09,regular,partisan_primary,Democratic,OMAJ ELIE,nyc-2026-06-23-09-democratic-450-omaj-elie,,True,1,nyc-2026-cd09-dem,https://www.vote.nyc/sites/default/files/pdf/election_results/2026/20260623Primary%20Election/01301600009Kings%20Democratic%20Representative%20in%20Congress%209th%20Congressional%20District%20Recap.csv,fc6d4ddff39bcc5d006343fb84f1e2d0fb886ff8985ac1e1592e29f50e48afa2,nyc-2026-01301600009Kings_Democratic_Representative_in_Congress_9th_Congressional_District_Recap.csv:450,1
ny-2026-06-23-house-09-regular-democratic,2026,2026-06-23,primary,NY,House,09,regular,partisan_primary,Democratic,PAT JOSEPH QUAGLIASIALB,nyc-2026-06-23-09-democratic-451-pat-joseph-quagliasialb,,True,1,nyc-2026-cd09-dem,https://www.vote.nyc/sites/default/files/pdf/election_results/2026/20260623Primary%20Election/01301600009Kings%20Democratic%20Representative%20in%20Congress%209th%20Congressional%20District%20Recap.csv,fc6d4ddff39bcc5d006343fb84f1e2d0fb886ff8985ac1e1592e29f50e48afa2,nyc-2026-01301600009Kings_Democratic_Representative_in_Congress_9th_Congressional_District_Recap.csv:451,1
ny-2026-06-23-house-09-regular-democratic,2026,2026-06-23,primary,NY,House,09,regular,partisan_primary,Democratic,PETER PARK,nyc-2026-06-23-09-democratic-452-peter-park,,True,1,nyc-2026-cd09-dem,https://www.vote.nyc/sites/default/files/pdf/election_results/2026/20260623Primary%20Election/01301600009Kings%20Democratic%20Representative%20in%20Congress%209th%20Congressional%20District%20Recap.csv,fc6d4ddff39bcc5d006343fb84f1e2d0fb886ff8985ac1e1592e29f50e48afa2,nyc-2026-01301600009Kings_Democratic_Representative_in_Congress_9th_Congressional_District_Recap.csv:452,1
ny-2026-06-23-house-09-regular-democratic,2026,2026-06-23,primary,NY,House,09,regular,partisan_primary,Democratic,PHARA SOUFFRANT FORREST,nyc-2026-06-23-09-democratic-453-phara-souffrant-forrest,,True,33,nyc-2026-cd09-dem,https://www.vote.nyc/sites/default/files/pdf/election_results/2026/20260623Primary%20Election/01301600009Kings%20Democratic%20Representative%20in%20Congress%209th%20Congressional%20District%20Recap.csv,fc6d4ddff39bcc5d006343fb84f1e2d0fb886ff8985ac1e1592e29f50e48afa2,nyc-2026-01301600009Kings_Democratic_Representative_in_Congress_9th_Congressional_District_Recap.csv:453,1
ny-2026-06-23-house-09-regular-democratic,2026,2026-06-23,primary,NY,House,09,regular,partisan_primary,Democratic,PHARA SOUFFRANT-FORREST,nyc-2026-06-23-09-democratic-454-phara-souffrant-forrest,,True,1,nyc-2026-cd09-dem,https://www.vote.nyc/sites/default/files/pdf/election_results/2026/20260623Primary%20Election/01301600009Kings%20Democratic%20Representative%20in%20Congress%209th%20Congressional%20District%20Recap.csv,fc6d4ddff39bcc5d006343fb84f1e2d0fb886ff8985ac1e1592e29f50e48afa2,nyc-2026-01301600009Kings_Democratic_Representative_in_Congress_9th_Congressional_District_Recap.csv:454,1
ny-2026-06-23-house-09-regular-democratic,2026,2026-06-23,primary,NY,House,09,regular,partisan_primary,Democratic,PINCHUS SCHMIDT,nyc-2026-06-23-09-democratic-455-pinchus-schmidt,,True,1,nyc-2026-cd09-dem,https://www.vote.nyc/sites/default/files/pdf/election_results/2026/20260623Primary%20Election/01301600009Kings%20Democratic%20Representative%20in%20Congress%209th%20Congressional%20District%20Recap.csv,fc6d4ddff39bcc5d006343fb84f1e2d0fb886ff8985ac1e1592e29f50e48afa2,nyc-2026-01301600009Kings_Democratic_Representative_in_Congress_9th_Congressional_District_Recap.csv:455,1
ny-2026-06-23-house-09-regular-democratic,2026,2026-06-23,primary,NY,House,09,regular,partisan_primary,Democratic,RACHEL KISS,nyc-2026-06-23-09-democratic-456-rachel-kiss,,True,1,nyc-2026-cd09-dem,https://www.vote.nyc/sites/default/files/pdf/election_results/2026/20260623Primary%20Election/01301600009Kings%20Democratic%20Representative%20in%20Congress%209th%20Congressional%20District%20Recap.csv,fc6d4ddff39bcc5d006343fb84f1e2d0fb886ff8985ac1e1592e29f50e48afa2,nyc-2026-01301600009Kings_Democratic_Representative_in_Congress_9th_Congressional_District_Recap.csv:456,1
ny-2026-06-23-house-09-regular-democratic,2026,2026-06-23,primary,NY,House,09,regular,partisan_primary,Democratic,RAIZEL JACOBOWITZ,nyc-2026-06-23-09-democratic-457-raizel-jacobowitz,,True,1,nyc-2026-cd09-dem,https://www.vote.nyc/sites/default/files/pdf/election_results/2026/20260623Primary%20Election/01301600009Kings%20Democratic%20Representative%20in%20Congress%209th%20Congressional%20District%20Recap.csv,fc6d4ddff39bcc5d006343fb84f1e2d0fb886ff8985ac1e1592e29f50e48afa2,nyc-2026-01301600009Kings_Democratic_Representative_in_Congress_9th_Congressional_District_Recap.csv:457,1
ny-2026-06-23-house-09-regular-democratic,2026,2026-06-23,primary,NY,House,09,regular,partisan_primary,Democratic,RITA JOSEPH,nyc-2026-06-23-09-democratic-458-rita-joseph,,True,3,nyc-2026-cd09-dem,https://www.vote.nyc/sites/default/files/pdf/election_results/2026/20260623Primary%20Election/01301600009Kings%20Democratic%20Representative%20in%20Congress%209th%20Congressional%20District%20Recap.csv,fc6d4ddff39bcc5d006343fb84f1e2d0fb886ff8985ac1e1592e29f50e48afa2,nyc-2026-01301600009Kings_Democratic_Representative_in_Congress_9th_Congressional_District_Recap.csv:458,1
ny-2026-06-23-house-09-regular-democratic,2026,2026-06-23,primary,NY,House,09,regular,partisan_primary,Democratic,ROBEET WNOROWSKI,nyc-2026-06-23-09-democratic-459-robeet-wnorowski,,True,1,nyc-2026-cd09-dem,https://www.vote.nyc/sites/default/files/pdf/election_results/2026/20260623Primary%20Election/01301600009Kings%20Democratic%20Representative%20in%20Congress%209th%20Congressional%20District%20Recap.csv,fc6d4ddff39bcc5d006343fb84f1e2d0fb886ff8985ac1e1592e29f50e48afa2,nyc-2026-01301600009Kings_Democratic_Representative_in_Congress_9th_Congressional_District_Recap.csv:459,1
ny-2026-06-23-house-09-regular-democratic,2026,2026-06-23,primary,NY,House,09,regular,partisan_primary,Democratic,ROBERT C CARROLL,nyc-2026-06-23-09-democratic-460-robert-c-carroll,,True,1,nyc-2026-cd09-dem,https://www.vote.nyc/sites/default/files/pdf/election_results/2026/20260623Primary%20Election/01301600009Kings%20Democratic%20Representative%20in%20Congress%209th%20Congressional%20District%20Recap.csv,fc6d4ddff39bcc5d006343fb84f1e2d0fb886ff8985ac1e1592e29f50e48afa2,nyc-2026-01301600009Kings_Democratic_Representative_in_Congress_9th_Congressional_District_Recap.csv:460,1
ny-2026-06-23-house-09-regular-democratic,2026,2026-06-23,primary,NY,House,09,regular,partisan_primary,Democratic,ROBERT CHAHBIT,nyc-2026-06-23-09-democratic-461-robert-chahbit,,True,1,nyc-2026-cd09-dem,https://www.vote.nyc/sites/default/files/pdf/election_results/2026/20260623Primary%20Election/01301600009Kings%20Democratic%20Representative%20in%20Congress%209th%20Congressional%20District%20Recap.csv,fc6d4ddff39bcc5d006343fb84f1e2d0fb886ff8985ac1e1592e29f50e48afa2,nyc-2026-01301600009Kings_Democratic_Representative_in_Congress_9th_Congressional_District_Recap.csv:461,1
ny-2026-06-23-house-09-regular-democratic,2026,2026-06-23,primary,NY,House,09,regular,partisan_primary,Democratic,ROGER ZACHAROFF,nyc-2026-06-23-09-democratic-462-roger-zacharoff,,True,1,nyc-2026-cd09-dem,https://www.vote.nyc/sites/default/files/pdf/election_results/2026/20260623Primary%20Election/01301600009Kings%20Democratic%20Representative%20in%20Congress%209th%20Congressional%20District%20Recap.csv,fc6d4ddff39bcc5d006343fb84f1e2d0fb886ff8985ac1e1592e29f50e48afa2,nyc-2026-01301600009Kings_Democratic_Representative_in_Congress_9th_Congressional_District_Recap.csv:462,1
ny-2026-06-23-house-09-regular-democratic,2026,2026-06-23,primary,NY,House,09,regular,partisan_primary,Democratic,RONALD S ADJMI,nyc-2026-06-23-09-democratic-463-ronald-s-adjmi,,True,1,nyc-2026-cd09-dem,https://www.vote.nyc/sites/default/files/pdf/election_results/2026/20260623Primary%20Election/01301600009Kings%20Democratic%20Representative%20in%20Congress%209th%20Congressional%20District%20Recap.csv,fc6d4ddff39bcc5d006343fb84f1e2d0fb886ff8985ac1e1592e29f50e48afa2,nyc-2026-01301600009Kings_Democratic_Representative_in_Congress_9th_Congressional_District_Recap.csv:463,1
ny-2026-06-23-house-09-regular-democratic,2026,2026-06-23,primary,NY,House,09,regular,partisan_primary,Democratic,ROSA LUXEMBURG,nyc-2026-06-23-09-democratic-464-rosa-luxemburg,,True,1,nyc-2026-cd09-dem,https://www.vote.nyc/sites/default/files/pdf/election_results/2026/20260623Primary%20Election/01301600009Kings%20Democratic%20Representative%20in%20Congress%209th%20Congressional%20District%20Recap.csv,fc6d4ddff39bcc5d006343fb84f1e2d0fb886ff8985ac1e1592e29f50e48afa2,nyc-2026-01301600009Kings_Democratic_Representative_in_Congress_9th_Congressional_District_Recap.csv:464,1
ny-2026-06-23-house-09-regular-democratic,2026,2026-06-23,primary,NY,House,09,regular,partisan_primary,Democratic,ROY CHALMERS,nyc-2026-06-23-09-democratic-465-roy-chalmers,,True,1,nyc-2026-cd09-dem,https://www.vote.nyc/sites/default/files/pdf/election_results/2026/20260623Primary%20Election/01301600009Kings%20Democratic%20Representative%20in%20Congress%209th%20Congressional%20District%20Recap.csv,fc6d4ddff39bcc5d006343fb84f1e2d0fb886ff8985ac1e1592e29f50e48afa2,nyc-2026-01301600009Kings_Democratic_Representative_in_Congress_9th_Congressional_District_Recap.csv:465,1
ny-2026-06-23-house-09-regular-democratic,2026,2026-06-23,primary,NY,House,09,regular,partisan_primary,Democratic,RUDY GUILIANI,nyc-2026-06-23-09-democratic-466-rudy-guiliani,,True,1,nyc-2026-cd09-dem,https://www.vote.nyc/sites/default/files/pdf/election_results/2026/20260623Primary%20Election/01301600009Kings%20Democratic%20Representative%20in%20Congress%209th%20Congressional%20District%20Recap.csv,fc6d4ddff39bcc5d006343fb84f1e2d0fb886ff8985ac1e1592e29f50e48afa2,nyc-2026-01301600009Kings_Democratic_Representative_in_Congress_9th_Congressional_District_Recap.csv:466,1
ny-2026-06-23-house-09-regular-democratic,2026,2026-06-23,primary,NY,House,09,regular,partisan_primary,Democratic,SAM GOLDMAN,nyc-2026-06-23-09-democratic-467-sam-goldman,,True,1,nyc-2026-cd09-dem,https://www.vote.nyc/sites/default/files/pdf/election_results/2026/20260623Primary%20Election/01301600009Kings%20Democratic%20Representative%20in%20Congress%209th%20Congressional%20District%20Recap.csv,fc6d4ddff39bcc5d006343fb84f1e2d0fb886ff8985ac1e1592e29f50e48afa2,nyc-2026-01301600009Kings_Democratic_Representative_in_Congress_9th_Congressional_District_Recap.csv:467,1
ny-2026-06-23-house-09-regular-democratic,2026,2026-06-23,primary,NY,House,09,regular,partisan_primary,Democratic,SAM PIERRE,nyc-2026-06-23-09-democratic-468-sam-pierre,,True,1,nyc-2026-cd09-dem,https://www.vote.nyc/sites/default/files/pdf/election_results/2026/20260623Primary%20Election/01301600009Kings%20Democratic%20Representative%20in%20Congress%209th%20Congressional%20District%20Recap.csv,fc6d4ddff39bcc5d006343fb84f1e2d0fb886ff8985ac1e1592e29f50e48afa2,nyc-2026-01301600009Kings_Democratic_Representative_in_Congress_9th_Congressional_District_Recap.csv:468,1
ny-2026-06-23-house-09-regular-democratic,2026,2026-06-23,primary,NY,House,09,regular,partisan_primary,Democratic,SARA LUNG,nyc-2026-06-23-09-democratic-469-sara-lung,,True,1,nyc-2026-cd09-dem,https://www.vote.nyc/sites/default/files/pdf/election_results/2026/20260623Primary%20Election/01301600009Kings%20Democratic%20Representative%20in%20Congress%209th%20Congressional%20District%20Recap.csv,fc6d4ddff39bcc5d006343fb84f1e2d0fb886ff8985ac1e1592e29f50e48afa2,nyc-2026-01301600009Kings_Democratic_Representative_in_Congress_9th_Congressional_District_Recap.csv:469,1
ny-2026-06-23-house-09-regular-democratic,2026,2026-06-23,primary,NY,House,09,regular,partisan_primary,Democratic,SAYEDA S KHAN,nyc-2026-06-23-09-democratic-470-sayeda-s-khan,,True,1,nyc-2026-cd09-dem,https://www.vote.nyc/sites/default/files/pdf/election_results/2026/20260623Primary%20Election/01301600009Kings%20Democratic%20Representative%20in%20Congress%209th%20Congressional%20District%20Recap.csv,fc6d4ddff39bcc5d006343fb84f1e2d0fb886ff8985ac1e1592e29f50e48afa2,nyc-2026-01301600009Kings_Democratic_Representative_in_Congress_9th_Congressional_District_Recap.csv:470,1
ny-2026-06-23-house-09-regular-democratic,2026,2026-06-23,primary,NY,House,09,regular,partisan_primary,Democratic,SHAHANA HANIF,nyc-2026-06-23-09-democratic-471-shahana-hanif,,True,3,nyc-2026-cd09-dem,https://www.vote.nyc/sites/default/files/pdf/election_results/2026/20260623Primary%20Election/01301600009Kings%20Democratic%20Representative%20in%20Congress%209th%20Congressional%20District%20Recap.csv,fc6d4ddff39bcc5d006343fb84f1e2d0fb886ff8985ac1e1592e29f50e48afa2,nyc-2026-01301600009Kings_Democratic_Representative_in_Congress_9th_Congressional_District_Recap.csv:471,1
ny-2026-06-23-house-09-regular-democratic,2026,2026-06-23,primary,NY,House,09,regular,partisan_primary,Democratic,SHAUN MCKENZI RUSSELL,nyc-2026-06-23-09-democratic-472-shaun-mckenzi-russell,,True,1,nyc-2026-cd09-dem,https://www.vote.nyc/sites/default/files/pdf/election_results/2026/20260623Primary%20Election/01301600009Kings%20Democratic%20Representative%20in%20Congress%209th%20Congressional%20District%20Recap.csv,fc6d4ddff39bcc5d006343fb84f1e2d0fb886ff8985ac1e1592e29f50e48afa2,nyc-2026-01301600009Kings_Democratic_Representative_in_Congress_9th_Congressional_District_Recap.csv:472,1
ny-2026-06-23-house-09-regular-democratic,2026,2026-06-23,primary,NY,House,09,regular,partisan_primary,Democratic,SHIFRA M GRAUS,nyc-2026-06-23-09-democratic-473-shifra-m-graus,,True,1,nyc-2026-cd09-dem,https://www.vote.nyc/sites/default/files/pdf/election_results/2026/20260623Primary%20Election/01301600009Kings%20Democratic%20Representative%20in%20Congress%209th%20Congressional%20District%20Recap.csv,fc6d4ddff39bcc5d006343fb84f1e2d0fb886ff8985ac1e1592e29f50e48afa2,nyc-2026-01301600009Kings_Democratic_Representative_in_Congress_9th_Congressional_District_Recap.csv:473,1
ny-2026-06-23-house-09-regular-democratic,2026,2026-06-23,primary,NY,House,09,regular,partisan_primary,Democratic,SHIMAN GIFTER,nyc-2026-06-23-09-democratic-474-shiman-gifter,,True,1,nyc-2026-cd09-dem,https://www.vote.nyc/sites/default/files/pdf/election_results/2026/20260623Primary%20Election/01301600009Kings%20Democratic%20Representative%20in%20Congress%209th%20Congressional%20District%20Recap.csv,fc6d4ddff39bcc5d006343fb84f1e2d0fb886ff8985ac1e1592e29f50e48afa2,nyc-2026-01301600009Kings_Democratic_Representative_in_Congress_9th_Congressional_District_Recap.csv:474,1
ny-2026-06-23-house-09-regular-democratic,2026,2026-06-23,primary,NY,House,09,regular,partisan_primary,Democratic,SHIMON KRAVSZ,nyc-2026-06-23-09-democratic-475-shimon-kravsz,,True,1,nyc-2026-cd09-dem,https://www.vote.nyc/sites/default/files/pdf/election_results/2026/20260623Primary%20Election/01301600009Kings%20Democratic%20Representative%20in%20Congress%209th%20Congressional%20District%20Recap.csv,fc6d4ddff39bcc5d006343fb84f1e2d0fb886ff8985ac1e1592e29f50e48afa2,nyc-2026-01301600009Kings_Democratic_Representative_in_Congress_9th_Congressional_District_Recap.csv:475,1
ny-2026-06-23-house-09-regular-democratic,2026,2026-06-23,primary,NY,House,09,regular,partisan_primary,Democratic,SHLOIMY WEISZ,nyc-2026-06-23-09-democratic-476-shloimy-weisz,,True,1,nyc-2026-cd09-dem,https://www.vote.nyc/sites/default/files/pdf/election_results/2026/20260623Primary%20Election/01301600009Kings%20Democratic%20Representative%20in%20Congress%209th%20Congressional%20District%20Recap.csv,fc6d4ddff39bcc5d006343fb84f1e2d0fb886ff8985ac1e1592e29f50e48afa2,nyc-2026-01301600009Kings_Democratic_Representative_in_Congress_9th_Congressional_District_Recap.csv:476,1
ny-2026-06-23-house-09-regular-democratic,2026,2026-06-23,primary,NY,House,09,regular,partisan_primary,Democratic,SHLOME REINHOLD,nyc-2026-06-23-09-democratic-477-shlome-reinhold,,True,1,nyc-2026-cd09-dem,https://www.vote.nyc/sites/default/files/pdf/election_results/2026/20260623Primary%20Election/01301600009Kings%20Democratic%20Representative%20in%20Congress%209th%20Congressional%20District%20Recap.csv,fc6d4ddff39bcc5d006343fb84f1e2d0fb886ff8985ac1e1592e29f50e48afa2,nyc-2026-01301600009Kings_Democratic_Representative_in_Congress_9th_Congressional_District_Recap.csv:477,1
ny-2026-06-23-house-09-regular-democratic,2026,2026-06-23,primary,NY,House,09,regular,partisan_primary,Democratic,SHLOMO ROMAND,nyc-2026-06-23-09-democratic-478-shlomo-romand,,True,1,nyc-2026-cd09-dem,https://www.vote.nyc/sites/default/files/pdf/election_results/2026/20260623Primary%20Election/01301600009Kings%20Democratic%20Representative%20in%20Congress%209th%20Congressional%20District%20Recap.csv,fc6d4ddff39bcc5d006343fb84f1e2d0fb886ff8985ac1e1592e29f50e48afa2,nyc-2026-01301600009Kings_Democratic_Representative_in_Congress_9th_Congressional_District_Recap.csv:478,1
ny-2026-06-23-house-09-regular-democratic,2026,2026-06-23,primary,NY,House,09,regular,partisan_primary,Democratic,SIDNEY RIMMER,nyc-2026-06-23-09-democratic-479-sidney-rimmer,,True,1,nyc-2026-cd09-dem,https://www.vote.nyc/sites/default/files/pdf/election_results/2026/20260623Primary%20Election/01301600009Kings%20Democratic%20Representative%20in%20Congress%209th%20Congressional%20District%20Recap.csv,fc6d4ddff39bcc5d006343fb84f1e2d0fb886ff8985ac1e1592e29f50e48afa2,nyc-2026-01301600009Kings_Democratic_Representative_in_Congress_9th_Congressional_District_Recap.csv:479,1
ny-2026-06-23-house-09-regular-democratic,2026,2026-06-23,primary,NY,House,09,regular,partisan_primary,Democratic,SIMCHA EICHENSTEIN,nyc-2026-06-23-09-democratic-480-simcha-eichenstein,,True,1,nyc-2026-cd09-dem,https://www.vote.nyc/sites/default/files/pdf/election_results/2026/20260623Primary%20Election/01301600009Kings%20Democratic%20Representative%20in%20Congress%209th%20Congressional%20District%20Recap.csv,fc6d4ddff39bcc5d006343fb84f1e2d0fb886ff8985ac1e1592e29f50e48afa2,nyc-2026-01301600009Kings_Democratic_Representative_in_Congress_9th_Congressional_District_Recap.csv:480,1
ny-2026-06-23-house-09-regular-democratic,2026,2026-06-23,primary,NY,House,09,regular,partisan_primary,Democratic,SIMCHA FELDER,nyc-2026-06-23-09-democratic-481-simcha-felder,,True,1,nyc-2026-cd09-dem,https://www.vote.nyc/sites/default/files/pdf/election_results/2026/20260623Primary%20Election/01301600009Kings%20Democratic%20Representative%20in%20Congress%209th%20Congressional%20District%20Recap.csv,fc6d4ddff39bcc5d006343fb84f1e2d0fb886ff8985ac1e1592e29f50e48afa2,nyc-2026-01301600009Kings_Democratic_Representative_in_Congress_9th_Congressional_District_Recap.csv:481,1
ny-2026-06-23-house-09-regular-democratic,2026,2026-06-23,primary,NY,House,09,regular,partisan_primary,Democratic,SIMORE ROKEACH,nyc-2026-06-23-09-democratic-482-simore-rokeach,,True,2,nyc-2026-cd09-dem,https://www.vote.nyc/sites/default/files/pdf/election_results/2026/20260623Primary%20Election/01301600009Kings%20Democratic%20Representative%20in%20Congress%209th%20Congressional%20District%20Recap.csv,fc6d4ddff39bcc5d006343fb84f1e2d0fb886ff8985ac1e1592e29f50e48afa2,nyc-2026-01301600009Kings_Democratic_Representative_in_Congress_9th_Congressional_District_Recap.csv:482,1
ny-2026-06-23-house-09-regular-democratic,2026,2026-06-23,primary,NY,House,09,regular,partisan_primary,Democratic,SOL REIGER,nyc-2026-06-23-09-democratic-483-sol-reiger,,True,1,nyc-2026-cd09-dem,https://www.vote.nyc/sites/default/files/pdf/election_results/2026/20260623Primary%20Election/01301600009Kings%20Democratic%20Representative%20in%20Congress%209th%20Congressional%20District%20Recap.csv,fc6d4ddff39bcc5d006343fb84f1e2d0fb886ff8985ac1e1592e29f50e48afa2,nyc-2026-01301600009Kings_Democratic_Representative_in_Congress_9th_Congressional_District_Recap.csv:483,1
ny-2026-06-23-house-09-regular-democratic,2026,2026-06-23,primary,NY,House,09,regular,partisan_primary,Democratic,TEMMY SEIDENFELD,nyc-2026-06-23-09-democratic-484-temmy-seidenfeld,,True,1,nyc-2026-cd09-dem,https://www.vote.nyc/sites/default/files/pdf/election_results/2026/20260623Primary%20Election/01301600009Kings%20Democratic%20Representative%20in%20Congress%209th%20Congressional%20District%20Recap.csv,fc6d4ddff39bcc5d006343fb84f1e2d0fb886ff8985ac1e1592e29f50e48afa2,nyc-2026-01301600009Kings_Democratic_Representative_in_Congress_9th_Congressional_District_Recap.csv:484,1
ny-2026-06-23-house-09-regular-democratic,2026,2026-06-23,primary,NY,House,09,regular,partisan_primary,Democratic,TOM JOHN,nyc-2026-06-23-09-democratic-485-tom-john,,True,1,nyc-2026-cd09-dem,https://www.vote.nyc/sites/default/files/pdf/election_results/2026/20260623Primary%20Election/01301600009Kings%20Democratic%20Representative%20in%20Congress%209th%20Congressional%20District%20Recap.csv,fc6d4ddff39bcc5d006343fb84f1e2d0fb886ff8985ac1e1592e29f50e48afa2,nyc-2026-01301600009Kings_Democratic_Representative_in_Congress_9th_Congressional_District_Recap.csv:485,1
ny-2026-06-23-house-09-regular-democratic,2026,2026-06-23,primary,NY,House,09,regular,partisan_primary,Democratic,TYSHAYAE COLEMAN,nyc-2026-06-23-09-democratic-486-tyshayae-coleman,,True,1,nyc-2026-cd09-dem,https://www.vote.nyc/sites/default/files/pdf/election_results/2026/20260623Primary%20Election/01301600009Kings%20Democratic%20Representative%20in%20Congress%209th%20Congressional%20District%20Recap.csv,fc6d4ddff39bcc5d006343fb84f1e2d0fb886ff8985ac1e1592e29f50e48afa2,nyc-2026-01301600009Kings_Democratic_Representative_in_Congress_9th_Congressional_District_Recap.csv:486,1
ny-2026-06-23-house-09-regular-democratic,2026,2026-06-23,primary,NY,House,09,regular,partisan_primary,Democratic,TZVI HEIMLICH,nyc-2026-06-23-09-democratic-487-tzvi-heimlich,,True,1,nyc-2026-cd09-dem,https://www.vote.nyc/sites/default/files/pdf/election_results/2026/20260623Primary%20Election/01301600009Kings%20Democratic%20Representative%20in%20Congress%209th%20Congressional%20District%20Recap.csv,fc6d4ddff39bcc5d006343fb84f1e2d0fb886ff8985ac1e1592e29f50e48afa2,nyc-2026-01301600009Kings_Democratic_Representative_in_Congress_9th_Congressional_District_Recap.csv:487,1
ny-2026-06-23-house-09-regular-democratic,2026,2026-06-23,primary,NY,House,09,regular,partisan_primary,Democratic,UNA CLARKE,nyc-2026-06-23-09-democratic-488-una-clarke,,True,1,nyc-2026-cd09-dem,https://www.vote.nyc/sites/default/files/pdf/election_results/2026/20260623Primary%20Election/01301600009Kings%20Democratic%20Representative%20in%20Congress%209th%20Congressional%20District%20Recap.csv,fc6d4ddff39bcc5d006343fb84f1e2d0fb886ff8985ac1e1592e29f50e48afa2,nyc-2026-01301600009Kings_Democratic_Representative_in_Congress_9th_Congressional_District_Recap.csv:488,1
ny-2026-06-23-house-09-regular-democratic,2026,2026-06-23,primary,NY,House,09,regular,partisan_primary,Democratic,UNATTRIBUTABLE WRITE-IN,nyc-2026-06-23-09-democratic-489-unattributable-write-in,,True,112,nyc-2026-cd09-dem,https://www.vote.nyc/sites/default/files/pdf/election_results/2026/20260623Primary%20Election/01301600009Kings%20Democratic%20Representative%20in%20Congress%209th%20Congressional%20District%20Recap.csv,fc6d4ddff39bcc5d006343fb84f1e2d0fb886ff8985ac1e1592e29f50e48afa2,nyc-2026-01301600009Kings_Democratic_Representative_in_Congress_9th_Congressional_District_Recap.csv:489,1
ny-2026-06-23-house-09-regular-democratic,2026,2026-06-23,primary,NY,House,09,regular,partisan_primary,Democratic,USHER ABOWITZ,nyc-2026-06-23-09-democratic-490-usher-abowitz,,True,1,nyc-2026-cd09-dem,https://www.vote.nyc/sites/default/files/pdf/election_results/2026/20260623Primary%20Election/01301600009Kings%20Democratic%20Representative%20in%20Congress%209th%20Congressional%20District%20Recap.csv,fc6d4ddff39bcc5d006343fb84f1e2d0fb886ff8985ac1e1592e29f50e48afa2,nyc-2026-01301600009Kings_Democratic_Representative_in_Congress_9th_Congressional_District_Recap.csv:490,1
ny-2026-06-23-house-09-regular-democratic,2026,2026-06-23,primary,NY,House,09,regular,partisan_primary,Democratic,VAN GOLDMAN,nyc-2026-06-23-09-democratic-491-van-goldman,,True,1,nyc-2026-cd09-dem,https://www.vote.nyc/sites/default/files/pdf/election_results/2026/20260623Primary%20Election/01301600009Kings%20Democratic%20Representative%20in%20Congress%209th%20Congressional%20District%20Recap.csv,fc6d4ddff39bcc5d006343fb84f1e2d0fb886ff8985ac1e1592e29f50e48afa2,nyc-2026-01301600009Kings_Democratic_Representative_in_Congress_9th_Congressional_District_Recap.csv:491,1
ny-2026-06-23-house-09-regular-democratic,2026,2026-06-23,primary,NY,House,09,regular,partisan_primary,Democratic,YAAKOV BEHRMAN,nyc-2026-06-23-09-democratic-492-yaakov-behrman,,True,1,nyc-2026-cd09-dem,https://www.vote.nyc/sites/default/files/pdf/election_results/2026/20260623Primary%20Election/01301600009Kings%20Democratic%20Representative%20in%20Congress%209th%20Congressional%20District%20Recap.csv,fc6d4ddff39bcc5d006343fb84f1e2d0fb886ff8985ac1e1592e29f50e48afa2,nyc-2026-01301600009Kings_Democratic_Representative_in_Congress_9th_Congressional_District_Recap.csv:492,1
ny-2026-06-23-house-09-regular-democratic,2026,2026-06-23,primary,NY,House,09,regular,partisan_primary,Democratic,YATES WONG,nyc-2026-06-23-09-democratic-493-yates-wong,,True,1,nyc-2026-cd09-dem,https://www.vote.nyc/sites/default/files/pdf/election_results/2026/20260623Primary%20Election/01301600009Kings%20Democratic%20Representative%20in%20Congress%209th%20Congressional%20District%20Recap.csv,fc6d4ddff39bcc5d006343fb84f1e2d0fb886ff8985ac1e1592e29f50e48afa2,nyc-2026-01301600009Kings_Democratic_Representative_in_Congress_9th_Congressional_District_Recap.csv:493,1
ny-2026-06-23-house-09-regular-democratic,2026,2026-06-23,primary,NY,House,09,regular,partisan_primary,Democratic,YECHIEL HADASAH,nyc-2026-06-23-09-democratic-494-yechiel-hadasah,,True,1,nyc-2026-cd09-dem,https://www.vote.nyc/sites/default/files/pdf/election_results/2026/20260623Primary%20Election/01301600009Kings%20Democratic%20Representative%20in%20Congress%209th%20Congressional%20District%20Recap.csv,fc6d4ddff39bcc5d006343fb84f1e2d0fb886ff8985ac1e1592e29f50e48afa2,nyc-2026-01301600009Kings_Democratic_Representative_in_Congress_9th_Congressional_District_Recap.csv:494,1
ny-2026-06-23-house-09-regular-democratic,2026,2026-06-23,primary,NY,House,09,regular,partisan_primary,Democratic,YEMUCHAN KLEIN,nyc-2026-06-23-09-democratic-495-yemuchan-klein,,True,1,nyc-2026-cd09-dem,https://www.vote.nyc/sites/default/files/pdf/election_results/2026/20260623Primary%20Election/01301600009Kings%20Democratic%20Representative%20in%20Congress%209th%20Congressional%20District%20Recap.csv,fc6d4ddff39bcc5d006343fb84f1e2d0fb886ff8985ac1e1592e29f50e48afa2,nyc-2026-01301600009Kings_Democratic_Representative_in_Congress_9th_Congressional_District_Recap.csv:495,1
ny-2026-06-23-house-09-regular-democratic,2026,2026-06-23,primary,NY,House,09,regular,partisan_primary,Democratic,YESHATAOU BEN-ARI,nyc-2026-06-23-09-democratic-496-yeshataou-ben-ari,,True,1,nyc-2026-cd09-dem,https://www.vote.nyc/sites/default/files/pdf/election_results/2026/20260623Primary%20Election/01301600009Kings%20Democratic%20Representative%20in%20Congress%209th%20Congressional%20District%20Recap.csv,fc6d4ddff39bcc5d006343fb84f1e2d0fb886ff8985ac1e1592e29f50e48afa2,nyc-2026-01301600009Kings_Democratic_Representative_in_Congress_9th_Congressional_District_Recap.csv:496,1
ny-2026-06-23-house-09-regular-democratic,2026,2026-06-23,primary,NY,House,09,regular,partisan_primary,Democratic,YISREAL SCHWARTZ,nyc-2026-06-23-09-democratic-497-yisreal-schwartz,,True,2,nyc-2026-cd09-dem,https://www.vote.nyc/sites/default/files/pdf/election_results/2026/20260623Primary%20Election/01301600009Kings%20Democratic%20Representative%20in%20Congress%209th%20Congressional%20District%20Recap.csv,fc6d4ddff39bcc5d006343fb84f1e2d0fb886ff8985ac1e1592e29f50e48afa2,nyc-2026-01301600009Kings_Democratic_Representative_in_Congress_9th_Congressional_District_Recap.csv:497,1
ny-2026-06-23-house-09-regular-democratic,2026,2026-06-23,primary,NY,House,09,regular,partisan_primary,Democratic,YITZCHOK HAGLE,nyc-2026-06-23-09-democratic-498-yitzchok-hagle,,True,1,nyc-2026-cd09-dem,https://www.vote.nyc/sites/default/files/pdf/election_results/2026/20260623Primary%20Election/01301600009Kings%20Democratic%20Representative%20in%20Congress%209th%20Congressional%20District%20Recap.csv,fc6d4ddff39bcc5d006343fb84f1e2d0fb886ff8985ac1e1592e29f50e48afa2,nyc-2026-01301600009Kings_Democratic_Representative_in_Congress_9th_Congressional_District_Recap.csv:498,1
ny-2026-06-23-house-09-regular-democratic,2026,2026-06-23,primary,NY,House,09,regular,partisan_primary,Democratic,YOSSI GESTETNER,nyc-2026-06-23-09-democratic-499-yossi-gestetner,,True,1,nyc-2026-cd09-dem,https://www.vote.nyc/sites/default/files/pdf/election_results/2026/20260623Primary%20Election/01301600009Kings%20Democratic%20Representative%20in%20Congress%209th%20Congressional%20District%20Recap.csv,fc6d4ddff39bcc5d006343fb84f1e2d0fb886ff8985ac1e1592e29f50e48afa2,nyc-2026-01301600009Kings_Democratic_Representative_in_Congress_9th_Congressional_District_Recap.csv:499,1
ny-2026-06-23-house-09-regular-democratic,2026,2026-06-23,primary,NY,House,09,regular,partisan_primary,Democratic,YOSSI REINER,nyc-2026-06-23-09-democratic-500-yossi-reiner,,True,1,nyc-2026-cd09-dem,https://www.vote.nyc/sites/default/files/pdf/election_results/2026/20260623Primary%20Election/01301600009Kings%20Democratic%20Representative%20in%20Congress%209th%20Congressional%20District%20Recap.csv,fc6d4ddff39bcc5d006343fb84f1e2d0fb886ff8985ac1e1592e29f50e48afa2,nyc-2026-01301600009Kings_Democratic_Representative_in_Congress_9th_Congressional_District_Recap.csv:500,1
ny-2026-06-23-house-09-regular-democratic,2026,2026-06-23,primary,NY,House,09,regular,partisan_primary,Democratic,Yvette D. Clarke,nyc-2026-06-23-09-democratic-330-yvette-d-clarke,Democratic,False,30723,nyc-2026-cd09-dem,https://www.vote.nyc/sites/default/files/pdf/election_results/2026/20260623Primary%20Election/01301600009Kings%20Democratic%20Representative%20in%20Congress%209th%20Congressional%20District%20Recap.csv,fc6d4ddff39bcc5d006343fb84f1e2d0fb886ff8985ac1e1592e29f50e48afa2,nyc-2026-01301600009Kings_Democratic_Representative_in_Congress_9th_Congressional_District_Recap.csv:330,1
ny-2026-06-23-house-09-regular-democratic,2026,2026-06-23,primary,NY,House,09,regular,partisan_primary,Democratic,ZELLNOR MYRIE,nyc-2026-06-23-09-democratic-501-zellnor-myrie,,True,1,nyc-2026-cd09-dem,https://www.vote.nyc/sites/default/files/pdf/election_results/2026/20260623Primary%20Election/01301600009Kings%20Democratic%20Representative%20in%20Congress%209th%20Congressional%20District%20Recap.csv,fc6d4ddff39bcc5d006343fb84f1e2d0fb886ff8985ac1e1592e29f50e48afa2,nyc-2026-01301600009Kings_Democratic_Representative_in_Congress_9th_Congressional_District_Recap.csv:501,1
ny-2026-06-23-house-09-regular-democratic,2026,2026-06-23,primary,NY,House,09,regular,partisan_primary,Democratic,ZOHRAN KWAME MAMDANI,nyc-2026-06-23-09-democratic-502-zohran-kwame-mamdani,,True,1,nyc-2026-cd09-dem,https://www.vote.nyc/sites/default/files/pdf/election_results/2026/20260623Primary%20Election/01301600009Kings%20Democratic%20Representative%20in%20Congress%209th%20Congressional%20District%20Recap.csv,fc6d4ddff39bcc5d006343fb84f1e2d0fb886ff8985ac1e1592e29f50e48afa2,nyc-2026-01301600009Kings_Democratic_Representative_in_Congress_9th_Congressional_District_Recap.csv:502,1
ny-2026-06-23-house-10-regular-democratic,2026,2026-06-23,primary,NY,House,10,regular,partisan_primary,Democratic,ADRIANO ESPAILLAT,nyc-2026-06-23-10-democratic-98-adriano-espaillat,,True,3,nyc-2026-cd10-dem,https://www.vote.nyc/sites/default/files/pdf/election_results/2026/20260623Primary%20Election/01001600010Crossover%20Democratic%20Representative%20in%20Congress%2010th%20Congressional%20District%20Recap.csv,1761c46e40586474580d8c0878b21b5002db9581c4e8d853ef2590c7adc2c527,nyc-2026-01001600010Crossover_Democratic_Representative_in_Congress_10th_Congressional_District_Recap.csv:98,2
ny-2026-06-23-house-10-regular-democratic,2026,2026-06-23,primary,NY,House,10,regular,partisan_primary,Democratic,AELIANNA BOYER,nyc-2026-06-23-10-democratic-99-aelianna-boyer,,True,1,nyc-2026-cd10-dem,https://www.vote.nyc/sites/default/files/pdf/election_results/2026/20260623Primary%20Election/01001600010Crossover%20Democratic%20Representative%20in%20Congress%2010th%20Congressional%20District%20Recap.csv,1761c46e40586474580d8c0878b21b5002db9581c4e8d853ef2590c7adc2c527,nyc-2026-01001600010Crossover_Democratic_Representative_in_Congress_10th_Congressional_District_Recap.csv:99,2
ny-2026-06-23-house-10-regular-democratic,2026,2026-06-23,primary,NY,House,10,regular,partisan_primary,Democratic,AL OWEN,nyc-2026-06-23-10-democratic-100-al-owen,,True,1,nyc-2026-cd10-dem,https://www.vote.nyc/sites/default/files/pdf/election_results/2026/20260623Primary%20Election/01001600010Crossover%20Democratic%20Representative%20in%20Congress%2010th%20Congressional%20District%20Recap.csv,1761c46e40586474580d8c0878b21b5002db9581c4e8d853ef2590c7adc2c527,nyc-2026-01001600010Crossover_Democratic_Representative_in_Congress_10th_Congressional_District_Recap.csv:100,2
ny-2026-06-23-house-10-regular-democratic,2026,2026-06-23,primary,NY,House,10,regular,partisan_primary,Democratic,ALEX BORES,nyc-2026-06-23-10-democratic-101-alex-bores,,True,1,nyc-2026-cd10-dem,https://www.vote.nyc/sites/default/files/pdf/election_results/2026/20260623Primary%20Election/01001600010Crossover%20Democratic%20Representative%20in%20Congress%2010th%20Congressional%20District%20Recap.csv,1761c46e40586474580d8c0878b21b5002db9581c4e8d853ef2590c7adc2c527,nyc-2026-01001600010Crossover_Democratic_Representative_in_Congress_10th_Congressional_District_Recap.csv:101,2
ny-2026-06-23-house-10-regular-democratic,2026,2026-06-23,primary,NY,House,10,regular,partisan_primary,Democratic,ALEXA AVILES,nyc-2026-06-23-10-democratic-102-alexa-aviles,,True,14,nyc-2026-cd10-dem,https://www.vote.nyc/sites/default/files/pdf/election_results/2026/20260623Primary%20Election/01001600010Crossover%20Democratic%20Representative%20in%20Congress%2010th%20Congressional%20District%20Recap.csv,1761c46e40586474580d8c0878b21b5002db9581c4e8d853ef2590c7adc2c527,nyc-2026-01001600010Crossover_Democratic_Representative_in_Congress_10th_Congressional_District_Recap.csv:102,2
ny-2026-06-23-house-10-regular-democratic,2026,2026-06-23,primary,NY,House,10,regular,partisan_primary,Democratic,ALEXANDRIA OCASIO-CORTEZ,nyc-2026-06-23-10-democratic-103-alexandria-ocasio-cortez,,True,1,nyc-2026-cd10-dem,https://www.vote.nyc/sites/default/files/pdf/election_results/2026/20260623Primary%20Election/01001600010Crossover%20Democratic%20Representative%20in%20Congress%2010th%20Congressional%20District%20Recap.csv,1761c46e40586474580d8c0878b21b5002db9581c4e8d853ef2590c7adc2c527,nyc-2026-01001600010Crossover_Democratic_Representative_in_Congress_10th_Congressional_District_Recap.csv:103,2
ny-2026-06-23-house-10-regular-democratic,2026,2026-06-23,primary,NY,House,10,regular,partisan_primary,Democratic,ANDREW CUOMO,nyc-2026-06-23-10-democratic-104-andrew-cuomo,,True,1,nyc-2026-cd10-dem,https://www.vote.nyc/sites/default/files/pdf/election_results/2026/20260623Primary%20Election/01001600010Crossover%20Democratic%20Representative%20in%20Congress%2010th%20Congressional%20District%20Recap.csv,1761c46e40586474580d8c0878b21b5002db9581c4e8d853ef2590c7adc2c527,nyc-2026-01001600010Crossover_Democratic_Representative_in_Congress_10th_Congressional_District_Recap.csv:104,2
ny-2026-06-23-house-10-regular-democratic,2026,2026-06-23,primary,NY,House,10,regular,partisan_primary,Democratic,ANDREW YANG,nyc-2026-06-23-10-democratic-105-andrew-yang,,True,1,nyc-2026-cd10-dem,https://www.vote.nyc/sites/default/files/pdf/election_results/2026/20260623Primary%20Election/01001600010Crossover%20Democratic%20Representative%20in%20Congress%2010th%20Congressional%20District%20Recap.csv,1761c46e40586474580d8c0878b21b5002db9581c4e8d853ef2590c7adc2c527,nyc-2026-01001600010Crossover_Democratic_Representative_in_Congress_10th_Congressional_District_Recap.csv:105,2
ny-2026-06-23-house-10-regular-democratic,2026,2026-06-23,primary,NY,House,10,regular,partisan_primary,Democratic,ANTHONY WEINER,nyc-2026-06-23-10-democratic-106-anthony-weiner,,True,1,nyc-2026-cd10-dem,https://www.vote.nyc/sites/default/files/pdf/election_results/2026/20260623Primary%20Election/01001600010Crossover%20Democratic%20Representative%20in%20Congress%2010th%20Congressional%20District%20Recap.csv,1761c46e40586474580d8c0878b21b5002db9581c4e8d853ef2590c7adc2c527,nyc-2026-01001600010Crossover_Democratic_Representative_in_Congress_10th_Congressional_District_Recap.csv:106,2
ny-2026-06-23-house-10-regular-democratic,2026,2026-06-23,primary,NY,House,10,regular,partisan_primary,Democratic,ANTONIO REYNOSO,nyc-2026-06-23-10-democratic-107-antonio-reynoso,,True,5,nyc-2026-cd10-dem,https://www.vote.nyc/sites/default/files/pdf/election_results/2026/20260623Primary%20Election/01001600010Crossover%20Democratic%20Representative%20in%20Congress%2010th%20Congressional%20District%20Recap.csv,1761c46e40586474580d8c0878b21b5002db9581c4e8d853ef2590c7adc2c527,nyc-2026-01001600010Crossover_Democratic_Representative_in_Congress_10th_Congressional_District_Recap.csv:107,2
ny-2026-06-23-house-10-regular-democratic,2026,2026-06-23,primary,NY,House,10,regular,partisan_primary,Democratic,BELLE FLANEGAR,nyc-2026-06-23-10-democratic-108-belle-flanegar,,True,1,nyc-2026-cd10-dem,https://www.vote.nyc/sites/default/files/pdf/election_results/2026/20260623Primary%20Election/01001600010Crossover%20Democratic%20Representative%20in%20Congress%2010th%20Congressional%20District%20Recap.csv,1761c46e40586474580d8c0878b21b5002db9581c4e8d853ef2590c7adc2c527,nyc-2026-01001600010Crossover_Democratic_Representative_in_Congress_10th_Congressional_District_Recap.csv:108,2
ny-2026-06-23-house-10-regular-democratic,2026,2026-06-23,primary,NY,House,10,regular,partisan_primary,Democratic,BENJAMIN NETENYAHU,nyc-2026-06-23-10-democratic-109-benjamin-netenyahu,,True,1,nyc-2026-cd10-dem,https://www.vote.nyc/sites/default/files/pdf/election_results/2026/20260623Primary%20Election/01001600010Crossover%20Democratic%20Representative%20in%20Congress%2010th%20Congressional%20District%20Recap.csv,1761c46e40586474580d8c0878b21b5002db9581c4e8d853ef2590c7adc2c527,nyc-2026-01001600010Crossover_Democratic_Representative_in_Congress_10th_Congressional_District_Recap.csv:109,2
ny-2026-06-23-house-10-regular-democratic,2026,2026-06-23,primary,NY,House,10,regular,partisan_primary,Democratic,BRETT THOMASON,nyc-2026-06-23-10-democratic-110-brett-thomason,,True,1,nyc-2026-cd10-dem,https://www.vote.nyc/sites/default/files/pdf/election_results/2026/20260623Primary%20Election/01001600010Crossover%20Democratic%20Representative%20in%20Congress%2010th%20Congressional%20District%20Recap.csv,1761c46e40586474580d8c0878b21b5002db9581c4e8d853ef2590c7adc2c527,nyc-2026-01001600010Crossover_Democratic_Representative_in_Congress_10th_Congressional_District_Recap.csv:110,2
ny-2026-06-23-house-10-regular-democratic,2026,2026-06-23,primary,NY,House,10,regular,partisan_primary,Democratic,BRIAN IAN SMITH,nyc-2026-06-23-10-democratic-111-brian-ian-smith,,True,1,nyc-2026-cd10-dem,https://www.vote.nyc/sites/default/files/pdf/election_results/2026/20260623Primary%20Election/01001600010Crossover%20Democratic%20Representative%20in%20Congress%2010th%20Congressional%20District%20Recap.csv,1761c46e40586474580d8c0878b21b5002db9581c4e8d853ef2590c7adc2c527,nyc-2026-01001600010Crossover_Democratic_Representative_in_Congress_10th_Congressional_District_Recap.csv:111,2
ny-2026-06-23-house-10-regular-democratic,2026,2026-06-23,primary,NY,House,10,regular,partisan_primary,Democratic,Brad Lander,nyc-2026-06-23-10-democratic-97-brad-lander,Democratic,False,58047,nyc-2026-cd10-dem,https://www.vote.nyc/sites/default/files/pdf/election_results/2026/20260623Primary%20Election/01001600010Crossover%20Democratic%20Representative%20in%20Congress%2010th%20Congressional%20District%20Recap.csv,1761c46e40586474580d8c0878b21b5002db9581c4e8d853ef2590c7adc2c527,nyc-2026-01001600010Crossover_Democratic_Representative_in_Congress_10th_Congressional_District_Recap.csv:97,2
ny-2026-06-23-house-10-regular-democratic,2026,2026-06-23,primary,NY,House,10,regular,partisan_primary,Democratic,CAMERON KASKY,nyc-2026-06-23-10-democratic-112-cameron-kasky,,True,1,nyc-2026-cd10-dem,https://www.vote.nyc/sites/default/files/pdf/election_results/2026/20260623Primary%20Election/01001600010Crossover%20Democratic%20Representative%20in%20Congress%2010th%20Congressional%20District%20Recap.csv,1761c46e40586474580d8c0878b21b5002db9581c4e8d853ef2590c7adc2c527,nyc-2026-01001600010Crossover_Democratic_Representative_in_Congress_10th_Congressional_District_Recap.csv:112,2
ny-2026-06-23-house-10-regular-democratic,2026,2026-06-23,primary,NY,House,10,regular,partisan_primary,Democratic,CLAIRE VALDEZ,nyc-2026-06-23-10-democratic-113-claire-valdez,,True,5,nyc-2026-cd10-dem,https://www.vote.nyc/sites/default/files/pdf/election_results/2026/20260623Primary%20Election/01001600010Crossover%20Democratic%20Representative%20in%20Congress%2010th%20Congressional%20District%20Recap.csv,1761c46e40586474580d8c0878b21b5002db9581c4e8d853ef2590c7adc2c527,nyc-2026-01001600010Crossover_Democratic_Representative_in_Congress_10th_Congressional_District_Recap.csv:113,2
ny-2026-06-23-house-10-regular-democratic,2026,2026-06-23,primary,NY,House,10,regular,partisan_primary,Democratic,DANIEL WAI,nyc-2026-06-23-10-democratic-114-daniel-wai,,True,1,nyc-2026-cd10-dem,https://www.vote.nyc/sites/default/files/pdf/election_results/2026/20260623Primary%20Election/01001600010Crossover%20Democratic%20Representative%20in%20Congress%2010th%20Congressional%20District%20Recap.csv,1761c46e40586474580d8c0878b21b5002db9581c4e8d853ef2590c7adc2c527,nyc-2026-01001600010Crossover_Democratic_Representative_in_Congress_10th_Congressional_District_Recap.csv:114,2
ny-2026-06-23-house-10-regular-democratic,2026,2026-06-23,primary,NY,House,10,regular,partisan_primary,Democratic,DANIELA DIMEGLIO,nyc-2026-06-23-10-democratic-115-daniela-dimeglio,,True,1,nyc-2026-cd10-dem,https://www.vote.nyc/sites/default/files/pdf/election_results/2026/20260623Primary%20Election/01001600010Crossover%20Democratic%20Representative%20in%20Congress%2010th%20Congressional%20District%20Recap.csv,1761c46e40586474580d8c0878b21b5002db9581c4e8d853ef2590c7adc2c527,nyc-2026-01001600010Crossover_Democratic_Representative_in_Congress_10th_Congressional_District_Recap.csv:115,2
ny-2026-06-23-house-10-regular-democratic,2026,2026-06-23,primary,NY,House,10,regular,partisan_primary,Democratic,DARIALIZA AVILA CHEVALIER,nyc-2026-06-23-10-democratic-116-darializa-avila-chevalier,,True,1,nyc-2026-cd10-dem,https://www.vote.nyc/sites/default/files/pdf/election_results/2026/20260623Primary%20Election/01001600010Crossover%20Democratic%20Representative%20in%20Congress%2010th%20Congressional%20District%20Recap.csv,1761c46e40586474580d8c0878b21b5002db9581c4e8d853ef2590c7adc2c527,nyc-2026-01001600010Crossover_Democratic_Representative_in_Congress_10th_Congressional_District_Recap.csv:116,2
ny-2026-06-23-house-10-regular-democratic,2026,2026-06-23,primary,NY,House,10,regular,partisan_primary,Democratic,DONALD J. TRUMP,nyc-2026-06-23-10-democratic-117-donald-j-trump,,True,5,nyc-2026-cd10-dem,https://www.vote.nyc/sites/default/files/pdf/election_results/2026/20260623Primary%20Election/01001600010Crossover%20Democratic%20Representative%20in%20Congress%2010th%20Congressional%20District%20Recap.csv,1761c46e40586474580d8c0878b21b5002db9581c4e8d853ef2590c7adc2c527,nyc-2026-01001600010Crossover_Democratic_Representative_in_Congress_10th_Congressional_District_Recap.csv:117,2
ny-2026-06-23-house-10-regular-democratic,2026,2026-06-23,primary,NY,House,10,regular,partisan_primary,Democratic,Dan Goldman,nyc-2026-06-23-10-democratic-96-dan-goldman,Democratic,False,29781,nyc-2026-cd10-dem,https://www.vote.nyc/sites/default/files/pdf/election_results/2026/20260623Primary%20Election/01001600010Crossover%20Democratic%20Representative%20in%20Congress%2010th%20Congressional%20District%20Recap.csv,1761c46e40586474580d8c0878b21b5002db9581c4e8d853ef2590c7adc2c527,nyc-2026-01001600010Crossover_Democratic_Representative_in_Congress_10th_Congressional_District_Recap.csv:96,2
ny-2026-06-23-house-10-regular-democratic,2026,2026-06-23,primary,NY,House,10,regular,partisan_primary,Democratic,ELI GOTTEHRER,nyc-2026-06-23-10-democratic-118-eli-gottehrer,,True,1,nyc-2026-cd10-dem,https://www.vote.nyc/sites/default/files/pdf/election_results/2026/20260623Primary%20Election/01001600010Crossover%20Democratic%20Representative%20in%20Congress%2010th%20Congressional%20District%20Recap.csv,1761c46e40586474580d8c0878b21b5002db9581c4e8d853ef2590c7adc2c527,nyc-2026-01001600010Crossover_Democratic_Representative_in_Congress_10th_Congressional_District_Recap.csv:118,2
ny-2026-06-23-house-10-regular-democratic,2026,2026-06-23,primary,NY,House,10,regular,partisan_primary,Democratic,ERIC GONZALEZ,nyc-2026-06-23-10-democratic-119-eric-gonzalez,,True,1,nyc-2026-cd10-dem,https://www.vote.nyc/sites/default/files/pdf/election_results/2026/20260623Primary%20Election/01001600010Crossover%20Democratic%20Representative%20in%20Congress%2010th%20Congressional%20District%20Recap.csv,1761c46e40586474580d8c0878b21b5002db9581c4e8d853ef2590c7adc2c527,nyc-2026-01001600010Crossover_Democratic_Representative_in_Congress_10th_Congressional_District_Recap.csv:119,2
ny-2026-06-23-house-10-regular-democratic,2026,2026-06-23,primary,NY,House,10,regular,partisan_primary,Democratic,ESTEBAN CHAVEZ,nyc-2026-06-23-10-democratic-120-esteban-chavez,,True,1,nyc-2026-cd10-dem,https://www.vote.nyc/sites/default/files/pdf/election_results/2026/20260623Primary%20Election/01001600010Crossover%20Democratic%20Representative%20in%20Congress%2010th%20Congressional%20District%20Recap.csv,1761c46e40586474580d8c0878b21b5002db9581c4e8d853ef2590c7adc2c527,nyc-2026-01001600010Crossover_Democratic_Representative_in_Congress_10th_Congressional_District_Recap.csv:120,2
ny-2026-06-23-house-10-regular-democratic,2026,2026-06-23,primary,NY,House,10,regular,partisan_primary,Democratic,HARRISON HANES,nyc-2026-06-23-10-democratic-121-harrison-hanes,,True,1,nyc-2026-cd10-dem,https://www.vote.nyc/sites/default/files/pdf/election_results/2026/20260623Primary%20Election/01001600010Crossover%20Democratic%20Representative%20in%20Congress%2010th%20Congressional%20District%20Recap.csv,1761c46e40586474580d8c0878b21b5002db9581c4e8d853ef2590c7adc2c527,nyc-2026-01001600010Crossover_Democratic_Representative_in_Congress_10th_Congressional_District_Recap.csv:121,2
ny-2026-06-23-house-10-regular-democratic,2026,2026-06-23,primary,NY,House,10,regular,partisan_primary,Democratic,HAZEL JOHNSON,nyc-2026-06-23-10-democratic-122-hazel-johnson,,True,1,nyc-2026-cd10-dem,https://www.vote.nyc/sites/default/files/pdf/election_results/2026/20260623Primary%20Election/01001600010Crossover%20Democratic%20Representative%20in%20Congress%2010th%20Congressional%20District%20Recap.csv,1761c46e40586474580d8c0878b21b5002db9581c4e8d853ef2590c7adc2c527,nyc-2026-01001600010Crossover_Democratic_Representative_in_Congress_10th_Congressional_District_Recap.csv:122,2
ny-2026-06-23-house-10-regular-democratic,2026,2026-06-23,primary,NY,House,10,regular,partisan_primary,Democratic,HIND RAJAB,nyc-2026-06-23-10-democratic-123-hind-rajab,,True,1,nyc-2026-cd10-dem,https://www.vote.nyc/sites/default/files/pdf/election_results/2026/20260623Primary%20Election/01001600010Crossover%20Democratic%20Representative%20in%20Congress%2010th%20Congressional%20District%20Recap.csv,1761c46e40586474580d8c0878b21b5002db9581c4e8d853ef2590c7adc2c527,nyc-2026-01001600010Crossover_Democratic_Representative_in_Congress_10th_Congressional_District_Recap.csv:123,2
ny-2026-06-23-house-10-regular-democratic,2026,2026-06-23,primary,NY,House,10,regular,partisan_primary,Democratic,IAN COHEN,nyc-2026-06-23-10-democratic-124-ian-cohen,,True,1,nyc-2026-cd10-dem,https://www.vote.nyc/sites/default/files/pdf/election_results/2026/20260623Primary%20Election/01001600010Crossover%20Democratic%20Representative%20in%20Congress%2010th%20Congressional%20District%20Recap.csv,1761c46e40586474580d8c0878b21b5002db9581c4e8d853ef2590c7adc2c527,nyc-2026-01001600010Crossover_Democratic_Representative_in_Congress_10th_Congressional_District_Recap.csv:124,2
ny-2026-06-23-house-10-regular-democratic,2026,2026-06-23,primary,NY,House,10,regular,partisan_primary,Democratic,IGENIE F. HARRIS-BLENMAN,nyc-2026-06-23-10-democratic-125-igenie-f-harris-blenman,,True,2,nyc-2026-cd10-dem,https://www.vote.nyc/sites/default/files/pdf/election_results/2026/20260623Primary%20Election/01001600010Crossover%20Democratic%20Representative%20in%20Congress%2010th%20Congressional%20District%20Recap.csv,1761c46e40586474580d8c0878b21b5002db9581c4e8d853ef2590c7adc2c527,nyc-2026-01001600010Crossover_Democratic_Representative_in_Congress_10th_Congressional_District_Recap.csv:125,2
ny-2026-06-23-house-10-regular-democratic,2026,2026-06-23,primary,NY,House,10,regular,partisan_primary,Democratic,INNA KATZNELSON,nyc-2026-06-23-10-democratic-126-inna-katznelson,,True,1,nyc-2026-cd10-dem,https://www.vote.nyc/sites/default/files/pdf/election_results/2026/20260623Primary%20Election/01001600010Crossover%20Democratic%20Representative%20in%20Congress%2010th%20Congressional%20District%20Recap.csv,1761c46e40586474580d8c0878b21b5002db9581c4e8d853ef2590c7adc2c527,nyc-2026-01001600010Crossover_Democratic_Representative_in_Congress_10th_Congressional_District_Recap.csv:126,2
ny-2026-06-23-house-10-regular-democratic,2026,2026-06-23,primary,NY,House,10,regular,partisan_primary,Democratic,JALEN BRUNSON,nyc-2026-06-23-10-democratic-127-jalen-brunson,,True,4,nyc-2026-cd10-dem,https://www.vote.nyc/sites/default/files/pdf/election_results/2026/20260623Primary%20Election/01001600010Crossover%20Democratic%20Representative%20in%20Congress%2010th%20Congressional%20District%20Recap.csv,1761c46e40586474580d8c0878b21b5002db9581c4e8d853ef2590c7adc2c527,nyc-2026-01001600010Crossover_Democratic_Representative_in_Congress_10th_Congressional_District_Recap.csv:127,2
ny-2026-06-23-house-10-regular-democratic,2026,2026-06-23,primary,NY,House,10,regular,partisan_primary,Democratic,JANICE P. PURVIS,nyc-2026-06-23-10-democratic-128-janice-p-purvis,,True,1,nyc-2026-cd10-dem,https://www.vote.nyc/sites/default/files/pdf/election_results/2026/20260623Primary%20Election/01001600010Crossover%20Democratic%20Representative%20in%20Congress%2010th%20Congressional%20District%20Recap.csv,1761c46e40586474580d8c0878b21b5002db9581c4e8d853ef2590c7adc2c527,nyc-2026-01001600010Crossover_Democratic_Representative_in_Congress_10th_Congressional_District_Recap.csv:128,2
ny-2026-06-23-house-10-regular-democratic,2026,2026-06-23,primary,NY,House,10,regular,partisan_primary,Democratic,JENNIFER GEIGER,nyc-2026-06-23-10-democratic-129-jennifer-geiger,,True,1,nyc-2026-cd10-dem,https://www.vote.nyc/sites/default/files/pdf/election_results/2026/20260623Primary%20Election/01001600010Crossover%20Democratic%20Representative%20in%20Congress%2010th%20Congressional%20District%20Recap.csv,1761c46e40586474580d8c0878b21b5002db9581c4e8d853ef2590c7adc2c527,nyc-2026-01001600010Crossover_Democratic_Representative_in_Congress_10th_Congressional_District_Recap.csv:129,2
ny-2026-06-23-house-10-regular-democratic,2026,2026-06-23,primary,NY,House,10,regular,partisan_primary,Democratic,JOANNE KENNEDY,nyc-2026-06-23-10-democratic-130-joanne-kennedy,,True,1,nyc-2026-cd10-dem,https://www.vote.nyc/sites/default/files/pdf/election_results/2026/20260623Primary%20Election/01001600010Crossover%20Democratic%20Representative%20in%20Congress%2010th%20Congressional%20District%20Recap.csv,1761c46e40586474580d8c0878b21b5002db9581c4e8d853ef2590c7adc2c527,nyc-2026-01001600010Crossover_Democratic_Representative_in_Congress_10th_Congressional_District_Recap.csv:130,2
ny-2026-06-23-house-10-regular-democratic,2026,2026-06-23,primary,NY,House,10,regular,partisan_primary,Democratic,JOHN LEYVA,nyc-2026-06-23-10-democratic-131-john-leyva,,True,1,nyc-2026-cd10-dem,https://www.vote.nyc/sites/default/files/pdf/election_results/2026/20260623Primary%20Election/01001600010Crossover%20Democratic%20Representative%20in%20Congress%2010th%20Congressional%20District%20Recap.csv,1761c46e40586474580d8c0878b21b5002db9581c4e8d853ef2590c7adc2c527,nyc-2026-01001600010Crossover_Democratic_Representative_in_Congress_10th_Congressional_District_Recap.csv:131,2
ny-2026-06-23-house-10-regular-democratic,2026,2026-06-23,primary,NY,House,10,regular,partisan_primary,Democratic,JULIANNE MOORE,nyc-2026-06-23-10-democratic-132-julianne-moore,,True,1,nyc-2026-cd10-dem,https://www.vote.nyc/sites/default/files/pdf/election_results/2026/20260623Primary%20Election/01001600010Crossover%20Democratic%20Representative%20in%20Congress%2010th%20Congressional%20District%20Recap.csv,1761c46e40586474580d8c0878b21b5002db9581c4e8d853ef2590c7adc2c527,nyc-2026-01001600010Crossover_Democratic_Representative_in_Congress_10th_Congressional_District_Recap.csv:132,2
ny-2026-06-23-house-10-regular-democratic,2026,2026-06-23,primary,NY,House,10,regular,partisan_primary,Democratic,JULIE WON,nyc-2026-06-23-10-democratic-133-julie-won,,True,1,nyc-2026-cd10-dem,https://www.vote.nyc/sites/default/files/pdf/election_results/2026/20260623Primary%20Election/01001600010Crossover%20Democratic%20Representative%20in%20Congress%2010th%20Congressional%20District%20Recap.csv,1761c46e40586474580d8c0878b21b5002db9581c4e8d853ef2590c7adc2c527,nyc-2026-01001600010Crossover_Democratic_Representative_in_Congress_10th_Congressional_District_Recap.csv:133,2
ny-2026-06-23-house-10-regular-democratic,2026,2026-06-23,primary,NY,House,10,regular,partisan_primary,Democratic,JUSTIN KREBS,nyc-2026-06-23-10-democratic-134-justin-krebs,,True,1,nyc-2026-cd10-dem,https://www.vote.nyc/sites/default/files/pdf/election_results/2026/20260623Primary%20Election/01001600010Crossover%20Democratic%20Representative%20in%20Congress%2010th%20Congressional%20District%20Recap.csv,1761c46e40586474580d8c0878b21b5002db9581c4e8d853ef2590c7adc2c527,nyc-2026-01001600010Crossover_Democratic_Representative_in_Congress_10th_Congressional_District_Recap.csv:134,2
ny-2026-06-23-house-10-regular-democratic,2026,2026-06-23,primary,NY,House,10,regular,partisan_primary,Democratic,KARL MARX,nyc-2026-06-23-10-democratic-135-karl-marx,,True,1,nyc-2026-cd10-dem,https://www.vote.nyc/sites/default/files/pdf/election_results/2026/20260623Primary%20Election/01001600010Crossover%20Democratic%20Representative%20in%20Congress%2010th%20Congressional%20District%20Recap.csv,1761c46e40586474580d8c0878b21b5002db9581c4e8d853ef2590c7adc2c527,nyc-2026-01001600010Crossover_Democratic_Representative_in_Congress_10th_Congressional_District_Recap.csv:135,2
ny-2026-06-23-house-10-regular-democratic,2026,2026-06-23,primary,NY,House,10,regular,partisan_primary,Democratic,KATHRYN GARCIA,nyc-2026-06-23-10-democratic-136-kathryn-garcia,,True,1,nyc-2026-cd10-dem,https://www.vote.nyc/sites/default/files/pdf/election_results/2026/20260623Primary%20Election/01001600010Crossover%20Democratic%20Representative%20in%20Congress%2010th%20Congressional%20District%20Recap.csv,1761c46e40586474580d8c0878b21b5002db9581c4e8d853ef2590c7adc2c527,nyc-2026-01001600010Crossover_Democratic_Representative_in_Congress_10th_Congressional_District_Recap.csv:136,2
ny-2026-06-23-house-10-regular-democratic,2026,2026-06-23,primary,NY,House,10,regular,partisan_primary,Democratic,KENNETH ADAMS,nyc-2026-06-23-10-democratic-137-kenneth-adams,,True,1,nyc-2026-cd10-dem,https://www.vote.nyc/sites/default/files/pdf/election_results/2026/20260623Primary%20Election/01001600010Crossover%20Democratic%20Representative%20in%20Congress%2010th%20Congressional%20District%20Recap.csv,1761c46e40586474580d8c0878b21b5002db9581c4e8d853ef2590c7adc2c527,nyc-2026-01001600010Crossover_Democratic_Representative_in_Congress_10th_Congressional_District_Recap.csv:137,2
ny-2026-06-23-house-10-regular-democratic,2026,2026-06-23,primary,NY,House,10,regular,partisan_primary,Democratic,KEVIN M. O'DONNELL,nyc-2026-06-23-10-democratic-138-kevin-m-o-donnell,,True,1,nyc-2026-cd10-dem,https://www.vote.nyc/sites/default/files/pdf/election_results/2026/20260623Primary%20Election/01001600010Crossover%20Democratic%20Representative%20in%20Congress%2010th%20Congressional%20District%20Recap.csv,1761c46e40586474580d8c0878b21b5002db9581c4e8d853ef2590c7adc2c527,nyc-2026-01001600010Crossover_Democratic_Representative_in_Congress_10th_Congressional_District_Recap.csv:138,2
ny-2026-06-23-house-10-regular-democratic,2026,2026-06-23,primary,NY,House,10,regular,partisan_primary,Democratic,KRISTINA RAEVSKY,nyc-2026-06-23-10-democratic-139-kristina-raevsky,,True,1,nyc-2026-cd10-dem,https://www.vote.nyc/sites/default/files/pdf/election_results/2026/20260623Primary%20Election/01001600010Crossover%20Democratic%20Representative%20in%20Congress%2010th%20Congressional%20District%20Recap.csv,1761c46e40586474580d8c0878b21b5002db9581c4e8d853ef2590c7adc2c527,nyc-2026-01001600010Crossover_Democratic_Representative_in_Congress_10th_Congressional_District_Recap.csv:139,2
ny-2026-06-23-house-10-regular-democratic,2026,2026-06-23,primary,NY,House,10,regular,partisan_primary,Democratic,LARRY HE,nyc-2026-06-23-10-democratic-140-larry-he,,True,2,nyc-2026-cd10-dem,https://www.vote.nyc/sites/default/files/pdf/election_results/2026/20260623Primary%20Election/01001600010Crossover%20Democratic%20Representative%20in%20Congress%2010th%20Congressional%20District%20Recap.csv,1761c46e40586474580d8c0878b21b5002db9581c4e8d853ef2590c7adc2c527,nyc-2026-01001600010Crossover_Democratic_Representative_in_Congress_10th_Congressional_District_Recap.csv:140,2
ny-2026-06-23-house-10-regular-democratic,2026,2026-06-23,primary,NY,House,10,regular,partisan_primary,Democratic,LILIA TOSON,nyc-2026-06-23-10-democratic-141-lilia-toson,,True,1,nyc-2026-cd10-dem,https://www.vote.nyc/sites/default/files/pdf/election_results/2026/20260623Primary%20Election/01001600010Crossover%20Democratic%20Representative%20in%20Congress%2010th%20Congressional%20District%20Recap.csv,1761c46e40586474580d8c0878b21b5002db9581c4e8d853ef2590c7adc2c527,nyc-2026-01001600010Crossover_Democratic_Representative_in_Congress_10th_Congressional_District_Recap.csv:141,2
ny-2026-06-23-house-10-regular-democratic,2026,2026-06-23,primary,NY,House,10,regular,partisan_primary,Democratic,MARIANA ALBINO,nyc-2026-06-23-10-democratic-142-mariana-albino,,True,1,nyc-2026-cd10-dem,https://www.vote.nyc/sites/default/files/pdf/election_results/2026/20260623Primary%20Election/01001600010Crossover%20Democratic%20Representative%20in%20Congress%2010th%20Congressional%20District%20Recap.csv,1761c46e40586474580d8c0878b21b5002db9581c4e8d853ef2590c7adc2c527,nyc-2026-01001600010Crossover_Democratic_Representative_in_Congress_10th_Congressional_District_Recap.csv:142,2
ny-2026-06-23-house-10-regular-democratic,2026,2026-06-23,primary,NY,House,10,regular,partisan_primary,Democratic,MATTHEW POPKO,nyc-2026-06-23-10-democratic-143-matthew-popko,,True,1,nyc-2026-cd10-dem,https://www.vote.nyc/sites/default/files/pdf/election_results/2026/20260623Primary%20Election/01001600010Crossover%20Democratic%20Representative%20in%20Congress%2010th%20Congressional%20District%20Recap.csv,1761c46e40586474580d8c0878b21b5002db9581c4e8d853ef2590c7adc2c527,nyc-2026-01001600010Crossover_Democratic_Representative_in_Congress_10th_Congressional_District_Recap.csv:143,2
ny-2026-06-23-house-10-regular-democratic,2026,2026-06-23,primary,NY,House,10,regular,partisan_primary,Democratic,MEIR GREEN,nyc-2026-06-23-10-democratic-144-meir-green,,True,1,nyc-2026-cd10-dem,https://www.vote.nyc/sites/default/files/pdf/election_results/2026/20260623Primary%20Election/01001600010Crossover%20Democratic%20Representative%20in%20Congress%2010th%20Congressional%20District%20Recap.csv,1761c46e40586474580d8c0878b21b5002db9581c4e8d853ef2590c7adc2c527,nyc-2026-01001600010Crossover_Democratic_Representative_in_Congress_10th_Congressional_District_Recap.csv:144,2
ny-2026-06-23-house-10-regular-democratic,2026,2026-06-23,primary,NY,House,10,regular,partisan_primary,Democratic,MICHAEL BLOOMBERG,nyc-2026-06-23-10-democratic-145-michael-bloomberg,,True,2,nyc-2026-cd10-dem,https://www.vote.nyc/sites/default/files/pdf/election_results/2026/20260623Primary%20Election/01001600010Crossover%20Democratic%20Representative%20in%20Congress%2010th%20Congressional%20District%20Recap.csv,1761c46e40586474580d8c0878b21b5002db9581c4e8d853ef2590c7adc2c527,nyc-2026-01001600010Crossover_Democratic_Representative_in_Congress_10th_Congressional_District_Recap.csv:145,2
ny-2026-06-23-house-10-regular-democratic,2026,2026-06-23,primary,NY,House,10,regular,partisan_primary,Democratic,MORDECHAI Y SCHWEID,nyc-2026-06-23-10-democratic-146-mordechai-y-schweid,,True,1,nyc-2026-cd10-dem,https://www.vote.nyc/sites/default/files/pdf/election_results/2026/20260623Primary%20Election/01001600010Crossover%20Democratic%20Representative%20in%20Congress%2010th%20Congressional%20District%20Recap.csv,1761c46e40586474580d8c0878b21b5002db9581c4e8d853ef2590c7adc2c527,nyc-2026-01001600010Crossover_Democratic_Representative_in_Congress_10th_Congressional_District_Recap.csv:146,2
ny-2026-06-23-house-10-regular-democratic,2026,2026-06-23,primary,NY,House,10,regular,partisan_primary,Democratic,MOSHE KLEIN,nyc-2026-06-23-10-democratic-147-moshe-klein,,True,1,nyc-2026-cd10-dem,https://www.vote.nyc/sites/default/files/pdf/election_results/2026/20260623Primary%20Election/01001600010Crossover%20Democratic%20Representative%20in%20Congress%2010th%20Congressional%20District%20Recap.csv,1761c46e40586474580d8c0878b21b5002db9581c4e8d853ef2590c7adc2c527,nyc-2026-01001600010Crossover_Democratic_Representative_in_Congress_10th_Congressional_District_Recap.csv:147,2
ny-2026-06-23-house-10-regular-democratic,2026,2026-06-23,primary,NY,House,10,regular,partisan_primary,Democratic,MOSHE STERN,nyc-2026-06-23-10-democratic-148-moshe-stern,,True,1,nyc-2026-cd10-dem,https://www.vote.nyc/sites/default/files/pdf/election_results/2026/20260623Primary%20Election/01001600010Crossover%20Democratic%20Representative%20in%20Congress%2010th%20Congressional%20District%20Recap.csv,1761c46e40586474580d8c0878b21b5002db9581c4e8d853ef2590c7adc2c527,nyc-2026-01001600010Crossover_Democratic_Representative_in_Congress_10th_Congressional_District_Recap.csv:148,2
ny-2026-06-23-house-10-regular-democratic,2026,2026-06-23,primary,NY,House,10,regular,partisan_primary,Democratic,NELSON MENDEZ,nyc-2026-06-23-10-democratic-149-nelson-mendez,,True,1,nyc-2026-cd10-dem,https://www.vote.nyc/sites/default/files/pdf/election_results/2026/20260623Primary%20Election/01001600010Crossover%20Democratic%20Representative%20in%20Congress%2010th%20Congressional%20District%20Recap.csv,1761c46e40586474580d8c0878b21b5002db9581c4e8d853ef2590c7adc2c527,nyc-2026-01001600010Crossover_Democratic_Representative_in_Congress_10th_Congressional_District_Recap.csv:149,2
ny-2026-06-23-house-10-regular-democratic,2026,2026-06-23,primary,NY,House,10,regular,partisan_primary,Democratic,NICKIE KANE,nyc-2026-06-23-10-democratic-150-nickie-kane,,True,3,nyc-2026-cd10-dem,https://www.vote.nyc/sites/default/files/pdf/election_results/2026/20260623Primary%20Election/01001600010Crossover%20Democratic%20Representative%20in%20Congress%2010th%20Congressional%20District%20Recap.csv,1761c46e40586474580d8c0878b21b5002db9581c4e8d853ef2590c7adc2c527,nyc-2026-01001600010Crossover_Democratic_Representative_in_Congress_10th_Congressional_District_Recap.csv:150,2
ny-2026-06-23-house-10-regular-democratic,2026,2026-06-23,primary,NY,House,10,regular,partisan_primary,Democratic,NINA SCHWALBE,nyc-2026-06-23-10-democratic-151-nina-schwalbe,,True,1,nyc-2026-cd10-dem,https://www.vote.nyc/sites/default/files/pdf/election_results/2026/20260623Primary%20Election/01001600010Crossover%20Democratic%20Representative%20in%20Congress%2010th%20Congressional%20District%20Recap.csv,1761c46e40586474580d8c0878b21b5002db9581c4e8d853ef2590c7adc2c527,nyc-2026-01001600010Crossover_Democratic_Representative_in_Congress_10th_Congressional_District_Recap.csv:151,2
ny-2026-06-23-house-10-regular-democratic,2026,2026-06-23,primary,NY,House,10,regular,partisan_primary,Democratic,PATRICK MOYNIHAN,nyc-2026-06-23-10-democratic-152-patrick-moynihan,,True,1,nyc-2026-cd10-dem,https://www.vote.nyc/sites/default/files/pdf/election_results/2026/20260623Primary%20Election/01001600010Crossover%20Democratic%20Representative%20in%20Congress%2010th%20Congressional%20District%20Recap.csv,1761c46e40586474580d8c0878b21b5002db9581c4e8d853ef2590c7adc2c527,nyc-2026-01001600010Crossover_Democratic_Representative_in_Congress_10th_Congressional_District_Recap.csv:152,2
ny-2026-06-23-house-10-regular-democratic,2026,2026-06-23,primary,NY,House,10,regular,partisan_primary,Democratic,PHIL MCDUFFY,nyc-2026-06-23-10-democratic-153-phil-mcduffy,,True,1,nyc-2026-cd10-dem,https://www.vote.nyc/sites/default/files/pdf/election_results/2026/20260623Primary%20Election/01001600010Crossover%20Democratic%20Representative%20in%20Congress%2010th%20Congressional%20District%20Recap.csv,1761c46e40586474580d8c0878b21b5002db9581c4e8d853ef2590c7adc2c527,nyc-2026-01001600010Crossover_Democratic_Representative_in_Congress_10th_Congressional_District_Recap.csv:153,2
ny-2026-06-23-house-10-regular-democratic,2026,2026-06-23,primary,NY,House,10,regular,partisan_primary,Democratic,RACHEL BRAUN,nyc-2026-06-23-10-democratic-154-rachel-braun,,True,1,nyc-2026-cd10-dem,https://www.vote.nyc/sites/default/files/pdf/election_results/2026/20260623Primary%20Election/01001600010Crossover%20Democratic%20Representative%20in%20Congress%2010th%20Congressional%20District%20Recap.csv,1761c46e40586474580d8c0878b21b5002db9581c4e8d853ef2590c7adc2c527,nyc-2026-01001600010Crossover_Democratic_Representative_in_Congress_10th_Congressional_District_Recap.csv:154,2
ny-2026-06-23-house-10-regular-democratic,2026,2026-06-23,primary,NY,House,10,regular,partisan_primary,Democratic,ROBERT F KENNEDY JR,nyc-2026-06-23-10-democratic-155-robert-f-kennedy-jr,,True,1,nyc-2026-cd10-dem,https://www.vote.nyc/sites/default/files/pdf/election_results/2026/20260623Primary%20Election/01001600010Crossover%20Democratic%20Representative%20in%20Congress%2010th%20Congressional%20District%20Recap.csv,1761c46e40586474580d8c0878b21b5002db9581c4e8d853ef2590c7adc2c527,nyc-2026-01001600010Crossover_Democratic_Representative_in_Congress_10th_Congressional_District_Recap.csv:155,2
ny-2026-06-23-house-10-regular-democratic,2026,2026-06-23,primary,NY,House,10,regular,partisan_primary,Democratic,ROBERT ROSE,nyc-2026-06-23-10-democratic-156-robert-rose,,True,1,nyc-2026-cd10-dem,https://www.vote.nyc/sites/default/files/pdf/election_results/2026/20260623Primary%20Election/01001600010Crossover%20Democratic%20Representative%20in%20Congress%2010th%20Congressional%20District%20Recap.csv,1761c46e40586474580d8c0878b21b5002db9581c4e8d853ef2590c7adc2c527,nyc-2026-01001600010Crossover_Democratic_Representative_in_Congress_10th_Congressional_District_Recap.csv:156,2
ny-2026-06-23-house-10-regular-democratic,2026,2026-06-23,primary,NY,House,10,regular,partisan_primary,Democratic,ROY SOLIS,nyc-2026-06-23-10-democratic-157-roy-solis,,True,1,nyc-2026-cd10-dem,https://www.vote.nyc/sites/default/files/pdf/election_results/2026/20260623Primary%20Election/01001600010Crossover%20Democratic%20Representative%20in%20Congress%2010th%20Congressional%20District%20Recap.csv,1761c46e40586474580d8c0878b21b5002db9581c4e8d853ef2590c7adc2c527,nyc-2026-01001600010Crossover_Democratic_Representative_in_Congress_10th_Congressional_District_Recap.csv:157,2
ny-2026-06-23-house-10-regular-democratic,2026,2026-06-23,primary,NY,House,10,regular,partisan_primary,Democratic,SETH ZIMDARS,nyc-2026-06-23-10-democratic-158-seth-zimdars,,True,1,nyc-2026-cd10-dem,https://www.vote.nyc/sites/default/files/pdf/election_results/2026/20260623Primary%20Election/01001600010Crossover%20Democratic%20Representative%20in%20Congress%2010th%20Congressional%20District%20Recap.csv,1761c46e40586474580d8c0878b21b5002db9581c4e8d853ef2590c7adc2c527,nyc-2026-01001600010Crossover_Democratic_Representative_in_Congress_10th_Congressional_District_Recap.csv:158,2
ny-2026-06-23-house-10-regular-democratic,2026,2026-06-23,primary,NY,House,10,regular,partisan_primary,Democratic,SPENCER PRATT,nyc-2026-06-23-10-democratic-159-spencer-pratt,,True,1,nyc-2026-cd10-dem,https://www.vote.nyc/sites/default/files/pdf/election_results/2026/20260623Primary%20Election/01001600010Crossover%20Democratic%20Representative%20in%20Congress%2010th%20Congressional%20District%20Recap.csv,1761c46e40586474580d8c0878b21b5002db9581c4e8d853ef2590c7adc2c527,nyc-2026-01001600010Crossover_Democratic_Representative_in_Congress_10th_Congressional_District_Recap.csv:159,2
ny-2026-06-23-house-10-regular-democratic,2026,2026-06-23,primary,NY,House,10,regular,partisan_primary,Democratic,STEFANI GERMANOTTA,nyc-2026-06-23-10-democratic-160-stefani-germanotta,,True,1,nyc-2026-cd10-dem,https://www.vote.nyc/sites/default/files/pdf/election_results/2026/20260623Primary%20Election/01001600010Crossover%20Democratic%20Representative%20in%20Congress%2010th%20Congressional%20District%20Recap.csv,1761c46e40586474580d8c0878b21b5002db9581c4e8d853ef2590c7adc2c527,nyc-2026-01001600010Crossover_Democratic_Representative_in_Congress_10th_Congressional_District_Recap.csv:160,2
ny-2026-06-23-house-10-regular-democratic,2026,2026-06-23,primary,NY,House,10,regular,partisan_primary,Democratic,TALI FARHADIAN WEINSTEIN,nyc-2026-06-23-10-democratic-161-tali-farhadian-weinstein,,True,1,nyc-2026-cd10-dem,https://www.vote.nyc/sites/default/files/pdf/election_results/2026/20260623Primary%20Election/01001600010Crossover%20Democratic%20Representative%20in%20Congress%2010th%20Congressional%20District%20Recap.csv,1761c46e40586474580d8c0878b21b5002db9581c4e8d853ef2590c7adc2c527,nyc-2026-01001600010Crossover_Democratic_Representative_in_Congress_10th_Congressional_District_Recap.csv:161,2
ny-2026-06-23-house-10-regular-democratic,2026,2026-06-23,primary,NY,House,10,regular,partisan_primary,Democratic,TOM BALLY,nyc-2026-06-23-10-democratic-162-tom-bally,,True,1,nyc-2026-cd10-dem,https://www.vote.nyc/sites/default/files/pdf/election_results/2026/20260623Primary%20Election/01001600010Crossover%20Democratic%20Representative%20in%20Congress%2010th%20Congressional%20District%20Recap.csv,1761c46e40586474580d8c0878b21b5002db9581c4e8d853ef2590c7adc2c527,nyc-2026-01001600010Crossover_Democratic_Representative_in_Congress_10th_Congressional_District_Recap.csv:162,2
ny-2026-06-23-house-10-regular-democratic,2026,2026-06-23,primary,NY,House,10,regular,partisan_primary,Democratic,UNATTRIBUTABLE WRITE-IN,nyc-2026-06-23-10-democratic-163-unattributable-write-in,,True,61,nyc-2026-cd10-dem,https://www.vote.nyc/sites/default/files/pdf/election_results/2026/20260623Primary%20Election/01001600010Crossover%20Democratic%20Representative%20in%20Congress%2010th%20Congressional%20District%20Recap.csv,1761c46e40586474580d8c0878b21b5002db9581c4e8d853ef2590c7adc2c527,nyc-2026-01001600010Crossover_Democratic_Representative_in_Congress_10th_Congressional_District_Recap.csv:163,2
ny-2026-06-23-house-10-regular-democratic,2026,2026-06-23,primary,NY,House,10,regular,partisan_primary,Democratic,WAYNE MOK,nyc-2026-06-23-10-democratic-164-wayne-mok,,True,1,nyc-2026-cd10-dem,https://www.vote.nyc/sites/default/files/pdf/election_results/2026/20260623Primary%20Election/01001600010Crossover%20Democratic%20Representative%20in%20Congress%2010th%20Congressional%20District%20Recap.csv,1761c46e40586474580d8c0878b21b5002db9581c4e8d853ef2590c7adc2c527,nyc-2026-01001600010Crossover_Democratic_Representative_in_Congress_10th_Congressional_District_Recap.csv:164,2
ny-2026-06-23-house-10-regular-democratic,2026,2026-06-23,primary,NY,House,10,regular,partisan_primary,Democratic,YECHESKEL BLAU,nyc-2026-06-23-10-democratic-165-yecheskel-blau,,True,1,nyc-2026-cd10-dem,https://www.vote.nyc/sites/default/files/pdf/election_results/2026/20260623Primary%20Election/01001600010Crossover%20Democratic%20Representative%20in%20Congress%2010th%20Congressional%20District%20Recap.csv,1761c46e40586474580d8c0878b21b5002db9581c4e8d853ef2590c7adc2c527,nyc-2026-01001600010Crossover_Democratic_Representative_in_Congress_10th_Congressional_District_Recap.csv:165,2
ny-2026-06-23-house-10-regular-democratic,2026,2026-06-23,primary,NY,House,10,regular,partisan_primary,Democratic,YUH-LINE NIOU,nyc-2026-06-23-10-democratic-166-yuh-line-niou,,True,1,nyc-2026-cd10-dem,https://www.vote.nyc/sites/default/files/pdf/election_results/2026/20260623Primary%20Election/01001600010Crossover%20Democratic%20Representative%20in%20Congress%2010th%20Congressional%20District%20Recap.csv,1761c46e40586474580d8c0878b21b5002db9581c4e8d853ef2590c7adc2c527,nyc-2026-01001600010Crossover_Democratic_Representative_in_Congress_10th_Congressional_District_Recap.csv:166,2
ny-2026-06-23-house-10-regular-democratic,2026,2026-06-23,primary,NY,House,10,regular,partisan_primary,Democratic,YVETTE D. CLARKE,nyc-2026-06-23-10-democratic-167-yvette-d-clarke,,True,1,nyc-2026-cd10-dem,https://www.vote.nyc/sites/default/files/pdf/election_results/2026/20260623Primary%20Election/01001600010Crossover%20Democratic%20Representative%20in%20Congress%2010th%20Congressional%20District%20Recap.csv,1761c46e40586474580d8c0878b21b5002db9581c4e8d853ef2590c7adc2c527,nyc-2026-01001600010Crossover_Democratic_Representative_in_Congress_10th_Congressional_District_Recap.csv:167,2
ny-2026-06-23-house-11-regular-democratic,2026,2026-06-23,primary,NY,House,11,regular,partisan_primary,Democratic,ADAM GAZA,nyc-2026-06-23-11-democratic-134-adam-gaza,,True,1,nyc-2026-cd11-dem,https://www.vote.nyc/sites/default/files/pdf/election_results/2026/20260623Primary%20Election/01001600011Crossover%20Democratic%20Representative%20in%20Congress%2011th%20Congressional%20District%20Recap.csv,983ee556076abd6c09c5b4ed72f491fc718712502dda0b791f135dd356d3e6ba,nyc-2026-01001600011Crossover_Democratic_Representative_in_Congress_11th_Congressional_District_Recap.csv:134,2
ny-2026-06-23-house-11-regular-democratic,2026,2026-06-23,primary,NY,House,11,regular,partisan_primary,Democratic,ADRIANO ESPAILLAT,nyc-2026-06-23-11-democratic-135-adriano-espaillat,,True,6,nyc-2026-cd11-dem,https://www.vote.nyc/sites/default/files/pdf/election_results/2026/20260623Primary%20Election/01001600011Crossover%20Democratic%20Representative%20in%20Congress%2011th%20Congressional%20District%20Recap.csv,983ee556076abd6c09c5b4ed72f491fc718712502dda0b791f135dd356d3e6ba,nyc-2026-01001600011Crossover_Democratic_Representative_in_Congress_11th_Congressional_District_Recap.csv:135,2
ny-2026-06-23-house-11-regular-democratic,2026,2026-06-23,primary,NY,House,11,regular,partisan_primary,Democratic,ALAN P GALLO,nyc-2026-06-23-11-democratic-136-alan-p-gallo,,True,1,nyc-2026-cd11-dem,https://www.vote.nyc/sites/default/files/pdf/election_results/2026/20260623Primary%20Election/01001600011Crossover%20Democratic%20Representative%20in%20Congress%2011th%20Congressional%20District%20Recap.csv,983ee556076abd6c09c5b4ed72f491fc718712502dda0b791f135dd356d3e6ba,nyc-2026-01001600011Crossover_Democratic_Representative_in_Congress_11th_Congressional_District_Recap.csv:136,2
ny-2026-06-23-house-11-regular-democratic,2026,2026-06-23,primary,NY,House,11,regular,partisan_primary,Democratic,ALEX BORES,nyc-2026-06-23-11-democratic-137-alex-bores,,True,3,nyc-2026-cd11-dem,https://www.vote.nyc/sites/default/files/pdf/election_results/2026/20260623Primary%20Election/01001600011Crossover%20Democratic%20Representative%20in%20Congress%2011th%20Congressional%20District%20Recap.csv,983ee556076abd6c09c5b4ed72f491fc718712502dda0b791f135dd356d3e6ba,nyc-2026-01001600011Crossover_Democratic_Representative_in_Congress_11th_Congressional_District_Recap.csv:137,2
ny-2026-06-23-house-11-regular-democratic,2026,2026-06-23,primary,NY,House,11,regular,partisan_primary,Democratic,ANDREW CUOMO,nyc-2026-06-23-11-democratic-138-andrew-cuomo,,True,1,nyc-2026-cd11-dem,https://www.vote.nyc/sites/default/files/pdf/election_results/2026/20260623Primary%20Election/01001600011Crossover%20Democratic%20Representative%20in%20Congress%2011th%20Congressional%20District%20Recap.csv,983ee556076abd6c09c5b4ed72f491fc718712502dda0b791f135dd356d3e6ba,nyc-2026-01001600011Crossover_Democratic_Representative_in_Congress_11th_Congressional_District_Recap.csv:138,2
ny-2026-06-23-house-11-regular-democratic,2026,2026-06-23,primary,NY,House,11,regular,partisan_primary,Democratic,ANTHONY SAVORA,nyc-2026-06-23-11-democratic-139-anthony-savora,,True,1,nyc-2026-cd11-dem,https://www.vote.nyc/sites/default/files/pdf/election_results/2026/20260623Primary%20Election/01001600011Crossover%20Democratic%20Representative%20in%20Congress%2011th%20Congressional%20District%20Recap.csv,983ee556076abd6c09c5b4ed72f491fc718712502dda0b791f135dd356d3e6ba,nyc-2026-01001600011Crossover_Democratic_Representative_in_Congress_11th_Congressional_District_Recap.csv:139,2
ny-2026-06-23-house-11-regular-democratic,2026,2026-06-23,primary,NY,House,11,regular,partisan_primary,Democratic,Allison Ziogas,nyc-2026-06-23-11-democratic-132-allison-ziogas,Democratic,False,6309,nyc-2026-cd11-dem,https://www.vote.nyc/sites/default/files/pdf/election_results/2026/20260623Primary%20Election/01001600011Crossover%20Democratic%20Representative%20in%20Congress%2011th%20Congressional%20District%20Recap.csv,983ee556076abd6c09c5b4ed72f491fc718712502dda0b791f135dd356d3e6ba,nyc-2026-01001600011Crossover_Democratic_Representative_in_Congress_11th_Congressional_District_Recap.csv:132,2
ny-2026-06-23-house-11-regular-democratic,2026,2026-06-23,primary,NY,House,11,regular,partisan_primary,Democratic,BRAD LANDER,nyc-2026-06-23-11-democratic-140-brad-lander,,True,7,nyc-2026-cd11-dem,https://www.vote.nyc/sites/default/files/pdf/election_results/2026/20260623Primary%20Election/01001600011Crossover%20Democratic%20Representative%20in%20Congress%2011th%20Congressional%20District%20Recap.csv,983ee556076abd6c09c5b4ed72f491fc718712502dda0b791f135dd356d3e6ba,nyc-2026-01001600011Crossover_Democratic_Representative_in_Congress_11th_Congressional_District_Recap.csv:140,2
ny-2026-06-23-house-11-regular-democratic,2026,2026-06-23,primary,NY,House,11,regular,partisan_primary,Democratic,BRIAN MCCARTHY,nyc-2026-06-23-11-democratic-141-brian-mccarthy,,True,1,nyc-2026-cd11-dem,https://www.vote.nyc/sites/default/files/pdf/election_results/2026/20260623Primary%20Election/01001600011Crossover%20Democratic%20Representative%20in%20Congress%2011th%20Congressional%20District%20Recap.csv,983ee556076abd6c09c5b4ed72f491fc718712502dda0b791f135dd356d3e6ba,nyc-2026-01001600011Crossover_Democratic_Representative_in_Congress_11th_Congressional_District_Recap.csv:141,2
ny-2026-06-23-house-11-regular-democratic,2026,2026-06-23,primary,NY,House,11,regular,partisan_primary,Democratic,CARLES MENCHACA,nyc-2026-06-23-11-democratic-142-carles-menchaca,,True,1,nyc-2026-cd11-dem,https://www.vote.nyc/sites/default/files/pdf/election_results/2026/20260623Primary%20Election/01001600011Crossover%20Democratic%20Representative%20in%20Congress%2011th%20Congressional%20District%20Recap.csv,983ee556076abd6c09c5b4ed72f491fc718712502dda0b791f135dd356d3e6ba,nyc-2026-01001600011Crossover_Democratic_Representative_in_Congress_11th_Congressional_District_Recap.csv:142,2
ny-2026-06-23-house-11-regular-democratic,2026,2026-06-23,primary,NY,House,11,regular,partisan_primary,Democratic,CHAIRA KOPOD,nyc-2026-06-23-11-democratic-143-chaira-kopod,,True,1,nyc-2026-cd11-dem,https://www.vote.nyc/sites/default/files/pdf/election_results/2026/20260623Primary%20Election/01001600011Crossover%20Democratic%20Representative%20in%20Congress%2011th%20Congressional%20District%20Recap.csv,983ee556076abd6c09c5b4ed72f491fc718712502dda0b791f135dd356d3e6ba,nyc-2026-01001600011Crossover_Democratic_Representative_in_Congress_11th_Congressional_District_Recap.csv:143,2
ny-2026-06-23-house-11-regular-democratic,2026,2026-06-23,primary,NY,House,11,regular,partisan_primary,Democratic,CHERYL WILLIS,nyc-2026-06-23-11-democratic-144-cheryl-willis,,True,1,nyc-2026-cd11-dem,https://www.vote.nyc/sites/default/files/pdf/election_results/2026/20260623Primary%20Election/01001600011Crossover%20Democratic%20Representative%20in%20Congress%2011th%20Congressional%20District%20Recap.csv,983ee556076abd6c09c5b4ed72f491fc718712502dda0b791f135dd356d3e6ba,nyc-2026-01001600011Crossover_Democratic_Representative_in_Congress_11th_Congressional_District_Recap.csv:144,2
ny-2026-06-23-house-11-regular-democratic,2026,2026-06-23,primary,NY,House,11,regular,partisan_primary,Democratic,CHRISTOPHER DONLAN,nyc-2026-06-23-11-democratic-145-christopher-donlan,,True,1,nyc-2026-cd11-dem,https://www.vote.nyc/sites/default/files/pdf/election_results/2026/20260623Primary%20Election/01001600011Crossover%20Democratic%20Representative%20in%20Congress%2011th%20Congressional%20District%20Recap.csv,983ee556076abd6c09c5b4ed72f491fc718712502dda0b791f135dd356d3e6ba,nyc-2026-01001600011Crossover_Democratic_Representative_in_Congress_11th_Congressional_District_Recap.csv:145,2
ny-2026-06-23-house-11-regular-democratic,2026,2026-06-23,primary,NY,House,11,regular,partisan_primary,Democratic,CHRISTOPHER HUNT,nyc-2026-06-23-11-democratic-146-christopher-hunt,,True,1,nyc-2026-cd11-dem,https://www.vote.nyc/sites/default/files/pdf/election_results/2026/20260623Primary%20Election/01001600011Crossover%20Democratic%20Representative%20in%20Congress%2011th%20Congressional%20District%20Recap.csv,983ee556076abd6c09c5b4ed72f491fc718712502dda0b791f135dd356d3e6ba,nyc-2026-01001600011Crossover_Democratic_Representative_in_Congress_11th_Congressional_District_Recap.csv:146,2
ny-2026-06-23-house-11-regular-democratic,2026,2026-06-23,primary,NY,House,11,regular,partisan_primary,Democratic,CLAIRE VALDEZ,nyc-2026-06-23-11-democratic-147-claire-valdez,,True,4,nyc-2026-cd11-dem,https://www.vote.nyc/sites/default/files/pdf/election_results/2026/20260623Primary%20Election/01001600011Crossover%20Democratic%20Representative%20in%20Congress%2011th%20Congressional%20District%20Recap.csv,983ee556076abd6c09c5b4ed72f491fc718712502dda0b791f135dd356d3e6ba,nyc-2026-01001600011Crossover_Democratic_Representative_in_Congress_11th_Congressional_District_Recap.csv:147,2
ny-2026-06-23-house-11-regular-democratic,2026,2026-06-23,primary,NY,House,11,regular,partisan_primary,Democratic,CLIFFORD HAGEN,nyc-2026-06-23-11-democratic-148-clifford-hagen,,True,1,nyc-2026-cd11-dem,https://www.vote.nyc/sites/default/files/pdf/election_results/2026/20260623Primary%20Election/01001600011Crossover%20Democratic%20Representative%20in%20Congress%2011th%20Congressional%20District%20Recap.csv,983ee556076abd6c09c5b4ed72f491fc718712502dda0b791f135dd356d3e6ba,nyc-2026-01001600011Crossover_Democratic_Representative_in_Congress_11th_Congressional_District_Recap.csv:148,2
ny-2026-06-23-house-11-regular-democratic,2026,2026-06-23,primary,NY,House,11,regular,partisan_primary,Democratic,CLINTON DAGGAN,nyc-2026-06-23-11-democratic-149-clinton-daggan,,True,1,nyc-2026-cd11-dem,https://www.vote.nyc/sites/default/files/pdf/election_results/2026/20260623Primary%20Election/01001600011Crossover%20Democratic%20Representative%20in%20Congress%2011th%20Congressional%20District%20Recap.csv,983ee556076abd6c09c5b4ed72f491fc718712502dda0b791f135dd356d3e6ba,nyc-2026-01001600011Crossover_Democratic_Representative_in_Congress_11th_Congressional_District_Recap.csv:149,2
ny-2026-06-23-house-11-regular-democratic,2026,2026-06-23,primary,NY,House,11,regular,partisan_primary,Democratic,CONNOR FAMOUS,nyc-2026-06-23-11-democratic-150-connor-famous,,True,1,nyc-2026-cd11-dem,https://www.vote.nyc/sites/default/files/pdf/election_results/2026/20260623Primary%20Election/01001600011Crossover%20Democratic%20Representative%20in%20Congress%2011th%20Congressional%20District%20Recap.csv,983ee556076abd6c09c5b4ed72f491fc718712502dda0b791f135dd356d3e6ba,nyc-2026-01001600011Crossover_Democratic_Representative_in_Congress_11th_Congressional_District_Recap.csv:150,2
ny-2026-06-23-house-11-regular-democratic,2026,2026-06-23,primary,NY,House,11,regular,partisan_primary,Democratic,COREY BANKS,nyc-2026-06-23-11-democratic-151-corey-banks,,True,1,nyc-2026-cd11-dem,https://www.vote.nyc/sites/default/files/pdf/election_results/2026/20260623Primary%20Election/01001600011Crossover%20Democratic%20Representative%20in%20Congress%2011th%20Congressional%20District%20Recap.csv,983ee556076abd6c09c5b4ed72f491fc718712502dda0b791f135dd356d3e6ba,nyc-2026-01001600011Crossover_Democratic_Representative_in_Congress_11th_Congressional_District_Recap.csv:151,2
ny-2026-06-23-house-11-regular-democratic,2026,2026-06-23,primary,NY,House,11,regular,partisan_primary,Democratic,COREY BOOKER,nyc-2026-06-23-11-democratic-152-corey-booker,,True,1,nyc-2026-cd11-dem,https://www.vote.nyc/sites/default/files/pdf/election_results/2026/20260623Primary%20Election/01001600011Crossover%20Democratic%20Representative%20in%20Congress%2011th%20Congressional%20District%20Recap.csv,983ee556076abd6c09c5b4ed72f491fc718712502dda0b791f135dd356d3e6ba,nyc-2026-01001600011Crossover_Democratic_Representative_in_Congress_11th_Congressional_District_Recap.csv:152,2
ny-2026-06-23-house-11-regular-democratic,2026,2026-06-23,primary,NY,House,11,regular,partisan_primary,Democratic,DAN GOLDMAN,nyc-2026-06-23-11-democratic-153-dan-goldman,,True,1,nyc-2026-cd11-dem,https://www.vote.nyc/sites/default/files/pdf/election_results/2026/20260623Primary%20Election/01001600011Crossover%20Democratic%20Representative%20in%20Congress%2011th%20Congressional%20District%20Recap.csv,983ee556076abd6c09c5b4ed72f491fc718712502dda0b791f135dd356d3e6ba,nyc-2026-01001600011Crossover_Democratic_Representative_in_Congress_11th_Congressional_District_Recap.csv:153,2
ny-2026-06-23-house-11-regular-democratic,2026,2026-06-23,primary,NY,House,11,regular,partisan_primary,Democratic,DARIALIZA AVILA CHEVALIER,nyc-2026-06-23-11-democratic-154-darializa-avila-chevalier,,True,6,nyc-2026-cd11-dem,https://www.vote.nyc/sites/default/files/pdf/election_results/2026/20260623Primary%20Election/01001600011Crossover%20Democratic%20Representative%20in%20Congress%2011th%20Congressional%20District%20Recap.csv,983ee556076abd6c09c5b4ed72f491fc718712502dda0b791f135dd356d3e6ba,nyc-2026-01001600011Crossover_Democratic_Representative_in_Congress_11th_Congressional_District_Recap.csv:154,2
ny-2026-06-23-house-11-regular-democratic,2026,2026-06-23,primary,NY,House,11,regular,partisan_primary,Democratic,DAVID MATULA,nyc-2026-06-23-11-democratic-155-david-matula,,True,1,nyc-2026-cd11-dem,https://www.vote.nyc/sites/default/files/pdf/election_results/2026/20260623Primary%20Election/01001600011Crossover%20Democratic%20Representative%20in%20Congress%2011th%20Congressional%20District%20Recap.csv,983ee556076abd6c09c5b4ed72f491fc718712502dda0b791f135dd356d3e6ba,nyc-2026-01001600011Crossover_Democratic_Representative_in_Congress_11th_Congressional_District_Recap.csv:155,2
ny-2026-06-23-house-11-regular-democratic,2026,2026-06-23,primary,NY,House,11,regular,partisan_primary,Democratic,DAVON LOMAX,nyc-2026-06-23-11-democratic-156-davon-lomax,,True,1,nyc-2026-cd11-dem,https://www.vote.nyc/sites/default/files/pdf/election_results/2026/20260623Primary%20Election/01001600011Crossover%20Democratic%20Representative%20in%20Congress%2011th%20Congressional%20District%20Recap.csv,983ee556076abd6c09c5b4ed72f491fc718712502dda0b791f135dd356d3e6ba,nyc-2026-01001600011Crossover_Democratic_Representative_in_Congress_11th_Congressional_District_Recap.csv:156,2
ny-2026-06-23-house-11-regular-democratic,2026,2026-06-23,primary,NY,House,11,regular,partisan_primary,Democratic,DIANE J. SAVINO,nyc-2026-06-23-11-democratic-157-diane-j-savino,,True,1,nyc-2026-cd11-dem,https://www.vote.nyc/sites/default/files/pdf/election_results/2026/20260623Primary%20Election/01001600011Crossover%20Democratic%20Representative%20in%20Congress%2011th%20Congressional%20District%20Recap.csv,983ee556076abd6c09c5b4ed72f491fc718712502dda0b791f135dd356d3e6ba,nyc-2026-01001600011Crossover_Democratic_Representative_in_Congress_11th_Congressional_District_Recap.csv:157,2
ny-2026-06-23-house-11-regular-democratic,2026,2026-06-23,primary,NY,House,11,regular,partisan_primary,Democratic,DIANE SAVINO,nyc-2026-06-23-11-democratic-158-diane-savino,,True,1,nyc-2026-cd11-dem,https://www.vote.nyc/sites/default/files/pdf/election_results/2026/20260623Primary%20Election/01001600011Crossover%20Democratic%20Representative%20in%20Congress%2011th%20Congressional%20District%20Recap.csv,983ee556076abd6c09c5b4ed72f491fc718712502dda0b791f135dd356d3e6ba,nyc-2026-01001600011Crossover_Democratic_Representative_in_Congress_11th_Congressional_District_Recap.csv:158,2
ny-2026-06-23-house-11-regular-democratic,2026,2026-06-23,primary,NY,House,11,regular,partisan_primary,Democratic,DONALD J. TRUMP,nyc-2026-06-23-11-democratic-159-donald-j-trump,,True,1,nyc-2026-cd11-dem,https://www.vote.nyc/sites/default/files/pdf/election_results/2026/20260623Primary%20Election/01001600011Crossover%20Democratic%20Representative%20in%20Congress%2011th%20Congressional%20District%20Recap.csv,983ee556076abd6c09c5b4ed72f491fc718712502dda0b791f135dd356d3e6ba,nyc-2026-01001600011Crossover_Democratic_Representative_in_Congress_11th_Congressional_District_Recap.csv:159,2
ny-2026-06-23-house-11-regular-democratic,2026,2026-06-23,primary,NY,House,11,regular,partisan_primary,Democratic,DONNA M. DIGIACOMO,nyc-2026-06-23-11-democratic-160-donna-m-digiacomo,,True,1,nyc-2026-cd11-dem,https://www.vote.nyc/sites/default/files/pdf/election_results/2026/20260623Primary%20Election/01001600011Crossover%20Democratic%20Representative%20in%20Congress%2011th%20Congressional%20District%20Recap.csv,983ee556076abd6c09c5b4ed72f491fc718712502dda0b791f135dd356d3e6ba,nyc-2026-01001600011Crossover_Democratic_Representative_in_Congress_11th_Congressional_District_Recap.csv:160,2
ny-2026-06-23-house-11-regular-democratic,2026,2026-06-23,primary,NY,House,11,regular,partisan_primary,Democratic,ELLEN DOTTS,nyc-2026-06-23-11-democratic-161-ellen-dotts,,True,1,nyc-2026-cd11-dem,https://www.vote.nyc/sites/default/files/pdf/election_results/2026/20260623Primary%20Election/01001600011Crossover%20Democratic%20Representative%20in%20Congress%2011th%20Congressional%20District%20Recap.csv,983ee556076abd6c09c5b4ed72f491fc718712502dda0b791f135dd356d3e6ba,nyc-2026-01001600011Crossover_Democratic_Representative_in_Congress_11th_Congressional_District_Recap.csv:161,2
ny-2026-06-23-house-11-regular-democratic,2026,2026-06-23,primary,NY,House,11,regular,partisan_primary,Democratic,ERCAN NURI AYBASTI,nyc-2026-06-23-11-democratic-162-ercan-nuri-aybasti,,True,1,nyc-2026-cd11-dem,https://www.vote.nyc/sites/default/files/pdf/election_results/2026/20260623Primary%20Election/01001600011Crossover%20Democratic%20Representative%20in%20Congress%2011th%20Congressional%20District%20Recap.csv,983ee556076abd6c09c5b4ed72f491fc718712502dda0b791f135dd356d3e6ba,nyc-2026-01001600011Crossover_Democratic_Representative_in_Congress_11th_Congressional_District_Recap.csv:162,2
ny-2026-06-23-house-11-regular-democratic,2026,2026-06-23,primary,NY,House,11,regular,partisan_primary,Democratic,ERIC B. RICHARDSON,nyc-2026-06-23-11-democratic-163-eric-b-richardson,,True,1,nyc-2026-cd11-dem,https://www.vote.nyc/sites/default/files/pdf/election_results/2026/20260623Primary%20Election/01001600011Crossover%20Democratic%20Representative%20in%20Congress%2011th%20Congressional%20District%20Recap.csv,983ee556076abd6c09c5b4ed72f491fc718712502dda0b791f135dd356d3e6ba,nyc-2026-01001600011Crossover_Democratic_Representative_in_Congress_11th_Congressional_District_Recap.csv:163,2
ny-2026-06-23-house-11-regular-democratic,2026,2026-06-23,primary,NY,House,11,regular,partisan_primary,Democratic,ERIK WOMBEY,nyc-2026-06-23-11-democratic-164-erik-wombey,,True,1,nyc-2026-cd11-dem,https://www.vote.nyc/sites/default/files/pdf/election_results/2026/20260623Primary%20Election/01001600011Crossover%20Democratic%20Representative%20in%20Congress%2011th%20Congressional%20District%20Recap.csv,983ee556076abd6c09c5b4ed72f491fc718712502dda0b791f135dd356d3e6ba,nyc-2026-01001600011Crossover_Democratic_Representative_in_Congress_11th_Congressional_District_Recap.csv:164,2
ny-2026-06-23-house-11-regular-democratic,2026,2026-06-23,primary,NY,House,11,regular,partisan_primary,Democratic,"ERNEST EANS, JR.",nyc-2026-06-23-11-democratic-165-ernest-eans-jr,,True,1,nyc-2026-cd11-dem,https://www.vote.nyc/sites/default/files/pdf/election_results/2026/20260623Primary%20Election/01001600011Crossover%20Democratic%20Representative%20in%20Congress%2011th%20Congressional%20District%20Recap.csv,983ee556076abd6c09c5b4ed72f491fc718712502dda0b791f135dd356d3e6ba,nyc-2026-01001600011Crossover_Democratic_Representative_in_Congress_11th_Congressional_District_Recap.csv:165,2
ny-2026-06-23-house-11-regular-democratic,2026,2026-06-23,primary,NY,House,11,regular,partisan_primary,Democratic,GEORGE CONWAY,nyc-2026-06-23-11-democratic-166-george-conway,,True,3,nyc-2026-cd11-dem,https://www.vote.nyc/sites/default/files/pdf/election_results/2026/20260623Primary%20Election/01001600011Crossover%20Democratic%20Representative%20in%20Congress%2011th%20Congressional%20District%20Recap.csv,983ee556076abd6c09c5b4ed72f491fc718712502dda0b791f135dd356d3e6ba,nyc-2026-01001600011Crossover_Democratic_Representative_in_Congress_11th_Congressional_District_Recap.csv:166,2
ny-2026-06-23-house-11-regular-democratic,2026,2026-06-23,primary,NY,House,11,regular,partisan_primary,Democratic,GRACE MENG,nyc-2026-06-23-11-democratic-167-grace-meng,,True,1,nyc-2026-cd11-dem,https://www.vote.nyc/sites/default/files/pdf/election_results/2026/20260623Primary%20Election/01001600011Crossover%20Democratic%20Representative%20in%20Congress%2011th%20Congressional%20District%20Recap.csv,983ee556076abd6c09c5b4ed72f491fc718712502dda0b791f135dd356d3e6ba,nyc-2026-01001600011Crossover_Democratic_Representative_in_Congress_11th_Congressional_District_Recap.csv:167,2
ny-2026-06-23-house-11-regular-democratic,2026,2026-06-23,primary,NY,House,11,regular,partisan_primary,Democratic,GREGORY ANTHONY FISHER,nyc-2026-06-23-11-democratic-168-gregory-anthony-fisher,,True,1,nyc-2026-cd11-dem,https://www.vote.nyc/sites/default/files/pdf/election_results/2026/20260623Primary%20Election/01001600011Crossover%20Democratic%20Representative%20in%20Congress%2011th%20Congressional%20District%20Recap.csv,983ee556076abd6c09c5b4ed72f491fc718712502dda0b791f135dd356d3e6ba,nyc-2026-01001600011Crossover_Democratic_Representative_in_Congress_11th_Congressional_District_Recap.csv:168,2
ny-2026-06-23-house-11-regular-democratic,2026,2026-06-23,primary,NY,House,11,regular,partisan_primary,Democratic,HALIEY WELCH,nyc-2026-06-23-11-democratic-169-haliey-welch,,True,1,nyc-2026-cd11-dem,https://www.vote.nyc/sites/default/files/pdf/election_results/2026/20260623Primary%20Election/01001600011Crossover%20Democratic%20Representative%20in%20Congress%2011th%20Congressional%20District%20Recap.csv,983ee556076abd6c09c5b4ed72f491fc718712502dda0b791f135dd356d3e6ba,nyc-2026-01001600011Crossover_Democratic_Representative_in_Congress_11th_Congressional_District_Recap.csv:169,2
ny-2026-06-23-house-11-regular-democratic,2026,2026-06-23,primary,NY,House,11,regular,partisan_primary,Democratic,INNA KLEITMAN,nyc-2026-06-23-11-democratic-170-inna-kleitman,,True,1,nyc-2026-cd11-dem,https://www.vote.nyc/sites/default/files/pdf/election_results/2026/20260623Primary%20Election/01001600011Crossover%20Democratic%20Representative%20in%20Congress%2011th%20Congressional%20District%20Recap.csv,983ee556076abd6c09c5b4ed72f491fc718712502dda0b791f135dd356d3e6ba,nyc-2026-01001600011Crossover_Democratic_Representative_in_Congress_11th_Congressional_District_Recap.csv:170,2
ny-2026-06-23-house-11-regular-democratic,2026,2026-06-23,primary,NY,House,11,regular,partisan_primary,Democratic,JACK KENNEDY SCHLOSSBERG,nyc-2026-06-23-11-democratic-171-jack-kennedy-schlossberg,,True,1,nyc-2026-cd11-dem,https://www.vote.nyc/sites/default/files/pdf/election_results/2026/20260623Primary%20Election/01001600011Crossover%20Democratic%20Representative%20in%20Congress%2011th%20Congressional%20District%20Recap.csv,983ee556076abd6c09c5b4ed72f491fc718712502dda0b791f135dd356d3e6ba,nyc-2026-01001600011Crossover_Democratic_Representative_in_Congress_11th_Congressional_District_Recap.csv:171,2
ny-2026-06-23-house-11-regular-democratic,2026,2026-06-23,primary,NY,House,11,regular,partisan_primary,Democratic,JACOB ROSS,nyc-2026-06-23-11-democratic-172-jacob-ross,,True,1,nyc-2026-cd11-dem,https://www.vote.nyc/sites/default/files/pdf/election_results/2026/20260623Primary%20Election/01001600011Crossover%20Democratic%20Representative%20in%20Congress%2011th%20Congressional%20District%20Recap.csv,983ee556076abd6c09c5b4ed72f491fc718712502dda0b791f135dd356d3e6ba,nyc-2026-01001600011Crossover_Democratic_Representative_in_Congress_11th_Congressional_District_Recap.csv:172,2
ny-2026-06-23-house-11-regular-democratic,2026,2026-06-23,primary,NY,House,11,regular,partisan_primary,Democratic,JALEN BRUNSON,nyc-2026-06-23-11-democratic-173-jalen-brunson,,True,1,nyc-2026-cd11-dem,https://www.vote.nyc/sites/default/files/pdf/election_results/2026/20260623Primary%20Election/01001600011Crossover%20Democratic%20Representative%20in%20Congress%2011th%20Congressional%20District%20Recap.csv,983ee556076abd6c09c5b4ed72f491fc718712502dda0b791f135dd356d3e6ba,nyc-2026-01001600011Crossover_Democratic_Representative_in_Congress_11th_Congressional_District_Recap.csv:173,2
ny-2026-06-23-house-11-regular-democratic,2026,2026-06-23,primary,NY,House,11,regular,partisan_primary,Democratic,JAMES LEUNG,nyc-2026-06-23-11-democratic-174-james-leung,,True,1,nyc-2026-cd11-dem,https://www.vote.nyc/sites/default/files/pdf/election_results/2026/20260623Primary%20Election/01001600011Crossover%20Democratic%20Representative%20in%20Congress%2011th%20Congressional%20District%20Recap.csv,983ee556076abd6c09c5b4ed72f491fc718712502dda0b791f135dd356d3e6ba,nyc-2026-01001600011Crossover_Democratic_Representative_in_Congress_11th_Congressional_District_Recap.csv:174,2
ny-2026-06-23-house-11-regular-democratic,2026,2026-06-23,primary,NY,House,11,regular,partisan_primary,Democratic,JASON PRICE,nyc-2026-06-23-11-democratic-175-jason-price,,True,1,nyc-2026-cd11-dem,https://www.vote.nyc/sites/default/files/pdf/election_results/2026/20260623Primary%20Election/01001600011Crossover%20Democratic%20Representative%20in%20Congress%2011th%20Congressional%20District%20Recap.csv,983ee556076abd6c09c5b4ed72f491fc718712502dda0b791f135dd356d3e6ba,nyc-2026-01001600011Crossover_Democratic_Representative_in_Congress_11th_Congressional_District_Recap.csv:175,2
ny-2026-06-23-house-11-regular-democratic,2026,2026-06-23,primary,NY,House,11,regular,partisan_primary,Democratic,JEFF SMITH,nyc-2026-06-23-11-democratic-176-jeff-smith,,True,1,nyc-2026-cd11-dem,https://www.vote.nyc/sites/default/files/pdf/election_results/2026/20260623Primary%20Election/01001600011Crossover%20Democratic%20Representative%20in%20Congress%2011th%20Congressional%20District%20Recap.csv,983ee556076abd6c09c5b4ed72f491fc718712502dda0b791f135dd356d3e6ba,nyc-2026-01001600011Crossover_Democratic_Representative_in_Congress_11th_Congressional_District_Recap.csv:176,2
ny-2026-06-23-house-11-regular-democratic,2026,2026-06-23,primary,NY,House,11,regular,partisan_primary,Democratic,JESSICA SCARCELLA-SPANTON,nyc-2026-06-23-11-democratic-177-jessica-scarcella-spanton,,True,2,nyc-2026-cd11-dem,https://www.vote.nyc/sites/default/files/pdf/election_results/2026/20260623Primary%20Election/01001600011Crossover%20Democratic%20Representative%20in%20Congress%2011th%20Congressional%20District%20Recap.csv,983ee556076abd6c09c5b4ed72f491fc718712502dda0b791f135dd356d3e6ba,nyc-2026-01001600011Crossover_Democratic_Representative_in_Congress_11th_Congressional_District_Recap.csv:177,2
ny-2026-06-23-house-11-regular-democratic,2026,2026-06-23,primary,NY,House,11,regular,partisan_primary,Democratic,JOHN M. SPILLANE,nyc-2026-06-23-11-democratic-178-john-m-spillane,,True,1,nyc-2026-cd11-dem,https://www.vote.nyc/sites/default/files/pdf/election_results/2026/20260623Primary%20Election/01001600011Crossover%20Democratic%20Representative%20in%20Congress%2011th%20Congressional%20District%20Recap.csv,983ee556076abd6c09c5b4ed72f491fc718712502dda0b791f135dd356d3e6ba,nyc-2026-01001600011Crossover_Democratic_Representative_in_Congress_11th_Congressional_District_Recap.csv:178,2
ny-2026-06-23-house-11-regular-democratic,2026,2026-06-23,primary,NY,House,11,regular,partisan_primary,Democratic,JOHN SALLAZZO,nyc-2026-06-23-11-democratic-179-john-sallazzo,,True,2,nyc-2026-cd11-dem,https://www.vote.nyc/sites/default/files/pdf/election_results/2026/20260623Primary%20Election/01001600011Crossover%20Democratic%20Representative%20in%20Congress%2011th%20Congressional%20District%20Recap.csv,983ee556076abd6c09c5b4ed72f491fc718712502dda0b791f135dd356d3e6ba,nyc-2026-01001600011Crossover_Democratic_Representative_in_Congress_11th_Congressional_District_Recap.csv:179,2
ny-2026-06-23-house-11-regular-democratic,2026,2026-06-23,primary,NY,House,11,regular,partisan_primary,Democratic,JOHN VITUCCI,nyc-2026-06-23-11-democratic-180-john-vitucci,,True,1,nyc-2026-cd11-dem,https://www.vote.nyc/sites/default/files/pdf/election_results/2026/20260623Primary%20Election/01001600011Crossover%20Democratic%20Representative%20in%20Congress%2011th%20Congressional%20District%20Recap.csv,983ee556076abd6c09c5b4ed72f491fc718712502dda0b791f135dd356d3e6ba,nyc-2026-01001600011Crossover_Democratic_Representative_in_Congress_11th_Congressional_District_Recap.csv:180,2
ny-2026-06-23-house-11-regular-democratic,2026,2026-06-23,primary,NY,House,11,regular,partisan_primary,Democratic,JOSEPH SANTANGELO,nyc-2026-06-23-11-democratic-181-joseph-santangelo,,True,5,nyc-2026-cd11-dem,https://www.vote.nyc/sites/default/files/pdf/election_results/2026/20260623Primary%20Election/01001600011Crossover%20Democratic%20Representative%20in%20Congress%2011th%20Congressional%20District%20Recap.csv,983ee556076abd6c09c5b4ed72f491fc718712502dda0b791f135dd356d3e6ba,nyc-2026-01001600011Crossover_Democratic_Representative_in_Congress_11th_Congressional_District_Recap.csv:181,2
ny-2026-06-23-house-11-regular-democratic,2026,2026-06-23,primary,NY,House,11,regular,partisan_primary,Democratic,JULIA LARKIN,nyc-2026-06-23-11-democratic-182-julia-larkin,,True,1,nyc-2026-cd11-dem,https://www.vote.nyc/sites/default/files/pdf/election_results/2026/20260623Primary%20Election/01001600011Crossover%20Democratic%20Representative%20in%20Congress%2011th%20Congressional%20District%20Recap.csv,983ee556076abd6c09c5b4ed72f491fc718712502dda0b791f135dd356d3e6ba,nyc-2026-01001600011Crossover_Democratic_Representative_in_Congress_11th_Congressional_District_Recap.csv:182,2
ny-2026-06-23-house-11-regular-democratic,2026,2026-06-23,primary,NY,House,11,regular,partisan_primary,Democratic,KHORRAM PARVAZ,nyc-2026-06-23-11-democratic-183-khorram-parvaz,,True,1,nyc-2026-cd11-dem,https://www.vote.nyc/sites/default/files/pdf/election_results/2026/20260623Primary%20Election/01001600011Crossover%20Democratic%20Representative%20in%20Congress%2011th%20Congressional%20District%20Recap.csv,983ee556076abd6c09c5b4ed72f491fc718712502dda0b791f135dd356d3e6ba,nyc-2026-01001600011Crossover_Democratic_Representative_in_Congress_11th_Congressional_District_Recap.csv:183,2
ny-2026-06-23-house-11-regular-democratic,2026,2026-06-23,primary,NY,House,11,regular,partisan_primary,Democratic,KRISTEN GOLAT DEFENDIS,nyc-2026-06-23-11-democratic-184-kristen-golat-defendis,,True,1,nyc-2026-cd11-dem,https://www.vote.nyc/sites/default/files/pdf/election_results/2026/20260623Primary%20Election/01001600011Crossover%20Democratic%20Representative%20in%20Congress%2011th%20Congressional%20District%20Recap.csv,983ee556076abd6c09c5b4ed72f491fc718712502dda0b791f135dd356d3e6ba,nyc-2026-01001600011Crossover_Democratic_Representative_in_Congress_11th_Congressional_District_Recap.csv:184,2
ny-2026-06-23-house-11-regular-democratic,2026,2026-06-23,primary,NY,House,11,regular,partisan_primary,Democratic,LARRY HE,nyc-2026-06-23-11-democratic-185-larry-he,,True,1,nyc-2026-cd11-dem,https://www.vote.nyc/sites/default/files/pdf/election_results/2026/20260623Primary%20Election/01001600011Crossover%20Democratic%20Representative%20in%20Congress%2011th%20Congressional%20District%20Recap.csv,983ee556076abd6c09c5b4ed72f491fc718712502dda0b791f135dd356d3e6ba,nyc-2026-01001600011Crossover_Democratic_Representative_in_Congress_11th_Congressional_District_Recap.csv:185,2
ny-2026-06-23-house-11-regular-democratic,2026,2026-06-23,primary,NY,House,11,regular,partisan_primary,Democratic,LAURA LOBIANCO SWORD,nyc-2026-06-23-11-democratic-186-laura-lobianco-sword,,True,1,nyc-2026-cd11-dem,https://www.vote.nyc/sites/default/files/pdf/election_results/2026/20260623Primary%20Election/01001600011Crossover%20Democratic%20Representative%20in%20Congress%2011th%20Congressional%20District%20Recap.csv,983ee556076abd6c09c5b4ed72f491fc718712502dda0b791f135dd356d3e6ba,nyc-2026-01001600011Crossover_Democratic_Representative_in_Congress_11th_Congressional_District_Recap.csv:186,2
ny-2026-06-23-house-11-regular-democratic,2026,2026-06-23,primary,NY,House,11,regular,partisan_primary,Democratic,LEONARD P. RIENZI,nyc-2026-06-23-11-democratic-187-leonard-p-rienzi,,True,1,nyc-2026-cd11-dem,https://www.vote.nyc/sites/default/files/pdf/election_results/2026/20260623Primary%20Election/01001600011Crossover%20Democratic%20Representative%20in%20Congress%2011th%20Congressional%20District%20Recap.csv,983ee556076abd6c09c5b4ed72f491fc718712502dda0b791f135dd356d3e6ba,nyc-2026-01001600011Crossover_Democratic_Representative_in_Congress_11th_Congressional_District_Recap.csv:187,2
ny-2026-06-23-house-11-regular-democratic,2026,2026-06-23,primary,NY,House,11,regular,partisan_primary,Democratic,LESTER CHAN,nyc-2026-06-23-11-democratic-188-lester-chan,,True,1,nyc-2026-cd11-dem,https://www.vote.nyc/sites/default/files/pdf/election_results/2026/20260623Primary%20Election/01001600011Crossover%20Democratic%20Representative%20in%20Congress%2011th%20Congressional%20District%20Recap.csv,983ee556076abd6c09c5b4ed72f491fc718712502dda0b791f135dd356d3e6ba,nyc-2026-01001600011Crossover_Democratic_Representative_in_Congress_11th_Congressional_District_Recap.csv:188,2
ny-2026-06-23-house-11-regular-democratic,2026,2026-06-23,primary,NY,House,11,regular,partisan_primary,Democratic,LISA GEORGE,nyc-2026-06-23-11-democratic-189-lisa-george,,True,1,nyc-2026-cd11-dem,https://www.vote.nyc/sites/default/files/pdf/election_results/2026/20260623Primary%20Election/01001600011Crossover%20Democratic%20Representative%20in%20Congress%2011th%20Congressional%20District%20Recap.csv,983ee556076abd6c09c5b4ed72f491fc718712502dda0b791f135dd356d3e6ba,nyc-2026-01001600011Crossover_Democratic_Representative_in_Congress_11th_Congressional_District_Recap.csv:189,2
ny-2026-06-23-house-11-regular-democratic,2026,2026-06-23,primary,NY,House,11,regular,partisan_primary,Democratic,LOUIS F. BERGONZI,nyc-2026-06-23-11-democratic-190-louis-f-bergonzi,,True,1,nyc-2026-cd11-dem,https://www.vote.nyc/sites/default/files/pdf/election_results/2026/20260623Primary%20Election/01001600011Crossover%20Democratic%20Representative%20in%20Congress%2011th%20Congressional%20District%20Recap.csv,983ee556076abd6c09c5b4ed72f491fc718712502dda0b791f135dd356d3e6ba,nyc-2026-01001600011Crossover_Democratic_Representative_in_Congress_11th_Congressional_District_Recap.csv:190,2
ny-2026-06-23-house-11-regular-democratic,2026,2026-06-23,primary,NY,House,11,regular,partisan_primary,Democratic,LUKE EDDY,nyc-2026-06-23-11-democratic-191-luke-eddy,,True,1,nyc-2026-cd11-dem,https://www.vote.nyc/sites/default/files/pdf/election_results/2026/20260623Primary%20Election/01001600011Crossover%20Democratic%20Representative%20in%20Congress%2011th%20Congressional%20District%20Recap.csv,983ee556076abd6c09c5b4ed72f491fc718712502dda0b791f135dd356d3e6ba,nyc-2026-01001600011Crossover_Democratic_Representative_in_Congress_11th_Congressional_District_Recap.csv:191,2
ny-2026-06-23-house-11-regular-democratic,2026,2026-06-23,primary,NY,House,11,regular,partisan_primary,Democratic,MARC LANDERS,nyc-2026-06-23-11-democratic-192-marc-landers,,True,1,nyc-2026-cd11-dem,https://www.vote.nyc/sites/default/files/pdf/election_results/2026/20260623Primary%20Election/01001600011Crossover%20Democratic%20Representative%20in%20Congress%2011th%20Congressional%20District%20Recap.csv,983ee556076abd6c09c5b4ed72f491fc718712502dda0b791f135dd356d3e6ba,nyc-2026-01001600011Crossover_Democratic_Representative_in_Congress_11th_Congressional_District_Recap.csv:192,2
ny-2026-06-23-house-11-regular-democratic,2026,2026-06-23,primary,NY,House,11,regular,partisan_primary,Democratic,MARY E. GUSTAFSSON,nyc-2026-06-23-11-democratic-193-mary-e-gustafsson,,True,1,nyc-2026-cd11-dem,https://www.vote.nyc/sites/default/files/pdf/election_results/2026/20260623Primary%20Election/01001600011Crossover%20Democratic%20Representative%20in%20Congress%2011th%20Congressional%20District%20Recap.csv,983ee556076abd6c09c5b4ed72f491fc718712502dda0b791f135dd356d3e6ba,nyc-2026-01001600011Crossover_Democratic_Representative_in_Congress_11th_Congressional_District_Recap.csv:193,2
ny-2026-06-23-house-11-regular-democratic,2026,2026-06-23,primary,NY,House,11,regular,partisan_primary,Democratic,MARY MILLS,nyc-2026-06-23-11-democratic-194-mary-mills,,True,1,nyc-2026-cd11-dem,https://www.vote.nyc/sites/default/files/pdf/election_results/2026/20260623Primary%20Election/01001600011Crossover%20Democratic%20Representative%20in%20Congress%2011th%20Congressional%20District%20Recap.csv,983ee556076abd6c09c5b4ed72f491fc718712502dda0b791f135dd356d3e6ba,nyc-2026-01001600011Crossover_Democratic_Representative_in_Congress_11th_Congressional_District_Recap.csv:194,2
ny-2026-06-23-house-11-regular-democratic,2026,2026-06-23,primary,NY,House,11,regular,partisan_primary,Democratic,MAX N. ROSE,nyc-2026-06-23-11-democratic-195-max-n-rose,,True,6,nyc-2026-cd11-dem,https://www.vote.nyc/sites/default/files/pdf/election_results/2026/20260623Primary%20Election/01001600011Crossover%20Democratic%20Representative%20in%20Congress%2011th%20Congressional%20District%20Recap.csv,983ee556076abd6c09c5b4ed72f491fc718712502dda0b791f135dd356d3e6ba,nyc-2026-01001600011Crossover_Democratic_Representative_in_Congress_11th_Congressional_District_Recap.csv:195,2
ny-2026-06-23-house-11-regular-democratic,2026,2026-06-23,primary,NY,House,11,regular,partisan_primary,Democratic,MAX ROSE,nyc-2026-06-23-11-democratic-196-max-rose,,True,2,nyc-2026-cd11-dem,https://www.vote.nyc/sites/default/files/pdf/election_results/2026/20260623Primary%20Election/01001600011Crossover%20Democratic%20Representative%20in%20Congress%2011th%20Congressional%20District%20Recap.csv,983ee556076abd6c09c5b4ed72f491fc718712502dda0b791f135dd356d3e6ba,nyc-2026-01001600011Crossover_Democratic_Representative_in_Congress_11th_Congressional_District_Recap.csv:196,2
ny-2026-06-23-house-11-regular-democratic,2026,2026-06-23,primary,NY,House,11,regular,partisan_primary,Democratic,MICHAEL E. MCMAHON,nyc-2026-06-23-11-democratic-197-michael-e-mcmahon,,True,2,nyc-2026-cd11-dem,https://www.vote.nyc/sites/default/files/pdf/election_results/2026/20260623Primary%20Election/01001600011Crossover%20Democratic%20Representative%20in%20Congress%2011th%20Congressional%20District%20Recap.csv,983ee556076abd6c09c5b4ed72f491fc718712502dda0b791f135dd356d3e6ba,nyc-2026-01001600011Crossover_Democratic_Representative_in_Congress_11th_Congressional_District_Recap.csv:197,2
ny-2026-06-23-house-11-regular-democratic,2026,2026-06-23,primary,NY,House,11,regular,partisan_primary,Democratic,MICHAEL PRICE,nyc-2026-06-23-11-democratic-198-michael-price,,True,1,nyc-2026-cd11-dem,https://www.vote.nyc/sites/default/files/pdf/election_results/2026/20260623Primary%20Election/01001600011Crossover%20Democratic%20Representative%20in%20Congress%2011th%20Congressional%20District%20Recap.csv,983ee556076abd6c09c5b4ed72f491fc718712502dda0b791f135dd356d3e6ba,nyc-2026-01001600011Crossover_Democratic_Representative_in_Congress_11th_Congressional_District_Recap.csv:198,2
ny-2026-06-23-house-11-regular-democratic,2026,2026-06-23,primary,NY,House,11,regular,partisan_primary,Democratic,MICHAEL SHELDON,nyc-2026-06-23-11-democratic-199-michael-sheldon,,True,1,nyc-2026-cd11-dem,https://www.vote.nyc/sites/default/files/pdf/election_results/2026/20260623Primary%20Election/01001600011Crossover%20Democratic%20Representative%20in%20Congress%2011th%20Congressional%20District%20Recap.csv,983ee556076abd6c09c5b4ed72f491fc718712502dda0b791f135dd356d3e6ba,nyc-2026-01001600011Crossover_Democratic_Representative_in_Congress_11th_Congressional_District_Recap.csv:199,2
ny-2026-06-23-house-11-regular-democratic,2026,2026-06-23,primary,NY,House,11,regular,partisan_primary,Democratic,MIKE GOLDFARB,nyc-2026-06-23-11-democratic-200-mike-goldfarb,,True,4,nyc-2026-cd11-dem,https://www.vote.nyc/sites/default/files/pdf/election_results/2026/20260623Primary%20Election/01001600011Crossover%20Democratic%20Representative%20in%20Congress%2011th%20Congressional%20District%20Recap.csv,983ee556076abd6c09c5b4ed72f491fc718712502dda0b791f135dd356d3e6ba,nyc-2026-01001600011Crossover_Democratic_Representative_in_Congress_11th_Congressional_District_Recap.csv:200,2
ny-2026-06-23-house-11-regular-democratic,2026,2026-06-23,primary,NY,House,11,regular,partisan_primary,Democratic,MIOSETIS PANTOJA,nyc-2026-06-23-11-democratic-201-miosetis-pantoja,,True,1,nyc-2026-cd11-dem,https://www.vote.nyc/sites/default/files/pdf/election_results/2026/20260623Primary%20Election/01001600011Crossover%20Democratic%20Representative%20in%20Congress%2011th%20Congressional%20District%20Recap.csv,983ee556076abd6c09c5b4ed72f491fc718712502dda0b791f135dd356d3e6ba,nyc-2026-01001600011Crossover_Democratic_Representative_in_Congress_11th_Congressional_District_Recap.csv:201,2
ny-2026-06-23-house-11-regular-democratic,2026,2026-06-23,primary,NY,House,11,regular,partisan_primary,Democratic,MURRAY AMSTERDAM,nyc-2026-06-23-11-democratic-202-murray-amsterdam,,True,1,nyc-2026-cd11-dem,https://www.vote.nyc/sites/default/files/pdf/election_results/2026/20260623Primary%20Election/01001600011Crossover%20Democratic%20Representative%20in%20Congress%2011th%20Congressional%20District%20Recap.csv,983ee556076abd6c09c5b4ed72f491fc718712502dda0b791f135dd356d3e6ba,nyc-2026-01001600011Crossover_Democratic_Representative_in_Congress_11th_Congressional_District_Recap.csv:202,2
ny-2026-06-23-house-11-regular-democratic,2026,2026-06-23,primary,NY,House,11,regular,partisan_primary,Democratic,Mike DeCillis,nyc-2026-06-23-11-democratic-133-mike-decillis,Democratic,False,10455,nyc-2026-cd11-dem,https://www.vote.nyc/sites/default/files/pdf/election_results/2026/20260623Primary%20Election/01001600011Crossover%20Democratic%20Representative%20in%20Congress%2011th%20Congressional%20District%20Recap.csv,983ee556076abd6c09c5b4ed72f491fc718712502dda0b791f135dd356d3e6ba,nyc-2026-01001600011Crossover_Democratic_Representative_in_Congress_11th_Congressional_District_Recap.csv:133,2
ny-2026-06-23-house-11-regular-democratic,2026,2026-06-23,primary,NY,House,11,regular,partisan_primary,Democratic,NICOLE MALLIOTAKIS,nyc-2026-06-23-11-democratic-203-nicole-malliotakis,,True,13,nyc-2026-cd11-dem,https://www.vote.nyc/sites/default/files/pdf/election_results/2026/20260623Primary%20Election/01001600011Crossover%20Democratic%20Representative%20in%20Congress%2011th%20Congressional%20District%20Recap.csv,983ee556076abd6c09c5b4ed72f491fc718712502dda0b791f135dd356d3e6ba,nyc-2026-01001600011Crossover_Democratic_Representative_in_Congress_11th_Congressional_District_Recap.csv:203,2
ny-2026-06-23-house-11-regular-democratic,2026,2026-06-23,primary,NY,House,11,regular,partisan_primary,Democratic,OERTA TAGAMI,nyc-2026-06-23-11-democratic-204-oerta-tagami,,True,1,nyc-2026-cd11-dem,https://www.vote.nyc/sites/default/files/pdf/election_results/2026/20260623Primary%20Election/01001600011Crossover%20Democratic%20Representative%20in%20Congress%2011th%20Congressional%20District%20Recap.csv,983ee556076abd6c09c5b4ed72f491fc718712502dda0b791f135dd356d3e6ba,nyc-2026-01001600011Crossover_Democratic_Representative_in_Congress_11th_Congressional_District_Recap.csv:204,2
ny-2026-06-23-house-11-regular-democratic,2026,2026-06-23,primary,NY,House,11,regular,partisan_primary,Democratic,"OGUGUA ANUNOBY, JR.",nyc-2026-06-23-11-democratic-205-ogugua-anunoby-jr,,True,1,nyc-2026-cd11-dem,https://www.vote.nyc/sites/default/files/pdf/election_results/2026/20260623Primary%20Election/01001600011Crossover%20Democratic%20Representative%20in%20Congress%2011th%20Congressional%20District%20Recap.csv,983ee556076abd6c09c5b4ed72f491fc718712502dda0b791f135dd356d3e6ba,nyc-2026-01001600011Crossover_Democratic_Representative_in_Congress_11th_Congressional_District_Recap.csv:205,2
ny-2026-06-23-house-11-regular-democratic,2026,2026-06-23,primary,NY,House,11,regular,partisan_primary,Democratic,OMAR MOHAMAD,nyc-2026-06-23-11-democratic-206-omar-mohamad,,True,6,nyc-2026-cd11-dem,https://www.vote.nyc/sites/default/files/pdf/election_results/2026/20260623Primary%20Election/01001600011Crossover%20Democratic%20Representative%20in%20Congress%2011th%20Congressional%20District%20Recap.csv,983ee556076abd6c09c5b4ed72f491fc718712502dda0b791f135dd356d3e6ba,nyc-2026-01001600011Crossover_Democratic_Representative_in_Congress_11th_Congressional_District_Recap.csv:206,2
ny-2026-06-23-house-11-regular-democratic,2026,2026-06-23,primary,NY,House,11,regular,partisan_primary,Democratic,OMAR MOHAMED,nyc-2026-06-23-11-democratic-207-omar-mohamed,,True,3,nyc-2026-cd11-dem,https://www.vote.nyc/sites/default/files/pdf/election_results/2026/20260623Primary%20Election/01001600011Crossover%20Democratic%20Representative%20in%20Congress%2011th%20Congressional%20District%20Recap.csv,983ee556076abd6c09c5b4ed72f491fc718712502dda0b791f135dd356d3e6ba,nyc-2026-01001600011Crossover_Democratic_Representative_in_Congress_11th_Congressional_District_Recap.csv:207,2
ny-2026-06-23-house-11-regular-democratic,2026,2026-06-23,primary,NY,House,11,regular,partisan_primary,Democratic,PATRICK WONG,nyc-2026-06-23-11-democratic-208-patrick-wong,,True,1,nyc-2026-cd11-dem,https://www.vote.nyc/sites/default/files/pdf/election_results/2026/20260623Primary%20Election/01001600011Crossover%20Democratic%20Representative%20in%20Congress%2011th%20Congressional%20District%20Recap.csv,983ee556076abd6c09c5b4ed72f491fc718712502dda0b791f135dd356d3e6ba,nyc-2026-01001600011Crossover_Democratic_Representative_in_Congress_11th_Congressional_District_Recap.csv:208,2
ny-2026-06-23-house-11-regular-democratic,2026,2026-06-23,primary,NY,House,11,regular,partisan_primary,Democratic,PETER DANITI,nyc-2026-06-23-11-democratic-209-peter-daniti,,True,1,nyc-2026-cd11-dem,https://www.vote.nyc/sites/default/files/pdf/election_results/2026/20260623Primary%20Election/01001600011Crossover%20Democratic%20Representative%20in%20Congress%2011th%20Congressional%20District%20Recap.csv,983ee556076abd6c09c5b4ed72f491fc718712502dda0b791f135dd356d3e6ba,nyc-2026-01001600011Crossover_Democratic_Representative_in_Congress_11th_Congressional_District_Recap.csv:209,2
ny-2026-06-23-house-11-regular-democratic,2026,2026-06-23,primary,NY,House,11,regular,partisan_primary,Democratic,PETER MORALES,nyc-2026-06-23-11-democratic-210-peter-morales,,True,1,nyc-2026-cd11-dem,https://www.vote.nyc/sites/default/files/pdf/election_results/2026/20260623Primary%20Election/01001600011Crossover%20Democratic%20Representative%20in%20Congress%2011th%20Congressional%20District%20Recap.csv,983ee556076abd6c09c5b4ed72f491fc718712502dda0b791f135dd356d3e6ba,nyc-2026-01001600011Crossover_Democratic_Representative_in_Congress_11th_Congressional_District_Recap.csv:210,2
ny-2026-06-23-house-11-regular-democratic,2026,2026-06-23,primary,NY,House,11,regular,partisan_primary,Democratic,PHILIP ROSEN,nyc-2026-06-23-11-democratic-211-philip-rosen,,True,1,nyc-2026-cd11-dem,https://www.vote.nyc/sites/default/files/pdf/election_results/2026/20260623Primary%20Election/01001600011Crossover%20Democratic%20Representative%20in%20Congress%2011th%20Congressional%20District%20Recap.csv,983ee556076abd6c09c5b4ed72f491fc718712502dda0b791f135dd356d3e6ba,nyc-2026-01001600011Crossover_Democratic_Representative_in_Congress_11th_Congressional_District_Recap.csv:211,2
ny-2026-06-23-house-11-regular-democratic,2026,2026-06-23,primary,NY,House,11,regular,partisan_primary,Democratic,PIERE LEHU,nyc-2026-06-23-11-democratic-212-piere-lehu,,True,1,nyc-2026-cd11-dem,https://www.vote.nyc/sites/default/files/pdf/election_results/2026/20260623Primary%20Election/01001600011Crossover%20Democratic%20Representative%20in%20Congress%2011th%20Congressional%20District%20Recap.csv,983ee556076abd6c09c5b4ed72f491fc718712502dda0b791f135dd356d3e6ba,nyc-2026-01001600011Crossover_Democratic_Representative_in_Congress_11th_Congressional_District_Recap.csv:212,2
ny-2026-06-23-house-11-regular-democratic,2026,2026-06-23,primary,NY,House,11,regular,partisan_primary,Democratic,PRESTON FERRAIUOLO,nyc-2026-06-23-11-democratic-213-preston-ferraiuolo,,True,1,nyc-2026-cd11-dem,https://www.vote.nyc/sites/default/files/pdf/election_results/2026/20260623Primary%20Election/01001600011Crossover%20Democratic%20Representative%20in%20Congress%2011th%20Congressional%20District%20Recap.csv,983ee556076abd6c09c5b4ed72f491fc718712502dda0b791f135dd356d3e6ba,nyc-2026-01001600011Crossover_Democratic_Representative_in_Congress_11th_Congressional_District_Recap.csv:213,2
ny-2026-06-23-house-11-regular-democratic,2026,2026-06-23,primary,NY,House,11,regular,partisan_primary,Democratic,RENEE GIORDANO,nyc-2026-06-23-11-democratic-214-renee-giordano,,True,1,nyc-2026-cd11-dem,https://www.vote.nyc/sites/default/files/pdf/election_results/2026/20260623Primary%20Election/01001600011Crossover%20Democratic%20Representative%20in%20Congress%2011th%20Congressional%20District%20Recap.csv,983ee556076abd6c09c5b4ed72f491fc718712502dda0b791f135dd356d3e6ba,nyc-2026-01001600011Crossover_Democratic_Representative_in_Congress_11th_Congressional_District_Recap.csv:214,2
ny-2026-06-23-house-11-regular-democratic,2026,2026-06-23,primary,NY,House,11,regular,partisan_primary,Democratic,REUBEN ARCHER,nyc-2026-06-23-11-democratic-215-reuben-archer,,True,1,nyc-2026-cd11-dem,https://www.vote.nyc/sites/default/files/pdf/election_results/2026/20260623Primary%20Election/01001600011Crossover%20Democratic%20Representative%20in%20Congress%2011th%20Congressional%20District%20Recap.csv,983ee556076abd6c09c5b4ed72f491fc718712502dda0b791f135dd356d3e6ba,nyc-2026-01001600011Crossover_Democratic_Representative_in_Congress_11th_Congressional_District_Recap.csv:215,2
ny-2026-06-23-house-11-regular-democratic,2026,2026-06-23,primary,NY,House,11,regular,partisan_primary,Democratic,RICHARD CARLETTI,nyc-2026-06-23-11-democratic-216-richard-carletti,,True,1,nyc-2026-cd11-dem,https://www.vote.nyc/sites/default/files/pdf/election_results/2026/20260623Primary%20Election/01001600011Crossover%20Democratic%20Representative%20in%20Congress%2011th%20Congressional%20District%20Recap.csv,983ee556076abd6c09c5b4ed72f491fc718712502dda0b791f135dd356d3e6ba,nyc-2026-01001600011Crossover_Democratic_Representative_in_Congress_11th_Congressional_District_Recap.csv:216,2
ny-2026-06-23-house-11-regular-democratic,2026,2026-06-23,primary,NY,House,11,regular,partisan_primary,Democratic,RICHARD CARLOTTI,nyc-2026-06-23-11-democratic-217-richard-carlotti,,True,1,nyc-2026-cd11-dem,https://www.vote.nyc/sites/default/files/pdf/election_results/2026/20260623Primary%20Election/01001600011Crossover%20Democratic%20Representative%20in%20Congress%2011th%20Congressional%20District%20Recap.csv,983ee556076abd6c09c5b4ed72f491fc718712502dda0b791f135dd356d3e6ba,nyc-2026-01001600011Crossover_Democratic_Representative_in_Congress_11th_Congressional_District_Recap.csv:217,2
ny-2026-06-23-house-11-regular-democratic,2026,2026-06-23,primary,NY,House,11,regular,partisan_primary,Democratic,ROBERT OLIVERI,nyc-2026-06-23-11-democratic-218-robert-oliveri,,True,1,nyc-2026-cd11-dem,https://www.vote.nyc/sites/default/files/pdf/election_results/2026/20260623Primary%20Election/01001600011Crossover%20Democratic%20Representative%20in%20Congress%2011th%20Congressional%20District%20Recap.csv,983ee556076abd6c09c5b4ed72f491fc718712502dda0b791f135dd356d3e6ba,nyc-2026-01001600011Crossover_Democratic_Representative_in_Congress_11th_Congressional_District_Recap.csv:218,2
ny-2026-06-23-house-11-regular-democratic,2026,2026-06-23,primary,NY,House,11,regular,partisan_primary,Democratic,ROSEMARY PALLADINO,nyc-2026-06-23-11-democratic-219-rosemary-palladino,,True,1,nyc-2026-cd11-dem,https://www.vote.nyc/sites/default/files/pdf/election_results/2026/20260623Primary%20Election/01001600011Crossover%20Democratic%20Representative%20in%20Congress%2011th%20Congressional%20District%20Recap.csv,983ee556076abd6c09c5b4ed72f491fc718712502dda0b791f135dd356d3e6ba,nyc-2026-01001600011Crossover_Democratic_Representative_in_Congress_11th_Congressional_District_Recap.csv:219,2
ny-2026-06-23-house-11-regular-democratic,2026,2026-06-23,primary,NY,House,11,regular,partisan_primary,Democratic,SAL ALBANESE,nyc-2026-06-23-11-democratic-220-sal-albanese,,True,1,nyc-2026-cd11-dem,https://www.vote.nyc/sites/default/files/pdf/election_results/2026/20260623Primary%20Election/01001600011Crossover%20Democratic%20Representative%20in%20Congress%2011th%20Congressional%20District%20Recap.csv,983ee556076abd6c09c5b4ed72f491fc718712502dda0b791f135dd356d3e6ba,nyc-2026-01001600011Crossover_Democratic_Representative_in_Congress_11th_Congressional_District_Recap.csv:220,2
ny-2026-06-23-house-11-regular-democratic,2026,2026-06-23,primary,NY,House,11,regular,partisan_primary,Democratic,STEPHEN CLINTON,nyc-2026-06-23-11-democratic-221-stephen-clinton,,True,1,nyc-2026-cd11-dem,https://www.vote.nyc/sites/default/files/pdf/election_results/2026/20260623Primary%20Election/01001600011Crossover%20Democratic%20Representative%20in%20Congress%2011th%20Congressional%20District%20Recap.csv,983ee556076abd6c09c5b4ed72f491fc718712502dda0b791f135dd356d3e6ba,nyc-2026-01001600011Crossover_Democratic_Representative_in_Congress_11th_Congressional_District_Recap.csv:221,2
ny-2026-06-23-house-11-regular-democratic,2026,2026-06-23,primary,NY,House,11,regular,partisan_primary,Democratic,STEVE CHEN,nyc-2026-06-23-11-democratic-222-steve-chen,,True,1,nyc-2026-cd11-dem,https://www.vote.nyc/sites/default/files/pdf/election_results/2026/20260623Primary%20Election/01001600011Crossover%20Democratic%20Representative%20in%20Congress%2011th%20Congressional%20District%20Recap.csv,983ee556076abd6c09c5b4ed72f491fc718712502dda0b791f135dd356d3e6ba,nyc-2026-01001600011Crossover_Democratic_Representative_in_Congress_11th_Congressional_District_Recap.csv:222,2
ny-2026-06-23-house-11-regular-democratic,2026,2026-06-23,primary,NY,House,11,regular,partisan_primary,Democratic,STEVEN D. KANNON,nyc-2026-06-23-11-democratic-223-steven-d-kannon,,True,1,nyc-2026-cd11-dem,https://www.vote.nyc/sites/default/files/pdf/election_results/2026/20260623Primary%20Election/01001600011Crossover%20Democratic%20Representative%20in%20Congress%2011th%20Congressional%20District%20Recap.csv,983ee556076abd6c09c5b4ed72f491fc718712502dda0b791f135dd356d3e6ba,nyc-2026-01001600011Crossover_Democratic_Representative_in_Congress_11th_Congressional_District_Recap.csv:223,2
ny-2026-06-23-house-11-regular-democratic,2026,2026-06-23,primary,NY,House,11,regular,partisan_primary,Democratic,STEVEN SOLARZ,nyc-2026-06-23-11-democratic-224-steven-solarz,,True,1,nyc-2026-cd11-dem,https://www.vote.nyc/sites/default/files/pdf/election_results/2026/20260623Primary%20Election/01001600011Crossover%20Democratic%20Representative%20in%20Congress%2011th%20Congressional%20District%20Recap.csv,983ee556076abd6c09c5b4ed72f491fc718712502dda0b791f135dd356d3e6ba,nyc-2026-01001600011Crossover_Democratic_Representative_in_Congress_11th_Congressional_District_Recap.csv:224,2
ny-2026-06-23-house-11-regular-democratic,2026,2026-06-23,primary,NY,House,11,regular,partisan_primary,Democratic,SUSAN GRABEL RAPPAPORT,nyc-2026-06-23-11-democratic-225-susan-grabel-rappaport,,True,1,nyc-2026-cd11-dem,https://www.vote.nyc/sites/default/files/pdf/election_results/2026/20260623Primary%20Election/01001600011Crossover%20Democratic%20Representative%20in%20Congress%2011th%20Congressional%20District%20Recap.csv,983ee556076abd6c09c5b4ed72f491fc718712502dda0b791f135dd356d3e6ba,nyc-2026-01001600011Crossover_Democratic_Representative_in_Congress_11th_Congressional_District_Recap.csv:225,2
ny-2026-06-23-house-11-regular-democratic,2026,2026-06-23,primary,NY,House,11,regular,partisan_primary,Democratic,TEAGAN KELLY,nyc-2026-06-23-11-democratic-226-teagan-kelly,,True,1,nyc-2026-cd11-dem,https://www.vote.nyc/sites/default/files/pdf/election_results/2026/20260623Primary%20Election/01001600011Crossover%20Democratic%20Representative%20in%20Congress%2011th%20Congressional%20District%20Recap.csv,983ee556076abd6c09c5b4ed72f491fc718712502dda0b791f135dd356d3e6ba,nyc-2026-01001600011Crossover_Democratic_Representative_in_Congress_11th_Congressional_District_Recap.csv:226,2
ny-2026-06-23-house-11-regular-democratic,2026,2026-06-23,primary,NY,House,11,regular,partisan_primary,Democratic,TERRY DORNER,nyc-2026-06-23-11-democratic-227-terry-dorner,,True,1,nyc-2026-cd11-dem,https://www.vote.nyc/sites/default/files/pdf/election_results/2026/20260623Primary%20Election/01001600011Crossover%20Democratic%20Representative%20in%20Congress%2011th%20Congressional%20District%20Recap.csv,983ee556076abd6c09c5b4ed72f491fc718712502dda0b791f135dd356d3e6ba,nyc-2026-01001600011Crossover_Democratic_Representative_in_Congress_11th_Congressional_District_Recap.csv:227,2
ny-2026-06-23-house-11-regular-democratic,2026,2026-06-23,primary,NY,House,11,regular,partisan_primary,Democratic,THERESA REED,nyc-2026-06-23-11-democratic-228-theresa-reed,,True,2,nyc-2026-cd11-dem,https://www.vote.nyc/sites/default/files/pdf/election_results/2026/20260623Primary%20Election/01001600011Crossover%20Democratic%20Representative%20in%20Congress%2011th%20Congressional%20District%20Recap.csv,983ee556076abd6c09c5b4ed72f491fc718712502dda0b791f135dd356d3e6ba,nyc-2026-01001600011Crossover_Democratic_Representative_in_Congress_11th_Congressional_District_Recap.csv:228,2
ny-2026-06-23-house-11-regular-democratic,2026,2026-06-23,primary,NY,House,11,regular,partisan_primary,Democratic,THOMAS P. DINAPOLI,nyc-2026-06-23-11-democratic-229-thomas-p-dinapoli,,True,1,nyc-2026-cd11-dem,https://www.vote.nyc/sites/default/files/pdf/election_results/2026/20260623Primary%20Election/01001600011Crossover%20Democratic%20Representative%20in%20Congress%2011th%20Congressional%20District%20Recap.csv,983ee556076abd6c09c5b4ed72f491fc718712502dda0b791f135dd356d3e6ba,nyc-2026-01001600011Crossover_Democratic_Representative_in_Congress_11th_Congressional_District_Recap.csv:229,2
ny-2026-06-23-house-11-regular-democratic,2026,2026-06-23,primary,NY,House,11,regular,partisan_primary,Democratic,TIM HALLY,nyc-2026-06-23-11-democratic-230-tim-hally,,True,1,nyc-2026-cd11-dem,https://www.vote.nyc/sites/default/files/pdf/election_results/2026/20260623Primary%20Election/01001600011Crossover%20Democratic%20Representative%20in%20Congress%2011th%20Congressional%20District%20Recap.csv,983ee556076abd6c09c5b4ed72f491fc718712502dda0b791f135dd356d3e6ba,nyc-2026-01001600011Crossover_Democratic_Representative_in_Congress_11th_Congressional_District_Recap.csv:230,2
ny-2026-06-23-house-11-regular-democratic,2026,2026-06-23,primary,NY,House,11,regular,partisan_primary,Democratic,TROY MCGHIE,nyc-2026-06-23-11-democratic-231-troy-mcghie,,True,23,nyc-2026-cd11-dem,https://www.vote.nyc/sites/default/files/pdf/election_results/2026/20260623Primary%20Election/01001600011Crossover%20Democratic%20Representative%20in%20Congress%2011th%20Congressional%20District%20Recap.csv,983ee556076abd6c09c5b4ed72f491fc718712502dda0b791f135dd356d3e6ba,nyc-2026-01001600011Crossover_Democratic_Representative_in_Congress_11th_Congressional_District_Recap.csv:231,2
ny-2026-06-23-house-11-regular-democratic,2026,2026-06-23,primary,NY,House,11,regular,partisan_primary,Democratic,UMAR USMAN,nyc-2026-06-23-11-democratic-232-umar-usman,,True,1,nyc-2026-cd11-dem,https://www.vote.nyc/sites/default/files/pdf/election_results/2026/20260623Primary%20Election/01001600011Crossover%20Democratic%20Representative%20in%20Congress%2011th%20Congressional%20District%20Recap.csv,983ee556076abd6c09c5b4ed72f491fc718712502dda0b791f135dd356d3e6ba,nyc-2026-01001600011Crossover_Democratic_Representative_in_Congress_11th_Congressional_District_Recap.csv:232,2
ny-2026-06-23-house-11-regular-democratic,2026,2026-06-23,primary,NY,House,11,regular,partisan_primary,Democratic,UNATTRIBUTABLE WRITE-IN,nyc-2026-06-23-11-democratic-233-unattributable-write-in,,True,63,nyc-2026-cd11-dem,https://www.vote.nyc/sites/default/files/pdf/election_results/2026/20260623Primary%20Election/01001600011Crossover%20Democratic%20Representative%20in%20Congress%2011th%20Congressional%20District%20Recap.csv,983ee556076abd6c09c5b4ed72f491fc718712502dda0b791f135dd356d3e6ba,nyc-2026-01001600011Crossover_Democratic_Representative_in_Congress_11th_Congressional_District_Recap.csv:233,2
ny-2026-06-23-house-11-regular-democratic,2026,2026-06-23,primary,NY,House,11,regular,partisan_primary,Democratic,VALERIE CRAWFORD,nyc-2026-06-23-11-democratic-234-valerie-crawford,,True,1,nyc-2026-cd11-dem,https://www.vote.nyc/sites/default/files/pdf/election_results/2026/20260623Primary%20Election/01001600011Crossover%20Democratic%20Representative%20in%20Congress%2011th%20Congressional%20District%20Recap.csv,983ee556076abd6c09c5b4ed72f491fc718712502dda0b791f135dd356d3e6ba,nyc-2026-01001600011Crossover_Democratic_Representative_in_Congress_11th_Congressional_District_Recap.csv:234,2
ny-2026-06-23-house-11-regular-democratic,2026,2026-06-23,primary,NY,House,11,regular,partisan_primary,Democratic,VICTOR KYI,nyc-2026-06-23-11-democratic-235-victor-kyi,,True,1,nyc-2026-cd11-dem,https://www.vote.nyc/sites/default/files/pdf/election_results/2026/20260623Primary%20Election/01001600011Crossover%20Democratic%20Representative%20in%20Congress%2011th%20Congressional%20District%20Recap.csv,983ee556076abd6c09c5b4ed72f491fc718712502dda0b791f135dd356d3e6ba,nyc-2026-01001600011Crossover_Democratic_Representative_in_Congress_11th_Congressional_District_Recap.csv:235,2
ny-2026-06-23-house-11-regular-democratic,2026,2026-06-23,primary,NY,House,11,regular,partisan_primary,Democratic,VINCENT GENTILE,nyc-2026-06-23-11-democratic-236-vincent-gentile,,True,1,nyc-2026-cd11-dem,https://www.vote.nyc/sites/default/files/pdf/election_results/2026/20260623Primary%20Election/01001600011Crossover%20Democratic%20Representative%20in%20Congress%2011th%20Congressional%20District%20Recap.csv,983ee556076abd6c09c5b4ed72f491fc718712502dda0b791f135dd356d3e6ba,nyc-2026-01001600011Crossover_Democratic_Representative_in_Congress_11th_Congressional_District_Recap.csv:236,2
ny-2026-06-23-house-11-regular-democratic,2026,2026-06-23,primary,NY,House,11,regular,partisan_primary,Democratic,WILLIAM CINTALADO,nyc-2026-06-23-11-democratic-237-william-cintalado,,True,1,nyc-2026-cd11-dem,https://www.vote.nyc/sites/default/files/pdf/election_results/2026/20260623Primary%20Election/01001600011Crossover%20Democratic%20Representative%20in%20Congress%2011th%20Congressional%20District%20Recap.csv,983ee556076abd6c09c5b4ed72f491fc718712502dda0b791f135dd356d3e6ba,nyc-2026-01001600011Crossover_Democratic_Representative_in_Congress_11th_Congressional_District_Recap.csv:237,2
ny-2026-06-23-house-11-regular-democratic,2026,2026-06-23,primary,NY,House,11,regular,partisan_primary,Democratic,YOCHONIN BRISKMAN,nyc-2026-06-23-11-democratic-238-yochonin-briskman,,True,1,nyc-2026-cd11-dem,https://www.vote.nyc/sites/default/files/pdf/election_results/2026/20260623Primary%20Election/01001600011Crossover%20Democratic%20Representative%20in%20Congress%2011th%20Congressional%20District%20Recap.csv,983ee556076abd6c09c5b4ed72f491fc718712502dda0b791f135dd356d3e6ba,nyc-2026-01001600011Crossover_Democratic_Representative_in_Congress_11th_Congressional_District_Recap.csv:238,2
ny-2026-06-23-house-11-regular-democratic,2026,2026-06-23,primary,NY,House,11,regular,partisan_primary,Democratic,ZOHRAN KWAME MAMDANI,nyc-2026-06-23-11-democratic-239-zohran-kwame-mamdani,,True,2,nyc-2026-cd11-dem,https://www.vote.nyc/sites/default/files/pdf/election_results/2026/20260623Primary%20Election/01001600011Crossover%20Democratic%20Representative%20in%20Congress%2011th%20Congressional%20District%20Recap.csv,983ee556076abd6c09c5b4ed72f491fc718712502dda0b791f135dd356d3e6ba,nyc-2026-01001600011Crossover_Democratic_Representative_in_Congress_11th_Congressional_District_Recap.csv:239,2
ny-2026-06-23-house-12-regular-democratic,2026,2026-06-23,primary,NY,House,12,regular,partisan_primary,Democratic,ABER KAWAS,nyc-2026-06-23-12-democratic-236-aber-kawas,,True,1,nyc-2026-cd12-dem,https://www.vote.nyc/sites/default/files/pdf/election_results/2026/20260623Primary%20Election/01101600012New%20York%20Democratic%20Representative%20in%20Congress%2012th%20Congressional%20District%20Recap.csv,bf9e9344a407bfc7e4685fade6873cbab896994ef578a5d32027cf7ea1aec0a4,nyc-2026-01101600012New_York_Democratic_Representative_in_Congress_12th_Congressional_District_Recap.csv:236,1
ny-2026-06-23-house-12-regular-democratic,2026,2026-06-23,primary,NY,House,12,regular,partisan_primary,Democratic,ADRIANO ESPAILLAT,nyc-2026-06-23-12-democratic-237-adriano-espaillat,,True,2,nyc-2026-cd12-dem,https://www.vote.nyc/sites/default/files/pdf/election_results/2026/20260623Primary%20Election/01101600012New%20York%20Democratic%20Representative%20in%20Congress%2012th%20Congressional%20District%20Recap.csv,bf9e9344a407bfc7e4685fade6873cbab896994ef578a5d32027cf7ea1aec0a4,nyc-2026-01101600012New_York_Democratic_Representative_in_Congress_12th_Congressional_District_Recap.csv:237,1
ny-2026-06-23-house-12-regular-democratic,2026,2026-06-23,primary,NY,House,12,regular,partisan_primary,Democratic,ALEX BORES,nyc-2026-06-23-12-democratic-238-alex-bores,,True,1,nyc-2026-cd12-dem,https://www.vote.nyc/sites/default/files/pdf/election_results/2026/20260623Primary%20Election/01101600012New%20York%20Democratic%20Representative%20in%20Congress%2012th%20Congressional%20District%20Recap.csv,bf9e9344a407bfc7e4685fade6873cbab896994ef578a5d32027cf7ea1aec0a4,nyc-2026-01101600012New_York_Democratic_Representative_in_Congress_12th_Congressional_District_Recap.csv:238,1
ny-2026-06-23-house-12-regular-democratic,2026,2026-06-23,primary,NY,House,12,regular,partisan_primary,Democratic,ALEXANDRE ARORO NDONG,nyc-2026-06-23-12-democratic-239-alexandre-aroro-ndong,,True,1,nyc-2026-cd12-dem,https://www.vote.nyc/sites/default/files/pdf/election_results/2026/20260623Primary%20Election/01101600012New%20York%20Democratic%20Representative%20in%20Congress%2012th%20Congressional%20District%20Recap.csv,bf9e9344a407bfc7e4685fade6873cbab896994ef578a5d32027cf7ea1aec0a4,nyc-2026-01101600012New_York_Democratic_Representative_in_Congress_12th_Congressional_District_Recap.csv:239,1
ny-2026-06-23-house-12-regular-democratic,2026,2026-06-23,primary,NY,House,12,regular,partisan_primary,Democratic,ALEXANDRIA OCASIO-CORTEZ,nyc-2026-06-23-12-democratic-240-alexandria-ocasio-cortez,,True,1,nyc-2026-cd12-dem,https://www.vote.nyc/sites/default/files/pdf/election_results/2026/20260623Primary%20Election/01101600012New%20York%20Democratic%20Representative%20in%20Congress%2012th%20Congressional%20District%20Recap.csv,bf9e9344a407bfc7e4685fade6873cbab896994ef578a5d32027cf7ea1aec0a4,nyc-2026-01101600012New_York_Democratic_Representative_in_Congress_12th_Congressional_District_Recap.csv:240,1
ny-2026-06-23-house-12-regular-democratic,2026,2026-06-23,primary,NY,House,12,regular,partisan_primary,Democratic,ANN MARIE MCCARTHY,nyc-2026-06-23-12-democratic-241-ann-marie-mccarthy,,True,1,nyc-2026-cd12-dem,https://www.vote.nyc/sites/default/files/pdf/election_results/2026/20260623Primary%20Election/01101600012New%20York%20Democratic%20Representative%20in%20Congress%2012th%20Congressional%20District%20Recap.csv,bf9e9344a407bfc7e4685fade6873cbab896994ef578a5d32027cf7ea1aec0a4,nyc-2026-01101600012New_York_Democratic_Representative_in_Congress_12th_Congressional_District_Recap.csv:241,1
ny-2026-06-23-house-12-regular-democratic,2026,2026-06-23,primary,NY,House,12,regular,partisan_primary,Democratic,ARJUN SRINIVASAN,nyc-2026-06-23-12-democratic-242-arjun-srinivasan,,True,1,nyc-2026-cd12-dem,https://www.vote.nyc/sites/default/files/pdf/election_results/2026/20260623Primary%20Election/01101600012New%20York%20Democratic%20Representative%20in%20Congress%2012th%20Congressional%20District%20Recap.csv,bf9e9344a407bfc7e4685fade6873cbab896994ef578a5d32027cf7ea1aec0a4,nyc-2026-01101600012New_York_Democratic_Representative_in_Congress_12th_Congressional_District_Recap.csv:242,1
ny-2026-06-23-house-12-regular-democratic,2026,2026-06-23,primary,NY,House,12,regular,partisan_primary,Democratic,Alex Bores,nyc-2026-06-23-12-democratic-234-alex-bores,Democratic,False,37637,nyc-2026-cd12-dem,https://www.vote.nyc/sites/default/files/pdf/election_results/2026/20260623Primary%20Election/01101600012New%20York%20Democratic%20Representative%20in%20Congress%2012th%20Congressional%20District%20Recap.csv,bf9e9344a407bfc7e4685fade6873cbab896994ef578a5d32027cf7ea1aec0a4,nyc-2026-01101600012New_York_Democratic_Representative_in_Congress_12th_Congressional_District_Recap.csv:234,1
ny-2026-06-23-house-12-regular-democratic,2026,2026-06-23,primary,NY,House,12,regular,partisan_primary,Democratic,BARACK OBAMA,nyc-2026-06-23-12-democratic-243-barack-obama,,True,1,nyc-2026-cd12-dem,https://www.vote.nyc/sites/default/files/pdf/election_results/2026/20260623Primary%20Election/01101600012New%20York%20Democratic%20Representative%20in%20Congress%2012th%20Congressional%20District%20Recap.csv,bf9e9344a407bfc7e4685fade6873cbab896994ef578a5d32027cf7ea1aec0a4,nyc-2026-01101600012New_York_Democratic_Representative_in_Congress_12th_Congressional_District_Recap.csv:243,1
ny-2026-06-23-house-12-regular-democratic,2026,2026-06-23,primary,NY,House,12,regular,partisan_primary,Democratic,BARRY GOLDWATER,nyc-2026-06-23-12-democratic-244-barry-goldwater,,True,1,nyc-2026-cd12-dem,https://www.vote.nyc/sites/default/files/pdf/election_results/2026/20260623Primary%20Election/01101600012New%20York%20Democratic%20Representative%20in%20Congress%2012th%20Congressional%20District%20Recap.csv,bf9e9344a407bfc7e4685fade6873cbab896994ef578a5d32027cf7ea1aec0a4,nyc-2026-01101600012New_York_Democratic_Representative_in_Congress_12th_Congressional_District_Recap.csv:244,1
ny-2026-06-23-house-12-regular-democratic,2026,2026-06-23,primary,NY,House,12,regular,partisan_primary,Democratic,BEN BURGIS,nyc-2026-06-23-12-democratic-245-ben-burgis,,True,1,nyc-2026-cd12-dem,https://www.vote.nyc/sites/default/files/pdf/election_results/2026/20260623Primary%20Election/01101600012New%20York%20Democratic%20Representative%20in%20Congress%2012th%20Congressional%20District%20Recap.csv,bf9e9344a407bfc7e4685fade6873cbab896994ef578a5d32027cf7ea1aec0a4,nyc-2026-01101600012New_York_Democratic_Representative_in_Congress_12th_Congressional_District_Recap.csv:245,1
ny-2026-06-23-house-12-regular-democratic,2026,2026-06-23,primary,NY,House,12,regular,partisan_primary,Democratic,BENJAMIN NETAN YAHU,nyc-2026-06-23-12-democratic-246-benjamin-netan-yahu,,True,1,nyc-2026-cd12-dem,https://www.vote.nyc/sites/default/files/pdf/election_results/2026/20260623Primary%20Election/01101600012New%20York%20Democratic%20Representative%20in%20Congress%2012th%20Congressional%20District%20Recap.csv,bf9e9344a407bfc7e4685fade6873cbab896994ef578a5d32027cf7ea1aec0a4,nyc-2026-01101600012New_York_Democratic_Representative_in_Congress_12th_Congressional_District_Recap.csv:246,1
ny-2026-06-23-house-12-regular-democratic,2026,2026-06-23,primary,NY,House,12,regular,partisan_primary,Democratic,BILL MARAWSKI,nyc-2026-06-23-12-democratic-247-bill-marawski,,True,1,nyc-2026-cd12-dem,https://www.vote.nyc/sites/default/files/pdf/election_results/2026/20260623Primary%20Election/01101600012New%20York%20Democratic%20Representative%20in%20Congress%2012th%20Congressional%20District%20Recap.csv,bf9e9344a407bfc7e4685fade6873cbab896994ef578a5d32027cf7ea1aec0a4,nyc-2026-01101600012New_York_Democratic_Representative_in_Congress_12th_Congressional_District_Recap.csv:247,1
ny-2026-06-23-house-12-regular-democratic,2026,2026-06-23,primary,NY,House,12,regular,partisan_primary,Democratic,BRAD LANDER,nyc-2026-06-23-12-democratic-248-brad-lander,,True,14,nyc-2026-cd12-dem,https://www.vote.nyc/sites/default/files/pdf/election_results/2026/20260623Primary%20Election/01101600012New%20York%20Democratic%20Representative%20in%20Congress%2012th%20Congressional%20District%20Recap.csv,bf9e9344a407bfc7e4685fade6873cbab896994ef578a5d32027cf7ea1aec0a4,nyc-2026-01101600012New_York_Democratic_Representative_in_Congress_12th_Congressional_District_Recap.csv:248,1
ny-2026-06-23-house-12-regular-democratic,2026,2026-06-23,primary,NY,House,12,regular,partisan_primary,Democratic,CAMERON KASKY,nyc-2026-06-23-12-democratic-249-cameron-kasky,,True,1,nyc-2026-cd12-dem,https://www.vote.nyc/sites/default/files/pdf/election_results/2026/20260623Primary%20Election/01101600012New%20York%20Democratic%20Representative%20in%20Congress%2012th%20Congressional%20District%20Recap.csv,bf9e9344a407bfc7e4685fade6873cbab896994ef578a5d32027cf7ea1aec0a4,nyc-2026-01101600012New_York_Democratic_Representative_in_Congress_12th_Congressional_District_Recap.csv:249,1
ny-2026-06-23-house-12-regular-democratic,2026,2026-06-23,primary,NY,House,12,regular,partisan_primary,Democratic,CARLOS H. RUNGE JR.,nyc-2026-06-23-12-democratic-250-carlos-h-runge-jr,,True,2,nyc-2026-cd12-dem,https://www.vote.nyc/sites/default/files/pdf/election_results/2026/20260623Primary%20Election/01101600012New%20York%20Democratic%20Representative%20in%20Congress%2012th%20Congressional%20District%20Recap.csv,bf9e9344a407bfc7e4685fade6873cbab896994ef578a5d32027cf7ea1aec0a4,nyc-2026-01101600012New_York_Democratic_Representative_in_Congress_12th_Congressional_District_Recap.csv:250,1
ny-2026-06-23-house-12-regular-democratic,2026,2026-06-23,primary,NY,House,12,regular,partisan_primary,Democratic,CAROLINE SHINKLE,nyc-2026-06-23-12-democratic-251-caroline-shinkle,,True,1,nyc-2026-cd12-dem,https://www.vote.nyc/sites/default/files/pdf/election_results/2026/20260623Primary%20Election/01101600012New%20York%20Democratic%20Representative%20in%20Congress%2012th%20Congressional%20District%20Recap.csv,bf9e9344a407bfc7e4685fade6873cbab896994ef578a5d32027cf7ea1aec0a4,nyc-2026-01101600012New_York_Democratic_Representative_in_Congress_12th_Congressional_District_Recap.csv:251,1
ny-2026-06-23-house-12-regular-democratic,2026,2026-06-23,primary,NY,House,12,regular,partisan_primary,Democratic,CAROLYN MALONEY,nyc-2026-06-23-12-democratic-252-carolyn-maloney,,True,1,nyc-2026-cd12-dem,https://www.vote.nyc/sites/default/files/pdf/election_results/2026/20260623Primary%20Election/01101600012New%20York%20Democratic%20Representative%20in%20Congress%2012th%20Congressional%20District%20Recap.csv,bf9e9344a407bfc7e4685fade6873cbab896994ef578a5d32027cf7ea1aec0a4,nyc-2026-01101600012New_York_Democratic_Representative_in_Congress_12th_Congressional_District_Recap.csv:252,1
ny-2026-06-23-house-12-regular-democratic,2026,2026-06-23,primary,NY,House,12,regular,partisan_primary,Democratic,CENTE UYGER,nyc-2026-06-23-12-democratic-253-cente-uyger,,True,1,nyc-2026-cd12-dem,https://www.vote.nyc/sites/default/files/pdf/election_results/2026/20260623Primary%20Election/01101600012New%20York%20Democratic%20Representative%20in%20Congress%2012th%20Congressional%20District%20Recap.csv,bf9e9344a407bfc7e4685fade6873cbab896994ef578a5d32027cf7ea1aec0a4,nyc-2026-01101600012New_York_Democratic_Representative_in_Congress_12th_Congressional_District_Recap.csv:253,1
ny-2026-06-23-house-12-regular-democratic,2026,2026-06-23,primary,NY,House,12,regular,partisan_primary,Democratic,CLAIRE VALDEZ,nyc-2026-06-23-12-democratic-254-claire-valdez,,True,9,nyc-2026-cd12-dem,https://www.vote.nyc/sites/default/files/pdf/election_results/2026/20260623Primary%20Election/01101600012New%20York%20Democratic%20Representative%20in%20Congress%2012th%20Congressional%20District%20Recap.csv,bf9e9344a407bfc7e4685fade6873cbab896994ef578a5d32027cf7ea1aec0a4,nyc-2026-01101600012New_York_Democratic_Representative_in_Congress_12th_Congressional_District_Recap.csv:254,1
ny-2026-06-23-house-12-regular-democratic,2026,2026-06-23,primary,NY,House,12,regular,partisan_primary,Democratic,CLARE VALDEZ,nyc-2026-06-23-12-democratic-255-clare-valdez,,True,1,nyc-2026-cd12-dem,https://www.vote.nyc/sites/default/files/pdf/election_results/2026/20260623Primary%20Election/01101600012New%20York%20Democratic%20Representative%20in%20Congress%2012th%20Congressional%20District%20Recap.csv,bf9e9344a407bfc7e4685fade6873cbab896994ef578a5d32027cf7ea1aec0a4,nyc-2026-01101600012New_York_Democratic_Representative_in_Congress_12th_Congressional_District_Recap.csv:255,1
ny-2026-06-23-house-12-regular-democratic,2026,2026-06-23,primary,NY,House,12,regular,partisan_primary,Democratic,CURTIS SILWA,nyc-2026-06-23-12-democratic-256-curtis-silwa,,True,1,nyc-2026-cd12-dem,https://www.vote.nyc/sites/default/files/pdf/election_results/2026/20260623Primary%20Election/01101600012New%20York%20Democratic%20Representative%20in%20Congress%2012th%20Congressional%20District%20Recap.csv,bf9e9344a407bfc7e4685fade6873cbab896994ef578a5d32027cf7ea1aec0a4,nyc-2026-01101600012New_York_Democratic_Representative_in_Congress_12th_Congressional_District_Recap.csv:256,1
ny-2026-06-23-house-12-regular-democratic,2026,2026-06-23,primary,NY,House,12,regular,partisan_primary,Democratic,Chris Diep,nyc-2026-06-23-12-democratic-230-chris-diep,Democratic,False,214,nyc-2026-cd12-dem,https://www.vote.nyc/sites/default/files/pdf/election_results/2026/20260623Primary%20Election/01101600012New%20York%20Democratic%20Representative%20in%20Congress%2012th%20Congressional%20District%20Recap.csv,bf9e9344a407bfc7e4685fade6873cbab896994ef578a5d32027cf7ea1aec0a4,nyc-2026-01101600012New_York_Democratic_Representative_in_Congress_12th_Congressional_District_Recap.csv:230,1
ny-2026-06-23-house-12-regular-democratic,2026,2026-06-23,primary,NY,House,12,regular,partisan_primary,Democratic,DAN GOLDMAN,nyc-2026-06-23-12-democratic-257-dan-goldman,,True,4,nyc-2026-cd12-dem,https://www.vote.nyc/sites/default/files/pdf/election_results/2026/20260623Primary%20Election/01101600012New%20York%20Democratic%20Representative%20in%20Congress%2012th%20Congressional%20District%20Recap.csv,bf9e9344a407bfc7e4685fade6873cbab896994ef578a5d32027cf7ea1aec0a4,nyc-2026-01101600012New_York_Democratic_Representative_in_Congress_12th_Congressional_District_Recap.csv:257,1
ny-2026-06-23-house-12-regular-democratic,2026,2026-06-23,primary,NY,House,12,regular,partisan_primary,Democratic,DARIALIZA AVILA CHEVALIER,nyc-2026-06-23-12-democratic-258-darializa-avila-chevalier,,True,22,nyc-2026-cd12-dem,https://www.vote.nyc/sites/default/files/pdf/election_results/2026/20260623Primary%20Election/01101600012New%20York%20Democratic%20Representative%20in%20Congress%2012th%20Congressional%20District%20Recap.csv,bf9e9344a407bfc7e4685fade6873cbab896994ef578a5d32027cf7ea1aec0a4,nyc-2026-01101600012New_York_Democratic_Representative_in_Congress_12th_Congressional_District_Recap.csv:258,1
ny-2026-06-23-house-12-regular-democratic,2026,2026-06-23,primary,NY,House,12,regular,partisan_primary,Democratic,DAVE COLON,nyc-2026-06-23-12-democratic-259-dave-colon,,True,1,nyc-2026-cd12-dem,https://www.vote.nyc/sites/default/files/pdf/election_results/2026/20260623Primary%20Election/01101600012New%20York%20Democratic%20Representative%20in%20Congress%2012th%20Congressional%20District%20Recap.csv,bf9e9344a407bfc7e4685fade6873cbab896994ef578a5d32027cf7ea1aec0a4,nyc-2026-01101600012New_York_Democratic_Representative_in_Congress_12th_Congressional_District_Recap.csv:259,1
ny-2026-06-23-house-12-regular-democratic,2026,2026-06-23,primary,NY,House,12,regular,partisan_primary,Democratic,DONALD J. TRUMP,nyc-2026-06-23-12-democratic-260-donald-j-trump,,True,2,nyc-2026-cd12-dem,https://www.vote.nyc/sites/default/files/pdf/election_results/2026/20260623Primary%20Election/01101600012New%20York%20Democratic%20Representative%20in%20Congress%2012th%20Congressional%20District%20Recap.csv,bf9e9344a407bfc7e4685fade6873cbab896994ef578a5d32027cf7ea1aec0a4,nyc-2026-01101600012New_York_Democratic_Representative_in_Congress_12th_Congressional_District_Recap.csv:260,1
ny-2026-06-23-house-12-regular-democratic,2026,2026-06-23,primary,NY,House,12,regular,partisan_primary,Democratic,ELI NORTHRUP,nyc-2026-06-23-12-democratic-261-eli-northrup,,True,1,nyc-2026-cd12-dem,https://www.vote.nyc/sites/default/files/pdf/election_results/2026/20260623Primary%20Election/01101600012New%20York%20Democratic%20Representative%20in%20Congress%2012th%20Congressional%20District%20Recap.csv,bf9e9344a407bfc7e4685fade6873cbab896994ef578a5d32027cf7ea1aec0a4,nyc-2026-01101600012New_York_Democratic_Representative_in_Congress_12th_Congressional_District_Recap.csv:261,1
ny-2026-06-23-house-12-regular-democratic,2026,2026-06-23,primary,NY,House,12,regular,partisan_primary,Democratic,EMANUEL CHOBAK,nyc-2026-06-23-12-democratic-262-emanuel-chobak,,True,1,nyc-2026-cd12-dem,https://www.vote.nyc/sites/default/files/pdf/election_results/2026/20260623Primary%20Election/01101600012New%20York%20Democratic%20Representative%20in%20Congress%2012th%20Congressional%20District%20Recap.csv,bf9e9344a407bfc7e4685fade6873cbab896994ef578a5d32027cf7ea1aec0a4,nyc-2026-01101600012New_York_Democratic_Representative_in_Congress_12th_Congressional_District_Recap.csv:262,1
ny-2026-06-23-house-12-regular-democratic,2026,2026-06-23,primary,NY,House,12,regular,partisan_primary,Democratic,EMANUEL J. CHOSAK,nyc-2026-06-23-12-democratic-263-emanuel-j-chosak,,True,1,nyc-2026-cd12-dem,https://www.vote.nyc/sites/default/files/pdf/election_results/2026/20260623Primary%20Election/01101600012New%20York%20Democratic%20Representative%20in%20Congress%2012th%20Congressional%20District%20Recap.csv,bf9e9344a407bfc7e4685fade6873cbab896994ef578a5d32027cf7ea1aec0a4,nyc-2026-01101600012New_York_Democratic_Representative_in_Congress_12th_Congressional_District_Recap.csv:263,1
ny-2026-06-23-house-12-regular-democratic,2026,2026-06-23,primary,NY,House,12,regular,partisan_primary,Democratic,EMILY SAMSTAG,nyc-2026-06-23-12-democratic-264-emily-samstag,,True,1,nyc-2026-cd12-dem,https://www.vote.nyc/sites/default/files/pdf/election_results/2026/20260623Primary%20Election/01101600012New%20York%20Democratic%20Representative%20in%20Congress%2012th%20Congressional%20District%20Recap.csv,bf9e9344a407bfc7e4685fade6873cbab896994ef578a5d32027cf7ea1aec0a4,nyc-2026-01101600012New_York_Democratic_Representative_in_Congress_12th_Congressional_District_Recap.csv:264,1
ny-2026-06-23-house-12-regular-democratic,2026,2026-06-23,primary,NY,House,12,regular,partisan_primary,Democratic,ERIC ADAMS,nyc-2026-06-23-12-democratic-265-eric-adams,,True,1,nyc-2026-cd12-dem,https://www.vote.nyc/sites/default/files/pdf/election_results/2026/20260623Primary%20Election/01101600012New%20York%20Democratic%20Representative%20in%20Congress%2012th%20Congressional%20District%20Recap.csv,bf9e9344a407bfc7e4685fade6873cbab896994ef578a5d32027cf7ea1aec0a4,nyc-2026-01101600012New_York_Democratic_Representative_in_Congress_12th_Congressional_District_Recap.csv:265,1
ny-2026-06-23-house-12-regular-democratic,2026,2026-06-23,primary,NY,House,12,regular,partisan_primary,Democratic,GERONIMO MENDEZ POLAXOF III,nyc-2026-06-23-12-democratic-266-geronimo-mendez-polaxof-iii,,True,1,nyc-2026-cd12-dem,https://www.vote.nyc/sites/default/files/pdf/election_results/2026/20260623Primary%20Election/01101600012New%20York%20Democratic%20Representative%20in%20Congress%2012th%20Congressional%20District%20Recap.csv,bf9e9344a407bfc7e4685fade6873cbab896994ef578a5d32027cf7ea1aec0a4,nyc-2026-01101600012New_York_Democratic_Representative_in_Congress_12th_Congressional_District_Recap.csv:266,1
ny-2026-06-23-house-12-regular-democratic,2026,2026-06-23,primary,NY,House,12,regular,partisan_primary,Democratic,GREG HOCH,nyc-2026-06-23-12-democratic-267-greg-hoch,,True,1,nyc-2026-cd12-dem,https://www.vote.nyc/sites/default/files/pdf/election_results/2026/20260623Primary%20Election/01101600012New%20York%20Democratic%20Representative%20in%20Congress%2012th%20Congressional%20District%20Recap.csv,bf9e9344a407bfc7e4685fade6873cbab896994ef578a5d32027cf7ea1aec0a4,nyc-2026-01101600012New_York_Democratic_Representative_in_Congress_12th_Congressional_District_Recap.csv:267,1
ny-2026-06-23-house-12-regular-democratic,2026,2026-06-23,primary,NY,House,12,regular,partisan_primary,Democratic,George Conway,nyc-2026-06-23-12-democratic-231-george-conway,Democratic,False,6588,nyc-2026-cd12-dem,https://www.vote.nyc/sites/default/files/pdf/election_results/2026/20260623Primary%20Election/01101600012New%20York%20Democratic%20Representative%20in%20Congress%2012th%20Congressional%20District%20Recap.csv,bf9e9344a407bfc7e4685fade6873cbab896994ef578a5d32027cf7ea1aec0a4,nyc-2026-01101600012New_York_Democratic_Representative_in_Congress_12th_Congressional_District_Recap.csv:231,1
ny-2026-06-23-house-12-regular-democratic,2026,2026-06-23,primary,NY,House,12,regular,partisan_primary,Democratic,HARRISON FINTZ,nyc-2026-06-23-12-democratic-268-harrison-fintz,,True,1,nyc-2026-cd12-dem,https://www.vote.nyc/sites/default/files/pdf/election_results/2026/20260623Primary%20Election/01101600012New%20York%20Democratic%20Representative%20in%20Congress%2012th%20Congressional%20District%20Recap.csv,bf9e9344a407bfc7e4685fade6873cbab896994ef578a5d32027cf7ea1aec0a4,nyc-2026-01101600012New_York_Democratic_Representative_in_Congress_12th_Congressional_District_Recap.csv:268,1
ny-2026-06-23-house-12-regular-democratic,2026,2026-06-23,primary,NY,House,12,regular,partisan_primary,Democratic,HAZEL GOLDMAN,nyc-2026-06-23-12-democratic-269-hazel-goldman,,True,1,nyc-2026-cd12-dem,https://www.vote.nyc/sites/default/files/pdf/election_results/2026/20260623Primary%20Election/01101600012New%20York%20Democratic%20Representative%20in%20Congress%2012th%20Congressional%20District%20Recap.csv,bf9e9344a407bfc7e4685fade6873cbab896994ef578a5d32027cf7ea1aec0a4,nyc-2026-01101600012New_York_Democratic_Representative_in_Congress_12th_Congressional_District_Recap.csv:269,1
ny-2026-06-23-house-12-regular-democratic,2026,2026-06-23,primary,NY,House,12,regular,partisan_primary,Democratic,IAN RUBIN,nyc-2026-06-23-12-democratic-270-ian-rubin,,True,1,nyc-2026-cd12-dem,https://www.vote.nyc/sites/default/files/pdf/election_results/2026/20260623Primary%20Election/01101600012New%20York%20Democratic%20Representative%20in%20Congress%2012th%20Congressional%20District%20Recap.csv,bf9e9344a407bfc7e4685fade6873cbab896994ef578a5d32027cf7ea1aec0a4,nyc-2026-01101600012New_York_Democratic_Representative_in_Congress_12th_Congressional_District_Recap.csv:270,1
ny-2026-06-23-house-12-regular-democratic,2026,2026-06-23,primary,NY,House,12,regular,partisan_primary,Democratic,JALEN BRUNSON,nyc-2026-06-23-12-democratic-271-jalen-brunson,,True,4,nyc-2026-cd12-dem,https://www.vote.nyc/sites/default/files/pdf/election_results/2026/20260623Primary%20Election/01101600012New%20York%20Democratic%20Representative%20in%20Congress%2012th%20Congressional%20District%20Recap.csv,bf9e9344a407bfc7e4685fade6873cbab896994ef578a5d32027cf7ea1aec0a4,nyc-2026-01101600012New_York_Democratic_Representative_in_Congress_12th_Congressional_District_Recap.csv:271,1
ny-2026-06-23-house-12-regular-democratic,2026,2026-06-23,primary,NY,House,12,regular,partisan_primary,Democratic,JAMES SALZMAN,nyc-2026-06-23-12-democratic-272-james-salzman,,True,1,nyc-2026-cd12-dem,https://www.vote.nyc/sites/default/files/pdf/election_results/2026/20260623Primary%20Election/01101600012New%20York%20Democratic%20Representative%20in%20Congress%2012th%20Congressional%20District%20Recap.csv,bf9e9344a407bfc7e4685fade6873cbab896994ef578a5d32027cf7ea1aec0a4,nyc-2026-01101600012New_York_Democratic_Representative_in_Congress_12th_Congressional_District_Recap.csv:272,1
ny-2026-06-23-house-12-regular-democratic,2026,2026-06-23,primary,NY,House,12,regular,partisan_primary,Democratic,JAMES SMITH,nyc-2026-06-23-12-democratic-273-james-smith,,True,1,nyc-2026-cd12-dem,https://www.vote.nyc/sites/default/files/pdf/election_results/2026/20260623Primary%20Election/01101600012New%20York%20Democratic%20Representative%20in%20Congress%2012th%20Congressional%20District%20Recap.csv,bf9e9344a407bfc7e4685fade6873cbab896994ef578a5d32027cf7ea1aec0a4,nyc-2026-01101600012New_York_Democratic_Representative_in_Congress_12th_Congressional_District_Recap.csv:273,1
ny-2026-06-23-house-12-regular-democratic,2026,2026-06-23,primary,NY,House,12,regular,partisan_primary,Democratic,JAMI FLOYD,nyc-2026-06-23-12-democratic-274-jami-floyd,,True,2,nyc-2026-cd12-dem,https://www.vote.nyc/sites/default/files/pdf/election_results/2026/20260623Primary%20Election/01101600012New%20York%20Democratic%20Representative%20in%20Congress%2012th%20Congressional%20District%20Recap.csv,bf9e9344a407bfc7e4685fade6873cbab896994ef578a5d32027cf7ea1aec0a4,nyc-2026-01101600012New_York_Democratic_Representative_in_Congress_12th_Congressional_District_Recap.csv:274,1
ny-2026-06-23-house-12-regular-democratic,2026,2026-06-23,primary,NY,House,12,regular,partisan_primary,Democratic,JEANNIE MONTE,nyc-2026-06-23-12-democratic-275-jeannie-monte,,True,1,nyc-2026-cd12-dem,https://www.vote.nyc/sites/default/files/pdf/election_results/2026/20260623Primary%20Election/01101600012New%20York%20Democratic%20Representative%20in%20Congress%2012th%20Congressional%20District%20Recap.csv,bf9e9344a407bfc7e4685fade6873cbab896994ef578a5d32027cf7ea1aec0a4,nyc-2026-01101600012New_York_Democratic_Representative_in_Congress_12th_Congressional_District_Recap.csv:275,1
ny-2026-06-23-house-12-regular-democratic,2026,2026-06-23,primary,NY,House,12,regular,partisan_primary,Democratic,JONATHAN WILLIAMS,nyc-2026-06-23-12-democratic-276-jonathan-williams,,True,1,nyc-2026-cd12-dem,https://www.vote.nyc/sites/default/files/pdf/election_results/2026/20260623Primary%20Election/01101600012New%20York%20Democratic%20Representative%20in%20Congress%2012th%20Congressional%20District%20Recap.csv,bf9e9344a407bfc7e4685fade6873cbab896994ef578a5d32027cf7ea1aec0a4,nyc-2026-01101600012New_York_Democratic_Representative_in_Congress_12th_Congressional_District_Recap.csv:276,1
ny-2026-06-23-house-12-regular-democratic,2026,2026-06-23,primary,NY,House,12,regular,partisan_primary,Democratic,Jack Kennedy Schlossberg,nyc-2026-06-23-12-democratic-235-jack-kennedy-schlossberg,Democratic,False,11719,nyc-2026-cd12-dem,https://www.vote.nyc/sites/default/files/pdf/election_results/2026/20260623Primary%20Election/01101600012New%20York%20Democratic%20Representative%20in%20Congress%2012th%20Congressional%20District%20Recap.csv,bf9e9344a407bfc7e4685fade6873cbab896994ef578a5d32027cf7ea1aec0a4,nyc-2026-01101600012New_York_Democratic_Representative_in_Congress_12th_Congressional_District_Recap.csv:235,1
ny-2026-06-23-house-12-regular-democratic,2026,2026-06-23,primary,NY,House,12,regular,partisan_primary,Democratic,KAREN ORTIZ,nyc-2026-06-23-12-democratic-277-karen-ortiz,,True,6,nyc-2026-cd12-dem,https://www.vote.nyc/sites/default/files/pdf/election_results/2026/20260623Primary%20Election/01101600012New%20York%20Democratic%20Representative%20in%20Congress%2012th%20Congressional%20District%20Recap.csv,bf9e9344a407bfc7e4685fade6873cbab896994ef578a5d32027cf7ea1aec0a4,nyc-2026-01101600012New_York_Democratic_Representative_in_Congress_12th_Congressional_District_Recap.csv:277,1
ny-2026-06-23-house-12-regular-democratic,2026,2026-06-23,primary,NY,House,12,regular,partisan_primary,Democratic,KEN GRIFFEN,nyc-2026-06-23-12-democratic-278-ken-griffen,,True,1,nyc-2026-cd12-dem,https://www.vote.nyc/sites/default/files/pdf/election_results/2026/20260623Primary%20Election/01101600012New%20York%20Democratic%20Representative%20in%20Congress%2012th%20Congressional%20District%20Recap.csv,bf9e9344a407bfc7e4685fade6873cbab896994ef578a5d32027cf7ea1aec0a4,nyc-2026-01101600012New_York_Democratic_Representative_in_Congress_12th_Congressional_District_Recap.csv:278,1
ny-2026-06-23-house-12-regular-democratic,2026,2026-06-23,primary,NY,House,12,regular,partisan_primary,Democratic,KIM OLIVER,nyc-2026-06-23-12-democratic-279-kim-oliver,,True,1,nyc-2026-cd12-dem,https://www.vote.nyc/sites/default/files/pdf/election_results/2026/20260623Primary%20Election/01101600012New%20York%20Democratic%20Representative%20in%20Congress%2012th%20Congressional%20District%20Recap.csv,bf9e9344a407bfc7e4685fade6873cbab896994ef578a5d32027cf7ea1aec0a4,nyc-2026-01101600012New_York_Democratic_Representative_in_Congress_12th_Congressional_District_Recap.csv:279,1
ny-2026-06-23-house-12-regular-democratic,2026,2026-06-23,primary,NY,House,12,regular,partisan_primary,Democratic,KIP LEIBOWITZ,nyc-2026-06-23-12-democratic-280-kip-leibowitz,,True,1,nyc-2026-cd12-dem,https://www.vote.nyc/sites/default/files/pdf/election_results/2026/20260623Primary%20Election/01101600012New%20York%20Democratic%20Representative%20in%20Congress%2012th%20Congressional%20District%20Recap.csv,bf9e9344a407bfc7e4685fade6873cbab896994ef578a5d32027cf7ea1aec0a4,nyc-2026-01101600012New_York_Democratic_Representative_in_Congress_12th_Congressional_District_Recap.csv:280,1
ny-2026-06-23-house-12-regular-democratic,2026,2026-06-23,primary,NY,House,12,regular,partisan_primary,Democratic,LINDSAY MCNEAL,nyc-2026-06-23-12-democratic-281-lindsay-mcneal,,True,1,nyc-2026-cd12-dem,https://www.vote.nyc/sites/default/files/pdf/election_results/2026/20260623Primary%20Election/01101600012New%20York%20Democratic%20Representative%20in%20Congress%2012th%20Congressional%20District%20Recap.csv,bf9e9344a407bfc7e4685fade6873cbab896994ef578a5d32027cf7ea1aec0a4,nyc-2026-01101600012New_York_Democratic_Representative_in_Congress_12th_Congressional_District_Recap.csv:281,1
ny-2026-06-23-house-12-regular-democratic,2026,2026-06-23,primary,NY,House,12,regular,partisan_primary,Democratic,LOUIS BERTOT,nyc-2026-06-23-12-democratic-282-louis-bertot,,True,1,nyc-2026-cd12-dem,https://www.vote.nyc/sites/default/files/pdf/election_results/2026/20260623Primary%20Election/01101600012New%20York%20Democratic%20Representative%20in%20Congress%2012th%20Congressional%20District%20Recap.csv,bf9e9344a407bfc7e4685fade6873cbab896994ef578a5d32027cf7ea1aec0a4,nyc-2026-01101600012New_York_Democratic_Representative_in_Congress_12th_Congressional_District_Recap.csv:282,1
ny-2026-06-23-house-12-regular-democratic,2026,2026-06-23,primary,NY,House,12,regular,partisan_primary,Democratic,Laura Dunn,nyc-2026-06-23-12-democratic-232-laura-dunn,Democratic,False,1477,nyc-2026-cd12-dem,https://www.vote.nyc/sites/default/files/pdf/election_results/2026/20260623Primary%20Election/01101600012New%20York%20Democratic%20Representative%20in%20Congress%2012th%20Congressional%20District%20Recap.csv,bf9e9344a407bfc7e4685fade6873cbab896994ef578a5d32027cf7ea1aec0a4,nyc-2026-01101600012New_York_Democratic_Representative_in_Congress_12th_Congressional_District_Recap.csv:232,1
ny-2026-06-23-house-12-regular-democratic,2026,2026-06-23,primary,NY,House,12,regular,partisan_primary,Democratic,MARK SYLUS,nyc-2026-06-23-12-democratic-283-mark-sylus,,True,1,nyc-2026-cd12-dem,https://www.vote.nyc/sites/default/files/pdf/election_results/2026/20260623Primary%20Election/01101600012New%20York%20Democratic%20Representative%20in%20Congress%2012th%20Congressional%20District%20Recap.csv,bf9e9344a407bfc7e4685fade6873cbab896994ef578a5d32027cf7ea1aec0a4,nyc-2026-01101600012New_York_Democratic_Representative_in_Congress_12th_Congressional_District_Recap.csv:283,1
ny-2026-06-23-house-12-regular-democratic,2026,2026-06-23,primary,NY,House,12,regular,partisan_primary,Democratic,MATT BERNSTEIN,nyc-2026-06-23-12-democratic-284-matt-bernstein,,True,1,nyc-2026-cd12-dem,https://www.vote.nyc/sites/default/files/pdf/election_results/2026/20260623Primary%20Election/01101600012New%20York%20Democratic%20Representative%20in%20Congress%2012th%20Congressional%20District%20Recap.csv,bf9e9344a407bfc7e4685fade6873cbab896994ef578a5d32027cf7ea1aec0a4,nyc-2026-01101600012New_York_Democratic_Representative_in_Congress_12th_Congressional_District_Recap.csv:284,1
ny-2026-06-23-house-12-regular-democratic,2026,2026-06-23,primary,NY,House,12,regular,partisan_primary,Democratic,MICHAEL BLOOMBERG,nyc-2026-06-23-12-democratic-285-michael-bloomberg,,True,3,nyc-2026-cd12-dem,https://www.vote.nyc/sites/default/files/pdf/election_results/2026/20260623Primary%20Election/01101600012New%20York%20Democratic%20Representative%20in%20Congress%2012th%20Congressional%20District%20Recap.csv,bf9e9344a407bfc7e4685fade6873cbab896994ef578a5d32027cf7ea1aec0a4,nyc-2026-01101600012New_York_Democratic_Representative_in_Congress_12th_Congressional_District_Recap.csv:285,1
ny-2026-06-23-house-12-regular-democratic,2026,2026-06-23,primary,NY,House,12,regular,partisan_primary,Democratic,MICHAEL ROTH,nyc-2026-06-23-12-democratic-286-michael-roth,,True,1,nyc-2026-cd12-dem,https://www.vote.nyc/sites/default/files/pdf/election_results/2026/20260623Primary%20Election/01101600012New%20York%20Democratic%20Representative%20in%20Congress%2012th%20Congressional%20District%20Recap.csv,bf9e9344a407bfc7e4685fade6873cbab896994ef578a5d32027cf7ea1aec0a4,nyc-2026-01101600012New_York_Democratic_Representative_in_Congress_12th_Congressional_District_Recap.csv:286,1
ny-2026-06-23-house-12-regular-democratic,2026,2026-06-23,primary,NY,House,12,regular,partisan_primary,Democratic,Micah C. Lasher,nyc-2026-06-23-12-democratic-233-micah-c-lasher,Democratic,False,41940,nyc-2026-cd12-dem,https://www.vote.nyc/sites/default/files/pdf/election_results/2026/20260623Primary%20Election/01101600012New%20York%20Democratic%20Representative%20in%20Congress%2012th%20Congressional%20District%20Recap.csv,bf9e9344a407bfc7e4685fade6873cbab896994ef578a5d32027cf7ea1aec0a4,nyc-2026-01101600012New_York_Democratic_Representative_in_Congress_12th_Congressional_District_Recap.csv:233,1
ny-2026-06-23-house-12-regular-democratic,2026,2026-06-23,primary,NY,House,12,regular,partisan_primary,Democratic,Nina Schwalbe,nyc-2026-06-23-12-democratic-228-nina-schwalbe,Democratic,False,7819,nyc-2026-cd12-dem,https://www.vote.nyc/sites/default/files/pdf/election_results/2026/20260623Primary%20Election/01101600012New%20York%20Democratic%20Representative%20in%20Congress%2012th%20Congressional%20District%20Recap.csv,bf9e9344a407bfc7e4685fade6873cbab896994ef578a5d32027cf7ea1aec0a4,nyc-2026-01101600012New_York_Democratic_Representative_in_Congress_12th_Congressional_District_Recap.csv:228,1
ny-2026-06-23-house-12-regular-democratic,2026,2026-06-23,primary,NY,House,12,regular,partisan_primary,Democratic,OSCAR J. ROMERO JR.,nyc-2026-06-23-12-democratic-287-oscar-j-romero-jr,,True,1,nyc-2026-cd12-dem,https://www.vote.nyc/sites/default/files/pdf/election_results/2026/20260623Primary%20Election/01101600012New%20York%20Democratic%20Representative%20in%20Congress%2012th%20Congressional%20District%20Recap.csv,bf9e9344a407bfc7e4685fade6873cbab896994ef578a5d32027cf7ea1aec0a4,nyc-2026-01101600012New_York_Democratic_Representative_in_Congress_12th_Congressional_District_Recap.csv:287,1
ny-2026-06-23-house-12-regular-democratic,2026,2026-06-23,primary,NY,House,12,regular,partisan_primary,Democratic,PATRICK ASDURIAN,nyc-2026-06-23-12-democratic-288-patrick-asdurian,,True,1,nyc-2026-cd12-dem,https://www.vote.nyc/sites/default/files/pdf/election_results/2026/20260623Primary%20Election/01101600012New%20York%20Democratic%20Representative%20in%20Congress%2012th%20Congressional%20District%20Recap.csv,bf9e9344a407bfc7e4685fade6873cbab896994ef578a5d32027cf7ea1aec0a4,nyc-2026-01101600012New_York_Democratic_Representative_in_Congress_12th_Congressional_District_Recap.csv:288,1
ny-2026-06-23-house-12-regular-democratic,2026,2026-06-23,primary,NY,House,12,regular,partisan_primary,Democratic,PHILIP METVINER,nyc-2026-06-23-12-democratic-289-philip-metviner,,True,1,nyc-2026-cd12-dem,https://www.vote.nyc/sites/default/files/pdf/election_results/2026/20260623Primary%20Election/01101600012New%20York%20Democratic%20Representative%20in%20Congress%2012th%20Congressional%20District%20Recap.csv,bf9e9344a407bfc7e4685fade6873cbab896994ef578a5d32027cf7ea1aec0a4,nyc-2026-01101600012New_York_Democratic_Representative_in_Congress_12th_Congressional_District_Recap.csv:289,1
ny-2026-06-23-house-12-regular-democratic,2026,2026-06-23,primary,NY,House,12,regular,partisan_primary,Democratic,Patrick Timmins,nyc-2026-06-23-12-democratic-229-patrick-timmins,Democratic,False,330,nyc-2026-cd12-dem,https://www.vote.nyc/sites/default/files/pdf/election_results/2026/20260623Primary%20Election/01101600012New%20York%20Democratic%20Representative%20in%20Congress%2012th%20Congressional%20District%20Recap.csv,bf9e9344a407bfc7e4685fade6873cbab896994ef578a5d32027cf7ea1aec0a4,nyc-2026-01101600012New_York_Democratic_Representative_in_Congress_12th_Congressional_District_Recap.csv:229,1
ny-2026-06-23-house-12-regular-democratic,2026,2026-06-23,primary,NY,House,12,regular,partisan_primary,Democratic,RAJ GOYLE,nyc-2026-06-23-12-democratic-290-raj-goyle,,True,1,nyc-2026-cd12-dem,https://www.vote.nyc/sites/default/files/pdf/election_results/2026/20260623Primary%20Election/01101600012New%20York%20Democratic%20Representative%20in%20Congress%2012th%20Congressional%20District%20Recap.csv,bf9e9344a407bfc7e4685fade6873cbab896994ef578a5d32027cf7ea1aec0a4,nyc-2026-01101600012New_York_Democratic_Representative_in_Congress_12th_Congressional_District_Recap.csv:290,1
ny-2026-06-23-house-12-regular-democratic,2026,2026-06-23,primary,NY,House,12,regular,partisan_primary,Democratic,RAMA DUWAJI,nyc-2026-06-23-12-democratic-291-rama-duwaji,,True,1,nyc-2026-cd12-dem,https://www.vote.nyc/sites/default/files/pdf/election_results/2026/20260623Primary%20Election/01101600012New%20York%20Democratic%20Representative%20in%20Congress%2012th%20Congressional%20District%20Recap.csv,bf9e9344a407bfc7e4685fade6873cbab896994ef578a5d32027cf7ea1aec0a4,nyc-2026-01101600012New_York_Democratic_Representative_in_Congress_12th_Congressional_District_Recap.csv:291,1
ny-2026-06-23-house-12-regular-democratic,2026,2026-06-23,primary,NY,House,12,regular,partisan_primary,Democratic,RESHMA SAUSANI,nyc-2026-06-23-12-democratic-292-reshma-sausani,,True,1,nyc-2026-cd12-dem,https://www.vote.nyc/sites/default/files/pdf/election_results/2026/20260623Primary%20Election/01101600012New%20York%20Democratic%20Representative%20in%20Congress%2012th%20Congressional%20District%20Recap.csv,bf9e9344a407bfc7e4685fade6873cbab896994ef578a5d32027cf7ea1aec0a4,nyc-2026-01101600012New_York_Democratic_Representative_in_Congress_12th_Congressional_District_Recap.csv:292,1
ny-2026-06-23-house-12-regular-democratic,2026,2026-06-23,primary,NY,House,12,regular,partisan_primary,Democratic,RISHUB PODAR,nyc-2026-06-23-12-democratic-293-rishub-podar,,True,1,nyc-2026-cd12-dem,https://www.vote.nyc/sites/default/files/pdf/election_results/2026/20260623Primary%20Election/01101600012New%20York%20Democratic%20Representative%20in%20Congress%2012th%20Congressional%20District%20Recap.csv,bf9e9344a407bfc7e4685fade6873cbab896994ef578a5d32027cf7ea1aec0a4,nyc-2026-01101600012New_York_Democratic_Representative_in_Congress_12th_Congressional_District_Recap.csv:293,1
ny-2026-06-23-house-12-regular-democratic,2026,2026-06-23,primary,NY,House,12,regular,partisan_primary,Democratic,RITCHIE TORRES,nyc-2026-06-23-12-democratic-294-ritchie-torres,,True,1,nyc-2026-cd12-dem,https://www.vote.nyc/sites/default/files/pdf/election_results/2026/20260623Primary%20Election/01101600012New%20York%20Democratic%20Representative%20in%20Congress%2012th%20Congressional%20District%20Recap.csv,bf9e9344a407bfc7e4685fade6873cbab896994ef578a5d32027cf7ea1aec0a4,nyc-2026-01101600012New_York_Democratic_Representative_in_Congress_12th_Congressional_District_Recap.csv:294,1
ny-2026-06-23-house-12-regular-democratic,2026,2026-06-23,primary,NY,House,12,regular,partisan_primary,Democratic,ROBERT M. KANE,nyc-2026-06-23-12-democratic-295-robert-m-kane,,True,1,nyc-2026-cd12-dem,https://www.vote.nyc/sites/default/files/pdf/election_results/2026/20260623Primary%20Election/01101600012New%20York%20Democratic%20Representative%20in%20Congress%2012th%20Congressional%20District%20Recap.csv,bf9e9344a407bfc7e4685fade6873cbab896994ef578a5d32027cf7ea1aec0a4,nyc-2026-01101600012New_York_Democratic_Representative_in_Congress_12th_Congressional_District_Recap.csv:295,1
ny-2026-06-23-house-12-regular-democratic,2026,2026-06-23,primary,NY,House,12,regular,partisan_primary,Democratic,ROGER BENDELAC,nyc-2026-06-23-12-democratic-296-roger-bendelac,,True,1,nyc-2026-cd12-dem,https://www.vote.nyc/sites/default/files/pdf/election_results/2026/20260623Primary%20Election/01101600012New%20York%20Democratic%20Representative%20in%20Congress%2012th%20Congressional%20District%20Recap.csv,bf9e9344a407bfc7e4685fade6873cbab896994ef578a5d32027cf7ea1aec0a4,nyc-2026-01101600012New_York_Democratic_Representative_in_Congress_12th_Congressional_District_Recap.csv:296,1
ny-2026-06-23-house-12-regular-democratic,2026,2026-06-23,primary,NY,House,12,regular,partisan_primary,Democratic,SAM ANTAR,nyc-2026-06-23-12-democratic-297-sam-antar,,True,1,nyc-2026-cd12-dem,https://www.vote.nyc/sites/default/files/pdf/election_results/2026/20260623Primary%20Election/01101600012New%20York%20Democratic%20Representative%20in%20Congress%2012th%20Congressional%20District%20Recap.csv,bf9e9344a407bfc7e4685fade6873cbab896994ef578a5d32027cf7ea1aec0a4,nyc-2026-01101600012New_York_Democratic_Representative_in_Congress_12th_Congressional_District_Recap.csv:297,1
ny-2026-06-23-house-12-regular-democratic,2026,2026-06-23,primary,NY,House,12,regular,partisan_primary,Democratic,SAM FLOWERS,nyc-2026-06-23-12-democratic-298-sam-flowers,,True,1,nyc-2026-cd12-dem,https://www.vote.nyc/sites/default/files/pdf/election_results/2026/20260623Primary%20Election/01101600012New%20York%20Democratic%20Representative%20in%20Congress%2012th%20Congressional%20District%20Recap.csv,bf9e9344a407bfc7e4685fade6873cbab896994ef578a5d32027cf7ea1aec0a4,nyc-2026-01101600012New_York_Democratic_Representative_in_Congress_12th_Congressional_District_Recap.csv:298,1
ny-2026-06-23-house-12-regular-democratic,2026,2026-06-23,primary,NY,House,12,regular,partisan_primary,Democratic,SAMANTHA KATTAN,nyc-2026-06-23-12-democratic-299-samantha-kattan,,True,1,nyc-2026-cd12-dem,https://www.vote.nyc/sites/default/files/pdf/election_results/2026/20260623Primary%20Election/01101600012New%20York%20Democratic%20Representative%20in%20Congress%2012th%20Congressional%20District%20Recap.csv,bf9e9344a407bfc7e4685fade6873cbab896994ef578a5d32027cf7ea1aec0a4,nyc-2026-01101600012New_York_Democratic_Representative_in_Congress_12th_Congressional_District_Recap.csv:299,1
ny-2026-06-23-house-12-regular-democratic,2026,2026-06-23,primary,NY,House,12,regular,partisan_primary,Democratic,SAMAR JARED,nyc-2026-06-23-12-democratic-300-samar-jared,,True,1,nyc-2026-cd12-dem,https://www.vote.nyc/sites/default/files/pdf/election_results/2026/20260623Primary%20Election/01101600012New%20York%20Democratic%20Representative%20in%20Congress%2012th%20Congressional%20District%20Recap.csv,bf9e9344a407bfc7e4685fade6873cbab896994ef578a5d32027cf7ea1aec0a4,nyc-2026-01101600012New_York_Democratic_Representative_in_Congress_12th_Congressional_District_Recap.csv:300,1
ny-2026-06-23-house-12-regular-democratic,2026,2026-06-23,primary,NY,House,12,regular,partisan_primary,Democratic,SEAN LENNON,nyc-2026-06-23-12-democratic-301-sean-lennon,,True,1,nyc-2026-cd12-dem,https://www.vote.nyc/sites/default/files/pdf/election_results/2026/20260623Primary%20Election/01101600012New%20York%20Democratic%20Representative%20in%20Congress%2012th%20Congressional%20District%20Recap.csv,bf9e9344a407bfc7e4685fade6873cbab896994ef578a5d32027cf7ea1aec0a4,nyc-2026-01101600012New_York_Democratic_Representative_in_Congress_12th_Congressional_District_Recap.csv:301,1
ny-2026-06-23-house-12-regular-democratic,2026,2026-06-23,primary,NY,House,12,regular,partisan_primary,Democratic,SEBASTIEN ISSA,nyc-2026-06-23-12-democratic-302-sebastien-issa,,True,1,nyc-2026-cd12-dem,https://www.vote.nyc/sites/default/files/pdf/election_results/2026/20260623Primary%20Election/01101600012New%20York%20Democratic%20Representative%20in%20Congress%2012th%20Congressional%20District%20Recap.csv,bf9e9344a407bfc7e4685fade6873cbab896994ef578a5d32027cf7ea1aec0a4,nyc-2026-01101600012New_York_Democratic_Representative_in_Congress_12th_Congressional_District_Recap.csv:302,1
ny-2026-06-23-house-12-regular-democratic,2026,2026-06-23,primary,NY,House,12,regular,partisan_primary,Democratic,SHOHEI OHTANI,nyc-2026-06-23-12-democratic-303-shohei-ohtani,,True,1,nyc-2026-cd12-dem,https://www.vote.nyc/sites/default/files/pdf/election_results/2026/20260623Primary%20Election/01101600012New%20York%20Democratic%20Representative%20in%20Congress%2012th%20Congressional%20District%20Recap.csv,bf9e9344a407bfc7e4685fade6873cbab896994ef578a5d32027cf7ea1aec0a4,nyc-2026-01101600012New_York_Democratic_Representative_in_Congress_12th_Congressional_District_Recap.csv:303,1
ny-2026-06-23-house-12-regular-democratic,2026,2026-06-23,primary,NY,House,12,regular,partisan_primary,Democratic,STEPHANIE RUSKAY,nyc-2026-06-23-12-democratic-304-stephanie-ruskay,,True,2,nyc-2026-cd12-dem,https://www.vote.nyc/sites/default/files/pdf/election_results/2026/20260623Primary%20Election/01101600012New%20York%20Democratic%20Representative%20in%20Congress%2012th%20Congressional%20District%20Recap.csv,bf9e9344a407bfc7e4685fade6873cbab896994ef578a5d32027cf7ea1aec0a4,nyc-2026-01101600012New_York_Democratic_Representative_in_Congress_12th_Congressional_District_Recap.csv:304,1
ny-2026-06-23-house-12-regular-democratic,2026,2026-06-23,primary,NY,House,12,regular,partisan_primary,Democratic,TINA DEVASTHALI,nyc-2026-06-23-12-democratic-305-tina-devasthali,,True,1,nyc-2026-cd12-dem,https://www.vote.nyc/sites/default/files/pdf/election_results/2026/20260623Primary%20Election/01101600012New%20York%20Democratic%20Representative%20in%20Congress%2012th%20Congressional%20District%20Recap.csv,bf9e9344a407bfc7e4685fade6873cbab896994ef578a5d32027cf7ea1aec0a4,nyc-2026-01101600012New_York_Democratic_Representative_in_Congress_12th_Congressional_District_Recap.csv:305,1
ny-2026-06-23-house-12-regular-democratic,2026,2026-06-23,primary,NY,House,12,regular,partisan_primary,Democratic,TREY JEMISON,nyc-2026-06-23-12-democratic-306-trey-jemison,,True,1,nyc-2026-cd12-dem,https://www.vote.nyc/sites/default/files/pdf/election_results/2026/20260623Primary%20Election/01101600012New%20York%20Democratic%20Representative%20in%20Congress%2012th%20Congressional%20District%20Recap.csv,bf9e9344a407bfc7e4685fade6873cbab896994ef578a5d32027cf7ea1aec0a4,nyc-2026-01101600012New_York_Democratic_Representative_in_Congress_12th_Congressional_District_Recap.csv:306,1
ny-2026-06-23-house-12-regular-democratic,2026,2026-06-23,primary,NY,House,12,regular,partisan_primary,Democratic,UNATTRIBUTABLE WRITE-IN,nyc-2026-06-23-12-democratic-307-unattributable-write-in,,True,35,nyc-2026-cd12-dem,https://www.vote.nyc/sites/default/files/pdf/election_results/2026/20260623Primary%20Election/01101600012New%20York%20Democratic%20Representative%20in%20Congress%2012th%20Congressional%20District%20Recap.csv,bf9e9344a407bfc7e4685fade6873cbab896994ef578a5d32027cf7ea1aec0a4,nyc-2026-01101600012New_York_Democratic_Representative_in_Congress_12th_Congressional_District_Recap.csv:307,1
ny-2026-06-23-house-13-regular-democratic,2026,2026-06-23,primary,NY,House,13,regular,partisan_primary,Democratic,ABDUL SHAKIR,nyc-2026-06-23-13-democratic-120-abdul-shakir,,True,1,nyc-2026-cd13-dem,https://www.vote.nyc/sites/default/files/pdf/election_results/2026/20260623Primary%20Election/01001600013Crossover%20Democratic%20Representative%20in%20Congress%2013th%20Congressional%20District%20Recap.csv,5b43b21090966df5d58abadc54c9f434009eeede9bf5591b83c135f5380ebbcb,nyc-2026-01001600013Crossover_Democratic_Representative_in_Congress_13th_Congressional_District_Recap.csv:120,2
ny-2026-06-23-house-13-regular-democratic,2026,2026-06-23,primary,NY,House,13,regular,partisan_primary,Democratic,ADRIANO ESPAILLAT,nyc-2026-06-23-13-democratic-121-adriano-espaillat,,True,7,nyc-2026-cd13-dem,https://www.vote.nyc/sites/default/files/pdf/election_results/2026/20260623Primary%20Election/01001600013Crossover%20Democratic%20Representative%20in%20Congress%2013th%20Congressional%20District%20Recap.csv,5b43b21090966df5d58abadc54c9f434009eeede9bf5591b83c135f5380ebbcb,nyc-2026-01001600013Crossover_Democratic_Representative_in_Congress_13th_Congressional_District_Recap.csv:121,2
ny-2026-06-23-house-13-regular-democratic,2026,2026-06-23,primary,NY,House,13,regular,partisan_primary,Democratic,AL SHARPTON,nyc-2026-06-23-13-democratic-122-al-sharpton,,True,1,nyc-2026-cd13-dem,https://www.vote.nyc/sites/default/files/pdf/election_results/2026/20260623Primary%20Election/01001600013Crossover%20Democratic%20Representative%20in%20Congress%2013th%20Congressional%20District%20Recap.csv,5b43b21090966df5d58abadc54c9f434009eeede9bf5591b83c135f5380ebbcb,nyc-2026-01001600013Crossover_Democratic_Representative_in_Congress_13th_Congressional_District_Recap.csv:122,2
ny-2026-06-23-house-13-regular-democratic,2026,2026-06-23,primary,NY,House,13,regular,partisan_primary,Democratic,ALEX BORES,nyc-2026-06-23-13-democratic-123-alex-bores,,True,4,nyc-2026-cd13-dem,https://www.vote.nyc/sites/default/files/pdf/election_results/2026/20260623Primary%20Election/01001600013Crossover%20Democratic%20Representative%20in%20Congress%2013th%20Congressional%20District%20Recap.csv,5b43b21090966df5d58abadc54c9f434009eeede9bf5591b83c135f5380ebbcb,nyc-2026-01001600013Crossover_Democratic_Representative_in_Congress_13th_Congressional_District_Recap.csv:123,2
ny-2026-06-23-house-13-regular-democratic,2026,2026-06-23,primary,NY,House,13,regular,partisan_primary,Democratic,ALEXANDRIA OCASIO CORTEZ,nyc-2026-06-23-13-democratic-124-alexandria-ocasio-cortez,,True,1,nyc-2026-cd13-dem,https://www.vote.nyc/sites/default/files/pdf/election_results/2026/20260623Primary%20Election/01001600013Crossover%20Democratic%20Representative%20in%20Congress%2013th%20Congressional%20District%20Recap.csv,5b43b21090966df5d58abadc54c9f434009eeede9bf5591b83c135f5380ebbcb,nyc-2026-01001600013Crossover_Democratic_Representative_in_Congress_13th_Congressional_District_Recap.csv:124,2
ny-2026-06-23-house-13-regular-democratic,2026,2026-06-23,primary,NY,House,13,regular,partisan_primary,Democratic,ANDREW CUOMO,nyc-2026-06-23-13-democratic-125-andrew-cuomo,,True,1,nyc-2026-cd13-dem,https://www.vote.nyc/sites/default/files/pdf/election_results/2026/20260623Primary%20Election/01001600013Crossover%20Democratic%20Representative%20in%20Congress%2013th%20Congressional%20District%20Recap.csv,5b43b21090966df5d58abadc54c9f434009eeede9bf5591b83c135f5380ebbcb,nyc-2026-01001600013Crossover_Democratic_Representative_in_Congress_13th_Congressional_District_Recap.csv:125,2
ny-2026-06-23-house-13-regular-democratic,2026,2026-06-23,primary,NY,House,13,regular,partisan_primary,Democratic,ANDREW J. ANCONA,nyc-2026-06-23-13-democratic-126-andrew-j-ancona,,True,1,nyc-2026-cd13-dem,https://www.vote.nyc/sites/default/files/pdf/election_results/2026/20260623Primary%20Election/01001600013Crossover%20Democratic%20Representative%20in%20Congress%2013th%20Congressional%20District%20Recap.csv,5b43b21090966df5d58abadc54c9f434009eeede9bf5591b83c135f5380ebbcb,nyc-2026-01001600013Crossover_Democratic_Representative_in_Congress_13th_Congressional_District_Recap.csv:126,2
ny-2026-06-23-house-13-regular-democratic,2026,2026-06-23,primary,NY,House,13,regular,partisan_primary,Democratic,ANTHONY GAUTT,nyc-2026-06-23-13-democratic-127-anthony-gautt,,True,1,nyc-2026-cd13-dem,https://www.vote.nyc/sites/default/files/pdf/election_results/2026/20260623Primary%20Election/01001600013Crossover%20Democratic%20Representative%20in%20Congress%2013th%20Congressional%20District%20Recap.csv,5b43b21090966df5d58abadc54c9f434009eeede9bf5591b83c135f5380ebbcb,nyc-2026-01001600013Crossover_Democratic_Representative_in_Congress_13th_Congressional_District_Recap.csv:127,2
ny-2026-06-23-house-13-regular-democratic,2026,2026-06-23,primary,NY,House,13,regular,partisan_primary,Democratic,ANTONIO ESPINOSA,nyc-2026-06-23-13-democratic-128-antonio-espinosa,,True,1,nyc-2026-cd13-dem,https://www.vote.nyc/sites/default/files/pdf/election_results/2026/20260623Primary%20Election/01001600013Crossover%20Democratic%20Representative%20in%20Congress%2013th%20Congressional%20District%20Recap.csv,5b43b21090966df5d58abadc54c9f434009eeede9bf5591b83c135f5380ebbcb,nyc-2026-01001600013Crossover_Democratic_Representative_in_Congress_13th_Congressional_District_Recap.csv:128,2
ny-2026-06-23-house-13-regular-democratic,2026,2026-06-23,primary,NY,House,13,regular,partisan_primary,Democratic,Adriano Espaillat,nyc-2026-06-23-13-democratic-119-adriano-espaillat,Democratic,False,33555,nyc-2026-cd13-dem,https://www.vote.nyc/sites/default/files/pdf/election_results/2026/20260623Primary%20Election/01001600013Crossover%20Democratic%20Representative%20in%20Congress%2013th%20Congressional%20District%20Recap.csv,5b43b21090966df5d58abadc54c9f434009eeede9bf5591b83c135f5380ebbcb,nyc-2026-01001600013Crossover_Democratic_Representative_in_Congress_13th_Congressional_District_Recap.csv:119,2
ny-2026-06-23-house-13-regular-democratic,2026,2026-06-23,primary,NY,House,13,regular,partisan_primary,Democratic,BEN FERENCZ,nyc-2026-06-23-13-democratic-129-ben-ferencz,,True,1,nyc-2026-cd13-dem,https://www.vote.nyc/sites/default/files/pdf/election_results/2026/20260623Primary%20Election/01001600013Crossover%20Democratic%20Representative%20in%20Congress%2013th%20Congressional%20District%20Recap.csv,5b43b21090966df5d58abadc54c9f434009eeede9bf5591b83c135f5380ebbcb,nyc-2026-01001600013Crossover_Democratic_Representative_in_Congress_13th_Congressional_District_Recap.csv:129,2
ny-2026-06-23-house-13-regular-democratic,2026,2026-06-23,primary,NY,House,13,regular,partisan_primary,Democratic,BRAD LANDER,nyc-2026-06-23-13-democratic-130-brad-lander,,True,4,nyc-2026-cd13-dem,https://www.vote.nyc/sites/default/files/pdf/election_results/2026/20260623Primary%20Election/01001600013Crossover%20Democratic%20Representative%20in%20Congress%2013th%20Congressional%20District%20Recap.csv,5b43b21090966df5d58abadc54c9f434009eeede9bf5591b83c135f5380ebbcb,nyc-2026-01001600013Crossover_Democratic_Representative_in_Congress_13th_Congressional_District_Recap.csv:130,2
ny-2026-06-23-house-13-regular-democratic,2026,2026-06-23,primary,NY,House,13,regular,partisan_primary,Democratic,CANDACE NILES,nyc-2026-06-23-13-democratic-131-candace-niles,,True,2,nyc-2026-cd13-dem,https://www.vote.nyc/sites/default/files/pdf/election_results/2026/20260623Primary%20Election/01001600013Crossover%20Democratic%20Representative%20in%20Congress%2013th%20Congressional%20District%20Recap.csv,5b43b21090966df5d58abadc54c9f434009eeede9bf5591b83c135f5380ebbcb,nyc-2026-01001600013Crossover_Democratic_Representative_in_Congress_13th_Congressional_District_Recap.csv:131,2
ny-2026-06-23-house-13-regular-democratic,2026,2026-06-23,primary,NY,House,13,regular,partisan_primary,Democratic,CARLOS CARDONAS,nyc-2026-06-23-13-democratic-132-carlos-cardonas,,True,1,nyc-2026-cd13-dem,https://www.vote.nyc/sites/default/files/pdf/election_results/2026/20260623Primary%20Election/01001600013Crossover%20Democratic%20Representative%20in%20Congress%2013th%20Congressional%20District%20Recap.csv,5b43b21090966df5d58abadc54c9f434009eeede9bf5591b83c135f5380ebbcb,nyc-2026-01001600013Crossover_Democratic_Representative_in_Congress_13th_Congressional_District_Recap.csv:132,2
ny-2026-06-23-house-13-regular-democratic,2026,2026-06-23,primary,NY,House,13,regular,partisan_primary,Democratic,CASSANDRA PERRY,nyc-2026-06-23-13-democratic-133-cassandra-perry,,True,1,nyc-2026-cd13-dem,https://www.vote.nyc/sites/default/files/pdf/election_results/2026/20260623Primary%20Election/01001600013Crossover%20Democratic%20Representative%20in%20Congress%2013th%20Congressional%20District%20Recap.csv,5b43b21090966df5d58abadc54c9f434009eeede9bf5591b83c135f5380ebbcb,nyc-2026-01001600013Crossover_Democratic_Representative_in_Congress_13th_Congressional_District_Recap.csv:133,2
ny-2026-06-23-house-13-regular-democratic,2026,2026-06-23,primary,NY,House,13,regular,partisan_primary,Democratic,CORDELL CLEARE,nyc-2026-06-23-13-democratic-134-cordell-cleare,,True,1,nyc-2026-cd13-dem,https://www.vote.nyc/sites/default/files/pdf/election_results/2026/20260623Primary%20Election/01001600013Crossover%20Democratic%20Representative%20in%20Congress%2013th%20Congressional%20District%20Recap.csv,5b43b21090966df5d58abadc54c9f434009eeede9bf5591b83c135f5380ebbcb,nyc-2026-01001600013Crossover_Democratic_Representative_in_Congress_13th_Congressional_District_Recap.csv:134,2
ny-2026-06-23-house-13-regular-democratic,2026,2026-06-23,primary,NY,House,13,regular,partisan_primary,Democratic,CRAIG SCHLEY,nyc-2026-06-23-13-democratic-135-craig-schley,,True,1,nyc-2026-cd13-dem,https://www.vote.nyc/sites/default/files/pdf/election_results/2026/20260623Primary%20Election/01001600013Crossover%20Democratic%20Representative%20in%20Congress%2013th%20Congressional%20District%20Recap.csv,5b43b21090966df5d58abadc54c9f434009eeede9bf5591b83c135f5380ebbcb,nyc-2026-01001600013Crossover_Democratic_Representative_in_Congress_13th_Congressional_District_Recap.csv:135,2
ny-2026-06-23-house-13-regular-democratic,2026,2026-06-23,primary,NY,House,13,regular,partisan_primary,Democratic,CURTIS ARLUCK,nyc-2026-06-23-13-democratic-136-curtis-arluck,,True,1,nyc-2026-cd13-dem,https://www.vote.nyc/sites/default/files/pdf/election_results/2026/20260623Primary%20Election/01001600013Crossover%20Democratic%20Representative%20in%20Congress%2013th%20Congressional%20District%20Recap.csv,5b43b21090966df5d58abadc54c9f434009eeede9bf5591b83c135f5380ebbcb,nyc-2026-01001600013Crossover_Democratic_Representative_in_Congress_13th_Congressional_District_Recap.csv:136,2
ny-2026-06-23-house-13-regular-democratic,2026,2026-06-23,primary,NY,House,13,regular,partisan_primary,Democratic,DAN GOLDMAN,nyc-2026-06-23-13-democratic-137-dan-goldman,,True,1,nyc-2026-cd13-dem,https://www.vote.nyc/sites/default/files/pdf/election_results/2026/20260623Primary%20Election/01001600013Crossover%20Democratic%20Representative%20in%20Congress%2013th%20Congressional%20District%20Recap.csv,5b43b21090966df5d58abadc54c9f434009eeede9bf5591b83c135f5380ebbcb,nyc-2026-01001600013Crossover_Democratic_Representative_in_Congress_13th_Congressional_District_Recap.csv:137,2
ny-2026-06-23-house-13-regular-democratic,2026,2026-06-23,primary,NY,House,13,regular,partisan_primary,Democratic,DANIELLE WELCH,nyc-2026-06-23-13-democratic-138-danielle-welch,,True,1,nyc-2026-cd13-dem,https://www.vote.nyc/sites/default/files/pdf/election_results/2026/20260623Primary%20Election/01001600013Crossover%20Democratic%20Representative%20in%20Congress%2013th%20Congressional%20District%20Recap.csv,5b43b21090966df5d58abadc54c9f434009eeede9bf5591b83c135f5380ebbcb,nyc-2026-01001600013Crossover_Democratic_Representative_in_Congress_13th_Congressional_District_Recap.csv:138,2
ny-2026-06-23-house-13-regular-democratic,2026,2026-06-23,primary,NY,House,13,regular,partisan_primary,Democratic,DARIALIZA AVILA CHEVALIER,nyc-2026-06-23-13-democratic-139-darializa-avila-chevalier,,True,2,nyc-2026-cd13-dem,https://www.vote.nyc/sites/default/files/pdf/election_results/2026/20260623Primary%20Election/01001600013Crossover%20Democratic%20Representative%20in%20Congress%2013th%20Congressional%20District%20Recap.csv,5b43b21090966df5d58abadc54c9f434009eeede9bf5591b83c135f5380ebbcb,nyc-2026-01001600013Crossover_Democratic_Representative_in_Congress_13th_Congressional_District_Recap.csv:139,2
ny-2026-06-23-house-13-regular-democratic,2026,2026-06-23,primary,NY,House,13,regular,partisan_primary,Democratic,DAVID MURCH,nyc-2026-06-23-13-democratic-140-david-murch,,True,1,nyc-2026-cd13-dem,https://www.vote.nyc/sites/default/files/pdf/election_results/2026/20260623Primary%20Election/01001600013Crossover%20Democratic%20Representative%20in%20Congress%2013th%20Congressional%20District%20Recap.csv,5b43b21090966df5d58abadc54c9f434009eeede9bf5591b83c135f5380ebbcb,nyc-2026-01001600013Crossover_Democratic_Representative_in_Congress_13th_Congressional_District_Recap.csv:140,2
ny-2026-06-23-house-13-regular-democratic,2026,2026-06-23,primary,NY,House,13,regular,partisan_primary,Democratic,DAWN SANDERS,nyc-2026-06-23-13-democratic-141-dawn-sanders,,True,1,nyc-2026-cd13-dem,https://www.vote.nyc/sites/default/files/pdf/election_results/2026/20260623Primary%20Election/01001600013Crossover%20Democratic%20Representative%20in%20Congress%2013th%20Congressional%20District%20Recap.csv,5b43b21090966df5d58abadc54c9f434009eeede9bf5591b83c135f5380ebbcb,nyc-2026-01001600013Crossover_Democratic_Representative_in_Congress_13th_Congressional_District_Recap.csv:141,2
ny-2026-06-23-house-13-regular-democratic,2026,2026-06-23,primary,NY,House,13,regular,partisan_primary,Democratic,DR. GIFLY ASAMANI,nyc-2026-06-23-13-democratic-142-dr-gifly-asamani,,True,1,nyc-2026-cd13-dem,https://www.vote.nyc/sites/default/files/pdf/election_results/2026/20260623Primary%20Election/01001600013Crossover%20Democratic%20Representative%20in%20Congress%2013th%20Congressional%20District%20Recap.csv,5b43b21090966df5d58abadc54c9f434009eeede9bf5591b83c135f5380ebbcb,nyc-2026-01001600013Crossover_Democratic_Representative_in_Congress_13th_Congressional_District_Recap.csv:142,2
ny-2026-06-23-house-13-regular-democratic,2026,2026-06-23,primary,NY,House,13,regular,partisan_primary,Democratic,Darializa Avila Chevalier,nyc-2026-06-23-13-democratic-118-darializa-avila-chevalier,Democratic,False,36292,nyc-2026-cd13-dem,https://www.vote.nyc/sites/default/files/pdf/election_results/2026/20260623Primary%20Election/01001600013Crossover%20Democratic%20Representative%20in%20Congress%2013th%20Congressional%20District%20Recap.csv,5b43b21090966df5d58abadc54c9f434009eeede9bf5591b83c135f5380ebbcb,nyc-2026-01001600013Crossover_Democratic_Representative_in_Congress_13th_Congressional_District_Recap.csv:118,2
ny-2026-06-23-house-13-regular-democratic,2026,2026-06-23,primary,NY,House,13,regular,partisan_primary,Democratic,EDWARD F. KNIERIM,nyc-2026-06-23-13-democratic-143-edward-f-knierim,,True,1,nyc-2026-cd13-dem,https://www.vote.nyc/sites/default/files/pdf/election_results/2026/20260623Primary%20Election/01001600013Crossover%20Democratic%20Representative%20in%20Congress%2013th%20Congressional%20District%20Recap.csv,5b43b21090966df5d58abadc54c9f434009eeede9bf5591b83c135f5380ebbcb,nyc-2026-01001600013Crossover_Democratic_Representative_in_Congress_13th_Congressional_District_Recap.csv:143,2
ny-2026-06-23-house-13-regular-democratic,2026,2026-06-23,primary,NY,House,13,regular,partisan_primary,Democratic,ELEANOR LEVIN,nyc-2026-06-23-13-democratic-144-eleanor-levin,,True,1,nyc-2026-cd13-dem,https://www.vote.nyc/sites/default/files/pdf/election_results/2026/20260623Primary%20Election/01001600013Crossover%20Democratic%20Representative%20in%20Congress%2013th%20Congressional%20District%20Recap.csv,5b43b21090966df5d58abadc54c9f434009eeede9bf5591b83c135f5380ebbcb,nyc-2026-01001600013Crossover_Democratic_Representative_in_Congress_13th_Congressional_District_Recap.csv:144,2
ny-2026-06-23-house-13-regular-democratic,2026,2026-06-23,primary,NY,House,13,regular,partisan_primary,Democratic,FINN KEENAN,nyc-2026-06-23-13-democratic-145-finn-keenan,,True,1,nyc-2026-cd13-dem,https://www.vote.nyc/sites/default/files/pdf/election_results/2026/20260623Primary%20Election/01001600013Crossover%20Democratic%20Representative%20in%20Congress%2013th%20Congressional%20District%20Recap.csv,5b43b21090966df5d58abadc54c9f434009eeede9bf5591b83c135f5380ebbcb,nyc-2026-01001600013Crossover_Democratic_Representative_in_Congress_13th_Congressional_District_Recap.csv:145,2
ny-2026-06-23-house-13-regular-democratic,2026,2026-06-23,primary,NY,House,13,regular,partisan_primary,Democratic,GEORGE CONWAY,nyc-2026-06-23-13-democratic-146-george-conway,,True,2,nyc-2026-cd13-dem,https://www.vote.nyc/sites/default/files/pdf/election_results/2026/20260623Primary%20Election/01001600013Crossover%20Democratic%20Representative%20in%20Congress%2013th%20Congressional%20District%20Recap.csv,5b43b21090966df5d58abadc54c9f434009eeede9bf5591b83c135f5380ebbcb,nyc-2026-01001600013Crossover_Democratic_Representative_in_Congress_13th_Congressional_District_Recap.csv:146,2
ny-2026-06-23-house-13-regular-democratic,2026,2026-06-23,primary,NY,House,13,regular,partisan_primary,Democratic,GREGORY CHRISTOPHER,nyc-2026-06-23-13-democratic-147-gregory-christopher,,True,1,nyc-2026-cd13-dem,https://www.vote.nyc/sites/default/files/pdf/election_results/2026/20260623Primary%20Election/01001600013Crossover%20Democratic%20Representative%20in%20Congress%2013th%20Congressional%20District%20Recap.csv,5b43b21090966df5d58abadc54c9f434009eeede9bf5591b83c135f5380ebbcb,nyc-2026-01001600013Crossover_Democratic_Representative_in_Congress_13th_Congressional_District_Recap.csv:147,2
ny-2026-06-23-house-13-regular-democratic,2026,2026-06-23,primary,NY,House,13,regular,partisan_primary,Democratic,GUSTAVO RIVERA,nyc-2026-06-23-13-democratic-148-gustavo-rivera,,True,1,nyc-2026-cd13-dem,https://www.vote.nyc/sites/default/files/pdf/election_results/2026/20260623Primary%20Election/01001600013Crossover%20Democratic%20Representative%20in%20Congress%2013th%20Congressional%20District%20Recap.csv,5b43b21090966df5d58abadc54c9f434009eeede9bf5591b83c135f5380ebbcb,nyc-2026-01001600013Crossover_Democratic_Representative_in_Congress_13th_Congressional_District_Recap.csv:148,2
ny-2026-06-23-house-13-regular-democratic,2026,2026-06-23,primary,NY,House,13,regular,partisan_primary,Democratic,JACK SCHLOSSBERG,nyc-2026-06-23-13-democratic-149-jack-schlossberg,,True,4,nyc-2026-cd13-dem,https://www.vote.nyc/sites/default/files/pdf/election_results/2026/20260623Primary%20Election/01001600013Crossover%20Democratic%20Representative%20in%20Congress%2013th%20Congressional%20District%20Recap.csv,5b43b21090966df5d58abadc54c9f434009eeede9bf5591b83c135f5380ebbcb,nyc-2026-01001600013Crossover_Democratic_Representative_in_Congress_13th_Congressional_District_Recap.csv:149,2
ny-2026-06-23-house-13-regular-democratic,2026,2026-06-23,primary,NY,House,13,regular,partisan_primary,Democratic,JALEN BRUNSON,nyc-2026-06-23-13-democratic-150-jalen-brunson,,True,5,nyc-2026-cd13-dem,https://www.vote.nyc/sites/default/files/pdf/election_results/2026/20260623Primary%20Election/01001600013Crossover%20Democratic%20Representative%20in%20Congress%2013th%20Congressional%20District%20Recap.csv,5b43b21090966df5d58abadc54c9f434009eeede9bf5591b83c135f5380ebbcb,nyc-2026-01001600013Crossover_Democratic_Representative_in_Congress_13th_Congressional_District_Recap.csv:150,2
ny-2026-06-23-house-13-regular-democratic,2026,2026-06-23,primary,NY,House,13,regular,partisan_primary,Democratic,JAMEELAH PRESSLEY,nyc-2026-06-23-13-democratic-151-jameelah-pressley,,True,1,nyc-2026-cd13-dem,https://www.vote.nyc/sites/default/files/pdf/election_results/2026/20260623Primary%20Election/01001600013Crossover%20Democratic%20Representative%20in%20Congress%2013th%20Congressional%20District%20Recap.csv,5b43b21090966df5d58abadc54c9f434009eeede9bf5591b83c135f5380ebbcb,nyc-2026-01001600013Crossover_Democratic_Representative_in_Congress_13th_Congressional_District_Recap.csv:151,2
ny-2026-06-23-house-13-regular-democratic,2026,2026-06-23,primary,NY,House,13,regular,partisan_primary,Democratic,JASMINE CROKETT,nyc-2026-06-23-13-democratic-152-jasmine-crokett,,True,1,nyc-2026-cd13-dem,https://www.vote.nyc/sites/default/files/pdf/election_results/2026/20260623Primary%20Election/01001600013Crossover%20Democratic%20Representative%20in%20Congress%2013th%20Congressional%20District%20Recap.csv,5b43b21090966df5d58abadc54c9f434009eeede9bf5591b83c135f5380ebbcb,nyc-2026-01001600013Crossover_Democratic_Representative_in_Congress_13th_Congressional_District_Recap.csv:152,2
ny-2026-06-23-house-13-regular-democratic,2026,2026-06-23,primary,NY,House,13,regular,partisan_primary,Democratic,JESSICA TISCH,nyc-2026-06-23-13-democratic-153-jessica-tisch,,True,1,nyc-2026-cd13-dem,https://www.vote.nyc/sites/default/files/pdf/election_results/2026/20260623Primary%20Election/01001600013Crossover%20Democratic%20Representative%20in%20Congress%2013th%20Congressional%20District%20Recap.csv,5b43b21090966df5d58abadc54c9f434009eeede9bf5591b83c135f5380ebbcb,nyc-2026-01001600013Crossover_Democratic_Representative_in_Congress_13th_Congressional_District_Recap.csv:153,2
ny-2026-06-23-house-13-regular-democratic,2026,2026-06-23,primary,NY,House,13,regular,partisan_primary,Democratic,JOE BUTASEK,nyc-2026-06-23-13-democratic-154-joe-butasek,,True,1,nyc-2026-cd13-dem,https://www.vote.nyc/sites/default/files/pdf/election_results/2026/20260623Primary%20Election/01001600013Crossover%20Democratic%20Representative%20in%20Congress%2013th%20Congressional%20District%20Recap.csv,5b43b21090966df5d58abadc54c9f434009eeede9bf5591b83c135f5380ebbcb,nyc-2026-01001600013Crossover_Democratic_Representative_in_Congress_13th_Congressional_District_Recap.csv:154,2
ny-2026-06-23-house-13-regular-democratic,2026,2026-06-23,primary,NY,House,13,regular,partisan_primary,Democratic,JOHN SCHCHARBERG,nyc-2026-06-23-13-democratic-155-john-schcharberg,,True,1,nyc-2026-cd13-dem,https://www.vote.nyc/sites/default/files/pdf/election_results/2026/20260623Primary%20Election/01001600013Crossover%20Democratic%20Representative%20in%20Congress%2013th%20Congressional%20District%20Recap.csv,5b43b21090966df5d58abadc54c9f434009eeede9bf5591b83c135f5380ebbcb,nyc-2026-01001600013Crossover_Democratic_Representative_in_Congress_13th_Congressional_District_Recap.csv:155,2
ny-2026-06-23-house-13-regular-democratic,2026,2026-06-23,primary,NY,House,13,regular,partisan_primary,Democratic,JORDAN J.G. WRIGHT,nyc-2026-06-23-13-democratic-156-jordan-j-g-wright,,True,2,nyc-2026-cd13-dem,https://www.vote.nyc/sites/default/files/pdf/election_results/2026/20260623Primary%20Election/01001600013Crossover%20Democratic%20Representative%20in%20Congress%2013th%20Congressional%20District%20Recap.csv,5b43b21090966df5d58abadc54c9f434009eeede9bf5591b83c135f5380ebbcb,nyc-2026-01001600013Crossover_Democratic_Representative_in_Congress_13th_Congressional_District_Recap.csv:156,2
ny-2026-06-23-house-13-regular-democratic,2026,2026-06-23,primary,NY,House,13,regular,partisan_primary,Democratic,JOSE VARGA,nyc-2026-06-23-13-democratic-157-jose-varga,,True,1,nyc-2026-cd13-dem,https://www.vote.nyc/sites/default/files/pdf/election_results/2026/20260623Primary%20Election/01001600013Crossover%20Democratic%20Representative%20in%20Congress%2013th%20Congressional%20District%20Recap.csv,5b43b21090966df5d58abadc54c9f434009eeede9bf5591b83c135f5380ebbcb,nyc-2026-01001600013Crossover_Democratic_Representative_in_Congress_13th_Congressional_District_Recap.csv:157,2
ny-2026-06-23-house-13-regular-democratic,2026,2026-06-23,primary,NY,House,13,regular,partisan_primary,Democratic,JOSEPH LINDLEY,nyc-2026-06-23-13-democratic-158-joseph-lindley,,True,1,nyc-2026-cd13-dem,https://www.vote.nyc/sites/default/files/pdf/election_results/2026/20260623Primary%20Election/01001600013Crossover%20Democratic%20Representative%20in%20Congress%2013th%20Congressional%20District%20Recap.csv,5b43b21090966df5d58abadc54c9f434009eeede9bf5591b83c135f5380ebbcb,nyc-2026-01001600013Crossover_Democratic_Representative_in_Congress_13th_Congressional_District_Recap.csv:158,2
ny-2026-06-23-house-13-regular-democratic,2026,2026-06-23,primary,NY,House,13,regular,partisan_primary,Democratic,JULIE WON,nyc-2026-06-23-13-democratic-159-julie-won,,True,1,nyc-2026-cd13-dem,https://www.vote.nyc/sites/default/files/pdf/election_results/2026/20260623Primary%20Election/01001600013Crossover%20Democratic%20Representative%20in%20Congress%2013th%20Congressional%20District%20Recap.csv,5b43b21090966df5d58abadc54c9f434009eeede9bf5591b83c135f5380ebbcb,nyc-2026-01001600013Crossover_Democratic_Representative_in_Congress_13th_Congressional_District_Recap.csv:159,2
ny-2026-06-23-house-13-regular-democratic,2026,2026-06-23,primary,NY,House,13,regular,partisan_primary,Democratic,KARL ANTHONY TOWNS,nyc-2026-06-23-13-democratic-160-karl-anthony-towns,,True,1,nyc-2026-cd13-dem,https://www.vote.nyc/sites/default/files/pdf/election_results/2026/20260623Primary%20Election/01001600013Crossover%20Democratic%20Representative%20in%20Congress%2013th%20Congressional%20District%20Recap.csv,5b43b21090966df5d58abadc54c9f434009eeede9bf5591b83c135f5380ebbcb,nyc-2026-01001600013Crossover_Democratic_Representative_in_Congress_13th_Congressional_District_Recap.csv:160,2
ny-2026-06-23-house-13-regular-democratic,2026,2026-06-23,primary,NY,House,13,regular,partisan_primary,Democratic,KATHERINE CLARK,nyc-2026-06-23-13-democratic-161-katherine-clark,,True,1,nyc-2026-cd13-dem,https://www.vote.nyc/sites/default/files/pdf/election_results/2026/20260623Primary%20Election/01001600013Crossover%20Democratic%20Representative%20in%20Congress%2013th%20Congressional%20District%20Recap.csv,5b43b21090966df5d58abadc54c9f434009eeede9bf5591b83c135f5380ebbcb,nyc-2026-01001600013Crossover_Democratic_Representative_in_Congress_13th_Congressional_District_Recap.csv:161,2
ny-2026-06-23-house-13-regular-democratic,2026,2026-06-23,primary,NY,House,13,regular,partisan_primary,Democratic,KATHRYN GARCIA,nyc-2026-06-23-13-democratic-162-kathryn-garcia,,True,1,nyc-2026-cd13-dem,https://www.vote.nyc/sites/default/files/pdf/election_results/2026/20260623Primary%20Election/01001600013Crossover%20Democratic%20Representative%20in%20Congress%2013th%20Congressional%20District%20Recap.csv,5b43b21090966df5d58abadc54c9f434009eeede9bf5591b83c135f5380ebbcb,nyc-2026-01001600013Crossover_Democratic_Representative_in_Congress_13th_Congressional_District_Recap.csv:162,2
ny-2026-06-23-house-13-regular-democratic,2026,2026-06-23,primary,NY,House,13,regular,partisan_primary,Democratic,KEISHA SUTTON JAMES,nyc-2026-06-23-13-democratic-163-keisha-sutton-james,,True,1,nyc-2026-cd13-dem,https://www.vote.nyc/sites/default/files/pdf/election_results/2026/20260623Primary%20Election/01001600013Crossover%20Democratic%20Representative%20in%20Congress%2013th%20Congressional%20District%20Recap.csv,5b43b21090966df5d58abadc54c9f434009eeede9bf5591b83c135f5380ebbcb,nyc-2026-01001600013Crossover_Democratic_Representative_in_Congress_13th_Congressional_District_Recap.csv:163,2
ny-2026-06-23-house-13-regular-democratic,2026,2026-06-23,primary,NY,House,13,regular,partisan_primary,Democratic,KEITH L.T. WRIGHT,nyc-2026-06-23-13-democratic-164-keith-l-t-wright,,True,1,nyc-2026-cd13-dem,https://www.vote.nyc/sites/default/files/pdf/election_results/2026/20260623Primary%20Election/01001600013Crossover%20Democratic%20Representative%20in%20Congress%2013th%20Congressional%20District%20Recap.csv,5b43b21090966df5d58abadc54c9f434009eeede9bf5591b83c135f5380ebbcb,nyc-2026-01001600013Crossover_Democratic_Representative_in_Congress_13th_Congressional_District_Recap.csv:164,2
ny-2026-06-23-house-13-regular-democratic,2026,2026-06-23,primary,NY,House,13,regular,partisan_primary,Democratic,KEVIN NOONAN,nyc-2026-06-23-13-democratic-165-kevin-noonan,,True,1,nyc-2026-cd13-dem,https://www.vote.nyc/sites/default/files/pdf/election_results/2026/20260623Primary%20Election/01001600013Crossover%20Democratic%20Representative%20in%20Congress%2013th%20Congressional%20District%20Recap.csv,5b43b21090966df5d58abadc54c9f434009eeede9bf5591b83c135f5380ebbcb,nyc-2026-01001600013Crossover_Democratic_Representative_in_Congress_13th_Congressional_District_Recap.csv:165,2
ny-2026-06-23-house-13-regular-democratic,2026,2026-06-23,primary,NY,House,13,regular,partisan_primary,Democratic,LANDON H. WICKHAM JR.,nyc-2026-06-23-13-democratic-166-landon-h-wickham-jr,,True,1,nyc-2026-cd13-dem,https://www.vote.nyc/sites/default/files/pdf/election_results/2026/20260623Primary%20Election/01001600013Crossover%20Democratic%20Representative%20in%20Congress%2013th%20Congressional%20District%20Recap.csv,5b43b21090966df5d58abadc54c9f434009eeede9bf5591b83c135f5380ebbcb,nyc-2026-01001600013Crossover_Democratic_Representative_in_Congress_13th_Congressional_District_Recap.csv:166,2
ny-2026-06-23-house-13-regular-democratic,2026,2026-06-23,primary,NY,House,13,regular,partisan_primary,Democratic,LAURA DUNN,nyc-2026-06-23-13-democratic-167-laura-dunn,,True,2,nyc-2026-cd13-dem,https://www.vote.nyc/sites/default/files/pdf/election_results/2026/20260623Primary%20Election/01001600013Crossover%20Democratic%20Representative%20in%20Congress%2013th%20Congressional%20District%20Recap.csv,5b43b21090966df5d58abadc54c9f434009eeede9bf5591b83c135f5380ebbcb,nyc-2026-01001600013Crossover_Democratic_Representative_in_Congress_13th_Congressional_District_Recap.csv:167,2
ny-2026-06-23-house-13-regular-democratic,2026,2026-06-23,primary,NY,House,13,regular,partisan_primary,Democratic,LENNARD ROBINSON,nyc-2026-06-23-13-democratic-168-lennard-robinson,,True,1,nyc-2026-cd13-dem,https://www.vote.nyc/sites/default/files/pdf/election_results/2026/20260623Primary%20Election/01001600013Crossover%20Democratic%20Representative%20in%20Congress%2013th%20Congressional%20District%20Recap.csv,5b43b21090966df5d58abadc54c9f434009eeede9bf5591b83c135f5380ebbcb,nyc-2026-01001600013Crossover_Democratic_Representative_in_Congress_13th_Congressional_District_Recap.csv:168,2
ny-2026-06-23-house-13-regular-democratic,2026,2026-06-23,primary,NY,House,13,regular,partisan_primary,Democratic,LIV LARSON,nyc-2026-06-23-13-democratic-169-liv-larson,,True,1,nyc-2026-cd13-dem,https://www.vote.nyc/sites/default/files/pdf/election_results/2026/20260623Primary%20Election/01001600013Crossover%20Democratic%20Representative%20in%20Congress%2013th%20Congressional%20District%20Recap.csv,5b43b21090966df5d58abadc54c9f434009eeede9bf5591b83c135f5380ebbcb,nyc-2026-01001600013Crossover_Democratic_Representative_in_Congress_13th_Congressional_District_Recap.csv:169,2
ny-2026-06-23-house-13-regular-democratic,2026,2026-06-23,primary,NY,House,13,regular,partisan_primary,Democratic,LOREN PARKINS,nyc-2026-06-23-13-democratic-170-loren-parkins,,True,1,nyc-2026-cd13-dem,https://www.vote.nyc/sites/default/files/pdf/election_results/2026/20260623Primary%20Election/01001600013Crossover%20Democratic%20Representative%20in%20Congress%2013th%20Congressional%20District%20Recap.csv,5b43b21090966df5d58abadc54c9f434009eeede9bf5591b83c135f5380ebbcb,nyc-2026-01001600013Crossover_Democratic_Representative_in_Congress_13th_Congressional_District_Recap.csv:170,2
ny-2026-06-23-house-13-regular-democratic,2026,2026-06-23,primary,NY,House,13,regular,partisan_primary,Democratic,MANNY DE LOS SANTOS,nyc-2026-06-23-13-democratic-171-manny-de-los-santos,,True,1,nyc-2026-cd13-dem,https://www.vote.nyc/sites/default/files/pdf/election_results/2026/20260623Primary%20Election/01001600013Crossover%20Democratic%20Representative%20in%20Congress%2013th%20Congressional%20District%20Recap.csv,5b43b21090966df5d58abadc54c9f434009eeede9bf5591b83c135f5380ebbcb,nyc-2026-01001600013Crossover_Democratic_Representative_in_Congress_13th_Congressional_District_Recap.csv:171,2
ny-2026-06-23-house-13-regular-democratic,2026,2026-06-23,primary,NY,House,13,regular,partisan_primary,Democratic,MARY LINEHAN,nyc-2026-06-23-13-democratic-172-mary-linehan,,True,1,nyc-2026-cd13-dem,https://www.vote.nyc/sites/default/files/pdf/election_results/2026/20260623Primary%20Election/01001600013Crossover%20Democratic%20Representative%20in%20Congress%2013th%20Congressional%20District%20Recap.csv,5b43b21090966df5d58abadc54c9f434009eeede9bf5591b83c135f5380ebbcb,nyc-2026-01001600013Crossover_Democratic_Representative_in_Congress_13th_Congressional_District_Recap.csv:172,2
ny-2026-06-23-house-13-regular-democratic,2026,2026-06-23,primary,NY,House,13,regular,partisan_primary,Democratic,MELISSA MARK VIVERITO,nyc-2026-06-23-13-democratic-173-melissa-mark-viverito,,True,1,nyc-2026-cd13-dem,https://www.vote.nyc/sites/default/files/pdf/election_results/2026/20260623Primary%20Election/01001600013Crossover%20Democratic%20Representative%20in%20Congress%2013th%20Congressional%20District%20Recap.csv,5b43b21090966df5d58abadc54c9f434009eeede9bf5591b83c135f5380ebbcb,nyc-2026-01001600013Crossover_Democratic_Representative_in_Congress_13th_Congressional_District_Recap.csv:173,2
ny-2026-06-23-house-13-regular-democratic,2026,2026-06-23,primary,NY,House,13,regular,partisan_primary,Democratic,MESSIAH DAVIS,nyc-2026-06-23-13-democratic-174-messiah-davis,,True,1,nyc-2026-cd13-dem,https://www.vote.nyc/sites/default/files/pdf/election_results/2026/20260623Primary%20Election/01001600013Crossover%20Democratic%20Representative%20in%20Congress%2013th%20Congressional%20District%20Recap.csv,5b43b21090966df5d58abadc54c9f434009eeede9bf5591b83c135f5380ebbcb,nyc-2026-01001600013Crossover_Democratic_Representative_in_Congress_13th_Congressional_District_Recap.csv:174,2
ny-2026-06-23-house-13-regular-democratic,2026,2026-06-23,primary,NY,House,13,regular,partisan_primary,Democratic,MICAH C. LASHER,nyc-2026-06-23-13-democratic-175-micah-c-lasher,,True,11,nyc-2026-cd13-dem,https://www.vote.nyc/sites/default/files/pdf/election_results/2026/20260623Primary%20Election/01001600013Crossover%20Democratic%20Representative%20in%20Congress%2013th%20Congressional%20District%20Recap.csv,5b43b21090966df5d58abadc54c9f434009eeede9bf5591b83c135f5380ebbcb,nyc-2026-01001600013Crossover_Democratic_Representative_in_Congress_13th_Congressional_District_Recap.csv:175,2
ny-2026-06-23-house-13-regular-democratic,2026,2026-06-23,primary,NY,House,13,regular,partisan_primary,Democratic,MICHAEL A. WALROUN,nyc-2026-06-23-13-democratic-176-michael-a-walroun,,True,1,nyc-2026-cd13-dem,https://www.vote.nyc/sites/default/files/pdf/election_results/2026/20260623Primary%20Election/01001600013Crossover%20Democratic%20Representative%20in%20Congress%2013th%20Congressional%20District%20Recap.csv,5b43b21090966df5d58abadc54c9f434009eeede9bf5591b83c135f5380ebbcb,nyc-2026-01001600013Crossover_Democratic_Representative_in_Congress_13th_Congressional_District_Recap.csv:176,2
ny-2026-06-23-house-13-regular-democratic,2026,2026-06-23,primary,NY,House,13,regular,partisan_primary,Democratic,MICHAEL BLAKE,nyc-2026-06-23-13-democratic-177-michael-blake,,True,2,nyc-2026-cd13-dem,https://www.vote.nyc/sites/default/files/pdf/election_results/2026/20260623Primary%20Election/01001600013Crossover%20Democratic%20Representative%20in%20Congress%2013th%20Congressional%20District%20Recap.csv,5b43b21090966df5d58abadc54c9f434009eeede9bf5591b83c135f5380ebbcb,nyc-2026-01001600013Crossover_Democratic_Representative_in_Congress_13th_Congressional_District_Recap.csv:177,2
ny-2026-06-23-house-13-regular-democratic,2026,2026-06-23,primary,NY,House,13,regular,partisan_primary,Democratic,MICHAEL BLOOMBERG,nyc-2026-06-23-13-democratic-178-michael-bloomberg,,True,1,nyc-2026-cd13-dem,https://www.vote.nyc/sites/default/files/pdf/election_results/2026/20260623Primary%20Election/01001600013Crossover%20Democratic%20Representative%20in%20Congress%2013th%20Congressional%20District%20Recap.csv,5b43b21090966df5d58abadc54c9f434009eeede9bf5591b83c135f5380ebbcb,nyc-2026-01001600013Crossover_Democratic_Representative_in_Congress_13th_Congressional_District_Recap.csv:178,2
ny-2026-06-23-house-13-regular-democratic,2026,2026-06-23,primary,NY,House,13,regular,partisan_primary,Democratic,MICHAEL COTE,nyc-2026-06-23-13-democratic-179-michael-cote,,True,1,nyc-2026-cd13-dem,https://www.vote.nyc/sites/default/files/pdf/election_results/2026/20260623Primary%20Election/01001600013Crossover%20Democratic%20Representative%20in%20Congress%2013th%20Congressional%20District%20Recap.csv,5b43b21090966df5d58abadc54c9f434009eeede9bf5591b83c135f5380ebbcb,nyc-2026-01001600013Crossover_Democratic_Representative_in_Congress_13th_Congressional_District_Recap.csv:179,2
ny-2026-06-23-house-13-regular-democratic,2026,2026-06-23,primary,NY,House,13,regular,partisan_primary,Democratic,MIRIAM JAMES,nyc-2026-06-23-13-democratic-180-miriam-james,,True,1,nyc-2026-cd13-dem,https://www.vote.nyc/sites/default/files/pdf/election_results/2026/20260623Primary%20Election/01001600013Crossover%20Democratic%20Representative%20in%20Congress%2013th%20Congressional%20District%20Recap.csv,5b43b21090966df5d58abadc54c9f434009eeede9bf5591b83c135f5380ebbcb,nyc-2026-01001600013Crossover_Democratic_Representative_in_Congress_13th_Congressional_District_Recap.csv:180,2
ny-2026-06-23-house-13-regular-democratic,2026,2026-06-23,primary,NY,House,13,regular,partisan_primary,Democratic,MONA SULPHEN,nyc-2026-06-23-13-democratic-181-mona-sulphen,,True,1,nyc-2026-cd13-dem,https://www.vote.nyc/sites/default/files/pdf/election_results/2026/20260623Primary%20Election/01001600013Crossover%20Democratic%20Representative%20in%20Congress%2013th%20Congressional%20District%20Recap.csv,5b43b21090966df5d58abadc54c9f434009eeede9bf5591b83c135f5380ebbcb,nyc-2026-01001600013Crossover_Democratic_Representative_in_Congress_13th_Congressional_District_Recap.csv:181,2
ny-2026-06-23-house-13-regular-democratic,2026,2026-06-23,primary,NY,House,13,regular,partisan_primary,Democratic,MYRA ALPERSON,nyc-2026-06-23-13-democratic-182-myra-alperson,,True,1,nyc-2026-cd13-dem,https://www.vote.nyc/sites/default/files/pdf/election_results/2026/20260623Primary%20Election/01001600013Crossover%20Democratic%20Representative%20in%20Congress%2013th%20Congressional%20District%20Recap.csv,5b43b21090966df5d58abadc54c9f434009eeede9bf5591b83c135f5380ebbcb,nyc-2026-01001600013Crossover_Democratic_Representative_in_Congress_13th_Congressional_District_Recap.csv:182,2
ny-2026-06-23-house-13-regular-democratic,2026,2026-06-23,primary,NY,House,13,regular,partisan_primary,Democratic,NICHOLAS J. LALOTA,nyc-2026-06-23-13-democratic-183-nicholas-j-lalota,,True,1,nyc-2026-cd13-dem,https://www.vote.nyc/sites/default/files/pdf/election_results/2026/20260623Primary%20Election/01001600013Crossover%20Democratic%20Representative%20in%20Congress%2013th%20Congressional%20District%20Recap.csv,5b43b21090966df5d58abadc54c9f434009eeede9bf5591b83c135f5380ebbcb,nyc-2026-01001600013Crossover_Democratic_Representative_in_Congress_13th_Congressional_District_Recap.csv:183,2
ny-2026-06-23-house-13-regular-democratic,2026,2026-06-23,primary,NY,House,13,regular,partisan_primary,Democratic,NINA SCHNOBLE,nyc-2026-06-23-13-democratic-184-nina-schnoble,,True,1,nyc-2026-cd13-dem,https://www.vote.nyc/sites/default/files/pdf/election_results/2026/20260623Primary%20Election/01001600013Crossover%20Democratic%20Representative%20in%20Congress%2013th%20Congressional%20District%20Recap.csv,5b43b21090966df5d58abadc54c9f434009eeede9bf5591b83c135f5380ebbcb,nyc-2026-01001600013Crossover_Democratic_Representative_in_Congress_13th_Congressional_District_Recap.csv:184,2
ny-2026-06-23-house-13-regular-democratic,2026,2026-06-23,primary,NY,House,13,regular,partisan_primary,Democratic,ORBIT CLANTON,nyc-2026-06-23-13-democratic-185-orbit-clanton,,True,1,nyc-2026-cd13-dem,https://www.vote.nyc/sites/default/files/pdf/election_results/2026/20260623Primary%20Election/01001600013Crossover%20Democratic%20Representative%20in%20Congress%2013th%20Congressional%20District%20Recap.csv,5b43b21090966df5d58abadc54c9f434009eeede9bf5591b83c135f5380ebbcb,nyc-2026-01001600013Crossover_Democratic_Representative_in_Congress_13th_Congressional_District_Recap.csv:185,2
ny-2026-06-23-house-13-regular-democratic,2026,2026-06-23,primary,NY,House,13,regular,partisan_primary,Democratic,Oscar J. Romero Jr.,nyc-2026-06-23-13-democratic-116-oscar-j-romero-jr,Democratic,False,2631,nyc-2026-cd13-dem,https://www.vote.nyc/sites/default/files/pdf/election_results/2026/20260623Primary%20Election/01001600013Crossover%20Democratic%20Representative%20in%20Congress%2013th%20Congressional%20District%20Recap.csv,5b43b21090966df5d58abadc54c9f434009eeede9bf5591b83c135f5380ebbcb,nyc-2026-01001600013Crossover_Democratic_Representative_in_Congress_13th_Congressional_District_Recap.csv:116,2
ny-2026-06-23-house-13-regular-democratic,2026,2026-06-23,primary,NY,House,13,regular,partisan_primary,Democratic,PAUL TONKO,nyc-2026-06-23-13-democratic-186-paul-tonko,,True,1,nyc-2026-cd13-dem,https://www.vote.nyc/sites/default/files/pdf/election_results/2026/20260623Primary%20Election/01001600013Crossover%20Democratic%20Representative%20in%20Congress%2013th%20Congressional%20District%20Recap.csv,5b43b21090966df5d58abadc54c9f434009eeede9bf5591b83c135f5380ebbcb,nyc-2026-01001600013Crossover_Democratic_Representative_in_Congress_13th_Congressional_District_Recap.csv:186,2
ny-2026-06-23-house-13-regular-democratic,2026,2026-06-23,primary,NY,House,13,regular,partisan_primary,Democratic,PIERINA ANNA SANCHEZ,nyc-2026-06-23-13-democratic-187-pierina-anna-sanchez,,True,1,nyc-2026-cd13-dem,https://www.vote.nyc/sites/default/files/pdf/election_results/2026/20260623Primary%20Election/01001600013Crossover%20Democratic%20Representative%20in%20Congress%2013th%20Congressional%20District%20Recap.csv,5b43b21090966df5d58abadc54c9f434009eeede9bf5591b83c135f5380ebbcb,nyc-2026-01001600013Crossover_Democratic_Representative_in_Congress_13th_Congressional_District_Recap.csv:187,2
ny-2026-06-23-house-13-regular-democratic,2026,2026-06-23,primary,NY,House,13,regular,partisan_primary,Democratic,PIERRE LATOUCHE,nyc-2026-06-23-13-democratic-188-pierre-latouche,,True,1,nyc-2026-cd13-dem,https://www.vote.nyc/sites/default/files/pdf/election_results/2026/20260623Primary%20Election/01001600013Crossover%20Democratic%20Representative%20in%20Congress%2013th%20Congressional%20District%20Recap.csv,5b43b21090966df5d58abadc54c9f434009eeede9bf5591b83c135f5380ebbcb,nyc-2026-01001600013Crossover_Democratic_Representative_in_Congress_13th_Congressional_District_Recap.csv:188,2
ny-2026-06-23-house-13-regular-democratic,2026,2026-06-23,primary,NY,House,13,regular,partisan_primary,Democratic,PRINCE EDUSEI,nyc-2026-06-23-13-democratic-189-prince-edusei,,True,1,nyc-2026-cd13-dem,https://www.vote.nyc/sites/default/files/pdf/election_results/2026/20260623Primary%20Election/01001600013Crossover%20Democratic%20Representative%20in%20Congress%2013th%20Congressional%20District%20Recap.csv,5b43b21090966df5d58abadc54c9f434009eeede9bf5591b83c135f5380ebbcb,nyc-2026-01001600013Crossover_Democratic_Representative_in_Congress_13th_Congressional_District_Recap.csv:189,2
ny-2026-06-23-house-13-regular-democratic,2026,2026-06-23,primary,NY,House,13,regular,partisan_primary,Democratic,RAFAEL L. HERNANDEZ,nyc-2026-06-23-13-democratic-190-rafael-l-hernandez,,True,1,nyc-2026-cd13-dem,https://www.vote.nyc/sites/default/files/pdf/election_results/2026/20260623Primary%20Election/01001600013Crossover%20Democratic%20Representative%20in%20Congress%2013th%20Congressional%20District%20Recap.csv,5b43b21090966df5d58abadc54c9f434009eeede9bf5591b83c135f5380ebbcb,nyc-2026-01001600013Crossover_Democratic_Representative_in_Congress_13th_Congressional_District_Recap.csv:190,2
ny-2026-06-23-house-13-regular-democratic,2026,2026-06-23,primary,NY,House,13,regular,partisan_primary,Democratic,RAYMOND PENA ALMONTE,nyc-2026-06-23-13-democratic-191-raymond-pena-almonte,,True,1,nyc-2026-cd13-dem,https://www.vote.nyc/sites/default/files/pdf/election_results/2026/20260623Primary%20Election/01001600013Crossover%20Democratic%20Representative%20in%20Congress%2013th%20Congressional%20District%20Recap.csv,5b43b21090966df5d58abadc54c9f434009eeede9bf5591b83c135f5380ebbcb,nyc-2026-01001600013Crossover_Democratic_Representative_in_Congress_13th_Congressional_District_Recap.csv:191,2
ny-2026-06-23-house-13-regular-democratic,2026,2026-06-23,primary,NY,House,13,regular,partisan_primary,Democratic,RAYMOND WILSON,nyc-2026-06-23-13-democratic-192-raymond-wilson,,True,1,nyc-2026-cd13-dem,https://www.vote.nyc/sites/default/files/pdf/election_results/2026/20260623Primary%20Election/01001600013Crossover%20Democratic%20Representative%20in%20Congress%2013th%20Congressional%20District%20Recap.csv,5b43b21090966df5d58abadc54c9f434009eeede9bf5591b83c135f5380ebbcb,nyc-2026-01001600013Crossover_Democratic_Representative_in_Congress_13th_Congressional_District_Recap.csv:192,2
ny-2026-06-23-house-13-regular-democratic,2026,2026-06-23,primary,NY,House,13,regular,partisan_primary,Democratic,RICHARD GARCIA,nyc-2026-06-23-13-democratic-193-richard-garcia,,True,1,nyc-2026-cd13-dem,https://www.vote.nyc/sites/default/files/pdf/election_results/2026/20260623Primary%20Election/01001600013Crossover%20Democratic%20Representative%20in%20Congress%2013th%20Congressional%20District%20Recap.csv,5b43b21090966df5d58abadc54c9f434009eeede9bf5591b83c135f5380ebbcb,nyc-2026-01001600013Crossover_Democratic_Representative_in_Congress_13th_Congressional_District_Recap.csv:193,2
ny-2026-06-23-house-13-regular-democratic,2026,2026-06-23,primary,NY,House,13,regular,partisan_primary,Democratic,RITCHIE TORRES,nyc-2026-06-23-13-democratic-194-ritchie-torres,,True,8,nyc-2026-cd13-dem,https://www.vote.nyc/sites/default/files/pdf/election_results/2026/20260623Primary%20Election/01001600013Crossover%20Democratic%20Representative%20in%20Congress%2013th%20Congressional%20District%20Recap.csv,5b43b21090966df5d58abadc54c9f434009eeede9bf5591b83c135f5380ebbcb,nyc-2026-01001600013Crossover_Democratic_Representative_in_Congress_13th_Congressional_District_Recap.csv:194,2
ny-2026-06-23-house-13-regular-democratic,2026,2026-06-23,primary,NY,House,13,regular,partisan_primary,Democratic,ROBERT JACKSON,nyc-2026-06-23-13-democratic-195-robert-jackson,,True,1,nyc-2026-cd13-dem,https://www.vote.nyc/sites/default/files/pdf/election_results/2026/20260623Primary%20Election/01001600013Crossover%20Democratic%20Representative%20in%20Congress%2013th%20Congressional%20District%20Recap.csv,5b43b21090966df5d58abadc54c9f434009eeede9bf5591b83c135f5380ebbcb,nyc-2026-01001600013Crossover_Democratic_Representative_in_Congress_13th_Congressional_District_Recap.csv:195,2
ny-2026-06-23-house-13-regular-democratic,2026,2026-06-23,primary,NY,House,13,regular,partisan_primary,Democratic,RODNEY CAPEL,nyc-2026-06-23-13-democratic-196-rodney-capel,,True,1,nyc-2026-cd13-dem,https://www.vote.nyc/sites/default/files/pdf/election_results/2026/20260623Primary%20Election/01001600013Crossover%20Democratic%20Representative%20in%20Congress%2013th%20Congressional%20District%20Recap.csv,5b43b21090966df5d58abadc54c9f434009eeede9bf5591b83c135f5380ebbcb,nyc-2026-01001600013Crossover_Democratic_Representative_in_Congress_13th_Congressional_District_Recap.csv:196,2
ny-2026-06-23-house-13-regular-democratic,2026,2026-06-23,primary,NY,House,13,regular,partisan_primary,Democratic,ROSE PIERRE-LOUIS,nyc-2026-06-23-13-democratic-197-rose-pierre-louis,,True,1,nyc-2026-cd13-dem,https://www.vote.nyc/sites/default/files/pdf/election_results/2026/20260623Primary%20Election/01001600013Crossover%20Democratic%20Representative%20in%20Congress%2013th%20Congressional%20District%20Recap.csv,5b43b21090966df5d58abadc54c9f434009eeede9bf5591b83c135f5380ebbcb,nyc-2026-01001600013Crossover_Democratic_Representative_in_Congress_13th_Congressional_District_Recap.csv:197,2
ny-2026-06-23-house-13-regular-democratic,2026,2026-06-23,primary,NY,House,13,regular,partisan_primary,Democratic,SHADARON SMITH,nyc-2026-06-23-13-democratic-198-shadaron-smith,,True,1,nyc-2026-cd13-dem,https://www.vote.nyc/sites/default/files/pdf/election_results/2026/20260623Primary%20Election/01001600013Crossover%20Democratic%20Representative%20in%20Congress%2013th%20Congressional%20District%20Recap.csv,5b43b21090966df5d58abadc54c9f434009eeede9bf5591b83c135f5380ebbcb,nyc-2026-01001600013Crossover_Democratic_Representative_in_Congress_13th_Congressional_District_Recap.csv:198,2
ny-2026-06-23-house-13-regular-democratic,2026,2026-06-23,primary,NY,House,13,regular,partisan_primary,Democratic,SHARVON STEWART,nyc-2026-06-23-13-democratic-199-sharvon-stewart,,True,1,nyc-2026-cd13-dem,https://www.vote.nyc/sites/default/files/pdf/election_results/2026/20260623Primary%20Election/01001600013Crossover%20Democratic%20Representative%20in%20Congress%2013th%20Congressional%20District%20Recap.csv,5b43b21090966df5d58abadc54c9f434009eeede9bf5591b83c135f5380ebbcb,nyc-2026-01001600013Crossover_Democratic_Representative_in_Congress_13th_Congressional_District_Recap.csv:199,2
ny-2026-06-23-house-13-regular-democratic,2026,2026-06-23,primary,NY,House,13,regular,partisan_primary,Democratic,SHAUN ABREU,nyc-2026-06-23-13-democratic-200-shaun-abreu,,True,1,nyc-2026-cd13-dem,https://www.vote.nyc/sites/default/files/pdf/election_results/2026/20260623Primary%20Election/01001600013Crossover%20Democratic%20Representative%20in%20Congress%2013th%20Congressional%20District%20Recap.csv,5b43b21090966df5d58abadc54c9f434009eeede9bf5591b83c135f5380ebbcb,nyc-2026-01001600013Crossover_Democratic_Representative_in_Congress_13th_Congressional_District_Recap.csv:200,2
ny-2026-06-23-house-13-regular-democratic,2026,2026-06-23,primary,NY,House,13,regular,partisan_primary,Democratic,SHIRLEY JACKSON,nyc-2026-06-23-13-democratic-201-shirley-jackson,,True,1,nyc-2026-cd13-dem,https://www.vote.nyc/sites/default/files/pdf/election_results/2026/20260623Primary%20Election/01001600013Crossover%20Democratic%20Representative%20in%20Congress%2013th%20Congressional%20District%20Recap.csv,5b43b21090966df5d58abadc54c9f434009eeede9bf5591b83c135f5380ebbcb,nyc-2026-01001600013Crossover_Democratic_Representative_in_Congress_13th_Congressional_District_Recap.csv:201,2
ny-2026-06-23-house-13-regular-democratic,2026,2026-06-23,primary,NY,House,13,regular,partisan_primary,Democratic,SUSAN M. LAUZAU,nyc-2026-06-23-13-democratic-202-susan-m-lauzau,,True,1,nyc-2026-cd13-dem,https://www.vote.nyc/sites/default/files/pdf/election_results/2026/20260623Primary%20Election/01001600013Crossover%20Democratic%20Representative%20in%20Congress%2013th%20Congressional%20District%20Recap.csv,5b43b21090966df5d58abadc54c9f434009eeede9bf5591b83c135f5380ebbcb,nyc-2026-01001600013Crossover_Democratic_Representative_in_Congress_13th_Congressional_District_Recap.csv:202,2
ny-2026-06-23-house-13-regular-democratic,2026,2026-06-23,primary,NY,House,13,regular,partisan_primary,Democratic,TEONA WALKER,nyc-2026-06-23-13-democratic-203-teona-walker,,True,1,nyc-2026-cd13-dem,https://www.vote.nyc/sites/default/files/pdf/election_results/2026/20260623Primary%20Election/01001600013Crossover%20Democratic%20Representative%20in%20Congress%2013th%20Congressional%20District%20Recap.csv,5b43b21090966df5d58abadc54c9f434009eeede9bf5591b83c135f5380ebbcb,nyc-2026-01001600013Crossover_Democratic_Representative_in_Congress_13th_Congressional_District_Recap.csv:203,2
ny-2026-06-23-house-13-regular-democratic,2026,2026-06-23,primary,NY,House,13,regular,partisan_primary,Democratic,Theo Bruce Chino-Tavarez,nyc-2026-06-23-13-democratic-117-theo-bruce-chino-tavarez,Democratic,False,623,nyc-2026-cd13-dem,https://www.vote.nyc/sites/default/files/pdf/election_results/2026/20260623Primary%20Election/01001600013Crossover%20Democratic%20Representative%20in%20Congress%2013th%20Congressional%20District%20Recap.csv,5b43b21090966df5d58abadc54c9f434009eeede9bf5591b83c135f5380ebbcb,nyc-2026-01001600013Crossover_Democratic_Representative_in_Congress_13th_Congressional_District_Recap.csv:117,2
ny-2026-06-23-house-13-regular-democratic,2026,2026-06-23,primary,NY,House,13,regular,partisan_primary,Democratic,UNATTRIBUTABLE WRITE-IN,nyc-2026-06-23-13-democratic-204-unattributable-write-in,,True,159,nyc-2026-cd13-dem,https://www.vote.nyc/sites/default/files/pdf/election_results/2026/20260623Primary%20Election/01001600013Crossover%20Democratic%20Representative%20in%20Congress%2013th%20Congressional%20District%20Recap.csv,5b43b21090966df5d58abadc54c9f434009eeede9bf5591b83c135f5380ebbcb,nyc-2026-01001600013Crossover_Democratic_Representative_in_Congress_13th_Congressional_District_Recap.csv:204,2
ny-2026-06-23-house-13-regular-democratic,2026,2026-06-23,primary,NY,House,13,regular,partisan_primary,Democratic,WILLIAM SMITH,nyc-2026-06-23-13-democratic-205-william-smith,,True,1,nyc-2026-cd13-dem,https://www.vote.nyc/sites/default/files/pdf/election_results/2026/20260623Primary%20Election/01001600013Crossover%20Democratic%20Representative%20in%20Congress%2013th%20Congressional%20District%20Recap.csv,5b43b21090966df5d58abadc54c9f434009eeede9bf5591b83c135f5380ebbcb,nyc-2026-01001600013Crossover_Democratic_Representative_in_Congress_13th_Congressional_District_Recap.csv:205,2
ny-2026-06-23-house-13-regular-democratic,2026,2026-06-23,primary,NY,House,13,regular,partisan_primary,Democratic,YAMID JARAMILLO,nyc-2026-06-23-13-democratic-206-yamid-jaramillo,,True,1,nyc-2026-cd13-dem,https://www.vote.nyc/sites/default/files/pdf/election_results/2026/20260623Primary%20Election/01001600013Crossover%20Democratic%20Representative%20in%20Congress%2013th%20Congressional%20District%20Recap.csv,5b43b21090966df5d58abadc54c9f434009eeede9bf5591b83c135f5380ebbcb,nyc-2026-01001600013Crossover_Democratic_Representative_in_Congress_13th_Congressional_District_Recap.csv:206,2
ny-2026-06-23-house-13-regular-democratic,2026,2026-06-23,primary,NY,House,13,regular,partisan_primary,Democratic,YUSEF SALAAM,nyc-2026-06-23-13-democratic-207-yusef-salaam,,True,1,nyc-2026-cd13-dem,https://www.vote.nyc/sites/default/files/pdf/election_results/2026/20260623Primary%20Election/01001600013Crossover%20Democratic%20Representative%20in%20Congress%2013th%20Congressional%20District%20Recap.csv,5b43b21090966df5d58abadc54c9f434009eeede9bf5591b83c135f5380ebbcb,nyc-2026-01001600013Crossover_Democratic_Representative_in_Congress_13th_Congressional_District_Recap.csv:207,2
ny-2026-06-23-house-14-regular-democratic,2026,2026-06-23,primary,NY,House,14,regular,partisan_primary,Democratic,ABER KAWAS,nyc-2026-06-23-14-democratic-94-aber-kawas,,True,1,nyc-2026-cd14-dem,https://www.vote.nyc/sites/default/files/pdf/election_results/2026/20260623Primary%20Election/01001600014Crossover%20Democratic%20Representative%20in%20Congress%2014th%20Congressional%20District%20Recap.csv,d92d6dea0cbd66c6abcf3931559d3d8884ea44aa88307e718a6e562e30156ee5,nyc-2026-01001600014Crossover_Democratic_Representative_in_Congress_14th_Congressional_District_Recap.csv:94,2
ny-2026-06-23-house-14-regular-democratic,2026,2026-06-23,primary,NY,House,14,regular,partisan_primary,Democratic,ADRIANO ESPAILLAT,nyc-2026-06-23-14-democratic-95-adriano-espaillat,,True,12,nyc-2026-cd14-dem,https://www.vote.nyc/sites/default/files/pdf/election_results/2026/20260623Primary%20Election/01001600014Crossover%20Democratic%20Representative%20in%20Congress%2014th%20Congressional%20District%20Recap.csv,d92d6dea0cbd66c6abcf3931559d3d8884ea44aa88307e718a6e562e30156ee5,nyc-2026-01001600014Crossover_Democratic_Representative_in_Congress_14th_Congressional_District_Recap.csv:95,2
ny-2026-06-23-house-14-regular-democratic,2026,2026-06-23,primary,NY,House,14,regular,partisan_primary,Democratic,ADRIANO ESPIALLAT,nyc-2026-06-23-14-democratic-96-adriano-espiallat,,True,6,nyc-2026-cd14-dem,https://www.vote.nyc/sites/default/files/pdf/election_results/2026/20260623Primary%20Election/01001600014Crossover%20Democratic%20Representative%20in%20Congress%2014th%20Congressional%20District%20Recap.csv,d92d6dea0cbd66c6abcf3931559d3d8884ea44aa88307e718a6e562e30156ee5,nyc-2026-01001600014Crossover_Democratic_Representative_in_Congress_14th_Congressional_District_Recap.csv:96,2
ny-2026-06-23-house-14-regular-democratic,2026,2026-06-23,primary,NY,House,14,regular,partisan_primary,Democratic,AHMED TOMEL,nyc-2026-06-23-14-democratic-97-ahmed-tomel,,True,1,nyc-2026-cd14-dem,https://www.vote.nyc/sites/default/files/pdf/election_results/2026/20260623Primary%20Election/01001600014Crossover%20Democratic%20Representative%20in%20Congress%2014th%20Congressional%20District%20Recap.csv,d92d6dea0cbd66c6abcf3931559d3d8884ea44aa88307e718a6e562e30156ee5,nyc-2026-01001600014Crossover_Democratic_Representative_in_Congress_14th_Congressional_District_Recap.csv:97,2
ny-2026-06-23-house-14-regular-democratic,2026,2026-06-23,primary,NY,House,14,regular,partisan_primary,Democratic,ANDREW STRONG,nyc-2026-06-23-14-democratic-98-andrew-strong,,True,1,nyc-2026-cd14-dem,https://www.vote.nyc/sites/default/files/pdf/election_results/2026/20260623Primary%20Election/01001600014Crossover%20Democratic%20Representative%20in%20Congress%2014th%20Congressional%20District%20Recap.csv,d92d6dea0cbd66c6abcf3931559d3d8884ea44aa88307e718a6e562e30156ee5,nyc-2026-01001600014Crossover_Democratic_Representative_in_Congress_14th_Congressional_District_Recap.csv:98,2
ny-2026-06-23-house-14-regular-democratic,2026,2026-06-23,primary,NY,House,14,regular,partisan_primary,Democratic,Alexandria Ocasio-Cortez,nyc-2026-06-23-14-democratic-91-alexandria-ocasio-cortez,Democratic,False,31202,nyc-2026-cd14-dem,https://www.vote.nyc/sites/default/files/pdf/election_results/2026/20260623Primary%20Election/01001600014Crossover%20Democratic%20Representative%20in%20Congress%2014th%20Congressional%20District%20Recap.csv,d92d6dea0cbd66c6abcf3931559d3d8884ea44aa88307e718a6e562e30156ee5,nyc-2026-01001600014Crossover_Democratic_Representative_in_Congress_14th_Congressional_District_Recap.csv:91,2
ny-2026-06-23-house-14-regular-democratic,2026,2026-06-23,primary,NY,House,14,regular,partisan_primary,Democratic,BARACK OBAMA,nyc-2026-06-23-14-democratic-99-barack-obama,,True,1,nyc-2026-cd14-dem,https://www.vote.nyc/sites/default/files/pdf/election_results/2026/20260623Primary%20Election/01001600014Crossover%20Democratic%20Representative%20in%20Congress%2014th%20Congressional%20District%20Recap.csv,d92d6dea0cbd66c6abcf3931559d3d8884ea44aa88307e718a6e562e30156ee5,nyc-2026-01001600014Crossover_Democratic_Representative_in_Congress_14th_Congressional_District_Recap.csv:99,2
ny-2026-06-23-house-14-regular-democratic,2026,2026-06-23,primary,NY,House,14,regular,partisan_primary,Democratic,BILL BRUNO,nyc-2026-06-23-14-democratic-100-bill-bruno,,True,1,nyc-2026-cd14-dem,https://www.vote.nyc/sites/default/files/pdf/election_results/2026/20260623Primary%20Election/01001600014Crossover%20Democratic%20Representative%20in%20Congress%2014th%20Congressional%20District%20Recap.csv,d92d6dea0cbd66c6abcf3931559d3d8884ea44aa88307e718a6e562e30156ee5,nyc-2026-01001600014Crossover_Democratic_Representative_in_Congress_14th_Congressional_District_Recap.csv:100,2
ny-2026-06-23-house-14-regular-democratic,2026,2026-06-23,primary,NY,House,14,regular,partisan_primary,Democratic,BRAD LANDER,nyc-2026-06-23-14-democratic-101-brad-lander,,True,1,nyc-2026-cd14-dem,https://www.vote.nyc/sites/default/files/pdf/election_results/2026/20260623Primary%20Election/01001600014Crossover%20Democratic%20Representative%20in%20Congress%2014th%20Congressional%20District%20Recap.csv,d92d6dea0cbd66c6abcf3931559d3d8884ea44aa88307e718a6e562e30156ee5,nyc-2026-01001600014Crossover_Democratic_Representative_in_Congress_14th_Congressional_District_Recap.csv:101,2
ny-2026-06-23-house-14-regular-democratic,2026,2026-06-23,primary,NY,House,14,regular,partisan_primary,Democratic,BRENDA CANDELARIA,nyc-2026-06-23-14-democratic-102-brenda-candelaria,,True,1,nyc-2026-cd14-dem,https://www.vote.nyc/sites/default/files/pdf/election_results/2026/20260623Primary%20Election/01001600014Crossover%20Democratic%20Representative%20in%20Congress%2014th%20Congressional%20District%20Recap.csv,d92d6dea0cbd66c6abcf3931559d3d8884ea44aa88307e718a6e562e30156ee5,nyc-2026-01001600014Crossover_Democratic_Representative_in_Congress_14th_Congressional_District_Recap.csv:102,2
ny-2026-06-23-house-14-regular-democratic,2026,2026-06-23,primary,NY,House,14,regular,partisan_primary,Democratic,CATHERINE HIGGINS,nyc-2026-06-23-14-democratic-103-catherine-higgins,,True,1,nyc-2026-cd14-dem,https://www.vote.nyc/sites/default/files/pdf/election_results/2026/20260623Primary%20Election/01001600014Crossover%20Democratic%20Representative%20in%20Congress%2014th%20Congressional%20District%20Recap.csv,d92d6dea0cbd66c6abcf3931559d3d8884ea44aa88307e718a6e562e30156ee5,nyc-2026-01001600014Crossover_Democratic_Representative_in_Congress_14th_Congressional_District_Recap.csv:103,2
ny-2026-06-23-house-14-regular-democratic,2026,2026-06-23,primary,NY,House,14,regular,partisan_primary,Democratic,CHRISTINE QUINN,nyc-2026-06-23-14-democratic-104-christine-quinn,,True,1,nyc-2026-cd14-dem,https://www.vote.nyc/sites/default/files/pdf/election_results/2026/20260623Primary%20Election/01001600014Crossover%20Democratic%20Representative%20in%20Congress%2014th%20Congressional%20District%20Recap.csv,d92d6dea0cbd66c6abcf3931559d3d8884ea44aa88307e718a6e562e30156ee5,nyc-2026-01001600014Crossover_Democratic_Representative_in_Congress_14th_Congressional_District_Recap.csv:104,2
ny-2026-06-23-house-14-regular-democratic,2026,2026-06-23,primary,NY,House,14,regular,partisan_primary,Democratic,CHUCK PARK,nyc-2026-06-23-14-democratic-105-chuck-park,,True,5,nyc-2026-cd14-dem,https://www.vote.nyc/sites/default/files/pdf/election_results/2026/20260623Primary%20Election/01001600014Crossover%20Democratic%20Representative%20in%20Congress%2014th%20Congressional%20District%20Recap.csv,d92d6dea0cbd66c6abcf3931559d3d8884ea44aa88307e718a6e562e30156ee5,nyc-2026-01001600014Crossover_Democratic_Representative_in_Congress_14th_Congressional_District_Recap.csv:105,2
ny-2026-06-23-house-14-regular-democratic,2026,2026-06-23,primary,NY,House,14,regular,partisan_primary,Democratic,CLAIRE VALDEZ,nyc-2026-06-23-14-democratic-106-claire-valdez,,True,3,nyc-2026-cd14-dem,https://www.vote.nyc/sites/default/files/pdf/election_results/2026/20260623Primary%20Election/01001600014Crossover%20Democratic%20Representative%20in%20Congress%2014th%20Congressional%20District%20Recap.csv,d92d6dea0cbd66c6abcf3931559d3d8884ea44aa88307e718a6e562e30156ee5,nyc-2026-01001600014Crossover_Democratic_Representative_in_Congress_14th_Congressional_District_Recap.csv:106,2
ny-2026-06-23-house-14-regular-democratic,2026,2026-06-23,primary,NY,House,14,regular,partisan_primary,Democratic,CONSTANTINE FRENTZIS,nyc-2026-06-23-14-democratic-107-constantine-frentzis,,True,1,nyc-2026-cd14-dem,https://www.vote.nyc/sites/default/files/pdf/election_results/2026/20260623Primary%20Election/01001600014Crossover%20Democratic%20Representative%20in%20Congress%2014th%20Congressional%20District%20Recap.csv,d92d6dea0cbd66c6abcf3931559d3d8884ea44aa88307e718a6e562e30156ee5,nyc-2026-01001600014Crossover_Democratic_Representative_in_Congress_14th_Congressional_District_Recap.csv:107,2
ny-2026-06-23-house-14-regular-democratic,2026,2026-06-23,primary,NY,House,14,regular,partisan_primary,Democratic,CP JAKIR,nyc-2026-06-23-14-democratic-108-cp-jakir,,True,1,nyc-2026-cd14-dem,https://www.vote.nyc/sites/default/files/pdf/election_results/2026/20260623Primary%20Election/01001600014Crossover%20Democratic%20Representative%20in%20Congress%2014th%20Congressional%20District%20Recap.csv,d92d6dea0cbd66c6abcf3931559d3d8884ea44aa88307e718a6e562e30156ee5,nyc-2026-01001600014Crossover_Democratic_Representative_in_Congress_14th_Congressional_District_Recap.csv:108,2
ny-2026-06-23-house-14-regular-democratic,2026,2026-06-23,primary,NY,House,14,regular,partisan_primary,Democratic,ELAINE O'BRIEN,nyc-2026-06-23-14-democratic-109-elaine-o-brien,,True,1,nyc-2026-cd14-dem,https://www.vote.nyc/sites/default/files/pdf/election_results/2026/20260623Primary%20Election/01001600014Crossover%20Democratic%20Representative%20in%20Congress%2014th%20Congressional%20District%20Recap.csv,d92d6dea0cbd66c6abcf3931559d3d8884ea44aa88307e718a6e562e30156ee5,nyc-2026-01001600014Crossover_Democratic_Representative_in_Congress_14th_Congressional_District_Recap.csv:109,2
ny-2026-06-23-house-14-regular-democratic,2026,2026-06-23,primary,NY,House,14,regular,partisan_primary,Democratic,ERASMO HUERTA GONZALEZ,nyc-2026-06-23-14-democratic-110-erasmo-huerta-gonzalez,,True,1,nyc-2026-cd14-dem,https://www.vote.nyc/sites/default/files/pdf/election_results/2026/20260623Primary%20Election/01001600014Crossover%20Democratic%20Representative%20in%20Congress%2014th%20Congressional%20District%20Recap.csv,d92d6dea0cbd66c6abcf3931559d3d8884ea44aa88307e718a6e562e30156ee5,nyc-2026-01001600014Crossover_Democratic_Representative_in_Congress_14th_Congressional_District_Recap.csv:110,2
ny-2026-06-23-house-14-regular-democratic,2026,2026-06-23,primary,NY,House,14,regular,partisan_primary,Democratic,FRANK MINOZ,nyc-2026-06-23-14-democratic-111-frank-minoz,,True,1,nyc-2026-cd14-dem,https://www.vote.nyc/sites/default/files/pdf/election_results/2026/20260623Primary%20Election/01001600014Crossover%20Democratic%20Representative%20in%20Congress%2014th%20Congressional%20District%20Recap.csv,d92d6dea0cbd66c6abcf3931559d3d8884ea44aa88307e718a6e562e30156ee5,nyc-2026-01001600014Crossover_Democratic_Representative_in_Congress_14th_Congressional_District_Recap.csv:111,2
ny-2026-06-23-house-14-regular-democratic,2026,2026-06-23,primary,NY,House,14,regular,partisan_primary,Democratic,Felipe Garcia,nyc-2026-06-23-14-democratic-92-felipe-garcia,Democratic,False,2429,nyc-2026-cd14-dem,https://www.vote.nyc/sites/default/files/pdf/election_results/2026/20260623Primary%20Election/01001600014Crossover%20Democratic%20Representative%20in%20Congress%2014th%20Congressional%20District%20Recap.csv,d92d6dea0cbd66c6abcf3931559d3d8884ea44aa88307e718a6e562e30156ee5,nyc-2026-01001600014Crossover_Democratic_Representative_in_Congress_14th_Congressional_District_Recap.csv:92,2
ny-2026-06-23-house-14-regular-democratic,2026,2026-06-23,primary,NY,House,14,regular,partisan_primary,Democratic,GEORGE CONWAY,nyc-2026-06-23-14-democratic-112-george-conway,,True,1,nyc-2026-cd14-dem,https://www.vote.nyc/sites/default/files/pdf/election_results/2026/20260623Primary%20Election/01001600014Crossover%20Democratic%20Representative%20in%20Congress%2014th%20Congressional%20District%20Recap.csv,d92d6dea0cbd66c6abcf3931559d3d8884ea44aa88307e718a6e562e30156ee5,nyc-2026-01001600014Crossover_Democratic_Representative_in_Congress_14th_Congressional_District_Recap.csv:112,2
ny-2026-06-23-house-14-regular-democratic,2026,2026-06-23,primary,NY,House,14,regular,partisan_primary,Democratic,GITTA MEIR,nyc-2026-06-23-14-democratic-113-gitta-meir,,True,1,nyc-2026-cd14-dem,https://www.vote.nyc/sites/default/files/pdf/election_results/2026/20260623Primary%20Election/01001600014Crossover%20Democratic%20Representative%20in%20Congress%2014th%20Congressional%20District%20Recap.csv,d92d6dea0cbd66c6abcf3931559d3d8884ea44aa88307e718a6e562e30156ee5,nyc-2026-01001600014Crossover_Democratic_Representative_in_Congress_14th_Congressional_District_Recap.csv:113,2
ny-2026-06-23-house-14-regular-democratic,2026,2026-06-23,primary,NY,House,14,regular,partisan_primary,Democratic,GLORIA PASMINO,nyc-2026-06-23-14-democratic-114-gloria-pasmino,,True,1,nyc-2026-cd14-dem,https://www.vote.nyc/sites/default/files/pdf/election_results/2026/20260623Primary%20Election/01001600014Crossover%20Democratic%20Representative%20in%20Congress%2014th%20Congressional%20District%20Recap.csv,d92d6dea0cbd66c6abcf3931559d3d8884ea44aa88307e718a6e562e30156ee5,nyc-2026-01001600014Crossover_Democratic_Representative_in_Congress_14th_Congressional_District_Recap.csv:114,2
ny-2026-06-23-house-14-regular-democratic,2026,2026-06-23,primary,NY,House,14,regular,partisan_primary,Democratic,GRACE MENG,nyc-2026-06-23-14-democratic-115-grace-meng,,True,2,nyc-2026-cd14-dem,https://www.vote.nyc/sites/default/files/pdf/election_results/2026/20260623Primary%20Election/01001600014Crossover%20Democratic%20Representative%20in%20Congress%2014th%20Congressional%20District%20Recap.csv,d92d6dea0cbd66c6abcf3931559d3d8884ea44aa88307e718a6e562e30156ee5,nyc-2026-01001600014Crossover_Democratic_Representative_in_Congress_14th_Congressional_District_Recap.csv:115,2
ny-2026-06-23-house-14-regular-democratic,2026,2026-06-23,primary,NY,House,14,regular,partisan_primary,Democratic,GREGORY N. PAPADATOS,nyc-2026-06-23-14-democratic-116-gregory-n-papadatos,,True,1,nyc-2026-cd14-dem,https://www.vote.nyc/sites/default/files/pdf/election_results/2026/20260623Primary%20Election/01001600014Crossover%20Democratic%20Representative%20in%20Congress%2014th%20Congressional%20District%20Recap.csv,d92d6dea0cbd66c6abcf3931559d3d8884ea44aa88307e718a6e562e30156ee5,nyc-2026-01001600014Crossover_Democratic_Representative_in_Congress_14th_Congressional_District_Recap.csv:116,2
ny-2026-06-23-house-14-regular-democratic,2026,2026-06-23,primary,NY,House,14,regular,partisan_primary,Democratic,HALEY SASBON,nyc-2026-06-23-14-democratic-117-haley-sasbon,,True,1,nyc-2026-cd14-dem,https://www.vote.nyc/sites/default/files/pdf/election_results/2026/20260623Primary%20Election/01001600014Crossover%20Democratic%20Representative%20in%20Congress%2014th%20Congressional%20District%20Recap.csv,d92d6dea0cbd66c6abcf3931559d3d8884ea44aa88307e718a6e562e30156ee5,nyc-2026-01001600014Crossover_Democratic_Representative_in_Congress_14th_Congressional_District_Recap.csv:117,2
ny-2026-06-23-house-14-regular-democratic,2026,2026-06-23,primary,NY,House,14,regular,partisan_primary,Democratic,HIND RAJAB,nyc-2026-06-23-14-democratic-118-hind-rajab,,True,2,nyc-2026-cd14-dem,https://www.vote.nyc/sites/default/files/pdf/election_results/2026/20260623Primary%20Election/01001600014Crossover%20Democratic%20Representative%20in%20Congress%2014th%20Congressional%20District%20Recap.csv,d92d6dea0cbd66c6abcf3931559d3d8884ea44aa88307e718a6e562e30156ee5,nyc-2026-01001600014Crossover_Democratic_Representative_in_Congress_14th_Congressional_District_Recap.csv:118,2
ny-2026-06-23-house-14-regular-democratic,2026,2026-06-23,primary,NY,House,14,regular,partisan_primary,Democratic,JESSICA TISCH,nyc-2026-06-23-14-democratic-119-jessica-tisch,,True,1,nyc-2026-cd14-dem,https://www.vote.nyc/sites/default/files/pdf/election_results/2026/20260623Primary%20Election/01001600014Crossover%20Democratic%20Representative%20in%20Congress%2014th%20Congressional%20District%20Recap.csv,d92d6dea0cbd66c6abcf3931559d3d8884ea44aa88307e718a6e562e30156ee5,nyc-2026-01001600014Crossover_Democratic_Representative_in_Congress_14th_Congressional_District_Recap.csv:119,2
ny-2026-06-23-house-14-regular-democratic,2026,2026-06-23,primary,NY,House,14,regular,partisan_primary,Democratic,JOE CROWLEY,nyc-2026-06-23-14-democratic-120-joe-crowley,,True,2,nyc-2026-cd14-dem,https://www.vote.nyc/sites/default/files/pdf/election_results/2026/20260623Primary%20Election/01001600014Crossover%20Democratic%20Representative%20in%20Congress%2014th%20Congressional%20District%20Recap.csv,d92d6dea0cbd66c6abcf3931559d3d8884ea44aa88307e718a6e562e30156ee5,nyc-2026-01001600014Crossover_Democratic_Representative_in_Congress_14th_Congressional_District_Recap.csv:120,2
ny-2026-06-23-house-14-regular-democratic,2026,2026-06-23,primary,NY,House,14,regular,partisan_primary,Democratic,JOHN DOYLE,nyc-2026-06-23-14-democratic-121-john-doyle,,True,1,nyc-2026-cd14-dem,https://www.vote.nyc/sites/default/files/pdf/election_results/2026/20260623Primary%20Election/01001600014Crossover%20Democratic%20Representative%20in%20Congress%2014th%20Congressional%20District%20Recap.csv,d92d6dea0cbd66c6abcf3931559d3d8884ea44aa88307e718a6e562e30156ee5,nyc-2026-01001600014Crossover_Democratic_Representative_in_Congress_14th_Congressional_District_Recap.csv:121,2
ny-2026-06-23-house-14-regular-democratic,2026,2026-06-23,primary,NY,House,14,regular,partisan_primary,Democratic,JOSE VEGA,nyc-2026-06-23-14-democratic-122-jose-vega,,True,1,nyc-2026-cd14-dem,https://www.vote.nyc/sites/default/files/pdf/election_results/2026/20260623Primary%20Election/01001600014Crossover%20Democratic%20Representative%20in%20Congress%2014th%20Congressional%20District%20Recap.csv,d92d6dea0cbd66c6abcf3931559d3d8884ea44aa88307e718a6e562e30156ee5,nyc-2026-01001600014Crossover_Democratic_Representative_in_Congress_14th_Congressional_District_Recap.csv:122,2
ny-2026-06-23-house-14-regular-democratic,2026,2026-06-23,primary,NY,House,14,regular,partisan_primary,Democratic,JOSEPH MCMANUS,nyc-2026-06-23-14-democratic-123-joseph-mcmanus,,True,1,nyc-2026-cd14-dem,https://www.vote.nyc/sites/default/files/pdf/election_results/2026/20260623Primary%20Election/01001600014Crossover%20Democratic%20Representative%20in%20Congress%2014th%20Congressional%20District%20Recap.csv,d92d6dea0cbd66c6abcf3931559d3d8884ea44aa88307e718a6e562e30156ee5,nyc-2026-01001600014Crossover_Democratic_Representative_in_Congress_14th_Congressional_District_Recap.csv:123,2
ny-2026-06-23-house-14-regular-democratic,2026,2026-06-23,primary,NY,House,14,regular,partisan_primary,Democratic,JUJU ANTWI,nyc-2026-06-23-14-democratic-124-juju-antwi,,True,1,nyc-2026-cd14-dem,https://www.vote.nyc/sites/default/files/pdf/election_results/2026/20260623Primary%20Election/01001600014Crossover%20Democratic%20Representative%20in%20Congress%2014th%20Congressional%20District%20Recap.csv,d92d6dea0cbd66c6abcf3931559d3d8884ea44aa88307e718a6e562e30156ee5,nyc-2026-01001600014Crossover_Democratic_Representative_in_Congress_14th_Congressional_District_Recap.csv:124,2
ny-2026-06-23-house-14-regular-democratic,2026,2026-06-23,primary,NY,House,14,regular,partisan_primary,Democratic,JULIE WON,nyc-2026-06-23-14-democratic-125-julie-won,,True,2,nyc-2026-cd14-dem,https://www.vote.nyc/sites/default/files/pdf/election_results/2026/20260623Primary%20Election/01001600014Crossover%20Democratic%20Representative%20in%20Congress%2014th%20Congressional%20District%20Recap.csv,d92d6dea0cbd66c6abcf3931559d3d8884ea44aa88307e718a6e562e30156ee5,nyc-2026-01001600014Crossover_Democratic_Representative_in_Congress_14th_Congressional_District_Recap.csv:125,2
ny-2026-06-23-house-14-regular-democratic,2026,2026-06-23,primary,NY,House,14,regular,partisan_primary,Democratic,KARINES REYES,nyc-2026-06-23-14-democratic-126-karines-reyes,,True,1,nyc-2026-cd14-dem,https://www.vote.nyc/sites/default/files/pdf/election_results/2026/20260623Primary%20Election/01001600014Crossover%20Democratic%20Representative%20in%20Congress%2014th%20Congressional%20District%20Recap.csv,d92d6dea0cbd66c6abcf3931559d3d8884ea44aa88307e718a6e562e30156ee5,nyc-2026-01001600014Crossover_Democratic_Representative_in_Congress_14th_Congressional_District_Recap.csv:126,2
ny-2026-06-23-house-14-regular-democratic,2026,2026-06-23,primary,NY,House,14,regular,partisan_primary,Democratic,KARL MARX,nyc-2026-06-23-14-democratic-127-karl-marx,,True,1,nyc-2026-cd14-dem,https://www.vote.nyc/sites/default/files/pdf/election_results/2026/20260623Primary%20Election/01001600014Crossover%20Democratic%20Representative%20in%20Congress%2014th%20Congressional%20District%20Recap.csv,d92d6dea0cbd66c6abcf3931559d3d8884ea44aa88307e718a6e562e30156ee5,nyc-2026-01001600014Crossover_Democratic_Representative_in_Congress_14th_Congressional_District_Recap.csv:127,2
ny-2026-06-23-house-14-regular-democratic,2026,2026-06-23,primary,NY,House,14,regular,partisan_primary,Democratic,KEVIN A. MONTALVO,nyc-2026-06-23-14-democratic-128-kevin-a-montalvo,,True,1,nyc-2026-cd14-dem,https://www.vote.nyc/sites/default/files/pdf/election_results/2026/20260623Primary%20Election/01001600014Crossover%20Democratic%20Representative%20in%20Congress%2014th%20Congressional%20District%20Recap.csv,d92d6dea0cbd66c6abcf3931559d3d8884ea44aa88307e718a6e562e30156ee5,nyc-2026-01001600014Crossover_Democratic_Representative_in_Congress_14th_Congressional_District_Recap.csv:128,2
ny-2026-06-23-house-14-regular-democratic,2026,2026-06-23,primary,NY,House,14,regular,partisan_primary,Democratic,KIMBERLEY MULLARKEY,nyc-2026-06-23-14-democratic-129-kimberley-mullarkey,,True,1,nyc-2026-cd14-dem,https://www.vote.nyc/sites/default/files/pdf/election_results/2026/20260623Primary%20Election/01001600014Crossover%20Democratic%20Representative%20in%20Congress%2014th%20Congressional%20District%20Recap.csv,d92d6dea0cbd66c6abcf3931559d3d8884ea44aa88307e718a6e562e30156ee5,nyc-2026-01001600014Crossover_Democratic_Representative_in_Congress_14th_Congressional_District_Recap.csv:129,2
ny-2026-06-23-house-14-regular-democratic,2026,2026-06-23,primary,NY,House,14,regular,partisan_primary,Democratic,KYIRE R. WWER,nyc-2026-06-23-14-democratic-130-kyire-r-wwer,,True,1,nyc-2026-cd14-dem,https://www.vote.nyc/sites/default/files/pdf/election_results/2026/20260623Primary%20Election/01001600014Crossover%20Democratic%20Representative%20in%20Congress%2014th%20Congressional%20District%20Recap.csv,d92d6dea0cbd66c6abcf3931559d3d8884ea44aa88307e718a6e562e30156ee5,nyc-2026-01001600014Crossover_Democratic_Representative_in_Congress_14th_Congressional_District_Recap.csv:130,2
ny-2026-06-23-house-14-regular-democratic,2026,2026-06-23,primary,NY,House,14,regular,partisan_primary,Democratic,LAWRENCE KENCHEN,nyc-2026-06-23-14-democratic-131-lawrence-kenchen,,True,1,nyc-2026-cd14-dem,https://www.vote.nyc/sites/default/files/pdf/election_results/2026/20260623Primary%20Election/01001600014Crossover%20Democratic%20Representative%20in%20Congress%2014th%20Congressional%20District%20Recap.csv,d92d6dea0cbd66c6abcf3931559d3d8884ea44aa88307e718a6e562e30156ee5,nyc-2026-01001600014Crossover_Democratic_Representative_in_Congress_14th_Congressional_District_Recap.csv:131,2
ny-2026-06-23-house-14-regular-democratic,2026,2026-06-23,primary,NY,House,14,regular,partisan_primary,Democratic,MAGDAMARY MARCANO,nyc-2026-06-23-14-democratic-132-magdamary-marcano,,True,1,nyc-2026-cd14-dem,https://www.vote.nyc/sites/default/files/pdf/election_results/2026/20260623Primary%20Election/01001600014Crossover%20Democratic%20Representative%20in%20Congress%2014th%20Congressional%20District%20Recap.csv,d92d6dea0cbd66c6abcf3931559d3d8884ea44aa88307e718a6e562e30156ee5,nyc-2026-01001600014Crossover_Democratic_Representative_in_Congress_14th_Congressional_District_Recap.csv:132,2
ny-2026-06-23-house-14-regular-democratic,2026,2026-06-23,primary,NY,House,14,regular,partisan_primary,Democratic,MARK GIJONAJ,nyc-2026-06-23-14-democratic-133-mark-gijonaj,,True,1,nyc-2026-cd14-dem,https://www.vote.nyc/sites/default/files/pdf/election_results/2026/20260623Primary%20Election/01001600014Crossover%20Democratic%20Representative%20in%20Congress%2014th%20Congressional%20District%20Recap.csv,d92d6dea0cbd66c6abcf3931559d3d8884ea44aa88307e718a6e562e30156ee5,nyc-2026-01001600014Crossover_Democratic_Representative_in_Congress_14th_Congressional_District_Recap.csv:133,2
ny-2026-06-23-house-14-regular-democratic,2026,2026-06-23,primary,NY,House,14,regular,partisan_primary,Democratic,MARTY BADONSKY,nyc-2026-06-23-14-democratic-134-marty-badonsky,,True,1,nyc-2026-cd14-dem,https://www.vote.nyc/sites/default/files/pdf/election_results/2026/20260623Primary%20Election/01001600014Crossover%20Democratic%20Representative%20in%20Congress%2014th%20Congressional%20District%20Recap.csv,d92d6dea0cbd66c6abcf3931559d3d8884ea44aa88307e718a6e562e30156ee5,nyc-2026-01001600014Crossover_Democratic_Representative_in_Congress_14th_Congressional_District_Recap.csv:134,2
ny-2026-06-23-house-14-regular-democratic,2026,2026-06-23,primary,NY,House,14,regular,partisan_primary,Democratic,MARTY DOLAN,nyc-2026-06-23-14-democratic-135-marty-dolan,,True,1,nyc-2026-cd14-dem,https://www.vote.nyc/sites/default/files/pdf/election_results/2026/20260623Primary%20Election/01001600014Crossover%20Democratic%20Representative%20in%20Congress%2014th%20Congressional%20District%20Recap.csv,d92d6dea0cbd66c6abcf3931559d3d8884ea44aa88307e718a6e562e30156ee5,nyc-2026-01001600014Crossover_Democratic_Representative_in_Congress_14th_Congressional_District_Recap.csv:135,2
ny-2026-06-23-house-14-regular-democratic,2026,2026-06-23,primary,NY,House,14,regular,partisan_primary,Democratic,MAYRA LARIOS,nyc-2026-06-23-14-democratic-136-mayra-larios,,True,1,nyc-2026-cd14-dem,https://www.vote.nyc/sites/default/files/pdf/election_results/2026/20260623Primary%20Election/01001600014Crossover%20Democratic%20Representative%20in%20Congress%2014th%20Congressional%20District%20Recap.csv,d92d6dea0cbd66c6abcf3931559d3d8884ea44aa88307e718a6e562e30156ee5,nyc-2026-01001600014Crossover_Democratic_Representative_in_Congress_14th_Congressional_District_Recap.csv:136,2
ny-2026-06-23-house-14-regular-democratic,2026,2026-06-23,primary,NY,House,14,regular,partisan_primary,Democratic,MICHAEL BLAKE,nyc-2026-06-23-14-democratic-137-michael-blake,,True,2,nyc-2026-cd14-dem,https://www.vote.nyc/sites/default/files/pdf/election_results/2026/20260623Primary%20Election/01001600014Crossover%20Democratic%20Representative%20in%20Congress%2014th%20Congressional%20District%20Recap.csv,d92d6dea0cbd66c6abcf3931559d3d8884ea44aa88307e718a6e562e30156ee5,nyc-2026-01001600014Crossover_Democratic_Representative_in_Congress_14th_Congressional_District_Recap.csv:137,2
ny-2026-06-23-house-14-regular-democratic,2026,2026-06-23,primary,NY,House,14,regular,partisan_primary,Democratic,MICHAEL BLOOMBERG,nyc-2026-06-23-14-democratic-138-michael-bloomberg,,True,1,nyc-2026-cd14-dem,https://www.vote.nyc/sites/default/files/pdf/election_results/2026/20260623Primary%20Election/01001600014Crossover%20Democratic%20Representative%20in%20Congress%2014th%20Congressional%20District%20Recap.csv,d92d6dea0cbd66c6abcf3931559d3d8884ea44aa88307e718a6e562e30156ee5,nyc-2026-01001600014Crossover_Democratic_Representative_in_Congress_14th_Congressional_District_Recap.csv:138,2
ny-2026-06-23-house-14-regular-democratic,2026,2026-06-23,primary,NY,House,14,regular,partisan_primary,Democratic,MIKE LIPETRI,nyc-2026-06-23-14-democratic-139-mike-lipetri,,True,1,nyc-2026-cd14-dem,https://www.vote.nyc/sites/default/files/pdf/election_results/2026/20260623Primary%20Election/01001600014Crossover%20Democratic%20Representative%20in%20Congress%2014th%20Congressional%20District%20Recap.csv,d92d6dea0cbd66c6abcf3931559d3d8884ea44aa88307e718a6e562e30156ee5,nyc-2026-01001600014Crossover_Democratic_Representative_in_Congress_14th_Congressional_District_Recap.csv:139,2
ny-2026-06-23-house-14-regular-democratic,2026,2026-06-23,primary,NY,House,14,regular,partisan_primary,Democratic,MILES MCBRIDE,nyc-2026-06-23-14-democratic-140-miles-mcbride,,True,1,nyc-2026-cd14-dem,https://www.vote.nyc/sites/default/files/pdf/election_results/2026/20260623Primary%20Election/01001600014Crossover%20Democratic%20Representative%20in%20Congress%2014th%20Congressional%20District%20Recap.csv,d92d6dea0cbd66c6abcf3931559d3d8884ea44aa88307e718a6e562e30156ee5,nyc-2026-01001600014Crossover_Democratic_Representative_in_Congress_14th_Congressional_District_Recap.csv:140,2
ny-2026-06-23-house-14-regular-democratic,2026,2026-06-23,primary,NY,House,14,regular,partisan_primary,Democratic,Marty Dolan,nyc-2026-06-23-14-democratic-93-marty-dolan,Democratic,False,2136,nyc-2026-cd14-dem,https://www.vote.nyc/sites/default/files/pdf/election_results/2026/20260623Primary%20Election/01001600014Crossover%20Democratic%20Representative%20in%20Congress%2014th%20Congressional%20District%20Recap.csv,d92d6dea0cbd66c6abcf3931559d3d8884ea44aa88307e718a6e562e30156ee5,nyc-2026-01001600014Crossover_Democratic_Representative_in_Congress_14th_Congressional_District_Recap.csv:93,2
ny-2026-06-23-house-14-regular-democratic,2026,2026-06-23,primary,NY,House,14,regular,partisan_primary,Democratic,NOEEM FOLANIGO,nyc-2026-06-23-14-democratic-141-noeem-folanigo,,True,1,nyc-2026-cd14-dem,https://www.vote.nyc/sites/default/files/pdf/election_results/2026/20260623Primary%20Election/01001600014Crossover%20Democratic%20Representative%20in%20Congress%2014th%20Congressional%20District%20Recap.csv,d92d6dea0cbd66c6abcf3931559d3d8884ea44aa88307e718a6e562e30156ee5,nyc-2026-01001600014Crossover_Democratic_Representative_in_Congress_14th_Congressional_District_Recap.csv:141,2
ny-2026-06-23-house-14-regular-democratic,2026,2026-06-23,primary,NY,House,14,regular,partisan_primary,Democratic,NORA LUM,nyc-2026-06-23-14-democratic-142-nora-lum,,True,2,nyc-2026-cd14-dem,https://www.vote.nyc/sites/default/files/pdf/election_results/2026/20260623Primary%20Election/01001600014Crossover%20Democratic%20Representative%20in%20Congress%2014th%20Congressional%20District%20Recap.csv,d92d6dea0cbd66c6abcf3931559d3d8884ea44aa88307e718a6e562e30156ee5,nyc-2026-01001600014Crossover_Democratic_Representative_in_Congress_14th_Congressional_District_Recap.csv:142,2
ny-2026-06-23-house-14-regular-democratic,2026,2026-06-23,primary,NY,House,14,regular,partisan_primary,Democratic,PENNY WISE,nyc-2026-06-23-14-democratic-143-penny-wise,,True,1,nyc-2026-cd14-dem,https://www.vote.nyc/sites/default/files/pdf/election_results/2026/20260623Primary%20Election/01001600014Crossover%20Democratic%20Representative%20in%20Congress%2014th%20Congressional%20District%20Recap.csv,d92d6dea0cbd66c6abcf3931559d3d8884ea44aa88307e718a6e562e30156ee5,nyc-2026-01001600014Crossover_Democratic_Representative_in_Congress_14th_Congressional_District_Recap.csv:143,2
ny-2026-06-23-house-14-regular-democratic,2026,2026-06-23,primary,NY,House,14,regular,partisan_primary,Democratic,PHILIP J. DEMONTE,nyc-2026-06-23-14-democratic-144-philip-j-demonte,,True,1,nyc-2026-cd14-dem,https://www.vote.nyc/sites/default/files/pdf/election_results/2026/20260623Primary%20Election/01001600014Crossover%20Democratic%20Representative%20in%20Congress%2014th%20Congressional%20District%20Recap.csv,d92d6dea0cbd66c6abcf3931559d3d8884ea44aa88307e718a6e562e30156ee5,nyc-2026-01001600014Crossover_Democratic_Representative_in_Congress_14th_Congressional_District_Recap.csv:144,2
ny-2026-06-23-house-14-regular-democratic,2026,2026-06-23,primary,NY,House,14,regular,partisan_primary,Democratic,RAZINES REYES,nyc-2026-06-23-14-democratic-145-razines-reyes,,True,1,nyc-2026-cd14-dem,https://www.vote.nyc/sites/default/files/pdf/election_results/2026/20260623Primary%20Election/01001600014Crossover%20Democratic%20Representative%20in%20Congress%2014th%20Congressional%20District%20Recap.csv,d92d6dea0cbd66c6abcf3931559d3d8884ea44aa88307e718a6e562e30156ee5,nyc-2026-01001600014Crossover_Democratic_Representative_in_Congress_14th_Congressional_District_Recap.csv:145,2
ny-2026-06-23-house-14-regular-democratic,2026,2026-06-23,primary,NY,House,14,regular,partisan_primary,Democratic,RITCHIE TORRES,nyc-2026-06-23-14-democratic-146-ritchie-torres,,True,4,nyc-2026-cd14-dem,https://www.vote.nyc/sites/default/files/pdf/election_results/2026/20260623Primary%20Election/01001600014Crossover%20Democratic%20Representative%20in%20Congress%2014th%20Congressional%20District%20Recap.csv,d92d6dea0cbd66c6abcf3931559d3d8884ea44aa88307e718a6e562e30156ee5,nyc-2026-01001600014Crossover_Democratic_Representative_in_Congress_14th_Congressional_District_Recap.csv:146,2
ny-2026-06-23-house-14-regular-democratic,2026,2026-06-23,primary,NY,House,14,regular,partisan_primary,Democratic,ROSE SCOTT,nyc-2026-06-23-14-democratic-147-rose-scott,,True,1,nyc-2026-cd14-dem,https://www.vote.nyc/sites/default/files/pdf/election_results/2026/20260623Primary%20Election/01001600014Crossover%20Democratic%20Representative%20in%20Congress%2014th%20Congressional%20District%20Recap.csv,d92d6dea0cbd66c6abcf3931559d3d8884ea44aa88307e718a6e562e30156ee5,nyc-2026-01001600014Crossover_Democratic_Representative_in_Congress_14th_Congressional_District_Recap.csv:147,2
ny-2026-06-23-house-14-regular-democratic,2026,2026-06-23,primary,NY,House,14,regular,partisan_primary,Democratic,SHAMSUL HAQUE,nyc-2026-06-23-14-democratic-148-shamsul-haque,,True,1,nyc-2026-cd14-dem,https://www.vote.nyc/sites/default/files/pdf/election_results/2026/20260623Primary%20Election/01001600014Crossover%20Democratic%20Representative%20in%20Congress%2014th%20Congressional%20District%20Recap.csv,d92d6dea0cbd66c6abcf3931559d3d8884ea44aa88307e718a6e562e30156ee5,nyc-2026-01001600014Crossover_Democratic_Representative_in_Congress_14th_Congressional_District_Recap.csv:148,2
ny-2026-06-23-house-14-regular-democratic,2026,2026-06-23,primary,NY,House,14,regular,partisan_primary,Democratic,SPENCER PRATT,nyc-2026-06-23-14-democratic-149-spencer-pratt,,True,1,nyc-2026-cd14-dem,https://www.vote.nyc/sites/default/files/pdf/election_results/2026/20260623Primary%20Election/01001600014Crossover%20Democratic%20Representative%20in%20Congress%2014th%20Congressional%20District%20Recap.csv,d92d6dea0cbd66c6abcf3931559d3d8884ea44aa88307e718a6e562e30156ee5,nyc-2026-01001600014Crossover_Democratic_Representative_in_Congress_14th_Congressional_District_Recap.csv:149,2
ny-2026-06-23-house-14-regular-democratic,2026,2026-06-23,primary,NY,House,14,regular,partisan_primary,Democratic,STEFANI JOANE ANGELINA GERMANOTTA,nyc-2026-06-23-14-democratic-150-stefani-joane-angelina-germanotta,,True,1,nyc-2026-cd14-dem,https://www.vote.nyc/sites/default/files/pdf/election_results/2026/20260623Primary%20Election/01001600014Crossover%20Democratic%20Representative%20in%20Congress%2014th%20Congressional%20District%20Recap.csv,d92d6dea0cbd66c6abcf3931559d3d8884ea44aa88307e718a6e562e30156ee5,nyc-2026-01001600014Crossover_Democratic_Representative_in_Congress_14th_Congressional_District_Recap.csv:150,2
ny-2026-06-23-house-14-regular-democratic,2026,2026-06-23,primary,NY,House,14,regular,partisan_primary,Democratic,STEVE RUPPANERA,nyc-2026-06-23-14-democratic-151-steve-ruppanera,,True,1,nyc-2026-cd14-dem,https://www.vote.nyc/sites/default/files/pdf/election_results/2026/20260623Primary%20Election/01001600014Crossover%20Democratic%20Representative%20in%20Congress%2014th%20Congressional%20District%20Recap.csv,d92d6dea0cbd66c6abcf3931559d3d8884ea44aa88307e718a6e562e30156ee5,nyc-2026-01001600014Crossover_Democratic_Representative_in_Congress_14th_Congressional_District_Recap.csv:151,2
ny-2026-06-23-house-14-regular-democratic,2026,2026-06-23,primary,NY,House,14,regular,partisan_primary,Democratic,STEVEN RAGA,nyc-2026-06-23-14-democratic-152-steven-raga,,True,1,nyc-2026-cd14-dem,https://www.vote.nyc/sites/default/files/pdf/election_results/2026/20260623Primary%20Election/01001600014Crossover%20Democratic%20Representative%20in%20Congress%2014th%20Congressional%20District%20Recap.csv,d92d6dea0cbd66c6abcf3931559d3d8884ea44aa88307e718a6e562e30156ee5,nyc-2026-01001600014Crossover_Democratic_Representative_in_Congress_14th_Congressional_District_Recap.csv:152,2
ny-2026-06-23-house-14-regular-democratic,2026,2026-06-23,primary,NY,House,14,regular,partisan_primary,Democratic,STEVEN RIVERA,nyc-2026-06-23-14-democratic-153-steven-rivera,,True,1,nyc-2026-cd14-dem,https://www.vote.nyc/sites/default/files/pdf/election_results/2026/20260623Primary%20Election/01001600014Crossover%20Democratic%20Representative%20in%20Congress%2014th%20Congressional%20District%20Recap.csv,d92d6dea0cbd66c6abcf3931559d3d8884ea44aa88307e718a6e562e30156ee5,nyc-2026-01001600014Crossover_Democratic_Representative_in_Congress_14th_Congressional_District_Recap.csv:153,2
ny-2026-06-23-house-14-regular-democratic,2026,2026-06-23,primary,NY,House,14,regular,partisan_primary,Democratic,TAHMIDUR RABB,nyc-2026-06-23-14-democratic-154-tahmidur-rabb,,True,1,nyc-2026-cd14-dem,https://www.vote.nyc/sites/default/files/pdf/election_results/2026/20260623Primary%20Election/01001600014Crossover%20Democratic%20Representative%20in%20Congress%2014th%20Congressional%20District%20Recap.csv,d92d6dea0cbd66c6abcf3931559d3d8884ea44aa88307e718a6e562e30156ee5,nyc-2026-01001600014Crossover_Democratic_Representative_in_Congress_14th_Congressional_District_Recap.csv:154,2
ny-2026-06-23-house-14-regular-democratic,2026,2026-06-23,primary,NY,House,14,regular,partisan_primary,Democratic,TANSEEM AZIZ,nyc-2026-06-23-14-democratic-155-tanseem-aziz,,True,1,nyc-2026-cd14-dem,https://www.vote.nyc/sites/default/files/pdf/election_results/2026/20260623Primary%20Election/01001600014Crossover%20Democratic%20Representative%20in%20Congress%2014th%20Congressional%20District%20Recap.csv,d92d6dea0cbd66c6abcf3931559d3d8884ea44aa88307e718a6e562e30156ee5,nyc-2026-01001600014Crossover_Democratic_Representative_in_Congress_14th_Congressional_District_Recap.csv:155,2
ny-2026-06-23-house-14-regular-democratic,2026,2026-06-23,primary,NY,House,14,regular,partisan_primary,Democratic,TAZEEL NAWEED AHMED,nyc-2026-06-23-14-democratic-156-tazeel-naweed-ahmed,,True,1,nyc-2026-cd14-dem,https://www.vote.nyc/sites/default/files/pdf/election_results/2026/20260623Primary%20Election/01001600014Crossover%20Democratic%20Representative%20in%20Congress%2014th%20Congressional%20District%20Recap.csv,d92d6dea0cbd66c6abcf3931559d3d8884ea44aa88307e718a6e562e30156ee5,nyc-2026-01001600014Crossover_Democratic_Representative_in_Congress_14th_Congressional_District_Recap.csv:156,2
ny-2026-06-23-house-14-regular-democratic,2026,2026-06-23,primary,NY,House,14,regular,partisan_primary,Democratic,UNATTRIBUTABLE WRITE-IN,nyc-2026-06-23-14-democratic-157-unattributable-write-in,,True,48,nyc-2026-cd14-dem,https://www.vote.nyc/sites/default/files/pdf/election_results/2026/20260623Primary%20Election/01001600014Crossover%20Democratic%20Representative%20in%20Congress%2014th%20Congressional%20District%20Recap.csv,d92d6dea0cbd66c6abcf3931559d3d8884ea44aa88307e718a6e562e30156ee5,nyc-2026-01001600014Crossover_Democratic_Representative_in_Congress_14th_Congressional_District_Recap.csv:157,2
ny-2026-06-23-house-14-regular-democratic,2026,2026-06-23,primary,NY,House,14,regular,partisan_primary,Democratic,VINCENT TRIVIGNO,nyc-2026-06-23-14-democratic-158-vincent-trivigno,,True,1,nyc-2026-cd14-dem,https://www.vote.nyc/sites/default/files/pdf/election_results/2026/20260623Primary%20Election/01001600014Crossover%20Democratic%20Representative%20in%20Congress%2014th%20Congressional%20District%20Recap.csv,d92d6dea0cbd66c6abcf3931559d3d8884ea44aa88307e718a6e562e30156ee5,nyc-2026-01001600014Crossover_Democratic_Representative_in_Congress_14th_Congressional_District_Recap.csv:158,2
ny-2026-06-23-house-14-regular-democratic,2026,2026-06-23,primary,NY,House,14,regular,partisan_primary,Democratic,VINCENZ RUPPANER,nyc-2026-06-23-14-democratic-159-vincenz-ruppaner,,True,1,nyc-2026-cd14-dem,https://www.vote.nyc/sites/default/files/pdf/election_results/2026/20260623Primary%20Election/01001600014Crossover%20Democratic%20Representative%20in%20Congress%2014th%20Congressional%20District%20Recap.csv,d92d6dea0cbd66c6abcf3931559d3d8884ea44aa88307e718a6e562e30156ee5,nyc-2026-01001600014Crossover_Democratic_Representative_in_Congress_14th_Congressional_District_Recap.csv:159,2
ny-2026-06-23-house-14-regular-democratic,2026,2026-06-23,primary,NY,House,14,regular,partisan_primary,Democratic,YAHYA SINWAR,nyc-2026-06-23-14-democratic-160-yahya-sinwar,,True,1,nyc-2026-cd14-dem,https://www.vote.nyc/sites/default/files/pdf/election_results/2026/20260623Primary%20Election/01001600014Crossover%20Democratic%20Representative%20in%20Congress%2014th%20Congressional%20District%20Recap.csv,d92d6dea0cbd66c6abcf3931559d3d8884ea44aa88307e718a6e562e30156ee5,nyc-2026-01001600014Crossover_Democratic_Representative_in_Congress_14th_Congressional_District_Recap.csv:160,2
ny-2026-06-23-house-14-regular-democratic,2026,2026-06-23,primary,NY,House,14,regular,partisan_primary,Democratic,ZAKIR CHOWDHURY,nyc-2026-06-23-14-democratic-161-zakir-chowdhury,,True,2,nyc-2026-cd14-dem,https://www.vote.nyc/sites/default/files/pdf/election_results/2026/20260623Primary%20Election/01001600014Crossover%20Democratic%20Representative%20in%20Congress%2014th%20Congressional%20District%20Recap.csv,d92d6dea0cbd66c6abcf3931559d3d8884ea44aa88307e718a6e562e30156ee5,nyc-2026-01001600014Crossover_Democratic_Representative_in_Congress_14th_Congressional_District_Recap.csv:161,2
ny-2026-06-23-house-15-regular-democratic,2026,2026-06-23,primary,NY,House,15,regular,partisan_primary,Democratic,AARON STAGMAN,nyc-2026-06-23-15-democratic-180-aaron-stagman,,True,1,nyc-2026-cd15-dem,https://www.vote.nyc/sites/default/files/pdf/election_results/2026/20260623Primary%20Election/01201600015Bronx%20Democratic%20Representative%20in%20Congress%2015th%20Congressional%20District%20Recap.csv,e6ecea5eb0c7aa341d5302e5a113af781c515994b1da320f82d585fc9fc328f7,nyc-2026-01201600015Bronx_Democratic_Representative_in_Congress_15th_Congressional_District_Recap.csv:180,1
ny-2026-06-23-house-15-regular-democratic,2026,2026-06-23,primary,NY,House,15,regular,partisan_primary,Democratic,ADRIANO ESPAILLAT,nyc-2026-06-23-15-democratic-181-adriano-espaillat,,True,93,nyc-2026-cd15-dem,https://www.vote.nyc/sites/default/files/pdf/election_results/2026/20260623Primary%20Election/01201600015Bronx%20Democratic%20Representative%20in%20Congress%2015th%20Congressional%20District%20Recap.csv,e6ecea5eb0c7aa341d5302e5a113af781c515994b1da320f82d585fc9fc328f7,nyc-2026-01201600015Bronx_Democratic_Representative_in_Congress_15th_Congressional_District_Recap.csv:181,1
ny-2026-06-23-house-15-regular-democratic,2026,2026-06-23,primary,NY,House,15,regular,partisan_primary,Democratic,ADRIANO ESPALLAT,nyc-2026-06-23-15-democratic-182-adriano-espallat,,True,1,nyc-2026-cd15-dem,https://www.vote.nyc/sites/default/files/pdf/election_results/2026/20260623Primary%20Election/01201600015Bronx%20Democratic%20Representative%20in%20Congress%2015th%20Congressional%20District%20Recap.csv,e6ecea5eb0c7aa341d5302e5a113af781c515994b1da320f82d585fc9fc328f7,nyc-2026-01201600015Bronx_Democratic_Representative_in_Congress_15th_Congressional_District_Recap.csv:182,1
ny-2026-06-23-house-15-regular-democratic,2026,2026-06-23,primary,NY,House,15,regular,partisan_primary,Democratic,ALEXANDRIA OCASIO CORTEZ,nyc-2026-06-23-15-democratic-183-alexandria-ocasio-cortez,,True,3,nyc-2026-cd15-dem,https://www.vote.nyc/sites/default/files/pdf/election_results/2026/20260623Primary%20Election/01201600015Bronx%20Democratic%20Representative%20in%20Congress%2015th%20Congressional%20District%20Recap.csv,e6ecea5eb0c7aa341d5302e5a113af781c515994b1da320f82d585fc9fc328f7,nyc-2026-01201600015Bronx_Democratic_Representative_in_Congress_15th_Congressional_District_Recap.csv:183,1
ny-2026-06-23-house-15-regular-democratic,2026,2026-06-23,primary,NY,House,15,regular,partisan_primary,Democratic,AMANDA SEPTIMO,nyc-2026-06-23-15-democratic-184-amanda-septimo,,True,1,nyc-2026-cd15-dem,https://www.vote.nyc/sites/default/files/pdf/election_results/2026/20260623Primary%20Election/01201600015Bronx%20Democratic%20Representative%20in%20Congress%2015th%20Congressional%20District%20Recap.csv,e6ecea5eb0c7aa341d5302e5a113af781c515994b1da320f82d585fc9fc328f7,nyc-2026-01201600015Bronx_Democratic_Representative_in_Congress_15th_Congressional_District_Recap.csv:184,1
ny-2026-06-23-house-15-regular-democratic,2026,2026-06-23,primary,NY,House,15,regular,partisan_primary,Democratic,ANDRE EASTON,nyc-2026-06-23-15-democratic-185-andre-easton,,True,14,nyc-2026-cd15-dem,https://www.vote.nyc/sites/default/files/pdf/election_results/2026/20260623Primary%20Election/01201600015Bronx%20Democratic%20Representative%20in%20Congress%2015th%20Congressional%20District%20Recap.csv,e6ecea5eb0c7aa341d5302e5a113af781c515994b1da320f82d585fc9fc328f7,nyc-2026-01201600015Bronx_Democratic_Representative_in_Congress_15th_Congressional_District_Recap.csv:185,1
ny-2026-06-23-house-15-regular-democratic,2026,2026-06-23,primary,NY,House,15,regular,partisan_primary,Democratic,ANDREW GARBARINO,nyc-2026-06-23-15-democratic-186-andrew-garbarino,,True,1,nyc-2026-cd15-dem,https://www.vote.nyc/sites/default/files/pdf/election_results/2026/20260623Primary%20Election/01201600015Bronx%20Democratic%20Representative%20in%20Congress%2015th%20Congressional%20District%20Recap.csv,e6ecea5eb0c7aa341d5302e5a113af781c515994b1da320f82d585fc9fc328f7,nyc-2026-01201600015Bronx_Democratic_Representative_in_Congress_15th_Congressional_District_Recap.csv:186,1
ny-2026-06-23-house-15-regular-democratic,2026,2026-06-23,primary,NY,House,15,regular,partisan_primary,Democratic,ANTONIO REYNOSO,nyc-2026-06-23-15-democratic-187-antonio-reynoso,,True,1,nyc-2026-cd15-dem,https://www.vote.nyc/sites/default/files/pdf/election_results/2026/20260623Primary%20Election/01201600015Bronx%20Democratic%20Representative%20in%20Congress%2015th%20Congressional%20District%20Recap.csv,e6ecea5eb0c7aa341d5302e5a113af781c515994b1da320f82d585fc9fc328f7,nyc-2026-01201600015Bronx_Democratic_Representative_in_Congress_15th_Congressional_District_Recap.csv:187,1
ny-2026-06-23-house-15-regular-democratic,2026,2026-06-23,primary,NY,House,15,regular,partisan_primary,Democratic,BARACK OBAMA,nyc-2026-06-23-15-democratic-188-barack-obama,,True,1,nyc-2026-cd15-dem,https://www.vote.nyc/sites/default/files/pdf/election_results/2026/20260623Primary%20Election/01201600015Bronx%20Democratic%20Representative%20in%20Congress%2015th%20Congressional%20District%20Recap.csv,e6ecea5eb0c7aa341d5302e5a113af781c515994b1da320f82d585fc9fc328f7,nyc-2026-01201600015Bronx_Democratic_Representative_in_Congress_15th_Congressional_District_Recap.csv:188,1
ny-2026-06-23-house-15-regular-democratic,2026,2026-06-23,primary,NY,House,15,regular,partisan_primary,Democratic,BRAD LANDER,nyc-2026-06-23-15-democratic-189-brad-lander,,True,3,nyc-2026-cd15-dem,https://www.vote.nyc/sites/default/files/pdf/election_results/2026/20260623Primary%20Election/01201600015Bronx%20Democratic%20Representative%20in%20Congress%2015th%20Congressional%20District%20Recap.csv,e6ecea5eb0c7aa341d5302e5a113af781c515994b1da320f82d585fc9fc328f7,nyc-2026-01201600015Bronx_Democratic_Representative_in_Congress_15th_Congressional_District_Recap.csv:189,1
ny-2026-06-23-house-15-regular-democratic,2026,2026-06-23,primary,NY,House,15,regular,partisan_primary,Democratic,CLAIRE VALDEZ,nyc-2026-06-23-15-democratic-190-claire-valdez,,True,3,nyc-2026-cd15-dem,https://www.vote.nyc/sites/default/files/pdf/election_results/2026/20260623Primary%20Election/01201600015Bronx%20Democratic%20Representative%20in%20Congress%2015th%20Congressional%20District%20Recap.csv,e6ecea5eb0c7aa341d5302e5a113af781c515994b1da320f82d585fc9fc328f7,nyc-2026-01201600015Bronx_Democratic_Representative_in_Congress_15th_Congressional_District_Recap.csv:190,1
ny-2026-06-23-house-15-regular-democratic,2026,2026-06-23,primary,NY,House,15,regular,partisan_primary,Democratic,CYNTHIA WHITE,nyc-2026-06-23-15-democratic-191-cynthia-white,,True,1,nyc-2026-cd15-dem,https://www.vote.nyc/sites/default/files/pdf/election_results/2026/20260623Primary%20Election/01201600015Bronx%20Democratic%20Representative%20in%20Congress%2015th%20Congressional%20District%20Recap.csv,e6ecea5eb0c7aa341d5302e5a113af781c515994b1da320f82d585fc9fc328f7,nyc-2026-01201600015Bronx_Democratic_Representative_in_Congress_15th_Congressional_District_Recap.csv:191,1
ny-2026-06-23-house-15-regular-democratic,2026,2026-06-23,primary,NY,House,15,regular,partisan_primary,Democratic,DALOURNEY NEMORIN,nyc-2026-06-23-15-democratic-192-dalourney-nemorin,,True,5,nyc-2026-cd15-dem,https://www.vote.nyc/sites/default/files/pdf/election_results/2026/20260623Primary%20Election/01201600015Bronx%20Democratic%20Representative%20in%20Congress%2015th%20Congressional%20District%20Recap.csv,e6ecea5eb0c7aa341d5302e5a113af781c515994b1da320f82d585fc9fc328f7,nyc-2026-01201600015Bronx_Democratic_Representative_in_Congress_15th_Congressional_District_Recap.csv:192,1
ny-2026-06-23-house-15-regular-democratic,2026,2026-06-23,primary,NY,House,15,regular,partisan_primary,Democratic,DARIALIZA AVILA CHEVALIER,nyc-2026-06-23-15-democratic-193-darializa-avila-chevalier,,True,14,nyc-2026-cd15-dem,https://www.vote.nyc/sites/default/files/pdf/election_results/2026/20260623Primary%20Election/01201600015Bronx%20Democratic%20Representative%20in%20Congress%2015th%20Congressional%20District%20Recap.csv,e6ecea5eb0c7aa341d5302e5a113af781c515994b1da320f82d585fc9fc328f7,nyc-2026-01201600015Bronx_Democratic_Representative_in_Congress_15th_Congressional_District_Recap.csv:193,1
ny-2026-06-23-house-15-regular-democratic,2026,2026-06-23,primary,NY,House,15,regular,partisan_primary,Democratic,DENISE OPEKU,nyc-2026-06-23-15-democratic-194-denise-opeku,,True,1,nyc-2026-cd15-dem,https://www.vote.nyc/sites/default/files/pdf/election_results/2026/20260623Primary%20Election/01201600015Bronx%20Democratic%20Representative%20in%20Congress%2015th%20Congressional%20District%20Recap.csv,e6ecea5eb0c7aa341d5302e5a113af781c515994b1da320f82d585fc9fc328f7,nyc-2026-01201600015Bronx_Democratic_Representative_in_Congress_15th_Congressional_District_Recap.csv:194,1
ny-2026-06-23-house-15-regular-democratic,2026,2026-06-23,primary,NY,House,15,regular,partisan_primary,Democratic,DONALD J. TRUMP,nyc-2026-06-23-15-democratic-195-donald-j-trump,,True,1,nyc-2026-cd15-dem,https://www.vote.nyc/sites/default/files/pdf/election_results/2026/20260623Primary%20Election/01201600015Bronx%20Democratic%20Representative%20in%20Congress%2015th%20Congressional%20District%20Recap.csv,e6ecea5eb0c7aa341d5302e5a113af781c515994b1da320f82d585fc9fc328f7,nyc-2026-01201600015Bronx_Democratic_Representative_in_Congress_15th_Congressional_District_Recap.csv:195,1
ny-2026-06-23-house-15-regular-democratic,2026,2026-06-23,primary,NY,House,15,regular,partisan_primary,Democratic,ELI KITHRUF,nyc-2026-06-23-15-democratic-196-eli-kithruf,,True,1,nyc-2026-cd15-dem,https://www.vote.nyc/sites/default/files/pdf/election_results/2026/20260623Primary%20Election/01201600015Bronx%20Democratic%20Representative%20in%20Congress%2015th%20Congressional%20District%20Recap.csv,e6ecea5eb0c7aa341d5302e5a113af781c515994b1da320f82d585fc9fc328f7,nyc-2026-01201600015Bronx_Democratic_Representative_in_Congress_15th_Congressional_District_Recap.csv:196,1
ny-2026-06-23-house-15-regular-democratic,2026,2026-06-23,primary,NY,House,15,regular,partisan_primary,Democratic,ELLIOT RABIN,nyc-2026-06-23-15-democratic-197-elliot-rabin,,True,1,nyc-2026-cd15-dem,https://www.vote.nyc/sites/default/files/pdf/election_results/2026/20260623Primary%20Election/01201600015Bronx%20Democratic%20Representative%20in%20Congress%2015th%20Congressional%20District%20Recap.csv,e6ecea5eb0c7aa341d5302e5a113af781c515994b1da320f82d585fc9fc328f7,nyc-2026-01201600015Bronx_Democratic_Representative_in_Congress_15th_Congressional_District_Recap.csv:197,1
ny-2026-06-23-house-15-regular-democratic,2026,2026-06-23,primary,NY,House,15,regular,partisan_primary,Democratic,ERNESTO GONZALEZ,nyc-2026-06-23-15-democratic-198-ernesto-gonzalez,,True,1,nyc-2026-cd15-dem,https://www.vote.nyc/sites/default/files/pdf/election_results/2026/20260623Primary%20Election/01201600015Bronx%20Democratic%20Representative%20in%20Congress%2015th%20Congressional%20District%20Recap.csv,e6ecea5eb0c7aa341d5302e5a113af781c515994b1da320f82d585fc9fc328f7,nyc-2026-01201600015Bronx_Democratic_Representative_in_Congress_15th_Congressional_District_Recap.csv:198,1
ny-2026-06-23-house-15-regular-democratic,2026,2026-06-23,primary,NY,House,15,regular,partisan_primary,Democratic,FELIPE GARCIA,nyc-2026-06-23-15-democratic-199-felipe-garcia,,True,1,nyc-2026-cd15-dem,https://www.vote.nyc/sites/default/files/pdf/election_results/2026/20260623Primary%20Election/01201600015Bronx%20Democratic%20Representative%20in%20Congress%2015th%20Congressional%20District%20Recap.csv,e6ecea5eb0c7aa341d5302e5a113af781c515994b1da320f82d585fc9fc328f7,nyc-2026-01201600015Bronx_Democratic_Representative_in_Congress_15th_Congressional_District_Recap.csv:199,1
ny-2026-06-23-house-15-regular-democratic,2026,2026-06-23,primary,NY,House,15,regular,partisan_primary,Democratic,FERNADO CABRERA,nyc-2026-06-23-15-democratic-200-fernado-cabrera,,True,1,nyc-2026-cd15-dem,https://www.vote.nyc/sites/default/files/pdf/election_results/2026/20260623Primary%20Election/01201600015Bronx%20Democratic%20Representative%20in%20Congress%2015th%20Congressional%20District%20Recap.csv,e6ecea5eb0c7aa341d5302e5a113af781c515994b1da320f82d585fc9fc328f7,nyc-2026-01201600015Bronx_Democratic_Representative_in_Congress_15th_Congressional_District_Recap.csv:200,1
ny-2026-06-23-house-15-regular-democratic,2026,2026-06-23,primary,NY,House,15,regular,partisan_primary,Democratic,GABRIEL A AVILES,nyc-2026-06-23-15-democratic-201-gabriel-a-aviles,,True,1,nyc-2026-cd15-dem,https://www.vote.nyc/sites/default/files/pdf/election_results/2026/20260623Primary%20Election/01201600015Bronx%20Democratic%20Representative%20in%20Congress%2015th%20Congressional%20District%20Recap.csv,e6ecea5eb0c7aa341d5302e5a113af781c515994b1da320f82d585fc9fc328f7,nyc-2026-01201600015Bronx_Democratic_Representative_in_Congress_15th_Congressional_District_Recap.csv:201,1
ny-2026-06-23-house-15-regular-democratic,2026,2026-06-23,primary,NY,House,15,regular,partisan_primary,Democratic,GEORGE COOKE,nyc-2026-06-23-15-democratic-202-george-cooke,,True,1,nyc-2026-cd15-dem,https://www.vote.nyc/sites/default/files/pdf/election_results/2026/20260623Primary%20Election/01201600015Bronx%20Democratic%20Representative%20in%20Congress%2015th%20Congressional%20District%20Recap.csv,e6ecea5eb0c7aa341d5302e5a113af781c515994b1da320f82d585fc9fc328f7,nyc-2026-01201600015Bronx_Democratic_Representative_in_Congress_15th_Congressional_District_Recap.csv:202,1
ny-2026-06-23-house-15-regular-democratic,2026,2026-06-23,primary,NY,House,15,regular,partisan_primary,Democratic,GRACE LEE,nyc-2026-06-23-15-democratic-203-grace-lee,,True,1,nyc-2026-cd15-dem,https://www.vote.nyc/sites/default/files/pdf/election_results/2026/20260623Primary%20Election/01201600015Bronx%20Democratic%20Representative%20in%20Congress%2015th%20Congressional%20District%20Recap.csv,e6ecea5eb0c7aa341d5302e5a113af781c515994b1da320f82d585fc9fc328f7,nyc-2026-01201600015Bronx_Democratic_Representative_in_Congress_15th_Congressional_District_Recap.csv:203,1
ny-2026-06-23-house-15-regular-democratic,2026,2026-06-23,primary,NY,House,15,regular,partisan_primary,Democratic,HIND RAJAB,nyc-2026-06-23-15-democratic-204-hind-rajab,,True,1,nyc-2026-cd15-dem,https://www.vote.nyc/sites/default/files/pdf/election_results/2026/20260623Primary%20Election/01201600015Bronx%20Democratic%20Representative%20in%20Congress%2015th%20Congressional%20District%20Recap.csv,e6ecea5eb0c7aa341d5302e5a113af781c515994b1da320f82d585fc9fc328f7,nyc-2026-01201600015Bronx_Democratic_Representative_in_Congress_15th_Congressional_District_Recap.csv:204,1
ny-2026-06-23-house-15-regular-democratic,2026,2026-06-23,primary,NY,House,15,regular,partisan_primary,Democratic,JAMAAL BOWMAN,nyc-2026-06-23-15-democratic-205-jamaal-bowman,,True,2,nyc-2026-cd15-dem,https://www.vote.nyc/sites/default/files/pdf/election_results/2026/20260623Primary%20Election/01201600015Bronx%20Democratic%20Representative%20in%20Congress%2015th%20Congressional%20District%20Recap.csv,e6ecea5eb0c7aa341d5302e5a113af781c515994b1da320f82d585fc9fc328f7,nyc-2026-01201600015Bronx_Democratic_Representative_in_Congress_15th_Congressional_District_Recap.csv:205,1
ny-2026-06-23-house-15-regular-democratic,2026,2026-06-23,primary,NY,House,15,regular,partisan_primary,Democratic,JASMINE CROCKETT,nyc-2026-06-23-15-democratic-206-jasmine-crockett,,True,1,nyc-2026-cd15-dem,https://www.vote.nyc/sites/default/files/pdf/election_results/2026/20260623Primary%20Election/01201600015Bronx%20Democratic%20Representative%20in%20Congress%2015th%20Congressional%20District%20Recap.csv,e6ecea5eb0c7aa341d5302e5a113af781c515994b1da320f82d585fc9fc328f7,nyc-2026-01201600015Bronx_Democratic_Representative_in_Congress_15th_Congressional_District_Recap.csv:206,1
ny-2026-06-23-house-15-regular-democratic,2026,2026-06-23,primary,NY,House,15,regular,partisan_primary,Democratic,JENNIFER WOOLFORD,nyc-2026-06-23-15-democratic-207-jennifer-woolford,,True,1,nyc-2026-cd15-dem,https://www.vote.nyc/sites/default/files/pdf/election_results/2026/20260623Primary%20Election/01201600015Bronx%20Democratic%20Representative%20in%20Congress%2015th%20Congressional%20District%20Recap.csv,e6ecea5eb0c7aa341d5302e5a113af781c515994b1da320f82d585fc9fc328f7,nyc-2026-01201600015Bronx_Democratic_Representative_in_Congress_15th_Congressional_District_Recap.csv:207,1
ny-2026-06-23-house-15-regular-democratic,2026,2026-06-23,primary,NY,House,15,regular,partisan_primary,Democratic,JESS WOOLFORD,nyc-2026-06-23-15-democratic-208-jess-woolford,,True,1,nyc-2026-cd15-dem,https://www.vote.nyc/sites/default/files/pdf/election_results/2026/20260623Primary%20Election/01201600015Bronx%20Democratic%20Representative%20in%20Congress%2015th%20Congressional%20District%20Recap.csv,e6ecea5eb0c7aa341d5302e5a113af781c515994b1da320f82d585fc9fc328f7,nyc-2026-01201600015Bronx_Democratic_Representative_in_Congress_15th_Congressional_District_Recap.csv:208,1
ny-2026-06-23-house-15-regular-democratic,2026,2026-06-23,primary,NY,House,15,regular,partisan_primary,Democratic,"JOHN D.FEERICK,ESQ",nyc-2026-06-23-15-democratic-209-john-d-feerick-esq,,True,1,nyc-2026-cd15-dem,https://www.vote.nyc/sites/default/files/pdf/election_results/2026/20260623Primary%20Election/01201600015Bronx%20Democratic%20Representative%20in%20Congress%2015th%20Congressional%20District%20Recap.csv,e6ecea5eb0c7aa341d5302e5a113af781c515994b1da320f82d585fc9fc328f7,nyc-2026-01201600015Bronx_Democratic_Representative_in_Congress_15th_Congressional_District_Recap.csv:209,1
ny-2026-06-23-house-15-regular-democratic,2026,2026-06-23,primary,NY,House,15,regular,partisan_primary,Democratic,JOHN PEREZ,nyc-2026-06-23-15-democratic-210-john-perez,,True,1,nyc-2026-cd15-dem,https://www.vote.nyc/sites/default/files/pdf/election_results/2026/20260623Primary%20Election/01201600015Bronx%20Democratic%20Representative%20in%20Congress%2015th%20Congressional%20District%20Recap.csv,e6ecea5eb0c7aa341d5302e5a113af781c515994b1da320f82d585fc9fc328f7,nyc-2026-01201600015Bronx_Democratic_Representative_in_Congress_15th_Congressional_District_Recap.csv:210,1
ny-2026-06-23-house-15-regular-democratic,2026,2026-06-23,primary,NY,House,15,regular,partisan_primary,Democratic,JOHN THOMAS LORINO,nyc-2026-06-23-15-democratic-211-john-thomas-lorino,,True,1,nyc-2026-cd15-dem,https://www.vote.nyc/sites/default/files/pdf/election_results/2026/20260623Primary%20Election/01201600015Bronx%20Democratic%20Representative%20in%20Congress%2015th%20Congressional%20District%20Recap.csv,e6ecea5eb0c7aa341d5302e5a113af781c515994b1da320f82d585fc9fc328f7,nyc-2026-01201600015Bronx_Democratic_Representative_in_Congress_15th_Congressional_District_Recap.csv:211,1
ny-2026-06-23-house-15-regular-democratic,2026,2026-06-23,primary,NY,House,15,regular,partisan_primary,Democratic,JOSEPHINE MARTINEZ,nyc-2026-06-23-15-democratic-212-josephine-martinez,,True,1,nyc-2026-cd15-dem,https://www.vote.nyc/sites/default/files/pdf/election_results/2026/20260623Primary%20Election/01201600015Bronx%20Democratic%20Representative%20in%20Congress%2015th%20Congressional%20District%20Recap.csv,e6ecea5eb0c7aa341d5302e5a113af781c515994b1da320f82d585fc9fc328f7,nyc-2026-01201600015Bronx_Democratic_Representative_in_Congress_15th_Congressional_District_Recap.csv:212,1
ny-2026-06-23-house-15-regular-democratic,2026,2026-06-23,primary,NY,House,15,regular,partisan_primary,Democratic,Jose Vega,nyc-2026-06-23-15-democratic-178-jose-vega,Democratic,False,1939,nyc-2026-cd15-dem,https://www.vote.nyc/sites/default/files/pdf/election_results/2026/20260623Primary%20Election/01201600015Bronx%20Democratic%20Representative%20in%20Congress%2015th%20Congressional%20District%20Recap.csv,e6ecea5eb0c7aa341d5302e5a113af781c515994b1da320f82d585fc9fc328f7,nyc-2026-01201600015Bronx_Democratic_Representative_in_Congress_15th_Congressional_District_Recap.csv:178,1
ny-2026-06-23-house-15-regular-democratic,2026,2026-06-23,primary,NY,House,15,regular,partisan_primary,Democratic,MAKEDA WINFIELD,nyc-2026-06-23-15-democratic-213-makeda-winfield,,True,1,nyc-2026-cd15-dem,https://www.vote.nyc/sites/default/files/pdf/election_results/2026/20260623Primary%20Election/01201600015Bronx%20Democratic%20Representative%20in%20Congress%2015th%20Congressional%20District%20Recap.csv,e6ecea5eb0c7aa341d5302e5a113af781c515994b1da320f82d585fc9fc328f7,nyc-2026-01201600015Bronx_Democratic_Representative_in_Congress_15th_Congressional_District_Recap.csv:213,1
ny-2026-06-23-house-15-regular-democratic,2026,2026-06-23,primary,NY,House,15,regular,partisan_primary,Democratic,MANUEL WILLIAMS,nyc-2026-06-23-15-democratic-214-manuel-williams,,True,1,nyc-2026-cd15-dem,https://www.vote.nyc/sites/default/files/pdf/election_results/2026/20260623Primary%20Election/01201600015Bronx%20Democratic%20Representative%20in%20Congress%2015th%20Congressional%20District%20Recap.csv,e6ecea5eb0c7aa341d5302e5a113af781c515994b1da320f82d585fc9fc328f7,nyc-2026-01201600015Bronx_Democratic_Representative_in_Congress_15th_Congressional_District_Recap.csv:214,1
ny-2026-06-23-house-15-regular-democratic,2026,2026-06-23,primary,NY,House,15,regular,partisan_primary,Democratic,MICHAEL BLAKE,nyc-2026-06-23-15-democratic-215-michael-blake,,True,3,nyc-2026-cd15-dem,https://www.vote.nyc/sites/default/files/pdf/election_results/2026/20260623Primary%20Election/01201600015Bronx%20Democratic%20Representative%20in%20Congress%2015th%20Congressional%20District%20Recap.csv,e6ecea5eb0c7aa341d5302e5a113af781c515994b1da320f82d585fc9fc328f7,nyc-2026-01201600015Bronx_Democratic_Representative_in_Congress_15th_Congressional_District_Recap.csv:215,1
ny-2026-06-23-house-15-regular-democratic,2026,2026-06-23,primary,NY,House,15,regular,partisan_primary,Democratic,Michael Blake,nyc-2026-06-23-15-democratic-179-michael-blake,Democratic,False,7474,nyc-2026-cd15-dem,https://www.vote.nyc/sites/default/files/pdf/election_results/2026/20260623Primary%20Election/01201600015Bronx%20Democratic%20Representative%20in%20Congress%2015th%20Congressional%20District%20Recap.csv,e6ecea5eb0c7aa341d5302e5a113af781c515994b1da320f82d585fc9fc328f7,nyc-2026-01201600015Bronx_Democratic_Representative_in_Congress_15th_Congressional_District_Recap.csv:179,1
ny-2026-06-23-house-15-regular-democratic,2026,2026-06-23,primary,NY,House,15,regular,partisan_primary,Democratic,NOAH ARIS,nyc-2026-06-23-15-democratic-216-noah-aris,,True,2,nyc-2026-cd15-dem,https://www.vote.nyc/sites/default/files/pdf/election_results/2026/20260623Primary%20Election/01201600015Bronx%20Democratic%20Representative%20in%20Congress%2015th%20Congressional%20District%20Recap.csv,e6ecea5eb0c7aa341d5302e5a113af781c515994b1da320f82d585fc9fc328f7,nyc-2026-01201600015Bronx_Democratic_Representative_in_Congress_15th_Congressional_District_Recap.csv:216,1
ny-2026-06-23-house-15-regular-democratic,2026,2026-06-23,primary,NY,House,15,regular,partisan_primary,Democratic,OSWALD FELIZ,nyc-2026-06-23-15-democratic-217-oswald-feliz,,True,1,nyc-2026-cd15-dem,https://www.vote.nyc/sites/default/files/pdf/election_results/2026/20260623Primary%20Election/01201600015Bronx%20Democratic%20Representative%20in%20Congress%2015th%20Congressional%20District%20Recap.csv,e6ecea5eb0c7aa341d5302e5a113af781c515994b1da320f82d585fc9fc328f7,nyc-2026-01201600015Bronx_Democratic_Representative_in_Congress_15th_Congressional_District_Recap.csv:217,1
ny-2026-06-23-house-15-regular-democratic,2026,2026-06-23,primary,NY,House,15,regular,partisan_primary,Democratic,PATRICIA ROJAS,nyc-2026-06-23-15-democratic-218-patricia-rojas,,True,1,nyc-2026-cd15-dem,https://www.vote.nyc/sites/default/files/pdf/election_results/2026/20260623Primary%20Election/01201600015Bronx%20Democratic%20Representative%20in%20Congress%2015th%20Congressional%20District%20Recap.csv,e6ecea5eb0c7aa341d5302e5a113af781c515994b1da320f82d585fc9fc328f7,nyc-2026-01201600015Bronx_Democratic_Representative_in_Congress_15th_Congressional_District_Recap.csv:218,1
ny-2026-06-23-house-15-regular-democratic,2026,2026-06-23,primary,NY,House,15,regular,partisan_primary,Democratic,PHILIP J. DILLON,nyc-2026-06-23-15-democratic-219-philip-j-dillon,,True,2,nyc-2026-cd15-dem,https://www.vote.nyc/sites/default/files/pdf/election_results/2026/20260623Primary%20Election/01201600015Bronx%20Democratic%20Representative%20in%20Congress%2015th%20Congressional%20District%20Recap.csv,e6ecea5eb0c7aa341d5302e5a113af781c515994b1da320f82d585fc9fc328f7,nyc-2026-01201600015Bronx_Democratic_Representative_in_Congress_15th_Congressional_District_Recap.csv:219,1
ny-2026-06-23-house-15-regular-democratic,2026,2026-06-23,primary,NY,House,15,regular,partisan_primary,Democratic,PIERINO SANCHEZ,nyc-2026-06-23-15-democratic-220-pierino-sanchez,,True,1,nyc-2026-cd15-dem,https://www.vote.nyc/sites/default/files/pdf/election_results/2026/20260623Primary%20Election/01201600015Bronx%20Democratic%20Representative%20in%20Congress%2015th%20Congressional%20District%20Recap.csv,e6ecea5eb0c7aa341d5302e5a113af781c515994b1da320f82d585fc9fc328f7,nyc-2026-01201600015Bronx_Democratic_Representative_in_Congress_15th_Congressional_District_Recap.csv:220,1
ny-2026-06-23-house-15-regular-democratic,2026,2026-06-23,primary,NY,House,15,regular,partisan_primary,Democratic,ROBERT PEREZ,nyc-2026-06-23-15-democratic-221-robert-perez,,True,1,nyc-2026-cd15-dem,https://www.vote.nyc/sites/default/files/pdf/election_results/2026/20260623Primary%20Election/01201600015Bronx%20Democratic%20Representative%20in%20Congress%2015th%20Congressional%20District%20Recap.csv,e6ecea5eb0c7aa341d5302e5a113af781c515994b1da320f82d585fc9fc328f7,nyc-2026-01201600015Bronx_Democratic_Representative_in_Congress_15th_Congressional_District_Recap.csv:221,1
ny-2026-06-23-house-15-regular-democratic,2026,2026-06-23,primary,NY,House,15,regular,partisan_primary,Democratic,ROBERT RODRIGUEZ,nyc-2026-06-23-15-democratic-222-robert-rodriguez,,True,1,nyc-2026-cd15-dem,https://www.vote.nyc/sites/default/files/pdf/election_results/2026/20260623Primary%20Election/01201600015Bronx%20Democratic%20Representative%20in%20Congress%2015th%20Congressional%20District%20Recap.csv,e6ecea5eb0c7aa341d5302e5a113af781c515994b1da320f82d585fc9fc328f7,nyc-2026-01201600015Bronx_Democratic_Representative_in_Congress_15th_Congressional_District_Recap.csv:222,1
ny-2026-06-23-house-15-regular-democratic,2026,2026-06-23,primary,NY,House,15,regular,partisan_primary,Democratic,Ritchie Torres,nyc-2026-06-23-15-democratic-177-ritchie-torres,Democratic,False,24598,nyc-2026-cd15-dem,https://www.vote.nyc/sites/default/files/pdf/election_results/2026/20260623Primary%20Election/01201600015Bronx%20Democratic%20Representative%20in%20Congress%2015th%20Congressional%20District%20Recap.csv,e6ecea5eb0c7aa341d5302e5a113af781c515994b1da320f82d585fc9fc328f7,nyc-2026-01201600015Bronx_Democratic_Representative_in_Congress_15th_Congressional_District_Recap.csv:177,1
ny-2026-06-23-house-15-regular-democratic,2026,2026-06-23,primary,NY,House,15,regular,partisan_primary,Democratic,SANDRA LOBO,nyc-2026-06-23-15-democratic-223-sandra-lobo,,True,1,nyc-2026-cd15-dem,https://www.vote.nyc/sites/default/files/pdf/election_results/2026/20260623Primary%20Election/01201600015Bronx%20Democratic%20Representative%20in%20Congress%2015th%20Congressional%20District%20Recap.csv,e6ecea5eb0c7aa341d5302e5a113af781c515994b1da320f82d585fc9fc328f7,nyc-2026-01201600015Bronx_Democratic_Representative_in_Congress_15th_Congressional_District_Recap.csv:223,1
ny-2026-06-23-house-15-regular-democratic,2026,2026-06-23,primary,NY,House,15,regular,partisan_primary,Democratic,UNATTRIBUTABLE WRITE-IN,nyc-2026-06-23-15-democratic-224-unattributable-write-in,,True,51,nyc-2026-cd15-dem,https://www.vote.nyc/sites/default/files/pdf/election_results/2026/20260623Primary%20Election/01201600015Bronx%20Democratic%20Representative%20in%20Congress%2015th%20Congressional%20District%20Recap.csv,e6ecea5eb0c7aa341d5302e5a113af781c515994b1da320f82d585fc9fc328f7,nyc-2026-01201600015Bronx_Democratic_Representative_in_Congress_15th_Congressional_District_Recap.csv:224,1
ny-2026-06-23-house-15-regular-democratic,2026,2026-06-23,primary,NY,House,15,regular,partisan_primary,Democratic,WIGBERTO ASTERO,nyc-2026-06-23-15-democratic-225-wigberto-astero,,True,1,nyc-2026-cd15-dem,https://www.vote.nyc/sites/default/files/pdf/election_results/2026/20260623Primary%20Election/01201600015Bronx%20Democratic%20Representative%20in%20Congress%2015th%20Congressional%20District%20Recap.csv,e6ecea5eb0c7aa341d5302e5a113af781c515994b1da320f82d585fc9fc328f7,nyc-2026-01201600015Bronx_Democratic_Representative_in_Congress_15th_Congressional_District_Recap.csv:225,1
ny-2026-06-23-house-17-regular-democratic,2026,2026-06-23,primary,NY,House,17,regular,partisan_primary,Democratic,Beth Davidson,ny-cd17-beth-davidson,Democratic,False,14938,ny-2026-cd17-certified-county-canvass,https://app.enhancedvoting.com/results/public/api/elections/putnam-county-ny/PE26/data | https://app.enhancedvoting.com/results/public/api/elections/rockland-county-ny/PE26/data | https://app.enhancedvoting.com/results/public/api/elections/westchester-county-ny/PE26/data | https://elections.dutchessny.gov/wp-content/uploads/2026/07/Detailed-Results-by-Contest-Table-7-10.pdf,3b6310e5b1a81537be5a6511669e5837ddd8c77f22258defdcbad796e53c34da,putnam-county-ny-PE26-data.json:ballot-option-01000000-2c9b-0d8e-4c0f-08dec17c341d | rockland-county-ny-PE26-data.json:ballot-option-01000000-f78a-9172-136f-08decbe0c03d | westchester-county-ny-PE26-data.json:ballot-option-01000000-3a2f-1d0c-b7f2-08dece043826 | dutchess-2026-primary-detailed.pdf:page-5,4
ny-2026-06-23-house-17-regular-democratic,2026,2026-06-23,primary,NY,House,17,regular,partisan_primary,Democratic,Cait Conley,ny-cd17-cait-conley,Democratic,False,23263,ny-2026-cd17-certified-county-canvass,https://app.enhancedvoting.com/results/public/api/elections/putnam-county-ny/PE26/data | https://app.enhancedvoting.com/results/public/api/elections/rockland-county-ny/PE26/data | https://app.enhancedvoting.com/results/public/api/elections/westchester-county-ny/PE26/data | https://elections.dutchessny.gov/wp-content/uploads/2026/07/Detailed-Results-by-Contest-Table-7-10.pdf,3b6310e5b1a81537be5a6511669e5837ddd8c77f22258defdcbad796e53c34da,putnam-county-ny-PE26-data.json:ballot-option-01000000-2c9b-0d8e-4c00-08dec17c341d | rockland-county-ny-PE26-data.json:ballot-option-01000000-f78a-9172-0ecc-08decbe0c03d | westchester-county-ny-PE26-data.json:ballot-option-01000000-3a2f-1d0c-b7e9-08dece043826 | dutchess-2026-primary-detailed.pdf:page-5,4
ny-2026-06-23-house-17-regular-democratic,2026,2026-06-23,primary,NY,House,17,regular,partisan_primary,Democratic,Effie Guadalupe Phillips-Staley,ny-cd17-effie-guadalupe-phillips-staley,Democratic,False,7196,ny-2026-cd17-certified-county-canvass,https://app.enhancedvoting.com/results/public/api/elections/putnam-county-ny/PE26/data | https://app.enhancedvoting.com/results/public/api/elections/rockland-county-ny/PE26/data | https://app.enhancedvoting.com/results/public/api/elections/westchester-county-ny/PE26/data | https://elections.dutchessny.gov/wp-content/uploads/2026/07/Detailed-Results-by-Contest-Table-7-10.pdf,3b6310e5b1a81537be5a6511669e5837ddd8c77f22258defdcbad796e53c34da,putnam-county-ny-PE26-data.json:ballot-option-01000000-2c9b-0d8e-4bef-08dec17c341d | rockland-county-ny-PE26-data.json:ballot-option-01000000-f78a-9172-0888-08decbe0c03d | westchester-county-ny-PE26-data.json:ballot-option-01000000-3a2f-1d0c-b7df-08dece043826 | dutchess-2026-primary-detailed.pdf:page-5,4
ny-2026-06-23-house-17-regular-democratic,2026,2026-06-23,primary,NY,House,17,regular,partisan_primary,Democratic,John Cappello,ny-cd17-john-cappello,Democratic,False,758,ny-2026-cd17-certified-county-canvass,https://app.enhancedvoting.com/results/public/api/elections/putnam-county-ny/PE26/data | https://app.enhancedvoting.com/results/public/api/elections/rockland-county-ny/PE26/data | https://app.enhancedvoting.com/results/public/api/elections/westchester-county-ny/PE26/data | https://elections.dutchessny.gov/wp-content/uploads/2026/07/Detailed-Results-by-Contest-Table-7-10.pdf,3b6310e5b1a81537be5a6511669e5837ddd8c77f22258defdcbad796e53c34da,putnam-county-ny-PE26-data.json:ballot-option-01000000-2c9b-0d8e-5005-08dec17c341d | rockland-county-ny-PE26-data.json:ballot-option-01000000-f78a-9172-1975-08decbe0c03d | westchester-county-ny-PE26-data.json:ballot-option-01000000-3a2f-1d0c-b7fb-08dece043826 | dutchess-2026-primary-detailed.pdf:page-5,4
ny-2026-06-23-house-17-regular-democratic,2026,2026-06-23,primary,NY,House,17,regular,partisan_primary,Democratic,Michael Sacks,ny-cd17-michael-sacks,Democratic,False,756,ny-2026-cd17-certified-county-canvass,https://app.enhancedvoting.com/results/public/api/elections/putnam-county-ny/PE26/data | https://app.enhancedvoting.com/results/public/api/elections/rockland-county-ny/PE26/data | https://app.enhancedvoting.com/results/public/api/elections/westchester-county-ny/PE26/data | https://elections.dutchessny.gov/wp-content/uploads/2026/07/Detailed-Results-by-Contest-Table-7-10.pdf,3b6310e5b1a81537be5a6511669e5837ddd8c77f22258defdcbad796e53c34da,putnam-county-ny-PE26-data.json:ballot-option-01000000-2c9b-0d8e-502f-08dec17c341d | rockland-county-ny-PE26-data.json:ballot-option-01000000-f78a-9172-1db2-08decbe0c03d | westchester-county-ny-PE26-data.json:ballot-option-01000000-3a2f-1d0c-b804-08dece043826 | dutchess-2026-primary-detailed.pdf:page-5,4
ny-2026-06-23-house-17-regular-democratic,2026,2026-06-23,primary,NY,House,17,regular,partisan_primary,Democratic,Write-in,ny-cd17-write-in,,True,44,ny-2026-cd17-certified-county-canvass,https://app.enhancedvoting.com/results/public/api/elections/putnam-county-ny/PE26/data | https://app.enhancedvoting.com/results/public/api/elections/rockland-county-ny/PE26/data | https://app.enhancedvoting.com/results/public/api/elections/westchester-county-ny/PE26/data | https://elections.dutchessny.gov/wp-content/uploads/2026/07/Detailed-Results-by-Contest-Table-7-10.pdf,3b6310e5b1a81537be5a6511669e5837ddd8c77f22258defdcbad796e53c34da,putnam-county-ny-PE26-data.json:ballot-option-01000000-2c9b-0d8e-5047-08dec17c341d | rockland-county-ny-PE26-data.json:ballot-option-01000000-f78a-9172-2221-08decbe0c03d | westchester-county-ny-PE26-data.json:ballot-option-01000000-3a2f-1d0c-b810-08dece043826 | westchester-county-ny-PE26-data.json:ballot-option-01000000-eb45-8b40-7444-08dedd2048fc | dutchess-2026-primary-detailed.pdf:page-5,4
