,,"Statement and Return Report

for Certification



Primary Election 2026 - 06/23/2026


Crossover - 
Democratic Party




Democratic Representative in Congress


11th Congressional District


Vote for 1","Kings County","Public Counter","5,774","Total Ballots","6,572","Less - Inapplicable Federal/Special Presidential Ballots",0,"Total Applicable Ballots","6,572",,,"Unrecorded",328,,"We certify this statement to be correct, and have caused the same to be attested by the signatures of the members of the board, or a majority thereof, on Tuesday, July 14, 2026.","Secretary","Chairman","Canvassing Board","Canvassing Board","Page -1 of 1"
,,"Statement and Return Report

for Certification



Primary Election 2026 - 06/23/2026


Crossover - 
Democratic Party




Democratic Representative in Congress


11th Congressional District


Vote for 1","Kings County","Manually Counted Emergency",0,"Total Ballots","6,572","Less - Inapplicable Federal/Special Presidential Ballots",0,"Total Applicable Ballots","6,572",,,"Unrecorded",328,,"We certify this statement to be correct, and have caused the same to be attested by the signatures of the members of the board, or a majority thereof, on Tuesday, July 14, 2026.","Secretary","Chairman","Canvassing Board","Canvassing Board","Page -1 of 1"
,,"Statement and Return Report

for Certification



Primary Election 2026 - 06/23/2026


Crossover - 
Democratic Party




Democratic Representative in Congress


11th Congressional District


Vote for 1","Kings County","Absentee / Military",749,"Total Ballots","6,572","Less - Inapplicable Federal/Special Presidential Ballots",0,"Total Applicable Ballots","6,572",,,"Unrecorded",328,,"We certify this statement to be correct, and have caused the same to be attested by the signatures of the members of the board, or a majority thereof, on Tuesday, July 14, 2026.","Secretary","Chairman","Canvassing Board","Canvassing Board","Page -1 of 1"
,,"Statement and Return Report

for Certification



Primary Election 2026 - 06/23/2026


Crossover - 
Democratic Party




Democratic Representative in Congress


11th Congressional District


Vote for 1","Kings County","Federal",21,"Total Ballots","6,572","Less - Inapplicable Federal/Special Presidential Ballots",0,"Total Applicable Ballots","6,572",,,"Unrecorded",328,,"We certify this statement to be correct, and have caused the same to be attested by the signatures of the members of the board, or a majority thereof, on Tuesday, July 14, 2026.","Secretary","Chairman","Canvassing Board","Canvassing Board","Page -1 of 1"
,,"Statement and Return Report

for Certification



Primary Election 2026 - 06/23/2026


Crossover - 
Democratic Party




Democratic Representative in Congress


11th Congressional District


Vote for 1","Kings County","Affidavit",28,"Total Ballots","6,572","Less - Inapplicable Federal/Special Presidential Ballots",0,"Total Applicable Ballots","6,572",,,"Unrecorded",328,,"We certify this statement to be correct, and have caused the same to be attested by the signatures of the members of the board, or a majority thereof, on Tuesday, July 14, 2026.","Secretary","Chairman","Canvassing Board","Canvassing Board","Page -1 of 1"
,,"Statement and Return Report

for Certification



Primary Election 2026 - 06/23/2026


Crossover - 
Democratic Party




Democratic Representative in Congress


11th Congressional District


Vote for 1","Kings County","Allison Ziogas","2,248",,,,,,,"Total Votes","6,244","Unrecorded",328,,"We certify this statement to be correct, and have caused the same to be attested by the signatures of the members of the board, or a majority thereof, on Tuesday, July 14, 2026.","Secretary","Chairman","Canvassing Board","Canvassing Board","Page -1 of 1"
,,"Statement and Return Report

for Certification



Primary Election 2026 - 06/23/2026


Crossover - 
Democratic Party




Democratic Representative in Congress


11th Congressional District


Vote for 1","Kings County","Mike DeCillis","3,916",,,,,,,"Total Votes","6,244","Unrecorded",328,,"We certify this statement to be correct, and have caused the same to be attested by the signatures of the members of the board, or a majority thereof, on Tuesday, July 14, 2026.","Secretary","Chairman","Canvassing Board","Canvassing Board","Page -1 of 1"
,,"Statement and Return Report

for Certification



Primary Election 2026 - 06/23/2026


Crossover - 
Democratic Party




Democratic Representative in Congress


11th Congressional District


Vote for 1","Kings County","ADRIANO ESPAILLAT (Write-In)",4,,,,,,,"Total Votes","6,244","Unrecorded",328,,"We certify this statement to be correct, and have caused the same to be attested by the signatures of the members of the board, or a majority thereof, on Tuesday, July 14, 2026.","Secretary","Chairman","Canvassing Board","Canvassing Board","Page -1 of 1"
,,"Statement and Return Report

for Certification



Primary Election 2026 - 06/23/2026


Crossover - 
Democratic Party




Democratic Representative in Congress


11th Congressional District


Vote for 1","Kings County","ALAN P GALLO (Write-In)",1,,,,,,,"Total Votes","6,244","Unrecorded",328,,"We certify this statement to be correct, and have caused the same to be attested by the signatures of the members of the board, or a majority thereof, on Tuesday, July 14, 2026.","Secretary","Chairman","Canvassing Board","Canvassing Board","Page -1 of 1"
,,"Statement and Return Report

for Certification



Primary Election 2026 - 06/23/2026


Crossover - 
Democratic Party




Democratic Representative in Congress


11th Congressional District


Vote for 1","Kings County","ANDREW CUOMO (Write-In)",1,,,,,,,"Total Votes","6,244","Unrecorded",328,,"We certify this statement to be correct, and have caused the same to be attested by the signatures of the members of the board, or a majority thereof, on Tuesday, July 14, 2026.","Secretary","Chairman","Canvassing Board","Canvassing Board","Page -1 of 1"
,,"Statement and Return Report

for Certification



Primary Election 2026 - 06/23/2026


Crossover - 
Democratic Party




Democratic Representative in Congress


11th Congressional District


Vote for 1","Kings County","BRAD LANDER (Write-In)",3,,,,,,,"Total Votes","6,244","Unrecorded",328,,"We certify this statement to be correct, and have caused the same to be attested by the signatures of the members of the board, or a majority thereof, on Tuesday, July 14, 2026.","Secretary","Chairman","Canvassing Board","Canvassing Board","Page -1 of 1"
,,"Statement and Return Report

for Certification



Primary Election 2026 - 06/23/2026


Crossover - 
Democratic Party




Democratic Representative in Congress


11th Congressional District


Vote for 1","Kings County","CARLES MENCHACA (Write-In)",1,,,,,,,"Total Votes","6,244","Unrecorded",328,,"We certify this statement to be correct, and have caused the same to be attested by the signatures of the members of the board, or a majority thereof, on Tuesday, July 14, 2026.","Secretary","Chairman","Canvassing Board","Canvassing Board","Page -1 of 1"
,,"Statement and Return Report

for Certification



Primary Election 2026 - 06/23/2026


Crossover - 
Democratic Party




Democratic Representative in Congress


11th Congressional District


Vote for 1","Kings County","CLAIRE VALDEZ (Write-In)",2,,,,,,,"Total Votes","6,244","Unrecorded",328,,"We certify this statement to be correct, and have caused the same to be attested by the signatures of the members of the board, or a majority thereof, on Tuesday, July 14, 2026.","Secretary","Chairman","Canvassing Board","Canvassing Board","Page -1 of 1"
,,"Statement and Return Report

for Certification



Primary Election 2026 - 06/23/2026


Crossover - 
Democratic Party




Democratic Representative in Congress


11th Congressional District


Vote for 1","Kings County","CONNOR FAMOUS (Write-In)",1,,,,,,,"Total Votes","6,244","Unrecorded",328,,"We certify this statement to be correct, and have caused the same to be attested by the signatures of the members of the board, or a majority thereof, on Tuesday, July 14, 2026.","Secretary","Chairman","Canvassing Board","Canvassing Board","Page -1 of 1"
,,"Statement and Return Report

for Certification



Primary Election 2026 - 06/23/2026


Crossover - 
Democratic Party




Democratic Representative in Congress


11th Congressional District


Vote for 1","Kings County","COREY BANKS (Write-In)",1,,,,,,,"Total Votes","6,244","Unrecorded",328,,"We certify this statement to be correct, and have caused the same to be attested by the signatures of the members of the board, or a majority thereof, on Tuesday, July 14, 2026.","Secretary","Chairman","Canvassing Board","Canvassing Board","Page -1 of 1"
,,"Statement and Return Report

for Certification



Primary Election 2026 - 06/23/2026


Crossover - 
Democratic Party




Democratic Representative in Congress


11th Congressional District


Vote for 1","Kings County","DONNA M. DIGIACOMO (Write-In)",1,,,,,,,"Total Votes","6,244","Unrecorded",328,,"We certify this statement to be correct, and have caused the same to be attested by the signatures of the members of the board, or a majority thereof, on Tuesday, July 14, 2026.","Secretary","Chairman","Canvassing Board","Canvassing Board","Page -1 of 1"
,,"Statement and Return Report

for Certification



Primary Election 2026 - 06/23/2026


Crossover - 
Democratic Party




Democratic Representative in Congress


11th Congressional District


Vote for 1","Kings County","ERCAN NURI AYBASTI (Write-In)",1,,,,,,,"Total Votes","6,244","Unrecorded",328,,"We certify this statement to be correct, and have caused the same to be attested by the signatures of the members of the board, or a majority thereof, on Tuesday, July 14, 2026.","Secretary","Chairman","Canvassing Board","Canvassing Board","Page -1 of 1"
,,"Statement and Return Report

for Certification



Primary Election 2026 - 06/23/2026


Crossover - 
Democratic Party




Democratic Representative in Congress


11th Congressional District


Vote for 1","Kings County","GREGORY ANTHONY FISHER (Write-In)",1,,,,,,,"Total Votes","6,244","Unrecorded",328,,"We certify this statement to be correct, and have caused the same to be attested by the signatures of the members of the board, or a majority thereof, on Tuesday, July 14, 2026.","Secretary","Chairman","Canvassing Board","Canvassing Board","Page -1 of 1"
,,"Statement and Return Report

for Certification



Primary Election 2026 - 06/23/2026


Crossover - 
Democratic Party




Democratic Representative in Congress


11th Congressional District


Vote for 1","Kings County","JACOB ROSS (Write-In)",1,,,,,,,"Total Votes","6,244","Unrecorded",328,,"We certify this statement to be correct, and have caused the same to be attested by the signatures of the members of the board, or a majority thereof, on Tuesday, July 14, 2026.","Secretary","Chairman","Canvassing Board","Canvassing Board","Page -1 of 1"
,,"Statement and Return Report

for Certification



Primary Election 2026 - 06/23/2026


Crossover - 
Democratic Party




Democratic Representative in Congress


11th Congressional District


Vote for 1","Kings County","JALEN BRUNSON (Write-In)",1,,,,,,,"Total Votes","6,244","Unrecorded",328,,"We certify this statement to be correct, and have caused the same to be attested by the signatures of the members of the board, or a majority thereof, on Tuesday, July 14, 2026.","Secretary","Chairman","Canvassing Board","Canvassing Board","Page -1 of 1"
,,"Statement and Return Report

for Certification



Primary Election 2026 - 06/23/2026


Crossover - 
Democratic Party




Democratic Representative in Congress


11th Congressional District


Vote for 1","Kings County","JAMES LEUNG (Write-In)",1,,,,,,,"Total Votes","6,244","Unrecorded",328,,"We certify this statement to be correct, and have caused the same to be attested by the signatures of the members of the board, or a majority thereof, on Tuesday, July 14, 2026.","Secretary","Chairman","Canvassing Board","Canvassing Board","Page -1 of 1"
,,"Statement and Return Report

for Certification



Primary Election 2026 - 06/23/2026


Crossover - 
Democratic Party




Democratic Representative in Congress


11th Congressional District


Vote for 1","Kings County","JEFF SMITH (Write-In)",1,,,,,,,"Total Votes","6,244","Unrecorded",328,,"We certify this statement to be correct, and have caused the same to be attested by the signatures of the members of the board, or a majority thereof, on Tuesday, July 14, 2026.","Secretary","Chairman","Canvassing Board","Canvassing Board","Page -1 of 1"
,,"Statement and Return Report

for Certification



Primary Election 2026 - 06/23/2026


Crossover - 
Democratic Party




Democratic Representative in Congress


11th Congressional District


Vote for 1","Kings County","JESSICA SCARCELLA-SPANTON (Write-In)",1,,,,,,,"Total Votes","6,244","Unrecorded",328,,"We certify this statement to be correct, and have caused the same to be attested by the signatures of the members of the board, or a majority thereof, on Tuesday, July 14, 2026.","Secretary","Chairman","Canvassing Board","Canvassing Board","Page -1 of 1"
,,"Statement and Return Report

for Certification



Primary Election 2026 - 06/23/2026


Crossover - 
Democratic Party




Democratic Representative in Congress


11th Congressional District


Vote for 1","Kings County","JOSEPH SANTANGELO (Write-In)",5,,,,,,,"Total Votes","6,244","Unrecorded",328,,"We certify this statement to be correct, and have caused the same to be attested by the signatures of the members of the board, or a majority thereof, on Tuesday, July 14, 2026.","Secretary","Chairman","Canvassing Board","Canvassing Board","Page -1 of 1"
,,"Statement and Return Report

for Certification



Primary Election 2026 - 06/23/2026


Crossover - 
Democratic Party




Democratic Representative in Congress


11th Congressional District


Vote for 1","Kings County","JULIA LARKIN (Write-In)",1,,,,,,,"Total Votes","6,244","Unrecorded",328,,"We certify this statement to be correct, and have caused the same to be attested by the signatures of the members of the board, or a majority thereof, on Tuesday, July 14, 2026.","Secretary","Chairman","Canvassing Board","Canvassing Board","Page -1 of 1"
,,"Statement and Return Report

for Certification



Primary Election 2026 - 06/23/2026


Crossover - 
Democratic Party




Democratic Representative in Congress


11th Congressional District


Vote for 1","Kings County","KHORRAM PARVAZ (Write-In)",1,,,,,,,"Total Votes","6,244","Unrecorded",328,,"We certify this statement to be correct, and have caused the same to be attested by the signatures of the members of the board, or a majority thereof, on Tuesday, July 14, 2026.","Secretary","Chairman","Canvassing Board","Canvassing Board","Page -1 of 1"
,,"Statement and Return Report

for Certification



Primary Election 2026 - 06/23/2026


Crossover - 
Democratic Party




Democratic Representative in Congress


11th Congressional District


Vote for 1","Kings County","KRISTEN GOLAT DEFENDIS (Write-In)",1,,,,,,,"Total Votes","6,244","Unrecorded",328,,"We certify this statement to be correct, and have caused the same to be attested by the signatures of the members of the board, or a majority thereof, on Tuesday, July 14, 2026.","Secretary","Chairman","Canvassing Board","Canvassing Board","Page -1 of 1"
,,"Statement and Return Report

for Certification



Primary Election 2026 - 06/23/2026


Crossover - 
Democratic Party




Democratic Representative in Congress


11th Congressional District


Vote for 1","Kings County","LARRY HE (Write-In)",1,,,,,,,"Total Votes","6,244","Unrecorded",328,,"We certify this statement to be correct, and have caused the same to be attested by the signatures of the members of the board, or a majority thereof, on Tuesday, July 14, 2026.","Secretary","Chairman","Canvassing Board","Canvassing Board","Page -1 of 1"
,,"Statement and Return Report

for Certification



Primary Election 2026 - 06/23/2026


Crossover - 
Democratic Party




Democratic Representative in Congress


11th Congressional District


Vote for 1","Kings County","LESTER CHAN (Write-In)",1,,,,,,,"Total Votes","6,244","Unrecorded",328,,"We certify this statement to be correct, and have caused the same to be attested by the signatures of the members of the board, or a majority thereof, on Tuesday, July 14, 2026.","Secretary","Chairman","Canvassing Board","Canvassing Board","Page -1 of 1"
,,"Statement and Return Report

for Certification



Primary Election 2026 - 06/23/2026


Crossover - 
Democratic Party




Democratic Representative in Congress


11th Congressional District


Vote for 1","Kings County","MAX ROSE (Write-In)",2,,,,,,,"Total Votes","6,244","Unrecorded",328,,"We certify this statement to be correct, and have caused the same to be attested by the signatures of the members of the board, or a majority thereof, on Tuesday, July 14, 2026.","Secretary","Chairman","Canvassing Board","Canvassing Board","Page -1 of 1"
,,"Statement and Return Report

for Certification



Primary Election 2026 - 06/23/2026


Crossover - 
Democratic Party




Democratic Representative in Congress


11th Congressional District


Vote for 1","Kings County","MICHAEL SHELDON (Write-In)",1,,,,,,,"Total Votes","6,244","Unrecorded",328,,"We certify this statement to be correct, and have caused the same to be attested by the signatures of the members of the board, or a majority thereof, on Tuesday, July 14, 2026.","Secretary","Chairman","Canvassing Board","Canvassing Board","Page -1 of 1"
,,"Statement and Return Report

for Certification



Primary Election 2026 - 06/23/2026


Crossover - 
Democratic Party




Democratic Representative in Congress


11th Congressional District


Vote for 1","Kings County","MIKE GOLDFARB (Write-In)",4,,,,,,,"Total Votes","6,244","Unrecorded",328,,"We certify this statement to be correct, and have caused the same to be attested by the signatures of the members of the board, or a majority thereof, on Tuesday, July 14, 2026.","Secretary","Chairman","Canvassing Board","Canvassing Board","Page -1 of 1"
,,"Statement and Return Report

for Certification



Primary Election 2026 - 06/23/2026


Crossover - 
Democratic Party




Democratic Representative in Congress


11th Congressional District


Vote for 1","Kings County","MIOSETIS PANTOJA (Write-In)",1,,,,,,,"Total Votes","6,244","Unrecorded",328,,"We certify this statement to be correct, and have caused the same to be attested by the signatures of the members of the board, or a majority thereof, on Tuesday, July 14, 2026.","Secretary","Chairman","Canvassing Board","Canvassing Board","Page -1 of 1"
,,"Statement and Return Report

for Certification



Primary Election 2026 - 06/23/2026


Crossover - 
Democratic Party




Democratic Representative in Congress


11th Congressional District


Vote for 1","Kings County","MURRAY AMSTERDAM (Write-In)",1,,,,,,,"Total Votes","6,244","Unrecorded",328,,"We certify this statement to be correct, and have caused the same to be attested by the signatures of the members of the board, or a majority thereof, on Tuesday, July 14, 2026.","Secretary","Chairman","Canvassing Board","Canvassing Board","Page -1 of 1"
,,"Statement and Return Report

for Certification



Primary Election 2026 - 06/23/2026


Crossover - 
Democratic Party




Democratic Representative in Congress


11th Congressional District


Vote for 1","Kings County","NICOLE MALLIOTAKIS (Write-In)",2,,,,,,,"Total Votes","6,244","Unrecorded",328,,"We certify this statement to be correct, and have caused the same to be attested by the signatures of the members of the board, or a majority thereof, on Tuesday, July 14, 2026.","Secretary","Chairman","Canvassing Board","Canvassing Board","Page -1 of 1"
,,"Statement and Return Report

for Certification



Primary Election 2026 - 06/23/2026


Crossover - 
Democratic Party




Democratic Representative in Congress


11th Congressional District


Vote for 1","Kings County","PIERE LEHU (Write-In)",1,,,,,,,"Total Votes","6,244","Unrecorded",328,,"We certify this statement to be correct, and have caused the same to be attested by the signatures of the members of the board, or a majority thereof, on Tuesday, July 14, 2026.","Secretary","Chairman","Canvassing Board","Canvassing Board","Page -1 of 1"
,,"Statement and Return Report

for Certification



Primary Election 2026 - 06/23/2026


Crossover - 
Democratic Party




Democratic Representative in Congress


11th Congressional District


Vote for 1","Kings County","PRESTON FERRAIUOLO (Write-In)",1,,,,,,,"Total Votes","6,244","Unrecorded",328,,"We certify this statement to be correct, and have caused the same to be attested by the signatures of the members of the board, or a majority thereof, on Tuesday, July 14, 2026.","Secretary","Chairman","Canvassing Board","Canvassing Board","Page -1 of 1"
,,"Statement and Return Report

for Certification



Primary Election 2026 - 06/23/2026


Crossover - 
Democratic Party




Democratic Representative in Congress


11th Congressional District


Vote for 1","Kings County","STEVE CHEN (Write-In)",1,,,,,,,"Total Votes","6,244","Unrecorded",328,,"We certify this statement to be correct, and have caused the same to be attested by the signatures of the members of the board, or a majority thereof, on Tuesday, July 14, 2026.","Secretary","Chairman","Canvassing Board","Canvassing Board","Page -1 of 1"
,,"Statement and Return Report

for Certification



Primary Election 2026 - 06/23/2026


Crossover - 
Democratic Party




Democratic Representative in Congress


11th Congressional District


Vote for 1","Kings County","STEVEN SOLARZ (Write-In)",1,,,,,,,"Total Votes","6,244","Unrecorded",328,,"We certify this statement to be correct, and have caused the same to be attested by the signatures of the members of the board, or a majority thereof, on Tuesday, July 14, 2026.","Secretary","Chairman","Canvassing Board","Canvassing Board","Page -1 of 1"
,,"Statement and Return Report

for Certification



Primary Election 2026 - 06/23/2026


Crossover - 
Democratic Party




Democratic Representative in Congress


11th Congressional District


Vote for 1","Kings County","TEAGAN KELLY (Write-In)",1,,,,,,,"Total Votes","6,244","Unrecorded",328,,"We certify this statement to be correct, and have caused the same to be attested by the signatures of the members of the board, or a majority thereof, on Tuesday, July 14, 2026.","Secretary","Chairman","Canvassing Board","Canvassing Board","Page -1 of 1"
,,"Statement and Return Report

for Certification



Primary Election 2026 - 06/23/2026


Crossover - 
Democratic Party




Democratic Representative in Congress


11th Congressional District


Vote for 1","Kings County","UNATTRIBUTABLE WRITE-IN (Write-In)",28,,,,,,,"Total Votes","6,244","Unrecorded",328,,"We certify this statement to be correct, and have caused the same to be attested by the signatures of the members of the board, or a majority thereof, on Tuesday, July 14, 2026.","Secretary","Chairman","Canvassing Board","Canvassing Board","Page -1 of 1"
,,"Statement and Return Report

for Certification



Primary Election 2026 - 06/23/2026


Crossover - 
Democratic Party




Democratic Representative in Congress


11th Congressional District


Vote for 1","Kings County","VICTOR KYI (Write-In)",1,,,,,,,"Total Votes","6,244","Unrecorded",328,,"We certify this statement to be correct, and have caused the same to be attested by the signatures of the members of the board, or a majority thereof, on Tuesday, July 14, 2026.","Secretary","Chairman","Canvassing Board","Canvassing Board","Page -1 of 1"
,,"Statement and Return Report

for Certification



Primary Election 2026 - 06/23/2026


Crossover - 
Democratic Party




Democratic Representative in Congress


11th Congressional District


Vote for 1","Kings County","VINCENT GENTILE (Write-In)",1,,,,,,,"Total Votes","6,244","Unrecorded",328,,"We certify this statement to be correct, and have caused the same to be attested by the signatures of the members of the board, or a majority thereof, on Tuesday, July 14, 2026.","Secretary","Chairman","Canvassing Board","Canvassing Board","Page -1 of 1"
,,"Statement and Return Report

for Certification



Primary Election 2026 - 06/23/2026


Crossover - 
Democratic Party




Democratic Representative in Congress


11th Congressional District


Vote for 1","Kings County","ZOHRAN KWAME MAMDANI (Write-In)",2,,,,,,,"Total Votes","6,244","Unrecorded",328,,"We certify this statement to be correct, and have caused the same to be attested by the signatures of the members of the board, or a majority thereof, on Tuesday, July 14, 2026.","Secretary","Chairman","Canvassing Board","Canvassing Board","Page -1 of 1"
,,"Statement and Return Report

for Certification



Primary Election 2026 - 06/23/2026


Crossover - 
Democratic Party




Democratic Representative in Congress


11th Congressional District


Vote for 1","Richmond County","Public Counter","9,526","Total Ballots","11,383","Less - Inapplicable Federal/Special Presidential Ballots",0,"Total Applicable Ballots","11,383",,,"Unrecorded",613,,"We certify this statement to be correct, and have caused the same to be attested by the signatures of the members of the board, or a majority thereof, on Tuesday, July 14, 2026.","Secretary","Chairman","Canvassing Board","Canvassing Board","Page -1 of 1"
,,"Statement and Return Report

for Certification



Primary Election 2026 - 06/23/2026


Crossover - 
Democratic Party




Democratic Representative in Congress


11th Congressional District


Vote for 1","Richmond County","Manually Counted Emergency",0,"Total Ballots","11,383","Less - Inapplicable Federal/Special Presidential Ballots",0,"Total Applicable Ballots","11,383",,,"Unrecorded",613,,"We certify this statement to be correct, and have caused the same to be attested by the signatures of the members of the board, or a majority thereof, on Tuesday, July 14, 2026.","Secretary","Chairman","Canvassing Board","Canvassing Board","Page -1 of 1"
,,"Statement and Return Report

for Certification



Primary Election 2026 - 06/23/2026


Crossover - 
Democratic Party




Democratic Representative in Congress


11th Congressional District


Vote for 1","Richmond County","Absentee / Military","1,799","Total Ballots","11,383","Less - Inapplicable Federal/Special Presidential Ballots",0,"Total Applicable Ballots","11,383",,,"Unrecorded",613,,"We certify this statement to be correct, and have caused the same to be attested by the signatures of the members of the board, or a majority thereof, on Tuesday, July 14, 2026.","Secretary","Chairman","Canvassing Board","Canvassing Board","Page -1 of 1"
,,"Statement and Return Report

for Certification



Primary Election 2026 - 06/23/2026


Crossover - 
Democratic Party




Democratic Representative in Congress


11th Congressional District


Vote for 1","Richmond County","Federal",28,"Total Ballots","11,383","Less - Inapplicable Federal/Special Presidential Ballots",0,"Total Applicable Ballots","11,383",,,"Unrecorded",613,,"We certify this statement to be correct, and have caused the same to be attested by the signatures of the members of the board, or a majority thereof, on Tuesday, July 14, 2026.","Secretary","Chairman","Canvassing Board","Canvassing Board","Page -1 of 1"
,,"Statement and Return Report

for Certification



Primary Election 2026 - 06/23/2026


Crossover - 
Democratic Party




Democratic Representative in Congress


11th Congressional District


Vote for 1","Richmond County","Affidavit",30,"Total Ballots","11,383","Less - Inapplicable Federal/Special Presidential Ballots",0,"Total Applicable Ballots","11,383",,,"Unrecorded",613,,"We certify this statement to be correct, and have caused the same to be attested by the signatures of the members of the board, or a majority thereof, on Tuesday, July 14, 2026.","Secretary","Chairman","Canvassing Board","Canvassing Board","Page -1 of 1"
,,"Statement and Return Report

for Certification



Primary Election 2026 - 06/23/2026


Crossover - 
Democratic Party




Democratic Representative in Congress


11th Congressional District


Vote for 1","Richmond County","Allison Ziogas","4,061",,,,,,,"Total Votes","10,770","Unrecorded",613,,"We certify this statement to be correct, and have caused the same to be attested by the signatures of the members of the board, or a majority thereof, on Tuesday, July 14, 2026.","Secretary","Chairman","Canvassing Board","Canvassing Board","Page -1 of 1"
,,"Statement and Return Report

for Certification



Primary Election 2026 - 06/23/2026


Crossover - 
Democratic Party




Democratic Representative in Congress


11th Congressional District


Vote for 1","Richmond County","Mike DeCillis","6,539",,,,,,,"Total Votes","10,770","Unrecorded",613,,"We certify this statement to be correct, and have caused the same to be attested by the signatures of the members of the board, or a majority thereof, on Tuesday, July 14, 2026.","Secretary","Chairman","Canvassing Board","Canvassing Board","Page -1 of 1"
,,"Statement and Return Report

for Certification



Primary Election 2026 - 06/23/2026


Crossover - 
Democratic Party




Democratic Representative in Congress


11th Congressional District


Vote for 1","Richmond County","ADAM GAZA (Write-In)",1,,,,,,,"Total Votes","10,770","Unrecorded",613,,"We certify this statement to be correct, and have caused the same to be attested by the signatures of the members of the board, or a majority thereof, on Tuesday, July 14, 2026.","Secretary","Chairman","Canvassing Board","Canvassing Board","Page -1 of 1"
,,"Statement and Return Report

for Certification



Primary Election 2026 - 06/23/2026


Crossover - 
Democratic Party




Democratic Representative in Congress


11th Congressional District


Vote for 1","Richmond County","ADRIANO ESPAILLAT (Write-In)",2,,,,,,,"Total Votes","10,770","Unrecorded",613,,"We certify this statement to be correct, and have caused the same to be attested by the signatures of the members of the board, or a majority thereof, on Tuesday, July 14, 2026.","Secretary","Chairman","Canvassing Board","Canvassing Board","Page -1 of 1"
,,"Statement and Return Report

for Certification



Primary Election 2026 - 06/23/2026


Crossover - 
Democratic Party




Democratic Representative in Congress


11th Congressional District


Vote for 1","Richmond County","ALEX BORES (Write-In)",3,,,,,,,"Total Votes","10,770","Unrecorded",613,,"We certify this statement to be correct, and have caused the same to be attested by the signatures of the members of the board, or a majority thereof, on Tuesday, July 14, 2026.","Secretary","Chairman","Canvassing Board","Canvassing Board","Page -1 of 1"
,,"Statement and Return Report

for Certification



Primary Election 2026 - 06/23/2026


Crossover - 
Democratic Party




Democratic Representative in Congress


11th Congressional District


Vote for 1","Richmond County","ANTHONY SAVORA (Write-In)",1,,,,,,,"Total Votes","10,770","Unrecorded",613,,"We certify this statement to be correct, and have caused the same to be attested by the signatures of the members of the board, or a majority thereof, on Tuesday, July 14, 2026.","Secretary","Chairman","Canvassing Board","Canvassing Board","Page -1 of 1"
,,"Statement and Return Report

for Certification



Primary Election 2026 - 06/23/2026


Crossover - 
Democratic Party




Democratic Representative in Congress


11th Congressional District


Vote for 1","Richmond County","BRAD LANDER (Write-In)",4,,,,,,,"Total Votes","10,770","Unrecorded",613,,"We certify this statement to be correct, and have caused the same to be attested by the signatures of the members of the board, or a majority thereof, on Tuesday, July 14, 2026.","Secretary","Chairman","Canvassing Board","Canvassing Board","Page -1 of 1"
,,"Statement and Return Report

for Certification



Primary Election 2026 - 06/23/2026


Crossover - 
Democratic Party




Democratic Representative in Congress


11th Congressional District


Vote for 1","Richmond County","BRIAN MCCARTHY (Write-In)",1,,,,,,,"Total Votes","10,770","Unrecorded",613,,"We certify this statement to be correct, and have caused the same to be attested by the signatures of the members of the board, or a majority thereof, on Tuesday, July 14, 2026.","Secretary","Chairman","Canvassing Board","Canvassing Board","Page -1 of 1"
,,"Statement and Return Report

for Certification



Primary Election 2026 - 06/23/2026


Crossover - 
Democratic Party




Democratic Representative in Congress


11th Congressional District


Vote for 1","Richmond County","CHAIRA KOPOD (Write-In)",1,,,,,,,"Total Votes","10,770","Unrecorded",613,,"We certify this statement to be correct, and have caused the same to be attested by the signatures of the members of the board, or a majority thereof, on Tuesday, July 14, 2026.","Secretary","Chairman","Canvassing Board","Canvassing Board","Page -1 of 1"
,,"Statement and Return Report

for Certification



Primary Election 2026 - 06/23/2026


Crossover - 
Democratic Party




Democratic Representative in Congress


11th Congressional District


Vote for 1","Richmond County","CHERYL WILLIS (Write-In)",1,,,,,,,"Total Votes","10,770","Unrecorded",613,,"We certify this statement to be correct, and have caused the same to be attested by the signatures of the members of the board, or a majority thereof, on Tuesday, July 14, 2026.","Secretary","Chairman","Canvassing Board","Canvassing Board","Page -1 of 1"
,,"Statement and Return Report

for Certification



Primary Election 2026 - 06/23/2026


Crossover - 
Democratic Party




Democratic Representative in Congress


11th Congressional District


Vote for 1","Richmond County","CHRISTOPHER DONLAN (Write-In)",1,,,,,,,"Total Votes","10,770","Unrecorded",613,,"We certify this statement to be correct, and have caused the same to be attested by the signatures of the members of the board, or a majority thereof, on Tuesday, July 14, 2026.","Secretary","Chairman","Canvassing Board","Canvassing Board","Page -1 of 1"
,,"Statement and Return Report

for Certification



Primary Election 2026 - 06/23/2026


Crossover - 
Democratic Party




Democratic Representative in Congress


11th Congressional District


Vote for 1","Richmond County","CHRISTOPHER HUNT (Write-In)",1,,,,,,,"Total Votes","10,770","Unrecorded",613,,"We certify this statement to be correct, and have caused the same to be attested by the signatures of the members of the board, or a majority thereof, on Tuesday, July 14, 2026.","Secretary","Chairman","Canvassing Board","Canvassing Board","Page -1 of 1"
,,"Statement and Return Report

for Certification



Primary Election 2026 - 06/23/2026


Crossover - 
Democratic Party




Democratic Representative in Congress


11th Congressional District


Vote for 1","Richmond County","CLAIRE VALDEZ (Write-In)",2,,,,,,,"Total Votes","10,770","Unrecorded",613,,"We certify this statement to be correct, and have caused the same to be attested by the signatures of the members of the board, or a majority thereof, on Tuesday, July 14, 2026.","Secretary","Chairman","Canvassing Board","Canvassing Board","Page -1 of 1"
,,"Statement and Return Report

for Certification



Primary Election 2026 - 06/23/2026


Crossover - 
Democratic Party




Democratic Representative in Congress


11th Congressional District


Vote for 1","Richmond County","CLIFFORD HAGEN (Write-In)",1,,,,,,,"Total Votes","10,770","Unrecorded",613,,"We certify this statement to be correct, and have caused the same to be attested by the signatures of the members of the board, or a majority thereof, on Tuesday, July 14, 2026.","Secretary","Chairman","Canvassing Board","Canvassing Board","Page -1 of 1"
,,"Statement and Return Report

for Certification



Primary Election 2026 - 06/23/2026


Crossover - 
Democratic Party




Democratic Representative in Congress


11th Congressional District


Vote for 1","Richmond County","CLINTON DAGGAN (Write-In)",1,,,,,,,"Total Votes","10,770","Unrecorded",613,,"We certify this statement to be correct, and have caused the same to be attested by the signatures of the members of the board, or a majority thereof, on Tuesday, July 14, 2026.","Secretary","Chairman","Canvassing Board","Canvassing Board","Page -1 of 1"
,,"Statement and Return Report

for Certification



Primary Election 2026 - 06/23/2026


Crossover - 
Democratic Party




Democratic Representative in Congress


11th Congressional District


Vote for 1","Richmond County","COREY BOOKER (Write-In)",1,,,,,,,"Total Votes","10,770","Unrecorded",613,,"We certify this statement to be correct, and have caused the same to be attested by the signatures of the members of the board, or a majority thereof, on Tuesday, July 14, 2026.","Secretary","Chairman","Canvassing Board","Canvassing Board","Page -1 of 1"
,,"Statement and Return Report

for Certification



Primary Election 2026 - 06/23/2026


Crossover - 
Democratic Party




Democratic Representative in Congress


11th Congressional District


Vote for 1","Richmond County","DAN GOLDMAN (Write-In)",1,,,,,,,"Total Votes","10,770","Unrecorded",613,,"We certify this statement to be correct, and have caused the same to be attested by the signatures of the members of the board, or a majority thereof, on Tuesday, July 14, 2026.","Secretary","Chairman","Canvassing Board","Canvassing Board","Page -1 of 1"
,,"Statement and Return Report

for Certification



Primary Election 2026 - 06/23/2026


Crossover - 
Democratic Party




Democratic Representative in Congress


11th Congressional District


Vote for 1","Richmond County","DARIALIZA AVILA CHEVALIER (Write-In)",6,,,,,,,"Total Votes","10,770","Unrecorded",613,,"We certify this statement to be correct, and have caused the same to be attested by the signatures of the members of the board, or a majority thereof, on Tuesday, July 14, 2026.","Secretary","Chairman","Canvassing Board","Canvassing Board","Page -1 of 1"
,,"Statement and Return Report

for Certification



Primary Election 2026 - 06/23/2026


Crossover - 
Democratic Party




Democratic Representative in Congress


11th Congressional District


Vote for 1","Richmond County","DAVID MATULA (Write-In)",1,,,,,,,"Total Votes","10,770","Unrecorded",613,,"We certify this statement to be correct, and have caused the same to be attested by the signatures of the members of the board, or a majority thereof, on Tuesday, July 14, 2026.","Secretary","Chairman","Canvassing Board","Canvassing Board","Page -1 of 1"
,,"Statement and Return Report

for Certification



Primary Election 2026 - 06/23/2026


Crossover - 
Democratic Party




Democratic Representative in Congress


11th Congressional District


Vote for 1","Richmond County","DAVON LOMAX (Write-In)",1,,,,,,,"Total Votes","10,770","Unrecorded",613,,"We certify this statement to be correct, and have caused the same to be attested by the signatures of the members of the board, or a majority thereof, on Tuesday, July 14, 2026.","Secretary","Chairman","Canvassing Board","Canvassing Board","Page -1 of 1"
,,"Statement and Return Report

for Certification



Primary Election 2026 - 06/23/2026


Crossover - 
Democratic Party




Democratic Representative in Congress


11th Congressional District


Vote for 1","Richmond County","DIANE J. SAVINO (Write-In)",1,,,,,,,"Total Votes","10,770","Unrecorded",613,,"We certify this statement to be correct, and have caused the same to be attested by the signatures of the members of the board, or a majority thereof, on Tuesday, July 14, 2026.","Secretary","Chairman","Canvassing Board","Canvassing Board","Page -1 of 1"
,,"Statement and Return Report

for Certification



Primary Election 2026 - 06/23/2026


Crossover - 
Democratic Party




Democratic Representative in Congress


11th Congressional District


Vote for 1","Richmond County","DIANE SAVINO (Write-In)",1,,,,,,,"Total Votes","10,770","Unrecorded",613,,"We certify this statement to be correct, and have caused the same to be attested by the signatures of the members of the board, or a majority thereof, on Tuesday, July 14, 2026.","Secretary","Chairman","Canvassing Board","Canvassing Board","Page -1 of 1"
,,"Statement and Return Report

for Certification



Primary Election 2026 - 06/23/2026


Crossover - 
Democratic Party




Democratic Representative in Congress


11th Congressional District


Vote for 1","Richmond County","DONALD J. TRUMP (Write-In)",1,,,,,,,"Total Votes","10,770","Unrecorded",613,,"We certify this statement to be correct, and have caused the same to be attested by the signatures of the members of the board, or a majority thereof, on Tuesday, July 14, 2026.","Secretary","Chairman","Canvassing Board","Canvassing Board","Page -1 of 1"
,,"Statement and Return Report

for Certification



Primary Election 2026 - 06/23/2026


Crossover - 
Democratic Party




Democratic Representative in Congress


11th Congressional District


Vote for 1","Richmond County","ELLEN DOTTS (Write-In)",1,,,,,,,"Total Votes","10,770","Unrecorded",613,,"We certify this statement to be correct, and have caused the same to be attested by the signatures of the members of the board, or a majority thereof, on Tuesday, July 14, 2026.","Secretary","Chairman","Canvassing Board","Canvassing Board","Page -1 of 1"
,,"Statement and Return Report

for Certification



Primary Election 2026 - 06/23/2026


Crossover - 
Democratic Party




Democratic Representative in Congress


11th Congressional District


Vote for 1","Richmond County","ERIC B. RICHARDSON (Write-In)",1,,,,,,,"Total Votes","10,770","Unrecorded",613,,"We certify this statement to be correct, and have caused the same to be attested by the signatures of the members of the board, or a majority thereof, on Tuesday, July 14, 2026.","Secretary","Chairman","Canvassing Board","Canvassing Board","Page -1 of 1"
,,"Statement and Return Report

for Certification



Primary Election 2026 - 06/23/2026


Crossover - 
Democratic Party




Democratic Representative in Congress


11th Congressional District


Vote for 1","Richmond County","ERIK WOMBEY (Write-In)",1,,,,,,,"Total Votes","10,770","Unrecorded",613,,"We certify this statement to be correct, and have caused the same to be attested by the signatures of the members of the board, or a majority thereof, on Tuesday, July 14, 2026.","Secretary","Chairman","Canvassing Board","Canvassing Board","Page -1 of 1"
,,"Statement and Return Report

for Certification



Primary Election 2026 - 06/23/2026


Crossover - 
Democratic Party




Democratic Representative in Congress


11th Congressional District


Vote for 1","Richmond County","ERNEST EANS, JR. (Write-In)",1,,,,,,,"Total Votes","10,770","Unrecorded",613,,"We certify this statement to be correct, and have caused the same to be attested by the signatures of the members of the board, or a majority thereof, on Tuesday, July 14, 2026.","Secretary","Chairman","Canvassing Board","Canvassing Board","Page -1 of 1"
,,"Statement and Return Report

for Certification



Primary Election 2026 - 06/23/2026


Crossover - 
Democratic Party




Democratic Representative in Congress


11th Congressional District


Vote for 1","Richmond County","GEORGE CONWAY (Write-In)",3,,,,,,,"Total Votes","10,770","Unrecorded",613,,"We certify this statement to be correct, and have caused the same to be attested by the signatures of the members of the board, or a majority thereof, on Tuesday, July 14, 2026.","Secretary","Chairman","Canvassing Board","Canvassing Board","Page -1 of 1"
,,"Statement and Return Report

for Certification



Primary Election 2026 - 06/23/2026


Crossover - 
Democratic Party




Democratic Representative in Congress


11th Congressional District


Vote for 1","Richmond County","GRACE MENG (Write-In)",1,,,,,,,"Total Votes","10,770","Unrecorded",613,,"We certify this statement to be correct, and have caused the same to be attested by the signatures of the members of the board, or a majority thereof, on Tuesday, July 14, 2026.","Secretary","Chairman","Canvassing Board","Canvassing Board","Page -1 of 1"
,,"Statement and Return Report

for Certification



Primary Election 2026 - 06/23/2026


Crossover - 
Democratic Party




Democratic Representative in Congress


11th Congressional District


Vote for 1","Richmond County","HALIEY WELCH (Write-In)",1,,,,,,,"Total Votes","10,770","Unrecorded",613,,"We certify this statement to be correct, and have caused the same to be attested by the signatures of the members of the board, or a majority thereof, on Tuesday, July 14, 2026.","Secretary","Chairman","Canvassing Board","Canvassing Board","Page -1 of 1"
,,"Statement and Return Report

for Certification



Primary Election 2026 - 06/23/2026


Crossover - 
Democratic Party




Democratic Representative in Congress


11th Congressional District


Vote for 1","Richmond County","INNA KLEITMAN (Write-In)",1,,,,,,,"Total Votes","10,770","Unrecorded",613,,"We certify this statement to be correct, and have caused the same to be attested by the signatures of the members of the board, or a majority thereof, on Tuesday, July 14, 2026.","Secretary","Chairman","Canvassing Board","Canvassing Board","Page -1 of 1"
,,"Statement and Return Report

for Certification



Primary Election 2026 - 06/23/2026


Crossover - 
Democratic Party




Democratic Representative in Congress


11th Congressional District


Vote for 1","Richmond County","JACK KENNEDY SCHLOSSBERG (Write-In)",1,,,,,,,"Total Votes","10,770","Unrecorded",613,,"We certify this statement to be correct, and have caused the same to be attested by the signatures of the members of the board, or a majority thereof, on Tuesday, July 14, 2026.","Secretary","Chairman","Canvassing Board","Canvassing Board","Page -1 of 1"
,,"Statement and Return Report

for Certification



Primary Election 2026 - 06/23/2026


Crossover - 
Democratic Party




Democratic Representative in Congress


11th Congressional District


Vote for 1","Richmond County","JASON PRICE (Write-In)",1,,,,,,,"Total Votes","10,770","Unrecorded",613,,"We certify this statement to be correct, and have caused the same to be attested by the signatures of the members of the board, or a majority thereof, on Tuesday, July 14, 2026.","Secretary","Chairman","Canvassing Board","Canvassing Board","Page -1 of 1"
,,"Statement and Return Report

for Certification



Primary Election 2026 - 06/23/2026


Crossover - 
Democratic Party




Democratic Representative in Congress


11th Congressional District


Vote for 1","Richmond County","JESSICA SCARCELLA-SPANTON (Write-In)",1,,,,,,,"Total Votes","10,770","Unrecorded",613,,"We certify this statement to be correct, and have caused the same to be attested by the signatures of the members of the board, or a majority thereof, on Tuesday, July 14, 2026.","Secretary","Chairman","Canvassing Board","Canvassing Board","Page -1 of 1"
,,"Statement and Return Report

for Certification



Primary Election 2026 - 06/23/2026


Crossover - 
Democratic Party




Democratic Representative in Congress


11th Congressional District


Vote for 1","Richmond County","JOHN M. SPILLANE (Write-In)",1,,,,,,,"Total Votes","10,770","Unrecorded",613,,"We certify this statement to be correct, and have caused the same to be attested by the signatures of the members of the board, or a majority thereof, on Tuesday, July 14, 2026.","Secretary","Chairman","Canvassing Board","Canvassing Board","Page -1 of 1"
,,"Statement and Return Report

for Certification



Primary Election 2026 - 06/23/2026


Crossover - 
Democratic Party




Democratic Representative in Congress


11th Congressional District


Vote for 1","Richmond County","JOHN SALLAZZO (Write-In)",2,,,,,,,"Total Votes","10,770","Unrecorded",613,,"We certify this statement to be correct, and have caused the same to be attested by the signatures of the members of the board, or a majority thereof, on Tuesday, July 14, 2026.","Secretary","Chairman","Canvassing Board","Canvassing Board","Page -1 of 1"
,,"Statement and Return Report

for Certification



Primary Election 2026 - 06/23/2026


Crossover - 
Democratic Party




Democratic Representative in Congress


11th Congressional District


Vote for 1","Richmond County","JOHN VITUCCI (Write-In)",1,,,,,,,"Total Votes","10,770","Unrecorded",613,,"We certify this statement to be correct, and have caused the same to be attested by the signatures of the members of the board, or a majority thereof, on Tuesday, July 14, 2026.","Secretary","Chairman","Canvassing Board","Canvassing Board","Page -1 of 1"
,,"Statement and Return Report

for Certification



Primary Election 2026 - 06/23/2026


Crossover - 
Democratic Party




Democratic Representative in Congress


11th Congressional District


Vote for 1","Richmond County","LAURA LOBIANCO SWORD (Write-In)",1,,,,,,,"Total Votes","10,770","Unrecorded",613,,"We certify this statement to be correct, and have caused the same to be attested by the signatures of the members of the board, or a majority thereof, on Tuesday, July 14, 2026.","Secretary","Chairman","Canvassing Board","Canvassing Board","Page -1 of 1"
,,"Statement and Return Report

for Certification



Primary Election 2026 - 06/23/2026


Crossover - 
Democratic Party




Democratic Representative in Congress


11th Congressional District


Vote for 1","Richmond County","LEONARD P. RIENZI (Write-In)",1,,,,,,,"Total Votes","10,770","Unrecorded",613,,"We certify this statement to be correct, and have caused the same to be attested by the signatures of the members of the board, or a majority thereof, on Tuesday, July 14, 2026.","Secretary","Chairman","Canvassing Board","Canvassing Board","Page -1 of 1"
,,"Statement and Return Report

for Certification



Primary Election 2026 - 06/23/2026


Crossover - 
Democratic Party




Democratic Representative in Congress


11th Congressional District


Vote for 1","Richmond County","LISA GEORGE (Write-In)",1,,,,,,,"Total Votes","10,770","Unrecorded",613,,"We certify this statement to be correct, and have caused the same to be attested by the signatures of the members of the board, or a majority thereof, on Tuesday, July 14, 2026.","Secretary","Chairman","Canvassing Board","Canvassing Board","Page -1 of 1"
,,"Statement and Return Report

for Certification



Primary Election 2026 - 06/23/2026


Crossover - 
Democratic Party




Democratic Representative in Congress


11th Congressional District


Vote for 1","Richmond County","LOUIS F. BERGONZI (Write-In)",1,,,,,,,"Total Votes","10,770","Unrecorded",613,,"We certify this statement to be correct, and have caused the same to be attested by the signatures of the members of the board, or a majority thereof, on Tuesday, July 14, 2026.","Secretary","Chairman","Canvassing Board","Canvassing Board","Page -1 of 1"
,,"Statement and Return Report

for Certification



Primary Election 2026 - 06/23/2026


Crossover - 
Democratic Party




Democratic Representative in Congress


11th Congressional District


Vote for 1","Richmond County","LUKE EDDY (Write-In)",1,,,,,,,"Total Votes","10,770","Unrecorded",613,,"We certify this statement to be correct, and have caused the same to be attested by the signatures of the members of the board, or a majority thereof, on Tuesday, July 14, 2026.","Secretary","Chairman","Canvassing Board","Canvassing Board","Page -1 of 1"
,,"Statement and Return Report

for Certification



Primary Election 2026 - 06/23/2026


Crossover - 
Democratic Party




Democratic Representative in Congress


11th Congressional District


Vote for 1","Richmond County","MARC LANDERS (Write-In)",1,,,,,,,"Total Votes","10,770","Unrecorded",613,,"We certify this statement to be correct, and have caused the same to be attested by the signatures of the members of the board, or a majority thereof, on Tuesday, July 14, 2026.","Secretary","Chairman","Canvassing Board","Canvassing Board","Page -1 of 1"
,,"Statement and Return Report

for Certification



Primary Election 2026 - 06/23/2026


Crossover - 
Democratic Party




Democratic Representative in Congress


11th Congressional District


Vote for 1","Richmond County","MARY E. GUSTAFSSON (Write-In)",1,,,,,,,"Total Votes","10,770","Unrecorded",613,,"We certify this statement to be correct, and have caused the same to be attested by the signatures of the members of the board, or a majority thereof, on Tuesday, July 14, 2026.","Secretary","Chairman","Canvassing Board","Canvassing Board","Page -1 of 1"
,,"Statement and Return Report

for Certification



Primary Election 2026 - 06/23/2026


Crossover - 
Democratic Party




Democratic Representative in Congress


11th Congressional District


Vote for 1","Richmond County","MARY MILLS (Write-In)",1,,,,,,,"Total Votes","10,770","Unrecorded",613,,"We certify this statement to be correct, and have caused the same to be attested by the signatures of the members of the board, or a majority thereof, on Tuesday, July 14, 2026.","Secretary","Chairman","Canvassing Board","Canvassing Board","Page -1 of 1"
,,"Statement and Return Report

for Certification



Primary Election 2026 - 06/23/2026


Crossover - 
Democratic Party




Democratic Representative in Congress


11th Congressional District


Vote for 1","Richmond County","MAX N. ROSE (Write-In)",6,,,,,,,"Total Votes","10,770","Unrecorded",613,,"We certify this statement to be correct, and have caused the same to be attested by the signatures of the members of the board, or a majority thereof, on Tuesday, July 14, 2026.","Secretary","Chairman","Canvassing Board","Canvassing Board","Page -1 of 1"
,,"Statement and Return Report

for Certification



Primary Election 2026 - 06/23/2026


Crossover - 
Democratic Party




Democratic Representative in Congress


11th Congressional District


Vote for 1","Richmond County","MICHAEL E. MCMAHON (Write-In)",2,,,,,,,"Total Votes","10,770","Unrecorded",613,,"We certify this statement to be correct, and have caused the same to be attested by the signatures of the members of the board, or a majority thereof, on Tuesday, July 14, 2026.","Secretary","Chairman","Canvassing Board","Canvassing Board","Page -1 of 1"
,,"Statement and Return Report

for Certification



Primary Election 2026 - 06/23/2026


Crossover - 
Democratic Party




Democratic Representative in Congress


11th Congressional District


Vote for 1","Richmond County","MICHAEL PRICE (Write-In)",1,,,,,,,"Total Votes","10,770","Unrecorded",613,,"We certify this statement to be correct, and have caused the same to be attested by the signatures of the members of the board, or a majority thereof, on Tuesday, July 14, 2026.","Secretary","Chairman","Canvassing Board","Canvassing Board","Page -1 of 1"
,,"Statement and Return Report

for Certification



Primary Election 2026 - 06/23/2026


Crossover - 
Democratic Party




Democratic Representative in Congress


11th Congressional District


Vote for 1","Richmond County","NICOLE MALLIOTAKIS (Write-In)",11,,,,,,,"Total Votes","10,770","Unrecorded",613,,"We certify this statement to be correct, and have caused the same to be attested by the signatures of the members of the board, or a majority thereof, on Tuesday, July 14, 2026.","Secretary","Chairman","Canvassing Board","Canvassing Board","Page -1 of 1"
,,"Statement and Return Report

for Certification



Primary Election 2026 - 06/23/2026


Crossover - 
Democratic Party




Democratic Representative in Congress


11th Congressional District


Vote for 1","Richmond County","OERTA TAGAMI (Write-In)",1,,,,,,,"Total Votes","10,770","Unrecorded",613,,"We certify this statement to be correct, and have caused the same to be attested by the signatures of the members of the board, or a majority thereof, on Tuesday, July 14, 2026.","Secretary","Chairman","Canvassing Board","Canvassing Board","Page -1 of 1"
,,"Statement and Return Report

for Certification



Primary Election 2026 - 06/23/2026


Crossover - 
Democratic Party




Democratic Representative in Congress


11th Congressional District


Vote for 1","Richmond County","OGUGUA ANUNOBY, JR. (Write-In)",1,,,,,,,"Total Votes","10,770","Unrecorded",613,,"We certify this statement to be correct, and have caused the same to be attested by the signatures of the members of the board, or a majority thereof, on Tuesday, July 14, 2026.","Secretary","Chairman","Canvassing Board","Canvassing Board","Page -1 of 1"
,,"Statement and Return Report

for Certification



Primary Election 2026 - 06/23/2026


Crossover - 
Democratic Party




Democratic Representative in Congress


11th Congressional District


Vote for 1","Richmond County","OMAR MOHAMAD (Write-In)",6,,,,,,,"Total Votes","10,770","Unrecorded",613,,"We certify this statement to be correct, and have caused the same to be attested by the signatures of the members of the board, or a majority thereof, on Tuesday, July 14, 2026.","Secretary","Chairman","Canvassing Board","Canvassing Board","Page -1 of 1"
,,"Statement and Return Report

for Certification



Primary Election 2026 - 06/23/2026


Crossover - 
Democratic Party




Democratic Representative in Congress


11th Congressional District


Vote for 1","Richmond County","OMAR MOHAMED (Write-In)",3,,,,,,,"Total Votes","10,770","Unrecorded",613,,"We certify this statement to be correct, and have caused the same to be attested by the signatures of the members of the board, or a majority thereof, on Tuesday, July 14, 2026.","Secretary","Chairman","Canvassing Board","Canvassing Board","Page -1 of 1"
,,"Statement and Return Report

for Certification



Primary Election 2026 - 06/23/2026


Crossover - 
Democratic Party




Democratic Representative in Congress


11th Congressional District


Vote for 1","Richmond County","PATRICK WONG (Write-In)",1,,,,,,,"Total Votes","10,770","Unrecorded",613,,"We certify this statement to be correct, and have caused the same to be attested by the signatures of the members of the board, or a majority thereof, on Tuesday, July 14, 2026.","Secretary","Chairman","Canvassing Board","Canvassing Board","Page -1 of 1"
,,"Statement and Return Report

for Certification



Primary Election 2026 - 06/23/2026


Crossover - 
Democratic Party




Democratic Representative in Congress


11th Congressional District


Vote for 1","Richmond County","PETER DANITI (Write-In)",1,,,,,,,"Total Votes","10,770","Unrecorded",613,,"We certify this statement to be correct, and have caused the same to be attested by the signatures of the members of the board, or a majority thereof, on Tuesday, July 14, 2026.","Secretary","Chairman","Canvassing Board","Canvassing Board","Page -1 of 1"
,,"Statement and Return Report

for Certification



Primary Election 2026 - 06/23/2026


Crossover - 
Democratic Party




Democratic Representative in Congress


11th Congressional District


Vote for 1","Richmond County","PETER MORALES (Write-In)",1,,,,,,,"Total Votes","10,770","Unrecorded",613,,"We certify this statement to be correct, and have caused the same to be attested by the signatures of the members of the board, or a majority thereof, on Tuesday, July 14, 2026.","Secretary","Chairman","Canvassing Board","Canvassing Board","Page -1 of 1"
,,"Statement and Return Report

for Certification



Primary Election 2026 - 06/23/2026


Crossover - 
Democratic Party




Democratic Representative in Congress


11th Congressional District


Vote for 1","Richmond County","PHILIP ROSEN (Write-In)",1,,,,,,,"Total Votes","10,770","Unrecorded",613,,"We certify this statement to be correct, and have caused the same to be attested by the signatures of the members of the board, or a majority thereof, on Tuesday, July 14, 2026.","Secretary","Chairman","Canvassing Board","Canvassing Board","Page -1 of 1"
,,"Statement and Return Report

for Certification



Primary Election 2026 - 06/23/2026


Crossover - 
Democratic Party




Democratic Representative in Congress


11th Congressional District


Vote for 1","Richmond County","RENEE GIORDANO (Write-In)",1,,,,,,,"Total Votes","10,770","Unrecorded",613,,"We certify this statement to be correct, and have caused the same to be attested by the signatures of the members of the board, or a majority thereof, on Tuesday, July 14, 2026.","Secretary","Chairman","Canvassing Board","Canvassing Board","Page -1 of 1"
,,"Statement and Return Report

for Certification



Primary Election 2026 - 06/23/2026


Crossover - 
Democratic Party




Democratic Representative in Congress


11th Congressional District


Vote for 1","Richmond County","REUBEN ARCHER (Write-In)",1,,,,,,,"Total Votes","10,770","Unrecorded",613,,"We certify this statement to be correct, and have caused the same to be attested by the signatures of the members of the board, or a majority thereof, on Tuesday, July 14, 2026.","Secretary","Chairman","Canvassing Board","Canvassing Board","Page -1 of 1"
,,"Statement and Return Report

for Certification



Primary Election 2026 - 06/23/2026


Crossover - 
Democratic Party




Democratic Representative in Congress


11th Congressional District


Vote for 1","Richmond County","RICHARD CARLETTI (Write-In)",1,,,,,,,"Total Votes","10,770","Unrecorded",613,,"We certify this statement to be correct, and have caused the same to be attested by the signatures of the members of the board, or a majority thereof, on Tuesday, July 14, 2026.","Secretary","Chairman","Canvassing Board","Canvassing Board","Page -1 of 1"
,,"Statement and Return Report

for Certification



Primary Election 2026 - 06/23/2026


Crossover - 
Democratic Party




Democratic Representative in Congress


11th Congressional District


Vote for 1","Richmond County","RICHARD CARLOTTI (Write-In)",1,,,,,,,"Total Votes","10,770","Unrecorded",613,,"We certify this statement to be correct, and have caused the same to be attested by the signatures of the members of the board, or a majority thereof, on Tuesday, July 14, 2026.","Secretary","Chairman","Canvassing Board","Canvassing Board","Page -1 of 1"
,,"Statement and Return Report

for Certification



Primary Election 2026 - 06/23/2026


Crossover - 
Democratic Party




Democratic Representative in Congress


11th Congressional District


Vote for 1","Richmond County","ROBERT OLIVERI (Write-In)",1,,,,,,,"Total Votes","10,770","Unrecorded",613,,"We certify this statement to be correct, and have caused the same to be attested by the signatures of the members of the board, or a majority thereof, on Tuesday, July 14, 2026.","Secretary","Chairman","Canvassing Board","Canvassing Board","Page -1 of 1"
,,"Statement and Return Report

for Certification



Primary Election 2026 - 06/23/2026


Crossover - 
Democratic Party




Democratic Representative in Congress


11th Congressional District


Vote for 1","Richmond County","ROSEMARY PALLADINO (Write-In)",1,,,,,,,"Total Votes","10,770","Unrecorded",613,,"We certify this statement to be correct, and have caused the same to be attested by the signatures of the members of the board, or a majority thereof, on Tuesday, July 14, 2026.","Secretary","Chairman","Canvassing Board","Canvassing Board","Page -1 of 1"
,,"Statement and Return Report

for Certification



Primary Election 2026 - 06/23/2026


Crossover - 
Democratic Party




Democratic Representative in Congress


11th Congressional District


Vote for 1","Richmond County","SAL ALBANESE (Write-In)",1,,,,,,,"Total Votes","10,770","Unrecorded",613,,"We certify this statement to be correct, and have caused the same to be attested by the signatures of the members of the board, or a majority thereof, on Tuesday, July 14, 2026.","Secretary","Chairman","Canvassing Board","Canvassing Board","Page -1 of 1"
,,"Statement and Return Report

for Certification



Primary Election 2026 - 06/23/2026


Crossover - 
Democratic Party




Democratic Representative in Congress


11th Congressional District


Vote for 1","Richmond County","STEPHEN CLINTON (Write-In)",1,,,,,,,"Total Votes","10,770","Unrecorded",613,,"We certify this statement to be correct, and have caused the same to be attested by the signatures of the members of the board, or a majority thereof, on Tuesday, July 14, 2026.","Secretary","Chairman","Canvassing Board","Canvassing Board","Page -1 of 1"
,,"Statement and Return Report

for Certification



Primary Election 2026 - 06/23/2026


Crossover - 
Democratic Party




Democratic Representative in Congress


11th Congressional District


Vote for 1","Richmond County","STEVEN D. KANNON (Write-In)",1,,,,,,,"Total Votes","10,770","Unrecorded",613,,"We certify this statement to be correct, and have caused the same to be attested by the signatures of the members of the board, or a majority thereof, on Tuesday, July 14, 2026.","Secretary","Chairman","Canvassing Board","Canvassing Board","Page -1 of 1"
,,"Statement and Return Report

for Certification



Primary Election 2026 - 06/23/2026


Crossover - 
Democratic Party




Democratic Representative in Congress


11th Congressional District


Vote for 1","Richmond County","SUSAN GRABEL RAPPAPORT (Write-In)",1,,,,,,,"Total Votes","10,770","Unrecorded",613,,"We certify this statement to be correct, and have caused the same to be attested by the signatures of the members of the board, or a majority thereof, on Tuesday, July 14, 2026.","Secretary","Chairman","Canvassing Board","Canvassing Board","Page -1 of 1"
,,"Statement and Return Report

for Certification



Primary Election 2026 - 06/23/2026


Crossover - 
Democratic Party




Democratic Representative in Congress


11th Congressional District


Vote for 1","Richmond County","TERRY DORNER (Write-In)",1,,,,,,,"Total Votes","10,770","Unrecorded",613,,"We certify this statement to be correct, and have caused the same to be attested by the signatures of the members of the board, or a majority thereof, on Tuesday, July 14, 2026.","Secretary","Chairman","Canvassing Board","Canvassing Board","Page -1 of 1"
,,"Statement and Return Report

for Certification



Primary Election 2026 - 06/23/2026


Crossover - 
Democratic Party




Democratic Representative in Congress


11th Congressional District


Vote for 1","Richmond County","THERESA REED (Write-In)",2,,,,,,,"Total Votes","10,770","Unrecorded",613,,"We certify this statement to be correct, and have caused the same to be attested by the signatures of the members of the board, or a majority thereof, on Tuesday, July 14, 2026.","Secretary","Chairman","Canvassing Board","Canvassing Board","Page -1 of 1"
,,"Statement and Return Report

for Certification



Primary Election 2026 - 06/23/2026


Crossover - 
Democratic Party




Democratic Representative in Congress


11th Congressional District


Vote for 1","Richmond County","THOMAS P. DINAPOLI (Write-In)",1,,,,,,,"Total Votes","10,770","Unrecorded",613,,"We certify this statement to be correct, and have caused the same to be attested by the signatures of the members of the board, or a majority thereof, on Tuesday, July 14, 2026.","Secretary","Chairman","Canvassing Board","Canvassing Board","Page -1 of 1"
,,"Statement and Return Report

for Certification



Primary Election 2026 - 06/23/2026


Crossover - 
Democratic Party




Democratic Representative in Congress


11th Congressional District


Vote for 1","Richmond County","TIM HALLY (Write-In)",1,,,,,,,"Total Votes","10,770","Unrecorded",613,,"We certify this statement to be correct, and have caused the same to be attested by the signatures of the members of the board, or a majority thereof, on Tuesday, July 14, 2026.","Secretary","Chairman","Canvassing Board","Canvassing Board","Page -1 of 1"
,,"Statement and Return Report

for Certification



Primary Election 2026 - 06/23/2026


Crossover - 
Democratic Party




Democratic Representative in Congress


11th Congressional District


Vote for 1","Richmond County","TROY MCGHIE (Write-In)",23,,,,,,,"Total Votes","10,770","Unrecorded",613,,"We certify this statement to be correct, and have caused the same to be attested by the signatures of the members of the board, or a majority thereof, on Tuesday, July 14, 2026.","Secretary","Chairman","Canvassing Board","Canvassing Board","Page -1 of 1"
,,"Statement and Return Report

for Certification



Primary Election 2026 - 06/23/2026


Crossover - 
Democratic Party




Democratic Representative in Congress


11th Congressional District


Vote for 1","Richmond County","UMAR USMAN (Write-In)",1,,,,,,,"Total Votes","10,770","Unrecorded",613,,"We certify this statement to be correct, and have caused the same to be attested by the signatures of the members of the board, or a majority thereof, on Tuesday, July 14, 2026.","Secretary","Chairman","Canvassing Board","Canvassing Board","Page -1 of 1"
,,"Statement and Return Report

for Certification



Primary Election 2026 - 06/23/2026


Crossover - 
Democratic Party




Democratic Representative in Congress


11th Congressional District


Vote for 1","Richmond County","UNATTRIBUTABLE WRITE-IN (Write-In)",35,,,,,,,"Total Votes","10,770","Unrecorded",613,,"We certify this statement to be correct, and have caused the same to be attested by the signatures of the members of the board, or a majority thereof, on Tuesday, July 14, 2026.","Secretary","Chairman","Canvassing Board","Canvassing Board","Page -1 of 1"
,,"Statement and Return Report

for Certification



Primary Election 2026 - 06/23/2026


Crossover - 
Democratic Party




Democratic Representative in Congress


11th Congressional District


Vote for 1","Richmond County","VALERIE CRAWFORD (Write-In)",1,,,,,,,"Total Votes","10,770","Unrecorded",613,,"We certify this statement to be correct, and have caused the same to be attested by the signatures of the members of the board, or a majority thereof, on Tuesday, July 14, 2026.","Secretary","Chairman","Canvassing Board","Canvassing Board","Page -1 of 1"
,,"Statement and Return Report

for Certification



Primary Election 2026 - 06/23/2026


Crossover - 
Democratic Party




Democratic Representative in Congress


11th Congressional District


Vote for 1","Richmond County","WILLIAM CINTALADO (Write-In)",1,,,,,,,"Total Votes","10,770","Unrecorded",613,,"We certify this statement to be correct, and have caused the same to be attested by the signatures of the members of the board, or a majority thereof, on Tuesday, July 14, 2026.","Secretary","Chairman","Canvassing Board","Canvassing Board","Page -1 of 1"
,,"Statement and Return Report

for Certification



Primary Election 2026 - 06/23/2026


Crossover - 
Democratic Party




Democratic Representative in Congress


11th Congressional District


Vote for 1","Richmond County","YOCHONIN BRISKMAN (Write-In)",1,,,,,,,"Total Votes","10,770","Unrecorded",613,,"We certify this statement to be correct, and have caused the same to be attested by the signatures of the members of the board, or a majority thereof, on Tuesday, July 14, 2026.","Secretary","Chairman","Canvassing Board","Canvassing Board","Page -1 of 1"
,,"Statement and Return Report

for Certification



Primary Election 2026 - 06/23/2026


Crossover - 
Democratic Party




Democratic Representative in Congress


11th Congressional District


Vote for 1","Total for Democratic Representative in Congress (11th Congressional District)","Public Counter","15,300","Total Ballots","17,955","Less - Inapplicable Federal/Special Presidential Ballots",0,"Total Applicable Ballots","17,955",,,"Unrecorded",941,,"We certify this statement to be correct, and have caused the same to be attested by the signatures of the members of the board, or a majority thereof, on Tuesday, July 14, 2026.","Secretary","Chairman","Canvassing Board","Canvassing Board","Page -1 of 1"
,,"Statement and Return Report

for Certification



Primary Election 2026 - 06/23/2026


Crossover - 
Democratic Party




Democratic Representative in Congress


11th Congressional District


Vote for 1","Total for Democratic Representative in Congress (11th Congressional District)","Manually Counted Emergency",0,"Total Ballots","17,955","Less - Inapplicable Federal/Special Presidential Ballots",0,"Total Applicable Ballots","17,955",,,"Unrecorded",941,,"We certify this statement to be correct, and have caused the same to be attested by the signatures of the members of the board, or a majority thereof, on Tuesday, July 14, 2026.","Secretary","Chairman","Canvassing Board","Canvassing Board","Page -1 of 1"
,,"Statement and Return Report

for Certification



Primary Election 2026 - 06/23/2026


Crossover - 
Democratic Party




Democratic Representative in Congress


11th Congressional District


Vote for 1","Total for Democratic Representative in Congress (11th Congressional District)","Absentee / Military","2,548","Total Ballots","17,955","Less - Inapplicable Federal/Special Presidential Ballots",0,"Total Applicable Ballots","17,955",,,"Unrecorded",941,,"We certify this statement to be correct, and have caused the same to be attested by the signatures of the members of the board, or a majority thereof, on Tuesday, July 14, 2026.","Secretary","Chairman","Canvassing Board","Canvassing Board","Page -1 of 1"
,,"Statement and Return Report

for Certification



Primary Election 2026 - 06/23/2026


Crossover - 
Democratic Party




Democratic Representative in Congress


11th Congressional District


Vote for 1","Total for Democratic Representative in Congress (11th Congressional District)","Federal",49,"Total Ballots","17,955","Less - Inapplicable Federal/Special Presidential Ballots",0,"Total Applicable Ballots","17,955",,,"Unrecorded",941,,"We certify this statement to be correct, and have caused the same to be attested by the signatures of the members of the board, or a majority thereof, on Tuesday, July 14, 2026.","Secretary","Chairman","Canvassing Board","Canvassing Board","Page -1 of 1"
,,"Statement and Return Report

for Certification



Primary Election 2026 - 06/23/2026


Crossover - 
Democratic Party




Democratic Representative in Congress


11th Congressional District


Vote for 1","Total for Democratic Representative in Congress (11th Congressional District)","Affidavit",58,"Total Ballots","17,955","Less - Inapplicable Federal/Special Presidential Ballots",0,"Total Applicable Ballots","17,955",,,"Unrecorded",941,,"We certify this statement to be correct, and have caused the same to be attested by the signatures of the members of the board, or a majority thereof, on Tuesday, July 14, 2026.","Secretary","Chairman","Canvassing Board","Canvassing Board","Page -1 of 1"
,,"Statement and Return Report

for Certification



Primary Election 2026 - 06/23/2026


Crossover - 
Democratic Party




Democratic Representative in Congress


11th Congressional District


Vote for 1","Total for Democratic Representative in Congress (11th Congressional District)","Allison Ziogas","6,309",,,,,,,"Total Votes","17,014","Unrecorded",941,,"We certify this statement to be correct, and have caused the same to be attested by the signatures of the members of the board, or a majority thereof, on Tuesday, July 14, 2026.","Secretary","Chairman","Canvassing Board","Canvassing Board","Page -1 of 1"
,,"Statement and Return Report

for Certification



Primary Election 2026 - 06/23/2026


Crossover - 
Democratic Party




Democratic Representative in Congress


11th Congressional District


Vote for 1","Total for Democratic Representative in Congress (11th Congressional District)","Mike DeCillis","10,455",,,,,,,"Total Votes","17,014","Unrecorded",941,,"We certify this statement to be correct, and have caused the same to be attested by the signatures of the members of the board, or a majority thereof, on Tuesday, July 14, 2026.","Secretary","Chairman","Canvassing Board","Canvassing Board","Page -1 of 1"
,,"Statement and Return Report

for Certification



Primary Election 2026 - 06/23/2026


Crossover - 
Democratic Party




Democratic Representative in Congress


11th Congressional District


Vote for 1","Total for Democratic Representative in Congress (11th Congressional District)","ADAM GAZA (Write-In)",1,,,,,,,"Total Votes","17,014","Unrecorded",941,,"We certify this statement to be correct, and have caused the same to be attested by the signatures of the members of the board, or a majority thereof, on Tuesday, July 14, 2026.","Secretary","Chairman","Canvassing Board","Canvassing Board","Page -1 of 1"
,,"Statement and Return Report

for Certification



Primary Election 2026 - 06/23/2026


Crossover - 
Democratic Party




Democratic Representative in Congress


11th Congressional District


Vote for 1","Total for Democratic Representative in Congress (11th Congressional District)","ADRIANO ESPAILLAT (Write-In)",6,,,,,,,"Total Votes","17,014","Unrecorded",941,,"We certify this statement to be correct, and have caused the same to be attested by the signatures of the members of the board, or a majority thereof, on Tuesday, July 14, 2026.","Secretary","Chairman","Canvassing Board","Canvassing Board","Page -1 of 1"
,,"Statement and Return Report

for Certification



Primary Election 2026 - 06/23/2026


Crossover - 
Democratic Party




Democratic Representative in Congress


11th Congressional District


Vote for 1","Total for Democratic Representative in Congress (11th Congressional District)","ALAN P GALLO (Write-In)",1,,,,,,,"Total Votes","17,014","Unrecorded",941,,"We certify this statement to be correct, and have caused the same to be attested by the signatures of the members of the board, or a majority thereof, on Tuesday, July 14, 2026.","Secretary","Chairman","Canvassing Board","Canvassing Board","Page -1 of 1"
,,"Statement and Return Report

for Certification



Primary Election 2026 - 06/23/2026


Crossover - 
Democratic Party




Democratic Representative in Congress


11th Congressional District


Vote for 1","Total for Democratic Representative in Congress (11th Congressional District)","ALEX BORES (Write-In)",3,,,,,,,"Total Votes","17,014","Unrecorded",941,,"We certify this statement to be correct, and have caused the same to be attested by the signatures of the members of the board, or a majority thereof, on Tuesday, July 14, 2026.","Secretary","Chairman","Canvassing Board","Canvassing Board","Page -1 of 1"
,,"Statement and Return Report

for Certification



Primary Election 2026 - 06/23/2026


Crossover - 
Democratic Party




Democratic Representative in Congress


11th Congressional District


Vote for 1","Total for Democratic Representative in Congress (11th Congressional District)","ANDREW CUOMO (Write-In)",1,,,,,,,"Total Votes","17,014","Unrecorded",941,,"We certify this statement to be correct, and have caused the same to be attested by the signatures of the members of the board, or a majority thereof, on Tuesday, July 14, 2026.","Secretary","Chairman","Canvassing Board","Canvassing Board","Page -1 of 1"
,,"Statement and Return Report

for Certification



Primary Election 2026 - 06/23/2026


Crossover - 
Democratic Party




Democratic Representative in Congress


11th Congressional District


Vote for 1","Total for Democratic Representative in Congress (11th Congressional District)","ANTHONY SAVORA (Write-In)",1,,,,,,,"Total Votes","17,014","Unrecorded",941,,"We certify this statement to be correct, and have caused the same to be attested by the signatures of the members of the board, or a majority thereof, on Tuesday, July 14, 2026.","Secretary","Chairman","Canvassing Board","Canvassing Board","Page -1 of 1"
,,"Statement and Return Report

for Certification



Primary Election 2026 - 06/23/2026


Crossover - 
Democratic Party




Democratic Representative in Congress


11th Congressional District


Vote for 1","Total for Democratic Representative in Congress (11th Congressional District)","BRAD LANDER (Write-In)",7,,,,,,,"Total Votes","17,014","Unrecorded",941,,"We certify this statement to be correct, and have caused the same to be attested by the signatures of the members of the board, or a majority thereof, on Tuesday, July 14, 2026.","Secretary","Chairman","Canvassing Board","Canvassing Board","Page -1 of 1"
,,"Statement and Return Report

for Certification



Primary Election 2026 - 06/23/2026


Crossover - 
Democratic Party




Democratic Representative in Congress


11th Congressional District


Vote for 1","Total for Democratic Representative in Congress (11th Congressional District)","BRIAN MCCARTHY (Write-In)",1,,,,,,,"Total Votes","17,014","Unrecorded",941,,"We certify this statement to be correct, and have caused the same to be attested by the signatures of the members of the board, or a majority thereof, on Tuesday, July 14, 2026.","Secretary","Chairman","Canvassing Board","Canvassing Board","Page -1 of 1"
,,"Statement and Return Report

for Certification



Primary Election 2026 - 06/23/2026


Crossover - 
Democratic Party




Democratic Representative in Congress


11th Congressional District


Vote for 1","Total for Democratic Representative in Congress (11th Congressional District)","CARLES MENCHACA (Write-In)",1,,,,,,,"Total Votes","17,014","Unrecorded",941,,"We certify this statement to be correct, and have caused the same to be attested by the signatures of the members of the board, or a majority thereof, on Tuesday, July 14, 2026.","Secretary","Chairman","Canvassing Board","Canvassing Board","Page -1 of 1"
,,"Statement and Return Report

for Certification



Primary Election 2026 - 06/23/2026


Crossover - 
Democratic Party




Democratic Representative in Congress


11th Congressional District


Vote for 1","Total for Democratic Representative in Congress (11th Congressional District)","CHAIRA KOPOD (Write-In)",1,,,,,,,"Total Votes","17,014","Unrecorded",941,,"We certify this statement to be correct, and have caused the same to be attested by the signatures of the members of the board, or a majority thereof, on Tuesday, July 14, 2026.","Secretary","Chairman","Canvassing Board","Canvassing Board","Page -1 of 1"
,,"Statement and Return Report

for Certification



Primary Election 2026 - 06/23/2026


Crossover - 
Democratic Party




Democratic Representative in Congress


11th Congressional District


Vote for 1","Total for Democratic Representative in Congress (11th Congressional District)","CHERYL WILLIS (Write-In)",1,,,,,,,"Total Votes","17,014","Unrecorded",941,,"We certify this statement to be correct, and have caused the same to be attested by the signatures of the members of the board, or a majority thereof, on Tuesday, July 14, 2026.","Secretary","Chairman","Canvassing Board","Canvassing Board","Page -1 of 1"
,,"Statement and Return Report

for Certification



Primary Election 2026 - 06/23/2026


Crossover - 
Democratic Party




Democratic Representative in Congress


11th Congressional District


Vote for 1","Total for Democratic Representative in Congress (11th Congressional District)","CHRISTOPHER DONLAN (Write-In)",1,,,,,,,"Total Votes","17,014","Unrecorded",941,,"We certify this statement to be correct, and have caused the same to be attested by the signatures of the members of the board, or a majority thereof, on Tuesday, July 14, 2026.","Secretary","Chairman","Canvassing Board","Canvassing Board","Page -1 of 1"
,,"Statement and Return Report

for Certification



Primary Election 2026 - 06/23/2026


Crossover - 
Democratic Party




Democratic Representative in Congress


11th Congressional District


Vote for 1","Total for Democratic Representative in Congress (11th Congressional District)","CHRISTOPHER HUNT (Write-In)",1,,,,,,,"Total Votes","17,014","Unrecorded",941,,"We certify this statement to be correct, and have caused the same to be attested by the signatures of the members of the board, or a majority thereof, on Tuesday, July 14, 2026.","Secretary","Chairman","Canvassing Board","Canvassing Board","Page -1 of 1"
,,"Statement and Return Report

for Certification



Primary Election 2026 - 06/23/2026


Crossover - 
Democratic Party




Democratic Representative in Congress


11th Congressional District


Vote for 1","Total for Democratic Representative in Congress (11th Congressional District)","CLAIRE VALDEZ (Write-In)",4,,,,,,,"Total Votes","17,014","Unrecorded",941,,"We certify this statement to be correct, and have caused the same to be attested by the signatures of the members of the board, or a majority thereof, on Tuesday, July 14, 2026.","Secretary","Chairman","Canvassing Board","Canvassing Board","Page -1 of 1"
,,"Statement and Return Report

for Certification



Primary Election 2026 - 06/23/2026


Crossover - 
Democratic Party




Democratic Representative in Congress


11th Congressional District


Vote for 1","Total for Democratic Representative in Congress (11th Congressional District)","CLIFFORD HAGEN (Write-In)",1,,,,,,,"Total Votes","17,014","Unrecorded",941,,"We certify this statement to be correct, and have caused the same to be attested by the signatures of the members of the board, or a majority thereof, on Tuesday, July 14, 2026.","Secretary","Chairman","Canvassing Board","Canvassing Board","Page -1 of 1"
,,"Statement and Return Report

for Certification



Primary Election 2026 - 06/23/2026


Crossover - 
Democratic Party




Democratic Representative in Congress


11th Congressional District


Vote for 1","Total for Democratic Representative in Congress (11th Congressional District)","CLINTON DAGGAN (Write-In)",1,,,,,,,"Total Votes","17,014","Unrecorded",941,,"We certify this statement to be correct, and have caused the same to be attested by the signatures of the members of the board, or a majority thereof, on Tuesday, July 14, 2026.","Secretary","Chairman","Canvassing Board","Canvassing Board","Page -1 of 1"
,,"Statement and Return Report

for Certification



Primary Election 2026 - 06/23/2026


Crossover - 
Democratic Party




Democratic Representative in Congress


11th Congressional District


Vote for 1","Total for Democratic Representative in Congress (11th Congressional District)","CONNOR FAMOUS (Write-In)",1,,,,,,,"Total Votes","17,014","Unrecorded",941,,"We certify this statement to be correct, and have caused the same to be attested by the signatures of the members of the board, or a majority thereof, on Tuesday, July 14, 2026.","Secretary","Chairman","Canvassing Board","Canvassing Board","Page -1 of 1"
,,"Statement and Return Report

for Certification



Primary Election 2026 - 06/23/2026


Crossover - 
Democratic Party




Democratic Representative in Congress


11th Congressional District


Vote for 1","Total for Democratic Representative in Congress (11th Congressional District)","COREY BANKS (Write-In)",1,,,,,,,"Total Votes","17,014","Unrecorded",941,,"We certify this statement to be correct, and have caused the same to be attested by the signatures of the members of the board, or a majority thereof, on Tuesday, July 14, 2026.","Secretary","Chairman","Canvassing Board","Canvassing Board","Page -1 of 1"
,,"Statement and Return Report

for Certification



Primary Election 2026 - 06/23/2026


Crossover - 
Democratic Party




Democratic Representative in Congress


11th Congressional District


Vote for 1","Total for Democratic Representative in Congress (11th Congressional District)","COREY BOOKER (Write-In)",1,,,,,,,"Total Votes","17,014","Unrecorded",941,,"We certify this statement to be correct, and have caused the same to be attested by the signatures of the members of the board, or a majority thereof, on Tuesday, July 14, 2026.","Secretary","Chairman","Canvassing Board","Canvassing Board","Page -1 of 1"
,,"Statement and Return Report

for Certification



Primary Election 2026 - 06/23/2026


Crossover - 
Democratic Party




Democratic Representative in Congress


11th Congressional District


Vote for 1","Total for Democratic Representative in Congress (11th Congressional District)","DAN GOLDMAN (Write-In)",1,,,,,,,"Total Votes","17,014","Unrecorded",941,,"We certify this statement to be correct, and have caused the same to be attested by the signatures of the members of the board, or a majority thereof, on Tuesday, July 14, 2026.","Secretary","Chairman","Canvassing Board","Canvassing Board","Page -1 of 1"
,,"Statement and Return Report

for Certification



Primary Election 2026 - 06/23/2026


Crossover - 
Democratic Party




Democratic Representative in Congress


11th Congressional District


Vote for 1","Total for Democratic Representative in Congress (11th Congressional District)","DARIALIZA AVILA CHEVALIER (Write-In)",6,,,,,,,"Total Votes","17,014","Unrecorded",941,,"We certify this statement to be correct, and have caused the same to be attested by the signatures of the members of the board, or a majority thereof, on Tuesday, July 14, 2026.","Secretary","Chairman","Canvassing Board","Canvassing Board","Page -1 of 1"
,,"Statement and Return Report

for Certification



Primary Election 2026 - 06/23/2026


Crossover - 
Democratic Party




Democratic Representative in Congress


11th Congressional District


Vote for 1","Total for Democratic Representative in Congress (11th Congressional District)","DAVID MATULA (Write-In)",1,,,,,,,"Total Votes","17,014","Unrecorded",941,,"We certify this statement to be correct, and have caused the same to be attested by the signatures of the members of the board, or a majority thereof, on Tuesday, July 14, 2026.","Secretary","Chairman","Canvassing Board","Canvassing Board","Page -1 of 1"
,,"Statement and Return Report

for Certification



Primary Election 2026 - 06/23/2026


Crossover - 
Democratic Party




Democratic Representative in Congress


11th Congressional District


Vote for 1","Total for Democratic Representative in Congress (11th Congressional District)","DAVON LOMAX (Write-In)",1,,,,,,,"Total Votes","17,014","Unrecorded",941,,"We certify this statement to be correct, and have caused the same to be attested by the signatures of the members of the board, or a majority thereof, on Tuesday, July 14, 2026.","Secretary","Chairman","Canvassing Board","Canvassing Board","Page -1 of 1"
,,"Statement and Return Report

for Certification



Primary Election 2026 - 06/23/2026


Crossover - 
Democratic Party




Democratic Representative in Congress


11th Congressional District


Vote for 1","Total for Democratic Representative in Congress (11th Congressional District)","DIANE J. SAVINO (Write-In)",1,,,,,,,"Total Votes","17,014","Unrecorded",941,,"We certify this statement to be correct, and have caused the same to be attested by the signatures of the members of the board, or a majority thereof, on Tuesday, July 14, 2026.","Secretary","Chairman","Canvassing Board","Canvassing Board","Page -1 of 1"
,,"Statement and Return Report

for Certification



Primary Election 2026 - 06/23/2026


Crossover - 
Democratic Party




Democratic Representative in Congress


11th Congressional District


Vote for 1","Total for Democratic Representative in Congress (11th Congressional District)","DIANE SAVINO (Write-In)",1,,,,,,,"Total Votes","17,014","Unrecorded",941,,"We certify this statement to be correct, and have caused the same to be attested by the signatures of the members of the board, or a majority thereof, on Tuesday, July 14, 2026.","Secretary","Chairman","Canvassing Board","Canvassing Board","Page -1 of 1"
,,"Statement and Return Report

for Certification



Primary Election 2026 - 06/23/2026


Crossover - 
Democratic Party




Democratic Representative in Congress


11th Congressional District


Vote for 1","Total for Democratic Representative in Congress (11th Congressional District)","DONALD J. TRUMP (Write-In)",1,,,,,,,"Total Votes","17,014","Unrecorded",941,,"We certify this statement to be correct, and have caused the same to be attested by the signatures of the members of the board, or a majority thereof, on Tuesday, July 14, 2026.","Secretary","Chairman","Canvassing Board","Canvassing Board","Page -1 of 1"
,,"Statement and Return Report

for Certification



Primary Election 2026 - 06/23/2026


Crossover - 
Democratic Party




Democratic Representative in Congress


11th Congressional District


Vote for 1","Total for Democratic Representative in Congress (11th Congressional District)","DONNA M. DIGIACOMO (Write-In)",1,,,,,,,"Total Votes","17,014","Unrecorded",941,,"We certify this statement to be correct, and have caused the same to be attested by the signatures of the members of the board, or a majority thereof, on Tuesday, July 14, 2026.","Secretary","Chairman","Canvassing Board","Canvassing Board","Page -1 of 1"
,,"Statement and Return Report

for Certification



Primary Election 2026 - 06/23/2026


Crossover - 
Democratic Party




Democratic Representative in Congress


11th Congressional District


Vote for 1","Total for Democratic Representative in Congress (11th Congressional District)","ELLEN DOTTS (Write-In)",1,,,,,,,"Total Votes","17,014","Unrecorded",941,,"We certify this statement to be correct, and have caused the same to be attested by the signatures of the members of the board, or a majority thereof, on Tuesday, July 14, 2026.","Secretary","Chairman","Canvassing Board","Canvassing Board","Page -1 of 1"
,,"Statement and Return Report

for Certification



Primary Election 2026 - 06/23/2026


Crossover - 
Democratic Party




Democratic Representative in Congress


11th Congressional District


Vote for 1","Total for Democratic Representative in Congress (11th Congressional District)","ERCAN NURI AYBASTI (Write-In)",1,,,,,,,"Total Votes","17,014","Unrecorded",941,,"We certify this statement to be correct, and have caused the same to be attested by the signatures of the members of the board, or a majority thereof, on Tuesday, July 14, 2026.","Secretary","Chairman","Canvassing Board","Canvassing Board","Page -1 of 1"
,,"Statement and Return Report

for Certification



Primary Election 2026 - 06/23/2026


Crossover - 
Democratic Party




Democratic Representative in Congress


11th Congressional District


Vote for 1","Total for Democratic Representative in Congress (11th Congressional District)","ERIC B. RICHARDSON (Write-In)",1,,,,,,,"Total Votes","17,014","Unrecorded",941,,"We certify this statement to be correct, and have caused the same to be attested by the signatures of the members of the board, or a majority thereof, on Tuesday, July 14, 2026.","Secretary","Chairman","Canvassing Board","Canvassing Board","Page -1 of 1"
,,"Statement and Return Report

for Certification



Primary Election 2026 - 06/23/2026


Crossover - 
Democratic Party




Democratic Representative in Congress


11th Congressional District


Vote for 1","Total for Democratic Representative in Congress (11th Congressional District)","ERIK WOMBEY (Write-In)",1,,,,,,,"Total Votes","17,014","Unrecorded",941,,"We certify this statement to be correct, and have caused the same to be attested by the signatures of the members of the board, or a majority thereof, on Tuesday, July 14, 2026.","Secretary","Chairman","Canvassing Board","Canvassing Board","Page -1 of 1"
,,"Statement and Return Report

for Certification



Primary Election 2026 - 06/23/2026


Crossover - 
Democratic Party




Democratic Representative in Congress


11th Congressional District


Vote for 1","Total for Democratic Representative in Congress (11th Congressional District)","ERNEST EANS, JR. (Write-In)",1,,,,,,,"Total Votes","17,014","Unrecorded",941,,"We certify this statement to be correct, and have caused the same to be attested by the signatures of the members of the board, or a majority thereof, on Tuesday, July 14, 2026.","Secretary","Chairman","Canvassing Board","Canvassing Board","Page -1 of 1"
,,"Statement and Return Report

for Certification



Primary Election 2026 - 06/23/2026


Crossover - 
Democratic Party




Democratic Representative in Congress


11th Congressional District


Vote for 1","Total for Democratic Representative in Congress (11th Congressional District)","GEORGE CONWAY (Write-In)",3,,,,,,,"Total Votes","17,014","Unrecorded",941,,"We certify this statement to be correct, and have caused the same to be attested by the signatures of the members of the board, or a majority thereof, on Tuesday, July 14, 2026.","Secretary","Chairman","Canvassing Board","Canvassing Board","Page -1 of 1"
,,"Statement and Return Report

for Certification



Primary Election 2026 - 06/23/2026


Crossover - 
Democratic Party




Democratic Representative in Congress


11th Congressional District


Vote for 1","Total for Democratic Representative in Congress (11th Congressional District)","GRACE MENG (Write-In)",1,,,,,,,"Total Votes","17,014","Unrecorded",941,,"We certify this statement to be correct, and have caused the same to be attested by the signatures of the members of the board, or a majority thereof, on Tuesday, July 14, 2026.","Secretary","Chairman","Canvassing Board","Canvassing Board","Page -1 of 1"
,,"Statement and Return Report

for Certification



Primary Election 2026 - 06/23/2026


Crossover - 
Democratic Party




Democratic Representative in Congress


11th Congressional District


Vote for 1","Total for Democratic Representative in Congress (11th Congressional District)","GREGORY ANTHONY FISHER (Write-In)",1,,,,,,,"Total Votes","17,014","Unrecorded",941,,"We certify this statement to be correct, and have caused the same to be attested by the signatures of the members of the board, or a majority thereof, on Tuesday, July 14, 2026.","Secretary","Chairman","Canvassing Board","Canvassing Board","Page -1 of 1"
,,"Statement and Return Report

for Certification



Primary Election 2026 - 06/23/2026


Crossover - 
Democratic Party




Democratic Representative in Congress


11th Congressional District


Vote for 1","Total for Democratic Representative in Congress (11th Congressional District)","HALIEY WELCH (Write-In)",1,,,,,,,"Total Votes","17,014","Unrecorded",941,,"We certify this statement to be correct, and have caused the same to be attested by the signatures of the members of the board, or a majority thereof, on Tuesday, July 14, 2026.","Secretary","Chairman","Canvassing Board","Canvassing Board","Page -1 of 1"
,,"Statement and Return Report

for Certification



Primary Election 2026 - 06/23/2026


Crossover - 
Democratic Party




Democratic Representative in Congress


11th Congressional District


Vote for 1","Total for Democratic Representative in Congress (11th Congressional District)","INNA KLEITMAN (Write-In)",1,,,,,,,"Total Votes","17,014","Unrecorded",941,,"We certify this statement to be correct, and have caused the same to be attested by the signatures of the members of the board, or a majority thereof, on Tuesday, July 14, 2026.","Secretary","Chairman","Canvassing Board","Canvassing Board","Page -1 of 1"
,,"Statement and Return Report

for Certification



Primary Election 2026 - 06/23/2026


Crossover - 
Democratic Party




Democratic Representative in Congress


11th Congressional District


Vote for 1","Total for Democratic Representative in Congress (11th Congressional District)","JACK KENNEDY SCHLOSSBERG (Write-In)",1,,,,,,,"Total Votes","17,014","Unrecorded",941,,"We certify this statement to be correct, and have caused the same to be attested by the signatures of the members of the board, or a majority thereof, on Tuesday, July 14, 2026.","Secretary","Chairman","Canvassing Board","Canvassing Board","Page -1 of 1"
,,"Statement and Return Report

for Certification



Primary Election 2026 - 06/23/2026


Crossover - 
Democratic Party




Democratic Representative in Congress


11th Congressional District


Vote for 1","Total for Democratic Representative in Congress (11th Congressional District)","JACOB ROSS (Write-In)",1,,,,,,,"Total Votes","17,014","Unrecorded",941,,"We certify this statement to be correct, and have caused the same to be attested by the signatures of the members of the board, or a majority thereof, on Tuesday, July 14, 2026.","Secretary","Chairman","Canvassing Board","Canvassing Board","Page -1 of 1"
,,"Statement and Return Report

for Certification



Primary Election 2026 - 06/23/2026


Crossover - 
Democratic Party




Democratic Representative in Congress


11th Congressional District


Vote for 1","Total for Democratic Representative in Congress (11th Congressional District)","JALEN BRUNSON (Write-In)",1,,,,,,,"Total Votes","17,014","Unrecorded",941,,"We certify this statement to be correct, and have caused the same to be attested by the signatures of the members of the board, or a majority thereof, on Tuesday, July 14, 2026.","Secretary","Chairman","Canvassing Board","Canvassing Board","Page -1 of 1"
,,"Statement and Return Report

for Certification



Primary Election 2026 - 06/23/2026


Crossover - 
Democratic Party




Democratic Representative in Congress


11th Congressional District


Vote for 1","Total for Democratic Representative in Congress (11th Congressional District)","JAMES LEUNG (Write-In)",1,,,,,,,"Total Votes","17,014","Unrecorded",941,,"We certify this statement to be correct, and have caused the same to be attested by the signatures of the members of the board, or a majority thereof, on Tuesday, July 14, 2026.","Secretary","Chairman","Canvassing Board","Canvassing Board","Page -1 of 1"
,,"Statement and Return Report

for Certification



Primary Election 2026 - 06/23/2026


Crossover - 
Democratic Party




Democratic Representative in Congress


11th Congressional District


Vote for 1","Total for Democratic Representative in Congress (11th Congressional District)","JASON PRICE (Write-In)",1,,,,,,,"Total Votes","17,014","Unrecorded",941,,"We certify this statement to be correct, and have caused the same to be attested by the signatures of the members of the board, or a majority thereof, on Tuesday, July 14, 2026.","Secretary","Chairman","Canvassing Board","Canvassing Board","Page -1 of 1"
,,"Statement and Return Report

for Certification



Primary Election 2026 - 06/23/2026


Crossover - 
Democratic Party




Democratic Representative in Congress


11th Congressional District


Vote for 1","Total for Democratic Representative in Congress (11th Congressional District)","JEFF SMITH (Write-In)",1,,,,,,,"Total Votes","17,014","Unrecorded",941,,"We certify this statement to be correct, and have caused the same to be attested by the signatures of the members of the board, or a majority thereof, on Tuesday, July 14, 2026.","Secretary","Chairman","Canvassing Board","Canvassing Board","Page -1 of 1"
,,"Statement and Return Report

for Certification



Primary Election 2026 - 06/23/2026


Crossover - 
Democratic Party




Democratic Representative in Congress


11th Congressional District


Vote for 1","Total for Democratic Representative in Congress (11th Congressional District)","JESSICA SCARCELLA-SPANTON (Write-In)",2,,,,,,,"Total Votes","17,014","Unrecorded",941,,"We certify this statement to be correct, and have caused the same to be attested by the signatures of the members of the board, or a majority thereof, on Tuesday, July 14, 2026.","Secretary","Chairman","Canvassing Board","Canvassing Board","Page -1 of 1"
,,"Statement and Return Report

for Certification



Primary Election 2026 - 06/23/2026


Crossover - 
Democratic Party




Democratic Representative in Congress


11th Congressional District


Vote for 1","Total for Democratic Representative in Congress (11th Congressional District)","JOHN M. SPILLANE (Write-In)",1,,,,,,,"Total Votes","17,014","Unrecorded",941,,"We certify this statement to be correct, and have caused the same to be attested by the signatures of the members of the board, or a majority thereof, on Tuesday, July 14, 2026.","Secretary","Chairman","Canvassing Board","Canvassing Board","Page -1 of 1"
,,"Statement and Return Report

for Certification



Primary Election 2026 - 06/23/2026


Crossover - 
Democratic Party




Democratic Representative in Congress


11th Congressional District


Vote for 1","Total for Democratic Representative in Congress (11th Congressional District)","JOHN SALLAZZO (Write-In)",2,,,,,,,"Total Votes","17,014","Unrecorded",941,,"We certify this statement to be correct, and have caused the same to be attested by the signatures of the members of the board, or a majority thereof, on Tuesday, July 14, 2026.","Secretary","Chairman","Canvassing Board","Canvassing Board","Page -1 of 1"
,,"Statement and Return Report

for Certification



Primary Election 2026 - 06/23/2026


Crossover - 
Democratic Party




Democratic Representative in Congress


11th Congressional District


Vote for 1","Total for Democratic Representative in Congress (11th Congressional District)","JOHN VITUCCI (Write-In)",1,,,,,,,"Total Votes","17,014","Unrecorded",941,,"We certify this statement to be correct, and have caused the same to be attested by the signatures of the members of the board, or a majority thereof, on Tuesday, July 14, 2026.","Secretary","Chairman","Canvassing Board","Canvassing Board","Page -1 of 1"
,,"Statement and Return Report

for Certification



Primary Election 2026 - 06/23/2026


Crossover - 
Democratic Party




Democratic Representative in Congress


11th Congressional District


Vote for 1","Total for Democratic Representative in Congress (11th Congressional District)","JOSEPH SANTANGELO (Write-In)",5,,,,,,,"Total Votes","17,014","Unrecorded",941,,"We certify this statement to be correct, and have caused the same to be attested by the signatures of the members of the board, or a majority thereof, on Tuesday, July 14, 2026.","Secretary","Chairman","Canvassing Board","Canvassing Board","Page -1 of 1"
,,"Statement and Return Report

for Certification



Primary Election 2026 - 06/23/2026


Crossover - 
Democratic Party




Democratic Representative in Congress


11th Congressional District


Vote for 1","Total for Democratic Representative in Congress (11th Congressional District)","JULIA LARKIN (Write-In)",1,,,,,,,"Total Votes","17,014","Unrecorded",941,,"We certify this statement to be correct, and have caused the same to be attested by the signatures of the members of the board, or a majority thereof, on Tuesday, July 14, 2026.","Secretary","Chairman","Canvassing Board","Canvassing Board","Page -1 of 1"
,,"Statement and Return Report

for Certification



Primary Election 2026 - 06/23/2026


Crossover - 
Democratic Party




Democratic Representative in Congress


11th Congressional District


Vote for 1","Total for Democratic Representative in Congress (11th Congressional District)","KHORRAM PARVAZ (Write-In)",1,,,,,,,"Total Votes","17,014","Unrecorded",941,,"We certify this statement to be correct, and have caused the same to be attested by the signatures of the members of the board, or a majority thereof, on Tuesday, July 14, 2026.","Secretary","Chairman","Canvassing Board","Canvassing Board","Page -1 of 1"
,,"Statement and Return Report

for Certification



Primary Election 2026 - 06/23/2026


Crossover - 
Democratic Party




Democratic Representative in Congress


11th Congressional District


Vote for 1","Total for Democratic Representative in Congress (11th Congressional District)","KRISTEN GOLAT DEFENDIS (Write-In)",1,,,,,,,"Total Votes","17,014","Unrecorded",941,,"We certify this statement to be correct, and have caused the same to be attested by the signatures of the members of the board, or a majority thereof, on Tuesday, July 14, 2026.","Secretary","Chairman","Canvassing Board","Canvassing Board","Page -1 of 1"
,,"Statement and Return Report

for Certification



Primary Election 2026 - 06/23/2026


Crossover - 
Democratic Party




Democratic Representative in Congress


11th Congressional District


Vote for 1","Total for Democratic Representative in Congress (11th Congressional District)","LARRY HE (Write-In)",1,,,,,,,"Total Votes","17,014","Unrecorded",941,,"We certify this statement to be correct, and have caused the same to be attested by the signatures of the members of the board, or a majority thereof, on Tuesday, July 14, 2026.","Secretary","Chairman","Canvassing Board","Canvassing Board","Page -1 of 1"
,,"Statement and Return Report

for Certification



Primary Election 2026 - 06/23/2026


Crossover - 
Democratic Party




Democratic Representative in Congress


11th Congressional District


Vote for 1","Total for Democratic Representative in Congress (11th Congressional District)","LAURA LOBIANCO SWORD (Write-In)",1,,,,,,,"Total Votes","17,014","Unrecorded",941,,"We certify this statement to be correct, and have caused the same to be attested by the signatures of the members of the board, or a majority thereof, on Tuesday, July 14, 2026.","Secretary","Chairman","Canvassing Board","Canvassing Board","Page -1 of 1"
,,"Statement and Return Report

for Certification



Primary Election 2026 - 06/23/2026


Crossover - 
Democratic Party




Democratic Representative in Congress


11th Congressional District


Vote for 1","Total for Democratic Representative in Congress (11th Congressional District)","LEONARD P. RIENZI (Write-In)",1,,,,,,,"Total Votes","17,014","Unrecorded",941,,"We certify this statement to be correct, and have caused the same to be attested by the signatures of the members of the board, or a majority thereof, on Tuesday, July 14, 2026.","Secretary","Chairman","Canvassing Board","Canvassing Board","Page -1 of 1"
,,"Statement and Return Report

for Certification



Primary Election 2026 - 06/23/2026


Crossover - 
Democratic Party




Democratic Representative in Congress


11th Congressional District


Vote for 1","Total for Democratic Representative in Congress (11th Congressional District)","LESTER CHAN (Write-In)",1,,,,,,,"Total Votes","17,014","Unrecorded",941,,"We certify this statement to be correct, and have caused the same to be attested by the signatures of the members of the board, or a majority thereof, on Tuesday, July 14, 2026.","Secretary","Chairman","Canvassing Board","Canvassing Board","Page -1 of 1"
,,"Statement and Return Report

for Certification



Primary Election 2026 - 06/23/2026


Crossover - 
Democratic Party




Democratic Representative in Congress


11th Congressional District


Vote for 1","Total for Democratic Representative in Congress (11th Congressional District)","LISA GEORGE (Write-In)",1,,,,,,,"Total Votes","17,014","Unrecorded",941,,"We certify this statement to be correct, and have caused the same to be attested by the signatures of the members of the board, or a majority thereof, on Tuesday, July 14, 2026.","Secretary","Chairman","Canvassing Board","Canvassing Board","Page -1 of 1"
,,"Statement and Return Report

for Certification



Primary Election 2026 - 06/23/2026


Crossover - 
Democratic Party




Democratic Representative in Congress


11th Congressional District


Vote for 1","Total for Democratic Representative in Congress (11th Congressional District)","LOUIS F. BERGONZI (Write-In)",1,,,,,,,"Total Votes","17,014","Unrecorded",941,,"We certify this statement to be correct, and have caused the same to be attested by the signatures of the members of the board, or a majority thereof, on Tuesday, July 14, 2026.","Secretary","Chairman","Canvassing Board","Canvassing Board","Page -1 of 1"
,,"Statement and Return Report

for Certification



Primary Election 2026 - 06/23/2026


Crossover - 
Democratic Party




Democratic Representative in Congress


11th Congressional District


Vote for 1","Total for Democratic Representative in Congress (11th Congressional District)","LUKE EDDY (Write-In)",1,,,,,,,"Total Votes","17,014","Unrecorded",941,,"We certify this statement to be correct, and have caused the same to be attested by the signatures of the members of the board, or a majority thereof, on Tuesday, July 14, 2026.","Secretary","Chairman","Canvassing Board","Canvassing Board","Page -1 of 1"
,,"Statement and Return Report

for Certification



Primary Election 2026 - 06/23/2026


Crossover - 
Democratic Party




Democratic Representative in Congress


11th Congressional District


Vote for 1","Total for Democratic Representative in Congress (11th Congressional District)","MARC LANDERS (Write-In)",1,,,,,,,"Total Votes","17,014","Unrecorded",941,,"We certify this statement to be correct, and have caused the same to be attested by the signatures of the members of the board, or a majority thereof, on Tuesday, July 14, 2026.","Secretary","Chairman","Canvassing Board","Canvassing Board","Page -1 of 1"
,,"Statement and Return Report

for Certification



Primary Election 2026 - 06/23/2026


Crossover - 
Democratic Party




Democratic Representative in Congress


11th Congressional District


Vote for 1","Total for Democratic Representative in Congress (11th Congressional District)","MARY E. GUSTAFSSON (Write-In)",1,,,,,,,"Total Votes","17,014","Unrecorded",941,,"We certify this statement to be correct, and have caused the same to be attested by the signatures of the members of the board, or a majority thereof, on Tuesday, July 14, 2026.","Secretary","Chairman","Canvassing Board","Canvassing Board","Page -1 of 1"
,,"Statement and Return Report

for Certification



Primary Election 2026 - 06/23/2026


Crossover - 
Democratic Party




Democratic Representative in Congress


11th Congressional District


Vote for 1","Total for Democratic Representative in Congress (11th Congressional District)","MARY MILLS (Write-In)",1,,,,,,,"Total Votes","17,014","Unrecorded",941,,"We certify this statement to be correct, and have caused the same to be attested by the signatures of the members of the board, or a majority thereof, on Tuesday, July 14, 2026.","Secretary","Chairman","Canvassing Board","Canvassing Board","Page -1 of 1"
,,"Statement and Return Report

for Certification



Primary Election 2026 - 06/23/2026


Crossover - 
Democratic Party




Democratic Representative in Congress


11th Congressional District


Vote for 1","Total for Democratic Representative in Congress (11th Congressional District)","MAX N. ROSE (Write-In)",6,,,,,,,"Total Votes","17,014","Unrecorded",941,,"We certify this statement to be correct, and have caused the same to be attested by the signatures of the members of the board, or a majority thereof, on Tuesday, July 14, 2026.","Secretary","Chairman","Canvassing Board","Canvassing Board","Page -1 of 1"
,,"Statement and Return Report

for Certification



Primary Election 2026 - 06/23/2026


Crossover - 
Democratic Party




Democratic Representative in Congress


11th Congressional District


Vote for 1","Total for Democratic Representative in Congress (11th Congressional District)","MAX ROSE (Write-In)",2,,,,,,,"Total Votes","17,014","Unrecorded",941,,"We certify this statement to be correct, and have caused the same to be attested by the signatures of the members of the board, or a majority thereof, on Tuesday, July 14, 2026.","Secretary","Chairman","Canvassing Board","Canvassing Board","Page -1 of 1"
,,"Statement and Return Report

for Certification



Primary Election 2026 - 06/23/2026


Crossover - 
Democratic Party




Democratic Representative in Congress


11th Congressional District


Vote for 1","Total for Democratic Representative in Congress (11th Congressional District)","MICHAEL E. MCMAHON (Write-In)",2,,,,,,,"Total Votes","17,014","Unrecorded",941,,"We certify this statement to be correct, and have caused the same to be attested by the signatures of the members of the board, or a majority thereof, on Tuesday, July 14, 2026.","Secretary","Chairman","Canvassing Board","Canvassing Board","Page -1 of 1"
,,"Statement and Return Report

for Certification



Primary Election 2026 - 06/23/2026


Crossover - 
Democratic Party




Democratic Representative in Congress


11th Congressional District


Vote for 1","Total for Democratic Representative in Congress (11th Congressional District)","MICHAEL PRICE (Write-In)",1,,,,,,,"Total Votes","17,014","Unrecorded",941,,"We certify this statement to be correct, and have caused the same to be attested by the signatures of the members of the board, or a majority thereof, on Tuesday, July 14, 2026.","Secretary","Chairman","Canvassing Board","Canvassing Board","Page -1 of 1"
,,"Statement and Return Report

for Certification



Primary Election 2026 - 06/23/2026


Crossover - 
Democratic Party




Democratic Representative in Congress


11th Congressional District


Vote for 1","Total for Democratic Representative in Congress (11th Congressional District)","MICHAEL SHELDON (Write-In)",1,,,,,,,"Total Votes","17,014","Unrecorded",941,,"We certify this statement to be correct, and have caused the same to be attested by the signatures of the members of the board, or a majority thereof, on Tuesday, July 14, 2026.","Secretary","Chairman","Canvassing Board","Canvassing Board","Page -1 of 1"
,,"Statement and Return Report

for Certification



Primary Election 2026 - 06/23/2026


Crossover - 
Democratic Party




Democratic Representative in Congress


11th Congressional District


Vote for 1","Total for Democratic Representative in Congress (11th Congressional District)","MIKE GOLDFARB (Write-In)",4,,,,,,,"Total Votes","17,014","Unrecorded",941,,"We certify this statement to be correct, and have caused the same to be attested by the signatures of the members of the board, or a majority thereof, on Tuesday, July 14, 2026.","Secretary","Chairman","Canvassing Board","Canvassing Board","Page -1 of 1"
,,"Statement and Return Report

for Certification



Primary Election 2026 - 06/23/2026


Crossover - 
Democratic Party




Democratic Representative in Congress


11th Congressional District


Vote for 1","Total for Democratic Representative in Congress (11th Congressional District)","MIOSETIS PANTOJA (Write-In)",1,,,,,,,"Total Votes","17,014","Unrecorded",941,,"We certify this statement to be correct, and have caused the same to be attested by the signatures of the members of the board, or a majority thereof, on Tuesday, July 14, 2026.","Secretary","Chairman","Canvassing Board","Canvassing Board","Page -1 of 1"
,,"Statement and Return Report

for Certification



Primary Election 2026 - 06/23/2026


Crossover - 
Democratic Party




Democratic Representative in Congress


11th Congressional District


Vote for 1","Total for Democratic Representative in Congress (11th Congressional District)","MURRAY AMSTERDAM (Write-In)",1,,,,,,,"Total Votes","17,014","Unrecorded",941,,"We certify this statement to be correct, and have caused the same to be attested by the signatures of the members of the board, or a majority thereof, on Tuesday, July 14, 2026.","Secretary","Chairman","Canvassing Board","Canvassing Board","Page -1 of 1"
,,"Statement and Return Report

for Certification



Primary Election 2026 - 06/23/2026


Crossover - 
Democratic Party




Democratic Representative in Congress


11th Congressional District


Vote for 1","Total for Democratic Representative in Congress (11th Congressional District)","NICOLE MALLIOTAKIS (Write-In)",13,,,,,,,"Total Votes","17,014","Unrecorded",941,,"We certify this statement to be correct, and have caused the same to be attested by the signatures of the members of the board, or a majority thereof, on Tuesday, July 14, 2026.","Secretary","Chairman","Canvassing Board","Canvassing Board","Page -1 of 1"
,,"Statement and Return Report

for Certification



Primary Election 2026 - 06/23/2026


Crossover - 
Democratic Party




Democratic Representative in Congress


11th Congressional District


Vote for 1","Total for Democratic Representative in Congress (11th Congressional District)","OERTA TAGAMI (Write-In)",1,,,,,,,"Total Votes","17,014","Unrecorded",941,,"We certify this statement to be correct, and have caused the same to be attested by the signatures of the members of the board, or a majority thereof, on Tuesday, July 14, 2026.","Secretary","Chairman","Canvassing Board","Canvassing Board","Page -1 of 1"
,,"Statement and Return Report

for Certification



Primary Election 2026 - 06/23/2026


Crossover - 
Democratic Party




Democratic Representative in Congress


11th Congressional District


Vote for 1","Total for Democratic Representative in Congress (11th Congressional District)","OGUGUA ANUNOBY, JR. (Write-In)",1,,,,,,,"Total Votes","17,014","Unrecorded",941,,"We certify this statement to be correct, and have caused the same to be attested by the signatures of the members of the board, or a majority thereof, on Tuesday, July 14, 2026.","Secretary","Chairman","Canvassing Board","Canvassing Board","Page -1 of 1"
,,"Statement and Return Report

for Certification



Primary Election 2026 - 06/23/2026


Crossover - 
Democratic Party




Democratic Representative in Congress


11th Congressional District


Vote for 1","Total for Democratic Representative in Congress (11th Congressional District)","OMAR MOHAMAD (Write-In)",6,,,,,,,"Total Votes","17,014","Unrecorded",941,,"We certify this statement to be correct, and have caused the same to be attested by the signatures of the members of the board, or a majority thereof, on Tuesday, July 14, 2026.","Secretary","Chairman","Canvassing Board","Canvassing Board","Page -1 of 1"
,,"Statement and Return Report

for Certification



Primary Election 2026 - 06/23/2026


Crossover - 
Democratic Party




Democratic Representative in Congress


11th Congressional District


Vote for 1","Total for Democratic Representative in Congress (11th Congressional District)","OMAR MOHAMED (Write-In)",3,,,,,,,"Total Votes","17,014","Unrecorded",941,,"We certify this statement to be correct, and have caused the same to be attested by the signatures of the members of the board, or a majority thereof, on Tuesday, July 14, 2026.","Secretary","Chairman","Canvassing Board","Canvassing Board","Page -1 of 1"
,,"Statement and Return Report

for Certification



Primary Election 2026 - 06/23/2026


Crossover - 
Democratic Party




Democratic Representative in Congress


11th Congressional District


Vote for 1","Total for Democratic Representative in Congress (11th Congressional District)","PATRICK WONG (Write-In)",1,,,,,,,"Total Votes","17,014","Unrecorded",941,,"We certify this statement to be correct, and have caused the same to be attested by the signatures of the members of the board, or a majority thereof, on Tuesday, July 14, 2026.","Secretary","Chairman","Canvassing Board","Canvassing Board","Page -1 of 1"
,,"Statement and Return Report

for Certification



Primary Election 2026 - 06/23/2026


Crossover - 
Democratic Party




Democratic Representative in Congress


11th Congressional District


Vote for 1","Total for Democratic Representative in Congress (11th Congressional District)","PETER DANITI (Write-In)",1,,,,,,,"Total Votes","17,014","Unrecorded",941,,"We certify this statement to be correct, and have caused the same to be attested by the signatures of the members of the board, or a majority thereof, on Tuesday, July 14, 2026.","Secretary","Chairman","Canvassing Board","Canvassing Board","Page -1 of 1"
,,"Statement and Return Report

for Certification



Primary Election 2026 - 06/23/2026


Crossover - 
Democratic Party




Democratic Representative in Congress


11th Congressional District


Vote for 1","Total for Democratic Representative in Congress (11th Congressional District)","PETER MORALES (Write-In)",1,,,,,,,"Total Votes","17,014","Unrecorded",941,,"We certify this statement to be correct, and have caused the same to be attested by the signatures of the members of the board, or a majority thereof, on Tuesday, July 14, 2026.","Secretary","Chairman","Canvassing Board","Canvassing Board","Page -1 of 1"
,,"Statement and Return Report

for Certification



Primary Election 2026 - 06/23/2026


Crossover - 
Democratic Party




Democratic Representative in Congress


11th Congressional District


Vote for 1","Total for Democratic Representative in Congress (11th Congressional District)","PHILIP ROSEN (Write-In)",1,,,,,,,"Total Votes","17,014","Unrecorded",941,,"We certify this statement to be correct, and have caused the same to be attested by the signatures of the members of the board, or a majority thereof, on Tuesday, July 14, 2026.","Secretary","Chairman","Canvassing Board","Canvassing Board","Page -1 of 1"
,,"Statement and Return Report

for Certification



Primary Election 2026 - 06/23/2026


Crossover - 
Democratic Party




Democratic Representative in Congress


11th Congressional District


Vote for 1","Total for Democratic Representative in Congress (11th Congressional District)","PIERE LEHU (Write-In)",1,,,,,,,"Total Votes","17,014","Unrecorded",941,,"We certify this statement to be correct, and have caused the same to be attested by the signatures of the members of the board, or a majority thereof, on Tuesday, July 14, 2026.","Secretary","Chairman","Canvassing Board","Canvassing Board","Page -1 of 1"
,,"Statement and Return Report

for Certification



Primary Election 2026 - 06/23/2026


Crossover - 
Democratic Party




Democratic Representative in Congress


11th Congressional District


Vote for 1","Total for Democratic Representative in Congress (11th Congressional District)","PRESTON FERRAIUOLO (Write-In)",1,,,,,,,"Total Votes","17,014","Unrecorded",941,,"We certify this statement to be correct, and have caused the same to be attested by the signatures of the members of the board, or a majority thereof, on Tuesday, July 14, 2026.","Secretary","Chairman","Canvassing Board","Canvassing Board","Page -1 of 1"
,,"Statement and Return Report

for Certification



Primary Election 2026 - 06/23/2026


Crossover - 
Democratic Party




Democratic Representative in Congress


11th Congressional District


Vote for 1","Total for Democratic Representative in Congress (11th Congressional District)","RENEE GIORDANO (Write-In)",1,,,,,,,"Total Votes","17,014","Unrecorded",941,,"We certify this statement to be correct, and have caused the same to be attested by the signatures of the members of the board, or a majority thereof, on Tuesday, July 14, 2026.","Secretary","Chairman","Canvassing Board","Canvassing Board","Page -1 of 1"
,,"Statement and Return Report

for Certification



Primary Election 2026 - 06/23/2026


Crossover - 
Democratic Party




Democratic Representative in Congress


11th Congressional District


Vote for 1","Total for Democratic Representative in Congress (11th Congressional District)","REUBEN ARCHER (Write-In)",1,,,,,,,"Total Votes","17,014","Unrecorded",941,,"We certify this statement to be correct, and have caused the same to be attested by the signatures of the members of the board, or a majority thereof, on Tuesday, July 14, 2026.","Secretary","Chairman","Canvassing Board","Canvassing Board","Page -1 of 1"
,,"Statement and Return Report

for Certification



Primary Election 2026 - 06/23/2026


Crossover - 
Democratic Party




Democratic Representative in Congress


11th Congressional District


Vote for 1","Total for Democratic Representative in Congress (11th Congressional District)","RICHARD CARLETTI (Write-In)",1,,,,,,,"Total Votes","17,014","Unrecorded",941,,"We certify this statement to be correct, and have caused the same to be attested by the signatures of the members of the board, or a majority thereof, on Tuesday, July 14, 2026.","Secretary","Chairman","Canvassing Board","Canvassing Board","Page -1 of 1"
,,"Statement and Return Report

for Certification



Primary Election 2026 - 06/23/2026


Crossover - 
Democratic Party




Democratic Representative in Congress


11th Congressional District


Vote for 1","Total for Democratic Representative in Congress (11th Congressional District)","RICHARD CARLOTTI (Write-In)",1,,,,,,,"Total Votes","17,014","Unrecorded",941,,"We certify this statement to be correct, and have caused the same to be attested by the signatures of the members of the board, or a majority thereof, on Tuesday, July 14, 2026.","Secretary","Chairman","Canvassing Board","Canvassing Board","Page -1 of 1"
,,"Statement and Return Report

for Certification



Primary Election 2026 - 06/23/2026


Crossover - 
Democratic Party




Democratic Representative in Congress


11th Congressional District


Vote for 1","Total for Democratic Representative in Congress (11th Congressional District)","ROBERT OLIVERI (Write-In)",1,,,,,,,"Total Votes","17,014","Unrecorded",941,,"We certify this statement to be correct, and have caused the same to be attested by the signatures of the members of the board, or a majority thereof, on Tuesday, July 14, 2026.","Secretary","Chairman","Canvassing Board","Canvassing Board","Page -1 of 1"
,,"Statement and Return Report

for Certification



Primary Election 2026 - 06/23/2026


Crossover - 
Democratic Party




Democratic Representative in Congress


11th Congressional District


Vote for 1","Total for Democratic Representative in Congress (11th Congressional District)","ROSEMARY PALLADINO (Write-In)",1,,,,,,,"Total Votes","17,014","Unrecorded",941,,"We certify this statement to be correct, and have caused the same to be attested by the signatures of the members of the board, or a majority thereof, on Tuesday, July 14, 2026.","Secretary","Chairman","Canvassing Board","Canvassing Board","Page -1 of 1"
,,"Statement and Return Report

for Certification



Primary Election 2026 - 06/23/2026


Crossover - 
Democratic Party




Democratic Representative in Congress


11th Congressional District


Vote for 1","Total for Democratic Representative in Congress (11th Congressional District)","SAL ALBANESE (Write-In)",1,,,,,,,"Total Votes","17,014","Unrecorded",941,,"We certify this statement to be correct, and have caused the same to be attested by the signatures of the members of the board, or a majority thereof, on Tuesday, July 14, 2026.","Secretary","Chairman","Canvassing Board","Canvassing Board","Page -1 of 1"
,,"Statement and Return Report

for Certification



Primary Election 2026 - 06/23/2026


Crossover - 
Democratic Party




Democratic Representative in Congress


11th Congressional District


Vote for 1","Total for Democratic Representative in Congress (11th Congressional District)","STEPHEN CLINTON (Write-In)",1,,,,,,,"Total Votes","17,014","Unrecorded",941,,"We certify this statement to be correct, and have caused the same to be attested by the signatures of the members of the board, or a majority thereof, on Tuesday, July 14, 2026.","Secretary","Chairman","Canvassing Board","Canvassing Board","Page -1 of 1"
,,"Statement and Return Report

for Certification



Primary Election 2026 - 06/23/2026


Crossover - 
Democratic Party




Democratic Representative in Congress


11th Congressional District


Vote for 1","Total for Democratic Representative in Congress (11th Congressional District)","STEVE CHEN (Write-In)",1,,,,,,,"Total Votes","17,014","Unrecorded",941,,"We certify this statement to be correct, and have caused the same to be attested by the signatures of the members of the board, or a majority thereof, on Tuesday, July 14, 2026.","Secretary","Chairman","Canvassing Board","Canvassing Board","Page -1 of 1"
,,"Statement and Return Report

for Certification



Primary Election 2026 - 06/23/2026


Crossover - 
Democratic Party




Democratic Representative in Congress


11th Congressional District


Vote for 1","Total for Democratic Representative in Congress (11th Congressional District)","STEVEN D. KANNON (Write-In)",1,,,,,,,"Total Votes","17,014","Unrecorded",941,,"We certify this statement to be correct, and have caused the same to be attested by the signatures of the members of the board, or a majority thereof, on Tuesday, July 14, 2026.","Secretary","Chairman","Canvassing Board","Canvassing Board","Page -1 of 1"
,,"Statement and Return Report

for Certification



Primary Election 2026 - 06/23/2026


Crossover - 
Democratic Party




Democratic Representative in Congress


11th Congressional District


Vote for 1","Total for Democratic Representative in Congress (11th Congressional District)","STEVEN SOLARZ (Write-In)",1,,,,,,,"Total Votes","17,014","Unrecorded",941,,"We certify this statement to be correct, and have caused the same to be attested by the signatures of the members of the board, or a majority thereof, on Tuesday, July 14, 2026.","Secretary","Chairman","Canvassing Board","Canvassing Board","Page -1 of 1"
,,"Statement and Return Report

for Certification



Primary Election 2026 - 06/23/2026


Crossover - 
Democratic Party




Democratic Representative in Congress


11th Congressional District


Vote for 1","Total for Democratic Representative in Congress (11th Congressional District)","SUSAN GRABEL RAPPAPORT (Write-In)",1,,,,,,,"Total Votes","17,014","Unrecorded",941,,"We certify this statement to be correct, and have caused the same to be attested by the signatures of the members of the board, or a majority thereof, on Tuesday, July 14, 2026.","Secretary","Chairman","Canvassing Board","Canvassing Board","Page -1 of 1"
,,"Statement and Return Report

for Certification



Primary Election 2026 - 06/23/2026


Crossover - 
Democratic Party




Democratic Representative in Congress


11th Congressional District


Vote for 1","Total for Democratic Representative in Congress (11th Congressional District)","TEAGAN KELLY (Write-In)",1,,,,,,,"Total Votes","17,014","Unrecorded",941,,"We certify this statement to be correct, and have caused the same to be attested by the signatures of the members of the board, or a majority thereof, on Tuesday, July 14, 2026.","Secretary","Chairman","Canvassing Board","Canvassing Board","Page -1 of 1"
,,"Statement and Return Report

for Certification



Primary Election 2026 - 06/23/2026


Crossover - 
Democratic Party




Democratic Representative in Congress


11th Congressional District


Vote for 1","Total for Democratic Representative in Congress (11th Congressional District)","TERRY DORNER (Write-In)",1,,,,,,,"Total Votes","17,014","Unrecorded",941,,"We certify this statement to be correct, and have caused the same to be attested by the signatures of the members of the board, or a majority thereof, on Tuesday, July 14, 2026.","Secretary","Chairman","Canvassing Board","Canvassing Board","Page -1 of 1"
,,"Statement and Return Report

for Certification



Primary Election 2026 - 06/23/2026


Crossover - 
Democratic Party




Democratic Representative in Congress


11th Congressional District


Vote for 1","Total for Democratic Representative in Congress (11th Congressional District)","THERESA REED (Write-In)",2,,,,,,,"Total Votes","17,014","Unrecorded",941,,"We certify this statement to be correct, and have caused the same to be attested by the signatures of the members of the board, or a majority thereof, on Tuesday, July 14, 2026.","Secretary","Chairman","Canvassing Board","Canvassing Board","Page -1 of 1"
,,"Statement and Return Report

for Certification



Primary Election 2026 - 06/23/2026


Crossover - 
Democratic Party




Democratic Representative in Congress


11th Congressional District


Vote for 1","Total for Democratic Representative in Congress (11th Congressional District)","THOMAS P. DINAPOLI (Write-In)",1,,,,,,,"Total Votes","17,014","Unrecorded",941,,"We certify this statement to be correct, and have caused the same to be attested by the signatures of the members of the board, or a majority thereof, on Tuesday, July 14, 2026.","Secretary","Chairman","Canvassing Board","Canvassing Board","Page -1 of 1"
,,"Statement and Return Report

for Certification



Primary Election 2026 - 06/23/2026


Crossover - 
Democratic Party




Democratic Representative in Congress


11th Congressional District


Vote for 1","Total for Democratic Representative in Congress (11th Congressional District)","TIM HALLY (Write-In)",1,,,,,,,"Total Votes","17,014","Unrecorded",941,,"We certify this statement to be correct, and have caused the same to be attested by the signatures of the members of the board, or a majority thereof, on Tuesday, July 14, 2026.","Secretary","Chairman","Canvassing Board","Canvassing Board","Page -1 of 1"
,,"Statement and Return Report

for Certification



Primary Election 2026 - 06/23/2026


Crossover - 
Democratic Party




Democratic Representative in Congress


11th Congressional District


Vote for 1","Total for Democratic Representative in Congress (11th Congressional District)","TROY MCGHIE (Write-In)",23,,,,,,,"Total Votes","17,014","Unrecorded",941,,"We certify this statement to be correct, and have caused the same to be attested by the signatures of the members of the board, or a majority thereof, on Tuesday, July 14, 2026.","Secretary","Chairman","Canvassing Board","Canvassing Board","Page -1 of 1"
,,"Statement and Return Report

for Certification



Primary Election 2026 - 06/23/2026


Crossover - 
Democratic Party




Democratic Representative in Congress


11th Congressional District


Vote for 1","Total for Democratic Representative in Congress (11th Congressional District)","UMAR USMAN (Write-In)",1,,,,,,,"Total Votes","17,014","Unrecorded",941,,"We certify this statement to be correct, and have caused the same to be attested by the signatures of the members of the board, or a majority thereof, on Tuesday, July 14, 2026.","Secretary","Chairman","Canvassing Board","Canvassing Board","Page -1 of 1"
,,"Statement and Return Report

for Certification



Primary Election 2026 - 06/23/2026


Crossover - 
Democratic Party




Democratic Representative in Congress


11th Congressional District


Vote for 1","Total for Democratic Representative in Congress (11th Congressional District)","UNATTRIBUTABLE WRITE-IN (Write-In)",63,,,,,,,"Total Votes","17,014","Unrecorded",941,,"We certify this statement to be correct, and have caused the same to be attested by the signatures of the members of the board, or a majority thereof, on Tuesday, July 14, 2026.","Secretary","Chairman","Canvassing Board","Canvassing Board","Page -1 of 1"
,,"Statement and Return Report

for Certification



Primary Election 2026 - 06/23/2026


Crossover - 
Democratic Party




Democratic Representative in Congress


11th Congressional District


Vote for 1","Total for Democratic Representative in Congress (11th Congressional District)","VALERIE CRAWFORD (Write-In)",1,,,,,,,"Total Votes","17,014","Unrecorded",941,,"We certify this statement to be correct, and have caused the same to be attested by the signatures of the members of the board, or a majority thereof, on Tuesday, July 14, 2026.","Secretary","Chairman","Canvassing Board","Canvassing Board","Page -1 of 1"
,,"Statement and Return Report

for Certification



Primary Election 2026 - 06/23/2026


Crossover - 
Democratic Party




Democratic Representative in Congress


11th Congressional District


Vote for 1","Total for Democratic Representative in Congress (11th Congressional District)","VICTOR KYI (Write-In)",1,,,,,,,"Total Votes","17,014","Unrecorded",941,,"We certify this statement to be correct, and have caused the same to be attested by the signatures of the members of the board, or a majority thereof, on Tuesday, July 14, 2026.","Secretary","Chairman","Canvassing Board","Canvassing Board","Page -1 of 1"
,,"Statement and Return Report

for Certification



Primary Election 2026 - 06/23/2026


Crossover - 
Democratic Party




Democratic Representative in Congress


11th Congressional District


Vote for 1","Total for Democratic Representative in Congress (11th Congressional District)","VINCENT GENTILE (Write-In)",1,,,,,,,"Total Votes","17,014","Unrecorded",941,,"We certify this statement to be correct, and have caused the same to be attested by the signatures of the members of the board, or a majority thereof, on Tuesday, July 14, 2026.","Secretary","Chairman","Canvassing Board","Canvassing Board","Page -1 of 1"
,,"Statement and Return Report

for Certification



Primary Election 2026 - 06/23/2026


Crossover - 
Democratic Party




Democratic Representative in Congress


11th Congressional District


Vote for 1","Total for Democratic Representative in Congress (11th Congressional District)","WILLIAM CINTALADO (Write-In)",1,,,,,,,"Total Votes","17,014","Unrecorded",941,,"We certify this statement to be correct, and have caused the same to be attested by the signatures of the members of the board, or a majority thereof, on Tuesday, July 14, 2026.","Secretary","Chairman","Canvassing Board","Canvassing Board","Page -1 of 1"
,,"Statement and Return Report

for Certification



Primary Election 2026 - 06/23/2026


Crossover - 
Democratic Party




Democratic Representative in Congress


11th Congressional District


Vote for 1","Total for Democratic Representative in Congress (11th Congressional District)","YOCHONIN BRISKMAN (Write-In)",1,,,,,,,"Total Votes","17,014","Unrecorded",941,,"We certify this statement to be correct, and have caused the same to be attested by the signatures of the members of the board, or a majority thereof, on Tuesday, July 14, 2026.","Secretary","Chairman","Canvassing Board","Canvassing Board","Page -1 of 1"
,,"Statement and Return Report

for Certification



Primary Election 2026 - 06/23/2026


Crossover - 
Democratic Party




Democratic Representative in Congress


11th Congressional District


Vote for 1","Total for Democratic Representative in Congress (11th Congressional District)","ZOHRAN KWAME MAMDANI (Write-In)",2,,,,,,,"Total Votes","17,014","Unrecorded",941,,"We certify this statement to be correct, and have caused the same to be attested by the signatures of the members of the board, or a majority thereof, on Tuesday, July 14, 2026.","Secretary","Chairman","Canvassing Board","Canvassing Board","Page -1 of 1"
