sticking_point_id,race_id,topic,subtopic,candidate_a,candidate_b,contrast_type,relationship_code,candidate_a_quote,candidate_b_quote,candidate_a_source,candidate_b_source
009c70d031122ebd5f7354b7,race-6233a2b380836f3b2218,political_strategy,democratic_party,Cori Bush,Wesley Bell,explicit_conflict,explicit_disagreement,"Wesley Bell, who voted to thank ICE, can’t meet the political moment because he’s bankrolled by prominent ICE contractors and the same donors who put President Trump back in the White House.",,https://www.coribush.org/priorities,
5138d7008742ea90687fc50f,race-a6abe667124f4bdfeafd,democracy,campaign_finance,Nithya Raman,David Ryu,explicit_conflict,explicit_disagreement,"The campaign finance reform ordinance approved by City Council in 2019 was, to be kind, a joke.",,https://losangeles.cagreens.org/elections/los-angeles-cd4-questionnaire,
8c29ce936b0324bb8e07d9dc,race-9d81c90e4175cd261dc2,political_strategy,class_struggle,Max Socol,Jeff Waldstreicher,explicit_conflict,explicit_disagreement,"We will offer a working class agenda -- rent control, taxes on the rich, better public schools, universal healthcare, climate readiness -- and create campaign systems that develop neighborhood leaders in the ignored areas of District 18.",,https://mdcdsa.org/wp-content/uploads/2021/10/Max-Socol-DSA-Endorsement-Questionnaire.pdf,
9f17f3f365cb7339ff8c872c,race-9d81c90e4175cd261dc2,political_strategy,movement_building,Max Socol,Jeff Waldstreicher,explicit_conflict,explicit_disagreement,"To build power for DSA and progressive ally organizations by taking our messages to the public, and to defeat a powerful conservative Democrat who represents some of the wealthiest people in America and has sabotaged our work on police abolition, progressive taxation, and decommodified housing.",,https://mdcdsa.org/wp-content/uploads/2021/10/Max-Socol-DSA-Endorsement-Questionnaire.pdf,
7a9a04442cde4277a4f4ca58,race-5650629789d1169ab061,political_strategy,governing,George S. Latimer,Jamaal Bowman,explicit_conflict,explicit_disagreement,"The people on the far left, the Squad, are about making statements, and sort of trying to move the dialogue. I’m not worried about moving dialogue. I want to see if we can solve problems.",,https://www.cbsnews.com/newyork/news/jamaal-bowman-george-latimer-new-york-primary-election/,
36e876355caff95e4cdc1051,race-2d45550960d2b093207f,political_strategy,democratic_party,Gus Lambropoulos,Kristen Gonzalez,explicit_conflict,explicit_disagreement,"During the past two years, Senator Gonzalez and the network of the Democratic Socialists of America (DSA) have sought to divide our community.",,https://www.qgazette.com/articles/gus-lambropoulos-presents-a-clear-choice-for-state-senator/,
5d8e6da594c26b2c2f17dbdf,race-980dc8b6fade3efe9c74,healthcare,single_payer,Michael Bennet,Bernie Sanders,explicit_conflict,explicit_disagreement,"Instead of fighting a losing battle over the next 10 years for Medicare for All, for example, we should build a broad coalition to achieve The Real Deal",,https://www.presidency.ucsb.edu/documents/bennet-campaign-press-release-michael-bennet-unveils-the-real-deal-new-comprehensive,
ee2a2e28456b7698d93e1517,race-aed8879df9fbc709db76,healthcare,single_payer,Michael Bennet,Bernie Sanders,explicit_conflict,explicit_disagreement,"Instead of fighting a losing battle over the next 10 years for Medicare for All, for example, we should build a broad coalition to achieve The Real Deal",,https://www.presidency.ucsb.edu/documents/bennet-campaign-press-release-michael-bennet-unveils-the-real-deal-new-comprehensive,
ce42d244f3da25eff9a317d7,race-c3b021b27cd1f9089be2,healthcare,single_payer,Michael Bennet,Bernie Sanders,explicit_conflict,explicit_disagreement,"Instead of fighting a losing battle over the next 10 years for Medicare for All, for example, we should build a broad coalition to achieve The Real Deal",,https://www.presidency.ucsb.edu/documents/bennet-campaign-press-release-michael-bennet-unveils-the-real-deal-new-comprehensive,
4ac3fd2de37142faa5805a8c,race-73071b15a1c4c8d1ee8f,healthcare,single_payer,Michael Bennet,Bernie Sanders,explicit_conflict,explicit_disagreement,"Instead of fighting a losing battle over the next 10 years for Medicare for All, for example, we should build a broad coalition to achieve The Real Deal",,https://www.presidency.ucsb.edu/documents/bennet-campaign-press-release-michael-bennet-unveils-the-real-deal-new-comprehensive,
a39e8820d8111985856d86eb,race-43e72676de9c6085ee97,healthcare,public_health,Jody Shadduck-McNally,Myles G. Baker,explicit_conflict,explicit_disagreement,"From day one, I’ll be focused on recovery & resiliency for ALL of Larimer County in the midst of the COVID-19 pandemic and subsequent economic crisis, including small businesses, families, and services.",,https://berthoudsurveyor.com/larimer-county-commissioner-candidate-profile-jody-shadduck-mcnally-democrat-larimer-county-commissioner-district-3/,
d628bae4432ee6b868a76903,race-43e72676de9c6085ee97,climate_energy,emissions,Jody Shadduck-McNally,Myles G. Baker,explicit_conflict,explicit_disagreement,"Clean Air & Clean Water, Environmental Stewardship- our natural resources are a valuable economic asset – bringing in millions of dollars a year through tourism. As our population grows, we’re going to need careful planning so that future generations can continue to enjoy our beautiful vistas, trails, and parks.",,https://berthoudsurveyor.com/larimer-county-commissioner-candidate-profile-jody-shadduck-mcnally-democrat-larimer-county-commissioner-district-3/,
acd5b0453fc35f00fd480fbe,race-43e72676de9c6085ee97,housing,public_housing,Jody Shadduck-McNally,Myles G. Baker,explicit_conflict,explicit_disagreement,Affordable & Attainable Housing- More and more individuals and families are struggling to pay for housing. This isn’t just a moral issue – it’s an economic issue as well.,,https://berthoudsurveyor.com/larimer-county-commissioner-candidate-profile-jody-shadduck-mcnally-democrat-larimer-county-commissioner-district-3/,
cbb31132faff3d4b8e01299d,race-43e72676de9c6085ee97,housing,zoning,Jody Shadduck-McNally,Myles G. Baker,explicit_conflict,explicit_disagreement,Now is the time to plan for smart growth while deciding together where we want to be as a county in 50 years. This will require collaborative and creative leadership in order to guide development while preserving and protecting our quality of life.,,https://berthoudsurveyor.com/larimer-county-commissioner-candidate-profile-jody-shadduck-mcnally-democrat-larimer-county-commissioner-district-3/,
db36eb7dc5a4d453c828860e,race-43e72676de9c6085ee97,climate_energy,transit,Jody Shadduck-McNally,Myles G. Baker,explicit_conflict,explicit_disagreement,"As the population of Larimer County continues to expand, and transportation needs diversify, it is clear that we can’t just pave our way out of congestion and accidents.",,https://berthoudsurveyor.com/larimer-county-commissioner-candidate-profile-jody-shadduck-mcnally-democrat-larimer-county-commissioner-district-3/,
d92d4235f8c94a8c640b7144,race-43e72676de9c6085ee97,tax_budget,public_spending,Myles G. Baker,Jody Shadduck-McNally,explicit_conflict,explicit_disagreement,I believe in fiscal responsibility and not spending more than you have.,,https://berthoudsurveyor.com/larimer-county-commissioner-candidate-profile-myles-baker-democrat-larimer-county-commissioner-district-3/,
f4cb103c525727bf0be77efb,race-43e72676de9c6085ee97,public_safety,police_reform,Myles G. Baker,Jody Shadduck-McNally,explicit_conflict,explicit_disagreement,"However, we must be able to pivot and the two most imminent issues are Covid-19 and police reform / use of force.",,https://berthoudsurveyor.com/larimer-county-commissioner-candidate-profile-myles-baker-democrat-larimer-county-commissioner-district-3/,
c0a8e2c16338d3ff881abf87,race-43e72676de9c6085ee97,housing,public_housing,Myles G. Baker,Jody Shadduck-McNally,explicit_conflict,explicit_disagreement,My proposal is to take 1% ($1.4m) of the property taxes the county keeps and create a grant fund. This fund would be available to municipalities to apply for to get reimbursed on development fees they waive for affordable housing developments.,,https://berthoudsurveyor.com/larimer-county-commissioner-candidate-profile-myles-baker-democrat-larimer-county-commissioner-district-3/,
4ac870d85472c97a20fa3184,race-43e72676de9c6085ee97,climate_energy,transit,Myles G. Baker,Jody Shadduck-McNally,explicit_conflict,explicit_disagreement,"I would like the county to create partnerships with other cities to expand the reach of buses. For the most part, they currently operate in silos. I think the county can assist with the capital purchases and let cities partner on the cost of operations.",,https://berthoudsurveyor.com/larimer-county-commissioner-candidate-profile-myles-baker-democrat-larimer-county-commissioner-district-3/,
bed6d4b7acf926b682bd5e33,race-43e72676de9c6085ee97,political_strategy,governing,Myles G. Baker,Jody Shadduck-McNally,explicit_conflict,explicit_disagreement,"The county should convene a “water summit” with all stakeholders including cities, water providers, environmentalists, agriculture, developers, and ditch companies. There are many varying interests and we can only solve this by working collectively.",,https://berthoudsurveyor.com/larimer-county-commissioner-candidate-profile-myles-baker-democrat-larimer-county-commissioner-district-3/,
f52948ce757c0bbcd54b424b,race-1018572bbe0d5cb327c4,public_safety,police_reform,Malik D Evans,Mary Lupien,explicit_conflict,explicit_disagreement,I want to send the message that I want to get to functional zero gun violence. That is my goal.,,https://www.wxxinews.org/local-news/2025-01-24/in-the-race-for-rochester-mayor-a-political-unknown-is-promising-change,
79c021ca57aa5cc26048eb6c,race-1018572bbe0d5cb327c4,tax_budget,public_spending,Mary Lupien,Malik D Evans,explicit_conflict,explicit_disagreement,Why would a project like Aqueduct Reimagined be better for our city than giving direct resources to our families?,,https://www.wxxinews.org/local-news/2025-01-14/city-councilmember-mary-lupien-running-for-mayor,
077c1e8e85b5a38ef6bffae0,race-1018572bbe0d5cb327c4,public_safety,police_reform,Shashi Ranjan Sinha,Mary Lupien,explicit_conflict,explicit_disagreement,"I'm going to move all of these minor issues where cops are spending a lot of time on, like traffic stops and minor issues going to different things.",,https://www.wxxinews.org/local-news/2025-01-24/in-the-race-for-rochester-mayor-a-political-unknown-is-promising-change,
d13db1c82dab29cb3cb949f0,race-ab159e431662d849f3f8,tax_budget,public_spending,"Michael G. ""Mike"" Strain",Marguerite Green,explicit_conflict,explicit_disagreement,"Since I took over the Department, we have paid off all debt. We have eliminated vehicles, including 12 planes, reducing annual fuel costs by nearly 70%.",,https://www.bayoubrief.com/2019/08/21/cultivating-campaigns-for-agriculture-commissioner/,
090f0e9547214df27bd76e42,race-3473e276467be8490f7a,tax_budget,public_spending,Michael G. “Mike” Strain,Marguerite Green,explicit_conflict,explicit_disagreement,"Since I took over the Department, we have paid off all debt. We have eliminated vehicles, including 12 planes, reducing annual fuel costs by nearly 70%.",,https://www.bayoubrief.com/2019/08/21/cultivating-campaigns-for-agriculture-commissioner/,
528e8dfa07a72a9caa9dfd21,race-ab159e431662d849f3f8,economic_ownership,regulation,"Michael G. ""Mike"" Strain",Marguerite Green,explicit_conflict,explicit_disagreement,"My opponents misplace their criticism. The delays have been due to restrictions the Legislature has set in place, as safety mechanisms.",,https://www.bayoubrief.com/2019/08/21/cultivating-campaigns-for-agriculture-commissioner/,
870c2c01393d64469ea077cb,race-3473e276467be8490f7a,economic_ownership,regulation,Michael G. “Mike” Strain,Marguerite Green,explicit_conflict,explicit_disagreement,"My opponents misplace their criticism. The delays have been due to restrictions the Legislature has set in place, as safety mechanisms.",,https://www.bayoubrief.com/2019/08/21/cultivating-campaigns-for-agriculture-commissioner/,
87170e3464b2ca96082159c0,race-ab159e431662d849f3f8,climate_energy,emissions,"Michael G. ""Mike"" Strain",Marguerite Green,explicit_conflict,explicit_disagreement,"We’re having to take a look at new crops, and consider planting different orchards than we were ever able to do before.",,https://www.bayoubrief.com/2019/08/21/cultivating-campaigns-for-agriculture-commissioner/,
3e9c1f738e371ddc73bd032c,race-3473e276467be8490f7a,climate_energy,emissions,Michael G. “Mike” Strain,Marguerite Green,explicit_conflict,explicit_disagreement,"We’re having to take a look at new crops, and consider planting different orchards than we were ever able to do before.",,https://www.bayoubrief.com/2019/08/21/cultivating-campaigns-for-agriculture-commissioner/,
7dd5b9c3f35ab5653518b449,race-b2f56d1987a501b29012,healthcare,coverage_expansion,Michael R. Bloomberg,Bernie Sanders,explicit_conflict,explicit_disagreement,I was in favor of it. I thought it didn’t go as far as we should. What Trump has done to this is a disgrace.,,https://www.nbcnews.com/politics/2020-election/full-transcript-ninth-democratic-debate-las-vegas-n1139546,
07e82a7850cbaf9b6f1fe716,race-b2f56d1987a501b29012,climate_energy,emissions,Michael R. Bloomberg,Bernie Sanders,explicit_conflict,explicit_disagreement,"If you’re president, the first thing you do the first day is you rejoin the Paris Agreement.",,https://www.nbcnews.com/politics/2020-election/full-transcript-ninth-democratic-debate-las-vegas-n1139546,
de5470dbfc1f302fe3d859f6,race-b2f56d1987a501b29012,public_safety,police_reform,Michael R. Bloomberg,Bernie Sanders,explicit_conflict,explicit_disagreement,"When we discovered — I discovered that we were doing many, many, too many stop and frisks, we cut 95 percent of it out.",,https://www.nbcnews.com/politics/2020-election/full-transcript-ninth-democratic-debate-las-vegas-n1139546,
2272e734fa942cd2ca8f9862,race-8bba9144ce654761bfce,climate_energy,emissions,Dana Levenberg,Vanessa Agudelo,explicit_conflict,explicit_disagreement,"Because the 95th is largely composed of river towns, combating climate change and promoting environmental resiliency must be a top priority for our next representative.",,https://highlandscurrent.org/2022/06/17/questions-for-candidates-state-assembly-democrats/,
c141ac54a41b20e2a0242071,race-849af2fd1b577481cd2b,climate_energy,emissions,Dana Levenberg,Vanessa Agudelo,explicit_conflict,explicit_disagreement,"Because the 95th is largely composed of river towns, combating climate change and promoting environmental resiliency must be a top priority for our next representative.",,https://highlandscurrent.org/2022/06/17/questions-for-candidates-state-assembly-democrats/,
4bd4fb6b308dc7572e747c52,race-b2f56d1987a501b29012,healthcare,single_payer,Amy Klobuchar,Bernie Sanders,explicit_conflict,explicit_disagreement,There are 149 million Americans that would lose their current health insurance under Senator Sanders' bill.,,https://www.nbcnews.com/politics/2020-election/full-transcript-ninth-democratic-debate-las-vegas-n1139546,
6fa7e4758e17589e18d17deb,race-5e5b97772655d92ca963,healthcare,single_payer,Amy Klobuchar,Bernie Sanders,explicit_conflict,explicit_disagreement,There are 149 million Americans that would lose their current health insurance under Senator Sanders' bill.,,https://www.nbcnews.com/politics/2020-election/full-transcript-ninth-democratic-debate-las-vegas-n1139546,
805b8063135dbdc58bb77f9c,race-ceb86db4c84836622c21,healthcare,public_health,Josie T McClary,Kelly Cheatle,explicit_conflict,explicit_disagreement,"Black women do get care, but [is] it good care? The same care, equitable care that their counterparts would get?",,https://www.rochesterfirst.com/news/local-news/local-birth-advocates-to-host-walkathon-for-black-maternal-health-week/,
171cf04ef1dc5c00d57d7c1b,race-ceb86db4c84836622c21,healthcare,public_health,Josie T McClary,Kelly Cheatle,explicit_conflict,explicit_disagreement,"Being pregnant can be very stressful, and I think it’s important to really maintain mental health during pregnancy and having a support system. Unfortunately, there’s many women that don’t have that support system.",,https://www.rochesterfirst.com/news/local-news/local-birth-advocates-to-host-walkathon-for-black-maternal-health-week/,
0f8f2493de66829d9db734e2,race-ceb86db4c84836622c21,public_safety,police_reform,Stanley Martin,Kelly Cheatle,explicit_conflict,explicit_disagreement,We’ve been really focused on police brutality and caring for people who have mental health crises.,,https://www.rochesterfirst.com/news/free-the-people-marks-5-years-of-activism-in-rochester-what-they-plan-to-do-next/,
3530fb8eb38bee4df09c93ba,race-ceb86db4c84836622c21,housing,tenant_rights,Stanley Martin,Kelly Cheatle,explicit_conflict,explicit_disagreement,We were very involved in the tenant union to pass good cause eviction and were very involved in the ceasefire resolution. Both of those are things we were really proud of.,,https://www.rochesterfirst.com/news/free-the-people-marks-5-years-of-activism-in-rochester-what-they-plan-to-do-next/,
724d22e99f9a7271065e4a21,race-ceb86db4c84836622c21,political_strategy,movement_building,Stanley Martin,Kelly Cheatle,explicit_conflict,explicit_disagreement,"When we organize and go out into communities, we represent many identities and I think that builds trust.",,https://www.rochesterfirst.com/news/free-the-people-marks-5-years-of-activism-in-rochester-what-they-plan-to-do-next/,
66704c4bfbc00a867f4507c7,race-ceb86db4c84836622c21,public_safety,police_reform,Stanley Martin,Kelly Cheatle,explicit_conflict,explicit_disagreement,"By the fall, we’re hoping to launch a community responder program. We received funding from the state and local partners to be able to see our vision through of removing police as default responders to people who are experiencing mental health crises.",,https://www.rochesterfirst.com/news/free-the-people-marks-5-years-of-activism-in-rochester-what-they-plan-to-do-next/,
80a8ce004760a7214158b610,race-ab159e431662d849f3f8,tax_budget,public_spending,Peter Williams,Marguerite Green,explicit_conflict,explicit_disagreement,"I wouldn’t have a problem with a tax incentive or tax increase. The problem comes with folks living in the cities that don’t have farming interest and maybe a smart incentive program just like you have offroad and onroad diesel, you could have designated gas stations for farmers.",,https://www.pbs.org/video/ag-comm-forum-solar-panels-monroe-medical-foto-sisters-j1x6qa/,
a62c5d76779e3db18a8179d1,race-3473e276467be8490f7a,tax_budget,public_spending,Peter Williams,Marguerite Green,explicit_conflict,explicit_disagreement,"I wouldn’t have a problem with a tax incentive or tax increase. The problem comes with folks living in the cities that don’t have farming interest and maybe a smart incentive program just like you have offroad and onroad diesel, you could have designated gas stations for farmers.",,https://www.pbs.org/video/ag-comm-forum-solar-panels-monroe-medical-foto-sisters-j1x6qa/,
7ebceaef993ad9d27bfb2c0f,race-ab159e431662d849f3f8,climate_energy,emissions,Peter Williams,Marguerite Green,explicit_conflict,explicit_disagreement,Of course it is manmade. We have inhabitants all over this earth dwelling in places we didn’t normally dwell. I’m a conservationist. I grow trees. I plant trees. The biggest balancing of climate is to plant a tree.,,https://www.pbs.org/video/ag-comm-forum-solar-panels-monroe-medical-foto-sisters-j1x6qa/,
b8c9ef34af80019e0f3d28eb,race-3473e276467be8490f7a,climate_energy,emissions,Peter Williams,Marguerite Green,explicit_conflict,explicit_disagreement,Of course it is manmade. We have inhabitants all over this earth dwelling in places we didn’t normally dwell. I’m a conservationist. I grow trees. I plant trees. The biggest balancing of climate is to plant a tree.,,https://www.pbs.org/video/ag-comm-forum-solar-panels-monroe-medical-foto-sisters-j1x6qa/,
468001b12dfff6ac556bea40,race-ceb86db4c84836622c21,immigration,border_policy,"Miguel A Melendez, Jr",Kelly Cheatle,explicit_conflict,explicit_disagreement,"This was never an issue. We’ve been a sanctuary city since 1986. We reaffirmed that in 2017 with an update to our policy. At the council meeting about a month ago, we once again stated that we are this sanctuary city.",,https://www.rochesterfirst.com/news/local-news/city-monroe-county-leaders-respond-to-dhs-list-on-sanctuary-policy/,
5c548fc0ba1a7809426287fb,race-ceb86db4c84836622c21,immigration,border_policy,"Miguel A Melendez, Jr",Kelly Cheatle,explicit_conflict,explicit_disagreement,I think this administration is unfortunately making an example of cities that are really trying to be inclusive and supportive of our community members.,,https://www.rochesterfirst.com/news/local-news/city-monroe-county-leaders-respond-to-dhs-list-on-sanctuary-policy/,
4ead390405ac711f5306ffd0,race-ceb86db4c84836622c21,political_strategy,governing,Ann C Lewis,Kelly Cheatle,explicit_conflict,explicit_disagreement,"We just need an advocate in the Monroe County’s Clerk’s office who’s not about climbing the ladder trying to get ahead, who’s about implementing, implementing the goals of our community, and our community is hurting. So, we need somebody who’s responsive to the needs of our community, and that’s the bottom line.",,https://www.rochesterfirst.com/news/your-local-election-hq/monroe-county-clerk-candidates-present-proposals-in-anticipation-of-election-day/,
1bc59819e93c4bd46f536e96,race-9c5f47278f523126e61b,healthcare,single_payer,Junaid Ahmed,Raja Krishnamoorthi,explicit_conflict,explicit_disagreement,"Create a Medicare for All, single-payer, national health insurance program to provide everyone in America with comprehensive health care coverage, free at the point of service.",,https://web.archive.org/web/20220112171848id_/https://www.junaidforcongress.com/issues/,
a094a29f1e9c9fa762a473e7,race-b1a420450d32f5e0bd93,healthcare,single_payer,Junaid Ahmed,Sanjyot Dunung,explicit_conflict,explicit_disagreement,"Create a Medicare for All, single-payer, national health insurance program to provide everyone in America with comprehensive health care coverage, free at the point of service.",,https://web.archive.org/web/20220112171848id_/https://www.junaidforcongress.com/issues/,
79da399c3feb1e51e4cb0073,race-58bd65d4bf27835baac1,climate_energy,emissions,Rachel Ventura,Bill Foster,explicit_conflict,explicit_disagreement,"It is just too much inaction on major issues like climate change, meaningful health care reform, wealth inequality and campaign finance reforms.",,https://web.archive.org/web/20190719154619id_/http://www.mysuburbanlife.com/2019/07/18/foster-draws-2020-primary-challenge-from-will-county-board-member/auem5j1/,
5eedc898b1961a5ee3e6c8ad,race-b1a420450d32f5e0bd93,civil_rights,reproductive_rights,Sanjyot Dunung,Junaid Ahmed,explicit_conflict,explicit_disagreement,"She is 100% pro-choice and believes every woman should have the freedom to make her own healthcare decisions, regardless of her income, race, workplace, or insurance method.",,https://web.archive.org/web/20250720194651id_/https://www.sanjyotforcongress.com/priorities/,
4743663491e7afba2e887f0f,race-9c5f47278f523126e61b,climate_energy,emissions,Raja Krishnamoorthi,Junaid Ahmed,explicit_conflict,explicit_disagreement,"I'm grateful to all our witnesses today for shining a light on the vital role that effective forest management plays not only in the conservation of our natural wonders, but also in combatting global climate change as part of a comprehensive approach that embraces clean energy and green technology.",,https://krishnamoorthi.house.gov/media/press-releases/congressman-krishnamoorthi-discusses-forest-management-climate-change-and,
f32386b9b5641e390ea2a848,race-c5cb5879430c2ad69f6b,climate_energy,emissions,Rachel Ventura,Eric Mattson,explicit_conflict,explicit_disagreement,"It is just too much inaction on major issues like climate change, meaningful health care reform, wealth inequality and campaign finance reforms.",,https://web.archive.org/web/20190719154619id_/http://www.mysuburbanlife.com/2019/07/18/foster-draws-2020-primary-challenge-from-will-county-board-member/auem5j1/,
6724872069183c4598d1c984,race-58bd65d4bf27835baac1,climate_energy,emissions,Bill Foster,Rachel Ventura,explicit_conflict,explicit_disagreement,Energy storage is one of the great frontiers in new technology that could transform our nation's energy sector as we move to more environmentally sustainable energy models.,,https://foster.house.gov/media/press-releases/foster-introduces-bipartisan-legislation-to-enhance-american-energy-storage,
c5fa8256f6dc1e7b05981350,race-c3b021b27cd1f9089be2,healthcare,single_payer,Amy Klobuchar,Bernie Sanders,explicit_conflict,explicit_disagreement,There are 149 million Americans that would lose their current health insurance under Senator Sanders' bill.,,https://www.nbcnews.com/politics/2020-election/full-transcript-ninth-democratic-debate-las-vegas-n1139546,
3dc68bb5ed690b1e9cdeaa49,race-aed8879df9fbc709db76,healthcare,single_payer,Amy Klobuchar,Bernie Sanders,explicit_conflict,explicit_disagreement,There are 149 million Americans that would lose their current health insurance under Senator Sanders' bill.,,https://www.nbcnews.com/politics/2020-election/full-transcript-ninth-democratic-debate-las-vegas-n1139546,
2b5c74773be0f5785e8bf34e,race-73071b15a1c4c8d1ee8f,healthcare,single_payer,Amy Klobuchar,Bernie Sanders,explicit_conflict,explicit_disagreement,There are 149 million Americans that would lose their current health insurance under Senator Sanders' bill.,,https://www.nbcnews.com/politics/2020-election/full-transcript-ninth-democratic-debate-las-vegas-n1139546,
6a2efdd2c73f08f21d9e71fb,race-c1bc1ffe72e97dc4e320,healthcare,single_payer,Amy Klobuchar,Bernie Sanders,explicit_conflict,explicit_disagreement,There are 149 million Americans that would lose their current health insurance under Senator Sanders' bill.,,https://www.nbcnews.com/politics/2020-election/full-transcript-ninth-democratic-debate-las-vegas-n1139546,
b37a05961ce24a1eb8d95277,race-707589896734489b0382,healthcare,single_payer,Amy Klobuchar,Bernie Sanders,explicit_conflict,explicit_disagreement,There are 149 million Americans that would lose their current health insurance under Senator Sanders' bill.,,https://www.nbcnews.com/politics/2020-election/full-transcript-ninth-democratic-debate-las-vegas-n1139546,
3e18b0ecc4b52e9c6af47169,race-c3b021b27cd1f9089be2,economic_ownership,economic_planning,Andrew Yang,Bernie Sanders,explicit_conflict,explicit_disagreement,"If you’ve heard anything about me and my campaign, you’ve heard that someone is running for president who wants to give every American $1,000 a month.",,https://www.nbcnews.com/politics/2020-election/democratic-debate-transcript-july-31-2019-n1038016,
3a9a0d45d0a48718c396f107,race-aed8879df9fbc709db76,economic_ownership,economic_planning,Andrew Yang,Bernie Sanders,explicit_conflict,explicit_disagreement,"If you’ve heard anything about me and my campaign, you’ve heard that someone is running for president who wants to give every American $1,000 a month.",,https://www.nbcnews.com/politics/2020-election/democratic-debate-transcript-july-31-2019-n1038016,
5ffa4e67a3483a6605aebcda,race-73071b15a1c4c8d1ee8f,economic_ownership,economic_planning,Andrew Yang,Bernie Sanders,explicit_conflict,explicit_disagreement,"If you’ve heard anything about me and my campaign, you’ve heard that someone is running for president who wants to give every American $1,000 a month.",,https://www.nbcnews.com/politics/2020-election/democratic-debate-transcript-july-31-2019-n1038016,
4ae1b54bf03cb66dfe3a06b8,race-980dc8b6fade3efe9c74,economic_ownership,economic_planning,Andrew Yang,Bernie Sanders,explicit_conflict,explicit_disagreement,"If you’ve heard anything about me and my campaign, you’ve heard that someone is running for president who wants to give every American $1,000 a month.",,https://www.nbcnews.com/politics/2020-election/democratic-debate-transcript-july-31-2019-n1038016,
224c1dc2ca0390ba893e9c40,race-4ab4dfc62a70075bfc27,housing,public_housing,Tammy M. Honeywell,Chad Ryan,explicit_conflict,explicit_disagreement,"Safe and affordable housing, and living wage jobs need to be the priority.",,https://centralcurrent.org/2025-primary-election-qa-onondaga-legislature-8th-district-candidate-tammy-honeywell/,
de19c9d9a7324a89216edef5,race-4ab4dfc62a70075bfc27,labor,wages,Tammy M. Honeywell,Chad Ryan,explicit_conflict,explicit_disagreement,"I’ll demand that the project use union labor, pay living wages, and guarantee safe working conditions.",,https://centralcurrent.org/2025-primary-election-qa-onondaga-legislature-8th-district-candidate-tammy-honeywell/,
582056886581fd13f2243736,race-4ab4dfc62a70075bfc27,housing,public_housing,Tammy M. Honeywell,Chad Ryan,explicit_conflict,explicit_disagreement,"Homes could be revitalized to provide affordable housing for families in Onondaga County. Whether it be a program where people can own their own homes, social housing, or affordable rent, we need to have multiple options available to suit the needs of local residents.",,https://centralcurrent.org/2025-primary-election-qa-onondaga-legislature-8th-district-candidate-tammy-honeywell/,
2aa75d10d433d7f3c5e1f2ed,race-4ab4dfc62a70075bfc27,climate_energy,emissions,Tammy M. Honeywell,Chad Ryan,explicit_conflict,explicit_disagreement,"We need to have binding environmental standards-including strict limits on water use, carbon emissions and waste disposal.",,https://centralcurrent.org/2025-primary-election-qa-onondaga-legislature-8th-district-candidate-tammy-honeywell/,
affa3271d409c261b0563e84,race-4ab4dfc62a70075bfc27,housing,tenant_rights,Tammy M. Honeywell,Chad Ryan,explicit_conflict,explicit_disagreement,"I will also continue to advocate for the Syracuse Common Council to pass Good Cause Legislation, and be more tenant focused.",,https://centralcurrent.org/2025-primary-election-qa-onondaga-legislature-8th-district-candidate-tammy-honeywell/,
4e2c14220d51a783334437db,race-0650530eb5458097dae5,public_safety,police_reform,Shontel Brown,Nina Turner,explicit_conflict,explicit_disagreement,I am one that supports providing more resources and support for law enforcement.,,https://www.ideastream.org/government-politics/2021-07-30/q-a-shontel-brown-on-the-race-for-ohios-11th-congressional-district,
72de7b94335ec5746f4fe1be,race-0650530eb5458097dae5,public_safety,police_reform,Shontel Brown,Nina Turner,explicit_conflict,explicit_disagreement,"And as it relates to the investment to police officers, I think we certainly need to invest in training, racial implicit bias training and cultural competency training.",,https://www.ideastream.org/government-politics/2021-07-30/q-a-shontel-brown-on-the-race-for-ohios-11th-congressional-district,
1fcd4c23bc720d93ca33a0d5,race-0650530eb5458097dae5,healthcare,public_option,Shontel Brown,Nina Turner,explicit_conflict,explicit_disagreement,"With President Biden, I think we have a better, more immediate effect if we take the public option. That would get us closer to where we’d all like to be.",,https://www.ideastream.org/government-politics/2021-07-30/q-a-shontel-brown-on-the-race-for-ohios-11th-congressional-district,
ace37fb3f453b7efbf065a01,race-0650530eb5458097dae5,political_strategy,governing,Shontel Brown,Nina Turner,explicit_conflict,explicit_disagreement,"So, I believe a bipartisan approach is important for sustainability, right? We won’t always have the majority.",,https://www.ideastream.org/government-politics/2021-07-30/q-a-shontel-brown-on-the-race-for-ohios-11th-congressional-district,
a7765e71dbd0861c00ef1a9e,race-0650530eb5458097dae5,political_strategy,democratic_party,Shontel Brown,Nina Turner,explicit_conflict,explicit_disagreement,"You know what, it was simply a contrast. I said, my exact words [were], “that’s different than Nina Turner.” And that’s true. We are different.",,https://www.ideastream.org/government-politics/2021-07-30/q-a-shontel-brown-on-the-race-for-ohios-11th-congressional-district,
92525098656112c1145150bc,race-0650530eb5458097dae5,public_safety,police_reform,Nina Turner,Shontel Brown,explicit_conflict,explicit_disagreement,"We can’t police our way out of these challenges. We can’t police our way out of poverty! So, no, it’s a combination of things. We do need social workers, we do need to throw our resources into institutions that help people grow and thrive.",,https://www.ideastream.org/government-politics/2021-07-29/q-a-nina-turner-on-the-race-for-ohios-11th-congressional-district,
efbb121f6ce194737788a631,race-0650530eb5458097dae5,tax_budget,public_spending,Nina Turner,Shontel Brown,explicit_conflict,explicit_disagreement,"Because the challenges, the plague that is, still — ‘cuz we’re dealing with the delta variant right now — that is the pandemic requires the federal government, particularly and especially, to go big and to go bold, to infuse money into communities.",,https://www.ideastream.org/government-politics/2021-07-29/q-a-nina-turner-on-the-race-for-ohios-11th-congressional-district,
9037902eb72d203104939d36,race-0650530eb5458097dae5,labor,wages,Nina Turner,Shontel Brown,explicit_conflict,explicit_disagreement,"That, and I think the $15 an hour minimum wage, I think that’s important. I think that Democrats can get that done.",,https://www.ideastream.org/government-politics/2021-07-29/q-a-nina-turner-on-the-race-for-ohios-11th-congressional-district,
5219755202246cc5ae99f0de,race-0650530eb5458097dae5,democracy,campaign_finance,Nina Turner,Shontel Brown,explicit_conflict,explicit_disagreement,"But in a country where the people who have the most money get the most voice, for them to be invited in here by that campaign is not only a scourge on this district but it is also going to be very telling about politics moving forward.",,https://www.ideastream.org/government-politics/2021-07-29/q-a-nina-turner-on-the-race-for-ohios-11th-congressional-district,
d35f56672a521ffa7b287243,race-0650530eb5458097dae5,healthcare,coverage_expansion,Nina Turner,Shontel Brown,explicit_conflict,explicit_disagreement,"Poverty. I mean, it’s quality of life issues. So, picking one, I’d say quality of life issues because that gives me the runway to put a whole lot under that. So, it’s quality of life. Jobs, healthcare, crime.",,https://www.ideastream.org/government-politics/2021-07-29/q-a-nina-turner-on-the-race-for-ohios-11th-congressional-district,
acb045d1e9a411a7502c1c02,race-4ab4dfc62a70075bfc27,housing,public_housing,Chad Ryan,Tammy M. Honeywell,explicit_conflict,explicit_disagreement,The housing crisis is a top priority for me.,,https://centralcurrent.org/2025-primary-election-qa-onondaga-legislature-8th-district-candidate-chad-ryan/,
ce3746346f34ee32eede89b5,race-4ab4dfc62a70075bfc27,housing,public_housing,Chad Ryan,Tammy M. Honeywell,explicit_conflict,explicit_disagreement,"I will advocate through the budget for the funds and programs necessary to try and promote new housing, funds for repairing housing, and a continued effort to focus on the lead issue prevalent throughout the city.",,https://centralcurrent.org/2025-primary-election-qa-onondaga-legislature-8th-district-candidate-chad-ryan/,
9e7ad189aeb5ac921defed22,race-4ab4dfc62a70075bfc27,economic_ownership,regulation,Chad Ryan,Tammy M. Honeywell,explicit_conflict,explicit_disagreement,We will need to advocate for regulation to mitigate any negative impacts the project may create.,,https://centralcurrent.org/2025-primary-election-qa-onondaga-legislature-8th-district-candidate-chad-ryan/,
438dd4ad5db05cdc7d1f888c,race-4ab4dfc62a70075bfc27,housing,public_housing,Chad Ryan,Tammy M. Honeywell,explicit_conflict,explicit_disagreement,"If this is simply a give away with limited return on investment, I would advocate that we change course and find a better use of the funds.",,https://centralcurrent.org/2025-primary-election-qa-onondaga-legislature-8th-district-candidate-chad-ryan/,
f4268cdd28f72dfadb308256,race-4ab4dfc62a70075bfc27,political_strategy,governing,Chad Ryan,Tammy M. Honeywell,explicit_conflict,explicit_disagreement,"We are all aware, the need in the city is great, and if we can support the city and encourage it towards success it will only further strengthen our region.",,https://centralcurrent.org/2025-primary-election-qa-onondaga-legislature-8th-district-candidate-chad-ryan/,
de0cc1e468fcb71d8fceb28d,race-d0d830cb7a9e40e91152,public_safety,prison_abolition,Zohran Kwame Mamdani,Eric Adams,explicit_conflict,explicit_disagreement,"Yes, and my mayoralty will end it after Eric Adams has fought to maintain the harmful practice.",,https://jimowles.org/news/candidate-answers-to-joldc-zohran-kwame-mamdani-for-nyc-mayor-2025,
a056a2fe83202147e3eb8100,race-55403cc726be644d5b3b,housing,tenant_rights,Marcela Mitaynes,Felix Ortiz,explicit_conflict,explicit_disagreement,"The failure of the state legislature to pass this essential legislation in the 2019 session-- due in large part due to obstructionism from real estate funded Democratic members of the Assembly, including my incumbent opponent Felix Ortiz-- is a huge part of why I’m running.",,https://jimowles.org/news/candidate-answers-to-joldc-marcela-mitaynes-for-ny-assembly-district-51,
87720154c7f014adaa3826a2,race-0159b30b2abfcca8ea6b,political_strategy,democratic_party,Alexa Avilés,Andrew M. Cuomo,explicit_conflict,explicit_disagreement,"I have not made mayoral endorsements yet this cycle, but I will not support Eric Adams or Andrew Cuomo.",,https://jimowles.org/news/candidate-answers-to-joldc-alexa-avils-for-city-council-district-38-2025,
5e63ced514cf3eae24ea621c,race-9d82dba19c1d7ed773d0,political_strategy,class_struggle,Mark F Gamba,Kurt Schrader,explicit_conflict,explicit_disagreement,"What we have now are a lot of politicians who are running the country for and by the corporations, for and by the wealthy, and then you have a small minority that are still trying to represent the people.",,https://www.opb.org/news/article/oregon-congressional-dristrict-5-election-kurt-schrader-mark-gamba/,
33e8e166262a0d11f21e150a,race-9d82dba19c1d7ed773d0,political_strategy,class_struggle,Mark F Gamba,Kurt Schrader,explicit_conflict,explicit_disagreement,Kurt Schrader falls soundly into representing the corporations.,,https://www.opb.org/news/article/oregon-congressional-dristrict-5-election-kurt-schrader-mark-gamba/,
e948dc763f108a230e4e861b,race-4d9e32ed7f0d618a96ce,political_strategy,democratic_party,Felipe Garcia,Alexandria Ocasio-Cortez,explicit_conflict,explicit_disagreement,"I’m trying to reignite that base, and at the same time, convert some of the AOC fanatics to me.",,https://www.bxtimes.com/hunts-point-native-felipe-garcia-challenging-aoc-in-june-primary/,
848c5aad1cdab6e520709412,race-4d9e32ed7f0d618a96ce,political_strategy,democratic_party,Marty Dolan,Alexandria Ocasio-Cortez,explicit_conflict,explicit_disagreement,Her policies are nonexistent.,,https://www.bxtimes.com/marty-dolan-campaigns-for-second-time-to-challenge-aoc/,
4aaf44f775346b4481db547c,race-07e8c0f659f04a7168be,labor,wages,Ashlie Castaldo,Azrin Awal,explicit_conflict,explicit_disagreement,Wages and workplace conditions are extremely important for Duluthians. It's hard to be able to live in the city with the cost of living when we're not even nationally competitive as far as wages go.,,https://archive.org/details/League_of_Women_Voters_Duluth_Candidate_Forum_-_2021_Primary_Election,
182d9d321f9d770035446cf4,race-07e8c0f659f04a7168be,civil_rights,racial_justice,Azrin Awal,Terese Tomanek,explicit_conflict,explicit_disagreement,"The biggest issue is equity. There is a very uneven allocation of resources in Duluth from west to east, and I think that addressing them through issues of affordable housing, transportation access, and protecting our parks and our services is the key.",,https://archive.org/details/League_of_Women_Voters_Duluth_Candidate_Forum_-_2021_Primary_Election,
5b412b7e2c6df046385121c9,race-71eb1dc46eec69477a01,labor,union_rights,Madinah Wilson-Anton,John J. Viola,explicit_conflict,explicit_disagreement,Protect workers by strengthening labor unions and fighting the “right to work” laws that make it hard for workers to organize in their workplaces.,,https://web.archive.org/web/20200908020518/http://madinahfordelaware.com/our-platform/,
461292fe55297247a40804bf,race-07e8c0f659f04a7168be,economic_ownership,economic_planning,Joe Macor,Azrin Awal,explicit_conflict,explicit_disagreement,"We need to be more aggressive about getting out and recruiting people who want to come here and invest here. We've done a really good job, I think, with tourism and recreation development, but we're really lacking in manufacturing, technology, and more industrial development.",,https://archive.org/details/League_of_Women_Voters_Duluth_Candidate_Forum_-_2021_Primary_Election,
137403282cbcfedcd8037ded,race-07e8c0f659f04a7168be,civil_rights,racial_justice,"Dezuwon ""Pez"" Davila",Azrin Awal,explicit_conflict,explicit_disagreement,"I want to spread people all around Duluth to find different job opportunities, to learn not only about four-year colleges but tech schools and getting into the trades, and integrating and feeling a part of the community.",,https://archive.org/details/League_of_Women_Voters_Duluth_Candidate_Forum_-_2021_Primary_Election,
18bf83c50cc94caedd58eb7a,race-07e8c0f659f04a7168be,climate_energy,emissions,Timothy L. Meyer,Azrin Awal,explicit_conflict,explicit_disagreement,"I think the city has a responsibility to show leadership in this area, starting with our own facilities here—how we're heating and cooling our buildings, how we're using water.",,https://archive.org/details/League_of_Women_Voters_Duluth_Candidate_Forum_-_2021_Primary_Election,
2834de596e4ade1482ac476d,race-4d9a31842f64c5c123e4,housing,homeownership,Miranda Pacheco,Jenna Yeakle,explicit_conflict,explicit_disagreement,I support projects that support mixed-income housing and initiatives that will increase homeownership for all Duluthians.,,https://archive.org/details/Meet_the_Candidates_-_Miranda_Pacheco_-_Duluth_City_Council_At-Large_Candidate,
d451783b67eee49b60372dba,race-53f4a0c7a1770190ca18,climate_energy,emissions,Jessica Scarane,Christopher A. Coons,explicit_conflict,explicit_disagreement,"Climate change is a global emergency, but it will especially impact Delaware as the lowest-lying state in the union. We must transform our energy system, rebuild our infrastructure, and guarantee clean air, land, and water in every community.",,https://web.archive.org/web/20200907225700/https://www.jessfordelaware.com/issues/,
cab09732cb250b68fc5252bd,race-4d9a31842f64c5c123e4,climate_energy,transit,Jenna Yeakle,Arik Forsman,explicit_conflict,explicit_disagreement,"We can expand public transportation and design walkable neighborhoods through upcoming projects like I-35 and West Superior Street, and by completing connections across Duluth like the Cross City Trail.",,https://archive.org/details/Meet_the_Candidates_-_Jenna_Yeakle_-_Duluth_City_Council_At-Large_Candidate,
2953fd81372e34a006b04397,race-07e8c0f659f04a7168be,housing,zoning,Scot Jenkins,Azrin Awal,explicit_conflict,explicit_disagreement,We're not solving the problem of creating the inventory for the rest of the people in Duluth.,,https://archive.org/details/League_of_Women_Voters_Duluth_Candidate_Forum_-_2021_Primary_Election,
d859920052d95c21a3ff9908,race-07e8c0f659f04a7168be,climate_energy,emissions,Terese Tomanek,Azrin Awal,explicit_conflict,explicit_disagreement,"We were very, very happy to pass that climate emergency resolution, and it passed unanimously with the council.",,https://archive.org/details/League_of_Women_Voters_Duluth_Candidate_Forum_-_2021_Primary_Election,
a22793f1c839aa684d1c9a9b,race-aed8879df9fbc709db76,healthcare,single_payer,Michael R. Bloomberg,Bernie Sanders,explicit_conflict,explicit_disagreement,You don’t start out by saying I’ve got 160 million people I’m going to take away the insurance plan that they love.,,https://www.nbcnews.com/politics/2020-election/full-transcript-ninth-democratic-debate-las-vegas-n1139546,
43d36913a5a01afb69d7f530,race-c3b021b27cd1f9089be2,healthcare,single_payer,Michael R. Bloomberg,Bernie Sanders,explicit_conflict,explicit_disagreement,You don’t start out by saying I’ve got 160 million people I’m going to take away the insurance plan that they love.,,https://www.nbcnews.com/politics/2020-election/full-transcript-ninth-democratic-debate-las-vegas-n1139546,
5b2dcce66a927c49f06212e1,race-73071b15a1c4c8d1ee8f,healthcare,single_payer,Michael R. Bloomberg,Bernie Sanders,explicit_conflict,explicit_disagreement,You don’t start out by saying I’ve got 160 million people I’m going to take away the insurance plan that they love.,,https://www.nbcnews.com/politics/2020-election/full-transcript-ninth-democratic-debate-las-vegas-n1139546,
7d002f9d443d076982c99c1c,race-980dc8b6fade3efe9c74,healthcare,single_payer,Michael R. Bloomberg,Bernie Sanders,explicit_conflict,explicit_disagreement,You don’t start out by saying I’ve got 160 million people I’m going to take away the insurance plan that they love.,,https://www.nbcnews.com/politics/2020-election/full-transcript-ninth-democratic-debate-las-vegas-n1139546,
45cc843f3a0b9bf11c9823fa,race-707589896734489b0382,civil_rights,racial_justice,Marianne Williamson,Bernie Sanders,explicit_conflict,explicit_disagreement,"there is an injustice that continues to form a toxicity underneath the surface, an emotional turbulence that only reparations will heal.",,https://transcripts.cnn.com/show/se/date/2019-07-30/segment/01,
7257cbd96b8bfaff6ff29650,race-707589896734489b0382,climate_energy,emissions,Michael Bennet,Bernie Sanders,explicit_conflict,explicit_disagreement,"America’s Climate Change Plan will reduce emissions in line with the most aggressive targets set by the world’s scientists and achieve 100 percent clean, net-zero emissions as soon as possible, and no later than 2050.",,https://www.presidency.ucsb.edu/documents/bennet-campaign-press-release-michael-bennet-unveils-americas-climate-change-plan-achieve,
9980794ae6a83d566d8de172,race-c1bc1ffe72e97dc4e320,climate_energy,emissions,Michael Bennet,Bernie Sanders,explicit_conflict,explicit_disagreement,"America’s Climate Change Plan will reduce emissions in line with the most aggressive targets set by the world’s scientists and achieve 100 percent clean, net-zero emissions as soon as possible, and no later than 2050.",,https://www.presidency.ucsb.edu/documents/bennet-campaign-press-release-michael-bennet-unveils-americas-climate-change-plan-achieve,
2aeaa8ea3ec7e7f2d16d2180,race-707589896734489b0382,labor,wages,Michael Bennet,Bernie Sanders,explicit_conflict,explicit_disagreement,Require federal contractors and subcontractors involved in this effort to pay their employees the local prevailing wage.,,https://www.presidency.ucsb.edu/documents/bennet-campaign-press-release-michael-bennet-unveils-americas-climate-change-plan-achieve,
f786c34d53d98e7f5f12c870,race-c1bc1ffe72e97dc4e320,labor,wages,Michael Bennet,Bernie Sanders,explicit_conflict,explicit_disagreement,Require federal contractors and subcontractors involved in this effort to pay their employees the local prevailing wage.,,https://www.presidency.ucsb.edu/documents/bennet-campaign-press-release-michael-bennet-unveils-americas-climate-change-plan-achieve,
c3d999213d4409ac44ffc2b0,race-707589896734489b0382,tax_budget,public_spending,Michael Bennet,Bernie Sanders,explicit_conflict,explicit_disagreement,The Bennet Administration will create a Climate Bank to deploy $1 trillion in federal funding to catalyze $10 trillion in private sector innovation and infrastructure investment in climate technologies at home and abroad over ten years.,,https://www.presidency.ucsb.edu/documents/bennet-campaign-press-release-michael-bennet-unveils-americas-climate-change-plan-achieve,
b83831b76d52aa0a84051b31,race-c1bc1ffe72e97dc4e320,tax_budget,public_spending,Michael Bennet,Bernie Sanders,explicit_conflict,explicit_disagreement,The Bennet Administration will create a Climate Bank to deploy $1 trillion in federal funding to catalyze $10 trillion in private sector innovation and infrastructure investment in climate technologies at home and abroad over ten years.,,https://www.presidency.ucsb.edu/documents/bennet-campaign-press-release-michael-bennet-unveils-americas-climate-change-plan-achieve,
3466dc1ebc8c62d7b0aeead5,race-707589896734489b0382,healthcare,public_option,Michael Bennet,Bernie Sanders,explicit_conflict,explicit_disagreement,"The Bennet Administration will establish Medicare-X, a true public option that starts in rural areas where the market is failing too many people with only one or no insurers.",,https://www.presidency.ucsb.edu/documents/bennet-campaign-press-release-michael-bennet-unveils-plan-achieve-high-quality-affordable,
99d08b47a880c276ec9275b1,race-c1bc1ffe72e97dc4e320,healthcare,public_option,Michael Bennet,Bernie Sanders,explicit_conflict,explicit_disagreement,"The Bennet Administration will establish Medicare-X, a true public option that starts in rural areas where the market is failing too many people with only one or no insurers.",,https://www.presidency.ucsb.edu/documents/bennet-campaign-press-release-michael-bennet-unveils-plan-achieve-high-quality-affordable,
9abc98323f42a69b3add20d8,race-707589896734489b0382,healthcare,public_option,Julián Castro,Bernie Sanders,explicit_conflict,explicit_disagreement,I want to strengthen Medicare for the people who are on it and then expand it to anybody who wants it.,,https://www.nbcnews.com/politics/2020-election/democratic-debate-transcript-july-31-2019-n1038016,
540eee8a2bef33b05e206c29,race-707589896734489b0382,immigration,border_policy,Julián Castro,Bernie Sanders,explicit_conflict,explicit_disagreement,The only way that we’re going to guarantee that we don’t have family separations in this country again is to repeal Section 1325 of the Immigration Nationality Act.,,https://www.nbcnews.com/politics/2020-election/democratic-debate-transcript-july-31-2019-n1038016,
0df22bf64db6e3bcbfd1ad95,race-707589896734489b0382,public_safety,sentencing,Julián Castro,Bernie Sanders,explicit_conflict,explicit_disagreement,"When we talk about criminal justice reform, there are a lot of things that we can talk about — sentencing reform, cash bail reform, investing in public defenders, diversion programs.",,https://www.nbcnews.com/politics/2020-election/democratic-debate-transcript-july-31-2019-n1038016,
2504df9fda8de1c238ab4db7,race-707589896734489b0382,economic_ownership,economic_planning,Andrew Yang,Bernie Sanders,explicit_conflict,explicit_disagreement,"If you’ve heard anything about me and my campaign, you’ve heard that someone is running for president who wants to give every American $1,000 a month.",,https://www.nbcnews.com/politics/2020-election/democratic-debate-transcript-july-31-2019-n1038016,
b19d55e7f81fa7f9bcc15775,race-c1bc1ffe72e97dc4e320,economic_ownership,economic_planning,Andrew Yang,Bernie Sanders,explicit_conflict,explicit_disagreement,"If you’ve heard anything about me and my campaign, you’ve heard that someone is running for president who wants to give every American $1,000 a month.",,https://www.nbcnews.com/politics/2020-election/democratic-debate-transcript-july-31-2019-n1038016,
2fe1bf24094dd29a47db75b6,race-707589896734489b0382,labor,job_guarantee,Andrew Yang,Bernie Sanders,explicit_conflict,explicit_disagreement,"We already automated away millions of manufacturing jobs, and chances are your job can be next.",,https://www.nbcnews.com/politics/2020-election/democratic-debate-transcript-july-31-2019-n1038016,
971b9625a682704d80d1fa37,race-c1bc1ffe72e97dc4e320,labor,job_guarantee,Andrew Yang,Bernie Sanders,explicit_conflict,explicit_disagreement,"We already automated away millions of manufacturing jobs, and chances are your job can be next.",,https://www.nbcnews.com/politics/2020-election/democratic-debate-transcript-july-31-2019-n1038016,
daf1bb89989fe30319d626fb,race-707589896734489b0382,climate_energy,emissions,Andrew Yang,Bernie Sanders,explicit_conflict,explicit_disagreement,"We need to do everything we can to start moving the climate in the right direction, but we also need to start moving our people to higher ground.",,https://www.nbcnews.com/politics/2020-election/democratic-debate-transcript-july-31-2019-n1038016,
a03f8376c0efec6c9d870eda,race-c1bc1ffe72e97dc4e320,climate_energy,emissions,Andrew Yang,Bernie Sanders,explicit_conflict,explicit_disagreement,"We need to do everything we can to start moving the climate in the right direction, but we also need to start moving our people to higher ground.",,https://www.nbcnews.com/politics/2020-election/democratic-debate-transcript-july-31-2019-n1038016,
8424ed6eb14108c07b8ec5d6,race-707589896734489b0382,healthcare,public_option,Pete Buttigieg,Bernie Sanders,explicit_conflict,explicit_disagreement,That's the concept of my Medicare for All Who Want It proposal.,,https://transcripts.cnn.com/show/se/date/2019-07-30/segment/01,
4c44c1a8ad4d1e05eca897f5,race-c1bc1ffe72e97dc4e320,healthcare,public_option,Pete Buttigieg,Bernie Sanders,explicit_conflict,explicit_disagreement,That's the concept of my Medicare for All Who Want It proposal.,,https://transcripts.cnn.com/show/se/date/2019-07-30/segment/01,
52f80c78fc9c921cfaa0a783,race-707589896734489b0382,healthcare,public_option,John Delaney,Bernie Sanders,explicit_conflict,explicit_disagreement,"We can create a universal health care system to give everyone basic health care for free, and I have a proposal to do it.",,https://transcripts.cnn.com/show/se/date/2019-07-30/segment/01,
591191108f342a55acffeb54,race-c1bc1ffe72e97dc4e320,healthcare,public_option,John Delaney,Bernie Sanders,explicit_conflict,explicit_disagreement,"We can create a universal health care system to give everyone basic health care for free, and I have a proposal to do it.",,https://transcripts.cnn.com/show/se/date/2019-07-30/segment/01,
76be232ae9c59b07c145cc90,race-707589896734489b0382,healthcare,single_payer,John Delaney,Bernie Sanders,explicit_conflict,explicit_disagreement,"We can go down the road that Senator Sanders and Senator Warren want to take us, which is with bad policies like Medicare for all, free everything and impossible promises that will turn off independent voters and get Trump re-elected.",,https://transcripts.cnn.com/show/se/date/2019-07-30/segment/01,
d648b2a4ad37fa90c04e3508,race-c1bc1ffe72e97dc4e320,healthcare,single_payer,John Delaney,Bernie Sanders,explicit_conflict,explicit_disagreement,"We can go down the road that Senator Sanders and Senator Warren want to take us, which is with bad policies like Medicare for all, free everything and impossible promises that will turn off independent voters and get Trump re-elected.",,https://transcripts.cnn.com/show/se/date/2019-07-30/segment/01,
a5f2dfc243d0fa6ab7493bf0,race-707589896734489b0382,healthcare,coverage_expansion,Elizabeth Warren,Bernie Sanders,explicit_conflict,explicit_disagreement,Health care is a crisis in this country.,,https://www.nbcnews.com/politics/2020-election/full-transcript-ninth-democratic-debate-las-vegas-n1139546,
85475cc6d785b9cdf228c015,race-c1bc1ffe72e97dc4e320,healthcare,coverage_expansion,Elizabeth Warren,Bernie Sanders,explicit_conflict,explicit_disagreement,Health care is a crisis in this country.,,https://www.nbcnews.com/politics/2020-election/full-transcript-ninth-democratic-debate-las-vegas-n1139546,
b059061294b639eec1f51011,race-707589896734489b0382,political_strategy,class_struggle,Elizabeth Warren,Bernie Sanders,explicit_conflict,explicit_disagreement,This country has worked for the rich for a long time and left everyone else in the dirt. It is time to have a president who will be on the side of working families and be willing to get out there and fight for them.,,https://www.nbcnews.com/politics/2020-election/full-transcript-ninth-democratic-debate-las-vegas-n1139546,
6b67c274a2e9feef989031e6,race-c1bc1ffe72e97dc4e320,political_strategy,class_struggle,Elizabeth Warren,Bernie Sanders,explicit_conflict,explicit_disagreement,This country has worked for the rich for a long time and left everyone else in the dirt. It is time to have a president who will be on the side of working families and be willing to get out there and fight for them.,,https://www.nbcnews.com/politics/2020-election/full-transcript-ninth-democratic-debate-las-vegas-n1139546,
10b3209ec9ad2281975671a0,race-707589896734489b0382,political_strategy,governing,Elizabeth Warren,Bernie Sanders,explicit_conflict,explicit_disagreement,"We need as much help for as many people as quickly as possible and bring in as many supporters as we can. And if we don’t get it all the first time, take the win and come back into the fight to ask for more.",,https://www.nbcnews.com/politics/2020-election/full-transcript-ninth-democratic-debate-las-vegas-n1139546,
84142f047909b506e51c25ad,race-c1bc1ffe72e97dc4e320,political_strategy,governing,Elizabeth Warren,Bernie Sanders,explicit_conflict,explicit_disagreement,"We need as much help for as many people as quickly as possible and bring in as many supporters as we can. And if we don’t get it all the first time, take the win and come back into the fight to ask for more.",,https://www.nbcnews.com/politics/2020-election/full-transcript-ninth-democratic-debate-las-vegas-n1139546,
2f3248348cd445544e1db3ee,race-707589896734489b0382,healthcare,single_payer,Joe Biden,Bernie Sanders,explicit_conflict,explicit_disagreement,I would veto anything that delays providing the security and the certainty of health care being available now.,,https://www.cnn.com/2020/03/10/politics/joe-biden-medicare-for-all-veto/index.html,
50a0e91cdf8f13b47229a33b,race-aed8879df9fbc709db76,healthcare,single_payer,Michael R. Bloomberg,Bernie Sanders,explicit_conflict,explicit_disagreement,You don't start out by saying I've got 160 million people I'm going to take away the insurance plan that they love.,,https://www.nbcnews.com/politics/2020-election/full-transcript-ninth-democratic-debate-las-vegas-n1139546,
583e4b6bd23918e407639999,race-c3b021b27cd1f9089be2,healthcare,single_payer,Michael R. Bloomberg,Bernie Sanders,explicit_conflict,explicit_disagreement,You don't start out by saying I've got 160 million people I'm going to take away the insurance plan that they love.,,https://www.nbcnews.com/politics/2020-election/full-transcript-ninth-democratic-debate-las-vegas-n1139546,
e3160092d41bdf0767579309,race-73071b15a1c4c8d1ee8f,healthcare,single_payer,Michael R. Bloomberg,Bernie Sanders,explicit_conflict,explicit_disagreement,You don't start out by saying I've got 160 million people I'm going to take away the insurance plan that they love.,,https://www.nbcnews.com/politics/2020-election/full-transcript-ninth-democratic-debate-las-vegas-n1139546,
4b52573e8895b43967cd1989,race-980dc8b6fade3efe9c74,healthcare,single_payer,Michael R. Bloomberg,Bernie Sanders,explicit_conflict,explicit_disagreement,You don't start out by saying I've got 160 million people I'm going to take away the insurance plan that they love.,,https://www.nbcnews.com/politics/2020-election/full-transcript-ninth-democratic-debate-las-vegas-n1139546,
2401a3e3b74bf3f73e651621,race-63fdf2a3a376c0513ea3,tax_budget,public_spending,Rebecca Parson,Derek Kilmer,explicit_conflict,explicit_disagreement,Kilmer joined the GOP to sign a letter calling for Social Security cuts. I would never.,,https://x.com/rebeccaeparson/status/1282485986249699329,
927b381f720906d723aa5cb5,race-aed8879df9fbc709db76,political_strategy,class_struggle,Elizabeth Warren,Bernie Sanders,explicit_conflict,explicit_disagreement,This country has worked for the rich for a long time and left everyone else in the dirt. It is time to have a president who will be on the side of working families and be willing to get out there and fight for them.,,https://www.nbcnews.com/politics/2020-election/full-transcript-ninth-democratic-debate-las-vegas-n1139546,
8a796cd6dd7cb9ddb0ef4abb,race-c3b021b27cd1f9089be2,political_strategy,class_struggle,Elizabeth Warren,Bernie Sanders,explicit_conflict,explicit_disagreement,This country has worked for the rich for a long time and left everyone else in the dirt. It is time to have a president who will be on the side of working families and be willing to get out there and fight for them.,,https://www.nbcnews.com/politics/2020-election/full-transcript-ninth-democratic-debate-las-vegas-n1139546,
e17b02ce60f1ef0863cc6176,race-73071b15a1c4c8d1ee8f,political_strategy,class_struggle,Elizabeth Warren,Bernie Sanders,explicit_conflict,explicit_disagreement,This country has worked for the rich for a long time and left everyone else in the dirt. It is time to have a president who will be on the side of working families and be willing to get out there and fight for them.,,https://www.nbcnews.com/politics/2020-election/full-transcript-ninth-democratic-debate-las-vegas-n1139546,
02affcf1b93d475008d98ef5,race-980dc8b6fade3efe9c74,political_strategy,class_struggle,Elizabeth Warren,Bernie Sanders,explicit_conflict,explicit_disagreement,This country has worked for the rich for a long time and left everyone else in the dirt. It is time to have a president who will be on the side of working families and be willing to get out there and fight for them.,,https://www.nbcnews.com/politics/2020-election/full-transcript-ninth-democratic-debate-las-vegas-n1139546,
ac1a5ea8a3637db04640d3c1,race-aed8879df9fbc709db76,political_strategy,governing,Elizabeth Warren,Bernie Sanders,explicit_conflict,explicit_disagreement,"We need as much help for as many people as quickly as possible and bring in as many supporters as we can. And if we don’t get it all the first time, take the win and come back into the fight to ask for more.",,https://www.nbcnews.com/politics/2020-election/full-transcript-ninth-democratic-debate-las-vegas-n1139546,
86d614264992458033e99b56,race-c3b021b27cd1f9089be2,political_strategy,governing,Elizabeth Warren,Bernie Sanders,explicit_conflict,explicit_disagreement,"We need as much help for as many people as quickly as possible and bring in as many supporters as we can. And if we don’t get it all the first time, take the win and come back into the fight to ask for more.",,https://www.nbcnews.com/politics/2020-election/full-transcript-ninth-democratic-debate-las-vegas-n1139546,
1114c8c1dda8406d8155632b,race-73071b15a1c4c8d1ee8f,political_strategy,governing,Elizabeth Warren,Bernie Sanders,explicit_conflict,explicit_disagreement,"We need as much help for as many people as quickly as possible and bring in as many supporters as we can. And if we don’t get it all the first time, take the win and come back into the fight to ask for more.",,https://www.nbcnews.com/politics/2020-election/full-transcript-ninth-democratic-debate-las-vegas-n1139546,
503e93384c55e196bf24c622,race-980dc8b6fade3efe9c74,political_strategy,governing,Elizabeth Warren,Bernie Sanders,explicit_conflict,explicit_disagreement,"We need as much help for as many people as quickly as possible and bring in as many supporters as we can. And if we don’t get it all the first time, take the win and come back into the fight to ask for more.",,https://www.nbcnews.com/politics/2020-election/full-transcript-ninth-democratic-debate-las-vegas-n1139546,
e764e52c6ba0a7beafd1ebe8,race-2d10d6bfeefa457261b9,public_safety,police_reform,Steven Vargas,Michael Westgaard,explicit_conflict,explicit_disagreement,"address crime, enhance public safety",,https://cdn.kingcounty.gov/-/media/king-county/depts/elections/how-to-vote/voters-pamphlets/2023/08/edition-1.pdf?rev=4da2e5dd18064d3b8b438bbfed0afcfb&hash=A1CB2A0172AD99C147E7F8A18F652D14,
b51f907b3186879d4cbd6fdf,race-2d10d6bfeefa457261b9,political_strategy,governing,Steven Vargas,Michael Westgaard,explicit_conflict,explicit_disagreement,promote transparent governance,,https://cdn.kingcounty.gov/-/media/king-county/depts/elections/how-to-vote/voters-pamphlets/2023/08/edition-1.pdf?rev=4da2e5dd18064d3b8b438bbfed0afcfb&hash=A1CB2A0172AD99C147E7F8A18F652D14,
73cd1c0ef486a43f138d5136,race-2d10d6bfeefa457261b9,housing,homeownership,Steven Vargas,Michael Westgaard,explicit_conflict,explicit_disagreement,work to improve housing affordability,,https://cdn.kingcounty.gov/-/media/king-county/depts/elections/how-to-vote/voters-pamphlets/2023/08/edition-1.pdf?rev=4da2e5dd18064d3b8b438bbfed0afcfb&hash=A1CB2A0172AD99C147E7F8A18F652D14,
b43d9af777d7744c971a35b2,race-aed8879df9fbc709db76,healthcare,public_option,Julián Castro,Bernie Sanders,explicit_conflict,explicit_disagreement,I want to strengthen Medicare for the people who are on it and then expand it to anybody who wants it.,,https://www.nbcnews.com/politics/2020-election/democratic-debate-transcript-july-31-2019-n1038016,
bc91e815d83fdcde833a5fe6,race-73071b15a1c4c8d1ee8f,healthcare,public_option,Julián Castro,Bernie Sanders,explicit_conflict,explicit_disagreement,I want to strengthen Medicare for the people who are on it and then expand it to anybody who wants it.,,https://www.nbcnews.com/politics/2020-election/democratic-debate-transcript-july-31-2019-n1038016,
e3021fd750eb533c6cd5c562,race-aed8879df9fbc709db76,immigration,border_policy,Julián Castro,Bernie Sanders,explicit_conflict,explicit_disagreement,The only way that we’re going to guarantee that we don’t have family separations in this country again is to repeal Section 1325 of the Immigration Nationality Act.,,https://www.nbcnews.com/politics/2020-election/democratic-debate-transcript-july-31-2019-n1038016,
4cd3130a1dfc24b45a798ef2,race-73071b15a1c4c8d1ee8f,immigration,border_policy,Julián Castro,Bernie Sanders,explicit_conflict,explicit_disagreement,The only way that we’re going to guarantee that we don’t have family separations in this country again is to repeal Section 1325 of the Immigration Nationality Act.,,https://www.nbcnews.com/politics/2020-election/democratic-debate-transcript-july-31-2019-n1038016,
4189e0fa3b2fc8223c82a302,race-aed8879df9fbc709db76,public_safety,sentencing,Julián Castro,Bernie Sanders,explicit_conflict,explicit_disagreement,"When we talk about criminal justice reform, there are a lot of things that we can talk about — sentencing reform, cash bail reform, investing in public defenders, diversion programs.",,https://www.nbcnews.com/politics/2020-election/democratic-debate-transcript-july-31-2019-n1038016,
8dc7eb09690ca6177d4291aa,race-73071b15a1c4c8d1ee8f,public_safety,sentencing,Julián Castro,Bernie Sanders,explicit_conflict,explicit_disagreement,"When we talk about criminal justice reform, there are a lot of things that we can talk about — sentencing reform, cash bail reform, investing in public defenders, diversion programs.",,https://www.nbcnews.com/politics/2020-election/democratic-debate-transcript-july-31-2019-n1038016,
328334b83c60d92d126a29ab,race-2d10d6bfeefa457261b9,public_safety,police_reform,Camila Lagow,Michael Westgaard,explicit_conflict,explicit_disagreement,"Currently serving on the Renton Civil Service Commission, I collaborate with our Renton Police Department to improve services, training, and accountability.",,https://cdn.kingcounty.gov/-/media/king-county/depts/elections/how-to-vote/voters-pamphlets/2023/08/edition-1.pdf,
aace827d05d48b738dad3bfb,race-2d10d6bfeefa457261b9,public_safety,police_reform,Camila Lagow,Michael Westgaard,explicit_conflict,explicit_disagreement,"From tackling safety concerns to addressing homelessness, addiction, and mental health, my focus is on fostering a thriving environment for businesses and communities.",,https://cdn.kingcounty.gov/-/media/king-county/depts/elections/how-to-vote/voters-pamphlets/2023/08/edition-1.pdf,
296bebfeb948cd9c7bbb4497,race-2d10d6bfeefa457261b9,democracy,electoral_reform,Camila Lagow,Michael Westgaard,explicit_conflict,explicit_disagreement,"Together, we will develop policies prioritizing the equitable representation of all voices.",,https://cdn.kingcounty.gov/-/media/king-county/depts/elections/how-to-vote/voters-pamphlets/2023/08/edition-1.pdf,
507691103a5f0b99220d80b6,race-aed8879df9fbc709db76,labor,job_guarantee,Andrew Yang,Bernie Sanders,explicit_conflict,explicit_disagreement,"We already automated away millions of manufacturing jobs, and chances are your job can be next.",,https://www.nbcnews.com/politics/2020-election/democratic-debate-transcript-july-31-2019-n1038016,
ca6a1c18d8613d552ee39909,race-c3b021b27cd1f9089be2,labor,job_guarantee,Andrew Yang,Bernie Sanders,explicit_conflict,explicit_disagreement,"We already automated away millions of manufacturing jobs, and chances are your job can be next.",,https://www.nbcnews.com/politics/2020-election/democratic-debate-transcript-july-31-2019-n1038016,
f52ebca61841f181350014db,race-73071b15a1c4c8d1ee8f,labor,job_guarantee,Andrew Yang,Bernie Sanders,explicit_conflict,explicit_disagreement,"We already automated away millions of manufacturing jobs, and chances are your job can be next.",,https://www.nbcnews.com/politics/2020-election/democratic-debate-transcript-july-31-2019-n1038016,
ac1b4e884e0b2f1db3e13796,race-980dc8b6fade3efe9c74,labor,job_guarantee,Andrew Yang,Bernie Sanders,explicit_conflict,explicit_disagreement,"We already automated away millions of manufacturing jobs, and chances are your job can be next.",,https://www.nbcnews.com/politics/2020-election/democratic-debate-transcript-july-31-2019-n1038016,
2a93aa43032bd10562eefe50,race-aed8879df9fbc709db76,climate_energy,emissions,Andrew Yang,Bernie Sanders,explicit_conflict,explicit_disagreement,"We need to do everything we can to start moving the climate in the right direction, but we also need to start moving our people to higher ground.",,https://www.nbcnews.com/politics/2020-election/democratic-debate-transcript-july-31-2019-n1038016,
040d4ede285942fd6d07e2ba,race-c3b021b27cd1f9089be2,climate_energy,emissions,Andrew Yang,Bernie Sanders,explicit_conflict,explicit_disagreement,"We need to do everything we can to start moving the climate in the right direction, but we also need to start moving our people to higher ground.",,https://www.nbcnews.com/politics/2020-election/democratic-debate-transcript-july-31-2019-n1038016,
da403dc59dd0d7b75ef265e0,race-73071b15a1c4c8d1ee8f,climate_energy,emissions,Andrew Yang,Bernie Sanders,explicit_conflict,explicit_disagreement,"We need to do everything we can to start moving the climate in the right direction, but we also need to start moving our people to higher ground.",,https://www.nbcnews.com/politics/2020-election/democratic-debate-transcript-july-31-2019-n1038016,
695ddbdce1d5ddc8a6227a0e,race-980dc8b6fade3efe9c74,climate_energy,emissions,Andrew Yang,Bernie Sanders,explicit_conflict,explicit_disagreement,"We need to do everything we can to start moving the climate in the right direction, but we also need to start moving our people to higher ground.",,https://www.nbcnews.com/politics/2020-election/democratic-debate-transcript-july-31-2019-n1038016,
03f092ff835654d52113aa07,race-1d2c5471b666d1dfee92,political_strategy,governing,Randall Arrington,Lauren Jewett,explicit_conflict,explicit_disagreement,"I want to expose the elected criminals in Congress and bring honor, humility, courage, virtue, and integrity back to D.C.",,https://x.com/DrArringtonPhD/status/2040607703555363206,
141f06887d01f8faee86acc5,race-7887f598f39fd35231f5,civil_rights,reproductive_rights,Deanne Austin,Chris Gilmer-Hill,explicit_conflict,explicit_disagreement,"Deanne has also organized alongside families, especially mothers and caregivers, to advance maternal health, reproductive justice, and access to the resources children need to thrive.",,https://web.archive.org/web/20260803061624id_/https://www.votedeanneaustin.com/,
3bcdfd265dcd0e198ab85937,race-73ab9dfc740e7a921829,climate_energy,emissions,Christopher Taylor,Yousef Rabhi,explicit_conflict,explicit_disagreement,"During my tenure, we have increased Ann Arbor’s Climate Action Budget from $200,000 to $11,000,000/year, creating the Office of Sustainability and Innovation and the entire A2Zero program.",,https://www.taylorforannarbor.com/,
d3da36b7ef456f050d9e8ab2,race-73ab9dfc740e7a921829,climate_energy,public_energy,Christopher Taylor,Yousef Rabhi,explicit_conflict,explicit_disagreement,"In 2024, I led the fight for Ann Arbor’s Sustainable Energy Utility (SEU) to bring 100% reliable, renewable, low-cost energy to residents.",,https://www.taylorforannarbor.com/,
aeb2a54b296e1b9b7438569d,race-73ab9dfc740e7a921829,climate_energy,public_energy,Christopher Taylor,Yousef Rabhi,explicit_conflict,explicit_disagreement,"I fully support public power, and voted in support of the feasibility study to learn more and to enable us to present the complete question to the voters, but committing to the seizure of assets without an understanding of the costs is not good policy.",,https://annarborpublicpower.org/2026-candidate-scorecard/mayor,
50b0e89529c071c44a323524,race-04edaf6b921af5fb05b3,healthcare,public_health,Jeanelle Austin,Omar Fateh,explicit_conflict,explicit_disagreement,"When we invest early on with trauma-informed and culturally responsive care, we prevent the longer term needs for things like crisis intervention, chronic illness, ER visits, and the (in)justice system involvement.",,https://jeanelleforthepeople.com/,
afbd599a285c0c12e682a2dd,race-04edaf6b921af5fb05b3,education,public_schools,Jeanelle Austin,Omar Fateh,explicit_conflict,explicit_disagreement,Investing in the education of our youth means investing in our neighborhoods.,,https://jeanelleforthepeople.com/,
738b55ae9218facd2ef72219,race-04edaf6b921af5fb05b3,housing,public_housing,Jeanelle Austin,Omar Fateh,explicit_conflict,explicit_disagreement,Affordable housing is economic security for everyone.,,https://jeanelleforthepeople.com/,
5cc31147f1aba97a2b320a29,race-7887f598f39fd35231f5,political_strategy,governing,Helena Scott,Chris Gilmer-Hill,explicit_conflict,explicit_disagreement,"I promise to continue to deliver the leadership our district and state needs, by working tirelessly to improve your quality of life and protect our Democratic values.",,https://reelecthelenascott.com/,
0d134fcf8c6ff29b26f47a63,race-e380dcac34b2bd829dd4,tax_budget,public_spending,Patrick A. McLean,Amy Rondel,explicit_conflict,explicit_disagreement,"We have a number of lots that are open. So, Water Street is not the only place where we can increase the tax base. We can also do it in smaller increments in other places as well.",,https://www.wemu.org/wemu-news/2026-07-28/two-candidates-running-in-ypsilanti-2nd-ward-city-council-primary,
d7bf657ac6c65f9aab15710d,race-e380dcac34b2bd829dd4,political_strategy,governing,Patrick A. McLean,Amy Rondel,explicit_conflict,explicit_disagreement,"Council can, with the city administration, make sure these organizations have the tools and resources to do their work in the community.",,https://patrickmcleanypsilanti.org/,
c7c64f1b36af5c70b5d6f6c5,race-7887f598f39fd35231f5,housing,rent_control,Fedor Kinaya,Chris Gilmer-Hill,explicit_conflict,explicit_disagreement,Protect renters from unfair and excessive rent increases,,https://www.kinayaformichigan.com/,
8a8d02526a55251987b8a744,race-7887f598f39fd35231f5,healthcare,coverage_expansion,Fedor Kinaya,Chris Gilmer-Hill,explicit_conflict,explicit_disagreement,Protecting and expanding Medicaid access,,https://www.kinayaformichigan.com/,
7ba10e9b4518790f186178f3,race-7887f598f39fd35231f5,labor,union_rights,Fedor Kinaya,Chris Gilmer-Hill,explicit_conflict,explicit_disagreement,Protect union rights and collective bargaining,,https://www.kinayaformichigan.com/,
f981a8510b68f9a2ab7d6b0b,race-7887f598f39fd35231f5,education,childcare,Fedor Kinaya,Chris Gilmer-Hill,explicit_conflict,explicit_disagreement,Universal pre-K and early childhood education,,https://www.kinayaformichigan.com/,
faeca6293619346ae859f76a,race-7887f598f39fd35231f5,democracy,campaign_finance,Fedor Kinaya,Chris Gilmer-Hill,explicit_conflict,explicit_disagreement,Stronger limits on corporate PAC influence,,https://www.kinayaformichigan.com/,
777fef670996820ccea61390,race-963c37b83b359ddc79cb,housing,public_housing,Nicole A. Brown,Amber Fellows,explicit_conflict,explicit_disagreement,"The goal is to create more projects, like Dorsey Estates, by building more housing, so that we have mixed income and market rate housing, as well as more affordable units.",,https://www.wemu.org/wemu-news/2026-07-23/august-primary-race-for-mayor-of-ypsilanti-nicole-brown,
b425a56a416bcf116ebb42a9,race-963c37b83b359ddc79cb,climate_energy,emissions,Nicole A. Brown,Amber Fellows,explicit_conflict,explicit_disagreement,"I don’t want to see a data center in Ypsilanti Township or anywhere near Ypsi, and our residents don’t either.",,https://www.wemu.org/wemu-news/2026-07-23/august-primary-race-for-mayor-of-ypsilanti-nicole-brown,
1d558d6e7b1cb63f4567ec3f,race-963c37b83b359ddc79cb,immigration,abolish_ice,Nicole A. Brown,Amber Fellows,explicit_conflict,explicit_disagreement,I’m unafraid of what would come for us saying that we will not be supporting ICE.,,https://www.wemu.org/wemu-news/2026-07-23/august-primary-race-for-mayor-of-ypsilanti-nicole-brown,
9701a59c7a6522c6f79137ba,race-963c37b83b359ddc79cb,civil_rights,racial_justice,Nicole A. Brown,Amber Fellows,explicit_conflict,explicit_disagreement,"We know that specifically, Black women are three to four times more likely to die from pregnancy-related complications.",,https://www.wemu.org/wemu-news/2026-07-23/august-primary-race-for-mayor-of-ypsilanti-nicole-brown,
3c2f389415b3e75769759c86,race-963c37b83b359ddc79cb,public_safety,police_reform,Nicole A. Brown,Amber Fellows,explicit_conflict,explicit_disagreement,We recognize that not every call requires an armed response or requires a police response.,,https://www.wemu.org/wemu-news/2026-07-23/august-primary-race-for-mayor-of-ypsilanti-nicole-brown,
de105d72d09f8555c1dd6212,race-04edaf6b921af5fb05b3,housing,homeownership,Brenda Short,Omar Fateh,explicit_conflict,explicit_disagreement,My heart is set on ensuring that every Minneapolis resident feels safe secure in their homes and neighborhoods.,,https://southsidepride.com/2025/01/07/questionnaire-answers-from-brenda-short-candidate-for-mayor/,
e92f67a642fbad68a61e74bf,race-04edaf6b921af5fb05b3,public_safety,police_reform,Brenda Short,Omar Fateh,explicit_conflict,explicit_disagreement,I want to build a bridge between the community and the peace officers.,,https://mndaily.com/city/qa-with-2025-minneapolis-mayoral-candidate-brenda-short/12/15/2024/adviser/,
e96f26fdcac7d65b5384a7e6,race-3b2b88f146005f2e7e13,housing,public_housing,Aidan Sova,Dave Zeglen,explicit_conflict,explicit_disagreement,"To truly address our housing crisis, we must pursue a ‘yes-and’ approach — combining public affordable housing with missing-middle housing, transit-oriented development, and community land trusts to build an inclusive Ann Arbor.",,https://www.michigandaily.com/news/ann-arbor/dave-zeglen-aidan-sova-ann-arbor-ward-4/,
a0c6b82953f0170b6f58ff87,race-3b2b88f146005f2e7e13,climate_energy,public_energy,Aidan Sova,Dave Zeglen,explicit_conflict,explicit_disagreement,"We should scale immediate solutions like the SEU while commissioning an independent, data-driven feasibility study to give our community the factual foundation required to pursue full public power responsibly.",,https://www.michigandaily.com/news/ann-arbor/dave-zeglen-aidan-sova-ann-arbor-ward-4/,
0fc5f4e0c54b8ff92cc37d26,race-3b2b88f146005f2e7e13,climate_energy,emissions,Aidan Sova,Dave Zeglen,explicit_conflict,explicit_disagreement,I will refuse to consider any data center proposal that does not operate within a framework prioritizing our community’s resources over corporate convenience.,,https://www.michigandaily.com/news/ann-arbor/dave-zeglen-aidan-sova-ann-arbor-ward-4/,
44916ed87256299ec121a3c6,race-3b2b88f146005f2e7e13,labor,wages,Aidan Sova,Dave Zeglen,explicit_conflict,explicit_disagreement,"My approach on Council will always center on mutual respect and transparent communication, ensuring our hard-working public servants are fairly compensated while maintaining strict fiscal responsibility over our taxpayer dollars.",,https://www.michigandaily.com/news/ann-arbor/dave-zeglen-aidan-sova-ann-arbor-ward-4/,
efbc8f8be64d07c9a170e1e1,race-3b2b88f146005f2e7e13,climate_energy,transit,Aidan Sova,Dave Zeglen,explicit_conflict,explicit_disagreement,"Our area uniquely requires an aggressive, targeted focus on pedestrian safety, particularly to fill our persistent sidewalk gaps and repair aging infrastructure.",,https://www.michigandaily.com/news/ann-arbor/dave-zeglen-aidan-sova-ann-arbor-ward-4/,
6ff79e296e693debe193e02b,race-4dbcc4bbfc94a2eab707,political_strategy,governing,David M. Knudson,Daniel Carlino,explicit_conflict,explicit_disagreement,"My personal role, if I am elected, is to be pragmatic, reasonable lead with cognitive empathy and do my best to find the best solution by finding common ground through compromise.",,https://davidknudsonwithmissoula.com/purpose/,
abb3710dabecbdfb83660b3c,race-4dbcc4bbfc94a2eab707,healthcare,public_health,David M. Knudson,Daniel Carlino,explicit_conflict,explicit_disagreement,"Whether it is mental or physical health issues, people need care and compassion and listening to their needs, from them, is the best way to affect change.",,https://davidknudsonwithmissoula.com/purpose/,
bebae878839c924a3e883265,race-4dbcc4bbfc94a2eab707,housing,public_housing,David M. Knudson,Daniel Carlino,explicit_conflict,explicit_disagreement,"Most assume it is as simple as housing. This is obviously important, but so is communication, job training, safe facilitates and services to help people readjust to getting off the street.",,https://davidknudsonwithmissoula.com/purpose/,
e76a5aeea50c80d11588ed99,race-4dbcc4bbfc94a2eab707,public_safety,sentencing,David M. Knudson,Daniel Carlino,explicit_conflict,explicit_disagreement,"I have come to understand that a lot of these people are approaching retirement age, don’t have access to proper medical care, and are still carrying around criminal records from their youth that still haunt them and deny them access to most housing. These are issues that can and should be addressed.",,https://davidknudsonwithmissoula.com/purpose/,
9e5d1f64323148c5024b2e66,race-4dbcc4bbfc94a2eab707,housing,public_housing,David M. Knudson,Daniel Carlino,explicit_conflict,explicit_disagreement,None of us want to see Missoula lose its charm and character and we need to put proactive community minded policies in place to help Missoulians find and retain affordable housing. We need to do more for our community to keep Montanans HERE in safe reasonably priced quality housing.,,https://davidknudsonwithmissoula.com/purpose/,
ce495594ca5fdd43c8904171,race-4dbcc4bbfc94a2eab707,climate_energy,emissions,Jennifer Savage,Daniel Carlino,explicit_conflict,explicit_disagreement,Climate change is the issue of our time.,,https://www.ballotready.org/people/jennifer-savage,
4981cd1baa2e5462ab201ad6,race-4dbcc4bbfc94a2eab707,housing,zoning,Jennifer Savage,Daniel Carlino,explicit_conflict,explicit_disagreement,"The implementation of Our Missoula, the city’s new development code, has the potential to be a gamechanger when it comes to leveling the playing field for Missoula’s neighborhoods.",,https://www.ballotready.org/people/jennifer-savage,
42fe9d4f6935cba610fb15c0,race-4dbcc4bbfc94a2eab707,housing,public_housing,Jennifer Savage,Daniel Carlino,explicit_conflict,explicit_disagreement,"I support getting as many people housed and connected to services as possible. I also support increased sheltering – congregate shelters, an authorized campsite, temporary safe outdoor spaces - but would look to community partners to help fund and manage these efforts.",,https://www.ballotready.org/people/jennifer-savage,
23caf609964f405dd08b868e,race-4dbcc4bbfc94a2eab707,education,childcare,Jennifer Savage,Daniel Carlino,explicit_conflict,explicit_disagreement,I support increased access to quality childcare and getting creative to find ways to fund it.,,https://www.ballotready.org/people/jennifer-savage,
bd75c13d33c4dcfb264adc91,race-4dbcc4bbfc94a2eab707,tax_budget,corporate_tax,Jennifer Savage,Daniel Carlino,explicit_conflict,explicit_disagreement,"As a city, we can continue to advocate for real property tax reform and push back on corporate tax cuts as residents end up shouldering the burden.",,https://www.ballotready.org/people/jennifer-savage,
fe49ae92dc1efff96a2e26f0,race-63523454c44d7106fb43,public_safety,sentencing,Illapa Sairitupac,Denny Salas,explicit_conflict,explicit_disagreement,"Preventing the rollback of the 2019 pretrial reform law is a good first step, but I will also aggressively pursue and support legislation that ends cash bail and pretrial detention.",,https://jimowles.org/news/candidate-answers-to-joldc-illapa-sairitupac-for-ny-assembly-district-65-2022,
092eb5472e5fe3ba994d1562,race-eda1655ed77072d54e26,public_safety,sentencing,Illapa Sairitupac,Denny Salas,explicit_conflict,explicit_disagreement,"Preventing the rollback of the 2019 pretrial reform law is a good first step, but I will also aggressively pursue and support legislation that ends cash bail and pretrial detention.",,https://jimowles.org/news/candidate-answers-to-joldc-illapa-sairitupac-for-ny-assembly-district-65-2022,
c166013a5601c11ab310b865,race-de378ad3073d92f58c34,housing,zoning,Erica Briggs,Dan Michniewicz,explicit_conflict,explicit_disagreement,Who benefits from housing policy that favors single-family home owners?,,https://www.ericafora2.com/updates/what-is-local-governments-role-in-promoting-social-justice,
a03da8c168bf3cd59cda30b0,race-de378ad3073d92f58c34,climate_energy,transit,Erica Briggs,Dan Michniewicz,explicit_conflict,explicit_disagreement,Who benefits from transportation policy that prioritizes motorists?,,https://www.ericafora2.com/updates/what-is-local-governments-role-in-promoting-social-justice,
b3c74c1d5ebfae4c7d4d4ca3,race-63523454c44d7106fb43,public_safety,sentencing,Denny Salas,Illapa Sairitupac,explicit_conflict,explicit_disagreement,Bail reform has been very successful. I believe we need to reform our supervised release program.,,https://jimowles.org/news/candidate-answers-to-joldc-denny-salas-for-ny-assembly-district-65-2022,
4bde0a0d443590e59b295531,race-eda1655ed77072d54e26,public_safety,sentencing,Denny Salas,Illapa Sairitupac,explicit_conflict,explicit_disagreement,Bail reform has been very successful. I believe we need to reform our supervised release program.,,https://jimowles.org/news/candidate-answers-to-joldc-denny-salas-for-ny-assembly-district-65-2022,
caa72ab6d85de8825ea9e792,race-885bf92cab55e56ae2b7,education,public_schools,Seth Anderson-Oberman,Cindy Bass,explicit_conflict,explicit_disagreement,"I will not support any further expansion of the charter school system in Philadelphia. In fact, just the opposite: it is time to get back to a system where quality, fully-public education is the name of the game.",,https://dc47.org/wp-content/uploads/2023/04/SethAndersonOberman-DC47Questionnaire-CityCouncil-2023.pdf,
5289018ef373d09f7f4cceb7,race-885bf92cab55e56ae2b7,public_safety,police_reform,Seth Anderson-Oberman,Cindy Bass,explicit_conflict,explicit_disagreement,"We have to move resources from where they are doing no good to where they are needed: our libraries, our rec centers, our parks.",,https://dc47.org/wp-content/uploads/2023/04/SethAndersonOberman-DC47Questionnaire-CityCouncil-2023.pdf,
1db13ec0fab30c8a020aeb89,race-771aff796d89fe4ec1df,public_safety,police_reform,"Robert ""Bob"" Murrell",Bridget Neal,explicit_conflict,explicit_disagreement,"I would advocate funding come from NOPD, such as the tens of millions used to purchase surveillance equipment, SOD equipment, and munitions.",,https://www.bgr.org/wp-content/uploads/BGR-2025-New-Orleans-City-Council-Candidate-QA-District-A.pdf,
fe88907a95999cc9c66574dd,race-771aff796d89fe4ec1df,tax_budget,public_spending,"Robert ""Bob"" Murrell",Bridget Neal,explicit_conflict,explicit_disagreement,I think having a one-month reserve built into the Charter for dedicated funding would give a floor to work within reason without sacrificing critical services during this housing and affordability crisis.,,https://www.bgr.org/wp-content/uploads/BGR-2025-New-Orleans-City-Council-Candidate-QA-District-A.pdf,
07c2831f002a1cc93a015804,race-771aff796d89fe4ec1df,housing,tenant_rights,"Robert ""Bob"" Murrell",Bridget Neal,explicit_conflict,explicit_disagreement,I will advocate for a portion of the Housing Trust Fund dollars to go directly to tenants through emergency rental assistance and the Renter Anti-Displacement Fund before they’ve been served with eviction notices.,,https://www.bgr.org/wp-content/uploads/BGR-2025-New-Orleans-City-Council-Candidate-QA-District-A.pdf,
1af65caa8a50a12a90cb97aa,race-771aff796d89fe4ec1df,housing,public_housing,"Robert ""Bob"" Murrell",Bridget Neal,explicit_conflict,explicit_disagreement,"I believe public funds should be used to fund the creation of truly affordable, city-funded social housing.",,https://www.bgr.org/wp-content/uploads/BGR-2025-New-Orleans-City-Council-Candidate-QA-District-A.pdf,
ab43967c8c10f8dc0232f7a0,race-e998c1da8d59c9a7b9df,tax_budget,corporate_tax,Darwin Leuba,Corey O’Connor,explicit_conflict,explicit_disagreement,"I understand the argument that UPMC is an economic driver, but its emphasis on profits has caused a lot of harm.",,https://www.wesanews.org/politics-government/2023-01-18/progressive-activist-leuba-to-challenge-oconnor-for-allegheny-county-controller,
7f1900cb4262e1cb777d33e1,race-e998c1da8d59c9a7b9df,political_strategy,class_struggle,Darwin Leuba,Corey O’Connor,explicit_conflict,explicit_disagreement,I’m not really running against Corey as much as I’m running against the existing power structure that he has upheld.,,https://www.wesanews.org/politics-government/2023-01-18/progressive-activist-leuba-to-challenge-oconnor-for-allegheny-county-controller,
15f945123c9168123e1e6477,race-96505629f7ffc39a5c0e,political_strategy,democratic_party,Rossana Rodriguez,Samie Martinez,explicit_conflict,explicit_disagreement,One of my opponents was chosen to run and is backed by Dick Mell and the same political machine we defeated in 2019.,,https://www.chicagotribune.com/2023/02/07/2023-chicago-aldermanic-candidates-answer-tribune-questionnaire-rossana-rodrguez-snchez/,
247c31f40f42a21cacb6b0d7,race-ef838ba30a1ad20d4a10,public_safety,sentencing,Keith J. Whiteman,Nikkita Oliver,explicit_conflict,explicit_disagreement,Seattle needs pre-trial detention reform. No longer should bail be based on wealth. Money should never determine freedom.,,https://cdn.kingcounty.gov/-/media/king-county/depts/elections/how-to-vote/voters-pamphlets/2017/08/edition-2.pdf,
78cb60f252e332799847476a,race-ef838ba30a1ad20d4a10,housing,public_housing,Keith J. Whiteman,Nikkita Oliver,explicit_conflict,explicit_disagreement,"I will create more accessible, family and partner friendly shelters.",,https://cdn.kingcounty.gov/-/media/king-county/depts/elections/how-to-vote/voters-pamphlets/2017/08/edition-2.pdf,
034d5303b08135176be0d0c9,race-ef838ba30a1ad20d4a10,public_safety,police_reform,Keith J. Whiteman,Nikkita Oliver,explicit_conflict,explicit_disagreement,"We need to increase training for police officers, especially in matters of mental health and de-escalation. No militarization of the SPD.",,https://cdn.kingcounty.gov/-/media/king-county/depts/elections/how-to-vote/voters-pamphlets/2017/08/edition-2.pdf,
529370786d4230d231d9bd49,race-ef838ba30a1ad20d4a10,public_safety,prison_abolition,Keith J. Whiteman,Nikkita Oliver,explicit_conflict,explicit_disagreement,No Youth Jail.,,https://cdn.kingcounty.gov/-/media/king-county/depts/elections/how-to-vote/voters-pamphlets/2017/08/edition-2.pdf,
359e967f0a06bdd1002c9891,race-ef838ba30a1ad20d4a10,immigration,citizenship,Keith J. Whiteman,Nikkita Oliver,explicit_conflict,explicit_disagreement,I stand with all immigrants and refugees and will protect their rights and liberties.,,https://cdn.kingcounty.gov/-/media/king-county/depts/elections/how-to-vote/voters-pamphlets/2017/08/edition-2.pdf,
78021e619def1f22987e320c,race-b1ff317b20f8edf3ba07,housing,rent_control,Matthew Mitnick,Ron Davis,explicit_conflict,explicit_disagreement,"Our platform is under four pillars: rent control, Green New Deal, workers’ rights to unionize, and community control over policing.",,https://www.theurbanist.org/matthew-mitnick-runs-for-seattle-city-council-d4/,
742f82a019fafb515d7babd2,race-b1ff317b20f8edf3ba07,public_safety,police_abolition,Matthew Mitnick,Ron Davis,explicit_conflict,explicit_disagreement,"For me, it means that public safety should not be driven by the police. The police will not keep us safe. The community will keep us safe.",,https://www.theurbanist.org/matthew-mitnick-runs-for-seattle-city-council-d4/,
f4f541e9cdf67817ff7bd224,race-b1ff317b20f8edf3ba07,housing,public_housing,Matthew Mitnick,Ron Davis,explicit_conflict,explicit_disagreement,"With social housing there’s no profit involved and that’s kind of my biggest thing. Housing is a human right. And in my opinion, that means there should be no profit at all when it comes to housing.",,https://www.theurbanist.org/matthew-mitnick-runs-for-seattle-city-council-d4/,
950388389c2d689fdcf2f215,race-ef838ba30a1ad20d4a10,climate_energy,transit,Jessyn Farrell,Nikkita Oliver,explicit_conflict,explicit_disagreement,"As Mayor, I’ll work to accelerate the delivery of light rail, meet carbon reduction targets, and keep our streets clean and well-maintained.",,https://cdn.kingcounty.gov/-/media/king-county/depts/elections/how-to-vote/voters-pamphlets/2017/08/edition-2.pdf,
ce51285e12a1fa221533c5dd,race-ef838ba30a1ad20d4a10,housing,public_housing,Jessyn Farrell,Nikkita Oliver,explicit_conflict,explicit_disagreement,"As Mayor, I’ll address the emergency of homelessness by prioritizing a “housing-first” approach, rather than leaving people on our streets.",,https://cdn.kingcounty.gov/-/media/king-county/depts/elections/how-to-vote/voters-pamphlets/2017/08/edition-2.pdf,
7b4e0bf58869efdc2bad7012,race-ef838ba30a1ad20d4a10,labor,wages,Jessyn Farrell,Nikkita Oliver,explicit_conflict,explicit_disagreement,"I chaired the Legislature’s Working Families Caucus, sponsoring legislation to increase the minimum wage and enact paid family leave.",,https://cdn.kingcounty.gov/-/media/king-county/depts/elections/how-to-vote/voters-pamphlets/2017/08/edition-2.pdf,
3834976fe3fa7162bd083edf,race-ef838ba30a1ad20d4a10,education,public_schools,Jessyn Farrell,Nikkita Oliver,explicit_conflict,explicit_disagreement,"Seattle Schools deserve a partner in City Hall who has demanded and won needed funding, an active public school parent committed to closing opportunity gaps and helping every kid reach their potential.",,https://cdn.kingcounty.gov/-/media/king-county/depts/elections/how-to-vote/voters-pamphlets/2017/08/edition-2.pdf,
2a6034e35fb9d3660796a7a6,race-ef838ba30a1ad20d4a10,tax_budget,public_spending,Casey Carlisle,Nikkita Oliver,explicit_conflict,explicit_disagreement,"The government is not as effective as individuals are at solving problems, and since the government is not an effective tool, we should have it stick to as few tasks as possible.",,https://cdn.kingcounty.gov/-/media/king-county/depts/elections/how-to-vote/voters-pamphlets/2017/08/edition-2.pdf,
8dadab382727ce7b1166c769,race-ef838ba30a1ad20d4a10,labor,union_rights,Casey Carlisle,Nikkita Oliver,explicit_conflict,explicit_disagreement,Voting for me is voting against both forced unionization and excessive taxation.,,https://cdn.kingcounty.gov/-/media/king-county/depts/elections/how-to-vote/voters-pamphlets/2017/08/edition-2.pdf,
590d07d030e7834cc321547d,race-ef838ba30a1ad20d4a10,political_strategy,class_struggle,Mary J. Martin,Nikkita Oliver,explicit_conflict,explicit_disagreement,"For the working class, the greatest of all battles ahead is to throw off the image of ourselves that we do not have the capacity to organize, learn, and to transform ourselves as we fight to end capitalist rule and establish workers power.",,https://cdn.kingcounty.gov/-/media/king-county/depts/elections/how-to-vote/voters-pamphlets/2017/08/edition-2.pdf,
c6d618e5ce26ad13008f24e5,race-ef838ba30a1ad20d4a10,labor,union_rights,Mary J. Martin,Nikkita Oliver,explicit_conflict,explicit_disagreement,The unions must organize the unorganized and support the demand for amnesty to fight for the solidarity of our class.,,https://cdn.kingcounty.gov/-/media/king-county/depts/elections/how-to-vote/voters-pamphlets/2017/08/edition-2.pdf,
ee7b0a560d475a143dad4453,race-ef838ba30a1ad20d4a10,civil_rights,reproductive_rights,Mary J. Martin,Nikkita Oliver,explicit_conflict,explicit_disagreement,"We have walked the picket lines with USW silver miners on strike in Mullan, Idaho; helped build and participate in the May Day actions for immigrant rights; supported the Familias Unidas farm workers union fighting for their first contract in Skagit County; and participated in defense of Planned Parenthood for a woman’s right to choose abortion.",,https://cdn.kingcounty.gov/-/media/king-county/depts/elections/how-to-vote/voters-pamphlets/2017/08/edition-2.pdf,
4094ebc9fae421ac9c84e53d,race-ef838ba30a1ad20d4a10,foreign_policy,war,Mary J. Martin,Nikkita Oliver,explicit_conflict,explicit_disagreement,We speak out against Washington’s imperialist wars- from Iraq to Afghanistan to Syria.,,https://cdn.kingcounty.gov/-/media/king-county/depts/elections/how-to-vote/voters-pamphlets/2017/08/edition-2.pdf,
642d4b9168401217dd440c47,race-2d10d6bfeefa457261b9,public_safety,police_reform,Kim-Khanh Van,Michael Westgaard,explicit_conflict,explicit_disagreement,"On council, I’ve led on public safety for all investing in officers and training, funding mental health navigators, and creating a Downtown Patrol Unit.",,https://cdn.kingcounty.gov/-/media/king-county/depts/elections/how-to-vote/voters-pamphlets/2023/08/edition-1.pdf,
cc3f3540a0164e8d05367f33,race-2d10d6bfeefa457261b9,housing,public_housing,Kim-Khanh Van,Michael Westgaard,explicit_conflict,explicit_disagreement,"And I’ve prioritized Renton kids, seniors, and veterans, leading on affordability, protecting our Cedar River and open spaces, and serving neighbors in need.",,https://cdn.kingcounty.gov/-/media/king-county/depts/elections/how-to-vote/voters-pamphlets/2023/08/edition-1.pdf,
b77881a38650fa3e8422c797,race-ef838ba30a1ad20d4a10,tax_budget,public_spending,Jason Roberts,Nikkita Oliver,explicit_conflict,explicit_disagreement,"Instead of raising property taxes, it’s time to do more with less.",,https://cdn.kingcounty.gov/-/media/king-county/depts/elections/how-to-vote/voters-pamphlets/2017/08/edition-2.pdf,
6ffc0ee3d45a3aaf48c584e8,race-ef838ba30a1ad20d4a10,housing,public_housing,Jason Roberts,Nikkita Oliver,explicit_conflict,explicit_disagreement,It’s time to get to work and find new and creative ways to bring affordable housing to everyone and end homelessness.,,https://cdn.kingcounty.gov/-/media/king-county/depts/elections/how-to-vote/voters-pamphlets/2017/08/edition-2.pdf,
0722cfcfba8cdfc20c21c8b3,race-ef838ba30a1ad20d4a10,economic_ownership,regulation,Jason Roberts,Nikkita Oliver,explicit_conflict,explicit_disagreement,Predatory development companies have manipulated our housing market for too long.,,https://cdn.kingcounty.gov/-/media/king-county/depts/elections/how-to-vote/voters-pamphlets/2017/08/edition-2.pdf,
e3e90231d23fd3cf7625cdb6,race-ef838ba30a1ad20d4a10,housing,zoning,Jason Roberts,Nikkita Oliver,explicit_conflict,explicit_disagreement,"I believe in empowering communities to invest in themselves through small business, to have a vote when it comes to up-zoning, and a voice in the issues that affect their neighborhoods.",,https://cdn.kingcounty.gov/-/media/king-county/depts/elections/how-to-vote/voters-pamphlets/2017/08/edition-2.pdf,
692362ab163307e6cb612065,race-2d10d6bfeefa457261b9,public_safety,police_reform,Randy Corman,Michael Westgaard,explicit_conflict,explicit_disagreement,"Randy is seeking to rejoin and reunite the City Council in response to the increasing challenges faced by the community: rising crime, drugs, homelessness, and cost of living.",,https://cdn.kingcounty.gov/-/media/king-county/depts/elections/how-to-vote/voters-pamphlets/2023/08/edition-1.pdf,
a63005561eda1fe76fb7d9b0,race-2d10d6bfeefa457261b9,housing,public_housing,Randy Corman,Michael Westgaard,explicit_conflict,explicit_disagreement,"While on the Council, Randy played a significant role in driving positive changes: substantial improvements in public safety, enhancement of parks and amenities, successful attraction of major businesses like The Landing and Seahawks, and prioritized production of affordable housing.",,https://cdn.kingcounty.gov/-/media/king-county/depts/elections/how-to-vote/voters-pamphlets/2023/08/edition-1.pdf,
6a7e425ace42d0feb5928aac,race-2d10d6bfeefa457261b9,civil_rights,racial_justice,Randy Corman,Michael Westgaard,explicit_conflict,explicit_disagreement,He also embraced our rich diversity by implementing measurable programs of inclusion and equity that remain a model across the country.,,https://cdn.kingcounty.gov/-/media/king-county/depts/elections/how-to-vote/voters-pamphlets/2023/08/edition-1.pdf,
a6ab139627efa0bb0216aca4,race-8fc9beee4a94871c9105,housing,zoning,Logan Bowers,Kshama Sawant,explicit_conflict,explicit_disagreement,"We must end this injustice. Logan will re-legalize duplexes, triplexes, and quadplexes.",,https://cdn.kingcounty.gov/-/media/king-county/depts/elections/how-to-vote/voters-pamphlets/2019/08/edition-1.pdf,
3a0622463f203bf480fe7c72,race-8fc9beee4a94871c9105,housing,public_housing,Logan Bowers,Kshama Sawant,explicit_conflict,explicit_disagreement,"We need 5,200 units of supportive housing, more shelters, and social and sanitation services that actually meet our unhoused neighbors’ needs.",,https://cdn.kingcounty.gov/-/media/king-county/depts/elections/how-to-vote/voters-pamphlets/2019/08/edition-1.pdf,
70361170aee8802bdfe9f0ab,race-8fc9beee4a94871c9105,climate_energy,transit,Logan Bowers,Kshama Sawant,explicit_conflict,explicit_disagreement,"All road users—even drivers—benefit when more people choose to walk, bike, scooter, or bus. Let’s get fossil fuels out of our lives.",,https://cdn.kingcounty.gov/-/media/king-county/depts/elections/how-to-vote/voters-pamphlets/2019/08/edition-1.pdf,
9c73ce9029e00a4d2b24f437,race-8fc9beee4a94871c9105,public_safety,police_reform,Logan Bowers,Kshama Sawant,explicit_conflict,explicit_disagreement,"No one should fear gun violence or police violence. We need strong accountability to restore community trust, and to pay our officers enough to live in our city.",,https://cdn.kingcounty.gov/-/media/king-county/depts/elections/how-to-vote/voters-pamphlets/2019/08/edition-1.pdf,
77d2ee8668a259526d0b1790,race-8fc9beee4a94871c9105,education,childcare,Logan Bowers,Kshama Sawant,explicit_conflict,explicit_disagreement,"Every family deserves to safely walk to necessities like groceries, schools, or affordable childcare. Logan will end the zoning restrictions on these amenities.",,https://cdn.kingcounty.gov/-/media/king-county/depts/elections/how-to-vote/voters-pamphlets/2019/08/edition-1.pdf,
b2d75a43d5d24d5850e2adda,race-ef838ba30a1ad20d4a10,democracy,electoral_reform,Harley Lever,Nikkita Oliver,explicit_conflict,explicit_disagreement,"As mayor, I will give Seattle back to its citizens and give them a voice once again.",,https://cdn.kingcounty.gov/-/media/king-county/depts/elections/how-to-vote/voters-pamphlets/2017/08/edition-2.pdf,
0e34e37da04b233c582ef1f8,race-ef838ba30a1ad20d4a10,tax_budget,public_spending,Harley Lever,Nikkita Oliver,explicit_conflict,explicit_disagreement,We will only invest taxpayer money in strategies proven to work.,,https://cdn.kingcounty.gov/-/media/king-county/depts/elections/how-to-vote/voters-pamphlets/2017/08/edition-2.pdf,
f29787c84e34a98058f5001b,race-ef838ba30a1ad20d4a10,political_strategy,governing,Harley Lever,Nikkita Oliver,explicit_conflict,explicit_disagreement,"All city contracts, budgets, and cost overruns will be readily available for inspection by our citizens.",,https://cdn.kingcounty.gov/-/media/king-county/depts/elections/how-to-vote/voters-pamphlets/2017/08/edition-2.pdf,
9f2bf861409ab5b987820d93,race-ef838ba30a1ad20d4a10,civil_rights,racial_justice,Tiniell Cato,Nikkita Oliver,explicit_conflict,explicit_disagreement,"I found within the Government, State, Local, District, Federal Agencies, Courts, Businesses, Nonprofits, Land, Documents, Contracts, Process, Procedures, and Policies have clerical errors resulting to discriminations that Violate Civil Rights in the “Equal Opportunity Policy” pertaining to jobs/employment, education, medical, housing/homelessness, loans, grants, policing, and crime.",,https://cdn.kingcounty.gov/-/media/king-county/depts/elections/how-to-vote/voters-pamphlets/2017/08/edition-2.pdf,
83365085687c30a97e17cb73,race-ef838ba30a1ad20d4a10,public_safety,police_reform,Tiniell Cato,Nikkita Oliver,explicit_conflict,explicit_disagreement,"I created a resolution to the clerical errors in “Equal Opportunity Policy” by rewriting the application processes and policies that Violate Civil Rights Act pertaining to oppression, murders in our communities, immediate end to police brutality, and crime.",,https://cdn.kingcounty.gov/-/media/king-county/depts/elections/how-to-vote/voters-pamphlets/2017/08/edition-2.pdf,
2623c69fe80fbed379e876a6,race-ef838ba30a1ad20d4a10,civil_rights,lgbtq_rights,Tiniell Cato,Nikkita Oliver,explicit_conflict,explicit_disagreement,"For example, remove what has nothing to do with skill or experience, like race, creed, sexuality, income, or crime.",,https://cdn.kingcounty.gov/-/media/king-county/depts/elections/how-to-vote/voters-pamphlets/2017/08/edition-2.pdf,
f080228d9caf2b89958f87d8,race-ef838ba30a1ad20d4a10,economic_ownership,public_ownership,Bob Hasegawa,Nikkita Oliver,explicit_conflict,explicit_disagreement,A municipal bank is a cornerstone of my platform.,,https://cdn.kingcounty.gov/-/media/king-county/depts/elections/how-to-vote/voters-pamphlets/2017/08/edition-2.pdf,
7330a215b8bbae5b4c473f3a,race-ef838ba30a1ad20d4a10,housing,public_housing,Bob Hasegawa,Nikkita Oliver,explicit_conflict,explicit_disagreement,"It will raise revenue without raising taxes, and can drastically increase our financing capacity for public housing, sidewalks, schools, and other infrastructure like municipal broadband.",,https://cdn.kingcounty.gov/-/media/king-county/depts/elections/how-to-vote/voters-pamphlets/2017/08/edition-2.pdf,
d9b724de8c8fceecdd6f7517,race-ef838ba30a1ad20d4a10,political_strategy,governing,Bob Hasegawa,Nikkita Oliver,explicit_conflict,explicit_disagreement,"With integrity, compassion, and principled leadership, together we will revitalize our city and neighborhoods into nurturing communities, recreate city government so that it’s truly inclusive of all people.",,https://cdn.kingcounty.gov/-/media/king-county/depts/elections/how-to-vote/voters-pamphlets/2017/08/edition-2.pdf,
eaec38c31ee8c7d30035f483,race-8fc9beee4a94871c9105,housing,zoning,Egan Orion,Kshama Sawant,explicit_conflict,explicit_disagreement,"We also need options like duplexes, triplexes, and small multi-family buildings with single floor living for ADA accessibility and for seniors to age in place.",,https://cdn.kingcounty.gov/-/media/king-county/depts/elections/how-to-vote/voters-pamphlets/2019/08/edition-1.pdf,
7d9af4313bf068321a002fc6,race-8fc9beee4a94871c9105,housing,public_housing,Egan Orion,Kshama Sawant,explicit_conflict,explicit_disagreement,"We need a focus on proven solutions like permanent supportive housing, and regional approaches to mental health and addiction that will result in better outcomes.",,https://cdn.kingcounty.gov/-/media/king-county/depts/elections/how-to-vote/voters-pamphlets/2019/08/edition-1.pdf,
96fb1e0a642b388d57bf406a,race-8fc9beee4a94871c9105,housing,tenant_rights,Egan Orion,Kshama Sawant,explicit_conflict,explicit_disagreement,"Renters should have three month notice on any increases, and increases should be no more than 10% a year.",,https://cdn.kingcounty.gov/-/media/king-county/depts/elections/how-to-vote/voters-pamphlets/2019/08/edition-1.pdf,
f81d7f689069ee84022a2685,race-8fc9beee4a94871c9105,housing,tenant_rights,Egan Orion,Kshama Sawant,explicit_conflict,explicit_disagreement,We must provide financial assistance to bridge emergencies and robust legal support so renters can level the playing field with landlords in Seattle’s expensive and volatile housing market.,,https://cdn.kingcounty.gov/-/media/king-county/depts/elections/how-to-vote/voters-pamphlets/2019/08/edition-1.pdf,
2f1e0c218e22a4c4bbccb3bc,race-8fc9beee4a94871c9105,climate_energy,public_energy,Egan Orion,Kshama Sawant,explicit_conflict,explicit_disagreement,"Let’s expand our adoption of carbon reduction policies, from transportation electrification to flexible scheduling, and work with City Light so that Seattle becomes a leader on solar and wind energy.",,https://cdn.kingcounty.gov/-/media/king-county/depts/elections/how-to-vote/voters-pamphlets/2019/08/edition-1.pdf,
bee0c0a10aa3678eb0b9d6a2,race-b1ff317b20f8edf3ba07,housing,public_housing,Ron Davis,Matthew Mitnick,explicit_conflict,explicit_disagreement,"Seattle should be a place where people from any background can afford to raise a family, build a career, and age in place. I’ll work tirelessly to deliver an affordable city that leaves no one on the street.",,https://cdn.kingcounty.gov/-/media/king-county/depts/elections/how-to-vote/voters-pamphlets/2023/08/edition-1.pdf,
aa0a34692b18e26967c316a3,race-b1ff317b20f8edf3ba07,climate_energy,transit,Ron Davis,Matthew Mitnick,explicit_conflict,explicit_disagreement,"I’ll fight to make it as easy to get around without a car as it is with one, leading on livability and climate.",,https://cdn.kingcounty.gov/-/media/king-county/depts/elections/how-to-vote/voters-pamphlets/2023/08/edition-1.pdf,
353b89e7cf80d9a3b1aa0886,race-b1ff317b20f8edf3ba07,public_safety,police_reform,Ron Davis,Matthew Mitnick,explicit_conflict,explicit_disagreement,"I’m the only candidate with a serious plan: to stop crime before it starts with evidence-based prevention, to quickly send the right professional for each emergency, and to rebuild trust in law enforcement through good governance and accountability.",,https://cdn.kingcounty.gov/-/media/king-county/depts/elections/how-to-vote/voters-pamphlets/2023/08/edition-1.pdf,
8c3732c804da147ab72b6b8f,race-ef838ba30a1ad20d4a10,tax_budget,corporate_tax,Cary Moon,Nikkita Oliver,explicit_conflict,explicit_disagreement,"We must curtail the speculation in our housing market with a new tax on corporate and non-resident ownership of our homes, and plow the proceeds into affordable housing.",,https://cdn.kingcounty.gov/-/media/king-county/depts/elections/how-to-vote/voters-pamphlets/2017/08/edition-2.pdf,
f2c2b7265a3ff165f690900d,race-ef838ba30a1ad20d4a10,climate_energy,transit,Cary Moon,Nikkita Oliver,explicit_conflict,explicit_disagreement,"We must invest more in transit, ensuring our growing communities have access to reliable, frequent bus service.",,https://cdn.kingcounty.gov/-/media/king-county/depts/elections/how-to-vote/voters-pamphlets/2017/08/edition-2.pdf,
51aeb1a820e5dd640b55cbe5,race-ef838ba30a1ad20d4a10,economic_ownership,regulation,Cary Moon,Nikkita Oliver,explicit_conflict,explicit_disagreement,"We must protect and expand our small businesses, the backbone of an economy that builds and keeps wealth in communities.",,https://cdn.kingcounty.gov/-/media/king-county/depts/elections/how-to-vote/voters-pamphlets/2017/08/edition-2.pdf,
15fb1ee4d86e9656d7ec26e6,race-ef838ba30a1ad20d4a10,civil_rights,racial_justice,Cary Moon,Nikkita Oliver,explicit_conflict,explicit_disagreement,"As Mayor, my leadership team will be at least half women, LGBTQ, and people of color.",,https://cdn.kingcounty.gov/-/media/king-county/depts/elections/how-to-vote/voters-pamphlets/2017/08/edition-2.pdf,
e03127b6f1f915c3858846da,race-ef838ba30a1ad20d4a10,tax_budget,corporate_tax,Thom Gunn,Nikkita Oliver,explicit_conflict,explicit_disagreement,Make the boom pay for its impacts.,,https://cdn.kingcounty.gov/-/media/king-county/depts/elections/how-to-vote/voters-pamphlets/2017/08/edition-2.pdf,
28a44dc8591677509016eeb0,race-ef838ba30a1ad20d4a10,climate_energy,transit,Thom Gunn,Nikkita Oliver,explicit_conflict,explicit_disagreement,"Our first priority must be to tackle our transportation cluster. For openers, I have a plan that will cost a fraction of the tunnel and move many more people to the places they want to go.",,https://cdn.kingcounty.gov/-/media/king-county/depts/elections/how-to-vote/voters-pamphlets/2017/08/edition-2.pdf,
0fed7c607f8abd74201a03cd,race-7ded791ebe860d42de68,housing,tenant_rights,Janeese Lewis George,Brandon Todd,explicit_conflict,explicit_disagreement,"Soon after, the landlord who owned the house I lived in told me he was selling and I would have to go. I exercised my TOPA rights and purchased the property. Then Ward 4’s Councilmember led the effort to eliminate TOPA rights for single-family renters. Families were not being represented, they were being actively pushed out of DC by their leaders.",,https://www.petworthnews.org/blog/george-candidate-responses,
34ae5aea4898a55c3a4a48bc,race-fd97e89a58d56d7d9494,housing,zoning,Scott Evan Goldberg,Josie Caballero,explicit_conflict,explicit_disagreement,"The housing crisis needs to be confronted with a corrrespondingly strong response. On the Council, I would prepare legislation that tackles every single aspect of housing to make it more efficient and less costly.",,https://www.montgomery4all.org/scott-evan-goldberg-2026,
5ca1fde6b90beacbe73bb2e7,race-fd97e89a58d56d7d9494,housing,zoning,Laurie-Anne Sayles,Josie Caballero,explicit_conflict,explicit_disagreement,"My focus is on SMART solutions: building more housing near transit, expanding missing-middle options, streamlining development, and preserving affordable units.",,https://www.montgomery4all.org/laurie-anne-sayles-2026,
a3f7b70eb5fb42dce40f80f0,race-fd97e89a58d56d7d9494,housing,zoning,Radwan Chowdhury,Josie Caballero,explicit_conflict,explicit_disagreement,"Current zoning policies limit housing supply by restricting density, separating land uses, and limiting diverse housing types.",,https://www.montgomery4all.org/radwan-chowdhury-2026,
9ac7bd273674cde3a45a693c,race-fd97e89a58d56d7d9494,housing,public_housing,Fatmata Barrie,Josie Caballero,explicit_conflict,explicit_disagreement,"Our housing policies must reflect their reality, not just county averages.",,https://www.montgomery4all.org/fatmata-barrie-2026,
02378e5e2aceff5c66234797,race-fd97e89a58d56d7d9494,housing,zoning,Steve Solomon,Josie Caballero,explicit_conflict,explicit_disagreement,"Supply doesn’t meet demand, causing prices to go up.",,https://www.montgomery4all.org/steve-solomon-2026,
a113972d5c5322671c2ca62f,race-b5fb722f3ee83006712a,tax_budget,public_spending,David Fennell,Oliver Ma,explicit_conflict,explicit_disagreement,"I’ll lead audits to eliminate waste, fraud, and abuse in Sacramento, ensuring your tax dollars are spent wisely.",,https://vig.cdn.sos.ca.gov/2026/primary/pdf/candidate-statements.pdf,
44df079fe5285f3f5c175d09,race-b5fb722f3ee83006712a,housing,zoning,Skip Shelton,Oliver Ma,explicit_conflict,explicit_disagreement,"Tackle the housing crisis head-on with common-sense reforms. Cut red tape for builders, expand homeownership programs, and ensure that working families aren’t priced out of the state they call home.",,https://skipforca.com/,
573f4fff1c777194319af86b,race-b5fb722f3ee83006712a,political_strategy,class_struggle,Alice Stek,Oliver Ma,explicit_conflict,explicit_disagreement,"In my ongoing 32-year career as an OBGYN and HIV specialist within California’s failing healthcare system, I’m continuously affirmed that socialism is the only cure for capitalism.",,https://vig.cdn.sos.ca.gov/2026/primary/pdf/candidate-statements.pdf,
bbb10854b98ca2dd8d8f1864,race-b5fb722f3ee83006712a,civil_rights,reproductive_rights,Fiona Ma,Oliver Ma,explicit_conflict,explicit_disagreement,"As California State Treasurer, I funded reproductive health, birth control, and cancer screenings when Trump cut Title X funding.",,https://vig.cdn.sos.ca.gov/2026/primary/pdf/candidate-statements.pdf,
beee2165637feac5bf6a617a,race-c631ad071570afd36541,education,public_schools,Salvador “Chamba” Sanchez,Jackie Goldberg,explicit_conflict,explicit_disagreement,Education is very personal. It changed my life. I believe in the promise of public education because this community fulfilled that promise to me.,,https://www.laschoolreport.com/meet-the-10-candidates-running-for-lausd-school-board-in-district-5/,
b6aad945bd427cf83161dffd,race-c631ad071570afd36541,education,public_schools,Allison Bajracharya,Jackie Goldberg,explicit_conflict,explicit_disagreement,"This is bigger than any candidate’s campaign. It’s about making sure all our children have the opportunity to learn, prosper, and succeed",,https://www.laschoolreport.com/meet-the-10-candidates-running-for-lausd-school-board-in-district-5/,
b53c90d7d869b3d8a5d2c9ae,race-e172eca6da6aee3f3c56,healthcare,single_payer,Joseph R. Biden Jr.,Bernie Sanders,explicit_conflict,explicit_disagreement,I would veto anything that delays providing the security and the certainty of health care being available now.,,https://www.cnn.com/2020/03/10/politics/joe-biden-medicare-for-all-veto/index.html,
ea585660fa2f47f06b4f7391,race-c631ad071570afd36541,education,public_schools,Heather Repenning,Jackie Goldberg,explicit_conflict,explicit_disagreement,"But the parent perspective is a really important one to have in the mix. I talk to parents every day about how they’re making decisions around their children’s education, how they’re trying to figure it out.",,https://www.laschoolreport.com/meet-the-10-candidates-running-for-lausd-school-board-in-district-5/,
c3423eb1caa381fc05a97e3d,race-c631ad071570afd36541,education,public_schools,Cynthia Gonzalez,Jackie Goldberg,explicit_conflict,explicit_disagreement,"Schools need to have the flexibility to invest in programs that meet the needs of their students and communities. They need funding, assessment and curriculum flexibility.",,https://www.laschoolreport.com/meet-the-10-candidates-running-for-lausd-school-board-in-district-5/,
786b1d23cf3ce2cf6ddb95f9,race-c631ad071570afd36541,education,public_schools,Graciela Ortiz,Jackie Goldberg,explicit_conflict,explicit_disagreement,"My view on schools, in general, is I believe in good schools, period. I believe in good schools in all our communities. Period. To put a label on a school, I don’t believe it’s fair.",,https://www.laschoolreport.com/meet-the-10-candidates-running-for-lausd-school-board-in-district-5/,
90536396d8187f4e4ec419c8,race-c631ad071570afd36541,education,public_schools,David Valdez,Jackie Goldberg,explicit_conflict,explicit_disagreement,"As an artist, I am invested in revitalizing arts programs at our schools. Arts are a proven method of improving educational outcomes and our students need access to programs so that they may continue to develop confidence, soft skills, and leadership abilities",,https://www.laschoolreport.com/meet-the-10-candidates-running-for-lausd-school-board-in-district-5/,
2556cfeafcad73374a6fbd5e,race-c631ad071570afd36541,education,public_schools,Rocio Rivas,Jackie Goldberg,explicit_conflict,explicit_disagreement,"addresses charter school network growth with tight regulation, cleans out the fraud and corruption, implements strong oversight, transparency and demand accountability.",,https://www.laschoolreport.com/meet-the-10-candidates-running-for-lausd-school-board-in-district-5/,
ece3f7adc2bf1f6380e7bd27,race-aed8879df9fbc709db76,healthcare,coverage_expansion,Michael R. Bloomberg,Bernie Sanders,explicit_conflict,explicit_disagreement,I was in favor of it. I thought it didn’t go as far as we should. What Trump has done to this is a disgrace.,,https://www.nbcnews.com/politics/2020-election/full-transcript-ninth-democratic-debate-las-vegas-n1139546,
4911c2c813df49660bfac1c9,race-c3b021b27cd1f9089be2,healthcare,coverage_expansion,Michael R. Bloomberg,Bernie Sanders,explicit_conflict,explicit_disagreement,I was in favor of it. I thought it didn’t go as far as we should. What Trump has done to this is a disgrace.,,https://www.nbcnews.com/politics/2020-election/full-transcript-ninth-democratic-debate-las-vegas-n1139546,
7a7652e3403b01f1106de072,race-73071b15a1c4c8d1ee8f,healthcare,coverage_expansion,Michael R. Bloomberg,Bernie Sanders,explicit_conflict,explicit_disagreement,I was in favor of it. I thought it didn’t go as far as we should. What Trump has done to this is a disgrace.,,https://www.nbcnews.com/politics/2020-election/full-transcript-ninth-democratic-debate-las-vegas-n1139546,
486a837f98f4d1ac0b8c6be1,race-980dc8b6fade3efe9c74,healthcare,coverage_expansion,Michael R. Bloomberg,Bernie Sanders,explicit_conflict,explicit_disagreement,I was in favor of it. I thought it didn’t go as far as we should. What Trump has done to this is a disgrace.,,https://www.nbcnews.com/politics/2020-election/full-transcript-ninth-democratic-debate-las-vegas-n1139546,
9b311fc8e794b4eb045a7ffc,race-aed8879df9fbc709db76,public_safety,police_reform,Michael R. Bloomberg,Bernie Sanders,explicit_conflict,explicit_disagreement,"When we discovered — I discovered that we were doing many, many, too many stop and frisks, we cut 95 percent of it out.",,https://www.nbcnews.com/politics/2020-election/full-transcript-ninth-democratic-debate-las-vegas-n1139546,
72323b20f7918f03641816e5,race-c3b021b27cd1f9089be2,public_safety,police_reform,Michael R. Bloomberg,Bernie Sanders,explicit_conflict,explicit_disagreement,"When we discovered — I discovered that we were doing many, many, too many stop and frisks, we cut 95 percent of it out.",,https://www.nbcnews.com/politics/2020-election/full-transcript-ninth-democratic-debate-las-vegas-n1139546,
a4a9d8b8bb496b6465c09c69,race-73071b15a1c4c8d1ee8f,public_safety,police_reform,Michael R. Bloomberg,Bernie Sanders,explicit_conflict,explicit_disagreement,"When we discovered — I discovered that we were doing many, many, too many stop and frisks, we cut 95 percent of it out.",,https://www.nbcnews.com/politics/2020-election/full-transcript-ninth-democratic-debate-las-vegas-n1139546,
7bcfb06eb264a9b51dd882e0,race-980dc8b6fade3efe9c74,public_safety,police_reform,Michael R. Bloomberg,Bernie Sanders,explicit_conflict,explicit_disagreement,"When we discovered — I discovered that we were doing many, many, too many stop and frisks, we cut 95 percent of it out.",,https://www.nbcnews.com/politics/2020-election/full-transcript-ninth-democratic-debate-las-vegas-n1139546,
e3d770deede56e197f3e5cad,race-aed8879df9fbc709db76,climate_energy,fossil_fuels,Tulsi Gabbard,Bernie Sanders,explicit_conflict,explicit_disagreement,"Long before there was ever a Green New Deal, I introduced the most ambitious climate change legislation ever in Congress called the Off Fossil Fuels Act.",,https://www.nbcnews.com/politics/2020-election/democratic-debate-transcript-july-31-2019-n1038016,
5cc1ea891b0f040e67329caf,race-c3b021b27cd1f9089be2,climate_energy,fossil_fuels,Tulsi Gabbard,Bernie Sanders,explicit_conflict,explicit_disagreement,"Long before there was ever a Green New Deal, I introduced the most ambitious climate change legislation ever in Congress called the Off Fossil Fuels Act.",,https://www.nbcnews.com/politics/2020-election/democratic-debate-transcript-july-31-2019-n1038016,
928a44e7abc1224bdd98eb17,race-73071b15a1c4c8d1ee8f,climate_energy,fossil_fuels,Tulsi Gabbard,Bernie Sanders,explicit_conflict,explicit_disagreement,"Long before there was ever a Green New Deal, I introduced the most ambitious climate change legislation ever in Congress called the Off Fossil Fuels Act.",,https://www.nbcnews.com/politics/2020-election/democratic-debate-transcript-july-31-2019-n1038016,
dccbed9022036929455eb8a7,race-980dc8b6fade3efe9c74,climate_energy,fossil_fuels,Tulsi Gabbard,Bernie Sanders,explicit_conflict,explicit_disagreement,"Long before there was ever a Green New Deal, I introduced the most ambitious climate change legislation ever in Congress called the Off Fossil Fuels Act.",,https://www.nbcnews.com/politics/2020-election/democratic-debate-transcript-july-31-2019-n1038016,
a773ca704278e95f5236fdca,race-aed8879df9fbc709db76,immigration,border_policy,Tulsi Gabbard,Bernie Sanders,explicit_conflict,explicit_disagreement,This is about leadership and understanding that we can and should have both secure borders as well as humane immigration policies.,,https://www.nbcnews.com/politics/2020-election/democratic-debate-transcript-july-31-2019-n1038016,
ca250f72c5272759da842283,race-c3b021b27cd1f9089be2,immigration,border_policy,Tulsi Gabbard,Bernie Sanders,explicit_conflict,explicit_disagreement,This is about leadership and understanding that we can and should have both secure borders as well as humane immigration policies.,,https://www.nbcnews.com/politics/2020-election/democratic-debate-transcript-july-31-2019-n1038016,
a86517d0aa14d51fb3876b6c,race-73071b15a1c4c8d1ee8f,immigration,border_policy,Tulsi Gabbard,Bernie Sanders,explicit_conflict,explicit_disagreement,This is about leadership and understanding that we can and should have both secure borders as well as humane immigration policies.,,https://www.nbcnews.com/politics/2020-election/democratic-debate-transcript-july-31-2019-n1038016,
5ea355c86fda6b4c78e51f11,race-980dc8b6fade3efe9c74,immigration,border_policy,Tulsi Gabbard,Bernie Sanders,explicit_conflict,explicit_disagreement,This is about leadership and understanding that we can and should have both secure borders as well as humane immigration policies.,,https://www.nbcnews.com/politics/2020-election/democratic-debate-transcript-july-31-2019-n1038016,
c1fb78fad1ca5812038a4dde,race-aed8879df9fbc709db76,immigration,asylum,Tulsi Gabbard,Bernie Sanders,explicit_conflict,explicit_disagreement,"We will have to stop separating children from their parents, make it so that it’s easier for people to seek asylum in this country.",,https://www.nbcnews.com/politics/2020-election/democratic-debate-transcript-july-31-2019-n1038016,
75c9ef964ec31fa9b9bb315b,race-c3b021b27cd1f9089be2,immigration,asylum,Tulsi Gabbard,Bernie Sanders,explicit_conflict,explicit_disagreement,"We will have to stop separating children from their parents, make it so that it’s easier for people to seek asylum in this country.",,https://www.nbcnews.com/politics/2020-election/democratic-debate-transcript-july-31-2019-n1038016,
782dc7f07536fe942cb2690b,race-73071b15a1c4c8d1ee8f,immigration,asylum,Tulsi Gabbard,Bernie Sanders,explicit_conflict,explicit_disagreement,"We will have to stop separating children from their parents, make it so that it’s easier for people to seek asylum in this country.",,https://www.nbcnews.com/politics/2020-election/democratic-debate-transcript-july-31-2019-n1038016,
47d5ffe7b08b9c1927a1e569,race-980dc8b6fade3efe9c74,immigration,asylum,Tulsi Gabbard,Bernie Sanders,explicit_conflict,explicit_disagreement,"We will have to stop separating children from their parents, make it so that it’s easier for people to seek asylum in this country.",,https://www.nbcnews.com/politics/2020-election/democratic-debate-transcript-july-31-2019-n1038016,
2fd4ac75a19f93cb22f1f3f9,race-66a798375c1e65a7cd63,education,public_schools,Victor Nwagbaraocha,Dana Kelley,explicit_conflict,explicit_disagreement,"Guarantee high quality early childhood education (K3&K4) with emphasis on pre-reading, pre-mathematical, and pre-writing writing skills",,https://milwaukeenns.org/mps-board-of-directors-candidate-victor-nwagbaraocha/,
d09c2cdb8ea4d42d745418c1,race-aed8879df9fbc709db76,civil_rights,racial_justice,Marianne Williamson,Bernie Sanders,explicit_conflict,explicit_disagreement,"there is an injustice that continues to form a toxicity underneath the surface, an emotional turbulence that only reparations will heal.",,https://transcripts.cnn.com/show/se/date/2019-07-30/segment/01,
0db7a01f82bbb9ab75e80738,race-c3b021b27cd1f9089be2,civil_rights,racial_justice,Marianne Williamson,Bernie Sanders,explicit_conflict,explicit_disagreement,"there is an injustice that continues to form a toxicity underneath the surface, an emotional turbulence that only reparations will heal.",,https://transcripts.cnn.com/show/se/date/2019-07-30/segment/01,
bb936b7cce82c3e29d1be145,race-73071b15a1c4c8d1ee8f,civil_rights,racial_justice,Marianne Williamson,Bernie Sanders,explicit_conflict,explicit_disagreement,"there is an injustice that continues to form a toxicity underneath the surface, an emotional turbulence that only reparations will heal.",,https://transcripts.cnn.com/show/se/date/2019-07-30/segment/01,
03d8a0f125224f730e5b3701,race-980dc8b6fade3efe9c74,civil_rights,racial_justice,Marianne Williamson,Bernie Sanders,explicit_conflict,explicit_disagreement,"there is an injustice that continues to form a toxicity underneath the surface, an emotional turbulence that only reparations will heal.",,https://transcripts.cnn.com/show/se/date/2019-07-30/segment/01,
9c7cf26cf5ebf4ea6867808f,race-aed8879df9fbc709db76,healthcare,public_option,Joseph R. Biden,Bernie Sanders,explicit_conflict,explicit_disagreement,"That is to go and add to Obamacare, provide a public option, a Medicare-like option.",,https://www.nbcnews.com/politics/2020-election/full-transcript-ninth-democratic-debate-las-vegas-n1139546,
8bd85292c8435f216d9f498a,race-c3b021b27cd1f9089be2,healthcare,public_option,Joseph R. Biden,Bernie Sanders,explicit_conflict,explicit_disagreement,"That is to go and add to Obamacare, provide a public option, a Medicare-like option.",,https://www.nbcnews.com/politics/2020-election/full-transcript-ninth-democratic-debate-las-vegas-n1139546,
25ec4c14a4ca212e00df3cbd,race-73071b15a1c4c8d1ee8f,healthcare,public_option,Joseph R. Biden,Bernie Sanders,explicit_conflict,explicit_disagreement,"That is to go and add to Obamacare, provide a public option, a Medicare-like option.",,https://www.nbcnews.com/politics/2020-election/full-transcript-ninth-democratic-debate-las-vegas-n1139546,
9a17e28478c5e2299cfc4666,race-980dc8b6fade3efe9c74,healthcare,public_option,Joseph R. Biden,Bernie Sanders,explicit_conflict,explicit_disagreement,"That is to go and add to Obamacare, provide a public option, a Medicare-like option.",,https://www.nbcnews.com/politics/2020-election/full-transcript-ninth-democratic-debate-las-vegas-n1139546,
b93bd98b3c2e1a6c7ba40679,race-aed8879df9fbc709db76,healthcare,public_option,Pete Buttigieg,Bernie Sanders,explicit_conflict,explicit_disagreement,That's the concept of my Medicare for All Who Want It proposal.,,https://transcripts.cnn.com/show/se/date/2019-07-30/segment/01,
eea0be16bb88a9d996dd44dc,race-c3b021b27cd1f9089be2,healthcare,public_option,Pete Buttigieg,Bernie Sanders,explicit_conflict,explicit_disagreement,That's the concept of my Medicare for All Who Want It proposal.,,https://transcripts.cnn.com/show/se/date/2019-07-30/segment/01,
a3892e5e2c8588057e5a0853,race-73071b15a1c4c8d1ee8f,healthcare,public_option,Pete Buttigieg,Bernie Sanders,explicit_conflict,explicit_disagreement,That's the concept of my Medicare for All Who Want It proposal.,,https://transcripts.cnn.com/show/se/date/2019-07-30/segment/01,
90eed225a77dc9bd7d6549c1,race-aed8879df9fbc709db76,healthcare,single_payer,Cory Booker,Bernie Sanders,explicit_conflict,explicit_disagreement,I'm going to work to get us to a point where Medicare for All - where everyone is covered.,,https://transcripts.cnn.com/show/se/date/2019-07-31/segment/02,
2365330040934d2b2f5c1214,race-c3b021b27cd1f9089be2,healthcare,single_payer,Cory Booker,Bernie Sanders,explicit_conflict,explicit_disagreement,I'm going to work to get us to a point where Medicare for All - where everyone is covered.,,https://transcripts.cnn.com/show/se/date/2019-07-31/segment/02,
95746a13e7edbef3d26b036c,race-73071b15a1c4c8d1ee8f,healthcare,single_payer,Cory Booker,Bernie Sanders,explicit_conflict,explicit_disagreement,I'm going to work to get us to a point where Medicare for All - where everyone is covered.,,https://transcripts.cnn.com/show/se/date/2019-07-31/segment/02,
3efaa1b344fd2413a1f462ce,race-980dc8b6fade3efe9c74,healthcare,single_payer,Cory Booker,Bernie Sanders,explicit_conflict,explicit_disagreement,I'm going to work to get us to a point where Medicare for All - where everyone is covered.,,https://transcripts.cnn.com/show/se/date/2019-07-31/segment/02,
16199e8c3b6399e2322fd3ce,race-aed8879df9fbc709db76,climate_energy,fossil_fuels,Tom Steyer,Bernie Sanders,explicit_conflict,explicit_disagreement,This is still a fossil-fuel-driven economy,,https://www.cbsnews.com/news/tom-steyer-talks-climate-change-and-foreign-policy-on-tour-of-iowa/,
cb5981cb12fdffa60171d923,race-c3b021b27cd1f9089be2,climate_energy,fossil_fuels,Tom Steyer,Bernie Sanders,explicit_conflict,explicit_disagreement,This is still a fossil-fuel-driven economy,,https://www.cbsnews.com/news/tom-steyer-talks-climate-change-and-foreign-policy-on-tour-of-iowa/,
d762550002a6137b51cecb44,race-73071b15a1c4c8d1ee8f,climate_energy,fossil_fuels,Tom Steyer,Bernie Sanders,explicit_conflict,explicit_disagreement,This is still a fossil-fuel-driven economy,,https://www.cbsnews.com/news/tom-steyer-talks-climate-change-and-foreign-policy-on-tour-of-iowa/,
5671b3e701dd18a77bf7b916,race-980dc8b6fade3efe9c74,climate_energy,fossil_fuels,Tom Steyer,Bernie Sanders,explicit_conflict,explicit_disagreement,This is still a fossil-fuel-driven economy,,https://www.cbsnews.com/news/tom-steyer-talks-climate-change-and-foreign-policy-on-tour-of-iowa/,
0f1c7ee1362beb309c288a00,race-026beb7df1654b4ca5c4,civil_rights,racial_justice,Robert L. Langford,Steve Wolfson,explicit_conflict,explicit_disagreement,"To say 'I'm not going to help people,' is the height of being out of touch with how those things hurt people, and how it's hurting our community and particularly obviously people of color, and you propagate that",,https://thenevadaindependent.com/article/on-the-record-the-policy-positions-of-democratic-clark-county-district-attorney-candidate-rob-langford/,
4e2814a5dc45483fc1c7b706,race-026beb7df1654b4ca5c4,public_safety,sentencing,Robert L. Langford,Steve Wolfson,explicit_conflict,explicit_disagreement,"We've been litigating millions and millions of dollars of litigation year in and year out, and they are not being executed nor should they be, in my opinion, because they're not the worst of the worse and/or the manner in which the case was litigated is faulty",,https://thenevadaindependent.com/article/on-the-record-the-policy-positions-of-democratic-clark-county-district-attorney-candidate-rob-langford/,
f5b526904632f0df08864f08,race-b5372ac01c3f03b6971c,political_strategy,governing,Jerry Tao,Elissa Cadish,explicit_conflict,explicit_disagreement,"Is the Court going to drift even further to the left, or can we change the direction? Do we want a Court that gets even more liberal, or can we make it one that follows the Constitution and believes in individual liberty?",,https://thenevadaindependent.com/article/supreme-court-hopeful-promises-to-move-the-court-to-the-right/,
44e1c315f47a44db6a12e453,race-b5372ac01c3f03b6971c,economic_ownership,regulation,Jerry Tao,Elissa Cadish,explicit_conflict,explicit_disagreement,"The U.S. Chamber of Commerce has ranked the Nevada Judiciary as one of the most liberal, anti-business courts in the nation, and it's gotten more liberal over time",,https://thenevadaindependent.com/article/supreme-court-hopeful-promises-to-move-the-court-to-the-right/,
4ec7672496c615f5f6172d66,race-b5372ac01c3f03b6971c,education,public_schools,Jerry Tao,Elissa Cadish,explicit_conflict,explicit_disagreement,"But the ESA issue has been settled by our Supreme Court, I believe rightfully so, and I have no reason to hide my view on that case from the voters.",,https://thenevadaindependent.com/article/supreme-court-hopeful-promises-to-move-the-court-to-the-right/,
34db8d2dc31adde1c7727b33,race-b5372ac01c3f03b6971c,democracy,electoral_reform,Jerry Tao,Elissa Cadish,explicit_conflict,explicit_disagreement,"Ultimately, my party affiliation is publicly available to the voters of Nevada, and I do not believe it is relevant to my candidacy. I purposefully changed my party affiliation from Democrat to Non-Partisan prior to filing for the Supreme Court, and frankly, I regret that I didn't do it years ago when I was first appointed to the District Court by Governor Brian Sandoval. I think every judge should do that.",,https://thenevadaindependent.com/article/supreme-court-hopeful-promises-to-move-the-court-to-the-right/,
4e3c9d63676bb7237231f61b,race-0218abea5bd67b0db8de,labor,wages,Venise L. Karris,Valerie Thomason,explicit_conflict,explicit_disagreement,A living wage is the backbone of my campaign. I believe all of Nevada will benefit in the future if everyone is provided a living wage.,,https://ballotpedia.org/Venise_Karris,
3fe1965cc49ce142027afe8d,race-0218abea5bd67b0db8de,labor,wages,Venise L. Karris,Valerie Thomason,explicit_conflict,explicit_disagreement,"All Nevadans should make a living wage which includes wages, health benefits and the ability to retire with dignity.",,https://ballotpedia.org/Venise_Karris,
7b62040ae12a1c62aafca250,race-0218abea5bd67b0db8de,education,public_schools,Venise L. Karris,Valerie Thomason,explicit_conflict,explicit_disagreement,"Our educators need continued support to increase pay, reduce class size and aid in retention.",,https://ballotpedia.org/Venise_Karris,
3d78358b1500b7cbdd1d2a7c,race-0218abea5bd67b0db8de,civil_rights,reproductive_rights,Venise L. Karris,Valerie Thomason,explicit_conflict,explicit_disagreement,It is not just a good idea but a necessity to include reproductive health care in the Nevada Constitution.,,https://ballotpedia.org/Venise_Karris,
922f4db7da100021f0da6f9b,race-0218abea5bd67b0db8de,civil_rights,reproductive_rights,Venise L. Karris,Valerie Thomason,explicit_conflict,explicit_disagreement,"I will fight - tooth and nail - for a woman's right to choose. Reproductive care should be accessible, affordable and be covered by healthcare insurance.",,https://ballotpedia.org/Venise_Karris,
4e28fd082386a786e2ea7a4d,race-026beb7df1654b4ca5c4,public_safety,police_reform,Steve Wolfson,Robert L. Langford,explicit_conflict,explicit_disagreement,I think that our system is slow in instituting reforms to make our system better. I think our system is slow in making progress.,,https://thenevadaindependent.com/article/on-the-record-the-policy-positions-of-clark-county-district-attorney-steve-wolfson,
3ed650c367dd8e8662bc6da3,race-026beb7df1654b4ca5c4,public_safety,sentencing,Steve Wolfson,Robert L. Langford,explicit_conflict,explicit_disagreement,"I don’t want to prosecute a 20-year-old for having a few joints, and we won’t. The emphasis is not on marijuana cases.",,https://thenevadaindependent.com/article/on-the-record-the-policy-positions-of-clark-county-district-attorney-steve-wolfson,
aae962021d79c018205e6fd8,race-026beb7df1654b4ca5c4,public_safety,sentencing,Steve Wolfson,Robert L. Langford,explicit_conflict,explicit_disagreement,So I don’t know if ending an entire cash bail system is the way to go. I’m willing to study it more.,,https://thenevadaindependent.com/article/on-the-record-the-policy-positions-of-clark-county-district-attorney-steve-wolfson,
0b10f7a38c2686897a268b53,race-026beb7df1654b4ca5c4,public_safety,sentencing,Steve Wolfson,Robert L. Langford,explicit_conflict,explicit_disagreement,"There are too many people in jail on low bail amounts, and they’re in jail because they can’t afford the premiums.",,https://thenevadaindependent.com/article/on-the-record-the-policy-positions-of-clark-county-district-attorney-steve-wolfson,
22be0e4a1dd7783d2a9db927,race-026beb7df1654b4ca5c4,public_safety,sentencing,Steve Wolfson,Robert L. Langford,explicit_conflict,explicit_disagreement,"The death penalty is still a law in the state of Nevada. So as the chief prosecutor for this county, I believe in the enforcement of giving the jury the option of determining whether or not somebody should receive the death penalty.",,https://thenevadaindependent.com/article/on-the-record-the-policy-positions-of-clark-county-district-attorney-steve-wolfson,
039bd21cc084f397dae14d06,race-1b16bc7d886dcbb78057,climate_energy,emissions,Casey Zimmerman,Farrah Chaichi,explicit_conflict,explicit_disagreement,"We need to start addressing this as a threat to human life, so I support businesses using renewable technologies.",,https://web.archive.org/web/20240411015808id_/https://www.caseyfororegon.com/issues,
589fc6581c4b2a663a0747db,race-1b16bc7d886dcbb78057,healthcare,coverage_expansion,Casey Zimmerman,Farrah Chaichi,explicit_conflict,explicit_disagreement,"Moving forward, it is imperative that we heed the advice of healthcare experts to shape policies that benefit both healthcare professionals and citizens alike, with an overall focus on increasing accessibility for every member of the district.",,https://web.archive.org/web/20240411015808id_/https://www.caseyfororegon.com/issues,
0b3f88ee209f85b3f35b6e45,race-1b16bc7d886dcbb78057,housing,public_housing,Casey Zimmerman,Farrah Chaichi,explicit_conflict,explicit_disagreement,My platform emphasizes maintaining positive momentum and implementing more extraordinary accountability measures to track the effectiveness of the allocated funds supporting families and individuals in difficult situations. Our focus should be facilitating pathways to housing and community stability and safety.,,https://web.archive.org/web/20240411015808id_/https://www.caseyfororegon.com/issues,
1848c895572e10ced2e005f8,race-1b16bc7d886dcbb78057,civil_rights,racial_justice,Casey Zimmerman,Farrah Chaichi,explicit_conflict,explicit_disagreement,"I will champion the rights of minorities and marginal communities, including women, people of color, LGBTQIA+ individuals, immigrants, and people with disabilities.",,https://web.archive.org/web/20240411015808id_/https://www.caseyfororegon.com/issues,
16936aab48e8621e697e8512,race-1b16bc7d886dcbb78057,labor,union_rights,Casey Zimmerman,Farrah Chaichi,explicit_conflict,explicit_disagreement,"The ability to collectively bargain and negotiate to improve wages, benefits, and working conditions helps all workers and our communities.",,https://web.archive.org/web/20240411015808id_/https://www.caseyfororegon.com/issues,
fdf5907eef93738e37ee9edd,race-634e869e6260148d2f4a,public_safety,police_reform,Turahn Jenkins,Stephen Zappala Jr.,explicit_conflict,explicit_disagreement,"There wasn't a whole lot of enthusiasm on behalf of the prosecution from what I saw. I just felt there should have been more compassion and more energy when trying that case, a case of that magnitude,",,https://www.cbsnews.com/pittsburgh/news/district-attorney-stephen-zappala-challenger-rosfeld-case/,
94ba6411c0c7af87c7da22bd,race-2812e849ff7ef05c62d9,democracy,campaign_finance,Nikil Saval,Larry Farnese,explicit_conflict,explicit_disagreement,"We won’t have the money that our opponent, a corporate lawyer in Center City, will undoubtedly have — I do not take donations from the fossil fuel industry, real estate developers, or education privatizers",,https://billypenn.com/2019/10/08/this-left-wing-organizer-wants-to-steal-a-powerful-pa-senate-seat-from-phillys-democratic-machine/,
1de7a7839851ba55ed463315,race-4203a44e4268ffb9f421,political_strategy,democratic_party,Byron Nolen,Rashida Tlaib,explicit_conflict,explicit_disagreement,"After Biden withdrew, Tlaib did not reconsider her position",,https://arabamericannews.com/2026/03/27/inkster-mayor-byron-nolen-challenges-u-s-rep-rashida-tlaib-in-michigans-12th-district-primary/,
441fb4037308a1de6d20f287,race-d48f1a508deba96b730b,education,free_college,Joseph R. Biden,Bernie Sanders,explicit_conflict,explicit_disagreement,"With regard to what we're talking about in terms of college education, I've been saying for a long time that we're in a position where 12 years of education is not enough, is not enough for the 21st century. We need 16 years of education. The exact bill that the -- that Senator Sanders introduced of -- I guess a little over a year ago, capping it off at $125,000 in income, you could get free up to that point, after that, you'd have to pay for your college education, it'd only work for public schools and it would work for public universities in your state. I support that idea.",,https://transcripts.cnn.com/show/se/date/2020-03-15/segment/03,
89fc141638b85c6c7e01798a,race-d48f1a508deba96b730b,public_safety,police_reform,Bernie Sanders,Michael Bloomberg,explicit_conflict,explicit_disagreement,Mr. Bloomberg had policies in New York City of stop and frisk which went after African-American and Latino people in an outrageous way. That is not a way you're going to grow voter turnout.,,https://www.nbcnews.com/politics/2020-election/full-transcript-ninth-democratic-debate-las-vegas-n1139546,
6f046d221970246a65ccd890,race-e172eca6da6aee3f3c56,public_safety,police_reform,Bernie Sanders,Michael Bloomberg,explicit_conflict,explicit_disagreement,Mr. Bloomberg had policies in New York City of stop and frisk which went after African-American and Latino people in an outrageous way. That is not a way you're going to grow voter turnout.,,https://www.nbcnews.com/politics/2020-election/full-transcript-ninth-democratic-debate-las-vegas-n1139546,
37e79779c045c4933d3cfd2a,race-5e5b97772655d92ca963,political_strategy,class_struggle,Elizabeth Warren,Bernie Sanders,explicit_conflict,explicit_disagreement,This country has worked for the rich for a long time and left everyone else in the dirt. It is time to have a president who will be on the side of working families and be willing to get out there and fight for them.,,https://www.nbcnews.com/politics/2020-election/full-transcript-ninth-democratic-debate-las-vegas-n1139546,
3b0cb981561bf0e7e7fcbd1e,race-b2f56d1987a501b29012,political_strategy,class_struggle,Elizabeth Warren,Bernie Sanders,explicit_conflict,explicit_disagreement,This country has worked for the rich for a long time and left everyone else in the dirt. It is time to have a president who will be on the side of working families and be willing to get out there and fight for them.,,https://www.nbcnews.com/politics/2020-election/full-transcript-ninth-democratic-debate-las-vegas-n1139546,
0159776172d7ed891917e548,race-5e5b97772655d92ca963,political_strategy,governing,Elizabeth Warren,Bernie Sanders,explicit_conflict,explicit_disagreement,"We need as much help for as many people as quickly as possible and bring in as many supporters as we can. And if we don’t get it all the first time, take the win and come back into the fight to ask for more.",,https://www.nbcnews.com/politics/2020-election/full-transcript-ninth-democratic-debate-las-vegas-n1139546,
fd0de0df98e4c5da5f73097b,race-b2f56d1987a501b29012,political_strategy,governing,Elizabeth Warren,Bernie Sanders,explicit_conflict,explicit_disagreement,"We need as much help for as many people as quickly as possible and bring in as many supporters as we can. And if we don’t get it all the first time, take the win and come back into the fight to ask for more.",,https://www.nbcnews.com/politics/2020-election/full-transcript-ninth-democratic-debate-las-vegas-n1139546,
6514e8a618fbcb1de1ef08b6,race-5e5b97772655d92ca963,education,free_college,Joseph R. Biden,Bernie Sanders,explicit_conflict,explicit_disagreement,"With regard to what we're talking about in terms of college education, I've been saying for a long time that we're in a position where 12 years of education is not enough, is not enough for the 21st century. We need 16 years of education. The exact bill that the -- that Senator Sanders introduced of -- I guess a little over a year ago, capping it off at $125,000 in income, you could get free up to that point, after that, you'd have to pay for your college education, it'd only work for public schools and it would work for public universities in your state. I support that idea.",,https://transcripts.cnn.com/show/se/date/2020-03-15/segment/03,
3f828cdd5503311eef9c4271,race-b2f56d1987a501b29012,education,free_college,Joseph R. Biden,Bernie Sanders,explicit_conflict,explicit_disagreement,"With regard to what we're talking about in terms of college education, I've been saying for a long time that we're in a position where 12 years of education is not enough, is not enough for the 21st century. We need 16 years of education. The exact bill that the -- that Senator Sanders introduced of -- I guess a little over a year ago, capping it off at $125,000 in income, you could get free up to that point, after that, you'd have to pay for your college education, it'd only work for public schools and it would work for public universities in your state. I support that idea.",,https://transcripts.cnn.com/show/se/date/2020-03-15/segment/03,
ad880c447ada94b4e5d4242a,race-5e5b97772655d92ca963,healthcare,public_option,Pete Buttigieg,Bernie Sanders,explicit_conflict,explicit_disagreement,That's the concept of my Medicare for All Who Want It proposal.,,https://transcripts.cnn.com/show/se/date/2019-07-30/segment/01,
7bd273e45c40423707720d90,race-b2f56d1987a501b29012,healthcare,public_option,Pete Buttigieg,Bernie Sanders,explicit_conflict,explicit_disagreement,That's the concept of my Medicare for All Who Want It proposal.,,https://transcripts.cnn.com/show/se/date/2019-07-30/segment/01,
c431a01e27bd6efca01e3167,race-5e5b97772655d92ca963,climate_energy,fossil_fuels,Tulsi Gabbard,Bernie Sanders,explicit_conflict,explicit_disagreement,"Long before there was ever a Green New Deal, I introduced the most ambitious climate change legislation ever in Congress called the Off Fossil Fuels Act.",,https://www.nbcnews.com/politics/2020-election/democratic-debate-transcript-july-31-2019-n1038016,
a917e10881802c2ccfd1eabe,race-b2f56d1987a501b29012,climate_energy,fossil_fuels,Tulsi Gabbard,Bernie Sanders,explicit_conflict,explicit_disagreement,"Long before there was ever a Green New Deal, I introduced the most ambitious climate change legislation ever in Congress called the Off Fossil Fuels Act.",,https://www.nbcnews.com/politics/2020-election/democratic-debate-transcript-july-31-2019-n1038016,
f48014390aa6e38a9702a77c,race-5e5b97772655d92ca963,immigration,border_policy,Tulsi Gabbard,Bernie Sanders,explicit_conflict,explicit_disagreement,This is about leadership and understanding that we can and should have both secure borders as well as humane immigration policies.,,https://www.nbcnews.com/politics/2020-election/democratic-debate-transcript-july-31-2019-n1038016,
fb618d290f7b408b8e9d5beb,race-b2f56d1987a501b29012,immigration,border_policy,Tulsi Gabbard,Bernie Sanders,explicit_conflict,explicit_disagreement,This is about leadership and understanding that we can and should have both secure borders as well as humane immigration policies.,,https://www.nbcnews.com/politics/2020-election/democratic-debate-transcript-july-31-2019-n1038016,
7791161fb640bc355a058e76,race-5e5b97772655d92ca963,immigration,asylum,Tulsi Gabbard,Bernie Sanders,explicit_conflict,explicit_disagreement,"We will have to stop separating children from their parents, make it so that it’s easier for people to seek asylum in this country.",,https://www.nbcnews.com/politics/2020-election/democratic-debate-transcript-july-31-2019-n1038016,
822141bb519aceb21e798f25,race-b2f56d1987a501b29012,immigration,asylum,Tulsi Gabbard,Bernie Sanders,explicit_conflict,explicit_disagreement,"We will have to stop separating children from their parents, make it so that it’s easier for people to seek asylum in this country.",,https://www.nbcnews.com/politics/2020-election/democratic-debate-transcript-july-31-2019-n1038016,
29ac5747257ce581048a16e0,race-5e5b97772655d92ca963,economic_ownership,economic_planning,Andrew Yang,Bernie Sanders,explicit_conflict,explicit_disagreement,"If you’ve heard anything about me and my campaign, you’ve heard that someone is running for president who wants to give every American $1,000 a month.",,https://www.nbcnews.com/politics/2020-election/democratic-debate-transcript-july-31-2019-n1038016,
10a88936ecbc3adcf5a92731,race-b2f56d1987a501b29012,economic_ownership,economic_planning,Andrew Yang,Bernie Sanders,explicit_conflict,explicit_disagreement,"If you’ve heard anything about me and my campaign, you’ve heard that someone is running for president who wants to give every American $1,000 a month.",,https://www.nbcnews.com/politics/2020-election/democratic-debate-transcript-july-31-2019-n1038016,
dc6e201cd3b3a15b8ed6e4c3,race-5e5b97772655d92ca963,labor,job_guarantee,Andrew Yang,Bernie Sanders,explicit_conflict,explicit_disagreement,"We already automated away millions of manufacturing jobs, and chances are your job can be next.",,https://www.nbcnews.com/politics/2020-election/democratic-debate-transcript-july-31-2019-n1038016,
3269555e0e9ff4871fc40b03,race-b2f56d1987a501b29012,labor,job_guarantee,Andrew Yang,Bernie Sanders,explicit_conflict,explicit_disagreement,"We already automated away millions of manufacturing jobs, and chances are your job can be next.",,https://www.nbcnews.com/politics/2020-election/democratic-debate-transcript-july-31-2019-n1038016,
a786f0c9ec73f469715322da,race-fb8880263e03b2c97832,foreign_policy,war,Peter DeFazio,Doyle Canning,explicit_conflict,explicit_disagreement,Congress must vote this week to prohibit an attack on Iran and take up the War Powers Resolution— of which I have authored— to fully enforce that no president has the unilateral powers to commit acts of war.,,https://web.archive.org/web/20200920221820id_/https://www.defazioforcongress.org/2020/01/06/regarding-iran/,
32edbcc5040ded3770fabd23,race-fb8880263e03b2c97832,immigration,asylum,Peter DeFazio,Doyle Canning,explicit_conflict,explicit_disagreement,What is happening at our border is a direct result of Trump's cruel and ineffective Remain in Mexico policy which is a violation of U.S. and international law. Congress must end these atrocities!,,https://web.archive.org/web/20200920213721id_/https://www.defazioforcongress.org/2020/01/17/At-our-southern-border/,
90a65dae75d4bce14127390d,race-fb8880263e03b2c97832,climate_energy,green_new_deal,Peter DeFazio,Doyle Canning,explicit_conflict,explicit_disagreement,It is past time for transformational investments to rebuild our nation and move us toward a clean energy future.,,https://web.archive.org/web/20201031013505id_/https://www.defazioforcongress.org/2020/01/29/my-plan-rebuild-our-nation-and-fight-climate-chang/,
aa3e6467ade9a1bc69a5e647,race-fb8880263e03b2c97832,labor,wages,Peter DeFazio,Doyle Canning,explicit_conflict,explicit_disagreement,Creates family-wage jobs with Davis-Bacon and other strong worker protections.,,https://web.archive.org/web/20201031013505id_/https://www.defazioforcongress.org/2020/01/29/my-plan-rebuild-our-nation-and-fight-climate-chang/,
4ac41bf671613d064ffddc7b,race-fb8880263e03b2c97832,climate_energy,transit,Peter DeFazio,Doyle Canning,explicit_conflict,explicit_disagreement,"I'm dedicated to increasing investments in public transit, high and higher speed rail, and our highway system.",,https://web.archive.org/web/20200807131238id_/https://www.defazioforcongress.org/2020/04/22/earth-day-and-green-new-deal-20/,
a0d7a83d7a519d9978c21878,race-b54ed7e577f1d4c09f77,democracy,electoral_reform,Thomas Hiura,Robert Patterson,explicit_conflict,explicit_disagreement,"The city should consider moving from weak-mayor to strong-mayor form, but it should also be impossible for a Mayor to win an election in a low-turnout May primary. The top-two run-off should occur regardless of a 50% majority, and I would fight for that even if it benefited me as an incumbent.",,https://eugeneweekly.com/2020/04/22/eugene-mayoral-candidates-questionnaire/,
06cf80a28beab554cabbc3d1,race-b54ed7e577f1d4c09f77,climate_energy,emissions,Thomas Hiura,Robert Patterson,explicit_conflict,explicit_disagreement,"50% carbon reduction by 2030 is not fast enough, and with a new gas station going up in Trainsong, we’re going in the wrong direction toward even that goal.",,https://eugeneweekly.com/2020/04/22/eugene-mayoral-candidates-questionnaire/,
e67f32853faff88e8d8f82f8,race-b54ed7e577f1d4c09f77,climate_energy,transit,Thomas Hiura,Robert Patterson,explicit_conflict,explicit_disagreement,"Eugene could be a true leader on electric vehicle infrastructure. Instead, we have zero DC fast-chargers.",,https://eugeneweekly.com/2020/04/22/eugene-mayoral-candidates-questionnaire/,
d0cd7dc52063185b28c94e8f,race-b54ed7e577f1d4c09f77,tax_budget,income_tax,Thomas Hiura,Robert Patterson,explicit_conflict,explicit_disagreement,"I would not be surprised if all 6 of us challengers have issues with the payroll tax. It was regressive, targeting workers.",,https://eugeneweekly.com/2020/04/22/eugene-mayoral-candidates-questionnaire/,
da0104fc3ad9b9d3d59d824f,race-b54ed7e577f1d4c09f77,public_safety,police_reform,Thomas Hiura,Robert Patterson,explicit_conflict,explicit_disagreement,"It did not do nearly enough for CAHOOTS, which handles 18% of crisis calls with 2% of the public safety budget.",,https://eugeneweekly.com/2020/04/22/eugene-mayoral-candidates-questionnaire/,
7f4fd5cbc46b0f4ddf6bc0e8,race-b54ed7e577f1d4c09f77,immigration,citizenship,Lucy Vinis,Robert Patterson,explicit_conflict,explicit_disagreement,"I have consistently championed Eugene’s progressive values: defending our Sanctuary City status, advocating for women’s health care, supporting our unions and pursuing action on climate change.",,https://eugeneweekly.com/2020/04/22/eugene-mayoral-candidates-questionnaire/,
7f9cd1014b823954a32cdb27,race-b54ed7e577f1d4c09f77,housing,public_housing,Lucy Vinis,Robert Patterson,explicit_conflict,explicit_disagreement,"In 2019, the City Council and County Board adopted the 10 recommendations of the TAC report to improve our system of services for the homeless, including the creation of a low-barrier, permanent shelter.",,https://eugeneweekly.com/2020/04/22/eugene-mayoral-candidates-questionnaire/,
0d7771c7bd5ad262d764436d,race-b54ed7e577f1d4c09f77,climate_energy,emissions,Lucy Vinis,Robert Patterson,explicit_conflict,explicit_disagreement,"All of those tactics — electrification, transportation and decarbonization — will require public investment, both in funds and in commitment.",,https://eugeneweekly.com/2020/04/22/eugene-mayoral-candidates-questionnaire/,
cf4d4bc4ed428c8de2b02d4c,race-b54ed7e577f1d4c09f77,tax_budget,income_tax,Lucy Vinis,Robert Patterson,explicit_conflict,explicit_disagreement,Only the payroll tax provided the sustainable revenue source that could meet the level of need. The tax is designed to be broad and shallow — everyone pays into it and no one pays very much. Minimum wage workers are exempt.,,https://eugeneweekly.com/2020/04/22/eugene-mayoral-candidates-questionnaire/,
f1bf01a7a0d17bf0ed06ea50,race-b54ed7e577f1d4c09f77,housing,tenant_rights,Lucy Vinis,Robert Patterson,explicit_conflict,explicit_disagreement,"As Mayor, I also advocate at the State and Federal level for support, specific policies such as the eviction moratorium, and information.",,https://eugeneweekly.com/2020/04/22/eugene-mayoral-candidates-questionnaire/,
66471dab3d8ede3b18ef807f,race-6b3e32b312459df68fc0,political_strategy,governing,Alexander “Alex” Acevedo,Byron Sigcho-Lopez,explicit_conflict,explicit_disagreement,"As elected officials, we should hold [city council] accountable to the needs of the people.",,https://blockclubchicago.org/2018/10/01/race-to-unseat-solis-becomes-more-crowded-as-former-state-rep-candidate-former-cps-principal-jump-in/,
16634e00311c476120feedd3,race-6b3e32b312459df68fc0,housing,tenant_rights,Alexander “Alex” Acevedo,Byron Sigcho-Lopez,explicit_conflict,explicit_disagreement,"From seniors to undocumented families, we must find solutions for longterm residents so they can stay. We must continue to demand and advocate for affordability in housing and opportunity.",,https://blockclubchicago.org/2019/01/15/we-need-more-affordable-housing-in-pilsen-25th-ward-candidates-say-at-forum/,
e269e0832ea032fc230d8594,race-6b3e32b312459df68fc0,housing,rent_control,Alexander “Alex” Acevedo,Byron Sigcho-Lopez,explicit_conflict,explicit_disagreement,We need to do our homework and look at other states doing it the right way.,,https://blockclubchicago.org/2019/01/15/we-need-more-affordable-housing-in-pilsen-25th-ward-candidates-say-at-forum/,
be985bf7d2eed284063d236a,race-6b3e32b312459df68fc0,education,public_schools,Alexander “Alex” Acevedo,Byron Sigcho-Lopez,explicit_conflict,explicit_disagreement,"It’s a community that provides local econom[ic] funding…and deserves its resources. Everyone wants to send their kids to a Level 1 school, why can’t all schools be like that?",,https://blockclubchicago.org/2019/01/28/would-25th-ward-candidates-support-a-new-near-west-side-high-school-aldermanic-hopefuls-weigh-in/,
25d8c01444902839e8b3d14d,race-6b3e32b312459df68fc0,political_strategy,governing,Alexander “Alex” Acevedo,Byron Sigcho-Lopez,explicit_conflict,explicit_disagreement,We can wait a few more months to make sure this development is ethical and free of scandal.,,https://blockclubchicago.org/2019/02/06/700-million-tif-for-massive-the-78-development-advances-despite-25th-ward-hopefuls-push-for-delay/,
1b7b7fe069893f764ae6f4ff,race-aa619f073bb1cd24ef4e,immigration,citizenship,Jesus G. Garcia,Carlos Ramirez-Rosa,explicit_conflict,explicit_disagreement,"Whether it’s DACA, protecting family migration and keeping it a pillar of our immigration policy, or defending gains that we’ve made to protect immigrants like the ICE detainer ordinance at the county, and of course protecting the sanctuary designation that the city has.",,https://chicagoreader.com/news/chuy-garcia-vows-to-keep-fighting-chicago-machine-from-congress/,
b3d4965a86d581201bc6f383,race-aa619f073bb1cd24ef4e,climate_energy,transit,Jesus G. Garcia,Carlos Ramirez-Rosa,explicit_conflict,explicit_disagreement,"Beyond immigration reform, I want to help pass a real infrastructure bill in Congress that rebuilds infrastructure that creates jobs that improves transit for people who have to travel to work each and every day.",,https://chicagoreader.com/news/chuy-garcia-vows-to-keep-fighting-chicago-machine-from-congress/,
d14eaa7caa15baaf063c9bd0,race-aa619f073bb1cd24ef4e,education,free_college,Jesus G. Garcia,Carlos Ramirez-Rosa,explicit_conflict,explicit_disagreement,I’m a big supporter of Bernie’s college access and affordability for all. I think it ought to be free for people who need it at public colleges and universities.,,https://chicagoreader.com/news/chuy-garcia-vows-to-keep-fighting-chicago-machine-from-congress/,
980c8b0a5fba69da21985c77,race-aa619f073bb1cd24ef4e,tax_budget,public_spending,Jesus G. Garcia,Carlos Ramirez-Rosa,explicit_conflict,explicit_disagreement,Unless you generate new revenue you can’t have the programs that are expected of good government that provides good services to people.,,https://chicagoreader.com/news/chuy-garcia-vows-to-keep-fighting-chicago-machine-from-congress/,
cef43a6a47ff0c9cf6b4d1ff,race-aa619f073bb1cd24ef4e,democracy,electoral_reform,Jesus G. Garcia,Carlos Ramirez-Rosa,explicit_conflict,explicit_disagreement,"Many of them haven’t: an elected school board, investment in the disinvested communities in Chicago have not been addressed.",,https://chicagoreader.com/news/chuy-garcia-vows-to-keep-fighting-chicago-machine-from-congress/,
800e1da7bf45cea833cbffb5,race-6b3e32b312459df68fc0,climate_energy,emissions,Troy Antonio Hernandez,Byron Sigcho-Lopez,explicit_conflict,explicit_disagreement,"The City of Chicago, when Rahm came, in ended the Department of Environment, so I would push for the Mayor to reinstate that, I’d use my aldermanic prerogative, and this is why I ran against Solis [in 2015].",,https://southsideweekly.com/meet-candidates-troy-hernandez-25th-ward/,
03fc302ce90d860528893f21,race-6b3e32b312459df68fc0,climate_energy,emissions,Troy Antonio Hernandez,Byron Sigcho-Lopez,explicit_conflict,explicit_disagreement,"What can I extract from from Hilco…in terms of green space, green jobs, in exchange for them bringing jobs here? You know, it’s sitting vacant. Can we get them to shut down or turn the peaker plant into a battery power peaker plant, [add] solar panels, those sorts of things, and still get them to build the development.",,https://southsideweekly.com/meet-candidates-troy-hernandez-25th-ward/,
faf3e330d8c5ad7265e87aa2,race-6b3e32b312459df68fc0,housing,homeownership,Troy Antonio Hernandez,Byron Sigcho-Lopez,explicit_conflict,explicit_disagreement,"I’m calling for [more] owner occupied buildings, subsidized owner occupied, middle class folks buying these buildings that—like me—know how to swing a hammer and can actually maintain a building, to help them out with either their down payment or their interest rate.",,https://southsideweekly.com/meet-candidates-troy-hernandez-25th-ward/,
5a39864bba8dda0308fdac4b,race-6b3e32b312459df68fc0,democracy,campaign_finance,Troy Antonio Hernandez,Byron Sigcho-Lopez,explicit_conflict,explicit_disagreement,"It’s a negotiation. And it’s not a negotiation that’s gonna require any campaign contributions, because I won’t take any campaign contributions from corporations or special interests.",,https://southsideweekly.com/meet-candidates-troy-hernandez-25th-ward/,
6c8adaa8fd5a84b01e6a6d7e,race-6b3e32b312459df68fc0,democracy,electoral_reform,Troy Antonio Hernandez,Byron Sigcho-Lopez,explicit_conflict,explicit_disagreement,"[We need] to get an independent commission to draw the ward boundary lines, which is going to happen for this next alderman, and to get public financing for campaigns.",,https://southsideweekly.com/meet-candidates-troy-hernandez-25th-ward/,
08d7ded3c8a569fc96c9809c,race-aa619f073bb1cd24ef4e,immigration,citizenship,Richard Gonzalez,Carlos Ramirez-Rosa,explicit_conflict,explicit_disagreement,"I support establishing a clear, safe, non-punitive path to citizenship for all undocumented persons. I support DACA and advocate for the immediate suspension of deportations that threaten to separate families, or that force the exit of children in this country who have lived virtually their entire lives in the United States.",,https://chicago.suntimes.com/2018/2/13/18410258/4th-congressional-district-democratic-candidate-richard-gonzalez,
7e4448c00f7b4e187fd47144,race-aa619f073bb1cd24ef4e,public_safety,sentencing,Richard Gonzalez,Carlos Ramirez-Rosa,explicit_conflict,explicit_disagreement,"And finally, I would promote stiffer penalties for specifically gang-related crimes. Punishment can indeed have a deterrent effect, if meted out to the right individual, for the right crime, at the right time.",,https://chicago.suntimes.com/2018/2/13/18410258/4th-congressional-district-democratic-candidate-richard-gonzalez,
488b727d62ba477988b3c8ef,race-aa619f073bb1cd24ef4e,climate_energy,fossil_fuels,Richard Gonzalez,Carlos Ramirez-Rosa,explicit_conflict,explicit_disagreement,"I do not support Trump’s executive order cutting regulations for small businesses that result in environmental harm, as does the repeal of the Clean Power Plan, or the moves to expand oil drilling in the Arctic and Gulf of Mexico, or the permission granted to the Keystone KL pipeline to move forward (a project decisively rejected by the Obama administration).",,https://chicago.suntimes.com/2018/2/13/18410258/4th-congressional-district-democratic-candidate-richard-gonzalez,
c87ea44e9a1db1900174d30f,race-aa619f073bb1cd24ef4e,foreign_policy,war,Richard Gonzalez,Carlos Ramirez-Rosa,explicit_conflict,explicit_disagreement,"No, it is not plausible. The leader of North Korea shows many signs of being maniacal, and that in itself is certainly dangerous and should give the President pause in the way he deals with North Korea’s nuclear threat.",,https://chicago.suntimes.com/2018/2/13/18410258/4th-congressional-district-democratic-candidate-richard-gonzalez,
1a1bb97d962b0f3f9f992ce7,race-aa619f073bb1cd24ef4e,foreign_policy,sanctions,Richard Gonzalez,Carlos Ramirez-Rosa,explicit_conflict,explicit_disagreement,"I believe that sanctions and diplomacy must come to the forefront. We must show prudence in our words and actions and do more to relax tensions, not worsen them.",,https://chicago.suntimes.com/2018/2/13/18410258/4th-congressional-district-democratic-candidate-richard-gonzalez,
7750a28d8a3d65982d4a531a,race-e291edf93c516f46f9d3,public_safety,police_reform,Nicole Lee,Ambria Taylor,explicit_conflict,explicit_disagreement,Our streets are safer when we as a community are actively engaged.,,https://web.archive.org/web/20230111185429id_/https://votenicolelee.com/,
3a3bd6ed5b986e624d055399,race-e291edf93c516f46f9d3,education,public_schools,Nicole Lee,Ambria Taylor,explicit_conflict,explicit_disagreement,Our children deserve quality options at every level of education.,,https://web.archive.org/web/20230111185429id_/https://votenicolelee.com/,
1e26127fa1792837d1b4b5c7,race-e291edf93c516f46f9d3,public_safety,police_reform,Nicole Lee,Ambria Taylor,explicit_conflict,explicit_disagreement,Increasing the budget for the Chicago Police Department by millions of dollars,,https://www.doverstrategygroup.com/wp-content/uploads/2023/08/Lee_MP04_Home_FINAL-compressed.pdf,
058d531668481e28800c33b1,race-e291edf93c516f46f9d3,public_safety,police_reform,Nicole Lee,Ambria Taylor,explicit_conflict,explicit_disagreement,Adding close to $20 million in new funding for more officers,,https://www.doverstrategygroup.com/wp-content/uploads/2023/08/Lee_MP04_Home_FINAL-compressed.pdf,
421a476789add3396e06bfc0,race-e291edf93c516f46f9d3,public_safety,police_reform,Nicole Lee,Ambria Taylor,explicit_conflict,explicit_disagreement,Supporting a $61.5 million increase in community-based violence prevention programs,,https://www.doverstrategygroup.com/wp-content/uploads/2023/08/Lee_MP04_Home_FINAL-compressed.pdf,
7549760aa86dcd98071b4eeb,race-b329e1eeb5cd234c8ba2,tax_budget,public_spending,Ugo Okere,Patrick J. O'Connor,explicit_conflict,explicit_disagreement,This also includes introducing participatory budgeting into the 40th Ward to give democratic control of the 1.3 million dollars in infrastructure funds given to the 40th Ward every year.,,https://news.wttw.com/elections/voters-guide/2019/candidates/chicago-city-council/ugo-okere,
b8a500a422607b4d6058aff3,race-b329e1eeb5cd234c8ba2,public_safety,police_reform,Ugo Okere,Patrick J. O'Connor,explicit_conflict,explicit_disagreement,"This means vigorously fighting back against a Police Academy no one asked for, and instead fighting to see 95 million dollars invested in re-opening shut down mental health clinics.",,https://news.wttw.com/elections/voters-guide/2019/candidates/chicago-city-council/ugo-okere,
0c9f3cf97264c159f973c812,race-b329e1eeb5cd234c8ba2,tax_budget,corporate_tax,Ugo Okere,Patrick J. O'Connor,explicit_conflict,explicit_disagreement,"This means a focus on progressive, rather than regressive revenue through reinstating the Corporate Head Tax, passing a LaSalle Street Tax, Bad Business Fee to tax businesses that fail to pay workers the living wage, and passing an ordinance to make parking violations and tickets progressive to take the burden off of black and brown residents of Chicago.",,https://news.wttw.com/elections/voters-guide/2019/candidates/chicago-city-council/ugo-okere,
2678fc9c3ed17861fc51da0c,race-b329e1eeb5cd234c8ba2,housing,public_housing,Ugo Okere,Patrick J. O'Connor,explicit_conflict,explicit_disagreement,"To start, I will work to pass the Keeping the Promise Ordinance to ensure the Chicago Housing Authority uses its resources to create racially equitable, affordable housing.",,https://news.wttw.com/elections/voters-guide/2019/candidates/chicago-city-council/ugo-okere,
8b9f04ec98c0061a4607ef9a,race-b329e1eeb5cd234c8ba2,housing,rent_control,Ugo Okere,Patrick J. O'Connor,explicit_conflict,explicit_disagreement,I will work with state officials to get the ban on rent control lifted and then help enact rent control for Chicago.,,https://news.wttw.com/elections/voters-guide/2019/candidates/chicago-city-council/ugo-okere,
ae93765908597fc08ac7be2f,race-5a97dce0ed256661ab24,public_safety,police_reform,Jennifer O. Maddox,Jeanette B Taylor,explicit_conflict,explicit_disagreement,Both should collaborate more and the way to do this is to build relationships to establish trust. I would connect to all of the police districts and start working with the new police councils to strategize best practices that would be helpful to support all the communities I will represent.,,https://www.chicagotribune.com/2023/02/07/2023-chicago-aldermanic-candidates-answer-tribune-questionnaire-jennifer-maddox/,
1c5b687b5037de9db6de50d5,race-5a97dce0ed256661ab24,education,public_schools,Jennifer O. Maddox,Jeanette B Taylor,explicit_conflict,explicit_disagreement,"Need more nurses, teachers aides, social worker for case management and social emotional learning practitioners.",,https://www.chicagotribune.com/2023/02/07/2023-chicago-aldermanic-candidates-answer-tribune-questionnaire-jennifer-maddox/,
46c645aba35c8200036e9376,race-5a97dce0ed256661ab24,tax_budget,public_spending,Jennifer O. Maddox,Jeanette B Taylor,explicit_conflict,explicit_disagreement,I’d like to see it spent more in blighted communities and include community input because ultimately they will be on the hook for any tax increases.,,https://www.chicagotribune.com/2023/02/07/2023-chicago-aldermanic-candidates-answer-tribune-questionnaire-jennifer-maddox/,
4374bd166bb0137eac071810,race-5a97dce0ed256661ab24,healthcare,public_health,Jennifer O. Maddox,Jeanette B Taylor,explicit_conflict,explicit_disagreement,"Yes it should be expedited. However, I do understand there is a staff shortage which limits the amount of service lines that can be installed and completed. We have to prioritize the wok orders and make sure high priorities are handled first. Hire more.",,https://www.chicagotribune.com/2023/02/07/2023-chicago-aldermanic-candidates-answer-tribune-questionnaire-jennifer-maddox/,
9ebeda45e1b0803e0fc1c86a,race-5a97dce0ed256661ab24,housing,rent_control,Jennifer O. Maddox,Jeanette B Taylor,explicit_conflict,explicit_disagreement,"Gentrification, finding tax reliefs for homeowners and caps in rent for renters so that all can feel like they are able to stay in the ward they love.",,https://www.chicagotribune.com/2023/02/07/2023-chicago-aldermanic-candidates-answer-tribune-questionnaire-jennifer-maddox/,
04b0f7f07490d61ff6ec60e8,race-5a97dce0ed256661ab24,public_safety,police_reform,Andre Smith,Jeanette B Taylor,explicit_conflict,explicit_disagreement,"Virtual Block Clubs – Where real block-clubs are not possible I would create a virtual Block Club using residents cameras (Ring, Nest & Arlo) to help monitor streets to prevent/deter crime in all areas, we need to expand Neighborhood Watch.",,https://www.chicagotribune.com/2023/02/07/2023-chicago-aldermanic-candidates-answer-tribune-questionnaire-andre-smith/,
25d78e6f487f5f6425547a5e,race-5a97dce0ed256661ab24,economic_ownership,economic_planning,Andre Smith,Jeanette B Taylor,explicit_conflict,explicit_disagreement,"I believe in making what you have work, we have a beautiful city with lots of resources, and I would like to see the schools in our community re-purposed for entrepreneurial enterprises.",,https://www.chicagotribune.com/2023/02/07/2023-chicago-aldermanic-candidates-answer-tribune-questionnaire-andre-smith/,
de4fcc0c986b0a789ff9c2cf,race-5a97dce0ed256661ab24,tax_budget,public_spending,Andre Smith,Jeanette B Taylor,explicit_conflict,explicit_disagreement,"That comes at the expense of Chicago Public Schools, libraries, parks, and other public assets. TIF must end!!!",,https://www.chicagotribune.com/2023/02/07/2023-chicago-aldermanic-candidates-answer-tribune-questionnaire-andre-smith/,
8f5e979c7aa9b5a87697f846,race-5a97dce0ed256661ab24,healthcare,public_health,Andre Smith,Jeanette B Taylor,explicit_conflict,explicit_disagreement,"I know lead to be a huge problem and I would like the pace to increase, I would look towards the COVID relief funds to see if that block of money can be re-directed to address this concern, I am very much afraid of our current debt, fleeing residents, FED raising the basis-point putting a bigger strain on our current debt obligations and the payment structure as it pertains to us servicing that debt, I would love to see the pace increase but if elected I would not create another expense at this time to address it, I would look to other pockets of money that might be available to assist.",,https://www.chicagotribune.com/2023/02/07/2023-chicago-aldermanic-candidates-answer-tribune-questionnaire-andre-smith/,
311e64f73e99a0fe52eb8bd2,race-5a97dce0ed256661ab24,education,public_schools,Andre Smith,Jeanette B Taylor,explicit_conflict,explicit_disagreement,"Enrollment is directly related to performance, citizens are speaking up about CPS’s performance by leaving for better educational choices, if CPS is to turn this around it must focus on educational outcomes for Math, Reading & Science, 3-7% proficiency is NOT ENOUGH in these subjects to have these kids compete and the fact they have to take remedial classes in college cement the point that they are not prepared.",,https://www.chicagotribune.com/2023/02/07/2023-chicago-aldermanic-candidates-answer-tribune-questionnaire-andre-smith/,
bb5dca99a5d5e35c428fefdf,race-6335823482c22ec33412,tax_budget,income_tax,Carlos Ramirez-Rosa,Amanda Yu Dieterich,explicit_conflict,explicit_disagreement,"Together, we opposed Mayor Rahm Emanuel's massive property tax increase, and delivered $20 million in property tax relief for our most vulnerable families.",,https://web.archive.org/web/20181105043119id_/http://www.carlosrosa.org/,
0f7b46ba9aabed3c653844cd,race-6335823482c22ec33412,labor,wages,Carlos Ramirez-Rosa,Amanda Yu Dieterich,explicit_conflict,explicit_disagreement,a new hotel with $17/hr jobs in Logan Square,,https://web.archive.org/web/20181105043119id_/http://www.carlosrosa.org/,
3494019279ada512faa2949b,race-6335823482c22ec33412,housing,public_housing,Carlos Ramirez-Rosa,Amanda Yu Dieterich,explicit_conflict,explicit_disagreement,a multi-family affordable housing development in Albany Park,,https://web.archive.org/web/20181105043119id_/http://www.carlosrosa.org/,
9a67ce1775dae9a5ecf6de6d,race-6335823482c22ec33412,democracy,electoral_reform,Carlos Ramirez-Rosa,Amanda Yu Dieterich,explicit_conflict,explicit_disagreement,"Together, we put local zoning and budgetary decisions in the hands of the people of the 35th Ward, and have led the way in promoting inclusive, transparent, and democratic local decision making.",,https://web.archive.org/web/20181105043119id_/http://www.carlosrosa.org/,
0d1ea9767129c596c40b2058,race-6335823482c22ec33412,political_strategy,movement_building,Carlos Ramirez-Rosa,Amanda Yu Dieterich,explicit_conflict,explicit_disagreement,"With your continued support we will continue to build our movement for a City Hall and local government that is truly of, by, and for the people - not a rich and powerful few.",,https://web.archive.org/web/20181105043119id_/http://www.carlosrosa.org/,
5a7cf85cf99ccd5a1dbe975d,race-a2c5fa7107339af30327,economic_ownership,economic_planning,Yessenia Carreón,Oscar Sanchez,explicit_conflict,explicit_disagreement,Yessenia Carreon is running for 10th Ward Alderman to rebuild our business districts,,https://web.archive.org/web/20230222191346id_/https://yessfor10.com/,
d485b3d98910e33ea4c28202,race-a2c5fa7107339af30327,education,public_schools,Yessenia Carreón,Oscar Sanchez,explicit_conflict,explicit_disagreement,bring programs that empower our youth,,https://web.archive.org/web/20230222191346id_/https://yessfor10.com/,
658b28eb68f3962f4773c391,race-a2c5fa7107339af30327,economic_ownership,economic_planning,Yessenia Carreón,Oscar Sanchez,explicit_conflict,explicit_disagreement,Small business is what this neighborhood used to be made of,,https://blockclubchicago.org/2023/02/03/10th-ward-candidates-talk-police-and-development-at-southeast-side-aldermanic-forum/,
625b8188762ab6d27280a68c,race-a2c5fa7107339af30327,climate_energy,emissions,Yessenia Carreón,Oscar Sanchez,explicit_conflict,explicit_disagreement,businesses that are putting our health at risk,,https://blockclubchicago.org/2023/02/03/10th-ward-candidates-talk-police-and-development-at-southeast-side-aldermanic-forum/,
e2bbf8a2e8b5afc8884077ae,race-a2c5fa7107339af30327,education,public_schools,Ana Guajardo,Oscar Sanchez,explicit_conflict,explicit_disagreement,What we want is simple: fully funded schools with equal resources regardless of our ZIP code,,https://blockclubchicago.org/2022/09/07/ana-guajardo-advocate-for-immigrant-workers-announces-bid-for-10th-ward-alderperson-with-chuy-garcias-backing/,
5ca1063e7783915d7f7a929e,race-a2c5fa7107339af30327,labor,union_rights,Ana Guajardo,Oscar Sanchez,explicit_conflict,explicit_disagreement,We want union jobs. We want to ensure that there’s no harassment or exploitation in the workplace [or] union busting.,,https://blockclubchicago.org/2022/09/07/ana-guajardo-advocate-for-immigrant-workers-announces-bid-for-10th-ward-alderperson-with-chuy-garcias-backing/,
30efe34c9dffd9d455993c10,race-a2c5fa7107339af30327,climate_energy,emissions,Ana Guajardo,Oscar Sanchez,explicit_conflict,explicit_disagreement,"We want clean air, clean water.",,https://blockclubchicago.org/2022/09/07/ana-guajardo-advocate-for-immigrant-workers-announces-bid-for-10th-ward-alderperson-with-chuy-garcias-backing/,
790e6dfa2578bedb5a42a89e,race-a2c5fa7107339af30327,civil_rights,racial_justice,Ana Guajardo,Oscar Sanchez,explicit_conflict,explicit_disagreement,"We want communities free from hate, bigotry and division.",,https://blockclubchicago.org/2022/09/07/ana-guajardo-advocate-for-immigrant-workers-announces-bid-for-10th-ward-alderperson-with-chuy-garcias-backing/,
41307294f2628757a5d58ac1,race-a2c5fa7107339af30327,public_safety,police_reform,Ana Guajardo,Oscar Sanchez,explicit_conflict,explicit_disagreement,Accountability is a must in the police department,,https://blockclubchicago.org/2023/02/03/10th-ward-candidates-talk-police-and-development-at-southeast-side-aldermanic-forum/,
5c4046c914ad3fb6743302bc,race-71a7cdf5a6e739f65b82,public_safety,police_reform,Byron Sigcho-Lopez,Aida Flores,explicit_conflict,explicit_disagreement,"Therefore, the Chicago Police Department budget should decrease to improve our city’s ability to address public safety and other emergencies.",,https://news.wttw.com/elections/voters-guide/2023/Byron-Sigcho-Lopez,
7642583c228b363797edc025,race-71a7cdf5a6e739f65b82,healthcare,public_health,Byron Sigcho-Lopez,Aida Flores,explicit_conflict,explicit_disagreement,We must re-open these mental health clinics and stabilize our communities that are reeling from a pandemic that destabilized so many of our most vulnerable communities.,,https://news.wttw.com/elections/voters-guide/2023/Byron-Sigcho-Lopez,
a150a396afc53f0bfcaa7e25,race-71a7cdf5a6e739f65b82,housing,public_housing,Byron Sigcho-Lopez,Aida Flores,explicit_conflict,explicit_disagreement,We support the Chicago Housing Authority keeping their promise to rebuild all the public housing units taken down decades ago that have yet to be rebuilt.,,https://news.wttw.com/elections/voters-guide/2023/Byron-Sigcho-Lopez,
331950a6637e21cc90d7943d,race-71a7cdf5a6e739f65b82,tax_budget,wealth_tax,Byron Sigcho-Lopez,Aida Flores,explicit_conflict,explicit_disagreement,"Yes. The Mayor was elected on this promise and our city has suffered as a result of her broken promise to support our most vulnerable with basic human services, made even more essential in a city that gets as cold as ours does.",,https://news.wttw.com/elections/voters-guide/2023/Byron-Sigcho-Lopez,
add1c33f57727518de087760,race-71a7cdf5a6e739f65b82,climate_energy,emissions,Byron Sigcho-Lopez,Aida Flores,explicit_conflict,explicit_disagreement,No. It is a legacy from a time when environmental racism allowed such toxic industry to be operating directly adjacent to homes and families and schools. Residents should not have to bear the externalities of polluting industry with the increased burden of disease that our community members carry.,,https://news.wttw.com/elections/voters-guide/2023/Byron-Sigcho-Lopez,
8edda56aa17b38df1fded9a6,race-a2c5fa7107339af30327,public_safety,police_reform,Jessica A. Venegas,Oscar Sanchez,explicit_conflict,explicit_disagreement,I believe the budget should remain the same so that we can work on filling the vacant Police positions.,,https://news.wttw.com/elections/voters-guide/2023/Jessica-Venegas,
f0d391c9cd13707b6a60ea57,race-a2c5fa7107339af30327,healthcare,public_health,Jessica A. Venegas,Oscar Sanchez,explicit_conflict,explicit_disagreement,Mental health clinics should be opened and operated in Chicago. Any fees for care given should be determined by income.,,https://news.wttw.com/elections/voters-guide/2023/Jessica-Venegas,
4e7eb3087a4e3f16b6a2d7d0,race-a2c5fa7107339af30327,housing,homeownership,Jessica A. Venegas,Oscar Sanchez,explicit_conflict,explicit_disagreement,The City should have programs that give resources for first time home buyers to buy an abandoned house and fix it to reside in.,,https://news.wttw.com/elections/voters-guide/2023/Jessica-Venegas,
35f4b6de54f71dfecb484bc6,race-a2c5fa7107339af30327,climate_energy,emissions,Jessica A. Venegas,Oscar Sanchez,explicit_conflict,explicit_disagreement,I believe that the city should raise the bar considerably for their minimally accepted levels of emissions from these companies.,,https://news.wttw.com/elections/voters-guide/2023/Jessica-Venegas,
be6dcaad907cf4c8901ba81a,race-a2c5fa7107339af30327,economic_ownership,regulation,Jessica A. Venegas,Oscar Sanchez,explicit_conflict,explicit_disagreement,I also believe there should be more oversight to prevent the companies from falling behind on their environmental responsibility through the use of on site monitors and Air Quality control equipment as well as impose hefty fines for those who violate the restrictions.,,https://news.wttw.com/elections/voters-guide/2023/Jessica-Venegas,
e251aac489c634ac5068f4e1,race-a2c5fa7107339af30327,public_safety,police_reform,Peter Chico,Oscar Sanchez,explicit_conflict,explicit_disagreement,We’re at a minimum 50 officers short in the 4th District.,,https://chicago.suntimes.com/elections/2023/2/17/23601426/sadlowski-garza-10th-carreon-guajardo-chico-sanchez-venegas-cardenas-12th-abarca-ramirez-ward,
b823bb0d95e1c147f99a6681,race-a2c5fa7107339af30327,education,public_schools,Peter Chico,Oscar Sanchez,explicit_conflict,explicit_disagreement,We need to wrap our arms around [young people] and give them something to do.,,https://blockclubchicago.org/2023/02/03/10th-ward-candidates-talk-police-and-development-at-southeast-side-aldermanic-forum/,
1039a47153c532f095414d5d,race-ded95c1b5f793906a45a,labor,wages,"Anthony Driver, Jr.",Jeanette B. Taylor,explicit_conflict,explicit_disagreement,"I will fight for a $15 living wage, to abolish red light cameras and duplicate tickets.",,https://news.wttw.com/elections/voters-guide/2019/candidates/chicago-city-council/anthony-driver-jr,
9f80f0ad98e22b46c07811b4,race-ded95c1b5f793906a45a,democracy,electoral_reform,"Anthony Driver, Jr.",Jeanette B. Taylor,explicit_conflict,explicit_disagreement,I will demand an elected school and police oversight board.,,https://news.wttw.com/elections/voters-guide/2019/candidates/chicago-city-council/anthony-driver-jr,
698eaba1a9f4169dce34f9d4,race-ded95c1b5f793906a45a,housing,public_housing,"Anthony Driver, Jr.",Jeanette B. Taylor,explicit_conflict,explicit_disagreement,I support a community benefits agreement for the Obama Presidential Center and will work to close the ARO loophole that allows developers to get around affordable housing requirements.,,https://news.wttw.com/elections/voters-guide/2019/candidates/chicago-city-council/anthony-driver-jr,
01c162116a7d6dc52349093c,race-ded95c1b5f793906a45a,public_safety,sentencing,"Anthony Driver, Jr.",Jeanette B. Taylor,explicit_conflict,explicit_disagreement,An Alderman who works to end gun violence in a responsible manner that does not increase mass incarceration.,,https://news.wttw.com/elections/voters-guide/2019/candidates/chicago-city-council/anthony-driver-jr,
633eed5a91964729159f009e,race-ded95c1b5f793906a45a,labor,job_guarantee,"Anthony Driver, Jr.",Jeanette B. Taylor,explicit_conflict,explicit_disagreement,"I plan to appoint someone full time to oversee a jobs training program run through the alderman office as well as a staff member whose sole job will be surveying vacant properties and, if they are not in use, contacting owners to discuss ways of returning ownership to local residents.",,https://news.wttw.com/elections/voters-guide/2019/candidates/chicago-city-council/anthony-driver-jr,
d00a8c407a2475c19da20429,race-4bb2099cc5872680ef90,tax_budget,public_spending,Stephen Schneider,Daniel La Spata,explicit_conflict,explicit_disagreement,"Community members should also have the opportunity to collaborate with me on participatory budgeting initiatives, so that their needs and priorities can be heard and included in the legislative process.",,https://news.wttw.com/elections/voters-guide/2023/Stephen-Andy-Schneider,
63d99d92cdb72634d7d238f5,race-4bb2099cc5872680ef90,democracy,electoral_reform,Stephen Schneider,Daniel La Spata,explicit_conflict,explicit_disagreement,I believe aldermanic prerogative should be phased out.,,https://news.wttw.com/elections/voters-guide/2023/Stephen-Andy-Schneider,
d037519fbcfb790ca8b97a91,race-4bb2099cc5872680ef90,public_safety,police_reform,Stephen Schneider,Daniel La Spata,explicit_conflict,explicit_disagreement,"Staying with the same budget is a reasonable option, considering the current economic climate; however, additional resources should be spent on new initiatives to support mental health services and co responders such as behavioral health professionals.",,https://news.wttw.com/elections/voters-guide/2023/Stephen-Andy-Schneider,
1d9b486fab2f062c8dd1030a,race-4bb2099cc5872680ef90,housing,public_housing,Stephen Schneider,Daniel La Spata,explicit_conflict,explicit_disagreement,"Yes, the city of Chicago should raise the Real Estate Transfer Tax on properties sold for more than $1 million in order to fund programs that can help unhoused Chicagoans.",,https://news.wttw.com/elections/voters-guide/2023/Stephen-Andy-Schneider,
d7b9975b9e0b73523ba49093,race-4bb2099cc5872680ef90,healthcare,public_health,Stephen Schneider,Daniel La Spata,explicit_conflict,explicit_disagreement,Creating city operated mental health clinics would open up much needed treatments that are currently not long-term options for many uninsured Chicagoans.,,https://news.wttw.com/elections/voters-guide/2023/Stephen-Andy-Schneider,
0ef3c2d03a311c548757f0a1,race-4bb2099cc5872680ef90,public_safety,police_reform,Proco Joe Moreno,Daniel La Spata,explicit_conflict,explicit_disagreement,"Fully fund CVI's such as Chicago Cred, READI, and Communities partnering for peace.",,https://news.wttw.com/elections/voters-guide/2023/Proco-Joe-Moreno,
7f45214bc2ebee0ff63b6c5b,race-4bb2099cc5872680ef90,public_safety,police_reform,Proco Joe Moreno,Daniel La Spata,explicit_conflict,explicit_disagreement,Increase.,,https://news.wttw.com/elections/voters-guide/2023/Proco-Joe-Moreno,
5b9efa95ac34108c3d142e74,race-4bb2099cc5872680ef90,healthcare,public_health,Proco Joe Moreno,Daniel La Spata,explicit_conflict,explicit_disagreement,"The City should partner with expert, Non for Profit Organizations to expand free mental health clinics",,https://news.wttw.com/elections/voters-guide/2023/Proco-Joe-Moreno,
934965e6afa45ddac92ab69d,race-4bb2099cc5872680ef90,housing,public_housing,Proco Joe Moreno,Daniel La Spata,explicit_conflict,explicit_disagreement,"Build and support Tiny homes, stick to the 20% affordable units on-site, and not pay into the fund, for larger developments.",,https://news.wttw.com/elections/voters-guide/2023/Proco-Joe-Moreno,
c3fbf29f5a33a249c8e27eed,race-4bb2099cc5872680ef90,democracy,electoral_reform,Proco Joe Moreno,Daniel La Spata,explicit_conflict,explicit_disagreement,I call it Community Prerogative. Having the community's input is crucial to decisions that effect the 1st Ward,,https://news.wttw.com/elections/voters-guide/2023/Proco-Joe-Moreno,
9ba1423158e34346e6d32e6f,race-ded95c1b5f793906a45a,healthcare,public_health,Andre Smith,Jeanette B. Taylor,explicit_conflict,explicit_disagreement,"As you all know the 20th ward is facing some difficult challenges such as: public safety, school closings, mental health clinic closings, and high property taxes.",,https://news.wttw.com/elections/voters-guide/2019/candidates/chicago-city-council/andre-smith,
c843e8fffc7ef59238bf46cb,race-ded95c1b5f793906a45a,public_safety,police_reform,Andre Smith,Jeanette B. Taylor,explicit_conflict,explicit_disagreement,"I have fought for the residents of my community for the last 27 years, founding Chicago Against Violence to combat gun violence city wide.",,https://news.wttw.com/elections/voters-guide/2019/candidates/chicago-city-council/andre-smith,
eea31c5b99239175e19543d7,race-ded95c1b5f793906a45a,healthcare,public_health,Andre Smith,Jeanette B. Taylor,explicit_conflict,explicit_disagreement,"And I fought to get the University of Chicago Trauma Center built, and against Berrios's unfair property taxes.",,https://news.wttw.com/elections/voters-guide/2019/candidates/chicago-city-council/andre-smith,
62fedf950c5fa757dd96ecad,race-ded95c1b5f793906a45a,democracy,electoral_reform,Andre Smith,Jeanette B. Taylor,explicit_conflict,explicit_disagreement,"If you elect me as your next alderman I plan to create a 20th ward advisory committee to partner with me in decision making, I will bring an end to the historic corruption in the 20th ward.",,https://news.wttw.com/elections/voters-guide/2019/candidates/chicago-city-council/andre-smith,
69e0598671d40dac61dbe45e,race-de351b5bf3d35c3ad4d1,healthcare,coverage_expansion,Michael R. Bloomberg,Bernie Sanders,explicit_conflict,explicit_disagreement,"No one should have to forgo care because they don't have insurance, and no one should face hardships because of medical bills. President Trump has spent three years sabotaging the Affordable Care Act and offering nothing in return but empty promises. We will reverse the president's attacks on the Affordable Care Act, reach universal coverage, reduce costs for all Americans, increase support for rural communities, and fix our broken healthcare system once and for all.",,https://www.presidency.ucsb.edu/documents/bloomberg-campaign-press-release-mike-bloomberg-releases-new-health-care-plan-outlines,
c9c946f31060cbc396d6a401,race-de351b5bf3d35c3ad4d1,climate_energy,emissions,Michael R. Bloomberg,Bernie Sanders,explicit_conflict,explicit_disagreement,"While the Climate-Denier-in-Chief remains stuck in the past, I'm running for president to rebuild our country and lead us into a clean energy future. Accelerating the transition to 100% clean buildings will cut pollution, save people money, and create new jobs – and I've helped prove that as a mayor, a business leader, and an environmentalist. As president, I'll super-charge this work and reclaim America's rightful place as the global leader on these issues.",,https://www.presidency.ucsb.edu/documents/bloomberg-campaign-press-release-mike-bloomberg-unveils-plan-transition-america-100-clean,
4891746154a1da58da3ac9bf,race-de351b5bf3d35c3ad4d1,immigration,border_policy,Michael R. Bloomberg,Bernie Sanders,explicit_conflict,explicit_disagreement,"President Trump's demonization of immigrants and his fueling of fear and hatred are an ugly chapter in American history that we must close. The fact is that immigration doesn't threaten America, it strengthens America. I led our nation's immigrant capital for 12 years and I know how much immigrants strengthen our economy and communities. America doesn't need more of Trump's fear mongering – what we need is a modern immigration system that honors our history and readies us for the future and, as president, I'll get it done.",,https://www.presidency.ucsb.edu/documents/bloomberg-campaign-press-release-mike-bloomberg-announces-plan-reform-americas-outdated,
57576066067f323af2b2a33a,race-de351b5bf3d35c3ad4d1,healthcare,public_option,Joseph R. Biden,Bernie Sanders,explicit_conflict,explicit_disagreement,"My plan would have been: you can keep your private insurance, if you wish; if you don't, you can join a Medicare-like public option plan that I would fund, to make sure everyone is covered.",,https://www.rev.com/transcripts/march-democratic-debate-transcript-joe-biden-bernie-sanders,
b40a60a288419fe2c747b794,race-de351b5bf3d35c3ad4d1,climate_energy,emissions,Joseph R. Biden,Bernie Sanders,explicit_conflict,explicit_disagreement,Climate change is the existential threat to humanity. We have a moral obligation to deal with it.,,https://www.rev.com/transcripts/march-democratic-debate-transcript-joe-biden-bernie-sanders,
a7cd9a90078b2e56055bd4a6,race-de351b5bf3d35c3ad4d1,immigration,border_policy,Joseph R. Biden,Bernie Sanders,explicit_conflict,explicit_disagreement,"We should be uniting families, not separating them.",,https://www.rev.com/transcripts/march-democratic-debate-transcript-joe-biden-bernie-sanders,
b588dd4e735ece6587295400,race-de351b5bf3d35c3ad4d1,labor,union_rights,Joseph R. Biden,Bernie Sanders,explicit_conflict,explicit_disagreement,making sure that we insist that labor has an opportunity to organize and improve their own conditions.,,https://www.rev.com/transcripts/march-democratic-debate-transcript-joe-biden-bernie-sanders,
d0d74012a369d77f584824e8,race-d2390152c5fc57670ba9,housing,zoning,Michael Cortez,Angela Clay,explicit_conflict,explicit_disagreement,"I think the most important thing is to keep the the 20 percent of new developments [affordable] and just promote the area, making it more affordable for builders to come in.",,https://blockclubchicago.org/2023/02/02/46th-ward-candidates-talk-transit-housing-and-public-safety-in-uptown-at-candidate-forum/,
0a98c4c3b3eb00a8a246e990,race-d2390152c5fc57670ba9,climate_energy,transit,Michael Cortez,Angela Clay,explicit_conflict,explicit_disagreement,"I'm a bike rider myself and I'm really for the bike lanes but there are an awful lot of bike lanes. I think it should be main thoroughfares, the streets that can fit bike lanes, and then maps that actually show the bicyclist where the routes could be.",,https://blockclubchicago.org/2023/02/02/46th-ward-candidates-talk-transit-housing-and-public-safety-in-uptown-at-candidate-forum/,
3406062903a3da58b8581e9c,race-d2390152c5fc57670ba9,public_safety,police_reform,Michael Cortez,Angela Clay,explicit_conflict,explicit_disagreement,"The problem is there's just not enough police. We need to bring in more police. And they have to be police that are trained, respectful to the citizens with no force.",,https://blockclubchicago.org/2023/02/02/46th-ward-candidates-talk-transit-housing-and-public-safety-in-uptown-at-candidate-forum/,
55c260f8a2650b9d7d44481e,race-de351b5bf3d35c3ad4d1,climate_energy,emissions,Tom Steyer,Bernie Sanders,explicit_conflict,explicit_disagreement,We can't continue to deny science and roll back environmental protections. We must treat the climate crisis with the urgency it demands.,,https://www.presidency.ucsb.edu/documents/steyer-campaign-press-release-tom-steyer-pledges-declare-the-climate-crisis-national,
a373cb573f4d594711e0ed86,race-de351b5bf3d35c3ad4d1,climate_energy,green_new_deal,Tom Steyer,Bernie Sanders,explicit_conflict,explicit_disagreement,"I would declare a national emergency on day one of my presidency, and put forth a plan to create 46 million jobs over ten years. It is time to put people ahead of polluting corporations and build a safer, secure, and more sustainable country for all our communities.",,https://www.presidency.ucsb.edu/documents/steyer-campaign-press-release-tom-steyers-climate-plan-create-46-million-direct-jobs,
f319493e609997953a2adf93,race-de351b5bf3d35c3ad4d1,tax_budget,wealth_tax,Elizabeth Warren,Bernie Sanders,explicit_conflict,explicit_disagreement,That’s why we need a tax on wealth. The Ultra-Millionaire Tax taxes the wealth of the richest Americans.,,https://elizabethwarren.com/plans/ultra-millionaire-tax,
1ca54eb85dafceb777e6eb5a,race-de351b5bf3d35c3ad4d1,education,childcare,Elizabeth Warren,Bernie Sanders,explicit_conflict,explicit_disagreement,"In the wealthiest country on the planet, access to affordable and high-quality child care and early education should be a right, not a privilege reserved for the rich.",,https://elizabethwarren.com/plans/universal-child-care,
826352047077f702ebfba575,race-de351b5bf3d35c3ad4d1,education,childcare,Elizabeth Warren,Bernie Sanders,explicit_conflict,explicit_disagreement,"My plan will guarantee high-quality child care and early education for every child in America from birth to school age. It will be free for millions of American families, and affordable for everyone.",,https://elizabethwarren.com/plans/universal-child-care,
666588babf82e6e1e2143b9d,race-de351b5bf3d35c3ad4d1,labor,wages,Elizabeth Warren,Bernie Sanders,explicit_conflict,explicit_disagreement,"Child care and preschool workers will be doing the educational work that teachers do, so they will be paid like comparable public school teachers.",,https://elizabethwarren.com/plans/universal-child-care,
cc9473f979d2df908f47de3f,race-de351b5bf3d35c3ad4d1,education,childcare,Elizabeth Warren,Bernie Sanders,explicit_conflict,explicit_disagreement,Robust federal funding also allows local providers to provide access to any family over that 200% threshold at very affordable rates that are capped at no more than 7% of that family’s income.,,https://elizabethwarren.com/plans/universal-child-care,
b2fba87463ba9a846704c186,race-d2390152c5fc57670ba9,public_safety,police_reform,Marianne Lalonde,Angela Clay,explicit_conflict,explicit_disagreement,"Passing the Treatment not Trauma ordinance will ensure mental illness, substance use disorders and homelessness are addressed by supportive services as opposed to police.",,https://www.chicagotribune.com/2023/02/07/2023-chicago-aldermanic-candidates-answer-tribune-questionnaire-marianne-lalonde/,
a7f2a0690ad849acfbacba5c,race-d2390152c5fc57670ba9,education,public_schools,Marianne Lalonde,Angela Clay,explicit_conflict,explicit_disagreement,"All children in Chicago deserve the opportunity to attend a high-quality neighborhood school that meets their needs. Improving school resources like course offerings, special education resources, and quality of education will help alleviate low enrollment.",,https://www.chicagotribune.com/2023/02/07/2023-chicago-aldermanic-candidates-answer-tribune-questionnaire-marianne-lalonde/,
79d7a66a3154203d81769750,race-d2390152c5fc57670ba9,climate_energy,emissions,Marianne Lalonde,Angela Clay,explicit_conflict,explicit_disagreement,"As a sustainability professional, I want to ensure that the changing economy and climate means green jobs are created in the city, but especially on the South and West sides.",,https://www.chicagotribune.com/2023/02/07/2023-chicago-aldermanic-candidates-answer-tribune-questionnaire-marianne-lalonde/,
f32776bf41fbbfc2075dddeb,race-d2390152c5fc57670ba9,tax_budget,public_spending,Marianne Lalonde,Angela Clay,explicit_conflict,explicit_disagreement,"TIFs should be prioritized for projects that serve the entire community – for example, public schools and parks, versus private developments.",,https://www.chicagotribune.com/2023/02/07/2023-chicago-aldermanic-candidates-answer-tribune-questionnaire-marianne-lalonde/,
c58797c5c6d326727ea2b59d,race-d2390152c5fc57670ba9,housing,public_housing,Marianne Lalonde,Angela Clay,explicit_conflict,explicit_disagreement,"A “housing first” strategy is both more effective and a lower cost solution for taxpayers. We need to add additional shelter resources, expand the criteria to qualify for affordable housing, and simplify the housing application process.",,https://www.chicagotribune.com/2023/02/07/2023-chicago-aldermanic-candidates-answer-tribune-questionnaire-marianne-lalonde/,
5eff63fd3ccf922b1b0c9d1f,race-de351b5bf3d35c3ad4d1,climate_energy,emissions,Michael Bennet,Bernie Sanders,explicit_conflict,explicit_disagreement,"America’s Climate Change Plan will reduce emissions in line with the most aggressive targets set by the world’s scientists and achieve 100 percent clean, net-zero emissions as soon as possible, and no later than 2050.",,https://www.presidency.ucsb.edu/documents/bennet-campaign-press-release-michael-bennet-unveils-americas-climate-change-plan-achieve,
2d14110e297d407824cdee67,race-de351b5bf3d35c3ad4d1,labor,wages,Michael Bennet,Bernie Sanders,explicit_conflict,explicit_disagreement,Require federal contractors and subcontractors involved in this effort to pay their employees the local prevailing wage.,,https://www.presidency.ucsb.edu/documents/bennet-campaign-press-release-michael-bennet-unveils-americas-climate-change-plan-achieve,
b239f9ed0fc57d6d77b4eddf,race-de351b5bf3d35c3ad4d1,tax_budget,public_spending,Michael Bennet,Bernie Sanders,explicit_conflict,explicit_disagreement,The Bennet Administration will create a Climate Bank to deploy $1 trillion in federal funding to catalyze $10 trillion in private sector innovation and infrastructure investment in climate technologies at home and abroad over ten years.,,https://www.presidency.ucsb.edu/documents/bennet-campaign-press-release-michael-bennet-unveils-americas-climate-change-plan-achieve,
0f8491ff32e603b5b6bb3f52,race-de351b5bf3d35c3ad4d1,healthcare,public_option,Michael Bennet,Bernie Sanders,explicit_conflict,explicit_disagreement,"The Bennet Administration will establish Medicare-X, a true public option that starts in rural areas where the market is failing too many people with only one or no insurers.",,https://www.presidency.ucsb.edu/documents/bennet-campaign-press-release-michael-bennet-unveils-plan-achieve-high-quality-affordable,
78a13cffca491c0342a1cb1f,race-de351b5bf3d35c3ad4d1,healthcare,single_payer,Michael Bennet,Bernie Sanders,explicit_conflict,explicit_disagreement,"What this plan does not do is take health insurance away from 200 million people, like Medicare for All does.",,https://www.presidency.ucsb.edu/documents/bennet-campaign-press-release-michael-bennet-unveils-plan-achieve-high-quality-affordable,
1d28264d67c5d6dd373d1717,race-de351b5bf3d35c3ad4d1,foreign_policy,war,Tulsi Gabbard,Bernie Sanders,explicit_conflict,explicit_disagreement,War with Iran would be worse than war with Iraq.,,https://www.presidency.ucsb.edu/documents/gabbard-campaign-press-release-tulsi-gabbard-shines-breakthrough-performance-nbcs,
77ea1aa2e519ee85a1cff0c5,race-de351b5bf3d35c3ad4d1,foreign_policy,war,Tulsi Gabbard,Bernie Sanders,explicit_conflict,explicit_disagreement,"Trump needs to get back into the Iran deal, swallow his pride, and put America first.",,https://www.presidency.ucsb.edu/documents/gabbard-campaign-press-release-tulsi-gabbard-shines-breakthrough-performance-nbcs,
43e272fb6cbfb82e30c63d8b,race-de351b5bf3d35c3ad4d1,foreign_policy,war,Tulsi Gabbard,Bernie Sanders,explicit_conflict,explicit_disagreement,"The risk of nuclear catastrophe is greater than ever before, and Trump’s decision to pull out of the Intermediate-Range Nuclear Forces (INF) Treaty heightens the danger of a nuclear holocaust.",,https://www.presidency.ucsb.edu/documents/gabbard-campaign-press-release-rep-tulsi-gabbard-introduces-legislation-prevent-trump-from,
f472f950a6e00b01bdecd681,race-de351b5bf3d35c3ad4d1,foreign_policy,military_spending,Tulsi Gabbard,Bernie Sanders,explicit_conflict,explicit_disagreement,This INF Treaty Compliance Act (H.R. 1249) will ensure our country remains compliant with the INF Treaty and prevent a single taxpayer dollar from being used for weapons that would breach the treaty.,,https://www.presidency.ucsb.edu/documents/gabbard-campaign-press-release-rep-tulsi-gabbard-introduces-legislation-prevent-trump-from,
dd362558c0470dd8705e675f,race-de351b5bf3d35c3ad4d1,foreign_policy,military_spending,Tulsi Gabbard,Bernie Sanders,explicit_conflict,explicit_disagreement,"We’ll save trillions by ending our longstanding foreign policy of carrying out regime change wars & escalating new cold war & nuclear arms race. These $ should be kept in our pockets/invested in needs of our people—like healthcare, environmental protection, infrastructure & more.",,https://archive.org/details/twitter-1227939477881942016,
894090c7109a6f3fb331cd30,race-ac18370d47435bd68552,labor,wages,Bradley Nemo Callaway,Patrick DePoe,coded_divergence,different_mechanism,The minimum wage should be abolished in place of a universal basic income to which all wages are supplementary; however a national minimum wage tied to local cost of living and inflation that ensure that anyone with a job can thrive is acceptable.,How do we work with our unions to build those apprenticeships? So folks that aren’t looking to go to a four year college have a direct path to start working in a profession.,https://ivoterguide.com/candidate/93065/race/28820/election/1435,https://www.underscore.news/justice/legislature/patrick-depoe-shares-priorities-in-run-for-washington-state-house-of-representatives/
92ae26150e026bc39056cec9,race-a493243e3fd4b72b829f,housing,public_housing,Gary Goodweather,Janeese Lewis George,coded_divergence,different_mechanism,"We will guarantee permanent affordability through community land trusts, social housing, and legally binding covenants so homes remain affordable for generations.",Janeese will strengthen and expand DC’s rent stabilization program and prioritize truly affordable homes in existing and new housing funds and projects.,https://wtop.com/dc-election/2026/06/get-to-know-dc-mayoral-candidate-gary-goodweather/,https://janeesefordc.com/platform/homes-for-all/
843871db3d2f20a63020305a,race-a493243e3fd4b72b829f,housing,public_housing,Hope Solomon,Janeese Lewis George,coded_divergence,different_mechanism,You know what it’s like to love this city and still wonder how long you can afford to stay — “affordable” feels like a moving target.,Janeese will strengthen and expand DC’s rent stabilization program and prioritize truly affordable homes in existing and new housing funds and projects.,https://georgetowner.com/articles/2026/02/17/campaign-updates-hope-solomon-running-for-mayor/,https://janeesefordc.com/platform/homes-for-all/
f4ee3d5fb07486edea29c2c3,race-a493243e3fd4b72b829f,housing,rent_control,Janeese Lewis George,Kenyan R. McDuffie,coded_divergence,different_mechanism,Janeese will strengthen and expand DC’s rent stabilization program and prioritize truly affordable homes in existing and new housing funds and projects.,"I’ll bring down housing costs by building more homes, using city dollars wisely to expand affordable housing, and protecting affordable multifamily buildings from being lost in a tough economy.",https://janeesefordc.com/platform/homes-for-all/,https://wtop.com/dc-election/2026/06/get-to-know-dc-mayoral-candidate-kenyan-mcduffie/
23b9c7450493e5447c6e4fa8,race-a493243e3fd4b72b829f,housing,rent_control,Janeese Lewis George,Rini Sampath,coded_divergence,different_mechanism,Janeese will strengthen and expand DC’s rent stabilization program and prioritize truly affordable homes in existing and new housing funds and projects.,"D.C.’s housing crisis is primarily a supply crisis. We have not built enough homes, and the shortage drives up costs for everyone. My approach has two parts: build more, and protect who is already here.",https://janeesefordc.com/platform/homes-for-all/,https://wtop.com/dc-election/2026/06/get-to-know-dc-mayoral-candidate-rini-sampath/
173f28b682546b0b8aaee591,race-a493243e3fd4b72b829f,housing,rent_control,Janeese Lewis George,"Vincent Orange (""VO"")",coded_divergence,different_mechanism,Janeese will strengthen and expand DC’s rent stabilization program and prioritize truly affordable homes in existing and new housing funds and projects.,"We must increase supply, protect tenants, and ensure safe housing.",https://janeesefordc.com/platform/homes-for-all/,https://wtop.com/dc-election/2026/06/get-to-know-dc-mayoral-candidate-vincent-orange/
ed422a94f4ab5f6f1f6b3ba2,race-9dceacf3417bf74c80ec,housing,rent_control,Katjana Ballantyne,Willie Burnley Jr.,coded_divergence,different_mechanism,Would you support a home rule petition to enable the city to stabilize rents? YES,"That is why, as Mayor, I will create an Office of Social Housing with a single Director-level employee whose job will be to determine the legal and financial path to leveraging our municipal land, Housing Acquisition Fund, and partnerships with non-profits like the Community Land Trust to build out a department that can create permanently affordable housing owned by the City.",https://www.progressivemass.com/wp-content/uploads/2025/08/Katjana-Ballantyne_2025-PM-Municipal-Questionnaire.docx.pdf,https://shalomsomerville.org/candidate/willie-burnley-jr
476bddbd307e33ea72f22174,race-93cd6092eff8fe9e79f6,housing,rent_control,Katjana Ballantyne,"Willie Burnley, Jr.",coded_divergence,different_mechanism,Would you support a home rule petition to enable the city to stabilize rents? YES,"That is why, as Mayor, I will create an Office of Social Housing with a single Director-level employee whose job will be to determine the legal and financial path to leveraging our municipal land, Housing Acquisition Fund, and partnerships with non-profits like the Community Land Trust to build out a department that can create permanently affordable housing owned by the City.",https://www.progressivemass.com/wp-content/uploads/2025/08/Katjana-Ballantyne_2025-PM-Municipal-Questionnaire.docx.pdf,https://shalomsomerville.org/candidate/willie-burnley-jr
613771b4bdc2902fcafdf79f,race-739b00d07e247e111eb1,housing,rent_control,Danyelle Christmas,Jason Hughes,coded_divergence,different_mechanism,I will create a rent cap reflecting how much your district makes so it will match your cost of living.,Current short term rental rules and regulations must be enforced.,https://www.danyelle4districte.com/platform,https://lwvofla.org/CBS_FILES/LWV_2025_FALL/lwv_2025_fall.php?Show=Show&Key=2577655950&Org=N
2172cefdd6ecc41a9f8d41ef,race-b72c70764e7173f3e7b1,immigration,border_policy,Bob Smith,Helena Pasquarella,coded_divergence,different_mechanism,"Secure the border, remove violent offenders, provide legal clarity for long term residents, and modernize agricultural and seasonal visas.","ICE is terrorizing our communities and causing irreparable harm. This agency is rooted in xenophobia, fear, and bigotry - it must be abolished.",https://bobsmithforcongress.com/issues/,https://www.pasquarellaforcongress.com/
ca7db937512aaf9fac347956,race-4e0ada02ef4cde424267,public_safety,police_abolition,Brandy H. M. Brooks,Dana E. Gassaway,coded_divergence,different_mechanism,"We can and must shift resources from policing towards enhanced social services, mental and behavioral health centers, crisis intervention teams, community-centered economic development that generates jobs and entrepreneurship opportunities, and affordable housing.","Ensuring our neighborhoods are safe through community policing, modern resources, and collaborative solutions.",https://mdcdsa.org/wp-content/uploads/2021/11/2022-Metro-DC-DSA-Endorsement-Questionnaire-1.pdf,https://gassawayforcouncil.com/
595863affe117ad6e14ff8e0,race-ab159e431662d849f3f8,climate_energy,green_new_deal,Marguerite Green,"Michael G. ""Mike"" Strain",coded_divergence,different_mechanism,"We should be developing and promoting green jobs, along with maximizing our carbon farming and other sustainable agriculture practices. Instead, the policies our Ag Department now promote actually magnify climate change.","We’re having to take a look at new crops, and consider planting different orchards than we were ever able to do before.",https://www.bayoubrief.com/2019/08/21/cultivating-campaigns-for-agriculture-commissioner/,https://www.bayoubrief.com/2019/08/21/cultivating-campaigns-for-agriculture-commissioner/
c223e9fc284d424c45c2ead5,race-ab159e431662d849f3f8,climate_energy,green_new_deal,Marguerite Green,Peter Williams,coded_divergence,different_mechanism,"We should be developing and promoting green jobs, along with maximizing our carbon farming and other sustainable agriculture practices. Instead, the policies our Ag Department now promote actually magnify climate change.",Of course it is manmade. We have inhabitants all over this earth dwelling in places we didn’t normally dwell. I’m a conservationist. I grow trees. I plant trees. The biggest balancing of climate is to plant a tree.,https://www.bayoubrief.com/2019/08/21/cultivating-campaigns-for-agriculture-commissioner/,https://www.pbs.org/video/ag-comm-forum-solar-panels-monroe-medical-foto-sisters-j1x6qa/
adb3636e5bda3050308a9a0c,race-3473e276467be8490f7a,climate_energy,green_new_deal,Marguerite Green,Michael G. “Mike” Strain,coded_divergence,different_mechanism,"We should be developing and promoting green jobs, along with maximizing our carbon farming and other sustainable agriculture practices. Instead, the policies our Ag Department now promote actually magnify climate change.","We’re having to take a look at new crops, and consider planting different orchards than we were ever able to do before.",https://www.bayoubrief.com/2019/08/21/cultivating-campaigns-for-agriculture-commissioner/,https://www.bayoubrief.com/2019/08/21/cultivating-campaigns-for-agriculture-commissioner/
6e23d24f10f4ecdf7ae9074c,race-3473e276467be8490f7a,climate_energy,green_new_deal,Marguerite Green,Peter Williams,coded_divergence,different_mechanism,"We should be developing and promoting green jobs, along with maximizing our carbon farming and other sustainable agriculture practices. Instead, the policies our Ag Department now promote actually magnify climate change.",Of course it is manmade. We have inhabitants all over this earth dwelling in places we didn’t normally dwell. I’m a conservationist. I grow trees. I plant trees. The biggest balancing of climate is to plant a tree.,https://www.bayoubrief.com/2019/08/21/cultivating-campaigns-for-agriculture-commissioner/,https://www.pbs.org/video/ag-comm-forum-solar-panels-monroe-medical-foto-sisters-j1x6qa/
298362f4ed2ffee2a59ad65a,race-aed8879df9fbc709db76,healthcare,single_payer,Amy Klobuchar,Bernie Sanders,coded_divergence,explicit_disagreement,There are 149 million Americans that would lose their current health insurance under Senator Sanders' bill.,"It guarantees, like every other major country on Earth, health care to every man, woman and child in this country.",https://www.nbcnews.com/politics/2020-election/full-transcript-ninth-democratic-debate-las-vegas-n1139546,https://www.cbsnews.com/news/bernie-sanders-2020-on-medicare-for-all-role-of-insurance-companies/
8f39f3bc8131778aa646993f,race-aed8879df9fbc709db76,healthcare,single_payer,Bernie Sanders,Cory Booker,coded_divergence,different_mechanism,"It guarantees, like every other major country on Earth, health care to every man, woman and child in this country.",Health care is not just a human right. It should be an American right.,https://www.cbsnews.com/news/bernie-sanders-2020-on-medicare-for-all-role-of-insurance-companies/,https://www.presidency.ucsb.edu/documents/booker-campaign-press-release-cory-booker-believes-health-care-human-right
422af93f5d6c5c1d7c96c7c4,race-aed8879df9fbc709db76,healthcare,single_payer,Bernie Sanders,Deval Patrick,coded_divergence,different_mechanism,"It guarantees, like every other major country on Earth, health care to every man, woman and child in this country.","The agenda proposes building on the Affordable Care Act with a public option to ensure access to universal, affordable health care coverage and strengthening coverage for mental health and addiction services.",https://www.cbsnews.com/news/bernie-sanders-2020-on-medicare-for-all-role-of-insurance-companies/,https://www.presidency.ucsb.edu/documents/patrick-campaign-press-release-deval-patrick-unveils-reform-agenda
41db7d88e929b46209ce8694,race-aed8879df9fbc709db76,healthcare,single_payer,Bernie Sanders,Elizabeth Warren,coded_divergence,different_mechanism,"It guarantees, like every other major country on Earth, health care to every man, woman and child in this country.",Health care is a crisis in this country.,https://www.cbsnews.com/news/bernie-sanders-2020-on-medicare-for-all-role-of-insurance-companies/,https://www.nbcnews.com/politics/2020-election/full-transcript-ninth-democratic-debate-las-vegas-n1139546
9647f7e36f93e7c3c4ab10b3,race-aed8879df9fbc709db76,healthcare,single_payer,Bernie Sanders,John K. Delaney,coded_divergence,explicit_disagreement,"It guarantees, like every other major country on Earth, health care to every man, woman and child in this country.","We can go down the road that Senator Sanders and Senator Warren want to take us, which is with bad policies like Medicare for all, free everything and impossible promises that will turn off independent voters and get Trump re-elected.",https://www.cbsnews.com/news/bernie-sanders-2020-on-medicare-for-all-role-of-insurance-companies/,https://transcripts.cnn.com/show/se/date/2019-07-30/segment/01
7ab8a9e83e3e7b01b0103856,race-aed8879df9fbc709db76,healthcare,single_payer,Bernie Sanders,Joseph R. Biden,coded_divergence,different_mechanism,"It guarantees, like every other major country on Earth, health care to every man, woman and child in this country.","Giving Americans a new choice, a public health insurance option like Medicare.",https://www.cbsnews.com/news/bernie-sanders-2020-on-medicare-for-all-role-of-insurance-companies/,https://web.archive.org/web/20200301190759/https://joebiden.com/healthcare/
60126980f2515459d0e603bd,race-aed8879df9fbc709db76,healthcare,single_payer,Bernie Sanders,Julián Castro,coded_divergence,different_mechanism,"It guarantees, like every other major country on Earth, health care to every man, woman and child in this country.",I want to strengthen Medicare for the people who are on it and then expand it to anybody who wants it.,https://www.cbsnews.com/news/bernie-sanders-2020-on-medicare-for-all-role-of-insurance-companies/,https://www.nbcnews.com/politics/2020-election/democratic-debate-transcript-july-31-2019-n1038016
cb0e0d769284bf28ce9ca86e,race-aed8879df9fbc709db76,healthcare,single_payer,Bernie Sanders,Michael Bennet,coded_divergence,explicit_disagreement,"It guarantees, like every other major country on Earth, health care to every man, woman and child in this country.","Instead of fighting a losing battle over the next 10 years for Medicare for All, for example, we should build a broad coalition to achieve The Real Deal",https://www.cbsnews.com/news/bernie-sanders-2020-on-medicare-for-all-role-of-insurance-companies/,https://www.presidency.ucsb.edu/documents/bennet-campaign-press-release-michael-bennet-unveils-the-real-deal-new-comprehensive
c2d8459dfd28823b3b1addb6,race-aed8879df9fbc709db76,healthcare,single_payer,Bernie Sanders,Michael R. Bloomberg,coded_divergence,explicit_disagreement,"It guarantees, like every other major country on Earth, health care to every man, woman and child in this country.",You don’t start out by saying I’ve got 160 million people I’m going to take away the insurance plan that they love.,https://www.cbsnews.com/news/bernie-sanders-2020-on-medicare-for-all-role-of-insurance-companies/,https://www.nbcnews.com/politics/2020-election/full-transcript-ninth-democratic-debate-las-vegas-n1139546
fa169b0d4995859dc0078f81,race-aed8879df9fbc709db76,healthcare,single_payer,Bernie Sanders,Pete Buttigieg,coded_divergence,different_mechanism,"It guarantees, like every other major country on Earth, health care to every man, woman and child in this country.","Under my plan, if you want Medicare, you can have it. If you prefer to keep your private plan, you can have that too. I trust you to decide.",https://www.cbsnews.com/news/bernie-sanders-2020-on-medicare-for-all-role-of-insurance-companies/,https://www.rev.com/transcripts/new-hampshire-democratic-debate-transcript
ba93bf7ff18177a53dc901e6,race-c3b021b27cd1f9089be2,healthcare,single_payer,Amy Klobuchar,Bernie Sanders,coded_divergence,explicit_disagreement,There are 149 million Americans that would lose their current health insurance under Senator Sanders' bill.,"It guarantees, like every other major country on Earth, health care to every man, woman and child in this country.",https://www.nbcnews.com/politics/2020-election/full-transcript-ninth-democratic-debate-las-vegas-n1139546,https://www.cbsnews.com/news/bernie-sanders-2020-on-medicare-for-all-role-of-insurance-companies/
43915eaf7ec8ed7d9d87a880,race-c3b021b27cd1f9089be2,healthcare,single_payer,Bernie Sanders,Cory Booker,coded_divergence,different_mechanism,"It guarantees, like every other major country on Earth, health care to every man, woman and child in this country.",Health care is not just a human right. It should be an American right.,https://www.cbsnews.com/news/bernie-sanders-2020-on-medicare-for-all-role-of-insurance-companies/,https://www.presidency.ucsb.edu/documents/booker-campaign-press-release-cory-booker-believes-health-care-human-right
adea5386d179f3181696703d,race-c3b021b27cd1f9089be2,healthcare,single_payer,Bernie Sanders,Deval Patrick,coded_divergence,different_mechanism,"It guarantees, like every other major country on Earth, health care to every man, woman and child in this country.","The agenda proposes building on the Affordable Care Act with a public option to ensure access to universal, affordable health care coverage and strengthening coverage for mental health and addiction services.",https://www.cbsnews.com/news/bernie-sanders-2020-on-medicare-for-all-role-of-insurance-companies/,https://www.presidency.ucsb.edu/documents/patrick-campaign-press-release-deval-patrick-unveils-reform-agenda
fd568ce6b750551be1587ccd,race-c3b021b27cd1f9089be2,healthcare,single_payer,Bernie Sanders,Elizabeth Warren,coded_divergence,different_mechanism,"It guarantees, like every other major country on Earth, health care to every man, woman and child in this country.",Health care is a crisis in this country.,https://www.cbsnews.com/news/bernie-sanders-2020-on-medicare-for-all-role-of-insurance-companies/,https://www.nbcnews.com/politics/2020-election/full-transcript-ninth-democratic-debate-las-vegas-n1139546
c85ca91c5ff0ca0df0f22b43,race-c3b021b27cd1f9089be2,healthcare,single_payer,Bernie Sanders,John K. Delaney,coded_divergence,explicit_disagreement,"It guarantees, like every other major country on Earth, health care to every man, woman and child in this country.","We can go down the road that Senator Sanders and Senator Warren want to take us, which is with bad policies like Medicare for all, free everything and impossible promises that will turn off independent voters and get Trump re-elected.",https://www.cbsnews.com/news/bernie-sanders-2020-on-medicare-for-all-role-of-insurance-companies/,https://transcripts.cnn.com/show/se/date/2019-07-30/segment/01
fdf14a2397ed7c2b5ccf0761,race-c3b021b27cd1f9089be2,healthcare,single_payer,Bernie Sanders,Joseph R. Biden,coded_divergence,different_mechanism,"It guarantees, like every other major country on Earth, health care to every man, woman and child in this country.","Giving Americans a new choice, a public health insurance option like Medicare.",https://www.cbsnews.com/news/bernie-sanders-2020-on-medicare-for-all-role-of-insurance-companies/,https://web.archive.org/web/20200301190759/https://joebiden.com/healthcare/
e411e4ec194b7b3961621b09,race-c3b021b27cd1f9089be2,healthcare,single_payer,Bernie Sanders,Michael Bennet,coded_divergence,explicit_disagreement,"It guarantees, like every other major country on Earth, health care to every man, woman and child in this country.","Instead of fighting a losing battle over the next 10 years for Medicare for All, for example, we should build a broad coalition to achieve The Real Deal",https://www.cbsnews.com/news/bernie-sanders-2020-on-medicare-for-all-role-of-insurance-companies/,https://www.presidency.ucsb.edu/documents/bennet-campaign-press-release-michael-bennet-unveils-the-real-deal-new-comprehensive
b2e1c89aacce0877eba5d292,race-c3b021b27cd1f9089be2,healthcare,single_payer,Bernie Sanders,Michael R. Bloomberg,coded_divergence,explicit_disagreement,"It guarantees, like every other major country on Earth, health care to every man, woman and child in this country.",You don’t start out by saying I’ve got 160 million people I’m going to take away the insurance plan that they love.,https://www.cbsnews.com/news/bernie-sanders-2020-on-medicare-for-all-role-of-insurance-companies/,https://www.nbcnews.com/politics/2020-election/full-transcript-ninth-democratic-debate-las-vegas-n1139546
6eb221a7f5f5ecc9689e63ea,race-c3b021b27cd1f9089be2,healthcare,single_payer,Bernie Sanders,Pete Buttigieg,coded_divergence,different_mechanism,"It guarantees, like every other major country on Earth, health care to every man, woman and child in this country.","Under my plan, if you want Medicare, you can have it. If you prefer to keep your private plan, you can have that too. I trust you to decide.",https://www.cbsnews.com/news/bernie-sanders-2020-on-medicare-for-all-role-of-insurance-companies/,https://www.rev.com/transcripts/new-hampshire-democratic-debate-transcript
264acb40fb406f4ab4054338,race-73071b15a1c4c8d1ee8f,healthcare,single_payer,Amy Klobuchar,Bernie Sanders,coded_divergence,explicit_disagreement,There are 149 million Americans that would lose their current health insurance under Senator Sanders' bill.,"It guarantees, like every other major country on Earth, health care to every man, woman and child in this country.",https://www.nbcnews.com/politics/2020-election/full-transcript-ninth-democratic-debate-las-vegas-n1139546,https://www.cbsnews.com/news/bernie-sanders-2020-on-medicare-for-all-role-of-insurance-companies/
f6ef8d473ba87fc70bbf1e2e,race-73071b15a1c4c8d1ee8f,healthcare,single_payer,Bernie Sanders,Cory Booker,coded_divergence,different_mechanism,"It guarantees, like every other major country on Earth, health care to every man, woman and child in this country.",Health care is not just a human right. It should be an American right.,https://www.cbsnews.com/news/bernie-sanders-2020-on-medicare-for-all-role-of-insurance-companies/,https://www.presidency.ucsb.edu/documents/booker-campaign-press-release-cory-booker-believes-health-care-human-right
a5e3888f2b9d395443eca638,race-73071b15a1c4c8d1ee8f,healthcare,single_payer,Bernie Sanders,Deval Patrick,coded_divergence,different_mechanism,"It guarantees, like every other major country on Earth, health care to every man, woman and child in this country.","The agenda proposes building on the Affordable Care Act with a public option to ensure access to universal, affordable health care coverage and strengthening coverage for mental health and addiction services.",https://www.cbsnews.com/news/bernie-sanders-2020-on-medicare-for-all-role-of-insurance-companies/,https://www.presidency.ucsb.edu/documents/patrick-campaign-press-release-deval-patrick-unveils-reform-agenda
68c14a99e3ae36635634b6ae,race-73071b15a1c4c8d1ee8f,healthcare,single_payer,Bernie Sanders,Elizabeth Warren,coded_divergence,different_mechanism,"It guarantees, like every other major country on Earth, health care to every man, woman and child in this country.",Health care is a crisis in this country.,https://www.cbsnews.com/news/bernie-sanders-2020-on-medicare-for-all-role-of-insurance-companies/,https://www.nbcnews.com/politics/2020-election/full-transcript-ninth-democratic-debate-las-vegas-n1139546
8a0b47017b988aca2534e197,race-73071b15a1c4c8d1ee8f,healthcare,single_payer,Bernie Sanders,John K. Delaney,coded_divergence,explicit_disagreement,"It guarantees, like every other major country on Earth, health care to every man, woman and child in this country.","We can go down the road that Senator Sanders and Senator Warren want to take us, which is with bad policies like Medicare for all, free everything and impossible promises that will turn off independent voters and get Trump re-elected.",https://www.cbsnews.com/news/bernie-sanders-2020-on-medicare-for-all-role-of-insurance-companies/,https://transcripts.cnn.com/show/se/date/2019-07-30/segment/01
e1eefbecb6fcb05653b62aeb,race-73071b15a1c4c8d1ee8f,healthcare,single_payer,Bernie Sanders,Joseph R. Biden,coded_divergence,different_mechanism,"It guarantees, like every other major country on Earth, health care to every man, woman and child in this country.","Giving Americans a new choice, a public health insurance option like Medicare.",https://www.cbsnews.com/news/bernie-sanders-2020-on-medicare-for-all-role-of-insurance-companies/,https://web.archive.org/web/20200301190759/https://joebiden.com/healthcare/
b7a35d477c6a1b2adb2bd08e,race-73071b15a1c4c8d1ee8f,healthcare,single_payer,Bernie Sanders,Julián Castro,coded_divergence,different_mechanism,"It guarantees, like every other major country on Earth, health care to every man, woman and child in this country.",I want to strengthen Medicare for the people who are on it and then expand it to anybody who wants it.,https://www.cbsnews.com/news/bernie-sanders-2020-on-medicare-for-all-role-of-insurance-companies/,https://www.nbcnews.com/politics/2020-election/democratic-debate-transcript-july-31-2019-n1038016
c7688d17ef22f7089e649c1f,race-73071b15a1c4c8d1ee8f,healthcare,single_payer,Bernie Sanders,Michael Bennet,coded_divergence,explicit_disagreement,"It guarantees, like every other major country on Earth, health care to every man, woman and child in this country.","Instead of fighting a losing battle over the next 10 years for Medicare for All, for example, we should build a broad coalition to achieve The Real Deal",https://www.cbsnews.com/news/bernie-sanders-2020-on-medicare-for-all-role-of-insurance-companies/,https://www.presidency.ucsb.edu/documents/bennet-campaign-press-release-michael-bennet-unveils-the-real-deal-new-comprehensive
e920a1b8e77e47c03556e1d3,race-73071b15a1c4c8d1ee8f,healthcare,single_payer,Bernie Sanders,Michael R. Bloomberg,coded_divergence,explicit_disagreement,"It guarantees, like every other major country on Earth, health care to every man, woman and child in this country.",You don’t start out by saying I’ve got 160 million people I’m going to take away the insurance plan that they love.,https://www.cbsnews.com/news/bernie-sanders-2020-on-medicare-for-all-role-of-insurance-companies/,https://www.nbcnews.com/politics/2020-election/full-transcript-ninth-democratic-debate-las-vegas-n1139546
a3a8b77ce92936d30fc0e4b7,race-73071b15a1c4c8d1ee8f,healthcare,single_payer,Bernie Sanders,Pete Buttigieg,coded_divergence,different_mechanism,"It guarantees, like every other major country on Earth, health care to every man, woman and child in this country.","Under my plan, if you want Medicare, you can have it. If you prefer to keep your private plan, you can have that too. I trust you to decide.",https://www.cbsnews.com/news/bernie-sanders-2020-on-medicare-for-all-role-of-insurance-companies/,https://www.rev.com/transcripts/new-hampshire-democratic-debate-transcript
5e808616154271ce10fbd77b,race-771aff796d89fe4ec1df,housing,public_housing,Aimee McCarron,"Robert ""Bob"" Murrell",coded_divergence,different_mechanism,"Second, tie funding to low or minimal cost public land to maximize the efficacy of incentives without requiring more public dollars.",Encourage and help facilitate tenant union organizing,https://www.bgr.org/2025-council-district-a-primary-candidates-by-issue/,https://www.bob4districta.com/platform
f93de1c0cb3df323053b68d9,race-771aff796d89fe4ec1df,housing,public_housing,Alex Mossing,"Robert ""Bob"" Murrell",coded_divergence,different_mechanism,Housing Trust Fund dollars should focus on preserving existing affordable housing and creating new affordable units that strengthen neighborhoods.,Encourage and help facilitate tenant union organizing,https://www.bgr.org/wp-content/uploads/BGR-2025-New-Orleans-City-Council-Candidate-QA-District-A.pdf,https://www.bob4districta.com/platform
ab0658eea1d509258d6d693a,race-771aff796d89fe4ec1df,housing,zoning,Bridget Neal,"Robert ""Bob"" Murrell",coded_divergence,different_mechanism,"Zoning Reform is foundational. Research from Brookings and BGR confirms that New Orleans must legalize “missing middle” housing, duplexes, townhomes, and small apartment buildings—in areas currently restricted to single-family homes.",Encourage and help facilitate tenant union organizing,https://www.bgr.org/wp-content/uploads/BGR-2025-New-Orleans-City-Council-Candidate-QA-District-A.pdf,https://www.bob4districta.com/platform
37dc67b4493cd9ca5619bfeb,race-771aff796d89fe4ec1df,housing,public_housing,Holly Friedman,"Robert ""Bob"" Murrell",coded_divergence,different_mechanism,I support dedicating Housing Trust Fund investments toward: 1. Preserving existing affordable housing units in high opportunity neighborhoods. 2. Supporting small scale infill development on City owned and adjudicated lots. 3. Funding projects that support long term affordability through deed restrictions and shared equity models.,Encourage and help facilitate tenant union organizing,https://www.bgr.org/wp-content/uploads/BGR-2025-New-Orleans-City-Council-Candidate-QA-District-A.pdf,https://www.bob4districta.com/platform
5889a84e3c5ce68f7cd531ee,race-af2946bea89ae6832a3c,public_safety,sentencing,John Ciafone,Tiffany Cabán,coded_divergence,different_mechanism,We need to have the Judges responsible for holding or releasing individuals charged with crime. Judges must be accountable for keeping individuals in Jail or releasing them.,"This is a public safety plan. It’s a roadmap that empowers people, not police, to keep our communities safe.",https://johnjciafonefornyccouncil.com/interview,https://qns.com/2021/02/caban-lays-out-new-vision-for-public-safety-policy-platform-for-nyc/
8a5dd1b764c3767f427ed0d0,race-ea5afd75c9af396451a4,healthcare,single_payer,Amy J. Klobuchar,Bernard Sanders,coded_divergence,explicit_disagreement,There are 149 million Americans that would lose their current health insurance under Senator Sanders' bill.,"Create a Medicare for All, single-payer, national health insurance program to provide everyone in America with comprehensive health care coverage, free at the point of service.",https://www.nbcnews.com/politics/2020-election/full-transcript-ninth-democratic-debate-las-vegas-n1139546,https://web.archive.org/web/20200115000000/https://berniesanders.com/issues/medicare-for-all/
e15dc8c8bf5201ab14751334,race-ea5afd75c9af396451a4,healthcare,single_payer,Bernard Sanders,Deval Patrick,coded_divergence,different_mechanism,"Create a Medicare for All, single-payer, national health insurance program to provide everyone in America with comprehensive health care coverage, free at the point of service.","The agenda proposes building on the Affordable Care Act with a public option to ensure access to universal, affordable health care coverage and strengthening coverage for mental health and addiction services.",https://web.archive.org/web/20200115000000/https://berniesanders.com/issues/medicare-for-all/,https://www.presidency.ucsb.edu/documents/patrick-campaign-press-release-deval-patrick-unveils-reform-agenda
9eaece6bf20b81a11fffadb6,race-ea5afd75c9af396451a4,healthcare,single_payer,Bernard Sanders,Elizabeth Warren,coded_divergence,different_mechanism,"Create a Medicare for All, single-payer, national health insurance program to provide everyone in America with comprehensive health care coverage, free at the point of service.",Health care is a crisis in this country.,https://web.archive.org/web/20200115000000/https://berniesanders.com/issues/medicare-for-all/,https://www.nbcnews.com/politics/2020-election/full-transcript-ninth-democratic-debate-las-vegas-n1139546
f1d55d8bce245d9beb9f882c,race-ea5afd75c9af396451a4,healthcare,single_payer,Bernard Sanders,"Joseph Robinette Biden, Jr",coded_divergence,different_mechanism,"Create a Medicare for All, single-payer, national health insurance program to provide everyone in America with comprehensive health care coverage, free at the point of service.","Giving Americans a new choice, a public health insurance option like Medicare.",https://web.archive.org/web/20200115000000/https://berniesanders.com/issues/medicare-for-all/,https://web.archive.org/web/20200301190759/https://joebiden.com/healthcare/
152fb055ddee4b13509e7580,race-ea5afd75c9af396451a4,healthcare,single_payer,Bernard Sanders,Juli Castro,coded_divergence,different_mechanism,"Create a Medicare for All, single-payer, national health insurance program to provide everyone in America with comprehensive health care coverage, free at the point of service.",I want to strengthen Medicare for the people who are on it and then expand it to anybody who wants it.,https://web.archive.org/web/20200115000000/https://berniesanders.com/issues/medicare-for-all/,https://www.nbcnews.com/politics/2020-election/democratic-debate-transcript-july-31-2019-n1038016
a054abfa25de6b11bb31cfd7,race-ea5afd75c9af396451a4,healthcare,single_payer,Bernard Sanders,Michael F. Bennet,coded_divergence,explicit_disagreement,"Create a Medicare for All, single-payer, national health insurance program to provide everyone in America with comprehensive health care coverage, free at the point of service.","Instead of fighting a losing battle over the next 10 years for Medicare for All, for example, we should build a broad coalition to achieve The Real Deal",https://web.archive.org/web/20200115000000/https://berniesanders.com/issues/medicare-for-all/,https://www.presidency.ucsb.edu/documents/bennet-campaign-press-release-michael-bennet-unveils-the-real-deal-new-comprehensive
bd8705ffba696ad4f93bdf20,race-ea5afd75c9af396451a4,healthcare,single_payer,Bernard Sanders,Michael R. Bloomberg,coded_divergence,explicit_disagreement,"Create a Medicare for All, single-payer, national health insurance program to provide everyone in America with comprehensive health care coverage, free at the point of service.",You don’t start out by saying I’ve got 160 million people I’m going to take away the insurance plan that they love.,https://web.archive.org/web/20200115000000/https://berniesanders.com/issues/medicare-for-all/,https://www.nbcnews.com/politics/2020-election/full-transcript-ninth-democratic-debate-las-vegas-n1139546
08cf52978657fa4c1524dfb0,race-ea5afd75c9af396451a4,healthcare,single_payer,Bernard Sanders,Thomas Steyer,coded_divergence,different_mechanism,"Create a Medicare for All, single-payer, national health insurance program to provide everyone in America with comprehensive health care coverage, free at the point of service.",My Right to Health plan creates a public option that prioritizes your health and your care over corporate greed.,https://web.archive.org/web/20200115000000/https://berniesanders.com/issues/medicare-for-all/,https://web.archive.org/web/20201024082200/https://2020.tomsteyer.com/affordable-health-care-for-all/
3af9c4881cbca0f58740729c,race-980dc8b6fade3efe9c74,healthcare,single_payer,Bernie Sanders,Cory Booker,coded_divergence,different_mechanism,"It guarantees, like every other major country on Earth, health care to every man, woman and child in this country.",Health care is not just a human right. It should be an American right.,https://www.cbsnews.com/news/bernie-sanders-2020-on-medicare-for-all-role-of-insurance-companies/,https://www.presidency.ucsb.edu/documents/booker-campaign-press-release-cory-booker-believes-health-care-human-right
b7cc6d8f55f06c258aab7d29,race-980dc8b6fade3efe9c74,healthcare,single_payer,Bernie Sanders,Deval Patrick,coded_divergence,different_mechanism,"It guarantees, like every other major country on Earth, health care to every man, woman and child in this country.","The agenda proposes building on the Affordable Care Act with a public option to ensure access to universal, affordable health care coverage and strengthening coverage for mental health and addiction services.",https://www.cbsnews.com/news/bernie-sanders-2020-on-medicare-for-all-role-of-insurance-companies/,https://www.presidency.ucsb.edu/documents/patrick-campaign-press-release-deval-patrick-unveils-reform-agenda
6f2c2e3fe74c72413b3b4613,race-980dc8b6fade3efe9c74,healthcare,single_payer,Bernie Sanders,Elizabeth Warren,coded_divergence,different_mechanism,"It guarantees, like every other major country on Earth, health care to every man, woman and child in this country.",Health care is a crisis in this country.,https://www.cbsnews.com/news/bernie-sanders-2020-on-medicare-for-all-role-of-insurance-companies/,https://www.nbcnews.com/politics/2020-election/full-transcript-ninth-democratic-debate-las-vegas-n1139546
7442c1f58365fb97063684d5,race-980dc8b6fade3efe9c74,healthcare,single_payer,Bernie Sanders,John Delaney,coded_divergence,different_mechanism,"It guarantees, like every other major country on Earth, health care to every man, woman and child in this country.",We should give everyone in this country health care as a basic human right for free. Full stop.,https://www.cbsnews.com/news/bernie-sanders-2020-on-medicare-for-all-role-of-insurance-companies/,https://www.presidency.ucsb.edu/documents/delaney-campaign-press-release-john-delaney-we-should-be-the-party-that-keeps-whats
662aaafb64b2630e7e630e28,race-980dc8b6fade3efe9c74,healthcare,single_payer,Bernie Sanders,Joseph R. Biden,coded_divergence,different_mechanism,"It guarantees, like every other major country on Earth, health care to every man, woman and child in this country.","Giving Americans a new choice, a public health insurance option like Medicare.",https://www.cbsnews.com/news/bernie-sanders-2020-on-medicare-for-all-role-of-insurance-companies/,https://web.archive.org/web/20200301190759/https://joebiden.com/healthcare/
4a86a61a61d0360a0c2c6f5c,race-980dc8b6fade3efe9c74,healthcare,single_payer,Bernie Sanders,Michael Bennet,coded_divergence,explicit_disagreement,"It guarantees, like every other major country on Earth, health care to every man, woman and child in this country.","Instead of fighting a losing battle over the next 10 years for Medicare for All, for example, we should build a broad coalition to achieve The Real Deal",https://www.cbsnews.com/news/bernie-sanders-2020-on-medicare-for-all-role-of-insurance-companies/,https://www.presidency.ucsb.edu/documents/bennet-campaign-press-release-michael-bennet-unveils-the-real-deal-new-comprehensive
a426509f7b2d6b8b2b702e6a,race-980dc8b6fade3efe9c74,healthcare,single_payer,Bernie Sanders,Michael R. Bloomberg,coded_divergence,explicit_disagreement,"It guarantees, like every other major country on Earth, health care to every man, woman and child in this country.",You don’t start out by saying I’ve got 160 million people I’m going to take away the insurance plan that they love.,https://www.cbsnews.com/news/bernie-sanders-2020-on-medicare-for-all-role-of-insurance-companies/,https://www.nbcnews.com/politics/2020-election/full-transcript-ninth-democratic-debate-las-vegas-n1139546
9390139dd040cd251f1e9e02,race-3db59a6535d2b87f2703,housing,rent_control,Kevin Carroll,Khader El-Yateem,coded_divergence,different_mechanism,We should be finding out ways to increase rent stabilization.,"The law that’s been enacted is a great first step but we need comprehensive review of this and where we can give it more teeth, to hold greedy landlords accountable.",https://bklyner.com/meet-candidate-kevin-peter-carroll-bay-ridges-district-43/,https://www.arabamerica.com/sit-bay-ridge-council-candidate-rev-khader-el-yateem/
023652a289df33e60038d038,race-d3d54e895ad132bafc82,housing,tenant_rights,Alex Pedersen,Shaun Scott,coded_divergence,different_mechanism,Preserve the affordable housing we already have.,A compassionate City is one that builds enough deeply affordable housing for those already here and for those on the way.,https://seattleglobalist.com/2019/10/16/district-4-alex-pedersen-and-shaun-scott/88444,https://archive.org/details/sc21wa-2019_City_of_Seattle_Primary_Video_Voters_Guide_-_Shaun_Scott_Candidate_Council_District_4
9d1cb563964a7052033384f8,race-d3d54e895ad132bafc82,housing,zoning,Beth Mountsier,Shaun Scott,coded_divergence,different_mechanism,"Improve Housing Affordability and Quality using my expertise on land use, zoning, housing, high quality design and economics.",A compassionate City is one that builds enough deeply affordable housing for those already here and for those on the way.,https://cdn.kingcounty.gov/-/media/king-county/depts/elections/how-to-vote/voters-pamphlets/2019/08/edition-1.pdf,https://archive.org/details/sc21wa-2019_City_of_Seattle_Primary_Video_Voters_Guide_-_Shaun_Scott_Candidate_Council_District_4
0c6cb9e9673061f22196c772,race-d3d54e895ad132bafc82,housing,public_housing,Cathy Tuttle,Shaun Scott,coded_divergence,different_mechanism,"We need stronger partnerships with regional governments, businesses, and nonprofits to build affordable family workforce housing for teachers, retail employees, first responders, elderly, and nurses as well as housing for people experiencing homelessness.","We can forge a fair city, where renters aren’t priced out by rising costs of living, and homeowners aren’t stressed out by rising property taxes.",https://cdn.kingcounty.gov/-/media/king-county/depts/elections/how-to-vote/voters-pamphlets/2019/08/edition-1.pdf,https://cdn.kingcounty.gov/-/media/king-county/depts/elections/how-to-vote/voters-pamphlets/2019/08/edition-1.pdf
caf4f8be9725efb7c40f5639,race-d3d54e895ad132bafc82,housing,public_housing,Emily Myers,Shaun Scott,coded_divergence,different_mechanism,We must allow housing options like duplexes and triplexes citywide and we must build public housing with progressive revenue.,"We can forge a fair city, where renters aren’t priced out by rising costs of living, and homeowners aren’t stressed out by rising property taxes.",https://archive.org/details/sc21wa-2019_City_of_Seattle_Primary_Video_Voters_Guide_-_Emily_Myers_Candidate_Council_District_4,https://cdn.kingcounty.gov/-/media/king-county/depts/elections/how-to-vote/voters-pamphlets/2019/08/edition-1.pdf
8f8d05b14f81df20a7163a26,race-d3d54e895ad132bafc82,housing,public_housing,Ethan Hunter,Shaun Scott,coded_divergence,different_mechanism,"I am here to fight the landslide of unsheltered, a problem which has increased by 46 percent since 2017.","We can forge a fair city, where renters aren’t priced out by rising costs of living, and homeowners aren’t stressed out by rising property taxes.",https://archive.org/details/sc21wa-2019_City_of_Seattle_Primary_Video_Voters_Guide_-_Ethan_Hunter_Candidate_Council_District_,https://cdn.kingcounty.gov/-/media/king-county/depts/elections/how-to-vote/voters-pamphlets/2019/08/edition-1.pdf
4b81084b89272e2c9f7839fb,race-d3d54e895ad132bafc82,housing,public_housing,Frank A. Krueger,Shaun Scott,coded_divergence,different_mechanism,I believe in a housing-first solution to homelessness and want to see shelters become more accessible to those seeking help.,"We can forge a fair city, where renters aren’t priced out by rising costs of living, and homeowners aren’t stressed out by rising property taxes.",https://cdn.kingcounty.gov/-/media/king-county/depts/elections/how-to-vote/voters-pamphlets/2019/08/edition-1.pdf,https://cdn.kingcounty.gov/-/media/king-county/depts/elections/how-to-vote/voters-pamphlets/2019/08/edition-1.pdf
ff5ee39e0118cf2696eff9b2,race-d3d54e895ad132bafc82,housing,public_housing,Heidi Stuber,Shaun Scott,coded_divergence,different_mechanism,"Increase 24/7 shelter beds where individuals can bring partners, pets, and belongings.","We can forge a fair city, where renters aren’t priced out by rising costs of living, and homeowners aren’t stressed out by rising property taxes.",https://cdn.kingcounty.gov/-/media/king-county/depts/elections/how-to-vote/voters-pamphlets/2019/08/edition-1.pdf,https://cdn.kingcounty.gov/-/media/king-county/depts/elections/how-to-vote/voters-pamphlets/2019/08/edition-1.pdf
4da8215a4cd0b759d404bb40,race-d3d54e895ad132bafc82,housing,zoning,Joshua Newman,Shaun Scott,coded_divergence,different_mechanism,Build more homes while balancing urban forestry and architectural beauty.,A compassionate City is one that builds enough deeply affordable housing for those already here and for those on the way.,https://cdn.kingcounty.gov/-/media/king-county/depts/elections/how-to-vote/voters-pamphlets/2019/08/edition-1.pdf,https://archive.org/details/sc21wa-2019_City_of_Seattle_Primary_Video_Voters_Guide_-_Shaun_Scott_Candidate_Council_District_4
133e262d80facd71cc7c860a,race-d3d54e895ad132bafc82,housing,public_housing,Sasha Anderson,Shaun Scott,coded_divergence,different_mechanism,"The pressing issues of climate change, affordable housing, and education are my priorities and my platform is built on unity.","We can forge a fair city, where renters aren’t priced out by rising costs of living, and homeowners aren’t stressed out by rising property taxes.",https://cdn.kingcounty.gov/-/media/king-county/depts/elections/how-to-vote/voters-pamphlets/2019/08/edition-1.pdf,https://cdn.kingcounty.gov/-/media/king-county/depts/elections/how-to-vote/voters-pamphlets/2019/08/edition-1.pdf
a253be35a05d09362bb6a81c,race-a241869bcd246e43da06,housing,tenant_rights,Alex Pedersen,Shaun Scott,coded_divergence,different_mechanism,Preserve the affordable housing we already have.,A compassionate City is one that builds enough deeply affordable housing for those already here and for those on the way.,https://seattleglobalist.com/2019/10/16/district-4-alex-pedersen-and-shaun-scott/88444,https://archive.org/details/sc21wa-2019_City_of_Seattle_Primary_Video_Voters_Guide_-_Shaun_Scott_Candidate_Council_District_4
1182877e721a98a5e4778d15,race-a241869bcd246e43da06,housing,zoning,Beth Mountsier,Shaun Scott,coded_divergence,different_mechanism,"Improve Housing Affordability and Quality using my expertise on land use, zoning, housing, high quality design and economics.",A compassionate City is one that builds enough deeply affordable housing for those already here and for those on the way.,https://cdn.kingcounty.gov/-/media/king-county/depts/elections/how-to-vote/voters-pamphlets/2019/08/edition-1.pdf,https://archive.org/details/sc21wa-2019_City_of_Seattle_Primary_Video_Voters_Guide_-_Shaun_Scott_Candidate_Council_District_4
a05c9cf4a7f7b70634db5776,race-a241869bcd246e43da06,housing,public_housing,Cathy Tuttle,Shaun Scott,coded_divergence,different_mechanism,"We need stronger partnerships with regional governments, businesses, and nonprofits to build affordable family workforce housing for teachers, retail employees, first responders, elderly, and nurses as well as housing for people experiencing homelessness.","We can forge a fair city, where renters aren’t priced out by rising costs of living, and homeowners aren’t stressed out by rising property taxes.",https://cdn.kingcounty.gov/-/media/king-county/depts/elections/how-to-vote/voters-pamphlets/2019/08/edition-1.pdf,https://cdn.kingcounty.gov/-/media/king-county/depts/elections/how-to-vote/voters-pamphlets/2019/08/edition-1.pdf
68d8d4c6a089dbb22901ad6e,race-a241869bcd246e43da06,housing,public_housing,Emily Myers,Shaun Scott,coded_divergence,different_mechanism,We must allow housing options like duplexes and triplexes citywide and we must build public housing with progressive revenue.,"We can forge a fair city, where renters aren’t priced out by rising costs of living, and homeowners aren’t stressed out by rising property taxes.",https://archive.org/details/sc21wa-2019_City_of_Seattle_Primary_Video_Voters_Guide_-_Emily_Myers_Candidate_Council_District_4,https://cdn.kingcounty.gov/-/media/king-county/depts/elections/how-to-vote/voters-pamphlets/2019/08/edition-1.pdf
238378d1bb36143695be1281,race-a241869bcd246e43da06,housing,public_housing,Ethan Hunter,Shaun Scott,coded_divergence,different_mechanism,"I am here to fight the landslide of unsheltered, a problem which has increased by 46 percent since 2017.","We can forge a fair city, where renters aren’t priced out by rising costs of living, and homeowners aren’t stressed out by rising property taxes.",https://archive.org/details/sc21wa-2019_City_of_Seattle_Primary_Video_Voters_Guide_-_Ethan_Hunter_Candidate_Council_District_,https://cdn.kingcounty.gov/-/media/king-county/depts/elections/how-to-vote/voters-pamphlets/2019/08/edition-1.pdf
2801fa4566d16d0d5ee5b963,race-a241869bcd246e43da06,housing,public_housing,Frank A. Krueger,Shaun Scott,coded_divergence,different_mechanism,I believe in a housing-first solution to homelessness and want to see shelters become more accessible to those seeking help.,"We can forge a fair city, where renters aren’t priced out by rising costs of living, and homeowners aren’t stressed out by rising property taxes.",https://cdn.kingcounty.gov/-/media/king-county/depts/elections/how-to-vote/voters-pamphlets/2019/08/edition-1.pdf,https://cdn.kingcounty.gov/-/media/king-county/depts/elections/how-to-vote/voters-pamphlets/2019/08/edition-1.pdf
7e2c10ecf5f8d6ca26433834,race-a241869bcd246e43da06,housing,public_housing,Heidi Stuber,Shaun Scott,coded_divergence,different_mechanism,"Increase 24/7 shelter beds where individuals can bring partners, pets, and belongings.","We can forge a fair city, where renters aren’t priced out by rising costs of living, and homeowners aren’t stressed out by rising property taxes.",https://cdn.kingcounty.gov/-/media/king-county/depts/elections/how-to-vote/voters-pamphlets/2019/08/edition-1.pdf,https://cdn.kingcounty.gov/-/media/king-county/depts/elections/how-to-vote/voters-pamphlets/2019/08/edition-1.pdf
080772aa73ddbdeaa1eb64df,race-a241869bcd246e43da06,housing,zoning,Joshua Newman,Shaun Scott,coded_divergence,different_mechanism,Build more homes while balancing urban forestry and architectural beauty.,A compassionate City is one that builds enough deeply affordable housing for those already here and for those on the way.,https://cdn.kingcounty.gov/-/media/king-county/depts/elections/how-to-vote/voters-pamphlets/2019/08/edition-1.pdf,https://archive.org/details/sc21wa-2019_City_of_Seattle_Primary_Video_Voters_Guide_-_Shaun_Scott_Candidate_Council_District_4
e4c18030c9478e1a6985ab37,race-a241869bcd246e43da06,housing,public_housing,Sasha Anderson,Shaun Scott,coded_divergence,different_mechanism,"The pressing issues of climate change, affordable housing, and education are my priorities and my platform is built on unity.","We can forge a fair city, where renters aren’t priced out by rising costs of living, and homeowners aren’t stressed out by rising property taxes.",https://cdn.kingcounty.gov/-/media/king-county/depts/elections/how-to-vote/voters-pamphlets/2019/08/edition-1.pdf,https://cdn.kingcounty.gov/-/media/king-county/depts/elections/how-to-vote/voters-pamphlets/2019/08/edition-1.pdf
0533cc7a27f3a963abdb2d6b,race-7ecc5bf058cba323d432,public_safety,police_reform,Kendal Gray,Shayla D. Adams-Stafford,coded_divergence,explicit_disagreement,By mandating this fee we can ensure that we have more cadet classes for our law enforcement officers and fire and ems.,Criminalizing drug possession has contributed to mass incarceration without addressing the public health crisis of addiction.,https://kendalgray.org/crime,https://drive.google.com/file/d/1WP7ivSRzxc_tHGF8_8fsPYQadbn0iAvJ/view?usp=drivesdk
4b7a3a125e13fbe47934a2b7,race-aed8879df9fbc709db76,climate_energy,emissions,Andrew Yang,Bernie Sanders,coded_divergence,explicit_disagreement,The first step to any action on climate change is to rejoin the Paris Accords so that we have the moral authority and allies in order to fight the existential threat that is climate change.,have the guts to take on the fossil fuel industry,https://www.cfr.org/articles/andrew-yang,https://www.nbcnews.com/politics/2020-election/full-transcript-ninth-democratic-debate-las-vegas-n1139546
59dca3901e3f1d27739d0f6b,race-aed8879df9fbc709db76,climate_energy,fossil_fuels,Bernie Sanders,Michael Bennet,coded_divergence,explicit_disagreement,have the guts to take on the fossil fuel industry,Climate change is a global crisis that we must confront now.,https://www.nbcnews.com/politics/2020-election/full-transcript-ninth-democratic-debate-las-vegas-n1139546,https://www.presidency.ucsb.edu/documents/bennet-campaign-press-release-michael-bennet-unveils-americas-climate-change-plan-achieve
245b125fc05d675cc7bd4a82,race-aed8879df9fbc709db76,climate_energy,fossil_fuels,Bernie Sanders,Michael R. Bloomberg,coded_divergence,explicit_disagreement,have the guts to take on the fossil fuel industry,"If you’re president, the first thing you do the first day is you rejoin the Paris Agreement.",https://www.nbcnews.com/politics/2020-election/full-transcript-ninth-democratic-debate-las-vegas-n1139546,https://www.nbcnews.com/politics/2020-election/full-transcript-ninth-democratic-debate-las-vegas-n1139546
e512204437a8134fef644a9d,race-aed8879df9fbc709db76,climate_energy,fossil_fuels,Bernie Sanders,Tom Steyer,coded_divergence,explicit_disagreement,have the guts to take on the fossil fuel industry,This is still a fossil-fuel-driven economy. We need to make a change.,https://www.nbcnews.com/politics/2020-election/full-transcript-ninth-democratic-debate-las-vegas-n1139546,https://www.cbsnews.com/news/tom-steyer-talks-climate-change-and-foreign-policy-on-tour-of-iowa/
7962b105113d19dd9d3902bb,race-c3b021b27cd1f9089be2,climate_energy,emissions,Andrew Yang,Bernie Sanders,coded_divergence,explicit_disagreement,The first step to any action on climate change is to rejoin the Paris Accords so that we have the moral authority and allies in order to fight the existential threat that is climate change.,have the guts to take on the fossil fuel industry,https://www.cfr.org/articles/andrew-yang,https://www.nbcnews.com/politics/2020-election/full-transcript-ninth-democratic-debate-las-vegas-n1139546
74f5a2a1f2a44da97eed07be,race-c3b021b27cd1f9089be2,climate_energy,fossil_fuels,Bernie Sanders,Michael Bennet,coded_divergence,explicit_disagreement,have the guts to take on the fossil fuel industry,Climate change is a global crisis that we must confront now.,https://www.nbcnews.com/politics/2020-election/full-transcript-ninth-democratic-debate-las-vegas-n1139546,https://www.presidency.ucsb.edu/documents/bennet-campaign-press-release-michael-bennet-unveils-americas-climate-change-plan-achieve
27cfb078912daa97af99e667,race-c3b021b27cd1f9089be2,climate_energy,fossil_fuels,Bernie Sanders,Michael R. Bloomberg,coded_divergence,explicit_disagreement,have the guts to take on the fossil fuel industry,"If you’re president, the first thing you do the first day is you rejoin the Paris Agreement.",https://www.nbcnews.com/politics/2020-election/full-transcript-ninth-democratic-debate-las-vegas-n1139546,https://www.nbcnews.com/politics/2020-election/full-transcript-ninth-democratic-debate-las-vegas-n1139546
4787486d962c3500d3a44b0e,race-c3b021b27cd1f9089be2,climate_energy,fossil_fuels,Bernie Sanders,Tom Steyer,coded_divergence,explicit_disagreement,have the guts to take on the fossil fuel industry,This is still a fossil-fuel-driven economy. We need to make a change.,https://www.nbcnews.com/politics/2020-election/full-transcript-ninth-democratic-debate-las-vegas-n1139546,https://www.cbsnews.com/news/tom-steyer-talks-climate-change-and-foreign-policy-on-tour-of-iowa/
f66b2ff8e2a60bd76445c62b,race-73071b15a1c4c8d1ee8f,climate_energy,emissions,Andrew Yang,Bernie Sanders,coded_divergence,explicit_disagreement,The first step to any action on climate change is to rejoin the Paris Accords so that we have the moral authority and allies in order to fight the existential threat that is climate change.,have the guts to take on the fossil fuel industry,https://www.cfr.org/articles/andrew-yang,https://www.nbcnews.com/politics/2020-election/full-transcript-ninth-democratic-debate-las-vegas-n1139546
a8b4ca0867a95fbaa7d0b108,race-73071b15a1c4c8d1ee8f,climate_energy,fossil_fuels,Bernie Sanders,Michael Bennet,coded_divergence,explicit_disagreement,have the guts to take on the fossil fuel industry,Climate change is a global crisis that we must confront now.,https://www.nbcnews.com/politics/2020-election/full-transcript-ninth-democratic-debate-las-vegas-n1139546,https://www.presidency.ucsb.edu/documents/bennet-campaign-press-release-michael-bennet-unveils-americas-climate-change-plan-achieve
bbd7a99e7c9fa376a250356c,race-73071b15a1c4c8d1ee8f,climate_energy,fossil_fuels,Bernie Sanders,Michael R. Bloomberg,coded_divergence,explicit_disagreement,have the guts to take on the fossil fuel industry,"If you’re president, the first thing you do the first day is you rejoin the Paris Agreement.",https://www.nbcnews.com/politics/2020-election/full-transcript-ninth-democratic-debate-las-vegas-n1139546,https://www.nbcnews.com/politics/2020-election/full-transcript-ninth-democratic-debate-las-vegas-n1139546
b4109bd26abbb2a0dea79d94,race-73071b15a1c4c8d1ee8f,climate_energy,fossil_fuels,Bernie Sanders,Tom Steyer,coded_divergence,explicit_disagreement,have the guts to take on the fossil fuel industry,This is still a fossil-fuel-driven economy. We need to make a change.,https://www.nbcnews.com/politics/2020-election/full-transcript-ninth-democratic-debate-las-vegas-n1139546,https://www.cbsnews.com/news/tom-steyer-talks-climate-change-and-foreign-policy-on-tour-of-iowa/
9a578b11deccdce8c401ffd2,race-980dc8b6fade3efe9c74,climate_energy,emissions,Andrew Yang,Bernie Sanders,coded_divergence,explicit_disagreement,The first step to any action on climate change is to rejoin the Paris Accords so that we have the moral authority and allies in order to fight the existential threat that is climate change.,have the guts to take on the fossil fuel industry,https://www.cfr.org/articles/andrew-yang,https://www.nbcnews.com/politics/2020-election/full-transcript-ninth-democratic-debate-las-vegas-n1139546
2ae52b496f4179ee23763e86,race-980dc8b6fade3efe9c74,climate_energy,fossil_fuels,Bernie Sanders,Michael Bennet,coded_divergence,explicit_disagreement,have the guts to take on the fossil fuel industry,Climate change is a global crisis that we must confront now.,https://www.nbcnews.com/politics/2020-election/full-transcript-ninth-democratic-debate-las-vegas-n1139546,https://www.presidency.ucsb.edu/documents/bennet-campaign-press-release-michael-bennet-unveils-americas-climate-change-plan-achieve
c450f143f2cba1cc19917a00,race-980dc8b6fade3efe9c74,climate_energy,fossil_fuels,Bernie Sanders,Michael R. Bloomberg,coded_divergence,explicit_disagreement,have the guts to take on the fossil fuel industry,"If you’re president, the first thing you do the first day is you rejoin the Paris Agreement.",https://www.nbcnews.com/politics/2020-election/full-transcript-ninth-democratic-debate-las-vegas-n1139546,https://www.nbcnews.com/politics/2020-election/full-transcript-ninth-democratic-debate-las-vegas-n1139546
ca1b841007ee8b86fa074c0c,race-980dc8b6fade3efe9c74,climate_energy,fossil_fuels,Bernie Sanders,Tom Steyer,coded_divergence,explicit_disagreement,have the guts to take on the fossil fuel industry,This is still a fossil-fuel-driven economy. We need to make a change.,https://www.nbcnews.com/politics/2020-election/full-transcript-ninth-democratic-debate-las-vegas-n1139546,https://www.cbsnews.com/news/tom-steyer-talks-climate-change-and-foreign-policy-on-tour-of-iowa/
a44837124b96615b01539f1f,race-3b2b88f146005f2e7e13,housing,zoning,Aidan Sova,Dave Zeglen,coded_divergence,different_mechanism,"Now, I’m running for Ann Arbor City Council because our city deserves high-quality services, expanded housing, and reliable transportation options.","I do support the premise of mixed use, as well as having triplex, duplex in single-family residential zones. I think that’s a good thing, but if it’s not public housing, it’s not going to be affordable, simply because of the way the uncapped property tax works in the city.",https://www.voteaidansova.com/,https://www.michigandaily.com/news/ann-arbor/dave-zeglen-aidan-sova-ann-arbor-ward-4/
8599efc81e93c80149f077d4,race-5db7edca6b190a1d4c39,public_safety,sentencing,Art Lloyd,Zachary Parker,coded_divergence,different_mechanism,I would propose a special investigating squad to seek out those bringing in guns and or ammunition to D.C. and set the penalties maximum of 10 years with no parole.,Remove traffic enforcement from MPD to end biased stops and reduce armed encounters,https://patch.com/district-columbia/washingtondc/candidate-profile-art-lloyd-city-council-ward-5,https://waba.org/wp-content/uploads/2022/04/Zachary-Parker-DC-Council-Ward-5-Candidate-2022-WABA-Primary-Election-Questionnaire.pdf
0cd3c6c34c11e1b0a77525c7,race-70d6e7aea0a07570e2a8,public_safety,police_reform,Aisha Moe,Nada Elmikashfi,coded_divergence,different_mechanism,"Instead of putting all this pressure on our police force, what we need to be doing is sort of taking the pressure away so they can focus on keeping our communities safe and doing that in the very specific way that they know how to.","If elected Nada would support the quest to defund police across Wisconsin, including the MPD. Defunding the massive police budget and distributing those funds to more effective and pertinent services would create safer communities.",https://www.channel3000.com/news/politics/elections/meet-the-candidates-for-wisconsin-s-senate-district-26/article_58d97a7c-e446-5094-bad2-7c21fe8fcc84.html,https://www.ballotready.org/people/nada-elmikashfi
bdbf3a2ab77a281b19ff283a,race-70d6e7aea0a07570e2a8,public_safety,police_reform,Amani Latimer Burris,Nada Elmikashfi,coded_divergence,different_mechanism,"The bottom line is we have to work on this and a whole host of issues including social justice reform and equity, policing, implicit bias and the criminal justice system.","If elected Nada would support the quest to defund police across Wisconsin, including the MPD. Defunding the massive police budget and distributing those funds to more effective and pertinent services would create safer communities.",https://upnorthnewswi.com/news/the-unn-candidate-interview-amani-latimer-burris-of-senate-district-26/,https://www.ballotready.org/people/nada-elmikashfi
db7a16232766829b25cd50c7,race-70d6e7aea0a07570e2a8,public_safety,police_reform,Brian Benford,Nada Elmikashfi,coded_divergence,different_mechanism,"I applaud their efforts as a step in the right direction, but we need to completely re-imagine policing by understanding the flawed system in which it is embedded.","If elected Nada would support the quest to defund police across Wisconsin, including the MPD. Defunding the massive police budget and distributing those funds to more effective and pertinent services would create safer communities.",https://upnorthnewswi.com/news/politics/the-unn-candidate-interview-brian-benford-and-william-henry-davis-iii-of-senate-district-26/,https://www.ballotready.org/people/nada-elmikashfi
3e913456fc2540f90f1b1d78,race-70d6e7aea0a07570e2a8,public_safety,police_reform,John Imes,Nada Elmikashfi,coded_divergence,different_mechanism,"Adding provisions that specifically prohibit racial profiling and requiring officers to wear and properly operate body cameras, would also help create greater transparency, accountability, and justice for all.","If elected Nada would support the quest to defund police across Wisconsin, including the MPD. Defunding the massive police budget and distributing those funds to more effective and pertinent services would create safer communities.",https://upnorthnewswi.com/news/the-unn-candidate-interview-nada-elmikashfi-and-john-imes-of-senate-district-26/,https://www.ballotready.org/people/nada-elmikashfi
363a4f9a1a60e46cbd71c12e,race-70d6e7aea0a07570e2a8,public_safety,police_reform,Kelda Helen Roys,Nada Elmikashfi,coded_divergence,different_mechanism,"To eliminate police brutality, systemic racism, and mass incarceration, we need community oversight, to demilitarize police, and decriminalize poverty and substance use disorder. Mental and behavioral health problems need healthcare, not law enforcement.","If elected Nada would support the quest to defund police across Wisconsin, including the MPD. Defunding the massive police budget and distributing those funds to more effective and pertinent services would create safer communities.",https://upnorthnewswi.com/news/the-unn-candidate-interview-aisha-moe-and-kelda-roys-of-senate-district-26/,https://www.ballotready.org/people/nada-elmikashfi
ecbb1ed46ef39fdd8a4aaa5e,race-70d6e7aea0a07570e2a8,public_safety,police_abolition,Nada Elmikashfi,William Henry Davis III,coded_divergence,different_mechanism,"If elected Nada would support the quest to defund police across Wisconsin, including the MPD. Defunding the massive police budget and distributing those funds to more effective and pertinent services would create safer communities.",I support the package. However our police reform must include more — such as removing and restricting firearm use by street patrol officers. We must promote stricter regulations on police authority to prevent future police abuse.,https://www.ballotready.org/people/nada-elmikashfi,https://upnorthnewswi.com/news/politics/the-unn-candidate-interview-brian-benford-and-william-henry-davis-iii-of-senate-district-26/
89c6e7c69927c18c12b8536d,race-7ecc5bf058cba323d432,housing,public_housing,Shayla D. Adams-Stafford,Theresa Mitchell Dudley,coded_divergence,different_mechanism,"Pursuing community-based development that prioritizes local businesses, affordable housing, high-quality retail options, and projects that reflect the values and voices of our neighborhoods, not the demands of outside developers and wealthy investors.","Why build houses and there is no room for the children in our schools? Adequate Public Facilities should mean County schools, police, fire, the health department and other agencies are able to provide a safe place to live, work, and do business. We must require adequate public facilities before a new development is built.",https://www.princegeorgescountymd.gov/sites/default/files/media-document/Shayla%20Adams-Stafford%20Statement%20of%20Qualifications.pdf,https://www.princegeorgescountymd.gov/sites/default/files/media-document/Theresa%20Dudley%20Statement%20of%20Qualifications.pdf
679efb3a0fe5614d2cdba4ed,race-0b902d615156cfc70e34,public_safety,police_reform,Aparna Raj,Jackie Reyes Yanes,coded_divergence,different_mechanism,"I will push to expand violence interruption programs, invest in community responders trained to de-escalate mental health and substance use crises, and fix our 911 system so residents can rely on timely help when they need it.",I support the limited and targeted use of youth curfews as one tool within a broader strategy.,https://wtop.com/dc-election/2026/06/get-to-know-ward-1-dc-council-candidate-aparna-raj/,https://wtop.com/dc-election/2026/06/get-to-know-ward-1-dc-council-candidate-jackie-reyes-yanes/
1347c6d21cb82d585ead018c,race-0b902d615156cfc70e34,public_safety,police_reform,Aparna Raj,Rashida Brown,coded_divergence,explicit_disagreement,"I will push to expand violence interruption programs, invest in community responders trained to de-escalate mental health and substance use crises, and fix our 911 system so residents can rely on timely help when they need it.","Curfews specifically harm Black and brown youth, who are already over-policed. We must prioritize upstream resources and proven, positive approaches. Young people deserve investment and opportunity, not incarceration.",https://wtop.com/dc-election/2026/06/get-to-know-ward-1-dc-council-candidate-aparna-raj/,https://wtop.com/dc-election/2026/06/get-to-know-ward-1-dc-council-candidate-rashida-brown/
bf608180d1857751a07a6c75,race-0237c4a27ae65d01b793,housing,zoning,Janeese Lewis George,Lisa Gore,coded_divergence,different_mechanism,"In 1950, DC had more than 100,000 more residents than it does today. That was before all the buildings we’ve built near metros in the past 20 years. We know we can achieve at least that population again. Doing so could significantly improve equity, welcome new residents, and enable younger generations to afford homes in the neighborhoods they grew up in.","Affordable housing in Ward 4 remains a significant challenge. While there have been efforts to improve access, much more needs to be done. I would propose increasing the availability of affordable units through mixed-use developments and incentivizing the construction of affordable housing. Additionally, I support measures to protect current residents from displacement and provide resources for first-time homebuyers.",https://ggwash.org/view/93617/2024-dc-ward-4-democratic-primary-endorsement,https://www.petworthnews.org/blog/lisa-gore-24
fdd42b9f4b813a35ca71bdd5,race-0b902d615156cfc70e34,housing,rent_control,Aparna Raj,Jackie Reyes Yanes,coded_divergence,different_mechanism,I’m going to fight to make it more affordable and easier to live here by: stopping rent hikes by making it easier to build more housing everywhere and expanding rent stabilization to cover more multifamily buildings.,I will fight to preserve and expand truly affordable housing so longtime residents are not pushed out of the communities they helped build.,https://wtop.com/dc-election/2026/06/get-to-know-ward-1-dc-council-candidate-aparna-raj/,https://wtop.com/dc-election/2026/06/get-to-know-ward-1-dc-council-candidate-jackie-reyes-yanes/
45a440ff74a63a9d0820dfbb,race-0b902d615156cfc70e34,housing,rent_control,Aparna Raj,Miguel Trindade Deramo,coded_divergence,different_mechanism,I’m going to fight to make it more affordable and easier to live here by: stopping rent hikes by making it easier to build more housing everywhere and expanding rent stabilization to cover more multifamily buildings.,"We must enable existing neighbors to stay in their homes by preserving affordability; at the same time, I know that we can’t guarantee access to housing that doesn’t exist, and therefore we need to build more homes.",https://wtop.com/dc-election/2026/06/get-to-know-ward-1-dc-council-candidate-aparna-raj/,https://wtop.com/dc-election/2026/06/get-to-know-ward-1-dc-council-candidate-miguel-trindade-deramo/
0d6090baf2cc278f6eef1ea1,race-0b902d615156cfc70e34,housing,rent_control,Aparna Raj,Rashida Brown,coded_divergence,different_mechanism,I’m going to fight to make it more affordable and easier to live here by: stopping rent hikes by making it easier to build more housing everywhere and expanding rent stabilization to cover more multifamily buildings.,"I will continue to promote zoning and other adjustments that make it easier to build more units, to bring down prices. I will advocate for a far stronger comprehensive plan than the draft Future Land Use Map recently released by the Office of Planning.",https://wtop.com/dc-election/2026/06/get-to-know-ward-1-dc-council-candidate-aparna-raj/,https://wtop.com/dc-election/2026/06/get-to-know-ward-1-dc-council-candidate-rashida-brown/
2de21432d334ea0fe7acd8f0,race-0b902d615156cfc70e34,housing,rent_control,Aparna Raj,Terry Lynch,coded_divergence,different_mechanism,I’m going to fight to make it more affordable and easier to live here by: stopping rent hikes by making it easier to build more housing everywhere and expanding rent stabilization to cover more multifamily buildings.,"I have committed to bringing 5,000 new units ito Ward 1.",https://wtop.com/dc-election/2026/06/get-to-know-ward-1-dc-council-candidate-aparna-raj/,https://wtop.com/dc-election/2026/06/get-to-know-ward-1-dc-council-candidate-terry-lynch/
27dc668ea6dfbbebb161835b,race-3feef0e6623161e871c8,housing,zoning,Allison Eriksen,"Izola ""Zola"" Shaw",coded_divergence,different_mechanism,"I support loosening SFZ restrictions and encouraging the building of housing with smaller footprints (town homes, duplex, triplex, small apartment buildings, and ADUs) that can be more affordable and have a smaller environmental impact.","The county should update zoning rules to allow for more housing options, introduce protections that keep rent increases in check, and make meaningful investments in building homes that families on typical incomes can actually afford.",https://www.montgomery4all.org/allison-eriksen-2026,https://www.montgomery4all.org/izola-shaw-2026
0a837dc6a28cc201a9e71438,race-3feef0e6623161e871c8,housing,rent_control,"Izola ""Zola"" Shaw",Jud Ashman,coded_divergence,different_mechanism,"The county should update zoning rules to allow for more housing options, introduce protections that keep rent increases in check, and make meaningful investments in building homes that families on typical incomes can actually afford.","I would support a set of targeted, practical zoning reforms that expand housing supply - especially in high-opportunity areas - while maintaining community character.",https://www.montgomery4all.org/izola-shaw-2026,https://www.montgomery4all.org/jud-ashman-2026
0861b57163c725da5885c6d8,race-76f51d329af062247a1f,tax_budget,public_spending,Daniel Carusello,Shaun Scott,coded_divergence,different_mechanism,I’m dedicated to championing investment into education and infrastructure.,"I will continue to fight for tax fairness and affordability, economic opportunity, climate action, and accessibility for all.",https://voter.votewa.gov/elections/candidate.ashx?e=888&r=150356&b=1576483&la=en&c=99,https://voter.votewa.gov/elections/candidate.ashx?e=888&r=150356&b=1568347&la=en&c=99
bf46585f0eb689782b56db74,race-d696522faa4508ad99d7,housing,rent_control,Meghana “Meg” Anandarangam,Yasmin Griffin,coded_divergence,different_mechanism,"She’s running to win rent control, responsible development, and reliable, equitable municipal services.","Protect and empower residents through education, transparency, and strong safeguards for homeowners, renters, and seniors.",https://www.megforqueencity.com/,https://www.griffinforcouncil.com/issues
bd84bdbe7ec43610a2890261,race-70174b009240792ba021,housing,public_housing,Hugo Soto-Martinez,Mitch O'Farrell,coded_divergence,different_mechanism,I want to build housing with mental health and addiction services for our unhoused. I want to create housing that essential workers can actually afford.,"We have a lot of work to do, but we have plenty of infill development opportunities, and I feel like, moving into the future, we can produce a lot more.",https://ballotpedia.org/Hugo_Soto-Martinez,https://beverlypress.com/2022/06/cd-13-candidates-sound-off-in-forum-at-the-ebell/
f55c2a8c8cb2feb14af986c1,race-70174b009240792ba021,housing,public_housing,Hugo Soto-Martinez,Steve Johnson,coded_divergence,different_mechanism,I want to build housing with mental health and addiction services for our unhoused. I want to create housing that essential workers can actually afford.,"When elected, I will definitely make a supply of housing my priority.",https://ballotpedia.org/Hugo_Soto-Martinez,https://beverlypress.com/2022/06/cd-13-candidates-sound-off-in-forum-at-the-ebell/
09cedc3d504ac87eb7172cd1,race-ac18370d47435bd68552,housing,public_housing,Bradley Nemo Callaway,Marcia Kelbon,coded_divergence,different_mechanism,The ongoing housing shortage is the direct result of a profit-focused housing market. We must begin mass construction of housing that can be sold to residents at cost-price to make housing affordable for everyone.,"Our legislature needs to create a regulatory framework that encourages rather than discourages home building, with an emphasis on starter homes of all types, including revising the Growth Management Act and energy codes.",https://noroly.chapters.dsausa.org/wp-content/uploads/2026/06/campaign-one-pager-two-sided.pdf,https://www.electmarcia.com/
c32f98fc442e0358fc470806,race-ac18370d47435bd68552,housing,public_housing,Bradley Nemo Callaway,Mark Hodgson,coded_divergence,different_mechanism,The ongoing housing shortage is the direct result of a profit-focused housing market. We must begin mass construction of housing that can be sold to residents at cost-price to make housing affordable for everyone.,Affordable housing and a path to homeownership for working families. Living-wage jobs in rural communities.,https://noroly.chapters.dsausa.org/wp-content/uploads/2026/06/campaign-one-pager-two-sided.pdf,https://www.markhodgson.org/
fcef58d40d0b2aeca822568b,race-2a3689814b363475c0ca,labor,wages,Alex Brower,Nasser Musa,coded_divergence,different_mechanism,"Defend city workers’ wages, benefits & labor conditions.","My focus includes protecting bicyclists and our environment, expanding great housing options, creating more good jobs, proactively addressing violence, car theft, and reckless driving, fixing streets, broadening workers’ rights, and defending seniors and pro-choice values.",https://urbanmilwaukee.com/pressrelease/milwaukee-union-leader-alex-brower-launches-campaign-for-common-council-district-3/,https://urbanmilwaukee.com/pressrelease/statement-from-aldermanic-candidate-nas-musa/
c773d5b154b5bf516c72ca8b,race-6233a2b380836f3b2218,political_strategy,democratic_party,Cori Bush,Wesley Bell,coded_divergence,explicit_disagreement,"Wesley Bell, who voted to thank ICE, can’t meet the political moment because he’s bankrolled by prominent ICE contractors and the same donors who put President Trump back in the White House.","Progressives should actually make progress. It’s not enough to talk about solutions, you must find a way to deliver them.",https://www.coribush.org/priorities,https://www.bell4mo.com/issues/
646e0ca2fe6cf3c1615d68f2,race-b1998f438329c13186c3,public_safety,police_reform,Ann Davison,Nicole Thomas-Kennedy,coded_divergence,explicit_disagreement,I will provide balanced leadership that makes us smart on crime: proactive not reactive.,We need to face the fact that we cannot prosecute our way out of every problem.,https://info.kingcounty.gov/kcelections/Vote/contests/candidates.aspx?cid=63947&lang=en-US&pamphletson=true,https://info.kingcounty.gov/kcelections/vote/contests/candidates.aspx?requesttype=primary&cid=66659&lang=en-US
41915578c76d415a982f6e92,race-0237c4a27ae65d01b793,education,childcare,Janeese Lewis George,Lisa Gore,coded_divergence,different_mechanism,"In 2021, I led the Council in passing the Homes and Hearts Amendment, which raised the wages of early childhood education and stabilized our child care system. And this year, we will defend this critical investment from the cuts the Mayor proposed.","Education is a cornerstone of our community’s future. I am deeply concerned about the recent cuts to DCPS, which threaten the quality of education for our children. I support reinstating the Council’s Education Committee to provide dedicated oversight and championing increased funding for tutoring, academic support, and essential services like school psychologists and counselors.",https://www.petworthnews.org/blog/janeese-lewis-george-24,https://www.petworthnews.org/blog/lisa-gore-24
f1fbad9ebcf11c07249605a0,race-0b902d615156cfc70e34,tax_budget,corporate_tax,Aparna Raj,Terry Lynch,coded_divergence,different_mechanism,A DC that is truly affordable will require corporations and the ultrawealthy to pay their fair share.,"Public health, education and safety are priorities. I also believe the city is leaving money on the table- many properties are not taxed properly but are under taxed, professional athletes’ exorbitant earnings made here should be taxed and they are not. Tax loopholes need to be closed.",https://wtop.com/dc-election/2026/06/get-to-know-ward-1-dc-council-candidate-aparna-raj/,https://wtop.com/dc-election/2026/06/get-to-know-ward-1-dc-council-candidate-terry-lynch/
d75cb58b11a94ff4884db701,race-8a99a689340f254d2852,labor,wages,Brianna K. Thomas,Nikkita Oliver,coded_divergence,different_mechanism,"I am proud to have supported efforts that put Seattle at the national forefront of workers’ rights, livable wages and police accountability.",A vote for Nikkita is a vote for a city that embodies racial and economic justice. A city with labor protections for freelancers and prevailing wages and healthcare for frontline workers.,https://cdn.kingcounty.gov/-/media/king-county/depts/elections/how-to-vote/voters-pamphlets/2021/08/edition-2.pdf,https://cdn.kingcounty.gov/-/media/king-county/depts/elections/how-to-vote/voters-pamphlets/2021/08/edition-2.pdf
9c66ede61a73c9261f5d7de8,race-8a99a689340f254d2852,labor,union_rights,Nikkita Oliver,Rebecca L. Williamson,coded_divergence,different_mechanism,A vote for Nikkita is a vote for a city that embodies racial and economic justice. A city with labor protections for freelancers and prevailing wages and healthcare for frontline workers.,"The Socialist Workers Party joins the working-class demand for an immediate, massive public works program.",https://cdn.kingcounty.gov/-/media/king-county/depts/elections/how-to-vote/voters-pamphlets/2021/08/edition-2.pdf,https://info.kingcounty.gov/kcelections/Vote/contests/candidates.aspx?requesttype=primary&cid=63949&lang=en-US
0cf5388c47ced67733cc725e,race-4e0ada02ef4cde424267,climate_energy,transit,Brandy H. M. Brooks,Laurie-Anne Sayles,coded_divergence,explicit_disagreement,I do not support the planned toll lanes.,Tackling climate change through multi-modal transportation solutions,https://actfortransit.com/archives/election_2022/CouncilAtLarge.pdf,https://bethesdamagazine.com/county-council-at-large/
934b66d131f66c3c777fe047,race-c5296c20ca06b0713b08,healthcare,coverage_expansion,Alfonso Lopez,Karishma Mehta,coded_divergence,different_mechanism,"We started by expanding Medicaid to over 500,000 Virginians — including 45,000 in Northern Virginia.",That means finally getting our commonwealth to universal healthcare coverage through a single-payer system.,https://www.arlnow.com/2021/06/04/alfonso-lopez-why-you-should-vote-for-me-2/,https://www.arlnow.com/2021/06/04/karishma-mehta-why-you-should-vote-for-me/
54375a5f47c0300757947e8b,race-bac785822c8a53b0ea8e,immigration,border_policy,Raaheela Ahmed,Ron Watson,coded_divergence,explicit_disagreement,She firmly opposes abusive and aggressive ICE enforcement practices that tear families apart and destabilize communities.,support SB 245 which deals with 287(g) and barring local law enforcement agencies from entering into immigration enforcement agreements with the federal government.,https://www.raaheela.com/issues.html,https://marylandmatters.org/voter-guides/contests/23rd-district-democratic-primary/
565cf9eb628a960fff8c6a2e,race-70d6e7aea0a07570e2a8,education,public_schools,Aisha Moe,Nada Elmikashfi,coded_divergence,explicit_disagreement,"I think we need to start by ending the voucher school system which has created a classist, and ultimately racist, system of public education in this state.","We must ensure that equitable and sustainable investments are made so that every student, teacher, and school system has the resources they need to succeed. This includes moving away from the property tax school funding system that continues to pass on generations of systemic racism to our children.",https://upnorthnewswi.com/news/the-unn-candidate-interview-aisha-moe-and-kelda-roys-of-senate-district-26/,https://upnorthnewswi.com/news/the-unn-candidate-interview-nada-elmikashfi-and-john-imes-of-senate-district-26/
4d749c0f9c9f07e58c531417,race-70d6e7aea0a07570e2a8,education,public_schools,Brian Benford,Nada Elmikashfi,coded_divergence,explicit_disagreement,"For too long, policy makers, primarily from the other side, have purposely tried to siphon off funds to give to private schools- by claiming that public schools fail to reach all of our children.","We must ensure that equitable and sustainable investments are made so that every student, teacher, and school system has the resources they need to succeed. This includes moving away from the property tax school funding system that continues to pass on generations of systemic racism to our children.",https://upnorthnewswi.com/news/politics/the-unn-candidate-interview-brian-benford-and-william-henry-davis-iii-of-senate-district-26/,https://upnorthnewswi.com/news/the-unn-candidate-interview-nada-elmikashfi-and-john-imes-of-senate-district-26/
357e247def79a1342f189925,race-70d6e7aea0a07570e2a8,education,childcare,John Imes,Nada Elmikashfi,coded_divergence,different_mechanism,"Fully fund early childcare including 4k public education, improve broadband technology, and hire a diverse teaching workforce and student support staff including additional guidance counselors, psychologists, social workers, nurses, and mental health specialists to help low income students overcome adversity and improve academic outcomes.","We must ensure that equitable and sustainable investments are made so that every student, teacher, and school system has the resources they need to succeed. This includes moving away from the property tax school funding system that continues to pass on generations of systemic racism to our children.",https://upnorthnewswi.com/news/the-unn-candidate-interview-nada-elmikashfi-and-john-imes-of-senate-district-26/,https://upnorthnewswi.com/news/the-unn-candidate-interview-nada-elmikashfi-and-john-imes-of-senate-district-26/
7b492daf0763e30edb793b86,race-4ab4dfc62a70075bfc27,housing,public_housing,Chad Ryan,Tammy M. Honeywell,coded_divergence,different_mechanism,The housing crisis is a top priority for me.,"I will also continue to advocate for the Syracuse Common Council to pass Good Cause Legislation, and be more tenant focused.",https://centralcurrent.org/2025-primary-election-qa-onondaga-legislature-8th-district-candidate-chad-ryan/,https://centralcurrent.org/2025-primary-election-qa-onondaga-legislature-8th-district-candidate-tammy-honeywell/
847f630408068f0426ca4ede,race-c0281c2f7e9fa4145d2d,housing,public_housing,Chad Ryan,Tammy M. Honeywell,coded_divergence,different_mechanism,"First, increasing what developers can access through the O-CHIP program. It’s not a perfect program, but it’s operational and it works.","For tenants, Onondaga County has seen some of the highest rent hikes in the nation. I want the county to create a framework that works with municipalities to regulate the cost of rental housing.",https://centralcurrent.org/2026-primary-election-qa-onondaga-county-legislature-8th-district-candidate-chad-ryan/,https://centralcurrent.org/2026-primary-election-qa-onondaga-county-legislature-8th-district-candidate-tammy-honeywell/
3a451f69aa91e86844194695,race-a6abe667124f4bdfeafd,democracy,campaign_finance,Nithya Raman,Sarah Kate Levy,coded_divergence,explicit_disagreement,"The campaign finance reform ordinance approved by City Council in 2019 was, to be kind, a joke.","As an active member of the Los Angeles League of Women Voters, I am very supportive of ranked choice in City Council elections. And I do believe the number of Councilmembers should be increased.",https://losangeles.cagreens.org/elections/los-angeles-cd4-questionnaire,https://losangeles.cagreens.org/elections/los-angeles-cd4-questionnaire
65a8a5c21baf4debde5aab0c,race-92bef0369296358f5e9b,labor,union_rights,Todd Scott,Zaynab Mohamed,coded_divergence,different_mechanism,The union has brought security to Minnesota families and must be protected.,"One of the reasons why I’m running, that will be a priority for the state, is fighting for a $15 minimum wage.",https://www.ballotready.org/people/todd-c-scott,https://sahanjournal.com/democracy-politics/black-women-minnesota-senate-zaynab-mohamed/
9917c96f2fb51ace0d01acfe,race-8fc9beee4a94871c9105,housing,tenant_rights,Ami Nguyen,Kshama Sawant,coded_divergence,different_mechanism,"As a former tenant’s rights attorney, I fought against slumlords and illegal evictions, allowing families to remain housed and live in better conditions.","That’s why we’re building a movement for citywide rent control, free of corporate loopholes.",https://archive.org/details/Video_Voters_Guide_-_2019_Primary_-_City_of_Seattle_Seattle_School_District,https://cdn.kingcounty.gov/-/media/king-county/depts/elections/how-to-vote/voters-pamphlets/2019/08/edition-1.pdf
ede0e8524120731651cff322,race-8fc9beee4a94871c9105,housing,zoning,Egan Orion,Kshama Sawant,coded_divergence,different_mechanism,"We also need options like duplexes, triplexes, and small multi-family buildings with single floor living for ADA accessibility and for seniors to age in place.","That’s why we’re building a movement for citywide rent control, free of corporate loopholes.",https://cdn.kingcounty.gov/-/media/king-county/depts/elections/how-to-vote/voters-pamphlets/2019/08/edition-1.pdf,https://cdn.kingcounty.gov/-/media/king-county/depts/elections/how-to-vote/voters-pamphlets/2019/08/edition-1.pdf
1b16a7f9e31c6db06edc2513,race-8fc9beee4a94871c9105,housing,rent_control,Kshama Sawant,Logan Bowers,coded_divergence,different_mechanism,"That’s why we’re building a movement for citywide rent control, free of corporate loopholes.","We must end this injustice. Logan will re-legalize duplexes, triplexes, and quadplexes.",https://cdn.kingcounty.gov/-/media/king-county/depts/elections/how-to-vote/voters-pamphlets/2019/08/edition-1.pdf,https://cdn.kingcounty.gov/-/media/king-county/depts/elections/how-to-vote/voters-pamphlets/2019/08/edition-1.pdf
7eeac3d8a789c4b9c6e53eab,race-8fc9beee4a94871c9105,housing,rent_control,Kshama Sawant,Pat Murakami,coded_divergence,different_mechanism,"That’s why we’re building a movement for citywide rent control, free of corporate loopholes.",We must take decisive action to increase the supply of truly affordable housing.,https://cdn.kingcounty.gov/-/media/king-county/depts/elections/how-to-vote/voters-pamphlets/2019/08/edition-1.pdf,https://cdn.kingcounty.gov/-/media/king-county/depts/elections/how-to-vote/voters-pamphlets/2019/08/edition-1.pdf
071d92d6d127c374a2f16124,race-8fc9beee4a94871c9105,housing,rent_control,Kshama Sawant,Zachary DeWolf,coded_divergence,different_mechanism,"That’s why we’re building a movement for citywide rent control, free of corporate loopholes.","We deserve leaders dedicated to preventing displacement with shallow rent subsidies, investing in transit and infrastructure improvements by completing bike lanes and sidewalks, ending gun violence by investing in community-based violence prevention programs, and tackling housing affordability.",https://cdn.kingcounty.gov/-/media/king-county/depts/elections/how-to-vote/voters-pamphlets/2019/08/edition-1.pdf,https://cdn.kingcounty.gov/-/media/king-county/depts/elections/how-to-vote/voters-pamphlets/2019/08/edition-1.pdf
e2d178bfcc17243558191f58,race-a4f6ebb856fb4c3cc6a2,healthcare,single_payer,Anthony Clark,Danny K. Davis,coded_divergence,different_mechanism,"Now is the moment to unite as working class people & realize that through medicare 4 all as a human right, while supporting women’s rights to choose, a green new deal, homes guarantee, a federal jobs guarantee, an end to war, a livable wage, being union strong, clear paths to citizenship while abolishing ICE, & addressing white supremacy, we can win this class war.",Healthcare must become a right for all people and not a privilege for the few.,https://news.wttw.com/elections/voters-guide/2020/candidates/congressional-districts/anthony-clark,https://davis.house.gov/media/press-releases/floor-statement-rep-danny-k-davis-during-healthcare-debate-march-24-2017
9cd11d93fee2abe4bc16ed67,race-a4f6ebb856fb4c3cc6a2,healthcare,public_health,Anthony Clark,Kina Collins,coded_divergence,different_mechanism,Gun violence must be recognized as a public health issue.,"Instead I am running a campaign that champions and advances improved and expanded medicare for all, tuition free public college, and fighting for a future free of gun violence.",https://web.archive.org/web/20200302070858id_/https://www.voteanthonyclark.com/gun-control-assault-weapons-ban,https://news.wttw.com/elections/voters-guide/2020/candidates/congressional-districts/kina-collins
073a9e165eb8e36749ec0ac0,race-a4f6ebb856fb4c3cc6a2,healthcare,single_payer,Anthony Clark,Kristine Schanbacher,coded_divergence,different_mechanism,"Now is the moment to unite as working class people & realize that through medicare 4 all as a human right, while supporting women’s rights to choose, a green new deal, homes guarantee, a federal jobs guarantee, an end to war, a livable wage, being union strong, clear paths to citizenship while abolishing ICE, & addressing white supremacy, we can win this class war.","An important way we can enhance the Affordable Care Act (“ACA”) is to add a public health insurance option, which was in the original 2010 ACA proposal, but it was dropped as part of a compromise to pass the bill.",https://news.wttw.com/elections/voters-guide/2020/candidates/congressional-districts/anthony-clark,https://news.wttw.com/elections/voters-guide/2020/candidates/congressional-districts/kristine-schanbacher
9f0e448f57df2b2f0961b0d7,race-d2aabb75a31f1e810737,housing,public_housing,Claire Valdez,Vichal Kumar,coded_divergence,different_mechanism,"We need to expand rent control, we need to fight for social and public housing and make sure that our housing is deeply and permanently affordable and insulated from the market forces in the real estate industry that have made it incredibly expensive to live there.","In Congress, I will fight to flip the priority list: federal dollars for transit before highway expansion, a massive expansion of Section 8 funding so that the federal housing voucher program actually meets demand instead of leaving working families on years-long waitlists, and tenant protections before developer subsidies.",https://nyc.streetsblog.org/2026/06/04/seventh-congressional-district-rep-nydia-velazquez-claire-valdez-antonio-reynoso-julie-won,https://nyc.streetsblog.org/2026/06/04/seventh-congressional-district-rep-nydia-velazquez-claire-valdez-antonio-reynoso-julie-won
5da936445dbf2b14584e9e4e,race-c6bb913e7ac75477d6b5,housing,homeownership,Cory DiLoreto,Elspeth Kate Koehle,coded_divergence,different_mechanism,"A more immediate benefit came from a respondent who said to use the funds on blighted homes. Acquire and rehabilitate them, get them back on the market and tax rolls.",I would like to work with my future colleagues to improve our rental unit inspection process in order to ensure safe housing for tenants.,https://www.goerie.com/story/news/local/2021/04/29/democrat-cory-diloreto-race-erie-city-council/7396698002/,https://www.goerie.com/story/news/local/2021/04/29/democrat-elspeth-koehle-race-erie-city-council/7392072002/
4c69a061bf543372275852cd,race-c6bb913e7ac75477d6b5,housing,tenant_rights,Elspeth Kate Koehle,Jasmine Flores,coded_divergence,different_mechanism,I would like to work with my future colleagues to improve our rental unit inspection process in order to ensure safe housing for tenants.,The city should look into a rent-to-own program to help community members become homeowners.,https://www.goerie.com/story/news/local/2021/04/29/democrat-elspeth-koehle-race-erie-city-council/7392072002/,https://www.goerie.com/story/news/local/2021/04/29/democrat-jasmine-flores-race-erie-city-council/7383364002/
be2f67d2d7afcf8a7ee280dc,race-455aa8fc8417a3519b85,climate_energy,green_new_deal,AMANDA MCILLMURRAY,ISAIAH THOMAS,coded_divergence,explicit_disagreement,I not only support a Green New Deal but will use my organizing skills to champion policies that recognize the climate crisis as just that: a crisis.,We must divest from these dangerous fossil fuels and reinvest in sustainable solutions.,https://drive.google.com/file/d/1z_tdTkkejcSJqwAV2XtZDurZxExDTKlE/view?usp=share_link,https://drive.google.com/file/d/1pQ_OqVwthBiQhJwWVR9TaezGEjdfmHHy/view?usp=share_link
6e14fdc6385588269d5e8f59,race-455aa8fc8417a3519b85,climate_energy,green_new_deal,AMANDA MCILLMURRAY,RUE LANDAU,coded_divergence,different_mechanism,I not only support a Green New Deal but will use my organizing skills to champion policies that recognize the climate crisis as just that: a crisis.,"I support the City’s current commitment to decarbonize by 2050, but as a member of Council I’d push for a more truncated timeline to achieve neutrality by 2035.",https://drive.google.com/file/d/1z_tdTkkejcSJqwAV2XtZDurZxExDTKlE/view?usp=share_link,https://rueforphilly.com/a-new-vision-for-philadelphia/
4446f5e2ab62d2c81d5ea830,race-2e4af1073bbd9c36634b,climate_energy,green_new_deal,Amanda McIllmurray,Isaiah Thomas,coded_divergence,explicit_disagreement,I not only support a Green New Deal but will use my organizing skills to champion policies that recognize the climate crisis as just that: a crisis.,We must divest from these dangerous fossil fuels and reinvest in sustainable solutions.,https://drive.google.com/file/d/1z_tdTkkejcSJqwAV2XtZDurZxExDTKlE/view?usp=share_link,https://drive.google.com/file/d/1pQ_OqVwthBiQhJwWVR9TaezGEjdfmHHy/view?usp=share_link
3c24f4f2dd5ef01e3fdbca59,race-2e4af1073bbd9c36634b,climate_energy,green_new_deal,Amanda McIllmurray,Rue Landau,coded_divergence,different_mechanism,I not only support a Green New Deal but will use my organizing skills to champion policies that recognize the climate crisis as just that: a crisis.,"I support the City’s current commitment to decarbonize by 2050, but as a member of Council I’d push for a more truncated timeline to achieve neutrality by 2035.",https://drive.google.com/file/d/1z_tdTkkejcSJqwAV2XtZDurZxExDTKlE/view?usp=share_link,https://rueforphilly.com/a-new-vision-for-philadelphia/
ef4fc568802654061b49e31e,race-455aa8fc8417a3519b85,housing,tenant_rights,AMANDA MCILLMURRAY,ISAIAH THOMAS,coded_divergence,different_mechanism,"In addition, we must protect the rights of renters, through universal right to counsel in eviction proceedings, ""just cause"" for eviction, and rent control.","Given this information, I believe that with a combination of land bank usage, leveraging pension funds to support rational development projects, utilization of the neighborhood preservation initiative, the Housing Trust Fund, and a more efficient zoning process, we can create affordable housing in neighborhoods across the city.",https://drive.google.com/file/d/1z_tdTkkejcSJqwAV2XtZDurZxExDTKlE/view?usp=share_link,https://dc47.org/wp-content/uploads/2023/04/IsaiahThomas-DC47Questionnaire-CityCouncilAtLarge-2023.pdf
da8d23d73941796fcd996372,race-455aa8fc8417a3519b85,housing,tenant_rights,AMANDA MCILLMURRAY,OGBONNA PAUL HAGINS,coded_divergence,different_mechanism,"In addition, we must protect the rights of renters, through universal right to counsel in eviction proceedings, ""just cause"" for eviction, and rent control.",There definitely is a housing crisis in Philadelphia because there is a wealth and economic crisis. Until we properly deal with the economic disparities there will be a housing crisis. There should be some type of temporary housing provided for our street citizens.,https://drive.google.com/file/d/1z_tdTkkejcSJqwAV2XtZDurZxExDTKlE/view?usp=share_link,https://drive.google.com/file/d/15lnnPfqETAXNujgr_RX0pFRRIConCwBf/view?usp=share_link
59ab3750de1a081aabfd0685,race-455aa8fc8417a3519b85,housing,tenant_rights,AMANDA MCILLMURRAY,RUE LANDAU,coded_divergence,different_mechanism,"In addition, we must protect the rights of renters, through universal right to counsel in eviction proceedings, ""just cause"" for eviction, and rent control.",Improve affordable housing opportunities and sustainably refurbish existing stock and use union labor to accomplish this.,https://drive.google.com/file/d/1z_tdTkkejcSJqwAV2XtZDurZxExDTKlE/view?usp=share_link,https://rueforphilly.com/a-new-vision-for-philadelphia/
b2bf8cb545299e1c5b33addb,race-2e4af1073bbd9c36634b,housing,tenant_rights,Amanda McIllmurray,Isaiah Thomas,coded_divergence,different_mechanism,"In addition, we must protect the rights of renters, through universal right to counsel in eviction proceedings, ""just cause"" for eviction, and rent control.","Given this information, I believe that with a combination of land bank usage, leveraging pension funds to support rational development projects, utilization of the neighborhood preservation initiative, the Housing Trust Fund, and a more efficient zoning process, we can create affordable housing in neighborhoods across the city.",https://drive.google.com/file/d/1z_tdTkkejcSJqwAV2XtZDurZxExDTKlE/view?usp=share_link,https://dc47.org/wp-content/uploads/2023/04/IsaiahThomas-DC47Questionnaire-CityCouncilAtLarge-2023.pdf
ec45c151548afabf28ef0e40,race-2e4af1073bbd9c36634b,housing,tenant_rights,Amanda McIllmurray,Ogbonna Paul Hagins,coded_divergence,different_mechanism,"In addition, we must protect the rights of renters, through universal right to counsel in eviction proceedings, ""just cause"" for eviction, and rent control.",There definitely is a housing crisis in Philadelphia because there is a wealth and economic crisis. Until we properly deal with the economic disparities there will be a housing crisis. There should be some type of temporary housing provided for our street citizens.,https://drive.google.com/file/d/1z_tdTkkejcSJqwAV2XtZDurZxExDTKlE/view?usp=share_link,https://drive.google.com/file/d/15lnnPfqETAXNujgr_RX0pFRRIConCwBf/view?usp=share_link
3b6d03ed9f93d81e4164ec4c,race-2e4af1073bbd9c36634b,housing,tenant_rights,Amanda McIllmurray,Rue Landau,coded_divergence,different_mechanism,"In addition, we must protect the rights of renters, through universal right to counsel in eviction proceedings, ""just cause"" for eviction, and rent control.",Improve affordable housing opportunities and sustainably refurbish existing stock and use union labor to accomplish this.,https://drive.google.com/file/d/1z_tdTkkejcSJqwAV2XtZDurZxExDTKlE/view?usp=share_link,https://rueforphilly.com/a-new-vision-for-philadelphia/
a089c0723509c7b5edb2413a,race-455aa8fc8417a3519b85,labor,wages,AMANDA MCILLMURRAY,ISAIAH THOMAS,coded_divergence,different_mechanism,"Also, I would increase the minimum wage to a living wage ($15 is not enough), increase overtime eligibility and threshold number of hours for more workers.",I believe in workers' right to unionize in the City.,https://drive.google.com/file/d/1z_tdTkkejcSJqwAV2XtZDurZxExDTKlE/view?usp=share_link,https://drive.google.com/file/d/1pQ_OqVwthBiQhJwWVR9TaezGEjdfmHHy/view?usp=share_link
42f3fc5d1dbc0b7051280a1c,race-2e4af1073bbd9c36634b,labor,wages,Amanda McIllmurray,Isaiah Thomas,coded_divergence,different_mechanism,"Also, I would increase the minimum wage to a living wage ($15 is not enough), increase overtime eligibility and threshold number of hours for more workers.",I believe in workers' right to unionize in the City.,https://drive.google.com/file/d/1z_tdTkkejcSJqwAV2XtZDurZxExDTKlE/view?usp=share_link,https://drive.google.com/file/d/1pQ_OqVwthBiQhJwWVR9TaezGEjdfmHHy/view?usp=share_link
b82bc6432b4102ace3e5db17,race-472337bed396b2b11f58,housing,rent_control,Aaron Neumann,Sonia Neculescu,coded_divergence,different_mechanism,Repealing the State Prohibition on Rent Control – MN Statue 477.9996 prohibits local governments from enacting their own forms of rental control.,"I will fight for rent control and a renter’s Bill of Rights, which includes just-cause eviction protection, a cap on security deposits, the right to organize, and an inclusive screening criteria mandate.",https://wedgelive.com/aaron-neumann-mn-house-60a/,https://wedgelive.com/sonia-neculescu-mn-house-60a/
cd4570b08f57fb7067859e08,race-472337bed396b2b11f58,housing,public_housing,Mohamed Issa Barre,Sonia Neculescu,coded_divergence,different_mechanism,Housing for all – it is my first task since having a healthy community means giving a roof for families and children.,"I will fight for rent control and a renter’s Bill of Rights, which includes just-cause eviction protection, a cap on security deposits, the right to organize, and an inclusive screening criteria mandate.",https://wedgelive.com/mohamed-issa-barre-mn-house-60a/,https://wedgelive.com/sonia-neculescu-mn-house-60a/
4d80ac7bbeea1fe2ec906bd7,race-472337bed396b2b11f58,housing,rent_control,Saciido Shaie,Sonia Neculescu,coded_divergence,different_mechanism,"I will work with the City of Minneapolis to implement rent stabilization, and leverage state money and resources to support them in doing so.","I will fight for rent control and a renter’s Bill of Rights, which includes just-cause eviction protection, a cap on security deposits, the right to organize, and an inclusive screening criteria mandate.",https://wedgelive.com/saciido-shaie-mn-house-60a/,https://wedgelive.com/sonia-neculescu-mn-house-60a/
280e818d8781aa3cd3aaa170,race-472337bed396b2b11f58,housing,tenant_rights,Sonia Neculescu,Susan Whitaker,coded_divergence,different_mechanism,"I will fight for rent control and a renter’s Bill of Rights, which includes just-cause eviction protection, a cap on security deposits, the right to organize, and an inclusive screening criteria mandate.","Furthermore, I would explore funding options for an increase in subsidized social housing for people with special needs.",https://wedgelive.com/sonia-neculescu-mn-house-60a/,https://wedgelive.com/susan-whitaker-mn-house-60a/
ffb0ffd142045c95bc2d4c19,race-472337bed396b2b11f58,housing,tenant_rights,Sonia Neculescu,Zachary Wefel,coded_divergence,different_mechanism,"I will fight for rent control and a renter’s Bill of Rights, which includes just-cause eviction protection, a cap on security deposits, the right to organize, and an inclusive screening criteria mandate.",Passing a state-wide zoning preemption bill that legalizes multifamily housing throughout the state.,https://wedgelive.com/sonia-neculescu-mn-house-60a/,https://wedgelive.com/zachary-wefel-mn-house-60a/
d69259c542a7bc2fecfb02cc,race-48b209f7fa641f4b280d,education,childcare,David Crowley,Francesca Hong,coded_divergence,different_mechanism,"Crowley’s plan includes universal early childhood education, new investments in public schools, and closing the special education reimbursement gap.","We owe it to our future to resurrect our best-in-class primary education system — a project that begins with fully funding our public schools, public universities, and tech colleges.",https://www.crowleyforwi.com/Plan,https://francescahong.com
d3004b47fd9a46837b094648,race-a33fad75fa545bc079d3,education,childcare,David Crowley,Francesca Hong,coded_divergence,different_mechanism,"Crowley’s plan includes universal early childhood education, new investments in public schools, and closing the special education reimbursement gap.","We owe it to our future to resurrect our best-in-class primary education system — a project that begins with fully funding our public schools, public universities, and tech colleges.",https://www.crowleyforwi.com/Plan,https://francescahong.com
586b10ffdabd6bcb09f55c99,race-a0d0079bd79eae1cceb4,healthcare,single_payer,Emily Berge,Rebecca Cooke,coded_divergence,different_mechanism,"I support Medicare for all because what we have now is not working. This includes mental healthcare, addiction treatments, and abortion access.","Work to improve the Affordable Care Act and healthcare exchange as it exists by providing more tax credits to lower premiums, creating more options on the exchange and simplifying the process to make obtaining health insurance less confusing.",https://www.bergeforcongress.com/,https://cookeforwisconsin.com/priorities/
5e1096e56e60771f729e12a6,race-a0d0079bd79eae1cceb4,housing,tenant_rights,Emily Berge,Rebecca Cooke,coded_divergence,different_mechanism,"We are in a national housing crisis. From housing displacement to rising rent and increasing homeownership costs, we need solutions to make sure everyone has a safe and desirable place to live.",Help families buy their first home by deferring property tax payments for first-time home buyers for up to five years.,https://www.bergeforcongress.com/,https://cookeforwisconsin.com/priorities/
43602c0b92fed7a8eae600cb,race-a1279704863b895c5ee9,housing,tenant_rights,Eunisses Hernandez,Nelson Grande,coded_divergence,different_mechanism,"Eunisses Hernandez is running for re-election to continue fighting for a city where dignified housing is a human right, where no one has to choose between food or rent, where our kids are safe and healthy, where immigrants are welcome, and where our budget invests in care and community.","Supply is the foundation of affordability. We need to cut red tape, speed up permitting and make it easier to build. That includes big projects and small ones. ADUs and duplexes give homeowners more flexibility and put more units into neighborhoods without waiting on a large development to break ground.",https://www.eunissesforthepeople.com/,https://www.dailynews.com/2026/05/04/nelson-grande-los-angeles-city-council-district-1-candidate-2026-primary-election-questionnaire/
6b19cedb25accefbfddcc9ff,race-771aff796d89fe4ec1df,public_safety,police_reform,Aimee McCarron,"Robert ""Bob"" Murrell",coded_divergence,different_mechanism,"NOPD funding is critical to ensuring the safety and functionality of our City but it must be managed responsibly, ensuring any additional dollars be used to increase officer counts and decrease response times.",Safety without more police/jails/surveillance,https://www.bgr.org/2025-council-district-a-primary-candidates-by-issue/,https://www.bob4districta.com/platform
74613635d01db0260fe7484e,race-771aff796d89fe4ec1df,public_safety,police_reform,Alex Mossing,"Robert ""Bob"" Murrell",coded_divergence,explicit_disagreement,I do not support a blanket increase to the NOPD budget. Our improved public safety statistics over the last year suggest that this is unnecessary.,Safety without more police/jails/surveillance,https://www.bgr.org/2025-council-district-a-primary-candidates-by-issue/,https://www.bob4districta.com/platform
dfec37394099d57489da37ac,race-771aff796d89fe4ec1df,public_safety,police_reform,Bridget Neal,"Robert ""Bob"" Murrell",coded_divergence,explicit_disagreement,"Reform First, Funding Next. I support strengthening public safety through responsible stewardship of the resources NOPD already receives, nearly one-fifth of the General Fund before considering any increase.","No. In spite of the dropping and stagnant workforce numbers of NOPD, we are seeing a decades-long low for violent crime.",https://www.bgr.org/wp-content/uploads/BGR-2025-New-Orleans-City-Council-Candidate-QA-District-A.pdf,https://www.bgr.org/2025-council-district-a-primary-candidates-by-issue/
691e58f63e8008cede895438,race-771aff796d89fe4ec1df,public_safety,police_reform,Holly Friedman,"Robert ""Bob"" Murrell",coded_divergence,different_mechanism,"Before supporting an increase in NOPD’s budget, I would first demand smarter use of the funds we already allocate, currently about 20% of the General Fund.",Safety without more police/jails/surveillance,https://www.bgr.org/2025-council-district-a-primary-candidates-by-issue/,https://www.bob4districta.com/platform
96c82154749c300ce97e1f41,race-771aff796d89fe4ec1df,tax_budget,public_spending,Alex Mossing,"Robert ""Bob"" Murrell",coded_divergence,explicit_disagreement,"For street maintenance, we need a shift toward a preventive maintenance model. I will advocate for a recurring maintenance fund based on street quality and usage and will prioritize better coordination between Public Works and contractors to ensure accountability for repair standards and timelines.",We need to end PILOT programs and stop giving tax breaks to corporations and venture capitalists who want to treat our neighborhoods as passive income.,https://www.bgr.org/wp-content/uploads/BGR-2025-New-Orleans-City-Council-Candidate-QA-District-A.pdf,https://www.bgr.org/2025-council-district-a-primary-candidates-by-issue/
8c8da046172edaf33b987de9,race-771aff796d89fe4ec1df,tax_budget,public_spending,Bridget Neal,"Robert ""Bob"" Murrell",coded_divergence,explicit_disagreement,"New Orleans should maintain 25–30% of annual General Fund expenditures in reserves, well above the Government Finance Officers Association’s (GFOA) 17% minimum.",We need to end PILOT programs and stop giving tax breaks to corporations and venture capitalists who want to treat our neighborhoods as passive income.,https://www.bgr.org/wp-content/uploads/BGR-2025-New-Orleans-City-Council-Candidate-QA-District-A.pdf,https://www.bgr.org/2025-council-district-a-primary-candidates-by-issue/
3a07444d56a0d80c0e830259,race-e8ab7964ed1c0352d699,healthcare,single_payer,Alexandria Ocasio-Cortez,Joseph Crowley,coded_divergence,different_mechanism,"Our movement fights for the economic and social dignity of working people, including Improved + Expanded Medicare-for-All, Housing as a Right, Tuition-free college + trade school, a Federal Jobs Guarantee, immigration justice, and more.","I will be your champion to expand health care, create a more just criminal justice system, pass comprehensive immigration reform, and secure greater financial equality for all.",https://www.nyccfb.info/nyc-votes/vgwelcome/congressional-primary-2018/meet-the-candidates/congressional-district-14-democratic/alexandria-ocasio-cortez/,https://www.nyccfb.info/nyc-votes/vgwelcome/congressional-primary-2018/meet-the-candidates/congressional-district-14-democratic/joseph-crowley/?languageType=English
7b560edab6b9b3cc87b15fa6,race-7d93ab6b51ec87b8170e,housing,public_housing,Erik Martin Dilan,Samy Nemir Olivares,coded_divergence,different_mechanism,Building low-income housing,We are fighting for housing justice and affordability and joining with Senator Julia Salazar for universal rent control.,https://web.archive.org/web/20220629145719/https://www.dilan4assembly.com/issues,https://indypendent.org/2022/06/samy-nemir-olivaress-millennial-journey/
e5c02de40b87d2834e7079a6,race-eda1655ed77072d54e26,public_safety,sentencing,Alana Sivin,Illapa Sairitupac,coded_divergence,explicit_disagreement,I will vote against any budget that sends more people to jail and prison by rolling back actions like bail reform - full stop.,I will also aggressively pursue and support legislation that ends cash bail and pretrial detention.,https://jimowles.org/news/candidate-answers-to-joldc-alana-sivin-for-ny-assembly-district-65-2022,https://jimowles.org/news/candidate-answers-to-joldc-illapa-sairitupac-for-ny-assembly-district-65-2022
a65032045387bea4966a8bb3,race-eda1655ed77072d54e26,public_safety,sentencing,Denny Salas,Illapa Sairitupac,coded_divergence,different_mechanism,Bail reform has been very successful. I believe we need to reform our supervised release program.,"As a social worker I support investing in incentives, programs and services that have actually been proven to reduce crime and violence, and will never support the outdated and barbaric torture that is solitary confinement. I will fight to protect and expand the HALT Act & to end our carceral system.",https://jimowles.org/news/candidate-answers-to-joldc-denny-salas-for-ny-assembly-district-65-2022,https://jimowles.org/news/candidate-answers-to-joldc-illapa-sairitupac-for-ny-assembly-district-65-2022
8020b776fbffbc1b8586bc97,race-eda1655ed77072d54e26,public_safety,police_reform,Grace Lee,Illapa Sairitupac,coded_divergence,different_mechanism,Yes - they should not be able to hide from the consequences of their actions. Law enforcement officers should be both civilly and criminally liable for their actions.,I will also aggressively pursue and support legislation that ends cash bail and pretrial detention.,https://jimowles.org/news/candidate-answers-to-joldc-grace-lee-for-ny-assembly-district-65-2022,https://jimowles.org/news/candidate-answers-to-joldc-illapa-sairitupac-for-ny-assembly-district-65-2022
a95b72ee2e58ddc5388e84a6,race-63523454c44d7106fb43,public_safety,sentencing,Denny Salas,Illapa Sairitupac,coded_divergence,different_mechanism,Bail reform has been very successful. I believe we need to reform our supervised release program.,"As a social worker I support investing in incentives, programs and services that have actually been proven to reduce crime and violence, and will never support the outdated and barbaric torture that is solitary confinement. I will fight to protect and expand the HALT Act & to end our carceral system.",https://jimowles.org/news/candidate-answers-to-joldc-denny-salas-for-ny-assembly-district-65-2022,https://jimowles.org/news/candidate-answers-to-joldc-illapa-sairitupac-for-ny-assembly-district-65-2022
0e920c05375e4f0dddb71f3d,race-63523454c44d7106fb43,public_safety,police_reform,Grace Lee,Illapa Sairitupac,coded_divergence,different_mechanism,Yes - they should not be able to hide from the consequences of their actions. Law enforcement officers should be both civilly and criminally liable for their actions.,I will also aggressively pursue and support legislation that ends cash bail and pretrial detention.,https://jimowles.org/news/candidate-answers-to-joldc-grace-lee-for-ny-assembly-district-65-2022,https://jimowles.org/news/candidate-answers-to-joldc-illapa-sairitupac-for-ny-assembly-district-65-2022
4217415caac21cd1e7db2808,race-a4c7ce86cc6f9f088e33,public_safety,police_reform,Betty Lugo,Tiffany Cabán,coded_divergence,explicit_disagreement,"Should the search violate the U.S. Constitution and 4th and 14th amendments of search and seizure and due process, then the other contraband items must also be precluded and suppressed.","Cash bail penalizes people before they are judged guilty and creates two systems of justice – one for the wealthy, one for the poor.",https://web.archive.org/web/20190712042723/http://5bd.org:80/_assests/_surveys/5BD_Lugo.pdf,https://web.archive.org/web/20190303075822/http://www.cabanforqueens.com/issues/
b865a273f40ad856307fd461,race-a4c7ce86cc6f9f088e33,public_safety,police_reform,Gregory L. Lasak,Tiffany Cabán,coded_divergence,explicit_disagreement,"The next Queens District Attorney must make needed reforms while safeguarding our families from the scourge of violent crime. Above all, the next District Attorney must fundamentally ensure equal justice.","Cash bail penalizes people before they are judged guilty and creates two systems of justice – one for the wealthy, one for the poor.",https://junipercivic.com/juniper-berry/article/greg-lasak-for-queens-district-attorney,https://web.archive.org/web/20190303075822/http://www.cabanforqueens.com/issues/
52a0e36258a649023120dfb9,race-a4c7ce86cc6f9f088e33,public_safety,prison_abolition,Jose L. Nieves,Tiffany Cabán,coded_divergence,explicit_disagreement,community detention facilities,"Cash bail penalizes people before they are judged guilty and creates two systems of justice – one for the wealthy, one for the poor.",https://www.cityandstateny.com/politics/2019/05/where-the-queens-da-candidates-stand-on-the-issues/177385/,https://web.archive.org/web/20190303075822/http://www.cabanforqueens.com/issues/
a05db8cbadc2b94e73e818f0,race-a4c7ce86cc6f9f088e33,public_safety,sentencing,Melinda Katz,Tiffany Cabán,coded_divergence,explicit_disagreement,"I will not seek cash bail for any misdemeanors, and I would advocate for broader state legislation to end to cash bail for misdemeanors.","As District Attorney, Tiffany Cabán’s office will use its prosecutorial discretion to decline to charge sex work, recreational drug use, and racist laws.",https://web.archive.org/web/20190711160210/http://5bd.org:80/_assests/_surveys/Coalition_Katz.pdf,https://web.archive.org/web/20190303075822/http://www.cabanforqueens.com/issues/
49b6773cdf86724552f7122d,race-a4c7ce86cc6f9f088e33,public_safety,sentencing,Rory I. Lancman,Tiffany Cabán,coded_divergence,explicit_disagreement,The whole system is built on coercing people to pleading guilty to crimes that they did not commit.,"As District Attorney, Tiffany Cabán’s office will use its prosecutorial discretion to decline to charge sex work, recreational drug use, and racist laws.",https://blackstarnews.com/queens-district-attorney-candidate-councilman-rory-lancman-ill/,https://web.archive.org/web/20190303075822/http://www.cabanforqueens.com/issues/
c4baa258482a91fe8f257b12,race-b2f56d1987a501b29012,healthcare,single_payer,Amy Klobuchar,Bernie Sanders,coded_divergence,explicit_disagreement,There are 149 million Americans that would lose their current health insurance under Senator Sanders' bill.,"We say to the private health insurance companies: whether you like it or not, the United States will join every other major country on earth and guarantee healthcare to all people as a right. All Americans are entitled to go to the doctor when they're sick and not go bankrupt after staying in the hospital.",https://www.nbcnews.com/politics/2020-election/full-transcript-ninth-democratic-debate-las-vegas-n1139546,https://web.archive.org/web/20200115000000/https://berniesanders.com/issues/medicare-for-all/
83b37ebbb730ef01edec7ecc,race-b2f56d1987a501b29012,healthcare,coverage_expansion,Andrew Yang,Bernie Sanders,coded_divergence,different_mechanism,"As jobs disappear, having one’s health care linked to employment will become increasingly untenable. The need for a different approach is growing.","We say to the private health insurance companies: whether you like it or not, the United States will join every other major country on earth and guarantee healthcare to all people as a right. All Americans are entitled to go to the doctor when they're sick and not go bankrupt after staying in the hospital.",https://2020.yang2020.com/policies/medicare-for-all/,https://web.archive.org/web/20200115000000/https://berniesanders.com/issues/medicare-for-all/
48dfaa8e257792b38fece5e0,race-b2f56d1987a501b29012,healthcare,single_payer,Bernie Sanders,Deval Patrick,coded_divergence,different_mechanism,"We say to the private health insurance companies: whether you like it or not, the United States will join every other major country on earth and guarantee healthcare to all people as a right. All Americans are entitled to go to the doctor when they're sick and not go bankrupt after staying in the hospital.","The agenda proposes building on the Affordable Care Act with a public option to ensure access to universal, affordable health care coverage and strengthening coverage for mental health and addiction services.",https://web.archive.org/web/20200115000000/https://berniesanders.com/issues/medicare-for-all/,https://www.presidency.ucsb.edu/documents/patrick-campaign-press-release-deval-patrick-unveils-reform-agenda
20512fed5830926bc7f132d7,race-b2f56d1987a501b29012,healthcare,coverage_expansion,Bernie Sanders,Elizabeth Warren,coded_divergence,different_mechanism,"No networks, no premiums, no deductibles, no copays, no surprise bills.",The richest and biggest corporations will pay more and middle class families will pay less.,https://web.archive.org/web/20200115000000/https://berniesanders.com/issues/medicare-for-all/,https://elizabethwarren.com/plans/paying-for-m4a
e70e539e3bd3e08a5cfc13a5,race-b2f56d1987a501b29012,healthcare,single_payer,Bernie Sanders,Joseph R. Biden,coded_divergence,different_mechanism,"We say to the private health insurance companies: whether you like it or not, the United States will join every other major country on earth and guarantee healthcare to all people as a right. All Americans are entitled to go to the doctor when they're sick and not go bankrupt after staying in the hospital.","Giving Americans a new choice, a public health insurance option like Medicare.",https://web.archive.org/web/20200115000000/https://berniesanders.com/issues/medicare-for-all/,https://web.archive.org/web/20200301190759/https://joebiden.com/healthcare/
feaf645b126c9fad149beb08,race-b2f56d1987a501b29012,healthcare,single_payer,Bernie Sanders,Michael Bennet,coded_divergence,explicit_disagreement,"We say to the private health insurance companies: whether you like it or not, the United States will join every other major country on earth and guarantee healthcare to all people as a right. All Americans are entitled to go to the doctor when they're sick and not go bankrupt after staying in the hospital.","Instead of fighting a losing battle over the next 10 years for Medicare for All, for example, we should build a broad coalition to achieve The Real Deal.",https://web.archive.org/web/20200115000000/https://berniesanders.com/issues/medicare-for-all/,https://www.presidency.ucsb.edu/documents/bennet-campaign-press-release-michael-bennet-unveils-the-real-deal-new-comprehensive
4951765b01e1ad5e9c41690c,race-b2f56d1987a501b29012,healthcare,single_payer,Bernie Sanders,Michael R. Bloomberg,coded_divergence,different_mechanism,"We say to the private health insurance companies: whether you like it or not, the United States will join every other major country on earth and guarantee healthcare to all people as a right. All Americans are entitled to go to the doctor when they're sick and not go bankrupt after staying in the hospital.",I was in favor of it. I thought it didn’t go as far as we should. What Trump has done to this is a disgrace.,https://web.archive.org/web/20200115000000/https://berniesanders.com/issues/medicare-for-all/,https://www.nbcnews.com/politics/2020-election/full-transcript-ninth-democratic-debate-las-vegas-n1139546
9ed6a80420977eb48d975ec9,race-b2f56d1987a501b29012,healthcare,single_payer,Bernie Sanders,Pete Buttigieg,coded_divergence,different_mechanism,"We say to the private health insurance companies: whether you like it or not, the United States will join every other major country on earth and guarantee healthcare to all people as a right. All Americans are entitled to go to the doctor when they're sick and not go bankrupt after staying in the hospital.","Under my plan, if you want Medicare, you can have it. If you prefer to keep your private plan, you can have that too. I trust you to decide.",https://web.archive.org/web/20200115000000/https://berniesanders.com/issues/medicare-for-all/,https://www.rev.com/transcripts/new-hampshire-democratic-debate-transcript
f63da14024f7fb1ce33f4c38,race-b2f56d1987a501b29012,healthcare,single_payer,Bernie Sanders,Tom Steyer,coded_divergence,different_mechanism,"We say to the private health insurance companies: whether you like it or not, the United States will join every other major country on earth and guarantee healthcare to all people as a right. All Americans are entitled to go to the doctor when they're sick and not go bankrupt after staying in the hospital.",My Right to Health plan creates a public option that prioritizes your health and your care over corporate greed.,https://web.archive.org/web/20200115000000/https://berniesanders.com/issues/medicare-for-all/,https://web.archive.org/web/20201024082200/https://2020.tomsteyer.com/affordable-health-care-for-all/
c2089f30fca65f2aff0e60f4,race-5e5b97772655d92ca963,healthcare,single_payer,Amy Klobuchar,Bernie Sanders,coded_divergence,explicit_disagreement,There are 149 million Americans that would lose their current health insurance under Senator Sanders' bill.,"We say to the private health insurance companies: whether you like it or not, the United States will join every other major country on earth and guarantee healthcare to all people as a right. All Americans are entitled to go to the doctor when they're sick and not go bankrupt after staying in the hospital.",https://www.nbcnews.com/politics/2020-election/full-transcript-ninth-democratic-debate-las-vegas-n1139546,https://web.archive.org/web/20200115000000/https://berniesanders.com/issues/medicare-for-all/
407f32456e11f3204e3edfd1,race-5e5b97772655d92ca963,healthcare,coverage_expansion,Andrew Yang,Bernie Sanders,coded_divergence,different_mechanism,"As jobs disappear, having one’s health care linked to employment will become increasingly untenable. The need for a different approach is growing.","We say to the private health insurance companies: whether you like it or not, the United States will join every other major country on earth and guarantee healthcare to all people as a right. All Americans are entitled to go to the doctor when they're sick and not go bankrupt after staying in the hospital.",https://2020.yang2020.com/policies/medicare-for-all/,https://web.archive.org/web/20200115000000/https://berniesanders.com/issues/medicare-for-all/
2d6c945555890fccc3f89be7,race-5e5b97772655d92ca963,healthcare,single_payer,Bernie Sanders,Deval Patrick,coded_divergence,different_mechanism,"We say to the private health insurance companies: whether you like it or not, the United States will join every other major country on earth and guarantee healthcare to all people as a right. All Americans are entitled to go to the doctor when they're sick and not go bankrupt after staying in the hospital.","The agenda proposes building on the Affordable Care Act with a public option to ensure access to universal, affordable health care coverage and strengthening coverage for mental health and addiction services.",https://web.archive.org/web/20200115000000/https://berniesanders.com/issues/medicare-for-all/,https://www.presidency.ucsb.edu/documents/patrick-campaign-press-release-deval-patrick-unveils-reform-agenda
a9f6f575d270823fffb2dd2e,race-5e5b97772655d92ca963,healthcare,coverage_expansion,Bernie Sanders,Elizabeth Warren,coded_divergence,different_mechanism,"No networks, no premiums, no deductibles, no copays, no surprise bills.",The richest and biggest corporations will pay more and middle class families will pay less.,https://web.archive.org/web/20200115000000/https://berniesanders.com/issues/medicare-for-all/,https://elizabethwarren.com/plans/paying-for-m4a
d65db082d289341b37dabe8b,race-5e5b97772655d92ca963,healthcare,single_payer,Bernie Sanders,Joseph R. Biden,coded_divergence,different_mechanism,"We say to the private health insurance companies: whether you like it or not, the United States will join every other major country on earth and guarantee healthcare to all people as a right. All Americans are entitled to go to the doctor when they're sick and not go bankrupt after staying in the hospital.","Giving Americans a new choice, a public health insurance option like Medicare.",https://web.archive.org/web/20200115000000/https://berniesanders.com/issues/medicare-for-all/,https://web.archive.org/web/20200301190759/https://joebiden.com/healthcare/
c58bb3c00f92653753f2209d,race-5e5b97772655d92ca963,healthcare,single_payer,Bernie Sanders,Michael Bennet,coded_divergence,explicit_disagreement,"We say to the private health insurance companies: whether you like it or not, the United States will join every other major country on earth and guarantee healthcare to all people as a right. All Americans are entitled to go to the doctor when they're sick and not go bankrupt after staying in the hospital.","Instead of fighting a losing battle over the next 10 years for Medicare for All, for example, we should build a broad coalition to achieve The Real Deal.",https://web.archive.org/web/20200115000000/https://berniesanders.com/issues/medicare-for-all/,https://www.presidency.ucsb.edu/documents/bennet-campaign-press-release-michael-bennet-unveils-the-real-deal-new-comprehensive
0b10ed130b3700b5250ea8d9,race-5e5b97772655d92ca963,healthcare,single_payer,Bernie Sanders,Pete Buttigieg,coded_divergence,different_mechanism,"We say to the private health insurance companies: whether you like it or not, the United States will join every other major country on earth and guarantee healthcare to all people as a right. All Americans are entitled to go to the doctor when they're sick and not go bankrupt after staying in the hospital.","Under my plan, if you want Medicare, you can have it. If you prefer to keep your private plan, you can have that too. I trust you to decide.",https://web.archive.org/web/20200115000000/https://berniesanders.com/issues/medicare-for-all/,https://www.rev.com/transcripts/new-hampshire-democratic-debate-transcript
d2101653ff429b5d732c94e7,race-5e5b97772655d92ca963,healthcare,single_payer,Bernie Sanders,Tom Steyer,coded_divergence,different_mechanism,"We say to the private health insurance companies: whether you like it or not, the United States will join every other major country on earth and guarantee healthcare to all people as a right. All Americans are entitled to go to the doctor when they're sick and not go bankrupt after staying in the hospital.",My Right to Health plan creates a public option that prioritizes your health and your care over corporate greed.,https://web.archive.org/web/20200115000000/https://berniesanders.com/issues/medicare-for-all/,https://web.archive.org/web/20201024082200/https://2020.tomsteyer.com/affordable-health-care-for-all/
977f62d0e42b7e4d811e6688,race-440dcbc50602efe64cb3,housing,public_housing,Claire Valdez,Johanna Carmona,coded_divergence,different_mechanism,"We must decommodify housing if we are truly to make it a human right. That means moving toward social housing: passing legislation like the Social Housing Develoment Authority, Good Cause Eviction, universal rent control, TOPA, and supporting tenants organizing their buildings.","As Assembly Member, Johanna will aggressively protect rent stabilization and control at the State level while advocating for the City government to reform our property tax system that unfairly levies high rates for small homes in Queens.",https://citizensunion.org/wp-content/uploads/2024/06/AD37_ClaireValdez.pdf,https://web.archive.org/web/20240625082314/https://johannacarmona.com/
61a1df6cb197cb9dc9d1dfba,race-a15fa79529a2d8246fd8,healthcare,single_payer,Alexandria Ocasio-Cortez,Badrun N. Khan,coded_divergence,different_mechanism,"Medicare for All will improve long-term health by reducing underlying health conditions, which are both the main contributors to COVID-19 hospitalizations and more common in lower income communities both urban and rural.",I support a public-option health plan.,https://www.ocasiocortez.com/issues,https://www.badrunkhan.com/policies.html
df578c91924ecd08243a6f64,race-a15fa79529a2d8246fd8,labor,job_guarantee,Alexandria Ocasio-Cortez,Badrun N. Khan,coded_divergence,different_mechanism,"We need a Federal Jobs Guarantee so we can repair and improve our infrastructure, employ workers at a living wage, produce and revitalize communities across the United States with federal jobs in construction, caregiving for seniors, community development, and deliver real investments to communities.",I am a strong supporter of unions and will work to bring more good-paying union jobs to the district.,https://www.ocasiocortez.com/issues,https://www.badrunkhan.com/policies.html
474246ce9d9e6d00ff72435d,race-29704c58690113fb2a50,housing,homeownership,Elizabeth S. Crowley,Kristen Gonzalez,coded_divergence,different_mechanism,Elizabeth Crowley will work to reform the unfair property tax system so homeowners in modest homes and co-ops can get relief and hardworking people can find an affordable home and build equity.,"Housing is a human right, commodification of housing is unjust and antithetical to the caring world we hope to build through our campaign.",https://www.elizabethcrowley.com/platform/,https://thetenant.org/state-senate-17-kristen-gonzalez/
3db2a0a5d9e4e6e47e097935,race-558960c0224035d1fd83,public_safety,sentencing,Conrad B. Tillard,Jabari Brisport,coded_divergence,different_mechanism,We need to look at the strengths and weaknesses of cash bail reform legislation and be willing to go where the evidence leads us.,"As a State Senator, I will do everything I can to end policing and incarceration as we know it.",https://www.tillardforsenate.com/issues,https://web.archive.org/web/20220205080000/https://jabariforstatesenate.com/criminal-justice-reform/
0b3ed6351c03a1637b51e4f5,race-558960c0224035d1fd83,housing,tenant_rights,Conrad B. Tillard,Jabari Brisport,coded_divergence,different_mechanism,I’ll fight for affordable rents and defend renters’ rights.,"High quality housing is a human right, and I will fight tooth and nail to enshrine that right for all New Yorkers.",https://www.tillardforsenate.com/issues,https://web.archive.org/web/20220205080000/https://jabariforstatesenate.com/housing/
1dc3de6a9dbd1d847361aa2e,race-e234f502113bda9a4ca7,housing,public_housing,Elizabeth Crowley,Kristen Gonzalez,coded_divergence,different_mechanism,"The top three issues that I would focus on tackling as a State Senator are 1) Affordability including housing and inflation; we have a housing emergency with little to no affordable housing in the district and the cost for all goods and services are increasing at a pace that increasingly difficult for most families 2) investing in infrastructure with a focus on transit and environmental justice; and 3) public education, from subsidizing childcare to free public colleges with support programs to graduate on time.",I would enact Good Cause Eviction protections.,https://greenpointers.com/2022/06/22/elizabeth-crowley-is-running-for-state-senate-district-59-interview-with-greenpointers/,https://thetenant.org/state-senate-17-kristen-gonzalez/
2ffbebff5e91283539a5ede2,race-60a20e415203eadd2b99,public_safety,police_abolition,Brandon West,Briget Rein,coded_divergence,different_mechanism,"Yes, I would advocate for a budget cut to NYPD of $3 billion.","Yes, all of our agencies are going to have to take a cut as we deal with the fiscal impact of the COVID-19 pandemic.",https://jimowles.org/news/candidate-answers-to-joldc-brandon-west-for-city-council-district-39,https://jimowles.org/news/candidate-answers-to-joldc-briget-rein-for-city-council-district-39
bad8f0d373285c26baa23058,race-60a20e415203eadd2b99,public_safety,prison_abolition,Brandon West,Jessica Simmons,coded_divergence,different_mechanism,"I support No New Jails, and I believe we should close Rikers, and move away from incarceration, not keep the same perspective for public safety and fill up new jails.",I support taking 3 billion from the NYPD budget to fund direct supports for communities in areas of mental health and wellness.,https://jimowles.org/news/candidate-answers-to-joldc-brandon-west-for-city-council-district-39,https://www.jessicasimmonsforbrooklyn.com/
4ef364e057daa91f4e2f9ee1,race-60a20e415203eadd2b99,public_safety,police_abolition,Brandon West,Justin M. Krebs,coded_divergence,different_mechanism,"Yes, I would advocate for a budget cut to NYPD of $3 billion.","We must reduce the NYPD budget by removing police from roles better handled by other agencies and responders and reinvest those funds into education, health, mental health, environmental justice, and other programs that promote public safety.",https://jimowles.org/news/candidate-answers-to-joldc-brandon-west-for-city-council-district-39,https://web.archive.org/web/20210617185053/https://www.justin2021.org/transform-how-we-police
cfad738b50c1d1c7596e02a7,race-60a20e415203eadd2b99,public_safety,police_abolition,Brandon West,Shahana K. Hanif,coded_divergence,different_mechanism,"Yes, I would advocate for a budget cut to NYPD of $3 billion.","As Council Member, Shahana will fight to break the cycle of incarceration by defunding police and prisons, and investing in community-centered resources.",https://jimowles.org/news/candidate-answers-to-joldc-brandon-west-for-city-council-district-39,https://web.archive.org/web/20210530235121/https://www.shahanafrombk.com/safety
c08be63f7a6b602064d481a7,race-60a20e415203eadd2b99,housing,zoning,Brandon West,Jessica Simmons,coded_divergence,explicit_disagreement,"massive land-use policy changes, which I think would require charter revision",There are several reasons to oppose the rezoning - mainly because of the CSO (combined sewage overflow) tanks.,https://bklyner.com/district-39-city-council-candidates-brooklyn/,https://www.jessicasimmonsforbrooklyn.com/
ff467fb13361f61cd773e5aa,race-60a20e415203eadd2b99,tax_budget,public_spending,Brandon West,Mamnun M. Haq,coded_divergence,explicit_disagreement,we’re going to be dealing with whatever form of austerity battle we’re already having right now.,more money toward the project,https://bklyner.com/district-39-city-council-candidates-brooklyn/,https://bklyner.com/district-39-city-council-candidates-brooklyn/
b200bdae4d768035544676f7,race-b2f56d1987a501b29012,labor,job_guarantee,Andrew Yang,Bernie Sanders,coded_divergence,different_mechanism,"Universal Basic Income, or UBI, is a version of Social Security where all citizens receive a set amount of money per month independent of their work status or income.",I have a 30-year 100 percent pro-union voting record.,https://2020.yang2020.com/policies/the-freedom-dividend/,https://www.nbcnews.com/politics/2020-election/full-transcript-ninth-democratic-debate-las-vegas-n1139546
41f2b67418637fac37da3a4e,race-5e5b97772655d92ca963,labor,job_guarantee,Andrew Yang,Bernie Sanders,coded_divergence,different_mechanism,"Universal Basic Income, or UBI, is a version of Social Security where all citizens receive a set amount of money per month independent of their work status or income.",I have a 30-year 100 percent pro-union voting record.,https://2020.yang2020.com/policies/the-freedom-dividend/,https://www.nbcnews.com/politics/2020-election/full-transcript-ninth-democratic-debate-las-vegas-n1139546
df9a63dc27ebf4e1c089404e,race-145ef0f5b3eee7d39938,civil_rights,lgbtq_rights,Jensen Bohren,"Victor G. Maurice, Jr.",coded_divergence,explicit_disagreement,"The most shocking vote from a Civil Rights standpoint, but not from an expectations standpoint, was the HB 1523, the ""Freedom of Conscience"" bill that discriminates against American citizens in the name of perceived equivalency.",I would propose a combination of Welfare and Education reform with a focus on adequately addressing the social position of the African American.,https://www.jacksonfreepress.com/news/2018/may/30/candidate-questionnaire-jensen-bohren/,https://www.jacksonfreepress.com/news/2018/may/31/candidate-questionnaire-victor-maurice-jr/
cc3d55182de8b01e85a4f442,race-145ef0f5b3eee7d39938,democracy,campaign_finance,Howard Sherman,Jensen Bohren,coded_divergence,explicit_disagreement,"as a senator who will accept ZERO $'s from special interest and corporate donors, I will govern based upon what is best for Mississippi",not a bought-and-paid-for representative who focuses on money over their own people.,https://www.jacksonfreepress.com/news/2018/may/30/candidate-questionnaire-howard-sherman/,https://www.jacksonfreepress.com/news/2018/may/30/candidate-questionnaire-jensen-bohren/
e1366ff0b99fe9eb3fae9685,race-145ef0f5b3eee7d39938,democracy,campaign_finance,Jensen Bohren,"Victor G. Maurice, Jr.",coded_divergence,explicit_disagreement,not a bought-and-paid-for representative who focuses on money over their own people.,"It is my desire that the ideal of the vote is not a shelfed commododity that is toted out on special occassions but one that is exercised everyday by an involved and informed citizenry on a daily, local bases.",https://www.jacksonfreepress.com/news/2018/may/30/candidate-questionnaire-jensen-bohren/,https://www.jacksonfreepress.com/news/2018/may/31/candidate-questionnaire-victor-maurice-jr/
f9d17d4c74f0b00bacc4c19e,race-145ef0f5b3eee7d39938,healthcare,coverage_expansion,David Baria,Jensen Bohren,coded_divergence,different_mechanism,Quality and affordable healthcare for all would be the one piece of legislation that would greatly improve the quality of life for people of this state and this nation.,"Right now, the demographics have shifted, an they favor Medicare-for-All and non-corporatist candidates.",https://www.jacksonfreepress.com/news/2018/may/30/candidate-questionnaire-david-baria/,https://www.jacksonfreepress.com/news/2018/may/30/candidate-questionnaire-jensen-bohren/
667c125a3cfec1125719d2a2,race-145ef0f5b3eee7d39938,healthcare,coverage_expansion,Howard Sherman,Jensen Bohren,coded_divergence,different_mechanism,Telemedicine - so patients can see doctors for a fraction of the cost and without having to take a day off work or clog up the doctor's office or hospital emergency room.,"Right now, the demographics have shifted, an they favor Medicare-for-All and non-corporatist candidates.",https://www.jacksonfreepress.com/news/2018/may/30/candidate-questionnaire-howard-sherman/,https://www.jacksonfreepress.com/news/2018/may/30/candidate-questionnaire-jensen-bohren/
fc32ddaae0d3c3724ab696b4,race-145ef0f5b3eee7d39938,political_strategy,democratic_party,Jensen Bohren,Omeria Scott,coded_divergence,different_mechanism,right now the time is ripe to present a true left-leaning candidate as an option for Mississippi.,My legislative experience really sets me apart from all of the people that are running,https://www.jacksonfreepress.com/news/2018/may/30/candidate-questionnaire-jensen-bohren/,https://mississippitoday.org/2018/05/29/omeria-scott-cancer-survivor-restaurateur-and-u-s-senate-hopeful/
e95e0171b256e91ac0dfe6c3,race-43e72676de9c6085ee97,climate_energy,emissions,Jody Shadduck-McNally,Myles G. Baker,coded_divergence,different_mechanism,"Clean Air & Clean Water, Environmental Stewardship- our natural resources are a valuable economic asset – bringing in millions of dollars a year through tourism. As our population grows, we’re going to need careful planning so that future generations can continue to enjoy our beautiful vistas, trails, and parks.","I would like the county to create partnerships with other cities to expand the reach of buses. For the most part, they currently operate in silos. I think the county can assist with the capital purchases and let cities partner on the cost of operations.",https://berthoudsurveyor.com/larimer-county-commissioner-candidate-profile-jody-shadduck-mcnally-democrat-larimer-county-commissioner-district-3/,https://berthoudsurveyor.com/larimer-county-commissioner-candidate-profile-myles-baker-democrat-larimer-county-commissioner-district-3/
c08b685d7f2fcb0360a246cc,race-43e72676de9c6085ee97,housing,zoning,Jody Shadduck-McNally,Myles G. Baker,coded_divergence,different_mechanism,Now is the time to plan for smart growth while deciding together where we want to be as a county in 50 years. This will require collaborative and creative leadership in order to guide development while preserving and protecting our quality of life.,My proposal is to take 1% ($1.4m) of the property taxes the county keeps and create a grant fund. This fund would be available to municipalities to apply for to get reimbursed on development fees they waive for affordable housing developments.,https://berthoudsurveyor.com/larimer-county-commissioner-candidate-profile-jody-shadduck-mcnally-democrat-larimer-county-commissioner-district-3/,https://berthoudsurveyor.com/larimer-county-commissioner-candidate-profile-myles-baker-democrat-larimer-county-commissioner-district-3/
776b003f0f997cc36b57ba35,race-de378ad3073d92f58c34,housing,public_housing,Dan Michniewicz,David A. Silkworth,coded_divergence,explicit_disagreement,I think we should be really placing an emphasis on finding a revenue source for the creation of new social housing.,Densification of our neighborhoods will not solve our affordability problems or help us reach our climate goals.,https://www.youtube.com/watch?v=TvJgMxA41_s,https://www.youtube.com/watch?v=Vxctpy4XIHo
416641e904484894dad79af4,race-de378ad3073d92f58c34,housing,public_housing,Dan Michniewicz,Erica Briggs,coded_divergence,explicit_disagreement,I think we should be really placing an emphasis on finding a revenue source for the creation of new social housing.,Who benefits from housing policy that favors single-family home owners?,https://www.youtube.com/watch?v=TvJgMxA41_s,https://www.ericafora2.com/updates/what-is-local-governments-role-in-promoting-social-justice
5acff0e433f2b648a796f310,race-de378ad3073d92f58c34,political_strategy,governing,Dan Michniewicz,Erica Briggs,coded_divergence,different_mechanism,I’d like to mitigate the worst harms that we see in society and make people’s lives better right now while still focusing on a vision for a more just and equal society.,It also requires us to have elected officials that will seek to unify us rather than divide us into political camps of the Democratic Party.,https://www.youtube.com/watch?v=TvJgMxA41_s,https://www.youtube.com/watch?v=o3hREdfKTY4
6fbedfe5591f4caef7830ff6,race-b2f56d1987a501b29012,economic_ownership,economic_planning,Andrew Yang,Bernie Sanders,coded_divergence,different_mechanism,"If you’ve heard anything about me and my campaign, you’ve heard that someone is running for president who wants to give every American $1,000 a month.",Stop the pharmaceutical industry from ripping off the American people by making sure that no one in America pays over $200 a year for the medicine they need by capping what Americans pay for prescription drugs under Medicare for All.,https://www.nbcnews.com/politics/2020-election/democratic-debate-transcript-july-31-2019-n1038016,https://web.archive.org/web/20200115000000/https://berniesanders.com/issues/medicare-for-all/
a60d6fe80ce2f885e094bb00,race-b2f56d1987a501b29012,economic_ownership,regulation,Bernie Sanders,Tom Steyer,coded_divergence,different_mechanism,Stop the pharmaceutical industry from ripping off the American people by making sure that no one in America pays over $200 a year for the medicine they need by capping what Americans pay for prescription drugs under Medicare for All.,He will ensure fair markets across all sectors and industries by aggressively enforcing existing antitrust regulations — and by enacting new antitrust regulations that hold big corporations accountable and break the corporate stranglehold on our government.,https://web.archive.org/web/20200115000000/https://berniesanders.com/issues/medicare-for-all/,https://web.archive.org/web/20201024082200/https://2020.tomsteyer.com/antitrust/
54ff8a8b15449e717a9910e7,race-5e5b97772655d92ca963,economic_ownership,economic_planning,Andrew Yang,Bernie Sanders,coded_divergence,different_mechanism,"If you’ve heard anything about me and my campaign, you’ve heard that someone is running for president who wants to give every American $1,000 a month.",Stop the pharmaceutical industry from ripping off the American people by making sure that no one in America pays over $200 a year for the medicine they need by capping what Americans pay for prescription drugs under Medicare for All.,https://www.nbcnews.com/politics/2020-election/democratic-debate-transcript-july-31-2019-n1038016,https://web.archive.org/web/20200115000000/https://berniesanders.com/issues/medicare-for-all/
bde80ac6d5a33e102b46bc17,race-5e5b97772655d92ca963,economic_ownership,regulation,Bernie Sanders,Tom Steyer,coded_divergence,different_mechanism,Stop the pharmaceutical industry from ripping off the American people by making sure that no one in America pays over $200 a year for the medicine they need by capping what Americans pay for prescription drugs under Medicare for All.,He will ensure fair markets across all sectors and industries by aggressively enforcing existing antitrust regulations — and by enacting new antitrust regulations that hold big corporations accountable and break the corporate stranglehold on our government.,https://web.archive.org/web/20200115000000/https://berniesanders.com/issues/medicare-for-all/,https://web.archive.org/web/20201024082200/https://2020.tomsteyer.com/antitrust/
560883d5da69497de68c4d94,race-a036ccb35ff1bcadc510,housing,public_housing,Olanike Alabi,Phara Souffrant Forrest,coded_divergence,different_mechanism,Yes. $1 billion and more.,"Make universal rent control a reality for all tenants, by passing good-cause eviction and eliminating the Major Capital Improvement loophole.",https://jimowles.org/news/candidate-answers-to-joldc-olanike-alabi-for-ny-assembly-district-57-2022,https://web.archive.org/web/20220126211759/https://pharaforassembly.com/housing/
0a4d967d166510a6d0411c79,race-a036ccb35ff1bcadc510,public_safety,police_reform,Olanike Alabi,Phara Souffrant Forrest,coded_divergence,different_mechanism,$1 billion or more. There are many activities that are non-criminal and should and can be handled by other agencies.,"Redirect spending for prisons and policing to finance community investment, health care, housing, and jobs.",https://jimowles.org/news/candidate-answers-to-joldc-olanike-alabi-for-ny-assembly-district-57-2022,https://web.archive.org/web/20220126212059/https://pharaforassembly.com/decarceration/
ecf23533761e81c7cdcb874c,race-a4c7ce86cc6f9f088e33,immigration,border_policy,Betty Lugo,Tiffany Cabán,coded_divergence,explicit_disagreement,ACD’s and dismissals will be seriously considered and reviewed to prevent immigration or work related consequences.,"Immigration is not a crime; it is the foundation of our country. Too many abuse our immigrant communities and use fear of deportation against them. ICE is an abusive, renegade agency.",https://web.archive.org/web/20190712042723/http://5bd.org:80/_assests/_surveys/5BD_Lugo.pdf,https://web.archive.org/web/20190303075822/http://www.cabanforqueens.com/issues/
388549e4d2b2080f77bb0c8e,race-a4c7ce86cc6f9f088e33,immigration,border_policy,Melinda Katz,Tiffany Cabán,coded_divergence,explicit_disagreement,"As the DA, I will seek immigrant-neutral pleas when compatible with public safety to prevent those collateral consequences.","Immigration is not a crime; it is the foundation of our country. Too many abuse our immigrant communities and use fear of deportation against them. ICE is an abusive, renegade agency.",https://web.archive.org/web/20190711160210/http://5bd.org:80/_assests/_surveys/Coalition_Katz.pdf,https://web.archive.org/web/20190303075822/http://www.cabanforqueens.com/issues/
4b7e76954f4a9dbe0293f82a,race-c05a1295eea5d13e296b,political_strategy,movement_building,Brianna Westbrook,Hiral Tipirneni,coded_divergence,different_mechanism,"I put in my papers with the FEC in early March and I started going to the Legislative District meetings for the last year. [I’ve been] making my presence known in the community, so I’ve been at all the protests and whatever I can to show people in the district that I’m actively speaking out for them.","Now, Hiral is running for Congress to take on Washington insiders and continue using her problem-solving, team-oriented approach to work with Republicans and Democrats alike to get the results we need.",https://gomag.com/article/trans-candidate-congress-next-danica-roem/,https://web.archive.org/web/20170725180137id_/http://hiralforcongress.com/
3cf2d096a2d3bff5d784e029,race-ceb86db4c84836622c21,housing,zoning,Kelly Cheatle,Lashunda C Leslie-Smith,coded_divergence,explicit_disagreement,"We can’t keep letting unscrupulous developers treat our city like a playground for profit while ignoring the people who make Rochester home. Our artists, our small business owners, our working families – we are the ones who breathe life into these streets. But time after time we are pushed aside for vanity projects and luxury spaces that we can’t afford.","I will champion policies that support small businesses, increase access to affordable housing, and invest in youth and workforce development.",https://www.rochesterfirst.com/local-politics/kelly-cheatle-enters-race-for-rochester-city-council/,https://www.democratandchronicle.com/story/news/politics/elections/2025/06/18/rochester-city-council-primary-2025-what-the-candidates-stand-for/84188345007/
7d3dbea41eb5886d4ac9c326,race-ceb86db4c84836622c21,housing,zoning,Kelly Cheatle,"Miguel A Melendez, Jr",coded_divergence,explicit_disagreement,"We can’t keep letting unscrupulous developers treat our city like a playground for profit while ignoring the people who make Rochester home. Our artists, our small business owners, our working families – we are the ones who breathe life into these streets. But time after time we are pushed aside for vanity projects and luxury spaces that we can’t afford.",Good Cause eviction also was Council legislation.,https://www.rochesterfirst.com/local-politics/kelly-cheatle-enters-race-for-rochester-city-council/,https://rochesterbeacon.com/2025/05/08/conversations-with-miguel-melendez/
114dbf64dc0dcea9b61babeb,race-ceb86db4c84836622c21,housing,zoning,Kelly Cheatle,Stanley Martin,coded_divergence,explicit_disagreement,"We can’t keep letting unscrupulous developers treat our city like a playground for profit while ignoring the people who make Rochester home. Our artists, our small business owners, our working families – we are the ones who breathe life into these streets. But time after time we are pushed aside for vanity projects and luxury spaces that we can’t afford.",We were very involved in the tenant union to pass good cause eviction and were very involved in the ceasefire resolution. Both of those are things we were really proud of.,https://www.rochesterfirst.com/local-politics/kelly-cheatle-enters-race-for-rochester-city-council/,https://www.rochesterfirst.com/news/free-the-people-marks-5-years-of-activism-in-rochester-what-they-plan-to-do-next/
abf206e920094cd2ba2a4391,race-ab159e431662d849f3f8,tax_budget,corporate_tax,Marguerite Green,"Michael G. ""Mike"" Strain",coded_divergence,different_mechanism,"I agree with Commissioner Strain, except I believe that should come from the repealing of industrial tax exemption, not on gas purchases. We incentivize gas and oil companies to build facility and give tax breaks up to 90%.","Since I took over the Department, we have paid off all debt. We have eliminated vehicles, including 12 planes, reducing annual fuel costs by nearly 70%.",https://www.pbs.org/video/ag-comm-forum-solar-panels-monroe-medical-foto-sisters-j1x6qa/,https://www.bayoubrief.com/2019/08/21/cultivating-campaigns-for-agriculture-commissioner/
025c8530f075271f8d38a3f2,race-ab159e431662d849f3f8,tax_budget,corporate_tax,Marguerite Green,Peter Williams,coded_divergence,different_mechanism,"I agree with Commissioner Strain, except I believe that should come from the repealing of industrial tax exemption, not on gas purchases. We incentivize gas and oil companies to build facility and give tax breaks up to 90%.","I wouldn’t have a problem with a tax incentive or tax increase. The problem comes with folks living in the cities that don’t have farming interest and maybe a smart incentive program just like you have offroad and onroad diesel, you could have designated gas stations for farmers.",https://www.pbs.org/video/ag-comm-forum-solar-panels-monroe-medical-foto-sisters-j1x6qa/,https://www.pbs.org/video/ag-comm-forum-solar-panels-monroe-medical-foto-sisters-j1x6qa/
4d5e74bd29716c7afe0a65dc,race-3473e276467be8490f7a,tax_budget,corporate_tax,Marguerite Green,Michael G. “Mike” Strain,coded_divergence,different_mechanism,"I agree with Commissioner Strain, except I believe that should come from the repealing of industrial tax exemption, not on gas purchases. We incentivize gas and oil companies to build facility and give tax breaks up to 90%.","Since I took over the Department, we have paid off all debt. We have eliminated vehicles, including 12 planes, reducing annual fuel costs by nearly 70%.",https://www.pbs.org/video/ag-comm-forum-solar-panels-monroe-medical-foto-sisters-j1x6qa/,https://www.bayoubrief.com/2019/08/21/cultivating-campaigns-for-agriculture-commissioner/
4285be0bafd0da1df2ccee6a,race-3473e276467be8490f7a,tax_budget,corporate_tax,Marguerite Green,Peter Williams,coded_divergence,different_mechanism,"I agree with Commissioner Strain, except I believe that should come from the repealing of industrial tax exemption, not on gas purchases. We incentivize gas and oil companies to build facility and give tax breaks up to 90%.","I wouldn’t have a problem with a tax incentive or tax increase. The problem comes with folks living in the cities that don’t have farming interest and maybe a smart incentive program just like you have offroad and onroad diesel, you could have designated gas stations for farmers.",https://www.pbs.org/video/ag-comm-forum-solar-panels-monroe-medical-foto-sisters-j1x6qa/,https://www.pbs.org/video/ag-comm-forum-solar-panels-monroe-medical-foto-sisters-j1x6qa/
58367e6015b3d84d22275d3d,race-b2f56d1987a501b29012,political_strategy,class_struggle,Bernie Sanders,Elizabeth Warren,coded_divergence,different_mechanism,"What our movement is about is bringing working-class people together, black and white and Latino, Native American, Asian American, around an agenda that works for all of us and not just the billionaire class.","We need as much help for as many people as quickly as possible and bring in as many supporters as we can. And if we don’t get it all the first time, take the win and come back into the fight to ask for more.",https://www.nbcnews.com/politics/2020-election/full-transcript-ninth-democratic-debate-las-vegas-n1139546,https://www.nbcnews.com/politics/2020-election/full-transcript-ninth-democratic-debate-las-vegas-n1139546
6a0c83a10ca78e1db83a5881,race-b2f56d1987a501b29012,political_strategy,class_struggle,Bernie Sanders,Michael R. Bloomberg,coded_divergence,different_mechanism,"What our movement is about is bringing working-class people together, black and white and Latino, Native American, Asian American, around an agenda that works for all of us and not just the billionaire class.",I’m running for president to defeat Donald Trump and rebuild America.,https://www.nbcnews.com/politics/2020-election/full-transcript-ninth-democratic-debate-las-vegas-n1139546,https://www.presidency.ucsb.edu/documents/bloomberg-campaign-press-release-mike-bloomberg-announces-2020-democratic-presidential
5cdf1ff4abd4990e296135a6,race-ceb86db4c84836622c21,political_strategy,governing,Kelly Cheatle,Stanley Martin,coded_divergence,different_mechanism,"Too often we are getting stopped at the doors at City Hall. If those doors are flung open, we are going to see a lot of change.","When we organize and go out into communities, we represent many identities and I think that builds trust.",https://www.rochesterfirst.com/local-politics/kelly-cheatle-enters-race-for-rochester-city-council/,https://www.rochesterfirst.com/news/free-the-people-marks-5-years-of-activism-in-rochester-what-they-plan-to-do-next/
bd4f26719e924498db2281a2,race-a9e9e45fbefba85dea2e,housing,tenant_rights,Anathea C. Simpkins,Emily E. Gallagher,coded_divergence,different_mechanism,"I support building truly affordable housing with strong labor contracts, tenant protections, and robust constituent services in the languages spoken in my district. I also support protections for homeowners from predatory practices and damage caused by adjacent development.","I am also soon to introduce legislation creating a Social Housing Development Authority to build hundreds of thousands of new, permanently affordable housing.",https://www.nycvotes.org/whats-on-the-ballot/2024-state-and-federal-primary-election/member-of-the-assembly/profile/?candidateId=V1322&electionCycle=2024+June+Primary&officeType=7&partyId=D&officelevel=2&geoAreaAbbr=50&bannerTitle=Anathea+Simpkins,https://jimowles.org/news/candidate-answers-to-joldc-emily-gallagher-for-ny-assembly-district-50-2024
4cfab75d0c92a52b1c1f4b7c,race-a9e9e45fbefba85dea2e,healthcare,coverage_expansion,Anathea C. Simpkins,Emily E. Gallagher,coded_divergence,different_mechanism,"Healthcare is a human right, which includes mental health, pre/postnatal, SNAP, and Medicaid. Bridging the mental health divide to remove the stigma, capping prescription prices, and protecting reproductive care is vital to giving New Yorkers access to the services they need.",Yes. I proudly co-sponsor the New York Health Act and am actively organizing an upcoming town hall to motivate my constituents to join the right.,https://www.nycvotes.org/whats-on-the-ballot/2024-state-and-federal-primary-election/member-of-the-assembly/profile/?candidateId=V1322&electionCycle=2024+June+Primary&officeType=7&partyId=D&officelevel=2&geoAreaAbbr=50&bannerTitle=Anathea+Simpkins,https://jimowles.org/news/candidate-answers-to-joldc-emily-gallagher-for-ny-assembly-district-50-2024
3ba645d5b1cf0958bdfe3d4c,race-d0d830cb7a9e40e91152,housing,public_housing,Adrienne E. Adams,Zohran Kwame Mamdani,coded_divergence,different_mechanism,"My leadership set a new tone for the Council in addressing the city’s housing crisis. I changed the expectation by getting personally involved in critical development and housing production. Over 150,000 units of housing have been approved during my tenure as Speaker.","That includes freezing the rent, building more affordable and union-built housing, making buses fast and free, investing in public transit, creating municipal grocery stores, providing free, universal childcare, and more.",https://www.nycvotes.org/whats-on-the-ballot/2025-primary-election/mayor/profile/?candidateId=2063&electionCycle=2025&districtID=45&boroughCode=K&officeType=1&partyId=D&officelevel=1&geoAreaAbbr=&bannerTitle=Adrienne+E+Adams&cct=active,https://jimowles.org/news/candidate-answers-to-joldc-zohran-kwame-mamdani-for-nyc-mayor-2025
af56998dcda8ac5787e2b5ec,race-d0d830cb7a9e40e91152,housing,public_housing,Brad Lander,Zohran Kwame Mamdani,coded_divergence,different_mechanism,"My #1 campaign commitment is to end street homelessness for people with serious mental illness, as outlined in my comprehensive, ready-on-day-one “Safer for All” plan.","That includes freezing the rent, building more affordable and union-built housing, making buses fast and free, investing in public transit, creating municipal grocery stores, providing free, universal childcare, and more.",https://jimowles.org/news/candidate-answers-to-joldc-brad-lander-for-nyc-mayor-2025,https://jimowles.org/news/candidate-answers-to-joldc-zohran-kwame-mamdani-for-nyc-mayor-2025
148f354989dfd03382bcf005,race-d0d830cb7a9e40e91152,housing,rent_control,Jessica Ramos,Zohran Kwame Mamdani,coded_divergence,different_mechanism,"I support a rent freeze, and have a plan to make it economically feasible for landlords.",The best way to address homelessness is by providing people with lasting homes.,https://jimowles.org/news/candidate-answers-to-joldc-jessica-ramos-for-nyc-mayor-2025,https://jimowles.org/news/candidate-answers-to-joldc-zohran-kwame-mamdani-for-nyc-mayor-2025
72d95d55d7c8d5eb66b8d52b,race-d0d830cb7a9e40e91152,housing,homeownership,Michael Blake,Zohran Kwame Mamdani,coded_divergence,different_mechanism,"We need a Local Median Income, eliminate using credit scores for rent or mortgage applications, build Middle class housing with a Mitchell Lama 2.0 and address NYCHA boilers and roofs.","That includes freezing the rent, building more affordable and union-built housing, making buses fast and free, investing in public transit, creating municipal grocery stores, providing free, universal childcare, and more.",https://www.nycvotes.org/whats-on-the-ballot/2025-primary-election/mayor/profile/?candidateId=2193&electionCycle=2025&districtID=45&boroughCode=K&officeType=1&partyId=D&officelevel=1&geoAreaAbbr=&bannerTitle=Michael+A+Blake&cct=active,https://jimowles.org/news/candidate-answers-to-joldc-zohran-kwame-mamdani-for-nyc-mayor-2025
471dc75c87bdab2302a9f10a,race-d0d830cb7a9e40e91152,housing,public_housing,Scott M. Stringer,Zohran Kwame Mamdani,coded_divergence,different_mechanism,"And we will adopt a housing first model, prioritizing stable housing paired with comprehensive services to address the chronic homelessness, mental health, and substance abuse problems plaguing New Yorkers.","That includes freezing the rent, building more affordable and union-built housing, making buses fast and free, investing in public transit, creating municipal grocery stores, providing free, universal childcare, and more.",https://jimowles.org/news/candidate-answers-to-joldc-scott-stringer-for-nyc-mayor-2025,https://jimowles.org/news/candidate-answers-to-joldc-zohran-kwame-mamdani-for-nyc-mayor-2025
a48f480e7cf41b1c57e3f4a9,race-d0d830cb7a9e40e91152,housing,homeownership,Selma K. Bartholomew,Zohran Kwame Mamdani,coded_divergence,different_mechanism,Strengthen relationships and engage homeowners and renters to shape NYC’s future. Reimagine neighborhoods through innovative solutions that begin with homeowners and tenants.,"That includes freezing the rent, building more affordable and union-built housing, making buses fast and free, investing in public transit, creating municipal grocery stores, providing free, universal childcare, and more.",https://www.nycvotes.org/whats-on-the-ballot/2025-primary-election/mayor/profile/?candidateId=2981&electionCycle=2025&districtID=45&boroughCode=K&officeType=1&partyId=D&officelevel=1&geoAreaAbbr=&bannerTitle=Dr+Selma+Bartholomew&cct=active,https://jimowles.org/news/candidate-answers-to-joldc-zohran-kwame-mamdani-for-nyc-mayor-2025
153360da30cb2ba5954c846b,race-d0d830cb7a9e40e91152,housing,zoning,Whitney R. Tilson,Zohran Kwame Mamdani,coded_divergence,different_mechanism,"We need an abundance of housing, yet have made it almost impossible to build new and maintain existing units. We need to cut red tape to speed up development, reform outdated policies, slash delays in the permitting processes and promote accessory dwelling units.","That includes freezing the rent, building more affordable and union-built housing, making buses fast and free, investing in public transit, creating municipal grocery stores, providing free, universal childcare, and more.",https://www.nycvotes.org/whats-on-the-ballot/2025-primary-election/mayor/profile/?candidateId=2920&electionCycle=2025&districtID=45&boroughCode=K&officeType=1&partyId=D&officelevel=1&geoAreaAbbr=&bannerTitle=Whitney+R+Tilson&cct=active,https://jimowles.org/news/candidate-answers-to-joldc-zohran-kwame-mamdani-for-nyc-mayor-2025
f15793f89d3d2f39a61e366a,race-d0d830cb7a9e40e91152,housing,public_housing,Zellnor Myrie,Zohran Kwame Mamdani,coded_divergence,different_mechanism,"My plan to Rebuild NYC through building and preserving one million homes, and providing free, universal Afterschool for All will help build our workforce, and expand our tax base","That includes freezing the rent, building more affordable and union-built housing, making buses fast and free, investing in public transit, creating municipal grocery stores, providing free, universal childcare, and more.",https://jimowles.org/news/candidate-answers-to-joldc-zellnor-myrie-for-nyc-mayor-2025,https://jimowles.org/news/candidate-answers-to-joldc-zohran-kwame-mamdani-for-nyc-mayor-2025
5eb82e9bd30159015ff0fc81,race-d0d830cb7a9e40e91152,public_safety,police_reform,Adrienne E. Adams,Zohran Kwame Mamdani,coded_divergence,explicit_disagreement,I have expanded support for victims of crime in communities experiencing high levels of violence but underserved by traditional services and created a $5 million budget initiative to fund community safety and victim services at the neighborhood level.,"Yes, and my mayoralty will end it after Eric Adams has fought to maintain the harmful practice.",https://www.nycvotes.org/whats-on-the-ballot/2025-primary-election/mayor/profile/?candidateId=2063&electionCycle=2025&districtID=45&boroughCode=K&officeType=1&partyId=D&officelevel=1&geoAreaAbbr=&bannerTitle=Adrienne+E+Adams&cct=active,https://jimowles.org/news/candidate-answers-to-joldc-zohran-kwame-mamdani-for-nyc-mayor-2025
bd4eab0ae845e807e9852b07,race-d0d830cb7a9e40e91152,public_safety,police_abolition,Jessica Ramos,Zohran Kwame Mamdani,coded_divergence,explicit_disagreement,The first thing I will do is remove the NYPD from street vendor enforcement.,"Yes, and my mayoralty will end it after Eric Adams has fought to maintain the harmful practice.",https://jimowles.org/news/candidate-answers-to-joldc-jessica-ramos-for-nyc-mayor-2025,https://jimowles.org/news/candidate-answers-to-joldc-zohran-kwame-mamdani-for-nyc-mayor-2025
64b5acf85a87a2def1489025,race-d0d830cb7a9e40e91152,public_safety,police_reform,Michael Blake,Zohran Kwame Mamdani,coded_divergence,explicit_disagreement,Let us have increased police street patrol with body cameras on while trained professionals address mental health concerns. We will hold Repeat Offenders accountable and address NYPD OT while rehiring officers.,"Yes, and my mayoralty will end it after Eric Adams has fought to maintain the harmful practice.",https://www.nycvotes.org/whats-on-the-ballot/2025-primary-election/mayor/profile/?candidateId=2193&electionCycle=2025&districtID=45&boroughCode=K&officeType=1&partyId=D&officelevel=1&geoAreaAbbr=&bannerTitle=Michael+A+Blake&cct=active,https://jimowles.org/news/candidate-answers-to-joldc-zohran-kwame-mamdani-for-nyc-mayor-2025
3c95b32d23f48162a21f243f,race-d0d830cb7a9e40e91152,public_safety,police_reform,Selma K. Bartholomew,Zohran Kwame Mamdani,coded_divergence,explicit_disagreement,"Make subways safe, reward with free rides, regular riders who will report, never intervene on the mentally ill. EREA: tackle crime, gangs, and violence with Education, Redirection programs, Enforcement, and Accountability.","Yes, and my mayoralty will end it after Eric Adams has fought to maintain the harmful practice.",https://www.nycvotes.org/whats-on-the-ballot/2025-primary-election/mayor/profile/?candidateId=2981&electionCycle=2025&districtID=45&boroughCode=K&officeType=1&partyId=D&officelevel=1&geoAreaAbbr=&bannerTitle=Dr+Selma+Bartholomew&cct=active,https://jimowles.org/news/candidate-answers-to-joldc-zohran-kwame-mamdani-for-nyc-mayor-2025
17a30c4a6b0741466d6da4f3,race-d0d830cb7a9e40e91152,public_safety,police_reform,Whitney R. Tilson,Zohran Kwame Mamdani,coded_divergence,explicit_disagreement,I pledge to cut crime by 50% by: 1) Investing in communities most impacted by crime; 2) Hiring 10% more police officers; and 3) make crime illegal again.,"Yes, and my mayoralty will end it after Eric Adams has fought to maintain the harmful practice.",https://www.nycvotes.org/whats-on-the-ballot/2025-primary-election/mayor/profile/?candidateId=2920&electionCycle=2025&districtID=45&boroughCode=K&officeType=1&partyId=D&officelevel=1&geoAreaAbbr=&bannerTitle=Whitney+R+Tilson&cct=active,https://jimowles.org/news/candidate-answers-to-joldc-zohran-kwame-mamdani-for-nyc-mayor-2025
1510fd0bddcf544bdce6540f,race-d0d830cb7a9e40e91152,public_safety,prison_abolition,Zellnor Myrie,Zohran Kwame Mamdani,coded_divergence,explicit_disagreement,"Yes, I support outlawing solitary confinement and replacing it with humane, evidence-based alternatives.","Yes, and my mayoralty will end it after Eric Adams has fought to maintain the harmful practice.",https://jimowles.org/news/candidate-answers-to-joldc-zellnor-myrie-for-nyc-mayor-2025,https://jimowles.org/news/candidate-answers-to-joldc-zohran-kwame-mamdani-for-nyc-mayor-2025
0668b8c7a26747475b91cd9a,race-d0d830cb7a9e40e91152,immigration,abolish_ice,Brad Lander,Zohran Kwame Mamdani,coded_divergence,different_mechanism,"I will not allow ICE in our schools, hospitals, or shelters. I will rescind Eric Adams’ Executive Order granting ICE an office on Rikers’ Island.","As the first immigrant mayor of NYC, I would strengthen compliance with our sanctuary city status, including ensuring city contractors are complying with the law.",https://jimowles.org/news/candidate-answers-to-joldc-brad-lander-for-nyc-mayor-2025,https://jimowles.org/news/candidate-answers-to-joldc-zohran-kwame-mamdani-for-nyc-mayor-2025
ec82e480c5aa6737d9ac4e1a,race-d0d830cb7a9e40e91152,immigration,abolish_ice,Jessica Ramos,Zohran Kwame Mamdani,coded_divergence,different_mechanism,"Additionally, I would remove ICE from Rikers.","As the first immigrant mayor of NYC, I would strengthen compliance with our sanctuary city status, including ensuring city contractors are complying with the law.",https://jimowles.org/news/candidate-answers-to-joldc-jessica-ramos-for-nyc-mayor-2025,https://jimowles.org/news/candidate-answers-to-joldc-zohran-kwame-mamdani-for-nyc-mayor-2025
be1f19e76ccd76c717a82dc7,race-d0d830cb7a9e40e91152,immigration,abolish_ice,Michael Blake,Zohran Kwame Mamdani,coded_divergence,different_mechanism,We reject I.C.E. at our schools but also provide nonprofit support.,"As the first immigrant mayor of NYC, I would strengthen compliance with our sanctuary city status, including ensuring city contractors are complying with the law.",https://www.nycvotes.org/whats-on-the-ballot/2025-primary-election/mayor/profile/?candidateId=2193&electionCycle=2025&districtID=45&boroughCode=K&officeType=1&partyId=D&officelevel=1&geoAreaAbbr=&bannerTitle=Michael+A+Blake&cct=active,https://jimowles.org/news/candidate-answers-to-joldc-zohran-kwame-mamdani-for-nyc-mayor-2025
50966de670874e1d4617e461,race-d0d830cb7a9e40e91152,immigration,abolish_ice,Scott M. Stringer,Zohran Kwame Mamdani,coded_divergence,different_mechanism,"When I am mayor, NYC will double down on sanctuary protections, ensuring no city agency helps ICE or federal law enforcement carry out political persecution.","As the first immigrant mayor of NYC, I would strengthen compliance with our sanctuary city status, including ensuring city contractors are complying with the law.",https://jimowles.org/news/candidate-answers-to-joldc-scott-stringer-for-nyc-mayor-2025,https://jimowles.org/news/candidate-answers-to-joldc-zohran-kwame-mamdani-for-nyc-mayor-2025
2f0e8b8188842bb0d424c8c8,race-d0d830cb7a9e40e91152,immigration,abolish_ice,Zellnor Myrie,Zohran Kwame Mamdani,coded_divergence,different_mechanism,"Ensure ICE is never welcome in schools, hospitals, and houses of worship","As the first immigrant mayor of NYC, I would strengthen compliance with our sanctuary city status, including ensuring city contractors are complying with the law.",https://jimowles.org/news/candidate-answers-to-joldc-zellnor-myrie-for-nyc-mayor-2025,https://jimowles.org/news/candidate-answers-to-joldc-zohran-kwame-mamdani-for-nyc-mayor-2025
4e06af76c728db708b44b5ec,race-c1bc1ffe72e97dc4e320,healthcare,single_payer,Amy Klobuchar,Bernie Sanders,coded_divergence,explicit_disagreement,There are 149 million Americans that would lose their current health insurance under Senator Sanders' bill.,"Create a Medicare for All, single-payer, national health insurance program to provide everyone in America with comprehensive health care coverage, free at the point of service.",https://www.nbcnews.com/politics/2020-election/full-transcript-ninth-democratic-debate-las-vegas-n1139546,https://web.archive.org/web/20200115000000/https://berniesanders.com/issues/medicare-for-all/
035a4ad632b0950a24f9eefc,race-c1bc1ffe72e97dc4e320,healthcare,single_payer,Bernie Sanders,Cory Booker,coded_divergence,different_mechanism,"Create a Medicare for All, single-payer, national health insurance program to provide everyone in America with comprehensive health care coverage, free at the point of service.",Health care is not just a human right. It should be an American right.,https://web.archive.org/web/20200115000000/https://berniesanders.com/issues/medicare-for-all/,https://www.presidency.ucsb.edu/documents/booker-campaign-press-release-cory-booker-believes-health-care-human-right
6a91eef0289b7ba72e73086e,race-c1bc1ffe72e97dc4e320,healthcare,single_payer,Bernie Sanders,Deval Patrick,coded_divergence,different_mechanism,"Create a Medicare for All, single-payer, national health insurance program to provide everyone in America with comprehensive health care coverage, free at the point of service.","The agenda proposes building on the Affordable Care Act with a public option to ensure access to universal, affordable health care coverage and strengthening coverage for mental health and addiction services.",https://web.archive.org/web/20200115000000/https://berniesanders.com/issues/medicare-for-all/,https://www.presidency.ucsb.edu/documents/patrick-campaign-press-release-deval-patrick-unveils-reform-agenda
f501d115773af60b4d9f81a1,race-c1bc1ffe72e97dc4e320,healthcare,single_payer,Bernie Sanders,Elizabeth Warren,coded_divergence,different_mechanism,"Create a Medicare for All, single-payer, national health insurance program to provide everyone in America with comprehensive health care coverage, free at the point of service.",Health care is a crisis in this country.,https://web.archive.org/web/20200115000000/https://berniesanders.com/issues/medicare-for-all/,https://www.nbcnews.com/politics/2020-election/full-transcript-ninth-democratic-debate-las-vegas-n1139546
3798a551b71c2eef1be0ba48,race-c1bc1ffe72e97dc4e320,healthcare,single_payer,Bernie Sanders,John Delaney,coded_divergence,explicit_disagreement,"Create a Medicare for All, single-payer, national health insurance program to provide everyone in America with comprehensive health care coverage, free at the point of service.","We can go down the road that Senator Sanders and Senator Warren want to take us, which is with bad policies like Medicare for all, free everything and impossible promises that will turn off independent voters and get Trump re-elected.",https://web.archive.org/web/20200115000000/https://berniesanders.com/issues/medicare-for-all/,https://transcripts.cnn.com/show/se/date/2019-07-30/segment/01
a0f264e6bc3722481cba0297,race-c1bc1ffe72e97dc4e320,healthcare,single_payer,Bernie Sanders,Joseph R. Biden,coded_divergence,different_mechanism,"Create a Medicare for All, single-payer, national health insurance program to provide everyone in America with comprehensive health care coverage, free at the point of service.","Giving Americans a new choice, a public health insurance option like Medicare.",https://web.archive.org/web/20200115000000/https://berniesanders.com/issues/medicare-for-all/,https://web.archive.org/web/20200301190759/https://joebiden.com/healthcare/
ad6d30a772f8a98d0c7af875,race-c1bc1ffe72e97dc4e320,healthcare,single_payer,Bernie Sanders,Michael Bennet,coded_divergence,different_mechanism,"Create a Medicare for All, single-payer, national health insurance program to provide everyone in America with comprehensive health care coverage, free at the point of service.","The Bennet Administration will establish Medicare-X, a true public option that starts in rural areas where the market is failing too many people with only one or no insurers.",https://web.archive.org/web/20200115000000/https://berniesanders.com/issues/medicare-for-all/,https://www.presidency.ucsb.edu/documents/bennet-campaign-press-release-michael-bennet-unveils-plan-achieve-high-quality-affordable
ef75dbb48f03a581e4329970,race-c1bc1ffe72e97dc4e320,healthcare,single_payer,Bernie Sanders,Pete Buttigieg,coded_divergence,different_mechanism,"Create a Medicare for All, single-payer, national health insurance program to provide everyone in America with comprehensive health care coverage, free at the point of service.","Under my plan, if you want Medicare, you can have it. If you prefer to keep your private plan, you can have that too. I trust you to decide.",https://web.archive.org/web/20200115000000/https://berniesanders.com/issues/medicare-for-all/,https://www.rev.com/transcripts/new-hampshire-democratic-debate-transcript
bf604fb472553c216fcdcdfa,race-c1bc1ffe72e97dc4e320,healthcare,single_payer,Bernie Sanders,Tom Steyer,coded_divergence,different_mechanism,"Create a Medicare for All, single-payer, national health insurance program to provide everyone in America with comprehensive health care coverage, free at the point of service.",My Right to Health plan creates a public option that prioritizes your health and your care over corporate greed.,https://web.archive.org/web/20200115000000/https://berniesanders.com/issues/medicare-for-all/,https://web.archive.org/web/20201024082200/https://2020.tomsteyer.com/affordable-health-care-for-all/
2f78505591199e01722be231,race-707589896734489b0382,healthcare,single_payer,Amy Klobuchar,Bernie Sanders,coded_divergence,explicit_disagreement,There are 149 million Americans that would lose their current health insurance under Senator Sanders' bill.,"Create a Medicare for All, single-payer, national health insurance program to provide everyone in America with comprehensive health care coverage, free at the point of service.",https://www.nbcnews.com/politics/2020-election/full-transcript-ninth-democratic-debate-las-vegas-n1139546,https://web.archive.org/web/20200115000000/https://berniesanders.com/issues/medicare-for-all/
8dc60393fd65e7c767f2aed0,race-707589896734489b0382,healthcare,single_payer,Bernie Sanders,Cory Booker,coded_divergence,different_mechanism,"Create a Medicare for All, single-payer, national health insurance program to provide everyone in America with comprehensive health care coverage, free at the point of service.",Health care is not just a human right. It should be an American right.,https://web.archive.org/web/20200115000000/https://berniesanders.com/issues/medicare-for-all/,https://www.presidency.ucsb.edu/documents/booker-campaign-press-release-cory-booker-believes-health-care-human-right
047007e87f91592c89e40b53,race-707589896734489b0382,healthcare,single_payer,Bernie Sanders,Elizabeth Warren,coded_divergence,different_mechanism,"Create a Medicare for All, single-payer, national health insurance program to provide everyone in America with comprehensive health care coverage, free at the point of service.",Health care is a crisis in this country.,https://web.archive.org/web/20200115000000/https://berniesanders.com/issues/medicare-for-all/,https://www.nbcnews.com/politics/2020-election/full-transcript-ninth-democratic-debate-las-vegas-n1139546
2a05fed77e47a5357d886f08,race-707589896734489b0382,healthcare,single_payer,Bernie Sanders,Joe Biden,coded_divergence,explicit_disagreement,"Create a Medicare for All, single-payer, national health insurance program to provide everyone in America with comprehensive health care coverage, free at the point of service.",I would veto anything that delays providing the security and the certainty of health care being available now.,https://web.archive.org/web/20200115000000/https://berniesanders.com/issues/medicare-for-all/,https://www.cnn.com/2020/03/10/politics/joe-biden-medicare-for-all-veto/index.html
2ca52c040b031c362e3198f2,race-707589896734489b0382,healthcare,single_payer,Bernie Sanders,John Delaney,coded_divergence,explicit_disagreement,"Create a Medicare for All, single-payer, national health insurance program to provide everyone in America with comprehensive health care coverage, free at the point of service.","We can go down the road that Senator Sanders and Senator Warren want to take us, which is with bad policies like Medicare for all, free everything and impossible promises that will turn off independent voters and get Trump re-elected.",https://web.archive.org/web/20200115000000/https://berniesanders.com/issues/medicare-for-all/,https://transcripts.cnn.com/show/se/date/2019-07-30/segment/01
38f20d52c3c6e157843b9b75,race-707589896734489b0382,healthcare,single_payer,Bernie Sanders,Julián Castro,coded_divergence,different_mechanism,"Create a Medicare for All, single-payer, national health insurance program to provide everyone in America with comprehensive health care coverage, free at the point of service.",I want to strengthen Medicare for the people who are on it and then expand it to anybody who wants it.,https://web.archive.org/web/20200115000000/https://berniesanders.com/issues/medicare-for-all/,https://www.nbcnews.com/politics/2020-election/democratic-debate-transcript-july-31-2019-n1038016
617027e2882f9ea6fb19b6f7,race-707589896734489b0382,healthcare,single_payer,Bernie Sanders,Michael Bennet,coded_divergence,different_mechanism,"Create a Medicare for All, single-payer, national health insurance program to provide everyone in America with comprehensive health care coverage, free at the point of service.","The Bennet Administration will establish Medicare-X, a true public option that starts in rural areas where the market is failing too many people with only one or no insurers.",https://web.archive.org/web/20200115000000/https://berniesanders.com/issues/medicare-for-all/,https://www.presidency.ucsb.edu/documents/bennet-campaign-press-release-michael-bennet-unveils-plan-achieve-high-quality-affordable
c5b258a4167ee1648d402b09,race-707589896734489b0382,healthcare,single_payer,Bernie Sanders,Pete Buttigieg,coded_divergence,different_mechanism,"Create a Medicare for All, single-payer, national health insurance program to provide everyone in America with comprehensive health care coverage, free at the point of service.","Under my plan, if you want Medicare, you can have it. If you prefer to keep your private plan, you can have that too. I trust you to decide.",https://web.archive.org/web/20200115000000/https://berniesanders.com/issues/medicare-for-all/,https://www.rev.com/transcripts/new-hampshire-democratic-debate-transcript
ed6c32b710acf8931d66fdb0,race-707589896734489b0382,healthcare,single_payer,Bernie Sanders,Tom Steyer,coded_divergence,different_mechanism,"Create a Medicare for All, single-payer, national health insurance program to provide everyone in America with comprehensive health care coverage, free at the point of service.",My Right to Health plan creates a public option that prioritizes your health and your care over corporate greed.,https://web.archive.org/web/20200115000000/https://berniesanders.com/issues/medicare-for-all/,https://web.archive.org/web/20201024082200/https://2020.tomsteyer.com/affordable-health-care-for-all/
e33e8f590d925580dbd70d46,race-c3b021b27cd1f9089be2,economic_ownership,economic_planning,Andrew Yang,Bernie Sanders,coded_divergence,different_mechanism,"If you’ve heard anything about me and my campaign, you’ve heard that someone is running for president who wants to give every American $1,000 a month.",Allow Medicare to negotiate with the big drug companies to lower prescription drug prices with the Medicare Drug Price Negotiation Act.,https://www.nbcnews.com/politics/2020-election/democratic-debate-transcript-july-31-2019-n1038016,https://web.archive.org/web/20200115000000/https://berniesanders.com/issues/medicare-for-all/
8c25147918cf2306046d935f,race-aed8879df9fbc709db76,economic_ownership,economic_planning,Andrew Yang,Bernie Sanders,coded_divergence,different_mechanism,"If you’ve heard anything about me and my campaign, you’ve heard that someone is running for president who wants to give every American $1,000 a month.",Allow Medicare to negotiate with the big drug companies to lower prescription drug prices with the Medicare Drug Price Negotiation Act.,https://www.nbcnews.com/politics/2020-election/democratic-debate-transcript-july-31-2019-n1038016,https://web.archive.org/web/20200115000000/https://berniesanders.com/issues/medicare-for-all/
b77aab413a2cb90749f8e1ad,race-ea5afd75c9af396451a4,economic_ownership,economic_planning,Andrew Yang,Bernard Sanders,coded_divergence,different_mechanism,"If you’ve heard anything about me and my campaign, you’ve heard that someone is running for president who wants to give every American $1,000 a month.",Allow Medicare to negotiate with the big drug companies to lower prescription drug prices with the Medicare Drug Price Negotiation Act.,https://www.nbcnews.com/politics/2020-election/democratic-debate-transcript-july-31-2019-n1038016,https://web.archive.org/web/20200115000000/https://berniesanders.com/issues/medicare-for-all/
8e11e55c5390eb48b9d37593,race-ea5afd75c9af396451a4,economic_ownership,regulation,Bernard Sanders,Thomas Steyer,coded_divergence,different_mechanism,Allow Medicare to negotiate with the big drug companies to lower prescription drug prices with the Medicare Drug Price Negotiation Act.,He will ensure fair markets across all sectors and industries by aggressively enforcing existing antitrust regulations — and by enacting new antitrust regulations that hold big corporations accountable and break the corporate stranglehold on our government.,https://web.archive.org/web/20200115000000/https://berniesanders.com/issues/medicare-for-all/,https://web.archive.org/web/20201024082200/https://2020.tomsteyer.com/antitrust/
615e2c6c31a004cfd92fa5cf,race-73071b15a1c4c8d1ee8f,economic_ownership,economic_planning,Andrew Yang,Bernie Sanders,coded_divergence,different_mechanism,"If you’ve heard anything about me and my campaign, you’ve heard that someone is running for president who wants to give every American $1,000 a month.",Allow Medicare to negotiate with the big drug companies to lower prescription drug prices with the Medicare Drug Price Negotiation Act.,https://www.nbcnews.com/politics/2020-election/democratic-debate-transcript-july-31-2019-n1038016,https://web.archive.org/web/20200115000000/https://berniesanders.com/issues/medicare-for-all/
839c1440d1d3cc18558dda50,race-980dc8b6fade3efe9c74,economic_ownership,economic_planning,Andrew Yang,Bernie Sanders,coded_divergence,different_mechanism,"If you’ve heard anything about me and my campaign, you’ve heard that someone is running for president who wants to give every American $1,000 a month.",Allow Medicare to negotiate with the big drug companies to lower prescription drug prices with the Medicare Drug Price Negotiation Act.,https://www.nbcnews.com/politics/2020-election/democratic-debate-transcript-july-31-2019-n1038016,https://web.archive.org/web/20200115000000/https://berniesanders.com/issues/medicare-for-all/
9a41b0a4aabe13129a269e13,race-980dc8b6fade3efe9c74,economic_ownership,regulation,Bernie Sanders,John Delaney,coded_divergence,different_mechanism,Allow Medicare to negotiate with the big drug companies to lower prescription drug prices with the Medicare Drug Price Negotiation Act.,Redesign anti-trust regulations to address concentration of power in the agriculture economy,https://web.archive.org/web/20200115000000/https://berniesanders.com/issues/medicare-for-all/,https://www.presidency.ucsb.edu/documents/delaney-campaign-press-release-john-delaney-launches-heartland-fair-deal-comprehensive
6010503c62d82862553f3372,race-c3b021b27cd1f9089be2,political_strategy,class_struggle,Bernie Sanders,Deval Patrick,coded_divergence,different_mechanism,"What our movement is about is bringing working-class people together, black and white and Latino, Native American, Asian American, around an agenda that works for all of us and not just the billionaire class.","My Reform Agenda is about making meaningful fixes to big systems that consistently fail to meet modern needs, and have long excluded some Americans.",https://www.nbcnews.com/politics/2020-election/full-transcript-ninth-democratic-debate-las-vegas-n1139546,https://www.presidency.ucsb.edu/documents/patrick-campaign-press-release-deval-patrick-unveils-reform-agenda
f65c0effdebe7277ba8baa6d,race-c3b021b27cd1f9089be2,political_strategy,class_struggle,Bernie Sanders,Elizabeth Warren,coded_divergence,different_mechanism,"What our movement is about is bringing working-class people together, black and white and Latino, Native American, Asian American, around an agenda that works for all of us and not just the billionaire class.","if we don’t get it all the first time, take the win and come back into the fight to ask for more.",https://www.nbcnews.com/politics/2020-election/full-transcript-ninth-democratic-debate-las-vegas-n1139546,https://www.nbcnews.com/politics/2020-election/full-transcript-ninth-democratic-debate-las-vegas-n1139546
580748bde8a896d9da338a8c,race-c3b021b27cd1f9089be2,political_strategy,class_struggle,Bernie Sanders,Michael R. Bloomberg,coded_divergence,different_mechanism,"What our movement is about is bringing working-class people together, black and white and Latino, Native American, Asian American, around an agenda that works for all of us and not just the billionaire class.",I’m running for president to defeat Donald Trump and rebuild America.,https://www.nbcnews.com/politics/2020-election/full-transcript-ninth-democratic-debate-las-vegas-n1139546,https://www.presidency.ucsb.edu/documents/bloomberg-campaign-press-release-mike-bloomberg-announces-2020-democratic-presidential
7808a1e8fd57f8feafd4fe88,race-aed8879df9fbc709db76,political_strategy,class_struggle,Bernie Sanders,Deval Patrick,coded_divergence,different_mechanism,"What our movement is about is bringing working-class people together, black and white and Latino, Native American, Asian American, around an agenda that works for all of us and not just the billionaire class.","My Reform Agenda is about making meaningful fixes to big systems that consistently fail to meet modern needs, and have long excluded some Americans.",https://www.nbcnews.com/politics/2020-election/full-transcript-ninth-democratic-debate-las-vegas-n1139546,https://www.presidency.ucsb.edu/documents/patrick-campaign-press-release-deval-patrick-unveils-reform-agenda
878da2eb342394a9886982e5,race-aed8879df9fbc709db76,political_strategy,class_struggle,Bernie Sanders,Elizabeth Warren,coded_divergence,different_mechanism,"What our movement is about is bringing working-class people together, black and white and Latino, Native American, Asian American, around an agenda that works for all of us and not just the billionaire class.","if we don’t get it all the first time, take the win and come back into the fight to ask for more.",https://www.nbcnews.com/politics/2020-election/full-transcript-ninth-democratic-debate-las-vegas-n1139546,https://www.nbcnews.com/politics/2020-election/full-transcript-ninth-democratic-debate-las-vegas-n1139546
576149aa57fb686a5de619c8,race-aed8879df9fbc709db76,political_strategy,class_struggle,Bernie Sanders,Joe Sestak,coded_divergence,different_mechanism,"What our movement is about is bringing working-class people together, black and white and Latino, Native American, Asian American, around an agenda that works for all of us and not just the billionaire class.","What Americans want most is someone who is accountable to them, above self, above party, above any special interest.",https://www.nbcnews.com/politics/2020-election/full-transcript-ninth-democratic-debate-las-vegas-n1139546,https://www.democracyinaction.us/2020/lit20p/sestakflyer.html
15cfc4177b9120d60921aaf1,race-aed8879df9fbc709db76,political_strategy,class_struggle,Bernie Sanders,Michael R. Bloomberg,coded_divergence,different_mechanism,"What our movement is about is bringing working-class people together, black and white and Latino, Native American, Asian American, around an agenda that works for all of us and not just the billionaire class.",I’m running for president to defeat Donald Trump and rebuild America.,https://www.nbcnews.com/politics/2020-election/full-transcript-ninth-democratic-debate-las-vegas-n1139546,https://www.presidency.ucsb.edu/documents/bloomberg-campaign-press-release-mike-bloomberg-announces-2020-democratic-presidential
b556266bdca111dc341c50ab,race-73071b15a1c4c8d1ee8f,political_strategy,class_struggle,Bernie Sanders,Deval Patrick,coded_divergence,different_mechanism,"What our movement is about is bringing working-class people together, black and white and Latino, Native American, Asian American, around an agenda that works for all of us and not just the billionaire class.","My Reform Agenda is about making meaningful fixes to big systems that consistently fail to meet modern needs, and have long excluded some Americans.",https://www.nbcnews.com/politics/2020-election/full-transcript-ninth-democratic-debate-las-vegas-n1139546,https://www.presidency.ucsb.edu/documents/patrick-campaign-press-release-deval-patrick-unveils-reform-agenda
295f5bdebd2a38b5f09bdce5,race-73071b15a1c4c8d1ee8f,political_strategy,class_struggle,Bernie Sanders,Elizabeth Warren,coded_divergence,different_mechanism,"What our movement is about is bringing working-class people together, black and white and Latino, Native American, Asian American, around an agenda that works for all of us and not just the billionaire class.","if we don’t get it all the first time, take the win and come back into the fight to ask for more.",https://www.nbcnews.com/politics/2020-election/full-transcript-ninth-democratic-debate-las-vegas-n1139546,https://www.nbcnews.com/politics/2020-election/full-transcript-ninth-democratic-debate-las-vegas-n1139546
fca09187261ab5512cbb53f0,race-73071b15a1c4c8d1ee8f,political_strategy,class_struggle,Bernie Sanders,Michael R. Bloomberg,coded_divergence,different_mechanism,"What our movement is about is bringing working-class people together, black and white and Latino, Native American, Asian American, around an agenda that works for all of us and not just the billionaire class.",I’m running for president to defeat Donald Trump and rebuild America.,https://www.nbcnews.com/politics/2020-election/full-transcript-ninth-democratic-debate-las-vegas-n1139546,https://www.presidency.ucsb.edu/documents/bloomberg-campaign-press-release-mike-bloomberg-announces-2020-democratic-presidential
4671f834d6b93f2ba6236f3f,race-980dc8b6fade3efe9c74,political_strategy,class_struggle,Bernie Sanders,Deval Patrick,coded_divergence,different_mechanism,"What our movement is about is bringing working-class people together, black and white and Latino, Native American, Asian American, around an agenda that works for all of us and not just the billionaire class.","My Reform Agenda is about making meaningful fixes to big systems that consistently fail to meet modern needs, and have long excluded some Americans.",https://www.nbcnews.com/politics/2020-election/full-transcript-ninth-democratic-debate-las-vegas-n1139546,https://www.presidency.ucsb.edu/documents/patrick-campaign-press-release-deval-patrick-unveils-reform-agenda
72b3d192dfd32905f4aa77c0,race-980dc8b6fade3efe9c74,political_strategy,class_struggle,Bernie Sanders,Elizabeth Warren,coded_divergence,different_mechanism,"What our movement is about is bringing working-class people together, black and white and Latino, Native American, Asian American, around an agenda that works for all of us and not just the billionaire class.","if we don’t get it all the first time, take the win and come back into the fight to ask for more.",https://www.nbcnews.com/politics/2020-election/full-transcript-ninth-democratic-debate-las-vegas-n1139546,https://www.nbcnews.com/politics/2020-election/full-transcript-ninth-democratic-debate-las-vegas-n1139546
7eb10360269091ac5bc9feb2,race-980dc8b6fade3efe9c74,political_strategy,class_struggle,Bernie Sanders,John Delaney,coded_divergence,different_mechanism,"What our movement is about is bringing working-class people together, black and white and Latino, Native American, Asian American, around an agenda that works for all of us and not just the billionaire class.",I think we should be the party that keeps what’s working and fixes what’s broken.,https://www.nbcnews.com/politics/2020-election/full-transcript-ninth-democratic-debate-las-vegas-n1139546,https://www.presidency.ucsb.edu/documents/delaney-campaign-press-release-john-delaney-we-should-be-the-party-that-keeps-whats
aa231c8b614293699ac66956,race-980dc8b6fade3efe9c74,political_strategy,class_struggle,Bernie Sanders,Michael R. Bloomberg,coded_divergence,different_mechanism,"What our movement is about is bringing working-class people together, black and white and Latino, Native American, Asian American, around an agenda that works for all of us and not just the billionaire class.",I’m running for president to defeat Donald Trump and rebuild America.,https://www.nbcnews.com/politics/2020-election/full-transcript-ninth-democratic-debate-las-vegas-n1139546,https://www.presidency.ucsb.edu/documents/bloomberg-campaign-press-release-mike-bloomberg-announces-2020-democratic-presidential
f7f05c561d432dca3c0be236,race-c1bc1ffe72e97dc4e320,political_strategy,class_struggle,Bernie Sanders,Elizabeth Warren,coded_divergence,different_mechanism,"What our movement is about is bringing working-class people together, black and white and Latino, Native American, Asian American, around an agenda that works for all of us and not just the billionaire class.","We need as much help for as many people as quickly as possible and bring in as many supporters as we can. And if we don’t get it all the first time, take the win and come back into the fight to ask for more.",https://www.nbcnews.com/politics/2020-election/full-transcript-ninth-democratic-debate-las-vegas-n1139546,https://www.nbcnews.com/politics/2020-election/full-transcript-ninth-democratic-debate-las-vegas-n1139546
293e1d5beaa36f223b8735ac,race-c1bc1ffe72e97dc4e320,political_strategy,class_struggle,Bernie Sanders,John Delaney,coded_divergence,different_mechanism,"What our movement is about is bringing working-class people together, black and white and Latino, Native American, Asian American, around an agenda that works for all of us and not just the billionaire class.",I think we should be the party that keeps what’s working and fixes what’s broken.,https://www.nbcnews.com/politics/2020-election/full-transcript-ninth-democratic-debate-las-vegas-n1139546,https://www.presidency.ucsb.edu/documents/delaney-campaign-press-release-john-delaney-we-should-be-the-party-that-keeps-whats
cd697f7cb5c9437f6185d7ad,race-c1bc1ffe72e97dc4e320,political_strategy,class_struggle,Bernie Sanders,Michael Bloomberg,coded_divergence,different_mechanism,"What our movement is about is bringing working-class people together, black and white and Latino, Native American, Asian American, around an agenda that works for all of us and not just the billionaire class.",I’m running for president to defeat Donald Trump and rebuild America.,https://www.nbcnews.com/politics/2020-election/full-transcript-ninth-democratic-debate-las-vegas-n1139546,https://www.presidency.ucsb.edu/documents/bloomberg-campaign-press-release-mike-bloomberg-announces-2020-democratic-presidential
417676cb16f2ff9bffbe32d0,race-c1bc1ffe72e97dc4e320,political_strategy,class_struggle,Bernie Sanders,Tulsi Gabbard,coded_divergence,different_mechanism,"What our movement is about is bringing working-class people together, black and white and Latino, Native American, Asian American, around an agenda that works for all of us and not just the billionaire class.","As president I will bring this spirit of real patriotism to the White House, serving the interest of all Americans, not just the rich and powerful.",https://www.nbcnews.com/politics/2020-election/full-transcript-ninth-democratic-debate-las-vegas-n1139546,https://www.nbcnews.com/politics/2020-election/democratic-debate-transcript-july-31-2019-n1038016
d8f6d8439a76825bdc228333,race-707589896734489b0382,political_strategy,class_struggle,Bernie Sanders,Elizabeth Warren,coded_divergence,different_mechanism,"What our movement is about is bringing working-class people together, black and white and Latino, Native American, Asian American, around an agenda that works for all of us and not just the billionaire class.","We need as much help for as many people as quickly as possible and bring in as many supporters as we can. And if we don’t get it all the first time, take the win and come back into the fight to ask for more.",https://www.nbcnews.com/politics/2020-election/full-transcript-ninth-democratic-debate-las-vegas-n1139546,https://www.nbcnews.com/politics/2020-election/full-transcript-ninth-democratic-debate-las-vegas-n1139546
19cc65f3373b2ada745b8498,race-707589896734489b0382,political_strategy,class_struggle,Bernie Sanders,John Delaney,coded_divergence,different_mechanism,"What our movement is about is bringing working-class people together, black and white and Latino, Native American, Asian American, around an agenda that works for all of us and not just the billionaire class.",I think we should be the party that keeps what’s working and fixes what’s broken.,https://www.nbcnews.com/politics/2020-election/full-transcript-ninth-democratic-debate-las-vegas-n1139546,https://www.presidency.ucsb.edu/documents/delaney-campaign-press-release-john-delaney-we-should-be-the-party-that-keeps-whats
78c86823debe958460450145,race-707589896734489b0382,political_strategy,class_struggle,Bernie Sanders,Michael Bloomberg,coded_divergence,different_mechanism,"What our movement is about is bringing working-class people together, black and white and Latino, Native American, Asian American, around an agenda that works for all of us and not just the billionaire class.",I’m running for president to defeat Donald Trump and rebuild America.,https://www.nbcnews.com/politics/2020-election/full-transcript-ninth-democratic-debate-las-vegas-n1139546,https://www.presidency.ucsb.edu/documents/bloomberg-campaign-press-release-mike-bloomberg-announces-2020-democratic-presidential
3252e30067a232c69b717503,race-707589896734489b0382,political_strategy,class_struggle,Bernie Sanders,Tulsi Gabbard,coded_divergence,different_mechanism,"What our movement is about is bringing working-class people together, black and white and Latino, Native American, Asian American, around an agenda that works for all of us and not just the billionaire class.","As president I will bring this spirit of real patriotism to the White House, serving the interest of all Americans, not just the rich and powerful.",https://www.nbcnews.com/politics/2020-election/full-transcript-ninth-democratic-debate-las-vegas-n1139546,https://www.nbcnews.com/politics/2020-election/democratic-debate-transcript-july-31-2019-n1038016
b57473cfc6f71ddf7b8da5d0,race-0650530eb5458097dae5,healthcare,coverage_expansion,Nina Turner,Shontel Brown,coded_divergence,different_mechanism,"Poverty. I mean, it’s quality of life issues. So, picking one, I’d say quality of life issues because that gives me the runway to put a whole lot under that. So, it’s quality of life. Jobs, healthcare, crime.","With President Biden, I think we have a better, more immediate effect if we take the public option. That would get us closer to where we’d all like to be.",https://www.ideastream.org/government-politics/2021-07-29/q-a-nina-turner-on-the-race-for-ohios-11th-congressional-district,https://www.ideastream.org/government-politics/2021-07-30/q-a-shontel-brown-on-the-race-for-ohios-11th-congressional-district
5bacdb4217f494409745624c,race-9ec6691d67b9c9ad482a,political_strategy,governing,Andrea L. Crooms,McKayla Wilkes,coded_divergence,explicit_disagreement,Not Responsive At All,"I think it’s time for change. The demographics in our district are changing. We need more representatives that not only look like us, but they can relate to the everyday life that all of us are going through.",https://vopaction.org/wp-content/uploads/2024/05/House_Crooms_Andrea.pdf,https://marylandmatters.org/2023/06/15/wilkes-kicks-off-third-campaign-to-represent-southern-maryland-in-congress/
305eef05b105654bbcd83df0,race-9ec6691d67b9c9ad482a,political_strategy,governing,Andrea L. Crooms,Steny Hoyer,coded_divergence,explicit_disagreement,Not Responsive At All,I believe in the next Congress we will have a Democratic Majority that will be able to deliver for families in Maryland and across the country.,https://vopaction.org/wp-content/uploads/2024/05/House_Crooms_Andrea.pdf,https://www.hoyerforcongress.com/press-releases/im-running-re-election-defend-values-character-and-very-soul-america
f3a2bbd83bab44b7f784fc20,race-9ec6691d67b9c9ad482a,tax_budget,public_spending,Andrea L. Crooms,Quincy Bareebe,coded_divergence,different_mechanism,"I hope to support the passage of laws and policies that support local working people and families in their normal day to day lives, by bringing the investment Southern Maryland needs in our people, infrastructure, education and environment to improve our lives and those of our kids and grandkids.","As your Representative for Maryland’s 5th District, I am committed to advocating for policies that bring relief to all—tax breaks for working families, support programs for retirees",https://nb.marylandforwardparty.com/andrea_crooms,https://quincybareebe.squarespace.com/issues/cost-of-living
7c1439ad350db8bbdc504ba2,race-1222367a071612c7736a,public_safety,police_abolition,Alexa Aviles,Rodrigo G. Camarena,coded_divergence,different_mechanism,"As a city, we need to commit to defunding the NYPD budget by AT LEAST $3 billion and reinvest those funds into vital community services like school social workers, community mental health professionals, immigration services, and employment programs.",I believe we should decriminalize sex work and oppose the Nordic Model.,https://jimowles.org/news/candidate-answers-to-joldc-alexa-avils-for-city-council-district-38,https://jimowles.org/news/candidate-answers-to-joldc-rodrigo-camarena-for-city-council-district-38
84d829d9f64e52ece2dfc542,race-e25b4a06c884a6586b71,public_safety,police_abolition,Alexa Avilés,Rodrigo G. Camarena,coded_divergence,different_mechanism,We are tired of our communities being the first to face cuts while the rich get richer and the NYPD gets tanks.,I believe we should decriminalize sex work and oppose the Nordic Model.,https://indypendent.org/2021/06/sunset-park-parent-leader-vows-to-bring-social-movements-to-city-council-with-her/,https://jimowles.org/news/candidate-answers-to-joldc-rodrigo-camarena-for-city-council-district-38
0067cb698ee496847d495863,race-1222367a071612c7736a,education,public_schools,Alexa Aviles,Rodrigo G. Camarena,coded_divergence,explicit_disagreement,Mayoral control has been an abject failure for students of all ages in our city and both perpetuated and exacerbated racial and economic disparities.,The council needs to demand that the Mayor and School’s Chancellor produce a desegregation plan and put it into effect within the next decade.,https://jimowles.org/news/candidate-answers-to-joldc-alexa-avils-for-city-council-district-38,https://jimowles.org/news/candidate-answers-to-joldc-rodrigo-camarena-for-city-council-district-38
2565bc5088637d631982acbe,race-55403cc726be644d5b3b,immigration,border_policy,Katherine P. Walsh,Marcela Mitaynes,coded_divergence,different_mechanism,"I will work to protect all undocumented residents of the district and beyond by working to pass the Liberty Act, preventing ICE from entering state courts, and advocating for New York to become a sanctuary state.","I will advocate to make NY a Sanctuary State, to eliminate cooperation with ICE, and to implement sufficient legal and social services to allow our diverse immigrant communities to live in dignity and without fear.",https://jimowles.org/news/candidate-answers-to-joldc-katherine-walsh-for-ny-assembly-district-51,https://jimowles.org/news/candidate-answers-to-joldc-marcela-mitaynes-for-ny-assembly-district-51
4010d54a2c41fc1aa05d4dde,race-3beef604baf61c83ac0c,healthcare,single_payer,Jason Call,Rick Larsen,coded_divergence,different_mechanism,"I support Medicare For All which eliminates all out of pocket costs for healthcare, including dental, vision, hearing, mental health, and longterm care.","I am focused on ensuring veterans get the care they need, lowering prescription drug costs and supporting protections for pre-existing conditions.",https://voter.votewa.gov/elections/candidate.ashx?e=865&r=57371&b=0&la=en&c=99,https://voter.votewa.gov/elections/candidate.ashx?e=865&r=57371&b=0&la=en&c=99
6497052e736c443ae8fc0dac,race-3beef604baf61c83ac0c,healthcare,single_payer,Jason Call,Timothy S. Hazelo,coded_divergence,explicit_disagreement,"I support Medicare For All which eliminates all out of pocket costs for healthcare, including dental, vision, hearing, mental health, and longterm care.",Private insurance brings choice and Americans deserve the ability to choose what is best for them or their business.,https://voter.votewa.gov/elections/candidate.ashx?e=865&r=57371&b=0&la=en&c=99,https://voter.votewa.gov/elections/candidate.ashx?e=865&r=57371&b=0&la=en&c=99
6feba75b3f1f4569dc213214,race-3beef604baf61c83ac0c,climate_energy,green_new_deal,Jason Call,Kari Ilonummi,coded_divergence,different_mechanism,"I will champion the Green New Deal resolution to eliminate carbon emissions, invest in renewable, sustainable energies, and create millions of good paying jobs.","Keeping nature clean from pollutants, including the air, water and ground, are the key to a prosperous future and that is simply indisputable, yet, we absolutely, also, have to protect private property & water rights for citizens as well.",https://voter.votewa.gov/elections/candidate.ashx?e=865&r=57371&b=0&la=en&c=99,https://voter.votewa.gov/elections/candidate.ashx?e=865&r=57371&b=0&la=en&c=99
c00d3a63c58df2e9643c4dc7,race-3beef604baf61c83ac0c,climate_energy,green_new_deal,Jason Call,Rick Larsen,coded_divergence,different_mechanism,"I will champion the Green New Deal resolution to eliminate carbon emissions, invest in renewable, sustainable energies, and create millions of good paying jobs.","It is my priority to address the impacts of climate change, ensure the U.S. transitions to clean renewable energy and environmental sustainability, and protect our lands, water and wildlife.",https://voter.votewa.gov/elections/candidate.ashx?e=865&r=57371&b=0&la=en&c=99,https://voter.votewa.gov/elections/candidate.ashx?e=865&r=57371&b=0&la=en&c=99
acaf627042cb1216bac9079d,race-3beef604baf61c83ac0c,labor,job_guarantee,Jason Call,Rick Larsen,coded_divergence,different_mechanism,I support a federal jobs guarantee that provides economic security to displaced workers in the new Green economy.,"In our region, that means bringing middle class families better jobs and higher wages, and addressing the economic impact of the COVID-19 pandemic.",https://voter.votewa.gov/elections/candidate.ashx?e=865&r=57371&b=0&la=en&c=99,https://voter.votewa.gov/elections/candidate.ashx?e=865&r=57371&b=0&la=en&c=99
c1de3693a25db23fd979c53e,race-3beef604baf61c83ac0c,education,student_debt,Jason Call,Rick Larsen,coded_divergence,different_mechanism,"It’s time to eliminate homelessness, end systemic racism, cancel student debt, provide free college and vocational training, reduce military spending, and eliminate endless war.","I am committed to making it easier and more affordable for workers to go back to school, and for students to get the education they need.",https://voter.votewa.gov/elections/candidate.ashx?e=865&r=57371&b=0&la=en&c=99,https://voter.votewa.gov/elections/candidate.ashx?e=865&r=57371&b=0&la=en&c=99
068e79ea974cb5c4be40a2d1,race-3beef604baf61c83ac0c,tax_budget,public_spending,Cody Hart,Jason Call,coded_divergence,different_mechanism,"As your U.S. representative, I will be committed to ensuring all our tax dollars are used wisely, waste is eliminated, and government is held accountable.","We need to institute a wealth tax, raising the income tax rate on extreme wealth to ensure the tax burden is fair.",https://voter.votewa.gov/elections/candidate.ashx?e=865&r=57371&b=0&la=en&c=99,https://voter.votewa.gov/elections/candidate.ashx?e=865&r=57371&b=0&la=en&c=99
d8a080818a078f6ac106af61,race-2d77a10e3b62e9f5ec19,housing,public_housing,Donavan McKinney,Shri Thanedar,coded_divergence,different_mechanism,"I support a national homes guarantee that would give every Michigander safe, sustainable, and permanently affordable housing.","For families struggling to pay rent, first-time homebuyers trying to break into the market, and Americans watching housing costs rise higher and higher, there is nothing minor about housing affordability.",https://www.donavanforcongress.com/priorities,https://thanedar.house.gov/media/press-releases/congressman-shri-thanedar-condemns-trump-for-putting-attacks-on-voting-rights-over-bipartisan-housing-solutions
198ba5376202c243c9979144,race-2d77a10e3b62e9f5ec19,healthcare,single_payer,Donavan McKinney,Shri Thanedar,coded_divergence,different_mechanism,"As a former leader within SEIU Healthcare Michigan, I know our families cannot afford anything less than Medicare for All, which would ensure everyone in this country has healthcare — no matter their employment status, zip code, race, gender, sexuality, or disability.","My bill seeks to reduce health disparities and improve health outcomes to underserved, geographic areas.",https://www.donavanforcongress.com/priorities,https://thanedar.house.gov/media/press-releases/congressman-shri-thanedar-introduces-legislation-to-improve-health-disparities
5e9ae27e7ee59ad2ee2048bd,race-271730fa96966d7953eb,healthcare,single_payer,Bernie Sanders,Elizabeth Warren,coded_divergence,different_mechanism,guarantee health care to all people as a human right,Health care is a crisis in this country.,https://www.nbcnews.com/politics/2020-election/full-transcript-ninth-democratic-debate-las-vegas-n1139546,https://www.nbcnews.com/politics/2020-election/full-transcript-ninth-democratic-debate-las-vegas-n1139546
d8fc85cbe5a26340be325be8,race-271730fa96966d7953eb,healthcare,single_payer,Bernie Sanders,Joseph R Biden,coded_divergence,different_mechanism,guarantee health care to all people as a human right,"That is to go and add to Obamacare, provide a public option, a Medicare-like option.",https://www.nbcnews.com/politics/2020-election/full-transcript-ninth-democratic-debate-las-vegas-n1139546,https://www.nbcnews.com/politics/2020-election/full-transcript-ninth-democratic-debate-las-vegas-n1139546
a5e3670f2eacffdc0d639db7,race-271730fa96966d7953eb,political_strategy,class_struggle,Bernie Sanders,Elizabeth Warren,coded_divergence,different_mechanism,"What our movement is about is bringing working-class people together, black and white and Latino, Native American, Asian American, around an agenda that works for all of us and not just the billionaire class.","We need as much help for as many people as quickly as possible and bring in as many supporters as we can. And if we don’t get it all the first time, take the win and come back into the fight to ask for more.",https://www.nbcnews.com/politics/2020-election/full-transcript-ninth-democratic-debate-las-vegas-n1139546,https://www.nbcnews.com/politics/2020-election/full-transcript-ninth-democratic-debate-las-vegas-n1139546
b1eca68fca4a04c07f8f9351,race-271730fa96966d7953eb,political_strategy,class_struggle,Bernie Sanders,Tulsi Gabbard,coded_divergence,different_mechanism,"What our movement is about is bringing working-class people together, black and white and Latino, Native American, Asian American, around an agenda that works for all of us and not just the billionaire class.","As president I will bring this spirit of real patriotism to the White House, serving the interest of all Americans, not just the rich and powerful.",https://www.nbcnews.com/politics/2020-election/full-transcript-ninth-democratic-debate-las-vegas-n1139546,https://www.nbcnews.com/politics/2020-election/democratic-debate-transcript-july-31-2019-n1038016
8c85026d67c75d185b11aca3,race-9d82dba19c1d7ed773d0,climate_energy,green_new_deal,Kurt Schrader,Mark F Gamba,coded_divergence,explicit_disagreement,not very well thought through.,"It’s a jobs program, right?",https://www.opb.org/news/article/oregon-congressional-dristrict-5-election-kurt-schrader-mark-gamba/,https://www.opb.org/news/article/oregon-congressional-dristrict-5-election-kurt-schrader-mark-gamba/
c57c4409ea5c48ab233c2cc9,race-4d9a31842f64c5c123e4,housing,public_housing,Lynn Marie Nephew,Miranda Pacheco,coded_divergence,different_mechanism,We need housing. Housing is currently stifling our economic development.,I support projects that support mixed-income housing and initiatives that will increase homeownership for all Duluthians.,https://archive.org/details/League_of_Women_Voters_of_Duluth_-_City_Council_At-Large_Primary_Forum_2023,https://archive.org/details/Meet_the_Candidates_-_Miranda_Pacheco_-_Duluth_City_Council_At-Large_Candidate
f8c7f4d871013ec098805854,race-4d9a31842f64c5c123e4,housing,homeownership,Miranda Pacheco,Therese Wisocki,coded_divergence,different_mechanism,I support projects that support mixed-income housing and initiatives that will increase homeownership for all Duluthians.,"I think that we need to go through our processes of zoning and permitting and see where the roadblocks are and what is causing such cumbersome, lengthy processes.",https://archive.org/details/Meet_the_Candidates_-_Miranda_Pacheco_-_Duluth_City_Council_At-Large_Candidate,https://archive.org/details/League_of_Women_Voters_of_Duluth_-_City_Council_At-Large_Primary_Forum_2023
6898e5c742929eb448939d68,race-4d9a31842f64c5c123e4,political_strategy,governing,Arik Forsman,Miranda Pacheco,coded_divergence,different_mechanism,"Rather than walk away, I ran right toward the issue and was part of co-chairing a task force that has led to Spirit Mountain being profitable the last two years.","I believe we need more working-class people representing Duluthians, and I believe more working-class people are needed on city council.",https://archive.org/details/League_of_Women_Voters_of_Duluth_-_City_Council_At-Large_Primary_Forum_2023,https://archive.org/details/League_of_Women_Voters_of_Duluth_-_City_Council_At-Large_Primary_Forum_2023
c3f9a1683c5120f8eb84a1de,race-4d9a31842f64c5c123e4,political_strategy,governing,Asher Estrin-Haire,Miranda Pacheco,coded_divergence,explicit_disagreement,"Year after year, the complaints are the same: roads, snow removal, housing, property taxes, homelessness, and downtown in crisis. But the city focus is zeroed in on tourism and developers.","I believe we need more working-class people representing Duluthians, and I believe more working-class people are needed on city council.",https://archive.org/details/League_of_Women_Voters_of_Duluth_-_City_Council_At-Large_Primary_Forum_2023,https://archive.org/details/League_of_Women_Voters_of_Duluth_-_City_Council_At-Large_Primary_Forum_2023
77e82748b30ba73b6c3ccf42,race-4d9a31842f64c5c123e4,political_strategy,governing,Ashlie Castaldo,Miranda Pacheco,coded_divergence,different_mechanism,"I'm running on a platform of housing affordability and security, government transparency and accountability, and investing in our families and communities.","I believe we need more working-class people representing Duluthians, and I believe more working-class people are needed on city council.",https://archive.org/details/League_of_Women_Voters_of_Duluth_-_City_Council_At-Large_Primary_Forum_2023,https://archive.org/details/League_of_Women_Voters_of_Duluth_-_City_Council_At-Large_Primary_Forum_2023
440e64b4d5081465a576263e,race-4d9a31842f64c5c123e4,political_strategy,class_struggle,Miranda Pacheco,Shawn A. Savela,coded_divergence,different_mechanism,"I believe we need more working-class people representing Duluthians, and I believe more working-class people are needed on city council.","I think we need more voices like that, that have some business experience and life experience, having grown up here.",https://archive.org/details/League_of_Women_Voters_of_Duluth_-_City_Council_At-Large_Primary_Forum_2023,https://archive.org/details/League_of_Women_Voters_of_Duluth_-_City_Council_At-Large_Primary_Forum_2023
ce55491c10462c4f258e554e,race-b3391a7e7677cdca4f09,civil_rights,racial_justice,Maria Brenes,Rocío Rivas,coded_divergence,different_mechanism,My goal would be to develop policy and an LAUSD budget rooted in racial justice.,"Addressing the challenges that special education families and schools face is essential to focus on, such as completion of IEPs, follow-through for provision of services and sufficient funding.",https://www.laschoolreport.com/meet-the-lausd-school-board-candidates-maria-brenes-is-running-to-develop-policy-and-an-lausd-budget-rooted-in-racial-justice/,https://www.laschoolreport.com/meet-the-lausd-school-board-candidates-rocio-rivas-is-running-because-she-is-deeply-passionate-about-public-education/
ae7e1da4b8ca6094d697fb2f,race-66a798375c1e65a7cd63,public_safety,police_reform,Cheryl Hayes,Dana Kelley,coded_divergence,different_mechanism,I would also propose that the district contract more Violence Free Zone Teams for schools in the 4th district.,"Once elected I will advocate, fight and shout for less policing and more social programs like ROTC, Music, Arts, Mental Health Professionals, Student Clubs and even a Student Union for MPS.",https://milwaukeenns.org/mps-board-of-directors-candidate-cheryl-hayes/,https://milwaukeenns.org/mps-board-of-directors-candidate-dana-kelley/
88d6a8586848ebb64776dba3,race-57e2d6b0e33ba222fd92,housing,zoning,Kendra Hicks,Mary Tamer,coded_divergence,different_mechanism,We need a housing plan that’s going to be based on our residents’ actual needs.,We have to do what we can to make lending more available.,https://jamaicaplaingazette.com/2021/05/14/district-6-candidates-respond-to-questions-in-forum-hosted-by-jp-progressives-naacp-boston/,https://jamaicaplaingazette.com/2021/05/14/district-6-candidates-respond-to-questions-in-forum-hosted-by-jp-progressives-naacp-boston/
9d4bd36bf67ce74935c3ab11,race-ea5afd75c9af396451a4,climate_energy,emissions,Andrew Yang,Bernard Sanders,coded_divergence,explicit_disagreement,The first step to any action on climate change is to rejoin the Paris Accords so that we have the moral authority and allies in order to fight the existential threat that is climate change.,have the guts to take on the fossil fuel industry,https://www.cfr.org/articles/andrew-yang,https://www.nbcnews.com/politics/2020-election/full-transcript-ninth-democratic-debate-las-vegas-n1139546
90ab2cd0643d57ccaf3f86a8,race-ea5afd75c9af396451a4,climate_energy,fossil_fuels,Bernard Sanders,Michael F. Bennet,coded_divergence,explicit_disagreement,have the guts to take on the fossil fuel industry,Climate change is a global crisis that we must confront now.,https://www.nbcnews.com/politics/2020-election/full-transcript-ninth-democratic-debate-las-vegas-n1139546,https://www.presidency.ucsb.edu/documents/bennet-campaign-press-release-michael-bennet-unveils-americas-climate-change-plan-achieve
ecb935f9a0e1d1936a47d612,race-ea5afd75c9af396451a4,climate_energy,fossil_fuels,Bernard Sanders,Michael R. Bloomberg,coded_divergence,explicit_disagreement,have the guts to take on the fossil fuel industry,"If you’re president, the first thing you do the first day is you rejoin the Paris Agreement.",https://www.nbcnews.com/politics/2020-election/full-transcript-ninth-democratic-debate-las-vegas-n1139546,https://www.nbcnews.com/politics/2020-election/full-transcript-ninth-democratic-debate-las-vegas-n1139546
a68164759d4e40825ee38e0f,race-ea5afd75c9af396451a4,climate_energy,fossil_fuels,Bernard Sanders,Peter M. P. Buttigieg,coded_divergence,explicit_disagreement,have the guts to take on the fossil fuel industry,"We aspire to make our society a net-zero emissions one no later than 2050, working aggressively toward immediate targets.",https://www.nbcnews.com/politics/2020-election/full-transcript-ninth-democratic-debate-las-vegas-n1139546,https://www.democracyinaction.us/2020/buttigieg/buttigiegpolicy090419climate.html
8972cbde6e7e3031924d8fb3,race-ea5afd75c9af396451a4,climate_energy,fossil_fuels,Bernard Sanders,Thomas Steyer,coded_divergence,explicit_disagreement,have the guts to take on the fossil fuel industry,"On day one of my presidency, I will declare the climate crisis a national emergency.",https://www.nbcnews.com/politics/2020-election/full-transcript-ninth-democratic-debate-las-vegas-n1139546,https://web.archive.org/web/20201024082200/https://2020.tomsteyer.com/climate-justice/
827e31e44088586cc3de160a,race-ea5afd75c9af396451a4,labor,job_guarantee,Andrew Yang,Bernard Sanders,coded_divergence,different_mechanism,"We already automated away millions of manufacturing jobs, and chances are your job can be next.",raise that minimum wage to a living wage of $15 bucks an hour,https://www.nbcnews.com/politics/2020-election/democratic-debate-transcript-july-31-2019-n1038016,https://www.nbcnews.com/politics/2020-election/full-transcript-ninth-democratic-debate-las-vegas-n1139546
0942dacc45903c291c1beabb,race-ea5afd75c9af396451a4,labor,wages,Bernard Sanders,Cory A. Booker,coded_divergence,different_mechanism,raise that minimum wage to a living wage of $15 bucks an hour,"He showed me how, when workers stick together, injustices can be corrected and real progress can be made.",https://www.nbcnews.com/politics/2020-election/full-transcript-ninth-democratic-debate-las-vegas-n1139546,https://www.democracyinaction.us/2020/booker/bookerpolicy091819workers.html
952ce179184491420f38a83b,race-ea5afd75c9af396451a4,labor,wages,Bernard Sanders,Peter M. P. Buttigieg,coded_divergence,different_mechanism,raise that minimum wage to a living wage of $15 bucks an hour,"End “right-to-work” laws, which ban union security in collective bargaining.",https://www.nbcnews.com/politics/2020-election/full-transcript-ninth-democratic-debate-las-vegas-n1139546,https://www.democracyinaction.us/2020/buttigieg/buttigiegpolicy072619workers.html
fe746c695d1e46b0ed45a24e,race-bd0a707d919d98a6334c,labor,union_rights,Omar Fateh,Shaun Laden,coded_divergence,different_mechanism,"As a democratic socialist, I know that a robust labor movement is central to achieving progressive change. I stand with my fellow workers as we fight for a living wage, paid sick/safe leave, parental leave, and more.",We have historic agreements that have significantly raised pay for education support professionals.,https://web.archive.org/web/20220129065657/https://omarfateh.org/labor.html,https://sahanjournal.com/democracy-politics/shaun-laden-omar-fateh-minnesota-senate-elections/
e5d65bc28e15d5f5e5914287,race-aa5003c070b361f1e672,public_safety,prison_abolition,Sara Taliaferro,Shannon Portillo,coded_divergence,explicit_disagreement,We’re not doing enough to divert people on a more restorative path that doesn’t take them to jail in the first place.,All the research and evidence says that’s not the right thing for our community.,https://www2.ljworld.com/news/county-government/2020/jul/19/candidate-profile-sara-taliaferro-wants-to-bring-thorough-problem-solving-to-douglas-county-commission/,https://www2.ljworld.com/news/county-government/2020/jul/19/candidate-profile-shannon-portillo-touts-her-criminal-justice-scholarship-for-douglas-county-commission-role/
1aa7f95a8e2b656b1f1f8f38,race-bdb8e4340ea9b3a4ff66,public_safety,sentencing,Charles E. Branson,Cooper Overstreet,coded_divergence,explicit_disagreement,"In general, a restorative justice program is a program based in the community that brings offenders, their victims and the community together to collaborate on how the offender can best be held accountable for their actions and repair the harm that their behavior has caused.","We see all too often that we have a lot of good folks in our jail who are there simply because they can’t afford to buy their way out, and our criminal justice system will only function and only be a mechanism for good if it’s not used to punish poverty.",https://www2.ljworld.com/news/public-safety/2020/may/01/incumbent-dgco-da-experience-leadership-needed-change/,https://www2.ljworld.com/news/public-safety/2020/apr/20/overstreet-fairness-transparency-missing-dgco-criminal-justice/
98b727eb68b7e3f79d804977,race-bdb8e4340ea9b3a4ff66,public_safety,sentencing,Cooper Overstreet,Suzanne Valdez,coded_divergence,explicit_disagreement,"We see all too often that we have a lot of good folks in our jail who are there simply because they can’t afford to buy their way out, and our criminal justice system will only function and only be a mechanism for good if it’s not used to punish poverty.","It’s to protect defendants, because we have all the power, we have all the resources.",https://www2.ljworld.com/news/public-safety/2020/apr/20/overstreet-fairness-transparency-missing-dgco-criminal-justice/,https://www2.ljworld.com/news/public-safety/2020/apr/21/valdez-dgco-da-lacks-leadership-clear-policies/
2c8091647532a110651eb76b,race-bdb8e4340ea9b3a4ff66,political_strategy,governing,Charles E. Branson,Cooper Overstreet,coded_divergence,explicit_disagreement,We have achieved more in the last three years than most jurisdictions try to achieve during somebody’s term.,"You make decisions that can affect people’s lives forever and that can fundamentally alter their lives, and so not having a transparent open and accountable leader in our district attorney’s office has been a fundamental issue.",https://www2.ljworld.com/news/public-safety/2020/may/01/incumbent-dgco-da-experience-leadership-needed-change/,https://www2.ljworld.com/news/public-safety/2020/apr/20/overstreet-fairness-transparency-missing-dgco-criminal-justice/
5948c8d2bbc199d2daee5329,race-707589896734489b0382,labor,job_guarantee,Andrew Yang,Bernie Sanders,coded_divergence,different_mechanism,"We already automated away millions of manufacturing jobs, and chances are your job can be next.",I have a 30-year 100 percent pro-union voting record.,https://www.nbcnews.com/politics/2020-election/democratic-debate-transcript-july-31-2019-n1038016,https://www.nbcnews.com/politics/2020-election/full-transcript-ninth-democratic-debate-las-vegas-n1139546
ea83a452b88d6bc80e736c1a,race-707589896734489b0382,labor,union_rights,Bernie Sanders,Cory Booker,coded_divergence,different_mechanism,I have a 30-year 100 percent pro-union voting record.,"Cory is an original cosponsor of the Raise the Wage Act and would fight for a fair minimum wage of $15 an hour for all workers by ending the subminimum wage for workers with disabilities, youth workers, and tipped workers- which disproportionately impacts women and people of color.",https://www.nbcnews.com/politics/2020-election/full-transcript-ninth-democratic-debate-las-vegas-n1139546,https://www.democracyinaction.us/2020/booker/bookerpolicy091819workers.html
0166c64b6b1cde6bfd7e30a3,race-707589896734489b0382,labor,union_rights,Bernie Sanders,Michael Bennet,coded_divergence,different_mechanism,I have a 30-year 100 percent pro-union voting record.,Require federal contractors and subcontractors involved in this effort to pay their employees the local prevailing wage.,https://www.nbcnews.com/politics/2020-election/full-transcript-ninth-democratic-debate-las-vegas-n1139546,https://www.presidency.ucsb.edu/documents/bennet-campaign-press-release-michael-bennet-unveils-americas-climate-change-plan-achieve
d1fb94a145fb23a321e58d08,race-707589896734489b0382,labor,union_rights,Bernie Sanders,Pete Buttigieg,coded_divergence,different_mechanism,I have a 30-year 100 percent pro-union voting record.,Raise the federal minimum wage to $15 per hour and indexing to wage growth.,https://www.nbcnews.com/politics/2020-election/full-transcript-ninth-democratic-debate-las-vegas-n1139546,https://www.democracyinaction.us/2020/buttigieg/buttigiegpolicy072619workers.html
599e3b40cab58d188cb4b678,race-c1bc1ffe72e97dc4e320,labor,job_guarantee,Andrew Yang,Bernie Sanders,coded_divergence,different_mechanism,"We already automated away millions of manufacturing jobs, and chances are your job can be next.",I have a 30-year 100 percent pro-union voting record.,https://www.nbcnews.com/politics/2020-election/democratic-debate-transcript-july-31-2019-n1038016,https://www.nbcnews.com/politics/2020-election/full-transcript-ninth-democratic-debate-las-vegas-n1139546
3dbd005a3bdc7bd040522031,race-c1bc1ffe72e97dc4e320,labor,union_rights,Bernie Sanders,Cory Booker,coded_divergence,different_mechanism,I have a 30-year 100 percent pro-union voting record.,"Cory is an original cosponsor of the Raise the Wage Act and would fight for a fair minimum wage of $15 an hour for all workers by ending the subminimum wage for workers with disabilities, youth workers, and tipped workers- which disproportionately impacts women and people of color.",https://www.nbcnews.com/politics/2020-election/full-transcript-ninth-democratic-debate-las-vegas-n1139546,https://www.democracyinaction.us/2020/booker/bookerpolicy091819workers.html
be04fa6ae6cec13aad6fbf2d,race-c1bc1ffe72e97dc4e320,labor,union_rights,Bernie Sanders,Michael Bennet,coded_divergence,different_mechanism,I have a 30-year 100 percent pro-union voting record.,Require federal contractors and subcontractors involved in this effort to pay their employees the local prevailing wage.,https://www.nbcnews.com/politics/2020-election/full-transcript-ninth-democratic-debate-las-vegas-n1139546,https://www.presidency.ucsb.edu/documents/bennet-campaign-press-release-michael-bennet-unveils-americas-climate-change-plan-achieve
318e45ca8f26651266c3d530,race-c1bc1ffe72e97dc4e320,labor,union_rights,Bernie Sanders,Pete Buttigieg,coded_divergence,different_mechanism,I have a 30-year 100 percent pro-union voting record.,Raise the federal minimum wage to $15 per hour and indexing to wage growth.,https://www.nbcnews.com/politics/2020-election/full-transcript-ninth-democratic-debate-las-vegas-n1139546,https://www.democracyinaction.us/2020/buttigieg/buttigiegpolicy072619workers.html
a6f0815e378766c796197b8c,race-59cb9c967710a43533d3,climate_energy,emissions,Anna C. Hansen,Veronica Krupnick,coded_divergence,explicit_disagreement,I’ll be a driving force in the Senate that guarantees our state starts addressing climate change and a just transition.,I see oil and gas corporations in New Mexico as being harmful and detrimental to our future.,https://www.santafenewmexican.com/news/local_news/senate-district-24-candidate-questionnaires/article_a27f2fdc-072f-11ef-badf-3315133e8d9b.html,https://www.yuccaaction.org/veronicakrupnick
786c2d1b2da8d360bcfb1849,race-431f8b55628db7cfe4be,climate_energy,transit,Logan Endow,Reginald Benbow,coded_divergence,different_mechanism,I am adamantly against widening highways and I fully support a moratorium on road/highway widening. We need to be investing in mass transit infrastructure not doubling down on our dependency on cars.,"I oppose the expansion of the Capital Beltway, toll lanes on I-270, widening the American Legion Bridge, and creating a third Chesapeake Bay Bridge (replacing the older span, I would support). We need to wean ourselves off fossil fuels and reduce emissions.",https://www.bikemore.net/ibiv2022-endow,https://www.bikemore.net/ibiv2022-benbow1
b794d6105184e33632a765fb,race-bac785822c8a53b0ea8e,education,public_schools,Raaheela Ahmed,Ron Watson,coded_divergence,different_mechanism,Fully funding our public schools so every student has the resources they need to succeed,"To date I have awarded over $470,000 in scholarships to students attending a Maryland College, University, or Trade School.",https://www.raaheela.com/issues.html,https://www.ronformaryland.com/
c146ff8e9ade8a7a98ce594f,race-95a691a9cb8491b42328,healthcare,public_option,Ala Stanford,Chris Rabb,coded_divergence,different_mechanism,"I will fight to empower Medicare to negotiate drug prices directly, cap out-of-pocket costs, and push hard for a public option.","Medicare For All is the only way we can achieve universal healthcare and, once and for all, ensure every working family in our communities has the healthcare they need.",https://www.cityandstatepa.com/politics/2026/05/candidate-questionnaire-ala-stanford/413461/,https://www.cityandstatepa.com/politics/2026/05/candidate-questionnaire-chris-rabb/413545/
d6b86065e98171fee72a6d64,race-95a691a9cb8491b42328,healthcare,single_payer,Chris Rabb,Sharif Street,coded_divergence,different_mechanism,"Medicare For All is the only way we can achieve universal healthcare and, once and for all, ensure every working family in our communities has the healthcare they need.","Today, Sharif and his wife are still in North Philadelphia. He’s a father of five, and grandfather of six — fighting to make his neighbors’ lives better by delivering affordable health care, lower prices, and safer streets to families who are struggling to make ends meet and being forced to choose between paying the rent or putting food on the table.",https://www.cityandstatepa.com/politics/2026/05/candidate-questionnaire-chris-rabb/413545/,https://streetforus.com/
e06b0038f8a4370b057b9690,race-fd97e89a58d56d7d9494,housing,zoning,Dana Eugene Gassaway,Josie Caballero,coded_divergence,different_mechanism,"I would support the reclassification of certain low use industrial areas to be used for potentially new housing areas. I would also support allowing certain homes, based on the amount of land to build additional living spaces.",I will build more public housing to guarantee that we make new housing stock more affordable.,https://www.montgomery4all.org/dana-e-gassaway-2026,https://montgomeryperspective.com/2026/06/16/county-council-at-large-questionnaire-three-things-to-make-the-county-more-affordable/
4be22f89a8b9d6ca02eec0ac,race-fd97e89a58d56d7d9494,housing,rent_control,Jim McNulty,Josie Caballero,coded_divergence,explicit_disagreement,"I would pursue repealing rent control while maintaining code enforcement, mediation, and tenant protections.",I will build more public housing to guarantee that we make new housing stock more affordable.,https://www.montgomery4all.org/jim-mcnulty-2026,https://montgomeryperspective.com/2026/06/16/county-council-at-large-questionnaire-three-things-to-make-the-county-more-affordable/
7d43503ce775a1e0e529db61,race-fd97e89a58d56d7d9494,housing,public_housing,Josie Caballero,Karla Silvestre,coded_divergence,different_mechanism,I will build more public housing to guarantee that we make new housing stock more affordable.,"I support expanding housing options—including duplexes, triplexes, townhomes and small apartment buildings—particularly near transit, along major corridors, and in activity centers where infrastructure can support growth.",https://montgomeryperspective.com/2026/06/16/county-council-at-large-questionnaire-three-things-to-make-the-county-more-affordable/,https://www.montgomery4all.org/karla-silvestre-2026
8d4c8c2f0c0e8e7120a7b0f0,race-fd97e89a58d56d7d9494,housing,public_housing,Josie Caballero,Laurie-Anne Sayles,coded_divergence,different_mechanism,I will build more public housing to guarantee that we make new housing stock more affordable.,"I will prioritize expanding and preserving affordable housing. That means strengthening tools to prevent displacement, investing in preservation of existing affordable units, and supporting mixed-income development so working families have real housing options across the county.",https://montgomeryperspective.com/2026/06/16/county-council-at-large-questionnaire-three-things-to-make-the-county-more-affordable/,https://montgomeryperspective.com/2026/06/16/county-council-at-large-questionnaire-three-things-to-make-the-county-more-affordable/
e9d75d8f0fbe97a351076b5c,race-fd97e89a58d56d7d9494,housing,public_housing,Josie Caballero,Marc Elrich,coded_divergence,different_mechanism,I will build more public housing to guarantee that we make new housing stock more affordable.,I put over $100 million a year into affordable housing and signed countywide rent stabilization into law.,https://montgomeryperspective.com/2026/06/16/county-council-at-large-questionnaire-three-things-to-make-the-county-more-affordable/,https://www.montgomery4all.org/marc-elrich-2026
320a88f16245df9e28d720a2,race-fd97e89a58d56d7d9494,housing,public_housing,Josie Caballero,Matt Losak,coded_divergence,different_mechanism,I will build more public housing to guarantee that we make new housing stock more affordable.,"I will continue to support advancing renters' rights, investing public dollars to increase a diversity of housing production in locations zoned for it, especially in urban and transit hubs, and improve government efficiency for both housing production and enforcement against landlord abuse of renters' rights to safe, quality, habitable homes.",https://montgomeryperspective.com/2026/06/16/county-council-at-large-questionnaire-three-things-to-make-the-county-more-affordable/,https://patch.com/maryland/rockville/election-2026-matt-losak-explains-why-hes-running-office
3c2f9139ffd077ad86f9236b,race-fd97e89a58d56d7d9494,housing,public_housing,Josie Caballero,Radwan Chowdhury,coded_divergence,different_mechanism,I will build more public housing to guarantee that we make new housing stock more affordable.,"First, expand housing supply and affordability through zoning reform, transit-oriented development, and increased use of public land for mixed-income housing.",https://montgomeryperspective.com/2026/06/16/county-council-at-large-questionnaire-three-things-to-make-the-county-more-affordable/,https://montgomeryperspective.com/2026/05/30/county-council-at-large-questionnaire-three-things-you-would-like-to-accomplish/
cb2281e9f70afff21031268e,race-fd97e89a58d56d7d9494,housing,public_housing,Josie Caballero,Scott Evan Goldberg,coded_divergence,different_mechanism,I will build more public housing to guarantee that we make new housing stock more affordable.,"The housing crisis needs to be confronted with a corrrespondingly strong response. On the Council, I would prepare legislation that tackles every single aspect of housing to make it more efficient and less costly.",https://montgomeryperspective.com/2026/06/16/county-council-at-large-questionnaire-three-things-to-make-the-county-more-affordable/,https://www.montgomery4all.org/scott-evan-goldberg-2026
3f6fcb49f68568eeb2c8b2fd,race-fd97e89a58d56d7d9494,housing,public_housing,Josie Caballero,Steve Solomon,coded_divergence,different_mechanism,I will build more public housing to guarantee that we make new housing stock more affordable.,"Supply doesn’t meet demand, causing prices to go up.",https://montgomeryperspective.com/2026/06/16/county-council-at-large-questionnaire-three-things-to-make-the-county-more-affordable/,https://www.montgomery4all.org/steve-solomon-2026
ea86ddd17c36db2892f07c7b,race-fd97e89a58d56d7d9494,housing,public_housing,Josie Caballero,Vicki Vergagni,coded_divergence,different_mechanism,I will build more public housing to guarantee that we make new housing stock more affordable.,"Affordable homeownership that comes in a variety of options, provides a safety net for old age and creates legacy wealth.",https://montgomeryperspective.com/2026/06/16/county-council-at-large-questionnaire-three-things-to-make-the-county-more-affordable/,https://montgomeryperspective.com/2026/05/30/county-council-at-large-questionnaire-three-things-you-would-like-to-accomplish/
8e3689d23f4448daf2f3bf22,race-d8835fb9366a2e5d54c7,climate_energy,emissions,Gabriel Acevero,George Lluberes,coded_divergence,different_mechanism,I do not support the establishment of additional data centers in Maryland.,"Yes. Public transportation is an important way to expand opportunity and affordability. It reduces traffic, connects us to essential services, and gets us to work and school. Expanding reliable bus service, off-peak MARC trains, and safe walking and biking options will make our communities better.",https://marylandmatters.org/voter-guides/contests/district-39-democratic-primary/,https://marylandmatters.org/voter-guides/contests/district-39-democratic-primary/
e8f13bfaa059062e02070444,race-d8835fb9366a2e5d54c7,climate_energy,emissions,Gabriel Acevero,Lesley J. Lopez,coded_divergence,explicit_disagreement,I do not support the establishment of additional data centers in Maryland.,"I’m deeply skeptical of unchecked expansion. Data centers unfortunately prioritize corporate profit while straining our resources, like clean water and electricity.",https://marylandmatters.org/voter-guides/contests/district-39-democratic-primary/,https://marylandmatters.org/voter-guides/contests/district-39-democratic-primary/
de83854c6f9fa96bca2b8b00,race-d8835fb9366a2e5d54c7,climate_energy,emissions,Gabriel Acevero,Robert T. Wu,coded_divergence,different_mechanism,I do not support the establishment of additional data centers in Maryland.,"We should focus on improving the efficiency of the power grid and responsibly expanding green energy, such as wind and solar.",https://marylandmatters.org/voter-guides/contests/district-39-democratic-primary/,https://marylandmatters.org/voter-guides/contests/district-39-democratic-primary/
52d8e9238b5e67a97495addf,race-d8835fb9366a2e5d54c7,immigration,abolish_ice,Gabriel Acevero,George Lluberes,coded_divergence,different_mechanism,"I have worked to support and protect immigrant communities by expanding healthcare coverage for undocumented immigrants, ending local law enforcement cooperation with ICE by prohibiting 287(g) agreements and expanding access to counsel for immigrants in detention.","I will work to expand legal defense, language access, and ensure immigrant families have a real voice.",https://marylandmatters.org/voter-guides/contests/district-39-democratic-primary/,https://marylandmatters.org/voter-guides/contests/district-39-democratic-primary/
bdda14fb3b51fc1f8a023c35,race-769f83762ec3df2d24a4,housing,tenant_rights,Hanadi Nadeem,Shaun Navarro,coded_divergence,different_mechanism,"Hanadi is ready to support and push legislation that will lower the cost of housing, and protect renters from landlords who seek to overcharge them and force them to pay rental fees.","Homes should belong to families, not corporations.",https://hanadinadeem.com/issues,https://nevadacurrent.com/2026/03/18/las-vegas-democratic-socialists-aim-to-put-people-over-profits-in-assembly-primaries/
b53d68de49d342176ae3c1bf,race-1d2c5471b666d1dfee92,housing,rent_control,Lauren Jewett,Steve Scalise,coded_divergence,different_mechanism,"Provide rent control options, tenant protections such as right to counsel, and increased oversight and accountability for unethical landlords.",this is a bill that will lower housing costs. It will become law.,https://www.laurenjewett.com/issues/affordable-housing,https://scalise.house.gov/press-releases/scalise-house-republicans-are-lowering-costs-strengthening-security-and-protecting-election-integrity
fe66d6b5e5951bb6526bb979,race-1d2c5471b666d1dfee92,tax_budget,wealth_tax,Lauren Jewett,Steve Scalise,coded_divergence,explicit_disagreement,Enact wealth taxes on wealthiest individuals and corporations to ensure that working class people have access to public goods and infrastructure in their communities,"Keeping taxes low, keeping regulations low, getting government off the backs of working families, producing more energy in America, which lowers costs.",https://www.laurenjewett.com/issues/modern-economy,https://scalise.house.gov/press-releases/scalise-house-republicans-offer-a-clear-contrast-on-freedom-security-and-affordability
78ee36f87c4944568dce1f84,race-63fdf2a3a376c0513ea3,tax_budget,income_tax,Johny Alberg,Rebecca Parson,coded_divergence,explicit_disagreement,not being taxed out of our homes,We should have bailed out the taxpayers instead of the banks and the major corporations. We need to embrace a Keynesian model of economics instead of the austerity that the political elites have been championing.,https://voter.votewa.gov/genericvoterguide.aspx?e=865&c=99,https://www.theurbanist.org/rebecca-parson-2020-questionnaire/
6b86af708c86c88b1e8d3073,race-2d10d6bfeefa457261b9,public_safety,police_reform,Camila Lagow,Michael Westgaard,coded_divergence,explicit_disagreement,"Currently serving on the Renton Civil Service Commission, I collaborate with our Renton Police Department to improve services, training, and accountability.",The war on drugs has failed.,https://cdn.kingcounty.gov/-/media/king-county/depts/elections/how-to-vote/voters-pamphlets/2023/08/edition-1.pdf,https://cdn.kingcounty.gov/-/media/king-county/depts/elections/how-to-vote/voters-pamphlets/2023/08/edition-1.pdf
a86876fec07211de461ce3b3,race-2d10d6bfeefa457261b9,public_safety,police_reform,Michael Westgaard,Steven Vargas,coded_divergence,explicit_disagreement,The war on drugs has failed.,"address crime, enhance public safety",https://cdn.kingcounty.gov/-/media/king-county/depts/elections/how-to-vote/voters-pamphlets/2023/08/edition-1.pdf,https://cdn.kingcounty.gov/-/media/king-county/depts/elections/how-to-vote/voters-pamphlets/2023/08/edition-1.pdf?rev=4da2e5dd18064d3b8b438bbfed0afcfb&hash=A1CB2A0172AD99C147E7F8A18F652D14
cfdac9f6a3ba961533c30384,race-2d10d6bfeefa457261b9,housing,public_housing,Michael Westgaard,Steven Vargas,coded_divergence,different_mechanism,"We can expand treatment options, build housing, and serve people in need by addressing issues with compassion.",work to improve housing affordability,https://cdn.kingcounty.gov/-/media/king-county/depts/elections/how-to-vote/voters-pamphlets/2023/08/edition-1.pdf,https://cdn.kingcounty.gov/-/media/king-county/depts/elections/how-to-vote/voters-pamphlets/2023/08/edition-1.pdf?rev=4da2e5dd18064d3b8b438bbfed0afcfb&hash=A1CB2A0172AD99C147E7F8A18F652D14
ca77f3274572334d031be240,race-aed8879df9fbc709db76,labor,job_guarantee,Andrew Yang,Bernie Sanders,coded_divergence,different_mechanism,"We already automated away millions of manufacturing jobs, and chances are your job can be next.",raise that minimum wage to a living wage of $15 bucks an hour,https://www.nbcnews.com/politics/2020-election/democratic-debate-transcript-july-31-2019-n1038016,https://www.nbcnews.com/politics/2020-election/full-transcript-ninth-democratic-debate-las-vegas-n1139546
e9055f3813b0909ced32bfff,race-c3b021b27cd1f9089be2,labor,job_guarantee,Andrew Yang,Bernie Sanders,coded_divergence,different_mechanism,"We already automated away millions of manufacturing jobs, and chances are your job can be next.",raise that minimum wage to a living wage of $15 bucks an hour,https://www.nbcnews.com/politics/2020-election/democratic-debate-transcript-july-31-2019-n1038016,https://www.nbcnews.com/politics/2020-election/full-transcript-ninth-democratic-debate-las-vegas-n1139546
1089d2d913ee8e9313db9b32,race-73071b15a1c4c8d1ee8f,labor,job_guarantee,Andrew Yang,Bernie Sanders,coded_divergence,different_mechanism,"We already automated away millions of manufacturing jobs, and chances are your job can be next.",raise that minimum wage to a living wage of $15 bucks an hour,https://www.nbcnews.com/politics/2020-election/democratic-debate-transcript-july-31-2019-n1038016,https://www.nbcnews.com/politics/2020-election/full-transcript-ninth-democratic-debate-las-vegas-n1139546
510f48ac6a26bc6e38802ff0,race-980dc8b6fade3efe9c74,labor,job_guarantee,Andrew Yang,Bernie Sanders,coded_divergence,different_mechanism,"We already automated away millions of manufacturing jobs, and chances are your job can be next.",raise that minimum wage to a living wage of $15 bucks an hour,https://www.nbcnews.com/politics/2020-election/democratic-debate-transcript-july-31-2019-n1038016,https://www.nbcnews.com/politics/2020-election/full-transcript-ninth-democratic-debate-las-vegas-n1139546
93defd45dea790bbe4ef1e09,race-e14b65c050d5e86544bd,political_strategy,movement_building,Ananda Mirilli,TJ Mertz,coded_divergence,different_mechanism,"When people feel a sense of belonging and part of community, they will protect and honor that community","Address economic inequality via living wages, affordable housing, universal healthcare, enhanced earned income credits, fairer tax policies, union supporting legislation instead of union destroying legislation, economic development investments to benefit the many and not the few….",https://madisoncommons.org/ananda-mirilli/,https://schoolinfosystem.org/e/2019/Mertz-Questionnaire.pdf
2791127c7ccc1c909a038183,race-e14b65c050d5e86544bd,education,public_schools,Ananda Mirilli,TJ Mertz,coded_divergence,explicit_disagreement,Community schools are a great example of a collaborative approach to addressing systemic inequities.,"I recently voted in favor of renewing Nuestro Mundo’s charter, but as a general rule do not favor charters.",https://www.fitchburgstar.com/archives/ananda-mirilli/article_ee7eba8d-9de7-538d-a86d-cd19396531b5.html,https://schoolinfosystem.org/e/2019/Mertz-Questionnaire.pdf
479e7acd1fccc1105c610f22,race-e14b65c050d5e86544bd,public_safety,police_reform,Ananda Mirilli,TJ Mertz,coded_divergence,explicit_disagreement,Research shows that the presence of police in schools does not increase student safety and does increase the likelihood that students will end up connected to the criminal justice system.,"I believe the best way to protect our students from undue criminalization is to have some of those officers be familiar with our schools, students, and staff; trained according the recommendations of the committee, subject to a district oversight committee, and bound by a contract.",https://www.fitchburgstar.com/archives/ananda-mirilli/article_ee7eba8d-9de7-538d-a86d-cd19396531b5.html,https://schoolinfosystem.org/e/2019/Mertz-Questionnaire.pdf
1c6d8773f222b3cf128890fe,race-04edaf6b921af5fb05b3,education,public_schools,Jeanelle Austin,Omar Fateh,coded_divergence,different_mechanism,Investing in the education of our youth means investing in our neighborhoods.,passed the Northstar Promise to give tuition-free college for working families,https://jeanelleforthepeople.com/,https://www.fatehfor62.com/
ff514062eeff9f39ed6d7634,race-73ab9dfc740e7a921829,climate_energy,emissions,Christopher Taylor,Yousef Rabhi,coded_divergence,different_mechanism,"During my tenure, we have increased Ann Arbor’s Climate Action Budget from $200,000 to $11,000,000/year, creating the Office of Sustainability and Innovation and the entire A2Zero program.",It has been my unwavering belief that the only way to truly hold them accountable is to take our power back and pass the Ann Arbor for Public Power proposal.,https://www.taylorforannarbor.com/,https://annarborpublicpower.org/2026-candidate-scorecard/mayor
1f0d39e3a4a917573d1f6f89,race-7887f598f39fd35231f5,political_strategy,class_struggle,Chris Gilmer-Hill,Helena Scott,coded_divergence,different_mechanism,"I’m running to fight to lower costs and empower and support working people in our communities, workplaces, schools.","I promise to continue to deliver the leadership our district and state needs, by working tirelessly to improve your quality of life and protect our Democratic values.",https://web.archive.org/web/20260803021652id_/https://www.chrisgilmerhill.com/,https://reelecthelenascott.com/
e1c21cc15223414494b437ce,race-e380dcac34b2bd829dd4,political_strategy,movement_building,Amy Rondel,Patrick A. McLean,coded_divergence,different_mechanism,We can choose to build the kind of city we want to become.,"Council can, with the city administration, make sure these organizations have the tools and resources to do their work in the community.",https://amyrondel.com/,https://patrickmcleanypsilanti.org/
2861d6c20acf02fb3ad6e4d6,race-4203a44e4268ffb9f421,political_strategy,democratic_party,Byron Nolen,Rashida Tlaib,coded_divergence,explicit_disagreement,"After Biden withdrew, Tlaib did not reconsider her position","We’re demanding an economy that puts everyday people first, not billionaires and greedy corporations.",https://arabamericannews.com/2026/03/27/inkster-mayor-byron-nolen-challenges-u-s-rep-rashida-tlaib-in-michigans-12th-district-primary/,https://rashidaforcongress.com/blog/2026/01/28/we-just-launched-our-2026-re-election-campaign/
50cb0721089802b136e7fe55,race-7887f598f39fd35231f5,housing,public_housing,Chris Gilmer-Hill,Fedor Kinaya,coded_divergence,different_mechanism,"Address the housing affordability crisis by supporting badly-needed protections for tenants across our state and backing funding for new housing everywhere, including expanded social and publicly-owned housing options for every income level.",Protect renters from unfair and excessive rent increases,https://www.chrisgilmerhill.com/,https://www.kinayaformichigan.com/
a6af894bd2663b3176a0d744,race-7887f598f39fd35231f5,healthcare,single_payer,Chris Gilmer-Hill,Fedor Kinaya,coded_divergence,different_mechanism,"Tackle our healthcare and auto insurance disasters by vocally support legislation to enact a single-payer system in Michigan, working to expand dental, hearing, and vision care, and ban insurance companies from using AI to deny your coverage",Protecting and expanding Medicaid access,https://www.chrisgilmerhill.com/,https://www.kinayaformichigan.com/
e6f4ea1f86f94418bc8816c2,race-7887f598f39fd35231f5,education,public_schools,Chris Gilmer-Hill,Fedor Kinaya,coded_divergence,different_mechanism,Prioritize real investments in our public schools that give every child in our state the quality education they deserve.,Universal pre-K and early childhood education,https://www.chrisgilmerhill.com/,https://www.kinayaformichigan.com/
2bba0029335ede3161083755,race-3b2b88f146005f2e7e13,climate_energy,emissions,Aidan Sova,Dave Zeglen,coded_divergence,explicit_disagreement,I will refuse to consider any data center proposal that does not operate within a framework prioritizing our community’s resources over corporate convenience.,"If we’re paying millions and millions of dollars to DTE, and we’re not getting services or responsiveness back or transparency, we can reinvest that through our revenue bonds, pay it off in 20 to 30 years, and have a revenue-generating utility like Lansing does.",https://www.michigandaily.com/news/ann-arbor/dave-zeglen-aidan-sova-ann-arbor-ward-4/,https://www.michigandaily.com/news/ann-arbor/dave-zeglen-aidan-sova-ann-arbor-ward-4/
312779611fecea3bae05cef4,race-3b2b88f146005f2e7e13,labor,wages,Aidan Sova,Dave Zeglen,coded_divergence,different_mechanism,"My approach on Council will always center on mutual respect and transparent communication, ensuring our hard-working public servants are fairly compensated while maintaining strict fiscal responsibility over our taxpayer dollars.",The city spends a lot of money on outside consultants and private contractors — that is not going back to city workers.,https://www.michigandaily.com/news/ann-arbor/dave-zeglen-aidan-sova-ann-arbor-ward-4/,https://www.michigandaily.com/news/ann-arbor/dave-zeglen-aidan-sova-ann-arbor-ward-4/
da5049d0cb7e15f3caa6705c,race-963c37b83b359ddc79cb,housing,rent_control,Amber Fellows,Nicole A. Brown,coded_divergence,different_mechanism,"Our path includes allowing more building types, reforming zoning, creating a revolving-loan fund and bond revenue for affordable housing, overturning the rent control ban, establishing a Tenant Right of First Refusal, and building a permanent low-barrier shelter.","The goal is to create more projects, like Dorsey Estates, by building more housing, so that we have mixed income and market rate housing, as well as more affordable units.",https://amber4thepeople.com/,https://www.wemu.org/wemu-news/2026-07-23/august-primary-race-for-mayor-of-ypsilanti-nicole-brown
12c116be4f881a42a77b0263,race-963c37b83b359ddc79cb,climate_energy,public_energy,Amber Fellows,Nicole A. Brown,coded_divergence,explicit_disagreement,"We can reduce financial stress while building a sustainable future by investing in green infrastructure, renewable public power, and transit.","I don’t want to see a data center in Ypsilanti Township or anywhere near Ypsi, and our residents don’t either.",https://amber4thepeople.com/,https://www.wemu.org/wemu-news/2026-07-23/august-primary-race-for-mayor-of-ypsilanti-nicole-brown
847f5e85bd023beee7708f1c,race-4dbcc4bbfc94a2eab707,housing,public_housing,Daniel Carlino,Jennifer Savage,coded_divergence,different_mechanism,"I’m running for City Council to take urgent action to ensure every Missoulian has access to affordable, secure housing.","The implementation of Our Missoula, the city’s new development code, has the potential to be a gamechanger when it comes to leveling the playing field for Missoula’s neighborhoods.",https://www.carlino2025.com/about,https://www.ballotready.org/people/jennifer-savage
4ba0698cf297cd21803cace6,race-4dbcc4bbfc94a2eab707,climate_energy,transit,Daniel Carlino,Jennifer Savage,coded_divergence,different_mechanism,"On City Council, I have pushed for allowing mixed use neighborhoods to allow for amenities within our neighborhoods, making it easier to walk to a coffee shop, gym, local bakery, and other places that we like to go to in our daily lives.",Climate change is the issue of our time.,https://www.carlino2025.com/issues,https://www.ballotready.org/people/jennifer-savage
e4a92c35978ed6afa392993a,race-e17ce052c9a9edfe68f6,immigration,citizenship,Chris Wilhelm,Hans Riemer,coded_divergence,explicit_disagreement,The County Council must do everything in its power to provide material support for the creation of a deportation legal defense network in Montgomery County.,"I will continue to oppose taking on responsibility for immigration enforcement, which damages community trust with police and makes all residents less safe.",https://www.latinomontgomerydems.org/wp-content/uploads/2018/04/Wilhelm-Questionnaire-2.23.pdf,https://www.latinomontgomerydems.org/wp-content/uploads/2018/04/Riemer-Questionnaire-2.22.pdf
5c80942dd4ee210a7b0c8048,race-e17ce052c9a9edfe68f6,immigration,citizenship,Chris Wilhelm,"Tom R. Falcinelli, Jr.",coded_divergence,explicit_disagreement,The County Council must do everything in its power to provide material support for the creation of a deportation legal defense network in Montgomery County.,"The council is presently considering wasting $374,000 to provide free attorneys to assist people here illegally with their deportation defense.",https://www.latinomontgomerydems.org/wp-content/uploads/2018/04/Wilhelm-Questionnaire-2.23.pdf,https://bethesdamagazine.com/2018/02/13/montgomery-county-council-at-large-four-seats/
ce797b31fe8c5377af7ffab2,race-e17ce052c9a9edfe68f6,immigration,citizenship,Chris Wilhelm,Will Jawando,coded_divergence,explicit_disagreement,The County Council must do everything in its power to provide material support for the creation of a deportation legal defense network in Montgomery County.,Local police should not be enforcing federal immigration law.,https://www.latinomontgomerydems.org/wp-content/uploads/2018/04/Wilhelm-Questionnaire-2.23.pdf,https://www.latinomontgomerydems.org/wp-content/uploads/2018/04/Jawando-Questionnaire-2.23.pdf
799322afe99df19cde15967f,race-e17ce052c9a9edfe68f6,education,childcare,Bill Conway,Chris Wilhelm,coded_divergence,different_mechanism,One of my biggest policy priorities is to implement comprehensive pre-K education in Montgomery County.,I launched my campaign in May 2017 with a petition calling on Montgomery County and Maryland to make community college tuition-free.,https://www.latinomontgomerydems.org/wp-content/uploads/2018/04/Conway-Questionnaire-2.23.pdf,https://www.latinomontgomerydems.org/wp-content/uploads/2018/04/Wilhelm-Questionnaire-2.23.pdf
e45d76af846631eb07462923,race-e17ce052c9a9edfe68f6,education,free_college,Brandy H. M. Brooks,Chris Wilhelm,coded_divergence,different_mechanism,I want to see Montgomery County follow the example of Garrett County and make Montgomery College free for residents.,"If we can afford a $100 million estate tax cut for multi millionaires like the one that passed in 2014, we can afford to fund childcare.",https://d3n8a8pro7vhmx.cloudfront.net/progressivemaryland/pages/1991/attachments/original/1525715122/B._Brooks.pdf,https://www.latinomontgomerydems.org/wp-content/uploads/2018/04/Wilhelm-Questionnaire-2.23.pdf
03967cdb171d4c8c9c6443e7,race-e17ce052c9a9edfe68f6,education,public_schools,Cherri L. Branson,Chris Wilhelm,coded_divergence,different_mechanism,"In addition to assuring funding for these efforts, elected officials can use their ""bully pulpit"" to promote these efforts and encourage private sector participation and support.","If we can afford a $100 million estate tax cut for multi millionaires like the one that passed in 2014, we can afford to fund childcare.",https://mocofoodcouncil.org/wp-content/uploads/2018/05/CC-AL-Branson.pdf,https://www.latinomontgomerydems.org/wp-content/uploads/2018/04/Wilhelm-Questionnaire-2.23.pdf
b092b49ea19890b955fd0edf,race-e17ce052c9a9edfe68f6,education,free_college,Chris Wilhelm,Danielle Meitiv,coded_divergence,different_mechanism,I launched my campaign in May 2017 with a petition calling on Montgomery County and Maryland to make community college tuition-free.,"We need to increase child care subsidies, and ensure that all of our children can get quality pre-k education, regardless of their parents’ income.",https://www.latinomontgomerydems.org/wp-content/uploads/2018/04/Wilhelm-Questionnaire-2.23.pdf,https://www.latinomontgomerydems.org/wp-content/uploads/2018/04/Meitiv-Questionnaire-2.23.pdf
4208da9dc020d45ae5de9633,race-e17ce052c9a9edfe68f6,education,childcare,Chris Wilhelm,Evan Glass,coded_divergence,different_mechanism,"If we can afford a $100 million estate tax cut for multi millionaires like the one that passed in 2014, we can afford to fund childcare.",I am committed to bringing equity to the cluster.,https://www.latinomontgomerydems.org/wp-content/uploads/2018/04/Wilhelm-Questionnaire-2.23.pdf,https://www.mocoalliance.org/uploads/4/8/8/6/48867647/glass_2018.pdf
8b5bf4d82918f14fb8f165a6,race-e17ce052c9a9edfe68f6,education,free_college,Chris Wilhelm,Graciela Rivera-Oven,coded_divergence,different_mechanism,I launched my campaign in May 2017 with a petition calling on Montgomery County and Maryland to make community college tuition-free.,We must do better to expand access to early childhood education.,https://www.latinomontgomerydems.org/wp-content/uploads/2018/04/Wilhelm-Questionnaire-2.23.pdf,https://www.latinomontgomerydems.org/wp-content/uploads/2018/04/Rivera-Oven-Questionnaire-3.3.pdf
a7f8028d27317573557f1394,race-e17ce052c9a9edfe68f6,education,free_college,Chris Wilhelm,Hans Riemer,coded_divergence,different_mechanism,I launched my campaign in May 2017 with a petition calling on Montgomery County and Maryland to make community college tuition-free.,Improving educational opportunities by targeting the achievement gap and expanding pre-k for low income families,https://www.latinomontgomerydems.org/wp-content/uploads/2018/04/Wilhelm-Questionnaire-2.23.pdf,https://www.latinomontgomerydems.org/wp-content/uploads/2018/04/Riemer-Questionnaire-2.22.pdf
14d466e134d855cb20184463,race-e17ce052c9a9edfe68f6,education,free_college,Chris Wilhelm,Hoan Dang,coded_divergence,different_mechanism,I launched my campaign in May 2017 with a petition calling on Montgomery County and Maryland to make community college tuition-free.,We need to close the “opportunity gap” by ensuring that universal pre-k becomes a reality in MoCo and by expanding ESOL programs in public schools.,https://www.latinomontgomerydems.org/wp-content/uploads/2018/04/Wilhelm-Questionnaire-2.23.pdf,https://www.latinomontgomerydems.org/wp-content/uploads/2018/04/Dang-Questionnaire-2.23.pdf
70bc95a086955d40fe302c66,race-e17ce052c9a9edfe68f6,education,free_college,Chris Wilhelm,Jill Ortman Fouse,coded_divergence,different_mechanism,I launched my campaign in May 2017 with a petition calling on Montgomery County and Maryland to make community college tuition-free.,I support universal access to early childhood education for ages 0-5.,https://www.latinomontgomerydems.org/wp-content/uploads/2018/04/Wilhelm-Questionnaire-2.23.pdf,https://www.latinomontgomerydems.org/wp-content/uploads/2018/04/Ortman-Fouse-Questionnaire-4.2-1.pdf
08878f64c6702e4cb8c2b03b,race-e17ce052c9a9edfe68f6,education,free_college,Chris Wilhelm,Michele Riley,coded_divergence,different_mechanism,I launched my campaign in May 2017 with a petition calling on Montgomery County and Maryland to make community college tuition-free.,We need to implement Universal Pre-K in Montgomery County.,https://www.latinomontgomerydems.org/wp-content/uploads/2018/04/Wilhelm-Questionnaire-2.23.pdf,https://www.latinomontgomerydems.org/wp-content/uploads/2018/04/Riley-Questionnaire-2.23.pdf
5eae8d31e10cb116297988a6,race-e17ce052c9a9edfe68f6,education,childcare,Chris Wilhelm,Mohammad Siddique,coded_divergence,different_mechanism,"If we can afford a $100 million estate tax cut for multi millionaires like the one that passed in 2014, we can afford to fund childcare.",Educating county residents on healthy diets and ensuring our schools provide healthy lunches,https://www.latinomontgomerydems.org/wp-content/uploads/2018/04/Wilhelm-Questionnaire-2.23.pdf,https://mocofoodcouncil.org/wp-content/uploads/2018/05/CC-AL-Siddique.pdf
28e92bb2c888c0fca500d901,race-e17ce052c9a9edfe68f6,education,childcare,Chris Wilhelm,Neil H. Greenberger,coded_divergence,different_mechanism,"If we can afford a $100 million estate tax cut for multi millionaires like the one that passed in 2014, we can afford to fund childcare.",Our schools must expand their course loads to include more that show agriculture as a future business courses that will lead to students taking agricultural majors in college.,https://www.latinomontgomerydems.org/wp-content/uploads/2018/04/Wilhelm-Questionnaire-2.23.pdf,https://www.mocoalliance.org/uploads/4/8/8/6/48867647/greenberger_2018.pdf
ea35518c895bab0b61425f13,race-e17ce052c9a9edfe68f6,education,free_college,Chris Wilhelm,Paul S. Geller,coded_divergence,different_mechanism,I launched my campaign in May 2017 with a petition calling on Montgomery County and Maryland to make community college tuition-free.,"Growing businesses here means people would have shorter commutes, less road congestion, and greater revenue for initiatives like universal pre-K.",https://www.latinomontgomerydems.org/wp-content/uploads/2018/04/Wilhelm-Questionnaire-2.23.pdf,https://bethesdamagazine.com/2018/02/13/montgomery-county-council-at-large-four-seats/
32a9e5b383f498399e758445,race-e17ce052c9a9edfe68f6,education,childcare,Chris Wilhelm,Rosemary O. Arkoian,coded_divergence,different_mechanism,"If we can afford a $100 million estate tax cut for multi millionaires like the one that passed in 2014, we can afford to fund childcare.","I’d help all students achieve their full potential by hiring dedicated, competent, caring teachers and by bringing magnet/choice programs to Upcounty, as are in Downcounty.",https://www.latinomontgomerydems.org/wp-content/uploads/2018/04/Wilhelm-Questionnaire-2.23.pdf,https://bethesdamagazine.com/2018/02/13/montgomery-county-council-at-large-four-seats/
cb390c1494c81d9036e3aa98,race-e17ce052c9a9edfe68f6,education,childcare,Chris Wilhelm,Seth Grimes,coded_divergence,different_mechanism,"If we can afford a $100 million estate tax cut for multi millionaires like the one that passed in 2014, we can afford to fund childcare.",Residents and businesses are looking for leaders who will build the school capacity we lack and create the transportation solutions we need.,https://www.latinomontgomerydems.org/wp-content/uploads/2018/04/Wilhelm-Questionnaire-2.23.pdf,https://www.connectionnewspapers.com/news/2018/jun/19/running-montgomery-county-council-large/
78db456db299ef6cfbe3c412,race-e17ce052c9a9edfe68f6,education,childcare,Chris Wilhelm,Shruti Bhatnagar,coded_divergence,different_mechanism,"If we can afford a $100 million estate tax cut for multi millionaires like the one that passed in 2014, we can afford to fund childcare.",Champion trade schools and free community college access to provide technical skills that improve the school to work transition for our youth.,https://www.latinomontgomerydems.org/wp-content/uploads/2018/04/Wilhelm-Questionnaire-2.23.pdf,https://www.latinomontgomerydems.org/wp-content/uploads/2018/04/Bhatnagar-Questionnaire-2.24.pdf
e7f86d7631e03900c52e21e8,race-e17ce052c9a9edfe68f6,education,free_college,Chris Wilhelm,Will Jawando,coded_divergence,different_mechanism,I launched my campaign in May 2017 with a petition calling on Montgomery County and Maryland to make community college tuition-free.,"We must increase subsidies so our working families can place their children in safe, trained care centers, and we must increase the number and accessibility of child care centers in the county.",https://www.latinomontgomerydems.org/wp-content/uploads/2018/04/Wilhelm-Questionnaire-2.23.pdf,https://www.latinomontgomerydems.org/wp-content/uploads/2018/04/Jawando-Questionnaire-2.23.pdf
26b50a956affa2868499ac22,race-71a7cdf5a6e739f65b82,housing,homeownership,Aida Flores,Byron Sigcho-Lopez,coded_divergence,different_mechanism,Implementing a community land trust model is one innovative idea that could play a role in reversing disinvestment on the South and West sides of Chicago.,We support the Chicago Housing Authority keeping their promise to rebuild all the public housing units taken down decades ago that have yet to be rebuilt.,https://www.chicagotribune.com/2023/02/07/2023-chicago-aldermanic-candidates-answer-tribune-questionnaire-aida-flores/,https://news.wttw.com/elections/voters-guide/2023/Byron-Sigcho-Lopez
6a8bf211b39f9e07ce1fdcf7,race-e17ce052c9a9edfe68f6,tax_budget,income_tax,Charles Barkley,Chris Wilhelm,coded_divergence,explicit_disagreement,"The last time the County raised the property taxes and recordation tax, they did so without really sitting down and talking to the affected parties.","Food security is a critical issue in Montgomery County, and I will fund and support the continued implementation of the Food Security Plan if elected.",https://bethesdamagazine.com/2018/02/13/montgomery-county-council-at-large-four-seats/,https://mocofoodcouncil.org/wp-content/uploads/2018/05/CC-AL-Wilhelm-1-1.pdf
581a3534c95b1e323d5e6dd1,race-e17ce052c9a9edfe68f6,tax_budget,public_spending,Chris Wilhelm,Jarrett Smith,coded_divergence,explicit_disagreement,"Food security is a critical issue in Montgomery County, and I will fund and support the continued implementation of the Food Security Plan if elected.",I feel that the Recordation and Property Tax increase should have never taken place.,https://mocofoodcouncil.org/wp-content/uploads/2018/05/CC-AL-Wilhelm-1-1.pdf,https://bethesdamagazine.com/2018/02/13/montgomery-county-council-at-large-four-seats/
e2ddb1d863aedb282cd06374,race-e17ce052c9a9edfe68f6,tax_budget,public_spending,Chris Wilhelm,Jill Ortman Fouse,coded_divergence,different_mechanism,"Food security is a critical issue in Montgomery County, and I will fund and support the continued implementation of the Food Security Plan if elected.",We can create a more progressive tax structure so small businesses are less impacted.,https://mocofoodcouncil.org/wp-content/uploads/2018/05/CC-AL-Wilhelm-1-1.pdf,https://www.latinomontgomerydems.org/wp-content/uploads/2018/04/Ortman-Fouse-Questionnaire-4.2-1.pdf
4e0e897935bad87c13ef1abd,race-e17ce052c9a9edfe68f6,tax_budget,public_spending,Chris Wilhelm,Marilyn Balcombe,coded_divergence,explicit_disagreement,"Food security is a critical issue in Montgomery County, and I will fund and support the continued implementation of the Food Security Plan if elected.",We need to increase our revenue without increasing taxes.,https://mocofoodcouncil.org/wp-content/uploads/2018/05/CC-AL-Wilhelm-1-1.pdf,https://bethesdamagazine.com/2018/02/13/montgomery-county-council-at-large-four-seats/
fc4673896ba58e1fcb9012b6,race-e17ce052c9a9edfe68f6,tax_budget,public_spending,Chris Wilhelm,"Tom R. Falcinelli, Jr.",coded_divergence,explicit_disagreement,"Food security is a critical issue in Montgomery County, and I will fund and support the continued implementation of the Food Security Plan if elected.",I will vote no to any tax increase — end of story.,https://mocofoodcouncil.org/wp-content/uploads/2018/05/CC-AL-Wilhelm-1-1.pdf,https://bethesdamagazine.com/2018/02/13/montgomery-county-council-at-large-four-seats/
7ad836e9c82d3be5d940dc11,race-e17ce052c9a9edfe68f6,economic_ownership,economic_planning,Charles Barkley,Chris Wilhelm,coded_divergence,different_mechanism,The most important issue is economic development and job growth.,Montgomery County should open its own composting facility so that we can handle the capacity that would come with door-to-door composting pick-up.,https://bethesdamagazine.com/2018/02/13/montgomery-county-council-at-large-four-seats/,https://mocofoodcouncil.org/wp-content/uploads/2018/05/CC-AL-Wilhelm-1-1.pdf
48d2c59640cb22fbf575514a,race-e17ce052c9a9edfe68f6,economic_ownership,regulation,Cherri L. Branson,Chris Wilhelm,coded_divergence,different_mechanism,I will continue efforts to preserve farm land and support efforts to expand programs to buy and consume locally produced foods and encourage institutional purchasers (government and private) to “buy local”.,Montgomery County should open its own composting facility so that we can handle the capacity that would come with door-to-door composting pick-up.,https://mocofoodcouncil.org/wp-content/uploads/2018/05/CC-AL-Branson.pdf,https://mocofoodcouncil.org/wp-content/uploads/2018/05/CC-AL-Wilhelm-1-1.pdf
0e596dd312ceb4ca4917f94d,race-e17ce052c9a9edfe68f6,economic_ownership,public_ownership,Chris Wilhelm,Danielle Meitiv,coded_divergence,different_mechanism,Montgomery County should open its own composting facility so that we can handle the capacity that would come with door-to-door composting pick-up.,I’d like to develop small business incubator programs to help Latino community start and expand their businesses.,https://mocofoodcouncil.org/wp-content/uploads/2018/05/CC-AL-Wilhelm-1-1.pdf,https://www.latinomontgomerydems.org/wp-content/uploads/2018/04/Meitiv-Questionnaire-2.23.pdf
6789227aa23087a8992137ac,race-e17ce052c9a9edfe68f6,economic_ownership,public_ownership,Chris Wilhelm,Hoan Dang,coded_divergence,different_mechanism,Montgomery County should open its own composting facility so that we can handle the capacity that would come with door-to-door composting pick-up.,I would support and engage our Latino business owners by making it easier for these businesses to navigate our County’s bureaucracy when it comes to granting permits and regulations.,https://mocofoodcouncil.org/wp-content/uploads/2018/05/CC-AL-Wilhelm-1-1.pdf,https://www.latinomontgomerydems.org/wp-content/uploads/2018/04/Dang-Questionnaire-2.23.pdf
cae387b5f7af7c06f85564ba,race-e17ce052c9a9edfe68f6,economic_ownership,public_ownership,Chris Wilhelm,Jarrett Smith,coded_divergence,different_mechanism,Montgomery County should open its own composting facility so that we can handle the capacity that would come with door-to-door composting pick-up.,My economic stimulus plan will come from tax revenue generated by business growth.,https://mocofoodcouncil.org/wp-content/uploads/2018/05/CC-AL-Wilhelm-1-1.pdf,https://bethesdamagazine.com/2018/02/13/montgomery-county-council-at-large-four-seats/
fb1d05750a6e00be488e2757,race-e17ce052c9a9edfe68f6,economic_ownership,public_ownership,Chris Wilhelm,Jill Ortman Fouse,coded_divergence,different_mechanism,Montgomery County should open its own composting facility so that we can handle the capacity that would come with door-to-door composting pick-up.,We must have a full regulation review to streamline permitting and the cost of doing business in Montgomery.,https://mocofoodcouncil.org/wp-content/uploads/2018/05/CC-AL-Wilhelm-1-1.pdf,https://www.latinomontgomerydems.org/wp-content/uploads/2018/04/Ortman-Fouse-Questionnaire-4.2-1.pdf
5c6f83d17daf8d549abc2eb8,race-e17ce052c9a9edfe68f6,economic_ownership,public_ownership,Chris Wilhelm,Loretta Jean Garcia,coded_divergence,different_mechanism,Montgomery County should open its own composting facility so that we can handle the capacity that would come with door-to-door composting pick-up.,"I would encourage planning that favors development projects that reserve a portion of space for small, neighborhood-serving businesses.",https://mocofoodcouncil.org/wp-content/uploads/2018/05/CC-AL-Wilhelm-1-1.pdf,https://www.latinomontgomerydems.org/wp-content/uploads/2018/04/Garcia-Questionnaire-2.23.pdf
ad7cf89ed2670364db49d212,race-e17ce052c9a9edfe68f6,economic_ownership,public_ownership,Chris Wilhelm,Marilyn Balcombe,coded_divergence,different_mechanism,Montgomery County should open its own composting facility so that we can handle the capacity that would come with door-to-door composting pick-up.,"I will continue to attract new business, expand existing business, and create a culture where new businesses can thrive.",https://mocofoodcouncil.org/wp-content/uploads/2018/05/CC-AL-Wilhelm-1-1.pdf,https://bethesdamagazine.com/2018/02/13/montgomery-county-council-at-large-four-seats/
e8638e1c0c83e996cf7f9c54,race-e17ce052c9a9edfe68f6,economic_ownership,public_ownership,Chris Wilhelm,Melissa McKenna,coded_divergence,different_mechanism,Montgomery County should open its own composting facility so that we can handle the capacity that would come with door-to-door composting pick-up.,"I would love the creation of a real Circular Economy, which I believe with engagement from all sectors is doable in a relatively short amount of time.",https://mocofoodcouncil.org/wp-content/uploads/2018/05/CC-AL-Wilhelm-1-1.pdf,https://www.mocoalliance.org/uploads/4/8/8/6/48867647/mckenna_2018.pdf
46f9b49d45d2a15a5e677a7d,race-e17ce052c9a9edfe68f6,economic_ownership,public_ownership,Chris Wilhelm,Michele Riley,coded_divergence,explicit_disagreement,Montgomery County should open its own composting facility so that we can handle the capacity that would come with door-to-door composting pick-up.,"I will work to eliminate unnecessary regulations and streamline approval processes that all business owners, Latino and other, must go through in order to launch their businesses.",https://mocofoodcouncil.org/wp-content/uploads/2018/05/CC-AL-Wilhelm-1-1.pdf,https://www.latinomontgomerydems.org/wp-content/uploads/2018/04/Riley-Questionnaire-2.23.pdf
25ee5b2eb628882dfebc4d7a,race-e17ce052c9a9edfe68f6,economic_ownership,public_ownership,Chris Wilhelm,Mohammad Siddique,coded_divergence,different_mechanism,Montgomery County should open its own composting facility so that we can handle the capacity that would come with door-to-door composting pick-up.,"I support the product, distribution and consumption of natural and sustainable food in our County.",https://mocofoodcouncil.org/wp-content/uploads/2018/05/CC-AL-Wilhelm-1-1.pdf,https://mocofoodcouncil.org/wp-content/uploads/2018/05/CC-AL-Siddique.pdf
8377b89728762ada8f4ec222,race-e17ce052c9a9edfe68f6,economic_ownership,public_ownership,Chris Wilhelm,Paul S. Geller,coded_divergence,different_mechanism,Montgomery County should open its own composting facility so that we can handle the capacity that would come with door-to-door composting pick-up.,"We must grow our tax base by encouraging businesses to grow, move, or start here.",https://mocofoodcouncil.org/wp-content/uploads/2018/05/CC-AL-Wilhelm-1-1.pdf,https://bethesdamagazine.com/2018/02/13/montgomery-county-council-at-large-four-seats/
e82a63206ea2415a0eb096dc,race-e17ce052c9a9edfe68f6,economic_ownership,public_ownership,Chris Wilhelm,Rosemary O. Arkoian,coded_divergence,different_mechanism,Montgomery County should open its own composting facility so that we can handle the capacity that would come with door-to-door composting pick-up.,"I’d market Montgomery County as a welcoming place for all businesses, small and large, to come here. Cut red tape for new businesses.",https://mocofoodcouncil.org/wp-content/uploads/2018/05/CC-AL-Wilhelm-1-1.pdf,https://bethesdamagazine.com/2018/02/13/montgomery-county-council-at-large-four-seats/
0dc1c193fdafa5cd3033e9d1,race-e17ce052c9a9edfe68f6,economic_ownership,public_ownership,Chris Wilhelm,Shruti Bhatnagar,coded_divergence,different_mechanism,Montgomery County should open its own composting facility so that we can handle the capacity that would come with door-to-door composting pick-up.,I want to simplify the process involved in starting a business and provide support services that will help small businesses.,https://mocofoodcouncil.org/wp-content/uploads/2018/05/CC-AL-Wilhelm-1-1.pdf,https://www.latinomontgomerydems.org/wp-content/uploads/2018/04/Bhatnagar-Questionnaire-2.24.pdf
b5e698e888a0295659f4fcd9,race-e17ce052c9a9edfe68f6,economic_ownership,public_ownership,Chris Wilhelm,"Tom R. Falcinelli, Jr.",coded_divergence,explicit_disagreement,Montgomery County should open its own composting facility so that we can handle the capacity that would come with door-to-door composting pick-up.,I will work to ease the anti-business mentality of the council; focus on infrastructure; manage growth responsibly.,https://mocofoodcouncil.org/wp-content/uploads/2018/05/CC-AL-Wilhelm-1-1.pdf,https://bethesdamagazine.com/2018/02/13/montgomery-county-council-at-large-four-seats/
83b0f15c3cafebafaaee5cae,race-e17ce052c9a9edfe68f6,economic_ownership,public_ownership,Chris Wilhelm,Will Jawando,coded_divergence,different_mechanism,Montgomery County should open its own composting facility so that we can handle the capacity that would come with door-to-door composting pick-up.,"We can do that by increasing the reach and scope of our small business loan program, increasing resources and staff for the Business Navigator’s Office, and streamlining our county’s business registration, permitting and licensing process.",https://mocofoodcouncil.org/wp-content/uploads/2018/05/CC-AL-Wilhelm-1-1.pdf,https://www.latinomontgomerydems.org/wp-content/uploads/2018/04/Jawando-Questionnaire-2.23.pdf
4611a287c714f81457800461,race-e17ce052c9a9edfe68f6,climate_energy,transit,Ashwani Jain,Chris Wilhelm,coded_divergence,explicit_disagreement,This includes those programs that have the most immediate effects on reducing congestion and pollution (like the BRT and CCT).,"The Dickerson Trash Incinerator is an environmental catastrophe, and should be closed as quickly as possible.",https://www.mocoalliance.org/uploads/4/8/8/6/48867647/jain_2018.pdf,https://mocofoodcouncil.org/wp-content/uploads/2018/05/CC-AL-Wilhelm-1-1.pdf
99244ea588c7f9a6a0b4f0a9,race-e17ce052c9a9edfe68f6,climate_energy,emissions,Cherri L. Branson,Chris Wilhelm,coded_divergence,explicit_disagreement,The County should consider distribution of composting bins to every household--in the same way recycling bins are distributed.,"The Dickerson Trash Incinerator is an environmental catastrophe, and should be closed as quickly as possible.",https://mocofoodcouncil.org/wp-content/uploads/2018/05/CC-AL-Branson.pdf,https://mocofoodcouncil.org/wp-content/uploads/2018/05/CC-AL-Wilhelm-1-1.pdf
106bd61ede9ebd3c94a95d18,race-e17ce052c9a9edfe68f6,climate_energy,emissions,Chris Wilhelm,Craig Carozza-Caviness,coded_divergence,explicit_disagreement,"The Dickerson Trash Incinerator is an environmental catastrophe, and should be closed as quickly as possible.","My priorities are clean water, clean air, clean energy, and continuing the ban on fracking.",https://mocofoodcouncil.org/wp-content/uploads/2018/05/CC-AL-Wilhelm-1-1.pdf,https://www.mocoalliance.org/uploads/4/8/8/6/48867647/carozza_caviness_2018.pdf
203ab79f1ac24e3d52c9fdeb,race-e17ce052c9a9edfe68f6,climate_energy,emissions,Chris Wilhelm,Danielle Meitiv,coded_divergence,explicit_disagreement,"The Dickerson Trash Incinerator is an environmental catastrophe, and should be closed as quickly as possible.","I would ensure the implementation of the recently passed emergency climate mobilization resolution which commits the county to “transform the climate by reducing greenhouse gas emissions by 80% by 2027 and reaching 100% elimination by 2035, and initiate large-scale efforts to remove excess carbon from the atmosphere.”",https://mocofoodcouncil.org/wp-content/uploads/2018/05/CC-AL-Wilhelm-1-1.pdf,https://d3n8a8pro7vhmx.cloudfront.net/progressivemaryland/pages/1991/attachments/original/1525715125/D._Meitiv.pdf
2f6d4952fcb95f779971f5f6,race-e17ce052c9a9edfe68f6,climate_energy,emissions,Chris Wilhelm,Evan Glass,coded_divergence,explicit_disagreement,"The Dickerson Trash Incinerator is an environmental catastrophe, and should be closed as quickly as possible.",Montgomery County needs to close the Dickerson Incinerator.,https://mocofoodcouncil.org/wp-content/uploads/2018/05/CC-AL-Wilhelm-1-1.pdf,https://www.mocoalliance.org/uploads/4/8/8/6/48867647/glass_2018.pdf
4574446bdcb5b75883f2b8db,race-e17ce052c9a9edfe68f6,climate_energy,emissions,Chris Wilhelm,Gabriel I. Albornoz,coded_divergence,explicit_disagreement,"The Dickerson Trash Incinerator is an environmental catastrophe, and should be closed as quickly as possible.","We must limit our impervious surfaces and control storm water through best management practices, removing impervious surfaces and using green infrastructure.",https://mocofoodcouncil.org/wp-content/uploads/2018/05/CC-AL-Wilhelm-1-1.pdf,https://www.mocoalliance.org/uploads/4/8/8/6/48867647/albernoz_2018.pdf
9e275c15d2fc773abdf2fb12,race-e17ce052c9a9edfe68f6,climate_energy,emissions,Chris Wilhelm,Hans Riemer,coded_divergence,explicit_disagreement,"The Dickerson Trash Incinerator is an environmental catastrophe, and should be closed as quickly as possible.","Invest in transportation infrastructure, particularly public transportation",https://mocofoodcouncil.org/wp-content/uploads/2018/05/CC-AL-Wilhelm-1-1.pdf,https://www.latinomontgomerydems.org/wp-content/uploads/2018/04/Riemer-Questionnaire-2.22.pdf
db4da36880b4ed3405666254,race-e17ce052c9a9edfe68f6,climate_energy,emissions,Chris Wilhelm,Loretta Jean Garcia,coded_divergence,explicit_disagreement,"The Dickerson Trash Incinerator is an environmental catastrophe, and should be closed as quickly as possible.","Transportation options, including walkable neighborhoods, bike paths/lanes, rapid bus transit, dedicated funding for metro, and public transportation along the major corridors.",https://mocofoodcouncil.org/wp-content/uploads/2018/05/CC-AL-Wilhelm-1-1.pdf,https://www.latinomontgomerydems.org/wp-content/uploads/2018/04/Garcia-Questionnaire-2.23.pdf
eea50ea5556f1dd22b4de67f,race-e17ce052c9a9edfe68f6,climate_energy,emissions,Chris Wilhelm,Lorna Phillips Forde,coded_divergence,explicit_disagreement,"The Dickerson Trash Incinerator is an environmental catastrophe, and should be closed as quickly as possible.","Some of my priorities are 1) septic rather than sewer in rural Montgomery County; 2) limit development in fragile environmental areas; and 3) continue efforts to limit storm water through the use of innovative technologies, forest conservation and expansive tree planting throughout the county.",https://mocofoodcouncil.org/wp-content/uploads/2018/05/CC-AL-Wilhelm-1-1.pdf,https://www.mocoalliance.org/uploads/4/8/8/6/48867647/forde_2018.pdf
953fb7f66b9e537e2a384df5,race-e17ce052c9a9edfe68f6,climate_energy,emissions,Chris Wilhelm,Marilyn Balcombe,coded_divergence,explicit_disagreement,"The Dickerson Trash Incinerator is an environmental catastrophe, and should be closed as quickly as possible.","Other priorities would be reducing the amount of trash we create, reducing our reliance on fossil fuels, and creating more green spaces in our densely populated areas.",https://mocofoodcouncil.org/wp-content/uploads/2018/05/CC-AL-Wilhelm-1-1.pdf,https://www.mocoalliance.org/uploads/4/8/8/6/48867647/balcombe_2018.pdf
c1fcfa28c2b4b61d8cc19786,race-e17ce052c9a9edfe68f6,climate_energy,emissions,Chris Wilhelm,Melissa McKenna,coded_divergence,explicit_disagreement,"The Dickerson Trash Incinerator is an environmental catastrophe, and should be closed as quickly as possible.",Our natural resources must be protected to every extent possible because once lost they cannot be reclaimed.,https://mocofoodcouncil.org/wp-content/uploads/2018/05/CC-AL-Wilhelm-1-1.pdf,https://www.mocoalliance.org/uploads/4/8/8/6/48867647/mckenna_2018.pdf
228bd69d6b25f87c59a71362,race-e17ce052c9a9edfe68f6,climate_energy,emissions,Chris Wilhelm,Michele Riley,coded_divergence,explicit_disagreement,"The Dickerson Trash Incinerator is an environmental catastrophe, and should be closed as quickly as possible.",I support building the M-83 Mid-County highway.,https://mocofoodcouncil.org/wp-content/uploads/2018/05/CC-AL-Wilhelm-1-1.pdf,https://www.mocoalliance.org/uploads/4/8/8/6/48867647/riley_2018.pdf
6791e6d516d7024ff4687319,race-e17ce052c9a9edfe68f6,climate_energy,emissions,Chris Wilhelm,Mohammad Siddique,coded_divergence,explicit_disagreement,"The Dickerson Trash Incinerator is an environmental catastrophe, and should be closed as quickly as possible.",Yes. We should avoid wasting food,https://mocofoodcouncil.org/wp-content/uploads/2018/05/CC-AL-Wilhelm-1-1.pdf,https://mocofoodcouncil.org/wp-content/uploads/2018/05/CC-AL-Siddique.pdf
404cdf4f97dd0711becb2740,race-e17ce052c9a9edfe68f6,climate_energy,emissions,Chris Wilhelm,Neil H. Greenberger,coded_divergence,explicit_disagreement,"The Dickerson Trash Incinerator is an environmental catastrophe, and should be closed as quickly as possible.",I think building M83 needs to be a priority for Montgomery County.,https://mocofoodcouncil.org/wp-content/uploads/2018/05/CC-AL-Wilhelm-1-1.pdf,https://www.mocoalliance.org/uploads/4/8/8/6/48867647/greenberger_2018.pdf
d5f91a7707c761675d8698b4,race-e17ce052c9a9edfe68f6,climate_energy,emissions,Chris Wilhelm,Richard Gottfried,coded_divergence,explicit_disagreement,"The Dickerson Trash Incinerator is an environmental catastrophe, and should be closed as quickly as possible.",Provide adequate parklands to accommodate conservation and preservation needs.,https://mocofoodcouncil.org/wp-content/uploads/2018/05/CC-AL-Wilhelm-1-1.pdf,https://www.mocoalliance.org/uploads/4/8/8/6/48867647/gottfried_2018.pdf
61125d0e36078c5b8a6aeb1c,race-e17ce052c9a9edfe68f6,climate_energy,emissions,Chris Wilhelm,Ron Colbert,coded_divergence,explicit_disagreement,"The Dickerson Trash Incinerator is an environmental catastrophe, and should be closed as quickly as possible.",There is new technology out there for taking biodegradable garbage and turning it into bio fuel for truck and such.,https://mocofoodcouncil.org/wp-content/uploads/2018/05/CC-AL-Wilhelm-1-1.pdf,https://www.mocoalliance.org/uploads/4/8/8/6/48867647/colbert_2018.pdf
8fbdd43abc8212c91f0a1fc8,race-e17ce052c9a9edfe68f6,climate_energy,emissions,Chris Wilhelm,Rosemary O. Arkoian,coded_divergence,explicit_disagreement,"The Dickerson Trash Incinerator is an environmental catastrophe, and should be closed as quickly as possible.","I’d work on more transit, strengthening Metro, completing one road for Upcounty (M-83), adding more MARC service, and fixing I-270.",https://mocofoodcouncil.org/wp-content/uploads/2018/05/CC-AL-Wilhelm-1-1.pdf,https://bethesdamagazine.com/2018/02/13/montgomery-county-council-at-large-four-seats/
3235f6e9eb197da37a257381,race-e17ce052c9a9edfe68f6,climate_energy,emissions,Chris Wilhelm,Seth Grimes,coded_divergence,explicit_disagreement,"The Dickerson Trash Incinerator is an environmental catastrophe, and should be closed as quickly as possible.","Priority number one is waste reduction and number two is waste recovery, with zero-waste as local goal on an aggressive timeframe.",https://mocofoodcouncil.org/wp-content/uploads/2018/05/CC-AL-Wilhelm-1-1.pdf,https://www.mocoalliance.org/uploads/4/8/8/6/48867647/grimes_2018.pdf
182f5fcacd43780bff44e034,race-e17ce052c9a9edfe68f6,climate_energy,emissions,Chris Wilhelm,Steve Solomon,coded_divergence,explicit_disagreement,"The Dickerson Trash Incinerator is an environmental catastrophe, and should be closed as quickly as possible.","Yes, I support another bridge over the Potomac.",https://mocofoodcouncil.org/wp-content/uploads/2018/05/CC-AL-Wilhelm-1-1.pdf,https://www.mocoalliance.org/uploads/4/8/8/6/48867647/solomon_2018.pdf
7dd71516b4fd5fe03a676c1c,race-e17ce052c9a9edfe68f6,climate_energy,emissions,Chris Wilhelm,Will Jawando,coded_divergence,explicit_disagreement,"The Dickerson Trash Incinerator is an environmental catastrophe, and should be closed as quickly as possible.","I believe incineration is a last resort, and we should focus primarily on composting and recycling.",https://mocofoodcouncil.org/wp-content/uploads/2018/05/CC-AL-Wilhelm-1-1.pdf,https://www.mocoalliance.org/uploads/4/8/8/6/48867647/jawando_2018.pdf
25f2426a987e1614333ef55c,race-96505629f7ffc39a5c0e,public_safety,police_reform,Laith Shaaban,Rossana Rodriguez,coded_divergence,different_mechanism,"It is time that we finally establish an Office of Gun Violence Prevention. This office should coordinate resources for at-risk youth, fund proven violence prevention programs, coordinate with academic, state, national resources to reduce the inflow of guns to our city.","City Council must pass the Treatment Not Trauma ordinance to reopen seven of the closed Department of Public Health mental health clinics, increase the staffing in the city mental health centers, run a non-police crisis response program out of the clinics, establish neighborhood teams to operate in communities outside of crisis incidents, and operate at least two of the mental health clinics as walk-in clinics able to provide services 24 hours a day.",https://www.chicagotribune.com/2023/02/07/2023-chicago-aldermanic-candidates-answer-tribune-questionnaire-laith-shaaban/,https://www.chicagotribune.com/2023/02/07/2023-chicago-aldermanic-candidates-answer-tribune-questionnaire-rossana-rodrguez-snchez/
1b90fbddd32788d45d044f86,race-96505629f7ffc39a5c0e,public_safety,police_abolition,Rossana Rodriguez,Samie Martinez,coded_divergence,different_mechanism,"City Council must pass the Treatment Not Trauma ordinance to reopen seven of the closed Department of Public Health mental health clinics, increase the staffing in the city mental health centers, run a non-police crisis response program out of the clinics, establish neighborhood teams to operate in communities outside of crisis incidents, and operate at least two of the mental health clinics as walk-in clinics able to provide services 24 hours a day.",Ticket writing by police should be removed from their duties and performed by civilian personnel within the police department or by the ward superintendent or Department of Finance.,https://www.chicagotribune.com/2023/02/07/2023-chicago-aldermanic-candidates-answer-tribune-questionnaire-rossana-rodrguez-snchez/,https://www.chicagotribune.com/2023/02/07/2023-chicago-aldermanic-candidates-answer-tribune-questionnaire-samie-martinez/
9091147a58dc84e206c6c454,race-36d1965b7e6d86021803,public_safety,police_reform,Laith Shaaban,Rossana Rodríguez Sánchez,coded_divergence,explicit_disagreement,"It is time that we finally establish an Office of Gun Violence Prevention. This office should coordinate resources for at-risk youth, fund proven violence prevention programs, coordinate with academic, state, national resources to reduce the inflow of guns to our city.",We have been increasing the budget for the police department while cutting other services for decades and the issue of crime has not gotten better.,https://www.chicagotribune.com/2023/02/07/2023-chicago-aldermanic-candidates-answer-tribune-questionnaire-laith-shaaban/,https://news.wttw.com/elections/voters-guide/2023/Rossana-Rodriguez-Sanchez
f7ae8c1abe9465eb70866fda,race-36d1965b7e6d86021803,public_safety,police_reform,Rossana Rodríguez Sánchez,Samie Martinez,coded_divergence,explicit_disagreement,We have been increasing the budget for the police department while cutting other services for decades and the issue of crime has not gotten better.,Ticket writing by police should be removed from their duties and performed by civilian personnel within the police department or by the ward superintendent or Department of Finance.,https://news.wttw.com/elections/voters-guide/2023/Rossana-Rodriguez-Sanchez,https://www.chicagotribune.com/2023/02/07/2023-chicago-aldermanic-candidates-answer-tribune-questionnaire-samie-martinez/
bfd745d19934a63953374e0c,race-96505629f7ffc39a5c0e,climate_energy,transit,Laith Shaaban,Rossana Rodriguez,coded_divergence,different_mechanism,"We should look to build additional lines and extend existing lines to promote better coverage on the south, west, and northwest sides. We also need to look to create rapid bus transit lanes and to provide better enforcement of the bus-only lanes in the loop.",The city should pass a Green New Deal for Chicago and focus on hiring and training people from the South and West side to implement the various projects we undertake to reduce pollution and carbon emissions.,https://www.chicagotribune.com/2023/02/07/2023-chicago-aldermanic-candidates-answer-tribune-questionnaire-laith-shaaban/,https://www.chicagotribune.com/2023/02/07/2023-chicago-aldermanic-candidates-answer-tribune-questionnaire-rossana-rodrguez-snchez/
a0ff5b195753696668f7c6bb,race-96505629f7ffc39a5c0e,climate_energy,green_new_deal,Rossana Rodriguez,Samie Martinez,coded_divergence,different_mechanism,The city should pass a Green New Deal for Chicago and focus on hiring and training people from the South and West side to implement the various projects we undertake to reduce pollution and carbon emissions.,However this could be an opportunity to revamp the system to create a universal right to access to transit.,https://www.chicagotribune.com/2023/02/07/2023-chicago-aldermanic-candidates-answer-tribune-questionnaire-rossana-rodrguez-snchez/,https://www.chicagotribune.com/2023/02/07/2023-chicago-aldermanic-candidates-answer-tribune-questionnaire-samie-martinez/
12f4327a1f0d01abd0f76cbb,race-36d1965b7e6d86021803,housing,public_housing,Rossana Rodríguez Sánchez,Samie Martinez,coded_divergence,different_mechanism,Yes. I am a co-sponsor of this ordinance and have worked closely with the Bring Chicago Home Coalition to advocate for its passage.,"We should promote negotiated sales of these for affordable and market rate housing. This would create more housing units, with a greater proportion of affordable dwellings and will help populate certain areas of the city.",https://news.wttw.com/elections/voters-guide/2023/Rossana-Rodriguez-Sanchez,https://www.chicagotribune.com/2023/02/07/2023-chicago-aldermanic-candidates-answer-tribune-questionnaire-samie-martinez/
0fbb3667956e395e214e95b6,race-3928850e2f90dbc3b55f,housing,rent_control,Cecelia Espenoza,Tim Hernández,coded_divergence,different_mechanism,My goal would be for homeowners and renters to minimize their unexpected expense increase. I've heard of people in rental units that have had up to 100 percent increases thrown at them from landlords. That's unacceptable.,Everybody likes to talk about homelessness because it is the physical manifestation of failed housing policy.,https://denverite.com/2024/06/03/colorado-house-district-4-state-primary-election-voter-guide/,https://denverite.com/2024/06/03/colorado-house-district-4-state-primary-election-voter-guide/
3049cc00c83e224ef3c2ee92,race-70d6e7aea0a07570e2a8,healthcare,public_health,Amani Latimer Burris,Nada Elmikashfi,coded_divergence,different_mechanism,"We can take a look at those programs, work with our partners to assess and understand the data, talk to the experts and also talk to the people impacted by the issue (and those people who have worked on the issue or understand the issue in real life) to come up with workable solutions.","Medicare for All would be the first step to ensuring equal access to healthcare for BIPOC (Black, Indigenous, People of Color).",https://upnorthnewswi.com/news/the-unn-candidate-interview-amani-latimer-burris-of-senate-district-26/,https://upnorthnewswi.com/news/the-unn-candidate-interview-nada-elmikashfi-and-john-imes-of-senate-district-26/
9f272becf2aac1f4aeac8636,race-70d6e7aea0a07570e2a8,healthcare,public_health,Brian Benford,Nada Elmikashfi,coded_divergence,different_mechanism,"Those steps are ensuring that poverty’s insidious impacts are eliminated by ensuring that mothers have access to quality, culturally informed healthcare, housing, adequate healthy food, to be free of domestic/intimate partner violence, and to be safe from detrimental environmental assaults.","Medicare for All would be the first step to ensuring equal access to healthcare for BIPOC (Black, Indigenous, People of Color).",https://upnorthnewswi.com/news/politics/the-unn-candidate-interview-brian-benford-and-william-henry-davis-iii-of-senate-district-26/,https://upnorthnewswi.com/news/the-unn-candidate-interview-nada-elmikashfi-and-john-imes-of-senate-district-26/
b67fd7948aa42b18e0107dde,race-70d6e7aea0a07570e2a8,healthcare,public_option,John Imes,Nada Elmikashfi,coded_divergence,different_mechanism,"Our seniors and citizens with disabilities deserve a decent, safe, and affordable quality of life. That includes affordable health care with a “public option” as well as prescription drug reform legislation that addresses skyrocketing costs.","Medicare for All would be the first step to ensuring equal access to healthcare for BIPOC (Black, Indigenous, People of Color).",https://www.wispolitics.com/2020/imes-campaign-elected-official-environmental-nonprofit-leader-and-small-business-owner-john-imes-announces-candidacy-for-the-26th-state-senate-district-2/,https://upnorthnewswi.com/news/the-unn-candidate-interview-nada-elmikashfi-and-john-imes-of-senate-district-26/
4d873def5226ecac0353ae5c,race-70d6e7aea0a07570e2a8,healthcare,coverage_expansion,Kelda Helen Roys,Nada Elmikashfi,coded_divergence,different_mechanism,"I have detailed plans to help workers and small businesses, ensure access to quality, affordable, comprehensive healthcare and paid leave, address climate change, and build racial equity and justice.","Medicare for All would be the first step to ensuring equal access to healthcare for BIPOC (Black, Indigenous, People of Color).",https://upnorthnewswi.com/news/the-unn-candidate-interview-aisha-moe-and-kelda-roys-of-senate-district-26/,https://upnorthnewswi.com/news/the-unn-candidate-interview-nada-elmikashfi-and-john-imes-of-senate-district-26/
77295e21e3b0b48e4644bc3e,race-70d6e7aea0a07570e2a8,healthcare,single_payer,Nada Elmikashfi,William Henry Davis III,coded_divergence,different_mechanism,"Medicare for All would be the first step to ensuring equal access to healthcare for BIPOC (Black, Indigenous, People of Color).","I am going to pass various bills that will tackle medical health, including free health care for all. I will fight for expanding Medicaid and Medicare so that our infants, youth, teens, adults, seniors, homeless, low-income, low-wage and disabled citizens have basic health care coverage.",https://upnorthnewswi.com/news/the-unn-candidate-interview-nada-elmikashfi-and-john-imes-of-senate-district-26/,https://upnorthnewswi.com/news/politics/the-unn-candidate-interview-brian-benford-and-william-henry-davis-iii-of-senate-district-26/
2ed875f66ff66ec2ca3e07d7,race-f289969f5b8add9b1d6d,foreign_policy,war,Joe Biden,Uninstructed Campaign,coded_divergence,different_mechanism,"Now, my predecessor, a former Republican President, tells Putin, “Do whatever the hell you want.”","Uninstructed voters with this campaign are demanding immediate action from the White House to end the violence, siege and military aid to Israel while restoring full humanitarian aid and aid to UNRWA.",https://bidenwhitehouse.archives.gov/briefing-room/speeches-remarks/2024/03/07/remarks-of-president-joe-biden-state-of-the-union-address-as-prepared-for-delivery-2/,https://assets-global.website-files.com/65e4a84ac9dc544319362305/65f9a11e9f28c7ddf19e9b5d_Press%20Release%20-%2003-19-2024%20-%20Official%20Launch%20of%20Uninstructed%20Wisconsin%20Campaign.pdf
0dc06bc1bfcd61bb01416d06,race-7e4150318d47dffcf2ff,education,public_schools,Chan Tucker,Gabriela Biro,coded_divergence,explicit_disagreement,"My two children attend public school, and I want them, and all children, to have the life-changing educational opportunity that public education has given me.","I am firmly opposed to the GATOR voucher program, as it undermines public education by diverting funds intended for public schools.",https://myemail-api.constantcontact.com/Chan-Tucker-announces-candidacy-for-Orleans-Parish-School-Board-District-2---.html?soid=1011087220895&aid=SPjmgn2e0SU,https://www.votersorganized.org/s/2024_0923_Biro_OPSB-D2.pdf
7695955791192f5870c74272,race-7e4150318d47dffcf2ff,education,public_schools,Eric Jones,Gabriela Biro,coded_divergence,explicit_disagreement,"I would work with my fellow school board members to create a pathway to return schools to School Board control, along with a better accountability system, beginning with schools that are up for renewal.","I am firmly opposed to the GATOR voucher program, as it undermines public education by diverting funds intended for public schools.",https://www.votersorganized.org/s/2024_0910_Jones_OPSB-D2.pdf,https://www.votersorganized.org/s/2024_0923_Biro_OPSB-D2.pdf
0e949d57d87601a2c17316da,race-71a7cdf5a6e739f65b82,tax_budget,income_tax,Aida Flores,Byron Sigcho-Lopez,coded_divergence,different_mechanism,"Yes, I support property tax relief for residents of Chicago.","Yes. The Mayor was elected on this promise and our city has suffered as a result of her broken promise to support our most vulnerable with basic human services, made even more essential in a city that gets as cold as ours does.",https://www.chicagotribune.com/2023/02/07/2023-chicago-aldermanic-candidates-answer-tribune-questionnaire-aida-flores/,https://news.wttw.com/elections/voters-guide/2023/Byron-Sigcho-Lopez
0a5e023703fba47977fad06f,race-8a99a689340f254d2852,climate_energy,emissions,Corey Eichner,Nikkita Oliver,coded_divergence,different_mechanism,"Our city infrastructure lacks affordable housing, a comprehensive transit system, robust support for small businesses and an action plan to combat climate change.","A city that takes bold action to address the climate crisis by working towards free transit, and by reforming a zoning code that restricts our supply of affordable housing.",https://cdn.kingcounty.gov/-/media/king-county/depts/elections/how-to-vote/voters-pamphlets/2021/08/edition-2.pdf,https://cdn.kingcounty.gov/-/media/king-county/depts/elections/how-to-vote/voters-pamphlets/2021/08/edition-2.pdf
4528778e698db59e71febc20,race-c2af122ea1c155492aba,democracy,voting_rights,David Michael Anderson,Stephanie Gallardo,coded_divergence,explicit_disagreement,Mail-In balloting should be allowed only in limited situations. Drop boxes should not be allowed at all.,"I support a broad and powerful attempt to improve our electoral process, by reducing the corrupting influences of corporate money and partisan gerrymandering, and protecting against many forms of voter suppression.",https://voter.votewa.gov/elections/candidate.ashx?e=876&r=101413&b=1550766&la=en&c=99,https://37dems.org/wp-content/uploads/2022/06/stephanie-gallardo-2022.pdf
6eb9afe0ce70489a0b2c4425,race-c2af122ea1c155492aba,democracy,constitutional_change,Seth D Pedersen,Stephanie Gallardo,coded_divergence,different_mechanism,I will vote for one-issue bills and require that all bills are seen by the public prior to being voted on.,"I support a broad and powerful attempt to improve our electoral process, by reducing the corrupting influences of corporate money and partisan gerrymandering, and protecting against many forms of voter suppression.",https://voter.votewa.gov/elections/candidate.ashx?e=876&r=101413&b=1550631&la=en&c=99,https://37dems.org/wp-content/uploads/2022/06/stephanie-gallardo-2022.pdf
14d5649d898fc0edec29794b,race-c2af122ea1c155492aba,climate_energy,fossil_fuels,Doug Basler,Stephanie Gallardo,coded_divergence,different_mechanism,"When elected, I’ll fight to protect parent’s rights, restore the dollar and slow inflation, unleash domestic energy to lower gas prices.",I support the following legislation and will champion it (not just co-sponsor): H.Res.332 Recognizing the Duty of the Federal Government to Create a Green New Deal,https://voter.votewa.gov/elections/candidate.ashx?e=876&r=101413&b=1545823&la=en&c=99,https://37dems.org/wp-content/uploads/2022/06/stephanie-gallardo-2022.pdf
8ed41f4dd88c51cfb424b130,race-c2af122ea1c155492aba,climate_energy,fossil_fuels,Seth D Pedersen,Stephanie Gallardo,coded_divergence,different_mechanism,"I will stand up for the rights of our children and families, a return to American energy independence, and ending federal overreach.",I support the following legislation and will champion it (not just co-sponsor): H.Res.332 Recognizing the Duty of the Federal Government to Create a Green New Deal,https://voter.votewa.gov/elections/candidate.ashx?e=876&r=101413&b=1550631&la=en&c=99,https://37dems.org/wp-content/uploads/2022/06/stephanie-gallardo-2022.pdf
31146dd4052a0a4ce77e8a7e,race-8a99a689340f254d2852,housing,zoning,Nikkita Oliver,Sara Nelson,coded_divergence,different_mechanism,"A city that takes bold action to address the climate crisis by working towards free transit, and by reforming a zoning code that restricts our supply of affordable housing.",Addressing Our Homelessness Crisis through “Housing First” policies.,https://cdn.kingcounty.gov/-/media/king-county/depts/elections/how-to-vote/voters-pamphlets/2021/08/edition-2.pdf,https://cdn.kingcounty.gov/-/media/king-county/depts/elections/how-to-vote/voters-pamphlets/2021/08/edition-2.pdf
31b6bd538a40a773a34be947,race-8a99a689340f254d2852,housing,zoning,Nikkita Oliver,Xtian Gunther,coded_divergence,different_mechanism,"A city that takes bold action to address the climate crisis by working towards free transit, and by reforming a zoning code that restricts our supply of affordable housing.","I’ll introduce legislation to create a housing Public Utility District to build many thousands of ‘green’ supportive, affordable rental and first-time home buyer units around Seattle.",https://cdn.kingcounty.gov/-/media/king-county/depts/elections/how-to-vote/voters-pamphlets/2021/08/edition-2.pdf,https://cdn.kingcounty.gov/-/media/king-county/depts/elections/how-to-vote/voters-pamphlets/2021/08/edition-2.pdf
b38ae9193b14c8579a65db29,race-e587bbefb97c581e910a,public_safety,sentencing,Jon Grant,Sheley Secrest,coded_divergence,explicit_disagreement,"I strongly oppose the Youth Jail proposed in the Central District, and have regularly participated in No New Youth Jail and Black Lives Matter protests against its construction.","To ensure that every person feels safe when they leave their homes, we require a well-trained, culturally-competent police force.",https://www.theurbanist.org/2017-endorsement-questionnaire-jon-grant/,https://cdn.kingcounty.gov/-/media/king-county/depts/elections/how-to-vote/voters-pamphlets/2017/08/edition-2.pdf
fc7530789a67dc2c03c7627e,race-82b317d0ebb6e5f1d97a,public_safety,sentencing,Jon Grant,Sheley Secrest,coded_divergence,explicit_disagreement,"I strongly oppose the Youth Jail proposed in the Central District, and have regularly participated in No New Youth Jail and Black Lives Matter protests against its construction.","To ensure that every person feels safe when they leave their homes, we require a well-trained, culturally-competent police force.",https://www.theurbanist.org/2017-endorsement-questionnaire-jon-grant/,https://cdn.kingcounty.gov/-/media/king-county/depts/elections/how-to-vote/voters-pamphlets/2017/08/edition-2.pdf
5ea9a8ba5422749bd6f43756,race-e587bbefb97c581e910a,housing,public_housing,Charlene D. Strong,Jon Grant,coded_divergence,different_mechanism,"We need to develop a comprehensive, effective, and compassionate approach to this complex problem.","These legislative efforts included passing stronger protections for domestic violence survivors, increasing affordable housing subsidies, fighting economic evictions, and expanding tenant protections in state and local law.",https://cdn.kingcounty.gov/-/media/king-county/depts/elections/how-to-vote/voters-pamphlets/2017/08/edition-2.pdf,https://cdn.kingcounty.gov/-/media/king-county/depts/elections/how-to-vote/voters-pamphlets/2017/08/edition-2.pdf
bc30a522b4aed6bb8291fcf4,race-e587bbefb97c581e910a,housing,public_housing,Hisam Goueli,Jon Grant,coded_divergence,different_mechanism,We should build on surplus City property and streamline our permitting process to expedite construction.,"These legislative efforts included passing stronger protections for domestic violence survivors, increasing affordable housing subsidies, fighting economic evictions, and expanding tenant protections in state and local law.",https://cdn.kingcounty.gov/-/media/king-county/depts/elections/how-to-vote/voters-pamphlets/2017/08/edition-2.pdf,https://cdn.kingcounty.gov/-/media/king-county/depts/elections/how-to-vote/voters-pamphlets/2017/08/edition-2.pdf
c3d70347eb0999dfe416a7db,race-e587bbefb97c581e910a,housing,public_housing,Jon Grant,Mac McGregor,coded_divergence,explicit_disagreement,"Across the country, cities with the worst housing affordability crises have already mandated 25% of each new development to be affordable to working and low income people. Seattle must do the same.",I don’t agree with the way the current homeless camp sweeps are being conducted. I think it is inhumane and unfair.,https://cdn.kingcounty.gov/-/media/king-county/depts/elections/how-to-vote/voters-pamphlets/2017/08/edition-2.pdf,https://www.theurbanist.org/2017-endorsement-questionnaire-mac-mcgregor/
a9500bfa9e9514ba06314df0,race-e587bbefb97c581e910a,housing,public_housing,Jon Grant,Sara E. Nelson,coded_divergence,different_mechanism,"Across the country, cities with the worst housing affordability crises have already mandated 25% of each new development to be affordable to working and low income people. Seattle must do the same.","Seattle must provide more transit-oriented development, and expand housing tax credits to create thousands of affordable units and reduce homelessness.",https://cdn.kingcounty.gov/-/media/king-county/depts/elections/how-to-vote/voters-pamphlets/2017/08/edition-2.pdf,https://cdn.kingcounty.gov/-/media/king-county/depts/elections/how-to-vote/voters-pamphlets/2017/08/edition-2.pdf
e88c7bd699889c5c5b5174bf,race-e587bbefb97c581e910a,housing,tenant_rights,Jon Grant,Sheley Secrest,coded_divergence,different_mechanism,"These legislative efforts included passing stronger protections for domestic violence survivors, increasing affordable housing subsidies, fighting economic evictions, and expanding tenant protections in state and local law.","We must make sure every person who works hard has a place to live, that’s why, while on the board of the Black Community Impact Alliance, we secured the purchase of the YK building, which will house 130 young adults making less than $19,000 annually.",https://cdn.kingcounty.gov/-/media/king-county/depts/elections/how-to-vote/voters-pamphlets/2017/08/edition-2.pdf,https://cdn.kingcounty.gov/-/media/king-county/depts/elections/how-to-vote/voters-pamphlets/2017/08/edition-2.pdf
8f7eef1a34df051298704932,race-e587bbefb97c581e910a,housing,tenant_rights,Jon Grant,Teresa Mosqueda,coded_divergence,different_mechanism,"These legislative efforts included passing stronger protections for domestic violence survivors, increasing affordable housing subsidies, fighting economic evictions, and expanding tenant protections in state and local law.",I will champion community-driven development to create the affordable housing we need now for low- and middle-income families.,https://cdn.kingcounty.gov/-/media/king-county/depts/elections/how-to-vote/voters-pamphlets/2017/08/edition-2.pdf,https://cdn.kingcounty.gov/-/media/king-county/depts/elections/how-to-vote/voters-pamphlets/2017/08/edition-2.pdf
1ff09672618da119ba517f9c,race-82b317d0ebb6e5f1d97a,housing,public_housing,Charlene Strong,Jon Grant,coded_divergence,different_mechanism,"We need to develop a comprehensive, effective, and compassionate approach to this complex problem.","These legislative efforts included passing stronger protections for domestic violence survivors, increasing affordable housing subsidies, fighting economic evictions, and expanding tenant protections in state and local law.",https://cdn.kingcounty.gov/-/media/king-county/depts/elections/how-to-vote/voters-pamphlets/2017/08/edition-2.pdf,https://cdn.kingcounty.gov/-/media/king-county/depts/elections/how-to-vote/voters-pamphlets/2017/08/edition-2.pdf
20791d2f5f0194e7f2f1b89d,race-82b317d0ebb6e5f1d97a,housing,public_housing,Hisam Goueli,Jon Grant,coded_divergence,different_mechanism,We should build on surplus City property and streamline our permitting process to expedite construction.,"These legislative efforts included passing stronger protections for domestic violence survivors, increasing affordable housing subsidies, fighting economic evictions, and expanding tenant protections in state and local law.",https://cdn.kingcounty.gov/-/media/king-county/depts/elections/how-to-vote/voters-pamphlets/2017/08/edition-2.pdf,https://cdn.kingcounty.gov/-/media/king-county/depts/elections/how-to-vote/voters-pamphlets/2017/08/edition-2.pdf
307b556675e7a271f36f4483,race-82b317d0ebb6e5f1d97a,housing,public_housing,Jon Grant,Mac McGregor,coded_divergence,explicit_disagreement,"Across the country, cities with the worst housing affordability crises have already mandated 25% of each new development to be affordable to working and low income people. Seattle must do the same.",I don’t agree with the way the current homeless camp sweeps are being conducted. I think it is inhumane and unfair.,https://cdn.kingcounty.gov/-/media/king-county/depts/elections/how-to-vote/voters-pamphlets/2017/08/edition-2.pdf,https://www.theurbanist.org/2017-endorsement-questionnaire-mac-mcgregor/
e633ba59e24b19b8018bf88f,race-82b317d0ebb6e5f1d97a,housing,tenant_rights,Jon Grant,Sheley Secrest,coded_divergence,different_mechanism,"These legislative efforts included passing stronger protections for domestic violence survivors, increasing affordable housing subsidies, fighting economic evictions, and expanding tenant protections in state and local law.","We must make sure every person who works hard has a place to live, that’s why, while on the board of the Black Community Impact Alliance, we secured the purchase of the YK building, which will house 130 young adults making less than $19,000 annually.",https://cdn.kingcounty.gov/-/media/king-county/depts/elections/how-to-vote/voters-pamphlets/2017/08/edition-2.pdf,https://cdn.kingcounty.gov/-/media/king-county/depts/elections/how-to-vote/voters-pamphlets/2017/08/edition-2.pdf
daab5312925bc778edfb7639,race-82b317d0ebb6e5f1d97a,housing,tenant_rights,Jon Grant,Teresa Mosqueda,coded_divergence,different_mechanism,"These legislative efforts included passing stronger protections for domestic violence survivors, increasing affordable housing subsidies, fighting economic evictions, and expanding tenant protections in state and local law.",I will champion community-driven development to create the affordable housing we need now for low- and middle-income families.,https://cdn.kingcounty.gov/-/media/king-county/depts/elections/how-to-vote/voters-pamphlets/2017/08/edition-2.pdf,https://cdn.kingcounty.gov/-/media/king-county/depts/elections/how-to-vote/voters-pamphlets/2017/08/edition-2.pdf
375ab5dc47843cf042f84e95,race-e587bbefb97c581e910a,tax_budget,corporate_tax,Jon Grant,Mac McGregor,coded_divergence,different_mechanism,We must also require big corporations to pay their fair share in taxes so we can relieve the property tax burden on Seattleites.,Yes,https://cdn.kingcounty.gov/-/media/king-county/depts/elections/how-to-vote/voters-pamphlets/2017/08/edition-2.pdf,https://www.theurbanist.org/2017-endorsement-questionnaire-mac-mcgregor/
dec8295f8c2f3954664d26a8,race-e587bbefb97c581e910a,tax_budget,corporate_tax,Jon Grant,Rudy Pantoja,coded_divergence,explicit_disagreement,We must also require big corporations to pay their fair share in taxes so we can relieve the property tax burden on Seattleites.,I will work to lower taxes. Citizens of this city are being taxed to death.,https://cdn.kingcounty.gov/-/media/king-county/depts/elections/how-to-vote/voters-pamphlets/2017/08/edition-2.pdf,https://cdn.kingcounty.gov/-/media/king-county/depts/elections/how-to-vote/voters-pamphlets/2017/08/edition-2.pdf
ab38d8b883d7043617b6dc7b,race-e587bbefb97c581e910a,tax_budget,corporate_tax,Jon Grant,Sara E. Nelson,coded_divergence,different_mechanism,We must also require big corporations to pay their fair share in taxes so we can relieve the property tax burden on Seattleites.,Our City’s first priority should be providing core services like roads and public safety.,https://cdn.kingcounty.gov/-/media/king-county/depts/elections/how-to-vote/voters-pamphlets/2017/08/edition-2.pdf,https://cdn.kingcounty.gov/-/media/king-county/depts/elections/how-to-vote/voters-pamphlets/2017/08/edition-2.pdf
f0e1317dcc90f78f0d96d622,race-82b317d0ebb6e5f1d97a,tax_budget,corporate_tax,Jon Grant,Mac McGregor,coded_divergence,different_mechanism,We must also require big corporations to pay their fair share in taxes so we can relieve the property tax burden on Seattleites.,Yes,https://cdn.kingcounty.gov/-/media/king-county/depts/elections/how-to-vote/voters-pamphlets/2017/08/edition-2.pdf,https://www.theurbanist.org/2017-endorsement-questionnaire-mac-mcgregor/
7c6b6db1636f49e506a0a91e,race-82b317d0ebb6e5f1d97a,tax_budget,corporate_tax,Jon Grant,Rudy Pantoja,coded_divergence,explicit_disagreement,We must also require big corporations to pay their fair share in taxes so we can relieve the property tax burden on Seattleites.,I will work to lower taxes. Citizens of this city are being taxed to death.,https://cdn.kingcounty.gov/-/media/king-county/depts/elections/how-to-vote/voters-pamphlets/2017/08/edition-2.pdf,https://cdn.kingcounty.gov/-/media/king-county/depts/elections/how-to-vote/voters-pamphlets/2017/08/edition-2.pdf
873c53f968ff811f837d3639,race-c2af122ea1c155492aba,labor,union_rights,Adam Smith,Stephanie Gallardo,coded_divergence,different_mechanism,"We must grow from the middle out, increase economic opportunities, protect unions, make higher education more affordable and accessible, and provide good paying jobs.",In my role as an NEA Board Director I have fought nationally to increase educator pay and allocate additional resources to early career educators and paraprofessional workers.,https://voter.votewa.gov/elections/candidate.ashx?e=876&r=101413&b=1544219&la=en&c=99,https://37dems.org/wp-content/uploads/2022/06/stephanie-gallardo-2022.pdf
5f18fbd77acba07c28a203b5,race-c2af122ea1c155492aba,healthcare,coverage_expansion,Adam Smith,Stephanie Gallardo,coded_divergence,different_mechanism,"All people, no matter their background, should have access to quality, affordable healthcare.","Medicare for All is the only solution that guarantees healthcare as a human right, and I commit to proactively fighting for it, unlike my opponent who merely co-sponsored a bill.",https://cdn.kingcounty.gov/-/media/king-county/depts/elections/how-to-vote/voters-pamphlets/2022/08/edition-1.pdf,https://37dems.org/wp-content/uploads/2022/06/stephanie-gallardo-2022.pdf
9dbec0f57d089bf27148123e,race-c2af122ea1c155492aba,healthcare,public_health,Sea M. Chan,Stephanie Gallardo,coded_divergence,different_mechanism,"I’m also defending essential worker’s and salt of the earth Washingtonian’s rights in informed consent, medical freedom, and fighting for healthcare transparency.","Medicare for All is the only solution that guarantees healthcare as a human right, and I commit to proactively fighting for it, unlike my opponent who merely co-sponsored a bill.",https://cdn.kingcounty.gov/-/media/king-county/depts/elections/how-to-vote/voters-pamphlets/2022/08/edition-1.pdf,https://37dems.org/wp-content/uploads/2022/06/stephanie-gallardo-2022.pdf
3a45a72b649baaac792d663e,race-e587bbefb97c581e910a,climate_energy,fossil_fuels,Jon Grant,Sara E. Nelson,coded_divergence,explicit_disagreement,leading on climate justice by divesting from fossil fuel companies,"As Council staff, I wrote legislation to invest in renewable energy and pursue zero-waste policy.",https://cdn.kingcounty.gov/-/media/king-county/depts/elections/how-to-vote/voters-pamphlets/2017/08/edition-2.pdf,https://cdn.kingcounty.gov/-/media/king-county/depts/elections/how-to-vote/voters-pamphlets/2017/08/edition-2.pdf
3db3673bc4af54acdca18781,race-e587bbefb97c581e910a,climate_energy,fossil_fuels,Jon Grant,Teresa Mosqueda,coded_divergence,explicit_disagreement,leading on climate justice by divesting from fossil fuel companies,"We can improve public safety, transit, and commutes by working to accelerate state and local investments on critical infrastructure.",https://cdn.kingcounty.gov/-/media/king-county/depts/elections/how-to-vote/voters-pamphlets/2017/08/edition-2.pdf,https://cdn.kingcounty.gov/-/media/king-county/depts/elections/how-to-vote/voters-pamphlets/2017/08/edition-2.pdf
12c1aa2e176c6878fc7a57b1,race-82b317d0ebb6e5f1d97a,climate_energy,fossil_fuels,Jon Grant,Teresa Mosqueda,coded_divergence,explicit_disagreement,leading on climate justice by divesting from fossil fuel companies,"We can improve public safety, transit, and commutes by working to accelerate state and local investments on critical infrastructure.",https://cdn.kingcounty.gov/-/media/king-county/depts/elections/how-to-vote/voters-pamphlets/2017/08/edition-2.pdf,https://cdn.kingcounty.gov/-/media/king-county/depts/elections/how-to-vote/voters-pamphlets/2017/08/edition-2.pdf
f06ef0bbbda5fdc8cf2716d9,race-76f51d329af062247a1f,housing,rent_control,Andrea Suarez,Shaun Scott,coded_divergence,different_mechanism,I also plan to fight for rent affordability.,I worked alongside Speaker Emeritus Frank Chopp to improve Black and brown homeownership rates.,https://voter.votewa.gov/elections/candidate.ashx?e=888&r=150356&b=1573211&la=en&c=99,https://voter.votewa.gov/elections/candidate.ashx?e=888&r=150356&b=1568347&la=en&c=99
7de6357a97a2fcd9f572a04d,race-76f51d329af062247a1f,housing,public_housing,Daniel Carusello,Shaun Scott,coded_divergence,different_mechanism,I’m dedicated to championing affordable housing.,I worked alongside Speaker Emeritus Frank Chopp to improve Black and brown homeownership rates.,https://voter.votewa.gov/elections/candidate.ashx?e=888&r=150356&b=1576483&la=en&c=99,https://voter.votewa.gov/elections/candidate.ashx?e=888&r=150356&b=1568347&la=en&c=99
380c06ed86c1ba89b30315ea,race-ef838ba30a1ad20d4a10,political_strategy,governing,Greg Hamilton,Nikkita Oliver,coded_divergence,explicit_disagreement,The current Seattle political class has proven inadequate to these challenges.,"She will ensure our city government is accessible, accountable, and transparent.",https://cdn.kingcounty.gov/-/media/king-county/depts/elections/how-to-vote/voters-pamphlets/2017/08/edition-2.pdf?rev=39d59fe6d99c4f6cb7365f7888b4532f&hash=3026B72316921D09F634CBF056E9F706,https://cdn.kingcounty.gov/-/media/king-county/depts/elections/how-to-vote/voters-pamphlets/2017/08/edition-2.pdf
d48acb34f4ce86d81f7bf9fa,race-ef838ba30a1ad20d4a10,political_strategy,class_struggle,Mary J. Martin,Nikkita Oliver,coded_divergence,different_mechanism,"For the working class, the greatest of all battles ahead is to throw off the image of ourselves that we do not have the capacity to organize, learn, and to transform ourselves as we fight to end capitalist rule and establish workers power.","She will ensure our city government is accessible, accountable, and transparent.",https://cdn.kingcounty.gov/-/media/king-county/depts/elections/how-to-vote/voters-pamphlets/2017/08/edition-2.pdf,https://cdn.kingcounty.gov/-/media/king-county/depts/elections/how-to-vote/voters-pamphlets/2017/08/edition-2.pdf
7c8e168d6d71d667d576c8ea,race-ef838ba30a1ad20d4a10,housing,zoning,Jason Roberts,Nikkita Oliver,coded_divergence,different_mechanism,"I believe in empowering communities to invest in themselves through small business, to have a vote when it comes to up-zoning, and a voice in the issues that affect their neighborhoods.","She believes every Seattleite has the right to secure housing and aims to work in coalition with city leaders, developers and community members alike to create a plan that provides truly affordable housing for all.",https://cdn.kingcounty.gov/-/media/king-county/depts/elections/how-to-vote/voters-pamphlets/2017/08/edition-2.pdf,https://cdn.kingcounty.gov/-/media/king-county/depts/elections/how-to-vote/voters-pamphlets/2017/08/edition-2.pdf
66835d76c15431de3093025c,race-ef838ba30a1ad20d4a10,housing,homeownership,Mike McGinn,Nikkita Oliver,coded_divergence,different_mechanism,"Rents and home prices are skyrocketing. And despite incredible wealth in our city, we keep getting hit with new regressive taxes.","She believes every Seattleite has the right to secure housing and aims to work in coalition with city leaders, developers and community members alike to create a plan that provides truly affordable housing for all.",https://cdn.kingcounty.gov/-/media/king-county/depts/elections/how-to-vote/voters-pamphlets/2017/08/edition-2.pdf?rev=39d59fe6d99c4f6cb7365f7888b4532f&hash=3026B72316921D09F634CBF056E9F706,https://cdn.kingcounty.gov/-/media/king-county/depts/elections/how-to-vote/voters-pamphlets/2017/08/edition-2.pdf
23514896aad1943b05b668f6,race-ef838ba30a1ad20d4a10,public_safety,police_reform,"James W. Norton, Jr.",Nikkita Oliver,coded_divergence,explicit_disagreement,I want to build a strong partnership between the Seattle Police Department and our communities so both groups will feel safe and respected.,"Additionally, she will work to increase educational resources for our schools, support progressive tax reform, and fight to protect our city’s most vulnerable residents from inhumane treatment like homeless sweeps and unjust executive orders.",https://cdn.kingcounty.gov/-/media/king-county/depts/elections/how-to-vote/voters-pamphlets/2017/08/edition-2.pdf?rev=39d59fe6d99c4f6cb7365f7888b4532f&hash=3026B72316921D09F634CBF056E9F706,https://cdn.kingcounty.gov/-/media/king-county/depts/elections/how-to-vote/voters-pamphlets/2017/08/edition-2.pdf
9441fba2029b00bbc48c128e,race-ef838ba30a1ad20d4a10,public_safety,police_reform,Jenny Durkan,Nikkita Oliver,coded_divergence,explicit_disagreement,"I worked with police officers and community groups - the ACLU, El Centro, OneAmerica, Northwest Immigrant Rights Project - to reform the Seattle Police Department.","Additionally, she will work to increase educational resources for our schools, support progressive tax reform, and fight to protect our city’s most vulnerable residents from inhumane treatment like homeless sweeps and unjust executive orders.",https://cdn.kingcounty.gov/-/media/king-county/depts/elections/how-to-vote/voters-pamphlets/2017/08/edition-2.pdf?rev=39d59fe6d99c4f6cb7365f7888b4532f&hash=3026B72316921D09F634CBF056E9F706,https://cdn.kingcounty.gov/-/media/king-county/depts/elections/how-to-vote/voters-pamphlets/2017/08/edition-2.pdf
1cd835c1475c1fa1c68abbc8,race-ef838ba30a1ad20d4a10,public_safety,sentencing,Keith J. Whiteman,Nikkita Oliver,coded_divergence,explicit_disagreement,Seattle needs pre-trial detention reform. No longer should bail be based on wealth. Money should never determine freedom.,"Additionally, she will work to increase educational resources for our schools, support progressive tax reform, and fight to protect our city’s most vulnerable residents from inhumane treatment like homeless sweeps and unjust executive orders.",https://cdn.kingcounty.gov/-/media/king-county/depts/elections/how-to-vote/voters-pamphlets/2017/08/edition-2.pdf,https://cdn.kingcounty.gov/-/media/king-county/depts/elections/how-to-vote/voters-pamphlets/2017/08/edition-2.pdf
9d8299e8ce358314d49ec37b,race-ef838ba30a1ad20d4a10,public_safety,police_reform,Nikkita Oliver,Tiniell Cato,coded_divergence,explicit_disagreement,"Additionally, she will work to increase educational resources for our schools, support progressive tax reform, and fight to protect our city’s most vulnerable residents from inhumane treatment like homeless sweeps and unjust executive orders.","I created a resolution to the clerical errors in “Equal Opportunity Policy” by rewriting the application processes and policies that Violate Civil Rights Act pertaining to oppression, murders in our communities, immediate end to police brutality, and crime.",https://cdn.kingcounty.gov/-/media/king-county/depts/elections/how-to-vote/voters-pamphlets/2017/08/edition-2.pdf,https://cdn.kingcounty.gov/-/media/king-county/depts/elections/how-to-vote/voters-pamphlets/2017/08/edition-2.pdf
54ab992cc7f504926ed1d88e,race-ef838ba30a1ad20d4a10,democracy,campaign_finance,Greg Hamilton,Nikkita Oliver,coded_divergence,different_mechanism,"Seattle deserves real leadership, leadership free of ties to special interests or national politics; and that leadership has been missing for decades.","With the support of the newly founded Seattle Peoples Party, Nikkita is committed to increasing community voice and input at all levels of city government.",https://cdn.kingcounty.gov/-/media/king-county/depts/elections/how-to-vote/voters-pamphlets/2017/08/edition-2.pdf?rev=39d59fe6d99c4f6cb7365f7888b4532f&hash=3026B72316921D09F634CBF056E9F706,https://cdn.kingcounty.gov/-/media/king-county/depts/elections/how-to-vote/voters-pamphlets/2017/08/edition-2.pdf
5def048df7c8e65a7b9ffd0c,race-b1ff317b20f8edf3ba07,public_safety,sentencing,George Artem,Matthew Mitnick,coded_divergence,different_mechanism,"take action on drug possession, change our politics around policing","For me, it means that public safety should not be driven by the police. The police will not keep us safe. The community will keep us safe.",https://cdn.kingcounty.gov/-/media/king-county/depts/elections/how-to-vote/voters-pamphlets/2023/08/edition-1.pdf?rev=4da2e5dd18064d3b8b438bbfed0afcfb&hash=A1CB2A0172AD99C147E7F8A18F652D14,https://www.theurbanist.org/matthew-mitnick-runs-for-seattle-city-council-d4/
3e4b51c949e1fb0eceb1a483,race-b1ff317b20f8edf3ba07,public_safety,police_reform,Ken Wilson,Matthew Mitnick,coded_divergence,different_mechanism,"On Council, I’ll be your advocate for public safety, restoring police staffing to needed levels, and will make decisions that improve Seattle’s livability.","For me, it means that public safety should not be driven by the police. The police will not keep us safe. The community will keep us safe.",https://cdn.kingcounty.gov/-/media/king-county/depts/elections/how-to-vote/voters-pamphlets/2023/08/edition-1.pdf?rev=4da2e5dd18064d3b8b438bbfed0afcfb&hash=A1CB2A0172AD99C147E7F8A18F652D14,https://www.theurbanist.org/matthew-mitnick-runs-for-seattle-city-council-d4/
1707616ab3691a15aacf85af,race-b1ff317b20f8edf3ba07,public_safety,police_abolition,Maritza Rivera,Matthew Mitnick,coded_divergence,explicit_disagreement,"Unfortunately due to poor decisions and performative posturing by the City Council -- including pledging to defund the police -- our quality of life has eroded, neighborhood small businesses are struggling and our streets are less safe.","For me, it means that public safety should not be driven by the police. The police will not keep us safe. The community will keep us safe.",https://cdn.kingcounty.gov/-/media/king-county/depts/elections/how-to-vote/voters-pamphlets/2023/08/edition-1.pdf?rev=4da2e5dd18064d3b8b438bbfed0afcfb&hash=A1CB2A0172AD99C147E7F8A18F652D14,https://www.theurbanist.org/matthew-mitnick-runs-for-seattle-city-council-d4/
dffe53764f4b1394cd6d7d23,race-b1ff317b20f8edf3ba07,public_safety,police_abolition,Matthew Mitnick,Ron Davis,coded_divergence,different_mechanism,"For me, it means that public safety should not be driven by the police. The police will not keep us safe. The community will keep us safe.","I’m the only candidate with a serious plan: to stop crime before it starts with evidence-based prevention, to quickly send the right professional for each emergency, and to rebuild trust in law enforcement through good governance and accountability.",https://www.theurbanist.org/matthew-mitnick-runs-for-seattle-city-council-d4/,https://cdn.kingcounty.gov/-/media/king-county/depts/elections/how-to-vote/voters-pamphlets/2023/08/edition-1.pdf
50786811efabfbf4f090eb76,race-b1ff317b20f8edf3ba07,housing,zoning,George Artem,Matthew Mitnick,coded_divergence,different_mechanism,"make rent affordable, and cut red tape and permitting costs so that Seattle can build","Our platform is under four pillars: rent control, Green New Deal, workers’ rights to unionize, and community control over policing.",https://cdn.kingcounty.gov/-/media/king-county/depts/elections/how-to-vote/voters-pamphlets/2023/08/edition-1.pdf?rev=4da2e5dd18064d3b8b438bbfed0afcfb&hash=A1CB2A0172AD99C147E7F8A18F652D14,https://www.theurbanist.org/matthew-mitnick-runs-for-seattle-city-council-d4/
566932f1d3ad6f4acbe49258,race-b1ff317b20f8edf3ba07,housing,zoning,Ken Wilson,Matthew Mitnick,coded_divergence,different_mechanism,"I will work to safeguard growth that provides affordable housing for all stages and ages, and benefits neighborhoods without overstressing existing infrastructure.","Our platform is under four pillars: rent control, Green New Deal, workers’ rights to unionize, and community control over policing.",https://cdn.kingcounty.gov/-/media/king-county/depts/elections/how-to-vote/voters-pamphlets/2023/08/edition-1.pdf?rev=4da2e5dd18064d3b8b438bbfed0afcfb&hash=A1CB2A0172AD99C147E7F8A18F652D14,https://www.theurbanist.org/matthew-mitnick-runs-for-seattle-city-council-d4/
6ea55e407c6a5c663c21e89e,race-b1ff317b20f8edf3ba07,housing,public_housing,Maritza Rivera,Matthew Mitnick,coded_divergence,different_mechanism,I will bring people together to build more affordable housing and address the homelessness crisis.,"Our platform is under four pillars: rent control, Green New Deal, workers’ rights to unionize, and community control over policing.",https://cdn.kingcounty.gov/-/media/king-county/depts/elections/how-to-vote/voters-pamphlets/2023/08/edition-1.pdf?rev=4da2e5dd18064d3b8b438bbfed0afcfb&hash=A1CB2A0172AD99C147E7F8A18F652D14,https://www.theurbanist.org/matthew-mitnick-runs-for-seattle-city-council-d4/
632b6415cef45df4849a754b,race-b1ff317b20f8edf3ba07,housing,rent_control,Matthew Mitnick,Ron Davis,coded_divergence,different_mechanism,"Our platform is under four pillars: rent control, Green New Deal, workers’ rights to unionize, and community control over policing.","Seattle should be a place where people from any background can afford to raise a family, build a career, and age in place. I’ll work tirelessly to deliver an affordable city that leaves no one on the street.",https://www.theurbanist.org/matthew-mitnick-runs-for-seattle-city-council-d4/,https://cdn.kingcounty.gov/-/media/king-county/depts/elections/how-to-vote/voters-pamphlets/2023/08/edition-1.pdf
b35ad6a9308ebe7d91ea0113,race-8fc9beee4a94871c9105,climate_energy,transit,Ami Nguyen,Kshama Sawant,coded_divergence,different_mechanism,"I want to ensure that our streets are safe for walking, biking, busing, and driving.","We need a Green New Deal for working people, to make Seattle 100% renewable by 2030, and create thousands of union jobs.",https://archive.org/details/Video_Voters_Guide_-_2019_Primary_-_City_of_Seattle_Seattle_School_District,https://cdn.kingcounty.gov/-/media/king-county/depts/elections/how-to-vote/voters-pamphlets/2019/08/edition-1.pdf
4b26b6a3644ca898d76b03ac,race-8fc9beee4a94871c9105,climate_energy,public_energy,Egan Orion,Kshama Sawant,coded_divergence,different_mechanism,"Let’s expand our adoption of carbon reduction policies, from transportation electrification to flexible scheduling, and work with City Light so that Seattle becomes a leader on solar and wind energy.","We need a Green New Deal for working people, to make Seattle 100% renewable by 2030, and create thousands of union jobs.",https://cdn.kingcounty.gov/-/media/king-county/depts/elections/how-to-vote/voters-pamphlets/2019/08/edition-1.pdf,https://cdn.kingcounty.gov/-/media/king-county/depts/elections/how-to-vote/voters-pamphlets/2019/08/edition-1.pdf
6093cd2b133b2942547e4445,race-8fc9beee4a94871c9105,climate_energy,green_new_deal,Kshama Sawant,Logan Bowers,coded_divergence,different_mechanism,"We need a Green New Deal for working people, to make Seattle 100% renewable by 2030, and create thousands of union jobs.","All road users—even drivers—benefit when more people choose to walk, bike, scooter, or bus. Let’s get fossil fuels out of our lives.",https://cdn.kingcounty.gov/-/media/king-county/depts/elections/how-to-vote/voters-pamphlets/2019/08/edition-1.pdf,https://cdn.kingcounty.gov/-/media/king-county/depts/elections/how-to-vote/voters-pamphlets/2019/08/edition-1.pdf
84e88beb06922335b75e8483,race-8fc9beee4a94871c9105,climate_energy,green_new_deal,Kshama Sawant,Zachary DeWolf,coded_divergence,different_mechanism,"We need a Green New Deal for working people, to make Seattle 100% renewable by 2030, and create thousands of union jobs.",What we do now must create positive and sustainable and meaningful solutions for today and seven generations into the future.,https://cdn.kingcounty.gov/-/media/king-county/depts/elections/how-to-vote/voters-pamphlets/2019/08/edition-1.pdf,https://archive.org/details/Video_Voters_Guide_-_2019_Primary_-_City_of_Seattle_Seattle_School_District
3397d5743a5c600c7b48c1c4,race-8fc9beee4a94871c9105,labor,wages,Kshama Sawant,Pat Murakami,coded_divergence,different_mechanism,"I’m proud to have helped lead the way in making Seattle the first major city to win the $15 minimum wage, through a coalition with labor unions, community organizations, and grassroots activists.","I will expand opportunities for apprenticeships, create a website to help individuals navigate all the training and educational opportunities available, and ensure protections for workers across all industries.",https://cdn.kingcounty.gov/-/media/king-county/depts/elections/how-to-vote/voters-pamphlets/2019/08/edition-1.pdf,https://archive.org/details/Video_Voters_Guide_-_2019_Primary_-_City_of_Seattle_Seattle_School_District
dc0b17eaa8ce6c2a18ab9362,race-8fc9beee4a94871c9105,labor,wages,Kshama Sawant,Zachary DeWolf,coded_divergence,different_mechanism,"I’m proud to have helped lead the way in making Seattle the first major city to win the $15 minimum wage, through a coalition with labor unions, community organizations, and grassroots activists.","I was proud this year to lead on bringing community workforce agreements to Seattle public schools, a first in the state.",https://cdn.kingcounty.gov/-/media/king-county/depts/elections/how-to-vote/voters-pamphlets/2019/08/edition-1.pdf,https://archive.org/details/Video_Voters_Guide_-_2019_Primary_-_City_of_Seattle_Seattle_School_District
298baa946a9c990fdfecbdb2,race-ef838ba30a1ad20d4a10,labor,union_rights,Casey Carlisle,Nikkita Oliver,coded_divergence,explicit_disagreement,Voting for me is voting against both forced unionization and excessive taxation.,"As a resident who works multiple jobs to make ends meet, she deeply understands the need for a living wage, affordable housing, and paid sick and parental leave.",https://cdn.kingcounty.gov/-/media/king-county/depts/elections/how-to-vote/voters-pamphlets/2017/08/edition-2.pdf,https://cdn.kingcounty.gov/-/media/king-county/depts/elections/how-to-vote/voters-pamphlets/2017/08/edition-2.pdf
b845c46d981ba5820a5b5645,race-ef838ba30a1ad20d4a10,labor,union_rights,Mary J. Martin,Nikkita Oliver,coded_divergence,different_mechanism,The unions must organize the unorganized and support the demand for amnesty to fight for the solidarity of our class.,"As a resident who works multiple jobs to make ends meet, she deeply understands the need for a living wage, affordable housing, and paid sick and parental leave.",https://cdn.kingcounty.gov/-/media/king-county/depts/elections/how-to-vote/voters-pamphlets/2017/08/edition-2.pdf,https://cdn.kingcounty.gov/-/media/king-county/depts/elections/how-to-vote/voters-pamphlets/2017/08/edition-2.pdf
e17b31d7bc02d340d1c6c0ad,race-4e0ada02ef4cde424267,housing,rent_control,Brandy H. M. Brooks,Scott Evan Goldberg,coded_divergence,different_mechanism,"Longer-term, we must create a countywide stabilization policy that protects the affordability of rental housing as part of a wider project of affordable, cooperative, and social housing construction.","Housing. The most important issue in this race is doing what we need to so there’s enough housing and it’s affordable today, tomorrow, and 50 years from now.",https://mdcdsa.org/wp-content/uploads/2021/11/2022-Metro-DC-DSA-Endorsement-Questionnaire-1.pdf,https://bethesdamagazine.com/county-council-at-large/
e22ffbbb35dff6962a4a5d9b,race-4e0ada02ef4cde424267,housing,rent_control,Brandy H. M. Brooks,Will Jawando,coded_divergence,different_mechanism,"Longer-term, we must create a countywide stabilization policy that protects the affordability of rental housing as part of a wider project of affordable, cooperative, and social housing construction.","We must do everything we can to address the housing crisis, meaning we use every tool available including: leveraging all county owned land to build more affordable housing, ask our development community to contribute more, allow greater opportunities for building housing especially near transit, and allow some building of smaller units like duplexes in areas previously only zoned for single family housing.",https://mdcdsa.org/wp-content/uploads/2021/11/2022-Metro-DC-DSA-Endorsement-Questionnaire-1.pdf,https://bethesdamagazine.com/county-council-at-large/
9bcca9ec8bf867b624f441c6,race-4e0ada02ef4cde424267,healthcare,single_payer,Brandy H. M. Brooks,Evan Glass,coded_divergence,different_mechanism,I would support a state-level or federal single-payer health insurance program like Delegate Gabriel Acevero’s Healthy Maryland Act.,My top priority for a second term is providing for the health and safety of all Montgomery County residents.,https://mdcdsa.org/wp-content/uploads/2021/11/2022-Metro-DC-DSA-Endorsement-Questionnaire-1.pdf,https://bethesdamagazine.com/county-council-at-large/
2e6dea31c6455dcdcfc607d4,race-4e0ada02ef4cde424267,healthcare,single_payer,Brandy H. M. Brooks,Scott Evan Goldberg,coded_divergence,different_mechanism,I would support a state-level or federal single-payer health insurance program like Delegate Gabriel Acevero’s Healthy Maryland Act.,"We owe it to them to offer accessible mental health services, have innovative learning in school, expand parks and playgrounds, hold free camps to enjoy, and put on interactive activities like fairs and festivals more frequently and for longer periods of time.",https://mdcdsa.org/wp-content/uploads/2021/11/2022-Metro-DC-DSA-Endorsement-Questionnaire-1.pdf,https://bethesdamagazine.com/county-council-at-large/
60cd78f45b9178f5da5302ee,race-b5fb722f3ee83006712a,housing,zoning,Ebie Lynch,Oliver Ma,coded_divergence,different_mechanism,"I will streamline permitting, reform outdated zoning laws, and accelerate modern home construction. My focus is making housing more accessible and affordable for working families.","As Lieutenant Governor, Oliver will fight for statewide rent control by repealing Costa-Hawkins, repealing the Ellis Act, supporting the right to counsel for tenants, and banning no-fault evictions—so families can stay housed and communities can stay whole.",https://www.ebielynchforcalifornia.com/,https://oliverma2026.com/platform/
69cda891da62650329a5de50,race-b5fb722f3ee83006712a,housing,public_housing,Janelle Kellman,Oliver Ma,coded_divergence,different_mechanism,"We should expand guaranteed and affordable student, faculty and workforce housing near campuses, especially on public and institutional land.","As Lieutenant Governor, Oliver will fight for statewide rent control by repealing Costa-Hawkins, repealing the Ellis Act, supporting the right to counsel for tenants, and banning no-fault evictions—so families can stay housed and communities can stay whole.",https://www.sandiegouniontribune.com/2026/05/05/janelle-kellman-california-lieutenant-governor-candidate-2026-primary-election-questionnaire/,https://oliverma2026.com/platform/
0d407db909d03b9cfed0d970,race-b5fb722f3ee83006712a,housing,public_housing,Josh Fryday,Oliver Ma,coded_divergence,different_mechanism,"I have a plan to build 1 million homes on campuses and universities, and will wake up every day working toward making higher education more affordable.","As Lieutenant Governor, Oliver will fight for statewide rent control by repealing Costa-Hawkins, repealing the Ellis Act, supporting the right to counsel for tenants, and banning no-fault evictions—so families can stay housed and communities can stay whole.",https://www.ocregister.com/2026/05/05/josh-fryday-california-lieutenant-governor-candidate-2026-primary-election-questionnaire/,https://oliverma2026.com/platform/
a27205a4371796d087260dcf,race-b5fb722f3ee83006712a,housing,public_housing,Michael Tubbs,Oliver Ma,coded_divergence,different_mechanism,Students shouldn’t have to worry about housing every year of college: it should be guaranteed.,"As Lieutenant Governor, Oliver will fight for statewide rent control by repealing Costa-Hawkins, repealing the Ellis Act, supporting the right to counsel for tenants, and banning no-fault evictions—so families can stay housed and communities can stay whole.",https://www.sandiegouniontribune.com/2026/05/05/michael-tubbs-california-lieutenant-governor-candidate-2026-primary-election-questionnaire/,https://oliverma2026.com/platform/
c49d47cc1a597830f7565f97,race-b5fb722f3ee83006712a,housing,rent_control,Oliver Ma,Skip Shelton,coded_divergence,different_mechanism,"As Lieutenant Governor, Oliver will fight for statewide rent control by repealing Costa-Hawkins, repealing the Ellis Act, supporting the right to counsel for tenants, and banning no-fault evictions—so families can stay housed and communities can stay whole.","Tackle the housing crisis head-on with common-sense reforms. Cut red tape for builders, expand homeownership programs, and ensure that working families aren’t priced out of the state they call home.",https://oliverma2026.com/platform/,https://skipforca.com/
3c45d59dc2a97f263e569453,race-c503977740ec9c6a566f,climate_energy,transit,Gabriel Acevero,Shane Robinson,coded_divergence,different_mechanism,I’d like to see greater investments in public/mass transit while using existing roads more efficiently so we’re reducing pollution while improving traffic congestion.,"I have sponsored legislation that can bring Maryland to 100% clean, renewable electricity by 2035.",https://bethesdamagazine.com/2018/02/13/state-delegate-district-39-three-seats/,https://bethesdamagazine.com/2018/02/13/state-delegate-district-39-three-seats/
4fef11323efe2088e1c2dcde,race-c503977740ec9c6a566f,education,free_college,Gabriel Acevero,Lesley J. Lopez,coded_divergence,different_mechanism,I’ll work to make public colleges and universities tuition free and ensure we’re making the right investments in our state’s economic future and students aren’t being saddled with debt.,"We specifically need commit to major investments to pre-K and early childhood education, which is key to cutting the achievement gap.",https://bethesdamagazine.com/2018/02/13/state-delegate-district-39-three-seats/,https://elections2018.news.baltimoresun.com/state-house/district-39/lesley-j-lopez/
8307538700875d0543a51020,race-e86fd589efa245645b1e,education,public_schools,George L. Leventhal,Marc B. Elrich,coded_divergence,different_mechanism,"I would make sure that the school system is accountable for results, and I would detail staff to assess whether we are achieving measurable reductions in the achievement and opportunity gap.",I would expand early childhood education.,https://bethesdamagazine.com/2018/02/13/montgomery-county-executive/,https://www.latinomontgomerydems.org/wp-content/uploads/2018/04/../03/Elrich-Questionnaire-2.23.pdf
76d4e8652bd472b8cc55e257,race-e86fd589efa245645b1e,education,childcare,Marc B. Elrich,Rose G. Krasnow,coded_divergence,different_mechanism,I would expand early childhood education.,Education and schools are one of my top priority areas as a candidate for County Executive.,https://www.latinomontgomerydems.org/wp-content/uploads/2018/04/../03/Elrich-Questionnaire-2.23.pdf,https://mocofoodcouncil.org/wp-content/uploads/2018/05/CE-QUESTIONNAIRE-KRASNOW-2.pdf
3d3bd6150812b748fccfee77,race-92bef0369296358f5e9b,education,public_schools,Todd Scott,Zaynab Mohamed,coded_divergence,different_mechanism,Fully fund teachers and schools for equitability and fairness.,So expanding public education to include universal pre-k and comprehensive childcare is another thing that’s important.,https://www.ballotready.org/people/todd-c-scott,https://sahanjournal.com/democracy-politics/black-women-minnesota-senate-zaynab-mohamed/
c76f4cfac275711949fc192f,race-e86fd589efa245645b1e,housing,public_housing,George L. Leventhal,Marc B. Elrich,coded_divergence,different_mechanism,I would like to see a doubling of money in the Housing Initiative Fund.,I want to strengthen tenants’ rights and protect affordable housing.,https://bethesdamagazine.com/2018/02/13/montgomery-county-executive/,https://www.latinomontgomerydems.org/wp-content/uploads/2018/04/../03/Elrich-Questionnaire-2.23.pdf
8e759d7ae25efda75ca149d4,race-d892092155bdfe3ed17e,climate_energy,transit,Gabriel Acevero,Shane Robinson,coded_divergence,different_mechanism,I’d like to see greater investments in public/mass transit while using existing roads more efficiently so we’re reducing pollution while improving traffic congestion.,"I have sponsored legislation that can bring Maryland to 100% clean, renewable electricity by 2035.",https://bethesdamagazine.com/2018/02/13/state-delegate-district-39-three-seats/,https://bethesdamagazine.com/2018/02/13/state-delegate-district-39-three-seats/
0a383ffd2a191c07b95690ef,race-e172eca6da6aee3f3c56,healthcare,single_payer,Bernie Sanders,Joseph R. Biden Jr.,coded_divergence,explicit_disagreement,"Create a Medicare for All, single-payer, national health insurance program to provide everyone in America with comprehensive health care coverage, free at the point of service.",I would veto anything that delays providing the security and the certainty of health care being available now.,https://web.archive.org/web/20200115000000/https://berniesanders.com/issues/medicare-for-all/,https://www.cnn.com/2020/03/10/politics/joe-biden-medicare-for-all-veto/index.html
97d96451dd504a262e54e9bf,race-d48f1a508deba96b730b,healthcare,single_payer,Bernie Sanders,Joseph R. Biden,coded_divergence,different_mechanism,"Create a Medicare for All, single-payer, national health insurance program to provide everyone in America with comprehensive health care coverage, free at the point of service.","I've laid out a plan, building on Obamacare, providing a public option of Medicare, it would cover everyone the same way.",https://web.archive.org/web/20200115000000/https://berniesanders.com/issues/medicare-for-all/,https://transcripts.cnn.com/show/se/date/2020-03-15/segment/03
bb1fad6156b048d23b0b7ea6,race-026beb7df1654b4ca5c4,public_safety,sentencing,Robert L. Langford,Steve Wolfson,coded_divergence,explicit_disagreement,"If you were not a flight risk and you are not a danger to the community, you shouldn't be in jail",I think that our system is slow in instituting reforms to make our system better. I think our system is slow in making progress.,https://thenevadaindependent.com/article/on-the-record-the-policy-positions-of-democratic-clark-county-district-attorney-candidate-rob-langford/,https://thenevadaindependent.com/article/on-the-record-the-policy-positions-of-clark-county-district-attorney-steve-wolfson
4b91cbc9ea9dc5c09f1490c1,race-0218abea5bd67b0db8de,education,childcare,Valerie Thomason,Venise L. Karris,coded_divergence,different_mechanism,"To me, that means Universal Childcare, Housing for All, a living wage, union protections, and tenants rights.","Our educators need continued support to increase pay, reduce class size and aid in retention.",https://ballotpedia.org/Valerie_Thomason,https://ballotpedia.org/Venise_Karris
495be12d1b881f50a29e8a10,race-6257eff967cc9b358e87,healthcare,single_payer,Chris Stoddard,Jose Caballero,coded_divergence,explicit_disagreement,The government should not run all healthcare.,I support Bernie Sanders’ “Medicare for All” program.,https://web.archive.org/web/20201129135807id_/https://votersedge.org/ca/en/election/2020-03-03/san-diego-county/u.s.-house-of-representatives-district-53,https://web.archive.org/web/20201129135807id_/https://votersedge.org/ca/en/election/2020-03-03/san-diego-county/u.s.-house-of-representatives-district-53
3a3f921b5c5201813fed70e0,race-6257eff967cc9b358e87,healthcare,single_payer,Famela Ramos,Jose Caballero,coded_divergence,explicit_disagreement,"While I believe it is important that everyone has access to good medical care that is reliable and affordable, I do not believe that government monopoly, which restricts freedoms to both the patient and the employer is a good thing.",I support Bernie Sanders’ “Medicare for All” program.,https://web.archive.org/web/20201129135807id_/https://votersedge.org/ca/en/election/2020-03-03/san-diego-county/u.s.-house-of-representatives-district-53,https://web.archive.org/web/20201129135807id_/https://votersedge.org/ca/en/election/2020-03-03/san-diego-county/u.s.-house-of-representatives-district-53
3662500f6de3290b4c4d45ce,race-6257eff967cc9b358e87,healthcare,coverage_expansion,Georgette Gómez,Jose Caballero,coded_divergence,different_mechanism,"Affordable Healthcare For All: Georgette will fight for affordable, universal healthcare, She will defend Social Security & Medicare from Trump's attacks.",I support Bernie Sanders’ “Medicare for All” program.,https://web.archive.org/web/20201129135807id_/https://votersedge.org/ca/en/election/2020-03-03/san-diego-county/u.s.-house-of-representatives-district-53,https://web.archive.org/web/20201129135807id_/https://votersedge.org/ca/en/election/2020-03-03/san-diego-county/u.s.-house-of-representatives-district-53
45c05bc247963501846c3992,race-6257eff967cc9b358e87,healthcare,public_option,Janessa Goldbeck,Jose Caballero,coded_divergence,different_mechanism,Support Medicare for all who want it.,I support Bernie Sanders’ “Medicare for All” program.,https://web.archive.org/web/20201129135807id_/https://votersedge.org/ca/en/election/2020-03-03/san-diego-county/u.s.-house-of-representatives-district-53,https://web.archive.org/web/20201129135807id_/https://votersedge.org/ca/en/election/2020-03-03/san-diego-county/u.s.-house-of-representatives-district-53
e418320c19e6a6c1f1b84689,race-6257eff967cc9b358e87,healthcare,single_payer,Joaquín Vazquez,Jose Caballero,coded_divergence,different_mechanism,"Guarantee that every family in America has their full healthcare needs met through Medicare For All, and put an end to a health insurance industry that profits out of the sick and most vulnerable.","Patients would not be responsible for any cost-sharing of medical expenses ending premiums, copays, and deductibles.",https://web.archive.org/web/20201129135807id_/https://votersedge.org/ca/en/election/2020-03-03/san-diego-county/u.s.-house-of-representatives-district-53,https://web.archive.org/web/20201129135807id_/https://votersedge.org/ca/en/election/2020-03-03/san-diego-county/u.s.-house-of-representatives-district-53
8a20c901fd13a461999ca09d,race-6257eff967cc9b358e87,healthcare,coverage_expansion,Jose Caballero,Joseph R. Fountain,coded_divergence,different_mechanism,"Patients would not be responsible for any cost-sharing of medical expenses ending premiums, copays, and deductibles.",I support Medicare for All.,https://web.archive.org/web/20201129135807id_/https://votersedge.org/ca/en/election/2020-03-03/san-diego-county/u.s.-house-of-representatives-district-53,https://web.archive.org/web/20201129135807id_/https://votersedge.org/ca/en/election/2020-03-03/san-diego-county/u.s.-house-of-representatives-district-53
028ca6411cb2c88614995ffd,race-6257eff967cc9b358e87,immigration,border_policy,Chris Stoddard,Jose Caballero,coded_divergence,different_mechanism,"We need to build the border wall and figure out better ways to help immigrants come here the right way, legally.",Let’s legalize DACA and DAPA recipients with immediate United State Citizenship.,https://web.archive.org/web/20201129135807id_/https://votersedge.org/ca/en/election/2020-03-03/san-diego-county/u.s.-house-of-representatives-district-53,https://web.archive.org/web/20201129135807id_/https://votersedge.org/ca/en/election/2020-03-03/san-diego-county/u.s.-house-of-representatives-district-53
123649fbc59c91bcff9d5145,race-6257eff967cc9b358e87,immigration,asylum,Famela Ramos,Jose Caballero,coded_divergence,different_mechanism,"We need to reform our asylum laws , have a merit based system and reinforce our borders, while keeping migrant families together.",Let’s legalize DACA and DAPA recipients with immediate United State Citizenship.,https://web.archive.org/web/20201129135807id_/https://votersedge.org/ca/en/election/2020-03-03/san-diego-county/u.s.-house-of-representatives-district-53,https://web.archive.org/web/20201129135807id_/https://votersedge.org/ca/en/election/2020-03-03/san-diego-county/u.s.-house-of-representatives-district-53
50087ab72aa37305011df41d,race-6257eff967cc9b358e87,immigration,border_policy,Janessa Goldbeck,Jose Caballero,coded_divergence,different_mechanism,End the family separation crisis and evaluate ICE and CBP practices to ensure similar humanitarian crises never happen again.,Let’s legalize DACA and DAPA recipients with immediate United State Citizenship.,https://web.archive.org/web/20201129135807id_/https://votersedge.org/ca/en/election/2020-03-03/san-diego-county/u.s.-house-of-representatives-district-53,https://web.archive.org/web/20201129135807id_/https://votersedge.org/ca/en/election/2020-03-03/san-diego-county/u.s.-house-of-representatives-district-53
48faf34c8b17441ae90509c3,race-6257eff967cc9b358e87,immigration,citizenship,Joaquín Vazquez,Jose Caballero,coded_divergence,different_mechanism,"Pass comprehensive immigration reform that decriminalizes immigration, bans private prisons and detention centers, and guarantees citizenship to parents of American children, DACA recipients and their parents, veterans and agricultural workers.",It is time to end ICE’s mission and pass meaningful immigration reform that stands for our values.,https://web.archive.org/web/20201129135807id_/https://votersedge.org/ca/en/election/2020-03-03/san-diego-county/u.s.-house-of-representatives-district-53,https://web.archive.org/web/20201129135807id_/https://votersedge.org/ca/en/election/2020-03-03/san-diego-county/u.s.-house-of-representatives-district-53
90803ef34305692e0f41c5b1,race-6257eff967cc9b358e87,immigration,border_policy,John Brooks,Jose Caballero,coded_divergence,explicit_disagreement,"Theres a few points I need to make, here. Migration is a natural occurrence for all beings on this planet, and borders are artificial.",Let’s legalize DACA and DAPA recipients with immediate United State Citizenship.,https://web.archive.org/web/20201129135807id_/https://votersedge.org/ca/en/election/2020-03-03/san-diego-county/u.s.-house-of-representatives-district-53,https://web.archive.org/web/20201129135807id_/https://votersedge.org/ca/en/election/2020-03-03/san-diego-county/u.s.-house-of-representatives-district-53
cb39488d735e8fe033104428,race-6257eff967cc9b358e87,immigration,citizenship,Jose Caballero,Joseph R. Fountain,coded_divergence,explicit_disagreement,Let’s legalize DACA and DAPA recipients with immediate United State Citizenship.,Deportations will stop.,https://web.archive.org/web/20201129135807id_/https://votersedge.org/ca/en/election/2020-03-03/san-diego-county/u.s.-house-of-representatives-district-53,https://web.archive.org/web/20201129135807id_/https://votersedge.org/ca/en/election/2020-03-03/san-diego-county/u.s.-house-of-representatives-district-53
73f45d420cda49cfcbd58c1e,race-6257eff967cc9b358e87,climate_energy,emissions,Annette Meza,Jose Caballero,coded_divergence,different_mechanism,"Her campaign focuses on the real issues facing individuals and families living in this community: Healthcare, education, climate change, veteran wellness, and family empowerment.",Expanding and passing the Green New Deal into law.,https://web.archive.org/web/20201129135807id_/https://votersedge.org/ca/en/election/2020-03-03/san-diego-county/u.s.-house-of-representatives-district-53,https://web.archive.org/web/20201129135807id_/https://votersedge.org/ca/en/election/2020-03-03/san-diego-county/u.s.-house-of-representatives-district-53
55b46922a2ba8dd83ba59e50,race-6257eff967cc9b358e87,climate_energy,green_new_deal,Chris Stoddard,Jose Caballero,coded_divergence,explicit_disagreement,The Green New Deal is unrealistic and absurd.,Expanding and passing the Green New Deal into law.,https://web.archive.org/web/20201129135807id_/https://votersedge.org/ca/en/election/2020-03-03/san-diego-county/u.s.-house-of-representatives-district-53,https://web.archive.org/web/20201129135807id_/https://votersedge.org/ca/en/election/2020-03-03/san-diego-county/u.s.-house-of-representatives-district-53
1c889280c7e01d21cdb364ac,race-6257eff967cc9b358e87,climate_energy,public_energy,Georgette Gómez,Jose Caballero,coded_divergence,different_mechanism,"Making 100% Clean Energy A Reality: A former environmental justice community organizer, Georgette is fighting to implement San Diego’s landmark Climate Action Plan to achieve 100% renewable energy.",Expanding and passing the Green New Deal into law.,https://web.archive.org/web/20201129135807id_/https://votersedge.org/ca/en/election/2020-03-03/san-diego-county/u.s.-house-of-representatives-district-53,https://web.archive.org/web/20201129135807id_/https://votersedge.org/ca/en/election/2020-03-03/san-diego-county/u.s.-house-of-representatives-district-53
dbad21de388fa19b7c841167,race-6257eff967cc9b358e87,climate_energy,transit,Janessa Goldbeck,Jose Caballero,coded_divergence,different_mechanism,Spending must prioritize projects that meaningfully reduce demand for driving so that we can achieve rapid greenhouse gas emission reductions.,Expanding and passing the Green New Deal into law.,https://web.archive.org/web/20201129135807id_/https://votersedge.org/ca/en/election/2020-03-03/san-diego-county/u.s.-house-of-representatives-district-53,https://web.archive.org/web/20201129135807id_/https://votersedge.org/ca/en/election/2020-03-03/san-diego-county/u.s.-house-of-representatives-district-53
8e0d892aa0a12a0f0df727cf,race-6257eff967cc9b358e87,climate_energy,emissions,John Brooks,Jose Caballero,coded_divergence,different_mechanism,"Implementing a national climate correction protocol, so that the USA takes a leadership role against global warming.",Expanding and passing the Green New Deal into law.,https://web.archive.org/web/20201129135807id_/https://votersedge.org/ca/en/election/2020-03-03/san-diego-county/u.s.-house-of-representatives-district-53,https://web.archive.org/web/20201129135807id_/https://votersedge.org/ca/en/election/2020-03-03/san-diego-county/u.s.-house-of-representatives-district-53
2da6522f4da2282e508e3448,race-6257eff967cc9b358e87,climate_energy,green_new_deal,Jose Caballero,Sara Jacobs,coded_divergence,different_mechanism,Expanding and passing the Green New Deal into law.,Protecting our environment and transition to clean energy,https://web.archive.org/web/20201129135807id_/https://votersedge.org/ca/en/election/2020-03-03/san-diego-county/u.s.-house-of-representatives-district-53,https://web.archive.org/web/20201129135807id_/https://votersedge.org/ca/en/election/2020-03-03/san-diego-county/u.s.-house-of-representatives-district-53
72503a6e092a814e3fbf20d8,race-e3c15129647db8f661a4,political_strategy,governing,Devora “Dev” Davis,Jake Tonkel,coded_divergence,different_mechanism,"I’ve been doing the job for three years, I went to school specifically for public policy and I have a research background. I know how to analyze data and make decisions based on the best information.","You can push and push and push, but if you don't have allies in politics, we're doing a lot of work as volunteers that just gets put out like a cigarette butt.",https://sanjosespotlight.com/san-jose-councilmember-dev-davis-has-more-on-her-to-do-list/,https://sanjosespotlight.com/jake-tonkel-focuses-on-inequality-in-bid-to-represent-san-joses-district-6/
c9f0edc5b3df0bae97a9b890,race-e3c15129647db8f661a4,political_strategy,class_struggle,Jake Tonkel,Marshall Woodmansee,coded_divergence,different_mechanism,"We've got a lot of wealth and then we've got a lot of families struggling to get by, and honestly, it affects everything from how many people are driving long distances on our roads to the time that they can spend with their kids … to how much funding we get for certain public schools. It really just divides us as a community.","This campaign has been done in a way that can be emulated by the average teenager or early 20-year-old feasibly and again with measurable success. We really need to get new people in office, and in my honest opinion, young people… need to be running in office every election.",https://sanjosespotlight.com/jake-tonkel-focuses-on-inequality-in-bid-to-represent-san-joses-district-6/,https://sanjosespotlight.com/marshall-woodmansee-works-to-motivate-young-people-on-his-way-to-the-ballot/
1f8b56be6b0137fde01a7007,race-d0a205ac0803c1dc637e,housing,zoning,Sally J. Lieber,Shelly Masur,coded_divergence,different_mechanism,All the heat and light emanating from SB 50 helped some good bills get through.,"Housing is a basic right people have, and it is on all of us to figure our how we can address the need.",https://www.smdailyjournal.com/news/local/senate-candidates-share-housing-transportation-policies/article_daf9d012-4710-11ea-bd66-7bbad68ebad8.html,https://www.smdailyjournal.com/news/local/senate-candidates-share-housing-transportation-policies/article_daf9d012-4710-11ea-bd66-7bbad68ebad8.html
3719472c639f1568913f9586,race-d0a205ac0803c1dc637e,climate_energy,emissions,Alexander Glew,Sally J. Lieber,coded_divergence,different_mechanism,How do we get some quick results with minimal capital investments that pay for themselves?,We don’t have the transit that we need and deserve in the Bay Area.,https://www.smdailyjournal.com/news/local/senate-candidates-address-environment-education/article_3d7562e0-47d6-11ea-b56d-77a2fbd87c9f.html,https://www.smdailyjournal.com/news/local/senate-candidates-share-housing-transportation-policies/article_daf9d012-4710-11ea-bd66-7bbad68ebad8.html
e33b888f0f1c06398e0a19fe,race-d0a205ac0803c1dc637e,climate_energy,emissions,Annie Oliva,Sally J. Lieber,coded_divergence,different_mechanism,I don’t want to leave this to the next generation.,We don’t have the transit that we need and deserve in the Bay Area.,https://www.smdailyjournal.com/news/local/senate-candidates-address-environment-education/article_3d7562e0-47d6-11ea-b56d-77a2fbd87c9f.html,https://www.smdailyjournal.com/news/local/senate-candidates-share-housing-transportation-policies/article_daf9d012-4710-11ea-bd66-7bbad68ebad8.html
ffa9ea36f946577d59f703a2,race-d0a205ac0803c1dc637e,climate_energy,emissions,Josh Becker,Sally J. Lieber,coded_divergence,different_mechanism,I’m working on ideas that would incentivize green initiatives.,We don’t have the transit that we need and deserve in the Bay Area.,https://www.smdailyjournal.com/news/local/senate-candidates-address-environment-education/article_3d7562e0-47d6-11ea-b56d-77a2fbd87c9f.html,https://www.smdailyjournal.com/news/local/senate-candidates-share-housing-transportation-policies/article_daf9d012-4710-11ea-bd66-7bbad68ebad8.html
23dddc1818488859be6f8894,race-d0a205ac0803c1dc637e,climate_energy,emissions,Mike Brownrigg,Sally J. Lieber,coded_divergence,different_mechanism,I think this is perhaps the most important issue to ask about because to do this will require political courage.,We don’t have the transit that we need and deserve in the Bay Area.,https://www.smdailyjournal.com/news/local/senate-candidates-address-environment-education/article_3d7562e0-47d6-11ea-b56d-77a2fbd87c9f.html,https://www.smdailyjournal.com/news/local/senate-candidates-share-housing-transportation-policies/article_daf9d012-4710-11ea-bd66-7bbad68ebad8.html
2cbccf4a45d0a3983bbb9138,race-d0a205ac0803c1dc637e,climate_energy,transit,Sally J. Lieber,Shelly Masur,coded_divergence,different_mechanism,We don’t have the transit that we need and deserve in the Bay Area.,I think we need to have a greater sense of urgency.,https://www.smdailyjournal.com/news/local/senate-candidates-share-housing-transportation-policies/article_daf9d012-4710-11ea-bd66-7bbad68ebad8.html,https://www.smdailyjournal.com/news/local/senate-candidates-address-environment-education/article_3d7562e0-47d6-11ea-b56d-77a2fbd87c9f.html
92214ed7f80a1395b130753f,race-d0a205ac0803c1dc637e,tax_budget,public_spending,Alexander Glew,Sally J. Lieber,coded_divergence,explicit_disagreement,"It’s a disaster, it’s the elephant in the room and it puts pressure on everything else.",My feeling is you get what you pay for in this life.,https://www.smdailyjournal.com/news/local/senate-candidates-address-environment-education/article_3d7562e0-47d6-11ea-b56d-77a2fbd87c9f.html,https://www.smdailyjournal.com/news/local/senate-candidates-address-environment-education/article_3d7562e0-47d6-11ea-b56d-77a2fbd87c9f.html
156bab595d3766dbbaf8145b,race-d0a205ac0803c1dc637e,tax_budget,public_spending,Annie Oliva,Sally J. Lieber,coded_divergence,explicit_disagreement,I’m probably not one that will support any specific taxes toward transportation.,My feeling is you get what you pay for in this life.,https://www.smdailyjournal.com/news/local/senate-candidates-share-housing-transportation-policies/article_daf9d012-4710-11ea-bd66-7bbad68ebad8.html,https://www.smdailyjournal.com/news/local/senate-candidates-address-environment-education/article_3d7562e0-47d6-11ea-b56d-77a2fbd87c9f.html
881518d9402106d6426f4984,race-d0a205ac0803c1dc637e,tax_budget,corporate_tax,Josh Becker,Sally J. Lieber,coded_divergence,different_mechanism,I do think those companies should be asked to pay.,My feeling is you get what you pay for in this life.,https://www.smdailyjournal.com/news/local/senate-candidates-share-housing-transportation-policies/article_daf9d012-4710-11ea-bd66-7bbad68ebad8.html,https://www.smdailyjournal.com/news/local/senate-candidates-address-environment-education/article_3d7562e0-47d6-11ea-b56d-77a2fbd87c9f.html
20bc1bad3c62974b25f220c2,race-771aff796d89fe4ec1df,labor,wages,Alex Mossing,"Robert ""Bob"" Murrell",coded_divergence,different_mechanism,"I would also advocate prioritizing local businesses and developers over out-of-state entities, especially those hiring local folks, paying living wages, and including affordable housing components.","We need to instead start funding worker owned cooperatives and small businesses owned by historically oppressed people, and shift OBES focus towards these initiatives.",https://www.bgr.org/2025-council-district-a-primary-candidates-by-issue/,https://www.bgr.org/2025-council-district-a-primary-candidates-by-issue/
882a7e3454921f98bd73be2d,race-634e869e6260148d2f4a,public_safety,sentencing,Stephen Zappala Jr.,Turahn Jenkins,coded_divergence,explicit_disagreement,being an addict is not a crime.,"We have to get back to treating people like people. What I mean by that -- for so long we've been so tough on crime, it's time to be smart on crime,",https://web.archive.org/web/20190515144333id_/https://www.pghcitypaper.com/pittsburgh/election-guide-allegheny-county-district-attorney/Content?oid=14973316,https://www.cbsnews.com/pittsburgh/news/district-attorney-stephen-zappala-challenger-rosfeld-case/
88528b3c33539074dddb566e,race-e4f88f1286d62b12a1ab,climate_energy,fossil_fuels,Betsy Monroe,Kareem Kandil,coded_divergence,explicit_disagreement,"It has to benefit our people. We can put that money into education. We can put that into renewable energy, those are jobs that are actually going to stay.","Kareem supports plans to reach 100% renewable energy in Pennsylvania by 2035 by promoting the construction of wind and solar power farms, improving energy efficiency statewide, and exploring hydro and geothermal power.",https://web.archive.org/web/20180202214934id_/https://www.pghcitypaper.com/PolitiCrap/archives/2018/02/02/betsy-monroe-inspired-by-the-womens-march-is-challenging-state-rep-hal-english-in-pittsburghs-north-hills,https://web.archive.org/web/20180509132550id_/http://www.kareemforpa.com/issues
5e3b1d99a16c84923eacfbb9,race-e00225d954a0fcd6d7b0,public_safety,sentencing,Geneviéve Jones-Wright,Summer Stephan,coded_divergence,explicit_disagreement,The death penalty has no place in a civilized society.,"I’m looking into… I visited Los Angeles because they have a very excellent sort of crisis de-escalation because, as we know, a lot of our officer-involved shootings involve persons with mental illness and so they have a program that really helps.",https://www.sandiegouniontribune.com/2018/04/12/san-diego-county-district-attorney-candidate-genevive-jones-wright-the-union-tribune-interview/,https://www.sandiegouniontribune.com/2018/04/12/san-diego-county-district-attorney-candidate-summer-stephan-the-union-tribune-interview/
1f606b8103483ba1c3c36039,race-4a8873c3f97a05cdb974,housing,public_housing,Antonio Martinez,Christian Ramirez,coded_divergence,different_mechanism,We need to dramatically expand the construction of new housing stock for low and middle income families by slashing red tape at City Hall so permits get approved faster and partnering closely with affordable housing builders to fast track and fund projects.,"Ultimately, the housing crisis is tied to the high costs of living, a sensible rent control program should be considered.",https://www.sandiegouniontribune.com/2018/05/15/san-diego-city-council-candidate-antonio-martinez-on-the-issues/,https://www.sandiegouniontribune.com/2018/05/15/san-diego-city-council-candidate-christian-ramirez-on-the-issues/
f4400bb13eed5287f2e2b4e6,race-4a8873c3f97a05cdb974,housing,public_housing,Christian Ramirez,Vivian Moreno,coded_divergence,different_mechanism,The city must conduct an audit of vacant and underused parcels of land owned by the city and other local entities like the Metropolitan Transit Service and build affordable housing units in those parcels.,"We need to incentivize transit-oriented development along our major transit lines, not only with density bonuses and reasonable deregulation, but also with funding for environmental remediation, lot consolidation and public infrastructure construction.",https://www.sandiegouniontribune.com/2018/05/15/san-diego-city-council-candidate-christian-ramirez-on-the-issues/,https://www.sandiegouniontribune.com/2018/05/15/san-diego-city-council-candidate-vivian-moreno-on-the-issues/
cb477a0f66a08e4a7fb8fc39,race-4a8873c3f97a05cdb974,housing,rent_control,Christian Ramirez,Zachary Lazarus,coded_divergence,different_mechanism,"Ultimately, the housing crisis is tied to the high costs of living, a sensible rent control program should be considered.",We will work to help develop a housing measure for future ballots with other stakeholders within our community. Housing First!,https://www.sandiegouniontribune.com/2018/05/15/san-diego-city-council-candidate-christian-ramirez-on-the-issues/,https://www.sandiegouniontribune.com/2018/05/15/san-diego-city-council-candidate-zachary-lazarus-on-the-issues/
c70898d84413a1ccd576ae0b,race-148f3a6d232181dd80d9,healthcare,public_option,Ammar Campa-Najjar,Jose Cortes,coded_divergence,different_mechanism,"So what I would propose is when, if I get into Congress, I would support, um, you know, launching a nonprofit-type of health care. And I would also open up a public option.","Most people agree, people shouldn’t be hungry or homeless or dying of preventable diseases … We’re running to win and hoping to catch some of those cozy career politicians sleeping.",https://www.sandiegouniontribune.com/2020/01/12/ammar-campa-najjar-candidate-for-the-50th-congressional-district/,https://www.sandiegouniontribune.com/2020/01/11/lesser-known-candidates-could-shake-up-tight-race-to-replace-hunter/
ab142bf541fe0d7c73a42a84,race-2fe58715c24c42ff8338,housing,public_housing,Chris Ward,Sarah Davis,coded_divergence,different_mechanism,Housing-first philosophy requires us to also have the supportive services on site.,"I don’t think that, um, single family zoning is something holy that we need to protect. And I would, I’m fine if somebody comes up with a way to basically get rid of single family zoning, which is what SB 50 would do in most areas.",https://www.sandiegouniontribune.com/2020/02/04/chris-ward-candidate-for-state-assembly-district-78/,https://www.sandiegouniontribune.com/2020/02/04/sarah-davis-candidate-for-state-assembly-district-78/
d624603ca9c21b67217c3cfc,race-2fe58715c24c42ff8338,housing,tenant_rights,Micah Perlin,Sarah Davis,coded_divergence,different_mechanism,"We’re gonna have to scale up programs, uh, for rental assistance so people are not getting tossed out.","I support public investment in public housing, Um actually building some housing.",https://www.sandiegouniontribune.com/2020/02/04/micah-perlin-candidate-for-state-assembly-district-78/,https://www.sandiegouniontribune.com/2020/02/04/sarah-davis-candidate-for-state-assembly-district-78/
abd89b70a629f12c04cd8486,race-2812e849ff7ef05c62d9,labor,wages,Larry Farnese,Nikil Saval,coded_divergence,different_mechanism,We need to raise the minimum wage from the current $7.25 an hour to $12-15 an hour and have it adjust annually according to inflation.,That’s my background. We’re running to support workers.,https://phila2ndward.org/candidates/larry-farnese-qna/,https://billypenn.com/2020/05/22/local-98-backs-nikil-saval-bernie-endorsed-challenger-for-philly-state-senate-seat/
5deb4bd62e04cb8ed3b1c16b,race-e2b6f8d54db828efc7e2,foreign_policy,war,Joe Biden,Uncommitted,coded_divergence,explicit_disagreement,"Now, my predecessor, a former Republican President, tells Putin, “Do whatever the hell you want.”","President Biden has been a successful candidate in the past by representing a broad coalition, but right now he’s not representing the vast majority of Democrats who want a ceasefire and an end to the funding of Israel’s war in Gaza.",https://bidenwhitehouse.archives.gov/briefing-room/speeches-remarks/2024/03/07/remarks-of-president-joe-biden-state-of-the-union-address-as-prepared-for-delivery-2/,https://listentomaryland.org/about
f22471707d06d375a1ef3b2b,race-e2b6f8d54db828efc7e2,foreign_policy,military_spending,Marianne Williamson,Uncommitted,coded_divergence,explicit_disagreement,"You know, I'd like to see 30%.","We are selecting UNCOMMITTED on the ballot as a protest, to let him know we won’t stand with him as he funds more war and genocide in Gaza.",https://abcnews.com/Politics/marianne-williamsons-week-interview-full-transcript-2024-campaign/story?id=97633670,https://listentomaryland.org/about
6b1b2f0fa9ccc87ce31e3bf7,race-492a0903da1e2087b446,housing,rent_control,Anthony Bryson,Mary Zendejas,coded_divergence,different_mechanism,"I’ll push to lower the rent increase cap from 8% to 3%, close the “renovation eviction” loophole, and impose vacancy penalties on speculators holding properties empty while neighbors sleep on sidewalks.","I am fighting every day to make District One safer, more affordable, and more inclusive for all of our families. From championing affordable housing and improving public safety to supporting local small businesses, I lead with experience and results.",https://sigtrib.com/candidate-questionnaires-district-1-candidate-anthony-bryson/,https://maryzendejas.com/
46c69e24646ce7647a50d08d,race-92d9ab18d64e4a42b737,political_strategy,governing,Diana DeGette,Melat Kiros,coded_divergence,different_mechanism,"It’s having the vision and the ability to write the legislation, and then to push the legislation through and having the contacts to make that happen. Legislative politics is a team sport, so you have to be able to be the captain of the team.",There’s nothing in her record to point to that shows that she’s fighting for working people right now in a way that’s meaningful and tangible.,https://www.denverpost.com/2026/05/31/diana-degette-primary-challengers-congress/,https://www.denverpost.com/2026/05/31/diana-degette-primary-challengers-congress/
cf9172a043b10eda1668a034,race-d48f1a508deba96b730b,political_strategy,class_struggle,Bernie Sanders,Tulsi Gabbard,coded_divergence,different_mechanism,"What our movement is about is bringing working-class people together, black and white and Latino, Native American, Asian American, around an agenda that works for all of us and not just the billionaire class.","As president I will bring this spirit of real patriotism to the White House, serving the interest of all Americans, not just the rich and powerful.",https://www.nbcnews.com/politics/2020-election/full-transcript-ninth-democratic-debate-las-vegas-n1139546,https://www.nbcnews.com/politics/2020-election/democratic-debate-transcript-july-31-2019-n1038016
4051aa2f47b03140553e886f,race-e172eca6da6aee3f3c56,political_strategy,class_struggle,Bernie Sanders,Tulsi Gabbard,coded_divergence,different_mechanism,"What our movement is about is bringing working-class people together, black and white and Latino, Native American, Asian American, around an agenda that works for all of us and not just the billionaire class.","As president I will bring this spirit of real patriotism to the White House, serving the interest of all Americans, not just the rich and powerful.",https://www.nbcnews.com/politics/2020-election/full-transcript-ninth-democratic-debate-las-vegas-n1139546,https://www.nbcnews.com/politics/2020-election/democratic-debate-transcript-july-31-2019-n1038016
2efcfd34d8a9ab478ecf59fc,race-dcc5f1f910b38647e104,housing,public_housing,Libby Urner Wennstrom,Tyler Myles Vega,coded_divergence,different_mechanism,It’s time to actually get affordable workforce housing built.,"Locally, those same generations are getting gentrified out of town.",https://voter.votewa.gov/genericvoterguide.aspx?e=870&c=#/candidates/63307/1537892,https://voter.votewa.gov/genericvoterguide.aspx?e=870&c=#/candidates/63307/1533984
da4fcbac90aa81214f35db93,race-dcc5f1f910b38647e104,housing,public_housing,Sky Hardesty-Thompson,Tyler Myles Vega,coded_divergence,different_mechanism,I’d love to see a subsidized apartment complex get built real quickly.,"Locally, those same generations are getting gentrified out of town.",https://www.peninsuladailynews.com/2021/07/22/homelessness-climate-change-discussed-at-port-townsend-city-council-candidate-forum/,https://voter.votewa.gov/genericvoterguide.aspx?e=870&c=#/candidates/63307/1533984
9e40d906d6abe63fde2e4d60,race-9b4326ee8df6f190d378,housing,public_housing,"Flojaune ""Flo"" Cofer",Richard Pan,coded_divergence,different_mechanism,"I’ll provide the leadership needed to solve our homelessness and housing crisis, make our streets safer, and create quality jobs while protecting our climate.",I will protect the character of our neighborhoods as we build more affordable middle class housing.,https://www.cityofsacramento.gov/content/dam/portal/clerk/Elections/2024-Election-Documents/Candidates/Flojaune-Flo-Cofer-Candidate-Worksheet---Website.pdf,https://www.cityofsacramento.gov/content/dam/portal/clerk/Elections/2024-Election-Documents/Candidates/Richard-Pan-Candidate-Worksheet---Website.pdf
26a920b91601d5b88758be2c,race-9b4326ee8df6f190d378,housing,public_housing,"Flojaune ""Flo"" Cofer",Steve Hansen,coded_divergence,different_mechanism,"I’ll provide the leadership needed to solve our homelessness and housing crisis, make our streets safer, and create quality jobs while protecting our climate.","Together, we can solve our housing affordability crisis by cutting red tape to build thousands of new units.",https://www.cityofsacramento.gov/content/dam/portal/clerk/Elections/2024-Election-Documents/Candidates/Flojaune-Flo-Cofer-Candidate-Worksheet---Website.pdf,https://www.cityofsacramento.gov/content/dam/portal/clerk/Elections/2024-Election-Documents/Candidates/Steve-Hansen-Candidate-Worksheet---Website.pdf
b1380ec52cd6f21053f6affb,race-812b072a862c472a346d,public_safety,sentencing,Alana Mathews,Thien Ho,coded_divergence,explicit_disagreement,I believe we can’t incarcerate our way to safety. So we can’t just react to crime with being in the courtroom. We have to have prevention and intervention strategies.,I work with Mervin Brookins and Gina Warren from Brother to Brother and Sister to Sister to divert people away from the pipeline to our prison system.,https://web.archive.org/web/20220524023607/https://www.alanaforda.com/2022/03/09/sac-county-da-candidate-mathews-speaks-about-gun-violence-incarceration/,https://www.youtube.com/watch?v=rKLpeC54118
d0d03c11f251a0e7fb9dc582,race-2bc33021849fefc6c865,labor,work_time,Ben Bartlett,Nikki Fortunato Bas,coded_divergence,different_mechanism,expand paid family leave,"I spent decades successfully organizing Chinatown garment workers, building the student anti-sweatshop movement, and advocating for fair pay/working conditions for our most vulnerable residents.",https://acvote.alamedacountyca.gov/acvote-assets/02_election_information/PDFs/20240305/en/Voter%20Information%20Guide/Voter%20Information%20Guide%20Composite.pdf,https://acvote.alamedacountyca.gov/acvote-assets/02_election_information/PDFs/20240305/en/Voter%20Information%20Guide/Voter%20Information%20Guide%20Composite.pdf
4ec649bc9cba8cd5b4db9e5a,race-2bc33021849fefc6c865,housing,public_housing,Ben Bartlett,Nikki Fortunato Bas,coded_divergence,different_mechanism,"create more than 1,000 affordable homes","established a $14,000,000 Fund helping low-income tenants purchase homes",https://acvote.alamedacountyca.gov/acvote-assets/02_election_information/PDFs/20240305/en/Voter%20Information%20Guide/Voter%20Information%20Guide%20Composite.pdf,https://acvote.alamedacountyca.gov/acvote-assets/02_election_information/PDFs/20240305/en/Voter%20Information%20Guide/Voter%20Information%20Guide%20Composite.pdf
4522ef35bfe5e09649537de1,race-2bc33021849fefc6c865,housing,public_housing,Chris Moore,Nikki Fortunato Bas,coded_divergence,different_mechanism,I will bring my experience for equitable housing policies and having real experience being self-employed but most not being a politician.,"established a $14,000,000 Fund helping low-income tenants purchase homes",https://acvote.alamedacountyca.gov/acvote-assets/02_election_information/PDFs/20240305/en/Voter%20Information%20Guide/Voter%20Information%20Guide%20Composite.pdf,https://acvote.alamedacountyca.gov/acvote-assets/02_election_information/PDFs/20240305/en/Voter%20Information%20Guide/Voter%20Information%20Guide%20Composite.pdf
86bb2d7d27654e9104816bc2,race-2bc33021849fefc6c865,housing,public_housing,John J. Bauters,Nikki Fortunato Bas,coded_divergence,different_mechanism,"As an Emeryville Councilmember and Mayor, I championed an affordable housing bond to fund hundreds of new homes for low-income and working families","established a $14,000,000 Fund helping low-income tenants purchase homes",https://acvote.alamedacountyca.gov/acvote-assets/02_election_information/PDFs/20240305/en/Voter%20Information%20Guide/Voter%20Information%20Guide%20Composite.pdf,https://acvote.alamedacountyca.gov/acvote-assets/02_election_information/PDFs/20240305/en/Voter%20Information%20Guide/Voter%20Information%20Guide%20Composite.pdf
510f9c45aec8fc571f415918,race-2bc33021849fefc6c865,housing,public_housing,Lorrel Plimier,Nikki Fortunato Bas,coded_divergence,different_mechanism,I will focus my skills on creative strategies to move the needle on improved housing and public safety.,"established a $14,000,000 Fund helping low-income tenants purchase homes",https://acvote.alamedacountyca.gov/acvote-assets/02_election_information/PDFs/20240305/en/Voter%20Information%20Guide/Voter%20Information%20Guide%20Composite.pdf,https://acvote.alamedacountyca.gov/acvote-assets/02_election_information/PDFs/20240305/en/Voter%20Information%20Guide/Voter%20Information%20Guide%20Composite.pdf
66c46a5ec8b5ac6951ffcfcf,race-2bc33021849fefc6c865,healthcare,public_health,Ben Bartlett,Nikki Fortunato Bas,coded_divergence,different_mechanism,"A lifelong advocate for equity and inclusion, I’ll lead the way on mental healthcare, gun violence reduction, climate action, and community investment.",I’ll fight for housing that working families can afford and ensure every family has access to quality healthcare.,https://acvote.alamedacountyca.gov/acvote-assets/02_election_information/PDFs/20240305/en/Voter%20Information%20Guide/Voter%20Information%20Guide%20Composite.pdf,https://acvote.alamedacountyca.gov/acvote-assets/02_election_information/PDFs/20240305/en/Voter%20Information%20Guide/Voter%20Information%20Guide%20Composite.pdf
9aa44d069e21cda43611ce91,race-2bc33021849fefc6c865,healthcare,public_health,Ken Berrick,Nikki Fortunato Bas,coded_divergence,different_mechanism,"My primary focus will be on education, children’s services, healthcare, and mental health – areas where I have successfully driven positive change throughout my career.",I’ll fight for housing that working families can afford and ensure every family has access to quality healthcare.,https://acvote.alamedacountyca.gov/acvote-assets/02_election_information/PDFs/20240305/en/Voter%20Information%20Guide/Voter%20Information%20Guide%20Composite.pdf,https://acvote.alamedacountyca.gov/acvote-assets/02_election_information/PDFs/20240305/en/Voter%20Information%20Guide/Voter%20Information%20Guide%20Composite.pdf
398107c78a779bb22cc77fb7,race-673de31aaecd5921c9f6,housing,tenant_rights,Dan Kalb,Jovanka Beckles,coded_divergence,different_mechanism,"I’ve secured tens of millions of dollars for affordable housing, passed strong renter protections, led on campaign finance reform, and championed investment in libraries and public education.",approved thousands of units of affordable housing,https://acvote.alamedacountyca.gov/acvote-assets/02_election_information/PDFs/20240305/en/Voter%20Information%20Guide/Voter%20Information%20Guide%20Composite.pdf,https://acvote.alamedacountyca.gov/acvote-assets/02_election_information/PDFs/20240305/en/Voter%20Information%20Guide/Voter%20Information%20Guide%20Composite.pdf
4c520eae5a00460ba5b390dd,race-673de31aaecd5921c9f6,housing,tenant_rights,Jesse Arreguín,Jovanka Beckles,coded_divergence,different_mechanism,"I’m leading the East Bay on housing affordability— building more housing than we have seen in decades, protecting renters, and developing a regional plan for 440,000 new homes.",approved thousands of units of affordable housing,https://acvote.alamedacountyca.gov/acvote-assets/02_election_information/PDFs/20240305/en/Voter%20Information%20Guide/Voter%20Information%20Guide%20Composite.pdf,https://acvote.alamedacountyca.gov/acvote-assets/02_election_information/PDFs/20240305/en/Voter%20Information%20Guide/Voter%20Information%20Guide%20Composite.pdf
47c573d779bc2ffc72d8f0a0,race-673de31aaecd5921c9f6,housing,public_housing,Jovanka Beckles,Kathryn Lybarger,coded_divergence,different_mechanism,approved thousands of units of affordable housing,"Today, I’m negotiating for first-time homeownership opportunities for working families in my union.",https://acvote.alamedacountyca.gov/acvote-assets/02_election_information/PDFs/20240305/en/Voter%20Information%20Guide/Voter%20Information%20Guide%20Composite.pdf,https://acvote.alamedacountyca.gov/acvote-assets/02_election_information/PDFs/20240305/en/Voter%20Information%20Guide/Voter%20Information%20Guide%20Composite.pdf
856dda85cc92e725f661b44d,race-673de31aaecd5921c9f6,healthcare,coverage_expansion,Jesse Arreguín,Jovanka Beckles,coded_divergence,different_mechanism,champion universal healthcare,Medicare for All,https://acvote.alamedacountyca.gov/acvote-assets/02_election_information/PDFs/20240305/en/Voter%20Information%20Guide/Voter%20Information%20Guide%20Composite.pdf,https://acvote.alamedacountyca.gov/acvote-assets/02_election_information/PDFs/20240305/en/Voter%20Information%20Guide/Voter%20Information%20Guide%20Composite.pdf
f6ca054872e9ff86b017e5f4,race-673de31aaecd5921c9f6,healthcare,single_payer,Jovanka Beckles,Kathryn Lybarger,coded_divergence,different_mechanism,Medicare for All,The improvements have been life-changing for workers and patients.,https://acvote.alamedacountyca.gov/acvote-assets/02_election_information/PDFs/20240305/en/Voter%20Information%20Guide/Voter%20Information%20Guide%20Composite.pdf,https://acvote.alamedacountyca.gov/acvote-assets/02_election_information/PDFs/20240305/en/Voter%20Information%20Guide/Voter%20Information%20Guide%20Composite.pdf
7eadaf397339419e47dc15b9,race-673de31aaecd5921c9f6,climate_energy,emissions,Dan Kalb,Jovanka Beckles,coded_divergence,different_mechanism,"As a leading California environmental policy expert, I spent years working for Sierra Club and Union of Concerned Scientists where I took on big oil and utilities by crafting legislation to expand renewable energy, reduce toxic pollution and tackle climate change head on!",a Green New Deal,https://acvote.alamedacountyca.gov/acvote-assets/02_election_information/PDFs/20240305/en/Voter%20Information%20Guide/Voter%20Information%20Guide%20Composite.pdf,https://acvote.alamedacountyca.gov/acvote-assets/02_election_information/PDFs/20240305/en/Voter%20Information%20Guide/Voter%20Information%20Guide%20Composite.pdf
165d4381917f61a2f5586f5f,race-673de31aaecd5921c9f6,climate_energy,green_new_deal,Jovanka Beckles,Kathryn Lybarger,coded_divergence,different_mechanism,a Green New Deal,"And the Los Angeles Times covered my co-founding of California Labor for Climate Jobs “... to make sure that as we shift to a low-carbon economy, the jobs are just as good.”",https://acvote.alamedacountyca.gov/acvote-assets/02_election_information/PDFs/20240305/en/Voter%20Information%20Guide/Voter%20Information%20Guide%20Composite.pdf,https://acvote.alamedacountyca.gov/acvote-assets/02_election_information/PDFs/20240305/en/Voter%20Information%20Guide/Voter%20Information%20Guide%20Composite.pdf
e5372c3023d691e6c85f729c,race-65b42f86e7f537aa461c,climate_energy,green_new_deal,David Lee Mandel,Doris Matsui,coded_divergence,different_mechanism,"I will push Congress to address the impending climate catastrophe as the ecological, economic and security threat it is, and press for a Green New Deal along with global action to end fossil fuels for good.",I will continue working to make our region the clean-tech capital.,https://www.californiadsa.org/news/why-i-am-running-for-congress-in-californias-7th-district,https://web.archive.org/web/20230131011801id_/https://www.matsuiforcongress.com/issues/clean-energy/
4352c15963364ac8de22f33a,race-65b42f86e7f537aa461c,healthcare,single_payer,David Lee Mandel,Doris Matsui,coded_divergence,different_mechanism,"I will fight to make healthcare and housing fundamental human rights, joining with others to push for universal single-payer to banish the insurance industry, and restructure the healthcare system to serve people over profit.","I will continue fighting to build on the Affordable Care Act and its protections for consumers, so that all hard working American families can benefit from and access affordable health care.",https://www.californiadsa.org/news/why-i-am-running-for-congress-in-californias-7th-district,https://web.archive.org/web/20230131000831/https://www.matsuiforcongress.com/issues/health-care/
2ab4d528dbebc45ec6c48b33,race-65b42f86e7f537aa461c,labor,union_rights,David Lee Mandel,Doris Matsui,coded_divergence,different_mechanism,"I will fight for economic justice and labor rights, focusing on higher wages, wealth taxes and other progressive reforms, workers' rights to unionize, and support for small and cooperatively owned businesses, along with a shift to an economic model that prioritizes redistribution of wealth over exploitative growth at all costs.","I am pleased that California raised the minimum wage, and I strongly support raising the national minimum wage to keep pace with rising costs.",https://www.californiadsa.org/news/why-i-am-running-for-congress-in-californias-7th-district,https://web.archive.org/web/20230131012342id_/https://www.matsuiforcongress.com/issues/jobs-and-economic-security/
28bfb3ab192b1a58ed7f669f,race-6c49c02991cbfb1d3722,housing,rent_control,Katie Valenzuela,Steve Hansen,coded_divergence,different_mechanism,Stop the increase in homelessness through rent stabilization and fair eviction policies,"My top priority has been on solving homelessness with more affordable housing, comprehensive shelters, like the Capitol Park Hotel housing over 100 homeless guests, and advance regional cooperation to help those living on the streets move into stability with better lives.",https://web.archive.org/web/20191014125739id_/https://katie4council.com/platform-4-sacramento/,https://www.politicalcandidatedirectory.com/ca/steve-hansen
34e2846ec094957d5bc21a33,race-6c49c02991cbfb1d3722,climate_energy,emissions,Katie Valenzuela,Steve Hansen,coded_divergence,different_mechanism,Reduce emissions and transition to 100% renewable energy,"I’m at the forefront of the Council on reducing our carbon footprint and fighting climate change. I’ve done this by improving transit, advancing electric vehicle infrastructure, championing new housing closer to jobs, and making the city more walkable and bikeable.",https://web.archive.org/web/20191014125739id_/https://katie4council.com/platform-4-sacramento/,https://www.politicalcandidatedirectory.com/ca/steve-hansen
8bfc8b6c458e4cbea1eb1ea9,race-48e746d7aba9c1b3ef19,housing,tenant_rights,Katie Valenzuela,Phil Pluckebaum,coded_divergence,different_mechanism,"I’ve advocated for affordable housing, stronger tenant protections, and mental health and substance abuse resources from the County.","We need to clean up our streets, implement viable and timely solutions to address the homelessness crisis, curb rising crime rates, build affordable housing, improve city services and rebuild our public spaces.",https://www.cityofsacramento.gov/content/dam/portal/clerk/Elections/2024-Election-Documents/Candidates/Katie-Valenzuela-Candidate-Information-Web.pdf,https://www.cityofsacramento.gov/content/dam/portal/clerk/Elections/2024-Election-Documents/Candidates/Phil-Pluckebaum-Candidate-Information-Web.pdf
6e5daf84920a9e6d03a19ea7,race-d290f3e349192a5c696a,housing,homeownership,Dexter L. Fisher,Tim Denson,coded_divergence,different_mechanism,"Working with the Athens Housing Authority with the NoDA project [the Bethel Homes redevelopment], Savannah Heights, there’s 11 lots there—single family homes. That’s off North Avenue. They can build houses there for $180,000 for families in that community. Those types of things can be win-win for the community. Who can we partner with and offer those types of living arrangements for people that live here? You got the [Athens] Land Trust. You got Habitat [for Humanity].",We need to create a student housing overlay district close to the university.,https://flagpole.com/election2026/2026/04/15/qa-with-mayoral-candidate-dexter-fisher-on-student-housing-town-gown-relations-and-more/,https://flagpole.com/election2026/2026/04/01/candidates-for-athens-mayor-differ-on-housing-flock-cameras-and-other-issues/
0d95d18a53aeb9b26d07f27a,race-d290f3e349192a5c696a,housing,public_housing,LaKeisha Gantt,Tim Denson,coded_divergence,different_mechanism,"We’re not asking the University of Georgia to solve the housing crisis. We’re saying, how do we work together with a shared goal? They have a need for students to be housed. And I don’t think there’s any parent or person anywhere that would tell you that they don’t want students to have a safe place to reside. We have a need for affordable housing.",We need to create a student housing overlay district close to the university.,https://flagpole.com/election2026/2026/04/29/mayoral-candidate-lakeisha-gantt-on-what-it-means-to-be-a-native-athenian-and-more/,https://flagpole.com/election2026/2026/04/01/candidates-for-athens-mayor-differ-on-housing-flock-cameras-and-other-issues/
6d43110fb8286eab24920369,race-d290f3e349192a5c696a,housing,homeownership,Mara Zuniga,Tim Denson,coded_divergence,different_mechanism,"Build the “A Roadmap to Homeownership” Campaign and team up with institutions and organizations to rally available resources, talent, and capabilities to educate, counsel, and prepare Athenians to access sustainable homeownership.",We need to create a student housing overlay district close to the university.,https://web.archive.org/web/20260517114843id_/https://www.maraformayor.com/platform,https://flagpole.com/election2026/2026/04/01/candidates-for-athens-mayor-differ-on-housing-flock-cameras-and-other-issues/
4b2bb53621413d0c14c176e4,race-d290f3e349192a5c696a,housing,public_housing,Sharon Miller,Tim Denson,coded_divergence,different_mechanism,Finding housing for our unhoused is a moral commitment.,We need to create a student housing overlay district close to the university.,https://www.wuga.org/local-news/2026-04-14/wuga-holds-mayoral-debate-candidates-talk-housing-and-public-safety,https://flagpole.com/election2026/2026/04/01/candidates-for-athens-mayor-differ-on-housing-flock-cameras-and-other-issues/
9425219d7d64233450b08b81,race-d290f3e349192a5c696a,public_safety,police_reform,Dexter L. Fisher,Tim Denson,coded_divergence,explicit_disagreement,"Boys & Girls Club is one organization that over the years, over this 60-year history, has done really wonders with the young people in our community, and it affected mainly African American young people. And for me, I thought it was a great opportunity for them. They had programming already in place, especially when it came to gang violence and trying to keep our young people out of gangs.","I don’t believe that anybody should ever be profiting off of incarcerating people. That gives an incentive for people to be incarcerated, because people can make money off of it. That’s something that I have fought against for years as a community organizer and activist. I think that it would be best if we find alternatives that are not done by for profit companies.",https://flagpole.com/election2026/2026/04/15/qa-with-mayoral-candidate-dexter-fisher-on-student-housing-town-gown-relations-and-more/,https://cedarblueprints.com/2026/05/05/athens-decides-tim-denson/
d771e51a415f42d76eebd928,race-d290f3e349192a5c696a,public_safety,police_reform,LaKeisha Gantt,Tim Denson,coded_divergence,explicit_disagreement,We absolutely cannot make the mistake of… conflating safety with surveillance.,"We definitely need the police when it comes to violent crimes, or a lot of other issues. But we also have a lot of situations, such as when we’re dealing with homelessness, when there’s a domestic dispute, or maybe just a trespassing situation happening at a convenience store. Something where the best response isn’t necessarily to send an already super busy and super stretched police department, but instead have these co-responders who might be better suited to respond to those situations.",https://www.wuga.org/local-news/2026-04-14/wuga-holds-mayoral-debate-candidates-talk-housing-and-public-safety,https://cedarblueprints.com/2026/05/05/athens-decides-tim-denson/
5b63b85993ff1ef3ec91d472,race-d290f3e349192a5c696a,public_safety,police_reform,Sharon Miller,Tim Denson,coded_divergence,explicit_disagreement,"If we could get to those young people early on about how to control anger, how to deal with conflict resolution, we might be able to cut the recidivism rate of violent behavior.","I don’t believe that anybody should ever be profiting off of incarcerating people. That gives an incentive for people to be incarcerated, because people can make money off of it. That’s something that I have fought against for years as a community organizer and activist. I think that it would be best if we find alternatives that are not done by for profit companies.",https://flagpole.com/election2026/2026/04/08/qa-with-mayoral-candidate-sharon-miller-on-housing-bike-lanes-and-more/,https://cedarblueprints.com/2026/05/05/athens-decides-tim-denson/
58b87ad31a382e80ffbab93d,race-049299a4595c67aafc85,housing,public_housing,LaKeisha Gantt,Tim Denson,coded_divergence,different_mechanism,"We’re not asking the University of Georgia to solve the housing crisis. We’re saying, how do we work together with a shared goal? They have a need for students to be housed. And I don’t think there’s any parent or person anywhere that would tell you that they don’t want students to have a safe place to reside. We have a need for affordable housing.",We need to create a student housing overlay district close to the university.,https://flagpole.com/election2026/2026/04/29/mayoral-candidate-lakeisha-gantt-on-what-it-means-to-be-a-native-athenian-and-more/,https://flagpole.com/election2026/2026/04/01/candidates-for-athens-mayor-differ-on-housing-flock-cameras-and-other-issues/
3467eb14e5a6d7b92920e798,race-049299a4595c67aafc85,housing,homeownership,Mara Zuniga,Tim Denson,coded_divergence,different_mechanism,"Build the “A Roadmap to Homeownership” Campaign and team up with institutions and organizations to rally available resources, talent, and capabilities to educate, counsel, and prepare Athenians to access sustainable homeownership.",We need to create a student housing overlay district close to the university.,https://web.archive.org/web/20260517114843id_/https://www.maraformayor.com/platform,https://flagpole.com/election2026/2026/04/01/candidates-for-athens-mayor-differ-on-housing-flock-cameras-and-other-issues/
9710200f32466485215e2827,race-049299a4595c67aafc85,housing,public_housing,Sharon Miller,Tim Denson,coded_divergence,different_mechanism,Finding housing for our unhoused is a moral commitment.,We need to create a student housing overlay district close to the university.,https://www.wuga.org/local-news/2026-04-14/wuga-holds-mayoral-debate-candidates-talk-housing-and-public-safety,https://flagpole.com/election2026/2026/04/01/candidates-for-athens-mayor-differ-on-housing-flock-cameras-and-other-issues/
3c12476fc1aaea9aefdf9978,race-049299a4595c67aafc85,public_safety,police_reform,LaKeisha Gantt,Tim Denson,coded_divergence,explicit_disagreement,We absolutely cannot make the mistake of… conflating safety with surveillance.,"We definitely need the police when it comes to violent crimes, or a lot of other issues. But we also have a lot of situations, such as when we’re dealing with homelessness, when there’s a domestic dispute, or maybe just a trespassing situation happening at a convenience store. Something where the best response isn’t necessarily to send an already super busy and super stretched police department, but instead have these co-responders who might be better suited to respond to those situations.",https://www.wuga.org/local-news/2026-04-14/wuga-holds-mayoral-debate-candidates-talk-housing-and-public-safety,https://cedarblueprints.com/2026/05/05/athens-decides-tim-denson/
bb61a0caa221fb9c9676c290,race-049299a4595c67aafc85,public_safety,police_reform,Sharon Miller,Tim Denson,coded_divergence,explicit_disagreement,"If we could get to those young people early on about how to control anger, how to deal with conflict resolution, we might be able to cut the recidivism rate of violent behavior.","I don’t believe that anybody should ever be profiting off of incarcerating people. That gives an incentive for people to be incarcerated, because people can make money off of it. That’s something that I have fought against for years as a community organizer and activist. I think that it would be best if we find alternatives that are not done by for profit companies.",https://flagpole.com/election2026/2026/04/08/qa-with-mayoral-candidate-sharon-miller-on-housing-bike-lanes-and-more/,https://cedarblueprints.com/2026/05/05/athens-decides-tim-denson/
ec1d87812a0344f805df57aa,race-44fa4abc5f1e04d0b657,tax_budget,income_tax,Attica Woodson Scott,Gerald A. Neal,coded_divergence,explicit_disagreement,And now elders in my community are fearful that they're going to lose their home because their taxes have tripled in the past year or so. Those promises were denied. They were not kept.,Funds to Simmons College so they can expand in terms of the dormitory that they're trying to see,https://ket.org/program/kentucky-edition/longtime-lawmaker-versus-well-known-activist-in-closely-watched-kentucky-primary-race/,https://ket.org/program/kentucky-edition/longtime-lawmaker-versus-well-known-activist-in-closely-watched-kentucky-primary-race/
bfb17f78a4ca27c210f5bed0,race-545d24c0467c329fe6e1,housing,homeownership,Pat Mulvihill,Ryan Fenwick,coded_divergence,different_mechanism,"Along with economic development opportunities, there is also a significant need for single-floor housing options that allows our seniors to stay in the area. Aging in place is a challenge for seniors who have lived for many years in older, multi-story homes.",I believe the number one District 10 challenge is a need to plan and implement investments to take our neighborhoods to the next level without driving out our long-term residents.,https://www.lpm.org/news/2020-06-17/kentucky-primary-2020-louisville-metro-council-district-10,https://www.lpm.org/news/2020-06-17/kentucky-primary-2020-louisville-metro-council-district-10
c5a0e687d88361c91988305c,race-df353a5d05f5d7acb107,climate_energy,emissions,Greg Fischer,Ryan Fenwick,coded_divergence,different_mechanism,"This year, as part of the budget, I’ve put $600,000 for tree programs.","It’s time for us to do a comprehensive evaluation of our TARC routes and how well they are serving the community, and it’s really important that we start investing in TARC at appropriate levels so people can get to work and home — even if they get out of work past 10 p.m.",https://www.lpm.org/news/2018-05-21/curious-louisville-voter-guide-greg-fischer-answers-your-questions,https://www.lpm.org/news/2018-05-21/curious-louisville-voter-guide-ryan-fenwick-answers-your-questions
d26a63b7e3f6cdaef9b36277,race-df353a5d05f5d7acb107,housing,zoning,Dave Biggers,Ryan Fenwick,coded_divergence,different_mechanism,"I’d like to put a freeze on residential building until 90 percent to 95 percent of vacant lots and abandoned houses are repurposed — no more building out to the country, no more sprawl.","There’s years of backlog in investment that needs to go into the affordable housing trust fund, and we need to make sure that we’re putting the money into affordable housing to make sure people aren’t being forced out of their homes.",https://www.lpm.org/news/2018-05-21/curious-louisville-voter-guide-dave-biggers-answers-your-questions,https://www.lpm.org/news/2018-05-21/curious-louisville-voter-guide-ryan-fenwick-answers-your-questions
fce25c7f113d5eacccf17421,race-5e5b97772655d92ca963,political_strategy,class_struggle,Bernie Sanders,Elizabeth Warren,coded_divergence,different_mechanism,"What our movement is about is bringing working-class people together, black and white and Latino, Native American, Asian American, around an agenda that works for all of us and not just the billionaire class.","We need as much help for as many people as quickly as possible and bring in as many supporters as we can. And if we don’t get it all the first time, take the win and come back into the fight to ask for more.",https://www.nbcnews.com/politics/2020-election/full-transcript-ninth-democratic-debate-las-vegas-n1139546,https://www.nbcnews.com/politics/2020-election/full-transcript-ninth-democratic-debate-las-vegas-n1139546
309ea77f424dbd9b2861bd31,race-cd9ce8e2fbf078eb5eca,labor,job_guarantee,Dan Canon,Liz Watson,coded_divergence,different_mechanism,Establish a federal guaranteed jobs program.,"I worked as Labor Policy Director for the Democrats in the House, and there I worked on issues related to wages and protecting working people. I led the development of the $15 minimum wage bill and wrote the Schedules That Work act. I brought a Working Families Agenda to the U.S. Congress. If elected, I want to continue to make sure workers are protected.",https://ballotpedia.org/Daniel_Canon,https://ballotpedia.org/Liz_Watson
d3d01e048eb7ef46c49f483a,race-cd9ce8e2fbf078eb5eca,democracy,campaign_finance,Dan Canon,Liz Watson,coded_divergence,different_mechanism,"A lot of them, but primarily healthcare, the wealth gap, criminal justice, and campaign finance reform, all of which are closely connected.","We need independent redistricting that is bi-partisan. It is vital that voters pick their representatives, not the other way around.",https://ballotpedia.org/Daniel_Canon,https://ballotpedia.org/Liz_Watson
f5a590c6bb37c3923df5f3ee,race-671431314d6098bad4f2,climate_energy,green_new_deal,Edward J. Markey,"Joseph P. Kennedy, III",coded_divergence,different_mechanism,"As part of the Green New Deal, we will work to right historic wrongs, while also ensuring that the economic and health benefits of climate action and the clean energy economy are felt in communities that have been shut out in the past.","As we transform our economy to achieve our climate goals, we must prioritize justice for the frontline communities whose health, safety, and wellbeing is most vulnerable.",https://mavotertable.org/s/MA-Voter-Table-US-Senate-Primary-Questionnaire-Ed-Markey.pdf,https://mavotertable.org/s/MA-Voter-Table-US-Senate-Primary-Questionnaire-Joseph-Kennedy.pdf
261ce16575af6faba8ac8030,race-4a19411701e40165da88,political_strategy,governing,Jack Stanton,Sarah K. Peake,coded_divergence,explicit_disagreement,"Speaker of the House wields an enormous amount of power, the voices of rank-and-file Democrats are stymied.",You have to be willing to come into the building and sharpen your pencil and go to work.,https://provincetownindependent.org/news/2022/05/11/rep-peake-has-a-challenger-for-a-change/,https://provincetownindependent.org/featured/2022/08/17/26311/
26f45b13b74af700c9c0d66e,race-87536ce63cbcd2897523,climate_energy,transit,Jovita Schiffer,Judy Amabile,coded_divergence,explicit_disagreement,We need to invest more in our public transit system and consider whether cities and counties should develop their own transit systems that interact with a regional system.,"I passed a bill in 2023 to study issues faced by oil and gas workers as Colorado begins to disentangle local economies from this volatile and toxic industry, and builds the clean energy sectors we need. I want to pursue legislation based on that study in 2025.",https://boulderweekly.com/content-archives/voters-guide/jovita-schiffer-colorado-senate-18/,https://boulderweekly.com/content-archives/voters-guide/judy-amabile-sd18/
4bf2fec8d7a914179a993c39,race-87536ce63cbcd2897523,housing,rent_control,Jovita Schiffer,Judy Amabile,coded_divergence,different_mechanism,Removing the state prohibition on rent control in cities and counties.,"This session I successfully ran the ADU bill and supported other measures to protect tenants, build more affordable housing and help ensure housing equity. All of that will make a difference, but there is more work to be done.",https://boulderweekly.com/content-archives/voters-guide/jovita-schiffer-colorado-senate-18/,https://boulderweekly.com/content-archives/voters-guide/judy-amabile-sd18/
d1efb0ab5262eed4ef578af2,race-1a63cae0504360d8eb38,climate_energy,transit,Andrew Kalloch,Doyle Canning,coded_divergence,explicit_disagreement,"Andrew will be a fighter for mass transit, from high-speed rail through the Pacific Northwest to more reliable funding for rural transit districts, fueling our economy while protecting our environment.",The evidence was overwhelmingly clear that the Jordan Cove Project would be a disaster for Southern Oregon.,https://web.archive.org/web/20220201185251id_/https://andrewkalloch.com/the-issues/,https://www.opb.org/article/2022/05/03/democrats-running-for-oregons-4th-congressional-district-val-hoyle-doyle-canning-and-andrew-kalloch/
abde8fdf7824ea23bed666bf,race-1a63cae0504360d8eb38,climate_energy,fossil_fuels,Doyle Canning,John Selker,coded_divergence,explicit_disagreement,The evidence was overwhelmingly clear that the Jordan Cove Project would be a disaster for Southern Oregon.,We need to turn climate change around through both new engineering and social commitment.,https://www.opb.org/article/2022/05/03/democrats-running-for-oregons-4th-congressional-district-val-hoyle-doyle-canning-and-andrew-kalloch/,https://web.archive.org/web/20220110025802id_/https://selker4congress.org/issues
77f08645a7b67a3bb7bfe2bd,race-1a63cae0504360d8eb38,climate_energy,fossil_fuels,Doyle Canning,Sami Al-Abdrabbuh,coded_divergence,explicit_disagreement,The evidence was overwhelmingly clear that the Jordan Cove Project would be a disaster for Southern Oregon.,"Passing the Green New Deal and building climate justice solutions that invest in Oregon-based clean energy production, transmission, and storage technologies.",https://www.opb.org/article/2022/05/03/democrats-running-for-oregons-4th-congressional-district-val-hoyle-doyle-canning-and-andrew-kalloch/,https://web.archive.org/web/20220514211339id_/https://samiforcongress.com/issues/
ccc3c36d09fc4ee3b5f10782,race-1a63cae0504360d8eb38,climate_energy,fossil_fuels,Doyle Canning,Val Hoyle,coded_divergence,explicit_disagreement,The evidence was overwhelmingly clear that the Jordan Cove Project would be a disaster for Southern Oregon.,Moving America to a 100% Clean Electricity standard.,https://www.opb.org/article/2022/05/03/democrats-running-for-oregons-4th-congressional-district-val-hoyle-doyle-canning-and-andrew-kalloch/,https://web.archive.org/web/20220516194930id_/https://valhoyle.com/priorities/
17ce7dde41e3b8e30a3818fd,race-1a63cae0504360d8eb38,healthcare,single_payer,Doyle Canning,John Selker,coded_divergence,different_mechanism,"I’ve been working for 20 years to advance progressive priorities like Medicare for All, bold climate action, investments in affordable housing, and to take on the fundamental inequalities in our society that have now grown greater than at any time since the Gilded Age – in fact, greater than the Gilded Age today.","We need to work from the bottom up to get drug prices, medical equipment, and spending on health-care bureaucracy to a sensible place.",https://www.opb.org/article/2022/05/03/democrats-running-for-oregons-4th-congressional-district-val-hoyle-doyle-canning-and-andrew-kalloch/,https://web.archive.org/web/20220110025802id_/https://selker4congress.org/issues
f6cb4969df732f0ff8d54099,race-1a63cae0504360d8eb38,healthcare,single_payer,Doyle Canning,Val Hoyle,coded_divergence,different_mechanism,"I’ve been working for 20 years to advance progressive priorities like Medicare for All, bold climate action, investments in affordable housing, and to take on the fundamental inequalities in our society that have now grown greater than at any time since the Gilded Age – in fact, greater than the Gilded Age today.","Passing universal health care legislation to ensure that every American has access to affordable, quality care when they need it.",https://www.opb.org/article/2022/05/03/democrats-running-for-oregons-4th-congressional-district-val-hoyle-doyle-canning-and-andrew-kalloch/,https://web.archive.org/web/20220516194930id_/https://valhoyle.com/priorities/
801c62e3b56a6b959ad9f3a9,race-27898efa1748e81e5d56,climate_energy,green_new_deal,Andrew Romanoff,Lorena Garcia,coded_divergence,explicit_disagreement,I look at The Green New Deal as our last best chance to rescue life on Earth. We have run out the clock on incremental reform. It’s just too late for that.,I’m going to propose a revenue tax of 3% on the fossil fuel industry for the next five years because that’s all they get is five more years of operation. Five years of a 3% revenue tax will bring in at least 12 billion dollars that will go directly to environmental cleanup.,https://www.cpr.org/2020/06/11/where-democratic-senate-candidate-andrew-romanoff-stands-on-defunding-police-medicare-for-all-and-more/,https://www.cuindependent.com/2020/01/27/2020longmont-us-senate-candidate-forum/
77b2ad4136e8af954680dbe6,race-27898efa1748e81e5d56,labor,job_guarantee,Andrew Romanoff,Lorena Garcia,coded_divergence,different_mechanism,"So yes, I think it is incumbent on us, not just the public sector, but working hand in hand with the private sector to boost employment.",And I’m proposing that the government step in and provide the subsidies necessary for businesses to meet that rate without them going out of business.,https://www.cpr.org/2020/06/11/where-democratic-senate-candidate-andrew-romanoff-stands-on-defunding-police-medicare-for-all-and-more/,https://www.cuindependent.com/2020/01/27/2020longmont-us-senate-candidate-forum/
f43019895ad7cb48eebbe274,race-27898efa1748e81e5d56,labor,union_rights,John Hickenlooper,Lorena Garcia,coded_divergence,different_mechanism,I think workers should always have the right to organize.,And I’m proposing that the government step in and provide the subsidies necessary for businesses to meet that rate without them going out of business.,https://www.cpr.org/2020/05/30/amid-racially-charged-protests-in-colorado-democratic-u-s-senate-candidates-explain-where-they-stand-on-race/,https://www.cuindependent.com/2020/01/27/2020longmont-us-senate-candidate-forum/
394684fbb08bdfc76b1bc628,race-b54ed7e577f1d4c09f77,housing,tenant_rights,Lucy Vinis,Robert Patterson,coded_divergence,different_mechanism,"As Mayor, I also advocate at the State and Federal level for support, specific policies such as the eviction moratorium, and information.","It would not be an easy thing to pass, but fundamentally the people of Eugene are compassionate. It is in keeping with the sacred traditions of Oregon to expand opportunities to these people.",https://eugeneweekly.com/2020/04/22/eugene-mayoral-candidates-questionnaire/,https://www.registerguard.com/story/news/2020/04/05/candidates-for-eugene-mayor/1308064007/
7fe05d3d055c80d646d9e256,race-6b3e32b312459df68fc0,housing,tenant_rights,Alexander “Alex” Acevedo,Byron Sigcho-Lopez,coded_divergence,different_mechanism,"From seniors to undocumented families, we must find solutions for longterm residents so they can stay. We must continue to demand and advocate for affordability in housing and opportunity.","I co-founded the Lift the Ban coalition to lift the statewide ban on rent control in Illinois, in place since 1997, which has prevented local communities from implementing rent control and rent stabilization measures in order to keep housing affordable.",https://blockclubchicago.org/2019/01/15/we-need-more-affordable-housing-in-pilsen-25th-ward-candidates-say-at-forum/,https://chicago.suntimes.com/2019/1/27/18314314/25th-ward-candidate-for-alderman-byron-sigcho-lopez
35c2bbafa6f84d1377c3f3c1,race-6b3e32b312459df68fc0,housing,rent_control,Byron Sigcho-Lopez,Hilario Dominguez,coded_divergence,different_mechanism,"I co-founded the Lift the Ban coalition to lift the statewide ban on rent control in Illinois, in place since 1997, which has prevented local communities from implementing rent control and rent stabilization measures in order to keep housing affordable.","My perspective is still [that] I might be an alderman that could provide balance to a community that is rapidly developing and forgetting about the working and middle classes, especially the Latino working class and middle class and immigrant community that has helped build and shape [Pilsen].",https://chicago.suntimes.com/2019/1/27/18314314/25th-ward-candidate-for-alderman-byron-sigcho-lopez,https://news.medill.northwestern.edu/chicago/25th-ward-aldermanic-candidate-hilario-dominguez-is-making-waves-q-and-a/
85ff0b3dca39f7f29afcc308,race-6b3e32b312459df68fc0,housing,rent_control,Byron Sigcho-Lopez,Troy Antonio Hernandez,coded_divergence,different_mechanism,"I co-founded the Lift the Ban coalition to lift the statewide ban on rent control in Illinois, in place since 1997, which has prevented local communities from implementing rent control and rent stabilization measures in order to keep housing affordable.","I’m calling for [more] owner occupied buildings, subsidized owner occupied, middle class folks buying these buildings that—like me—know how to swing a hammer and can actually maintain a building, to help them out with either their down payment or their interest rate.",https://chicago.suntimes.com/2019/1/27/18314314/25th-ward-candidate-for-alderman-byron-sigcho-lopez,https://southsideweekly.com/meet-candidates-troy-hernandez-25th-ward/
e5f434820c810f4231c7f655,race-aa619f073bb1cd24ef4e,education,childcare,Carlos Ramirez-Rosa,Jesus G. Garcia,coded_divergence,different_mechanism,yes to free child care,I’m a big supporter of Bernie’s college access and affordability for all. I think it ought to be free for people who need it at public colleges and universities.,https://www.chicagotribune.com/2017/11/28/gutierrez-tries-to-anoint-garcia-successor-in-chicago-politics-shake-up/,https://chicagoreader.com/news/chuy-garcia-vows-to-keep-fighting-chicago-machine-from-congress/
5ca1abf91e8184c4fe6e5ee3,race-aa619f073bb1cd24ef4e,healthcare,single_payer,Carlos Ramirez-Rosa,Sol A. Flores,coded_divergence,different_mechanism,yes to Medicare for all,"This includes ensuring that all Americans have access to quality, affordable health care by protecting the gains made under the Affordable Care Act and finding ways to increase coverage;",https://www.chicagotribune.com/2017/11/28/gutierrez-tries-to-anoint-garcia-successor-in-chicago-politics-shake-up/,https://chicago.suntimes.com/2018/2/13/18444081/4th-congressional-district-democratic-candidate-sol-a-flores
d1cefb9d0ec022b8cb7f8e54,race-6b3e32b312459df68fc0,tax_budget,wealth_tax,Aida Flores,Byron Sigcho-Lopez,coded_divergence,different_mechanism,"I strongly support a financial transaction tax because it could generate billions in new revenue without significant harm to average investors, and with no harm to poor and working class families who can’t afford higher taxes and fees.",I oppose regressive taxes that disproportionately fall on working people. The most impactful and least regressive way to generate revenue statewide is a progressive income tax.,https://chicago.suntimes.com/2019/1/27/18314311/25th-ward-candidate-for-alderman-aida-flores,https://chicago.suntimes.com/2019/1/27/18314314/25th-ward-candidate-for-alderman-byron-sigcho-lopez
8baa57de12f584a7e9323c17,race-6b3e32b312459df68fc0,democracy,electoral_reform,Byron Sigcho-Lopez,Troy Antonio Hernandez,coded_divergence,explicit_disagreement,The Chicago Board of Education should be democratically elected like 99% of school boards across America.,"It’s a negotiation. And it’s not a negotiation that’s gonna require any campaign contributions, because I won’t take any campaign contributions from corporations or special interests.",https://chicago.suntimes.com/2019/1/27/18314314/25th-ward-candidate-for-alderman-byron-sigcho-lopez,https://southsideweekly.com/meet-candidates-troy-hernandez-25th-ward/
1439860a318308a26d7dc6cb,race-b329e1eeb5cd234c8ba2,housing,rent_control,André Vasquez,Maggie O'Keefe,coded_divergence,different_mechanism,"No. I still hear from neighbors who are being priced out of this ward every day when I knock doors. I support the creation of affordable housing in my ward and across the city in a lot of different ways: rent control, greater investment of public dollars in housing stock and rent subsidy, and protection of existing affordable housing.",I also support the Development for All ordinance which would eliminate “in lieu of” fees and require developers to include 30% affordable units on site.,https://chicago.suntimes.com/2019/1/27/18314283/40th-ward-candidate-for-alderman-andre-vasquez,https://chicago.suntimes.com/2019/1/27/18319203/40th-ward-candidate-for-alderman-maggie-o-keefe
2e0656c739e3738436b6270e,race-b329e1eeb5cd234c8ba2,housing,rent_control,André Vasquez,Patrick J. O'Connor,coded_divergence,different_mechanism,"No. I still hear from neighbors who are being priced out of this ward every day when I knock doors. I support the creation of affordable housing in my ward and across the city in a lot of different ways: rent control, greater investment of public dollars in housing stock and rent subsidy, and protection of existing affordable housing.","Maintaining a good business climate on our arterial streets, encouraging local, independent businesses where possible, and creating additional residential units on the arterials are a priority for helping energize the local business districts.",https://chicago.suntimes.com/2019/1/27/18314283/40th-ward-candidate-for-alderman-andre-vasquez,https://news.wttw.com/elections/voters-guide/2019/candidates/chicago-city-council/patrick-o-connor
6b8eae971b9ba19d6914e152,race-b329e1eeb5cd234c8ba2,housing,rent_control,André Vasquez,Ugo Okere,coded_divergence,different_mechanism,"No. I still hear from neighbors who are being priced out of this ward every day when I knock doors. I support the creation of affordable housing in my ward and across the city in a lot of different ways: rent control, greater investment of public dollars in housing stock and rent subsidy, and protection of existing affordable housing.","To start, I will work to pass the Keeping the Promise Ordinance to ensure the Chicago Housing Authority uses its resources to create racially equitable, affordable housing.",https://chicago.suntimes.com/2019/1/27/18314283/40th-ward-candidate-for-alderman-andre-vasquez,https://news.wttw.com/elections/voters-guide/2019/candidates/chicago-city-council/ugo-okere
607e7d352ee9f19f38b8f1a3,race-b329e1eeb5cd234c8ba2,tax_budget,public_spending,André Vasquez,Dianne Daleiden,coded_divergence,different_mechanism,"I am not categorically opposed to a property tax or municipal sales tax increase, but would first look for revenue solutions that don’t disproportionately burden working and middle class Chicagoans. I do believe we have to raise the revenue necessary to pay our pension obligations and to avoid further cuts to essential services (like schools or community mental health facilities).","Second, we need to find and dedicate a progressive revenue source, like the LaSalle Street tax, and put the needed revenue off-limits for anything but paying the unfunded pension liability unless we are funded at an actuarially sound level.",https://chicago.suntimes.com/2019/1/27/18314283/40th-ward-candidate-for-alderman-andre-vasquez,https://chicago.suntimes.com/2019/1/27/18372895/40th-ward-candidate-for-alderman-dianne-daleiden
cb011655a49f40360b4d5b10,race-b329e1eeb5cd234c8ba2,tax_budget,public_spending,André Vasquez,Ugo Okere,coded_divergence,different_mechanism,"I am not categorically opposed to a property tax or municipal sales tax increase, but would first look for revenue solutions that don’t disproportionately burden working and middle class Chicagoans. I do believe we have to raise the revenue necessary to pay our pension obligations and to avoid further cuts to essential services (like schools or community mental health facilities).","This means a focus on progressive, rather than regressive revenue through reinstating the Corporate Head Tax, passing a LaSalle Street Tax, Bad Business Fee to tax businesses that fail to pay workers the living wage, and passing an ordinance to make parking violations and tickets progressive to take the burden off of black and brown residents of Chicago.",https://chicago.suntimes.com/2019/1/27/18314283/40th-ward-candidate-for-alderman-andre-vasquez,https://news.wttw.com/elections/voters-guide/2019/candidates/chicago-city-council/ugo-okere
3064e4b6e24f164c1e6e394b,race-b329e1eeb5cd234c8ba2,public_safety,police_reform,André Vasquez,Ugo Okere,coded_divergence,explicit_disagreement,I support the consent decree. I will continue to work to expand and sustain transparency and accountability measures. I support police accountability legislation like the Civilian Police Accountability Council (CPAC). I believe strongly that we need meaningful police oversight in order to make our city safe for everyone.,"This means vigorously fighting back against a Police Academy no one asked for, and instead fighting to see 95 million dollars invested in re-opening shut down mental health clinics.",https://chicago.suntimes.com/2019/1/27/18314283/40th-ward-candidate-for-alderman-andre-vasquez,https://news.wttw.com/elections/voters-guide/2019/candidates/chicago-city-council/ugo-okere
28a740d8eed6703c62fa0a19,race-5a97dce0ed256661ab24,tax_budget,public_spending,Andre Smith,Jeanette B Taylor,coded_divergence,explicit_disagreement,"That comes at the expense of Chicago Public Schools, libraries, parks, and other public assets. TIF must end!!!",Corporations should be paying their fair share of taxes. Chicago needs to pass the Real Estate transfer tax and the Amazon Tax so not to further burden property owners with higher taxes.,https://www.chicagotribune.com/2023/02/07/2023-chicago-aldermanic-candidates-answer-tribune-questionnaire-andre-smith/,https://www.chicagotribune.com/2023/02/07/2023-chicago-aldermanic-candidates-answer-tribune-questionnaire-jeanette-b-taylor/
b662e41cd2e184a33f053476,race-5a97dce0ed256661ab24,tax_budget,corporate_tax,Jeanette B Taylor,Jennifer O. Maddox,coded_divergence,different_mechanism,Corporations should be paying their fair share of taxes. Chicago needs to pass the Real Estate transfer tax and the Amazon Tax so not to further burden property owners with higher taxes.,I’d like to see it spent more in blighted communities and include community input because ultimately they will be on the hook for any tax increases.,https://www.chicagotribune.com/2023/02/07/2023-chicago-aldermanic-candidates-answer-tribune-questionnaire-jeanette-b-taylor/,https://www.chicagotribune.com/2023/02/07/2023-chicago-aldermanic-candidates-answer-tribune-questionnaire-jennifer-maddox/
f1960f63bbc5d5a360b6450a,race-5a97dce0ed256661ab24,housing,tenant_rights,Jeanette B Taylor,Jennifer O. Maddox,coded_divergence,different_mechanism,"The most pressing issue in my ward is stable and affordable housing for renters and homeowners as property taxes are too high and driving people out. To address rising housing costs I worked to pass the Woodlawn Housing Ordinance which expands and protects affordable housing in my ward. I also continue to fight in coalition with local community groups, for a Community Benefits Agreement that would project people living near the Obama Center from displacement. Furthermore, I continue to hold CHA accountable regarding the maintenance of HUD buildings, backlogged housing vouchers and more. Affordable, safe and secure housing contributes to the overall public safety in communities in my ward.","Gentrification, finding tax reliefs for homeowners and caps in rent for renters so that all can feel like they are able to stay in the ward they love.",https://www.chicagotribune.com/2023/02/07/2023-chicago-aldermanic-candidates-answer-tribune-questionnaire-jeanette-b-taylor/,https://www.chicagotribune.com/2023/02/07/2023-chicago-aldermanic-candidates-answer-tribune-questionnaire-jennifer-maddox/
ff79e56383f16a0728b394a3,race-540c0e670ce40aac1925,climate_energy,emissions,Jessica W. Gutierrez,Warren Williams,coded_divergence,different_mechanism,"I want to make Chicago the greenest city because if we even have a future, it’s green.","investment in our public transportation to make sure that people have access to work,",https://blockclubchicago.org/2022/09/27/after-close-race-in-2019-jessica-gutierrez-running-for-30th-ward-aldermanic-seat-again/,https://blockclubchicago.org/2023/01/23/with-ald-ariel-reboyras-retiring-4-candidates-are-running-to-be-the-next-30th-ward-alderperson/
fe9445680fd03e9a59485066,race-a2c5fa7107339af30327,economic_ownership,regulation,Jessica A. Venegas,Oscar Sanchez,coded_divergence,different_mechanism,I also believe there should be more oversight to prevent the companies from falling behind on their environmental responsibility through the use of on site monitors and Air Quality control equipment as well as impose hefty fines for those who violate the restrictions.,We shouldn’t just settle for any development. We need development that’s restorative.,https://news.wttw.com/elections/voters-guide/2023/Jessica-Venegas,https://blockclubchicago.org/2023/02/03/10th-ward-candidates-talk-police-and-development-at-southeast-side-aldermanic-forum/
77f9d49bc084cd35e36227a9,race-a2c5fa7107339af30327,climate_energy,emissions,Oscar Sanchez,Yessenia Carreón,coded_divergence,explicit_disagreement,"clean air, equitable education, walkable and accessible communities, affordable housing, sustainable and resilient workforce development and collective community safety,",businesses that are putting our health at risk,https://blockclubchicago.org/2022/08/11/oscar-sanchez-east-sider-who-went-on-hunger-strike-to-protest-general-iron-running-for-10th-ward-alderperson/,https://blockclubchicago.org/2023/02/03/10th-ward-candidates-talk-police-and-development-at-southeast-side-aldermanic-forum/
49f1d0a63d136d6100d15421,race-6335823482c22ec33412,housing,homeownership,Amanda Yu Dieterich,Carlos Ramirez-Rosa,coded_divergence,different_mechanism,"We’ve been living in the community for the past decade, and I saw a necessity for us to have elected officials that support our community to flourish and I think it’s important that, in terms of representation, we are truly creating an affordable, accessible Chicago.",a multi-family affordable housing development in Albany Park,https://blockclubchicago.org/2019/01/28/meet-the-candidate-vying-for-ald-carlos-ramirez-rosas-35th-ward-seat/,https://web.archive.org/web/20181105043119id_/http://www.carlosrosa.org/
0dfcb63b2cfa690b5d543ace,race-6335823482c22ec33412,political_strategy,governing,Amanda Yu Dieterich,Carlos Ramirez-Rosa,coded_divergence,different_mechanism,"I see myself working with everybody in our community. I think it’s important that everyone in our community who lives here — renters, land owners, business owners — feel like they belong. I am bringing everyone to the table and to solve the issues we’re facing — not just in our community, but in the city as a whole.","With your continued support we will continue to build our movement for a City Hall and local government that is truly of, by, and for the people - not a rich and powerful few.",https://blockclubchicago.org/2019/01/28/meet-the-candidate-vying-for-ald-carlos-ramirez-rosas-35th-ward-seat/,https://web.archive.org/web/20181105043119id_/http://www.carlosrosa.org/
ec99107acd935f4a25f568fb,race-c74ad0b73e1151dcdf19,healthcare,single_payer,Anthony Clark,Danny K. Davis,coded_divergence,different_mechanism,"Anthony is here to work with you in the fight for medicare for all, criminal justice reform, public education reform and responsible job creation.",Healthcare must become a right for all people and not a privilege for the few.,https://web.archive.org/web/20180309053217id_/https://anthonyclark2018.com/,https://davis.house.gov/media/press-releases/floor-statement-rep-danny-k-davis-during-healthcare-debate-march-24-2017
c87cc89ee739bdfab366c734,race-ded95c1b5f793906a45a,labor,wages,"Anthony Driver, Jr.",Jeanette B. Taylor,coded_divergence,different_mechanism,"I will fight for a $15 living wage, to abolish red light cameras and duplicate tickets.",I want to ensure that these jobs pay a living wage and the workers are supported in their right to organize.,https://news.wttw.com/elections/voters-guide/2019/candidates/chicago-city-council/anthony-driver-jr,https://chicago.suntimes.com/2019/1/27/18342739/20th-ward-candidate-for-alderman-jeanette-taylor
5d8848937c9ad90418ec5097,race-ded95c1b5f793906a45a,labor,union_rights,Jeanette B. Taylor,Jennifer O. Maddox,coded_divergence,explicit_disagreement,I want to ensure that these jobs pay a living wage and the workers are supported in their right to organize.,I would not be in favor of reducing pension benefits for current or retirees. I don’t believe pensions for current or retirees should be reduced.,https://chicago.suntimes.com/2019/1/27/18342739/20th-ward-candidate-for-alderman-jeanette-taylor,https://chicago.suntimes.com/2019/1/27/18342744/20th-ward-candidate-for-alderman-jennifer-maddox
af3fa2f2e5539f87692908fa,race-ded95c1b5f793906a45a,labor,union_rights,Jeanette B. Taylor,Kevin M. Bailey,coded_divergence,explicit_disagreement,I want to ensure that these jobs pay a living wage and the workers are supported in their right to organize.,Without equivocation I WILL NOT! attempt to cut pension benefits for current or future City employees and retirees.,https://chicago.suntimes.com/2019/1/27/18342739/20th-ward-candidate-for-alderman-jeanette-taylor,https://chicago.suntimes.com/2019/1/27/18342740/20th-ward-candidate-for-alderman-kevin-m-bailey
f0ef6e939d3248cd3ce8fb8b,race-ded95c1b5f793906a45a,housing,tenant_rights,Dernard D. Newell,Jeanette B. Taylor,coded_divergence,different_mechanism,Measures need to be put in place to increase the amount of affordable housing while ensuring that rents aren’t drastically increased that lead to the displacement of longtime residents.,"Not only do we need to halt displacement, we also need to build quality, affordable public housing.",https://chicago.suntimes.com/2019/2/13/18350483/20th-ward-candidate-for-alderman-dernard-d-newell,https://chicago.suntimes.com/2019/1/27/18342739/20th-ward-candidate-for-alderman-jeanette-taylor
61d99323c3b0eca20f16a3b0,race-ded95c1b5f793906a45a,housing,public_housing,Jeanette B. Taylor,Quandra V. Speights,coded_divergence,different_mechanism,"Not only do we need to halt displacement, we also need to build quality, affordable public housing.","Therefore, I do support more affordable housing but as Alderman, I would use a creative program such as the one being piloted by the Department of Planning and Development’s City Lots for Working Families (CL4WF) program which creates a large mix of affordable housing combined with some market rate on lots that cost $1 to encourage development AND provides a subsidy to the homebuyer so that affordability can be maximized on the backend (final product).",https://chicago.suntimes.com/2019/1/27/18342739/20th-ward-candidate-for-alderman-jeanette-taylor,https://chicago.suntimes.com/2019/1/27/18363747/20th-ward-candidate-for-alderman-quandra-v-speights
4759044e10c470eecc9a809a,race-ded95c1b5f793906a45a,public_safety,sentencing,"Anthony Driver, Jr.",Jeanette B. Taylor,coded_divergence,explicit_disagreement,An Alderman who works to end gun violence in a responsible manner that does not increase mass incarceration.,"That’s why I support the Civilian Police Accountability Council (CPAC) Ordinance, which will create an elected civilian council to rewrite the police “rulebook” and fully investigate all complaints against the CPD, among other powers.",https://news.wttw.com/elections/voters-guide/2019/candidates/chicago-city-council/anthony-driver-jr,https://chicago.suntimes.com/2019/1/27/18342739/20th-ward-candidate-for-alderman-jeanette-taylor
706ec314e4aaebd2fa36ffbe,race-ded95c1b5f793906a45a,immigration,border_policy,Dernard D. Newell,Jeanette B. Taylor,coded_divergence,different_mechanism,I’m in favor of Chicago being designated as a “welcoming city” and I agree with all of the protections for undocumented individuals that comes with that designation.,It is wrong that undocumented people are criminalized in our country. I believe ICE should be abolished.,https://chicago.suntimes.com/2019/2/13/18350483/20th-ward-candidate-for-alderman-dernard-d-newell,https://chicago.suntimes.com/2019/1/27/18342739/20th-ward-candidate-for-alderman-jeanette-taylor
107af84c7e1266c8e8506328,race-ded95c1b5f793906a45a,immigration,abolish_ice,Jeanette B. Taylor,Jennifer O. Maddox,coded_divergence,different_mechanism,It is wrong that undocumented people are criminalized in our country. I believe ICE should be abolished.,Chicago as a welcoming city should remain in place and the city should be willing to challenge any federal policy that seeks to punish the city for its long standing position on immigration.,https://chicago.suntimes.com/2019/1/27/18342739/20th-ward-candidate-for-alderman-jeanette-taylor,https://chicago.suntimes.com/2019/1/27/18342744/20th-ward-candidate-for-alderman-jennifer-maddox
43ba27a89de4b1e7b88ed23c,race-ded95c1b5f793906a45a,immigration,abolish_ice,Jeanette B. Taylor,Maya Hodari,coded_divergence,different_mechanism,It is wrong that undocumented people are criminalized in our country. I believe ICE should be abolished.,I believe we should continue the tradition of being a sanctuary city.,https://chicago.suntimes.com/2019/1/27/18342739/20th-ward-candidate-for-alderman-jeanette-taylor,https://chicago.suntimes.com/2019/1/27/18342742/20th-ward-candidate-for-alderman-maya-hodari
855d8f786f8bd7e106c0e3e3,race-ded95c1b5f793906a45a,immigration,abolish_ice,Jeanette B. Taylor,Quandra V. Speights,coded_divergence,different_mechanism,It is wrong that undocumented people are criminalized in our country. I believe ICE should be abolished.,"I support Chicago being a “welcoming city” and one that offers a safe haven to residents; however I would also like to see Chicago become a sanctuary city for all of its residents, taxpayers and citizens.",https://chicago.suntimes.com/2019/1/27/18342739/20th-ward-candidate-for-alderman-jeanette-taylor,https://chicago.suntimes.com/2019/1/27/18363747/20th-ward-candidate-for-alderman-quandra-v-speights
886170b6a7cfa829a17a26d0,race-ded95c1b5f793906a45a,tax_budget,income_tax,Jeanette B. Taylor,Jennifer O. Maddox,coded_divergence,explicit_disagreement,"Instead of funding our city with unjust fines, we should pursue progressive revenue streams and tax the rich.","In my opinion, there is a disparity in the use of TIF funding to assist small community based businesses and a disproportionate amount of dollars being spent downtown opposed to neighborhoods that are deprived economically.",https://chicago.suntimes.com/2019/1/27/18342739/20th-ward-candidate-for-alderman-jeanette-taylor,https://chicago.suntimes.com/2019/1/27/18342744/20th-ward-candidate-for-alderman-jennifer-maddox
92bf3c465b28dfa79e9948de,race-ded95c1b5f793906a45a,tax_budget,income_tax,Jeanette B. Taylor,Kevin M. Bailey,coded_divergence,different_mechanism,"Instead of funding our city with unjust fines, we should pursue progressive revenue streams and tax the rich.","I will advocate for a fair and open Tiff fund distribution process, and advocate for small business owners and community advocacy groups that currently do business in the community and will stay in the community to receive Tiff funds, as opposed to Big Box Stores that have received Tiff funds in the past, left the community, and subsequent to that, left the tax payers of the community on the hook for the funds they’ve received.",https://chicago.suntimes.com/2019/1/27/18342739/20th-ward-candidate-for-alderman-jeanette-taylor,https://chicago.suntimes.com/2019/1/27/18342740/20th-ward-candidate-for-alderman-kevin-m-bailey
8fb7f78fb130d58b29abb4ed,race-2005b47032b558f2b4f8,housing,public_housing,Andre Peloquin,Nick Ward,coded_divergence,explicit_disagreement,I have a major concern with instituting this property tax as I don’t believe that it will be earmarked specifically for housing the unhoused and instead just go into a general fund or be moved around at the discretion of any future mayor who wants to plug any gaps in their budget.,"I support the Just Cause Ordinance, which would eliminate no-cause evictions and protect families at risk of displacement.",https://news.wttw.com/elections/voters-guide/2023/Andre-Peloquin,https://news.wttw.com/elections/voters-guide/2023/Nick-Ward
d46eeef1bf53d6cb6d60cb55,race-2005b47032b558f2b4f8,housing,zoning,Andy Peters,Nick Ward,coded_divergence,different_mechanism,"Yes, the City should encourage transit-oriented development (TOD) that is designed to be compact, walkable, and centered around a transit station or stop. Specifically, we should focus on equitable transit-oriented development (ETOD) that benefits all members of a community, including low-income and marginalized populations.","I support the Just Cause Ordinance, which would eliminate no-cause evictions and protect families at risk of displacement.",https://docs.google.com/spreadsheets/d/1HvCV_Ec7sa3AHa71lSK_HWY306EYB3e9Wb9Crf_BxPc/edit#gid=0,https://news.wttw.com/elections/voters-guide/2023/Nick-Ward
530e82b5c99ba330127c5cf4,race-2005b47032b558f2b4f8,housing,public_housing,Brian J. Haag,Nick Ward,coded_divergence,different_mechanism,Yes.,"I support the Just Cause Ordinance, which would eliminate no-cause evictions and protect families at risk of displacement.",https://news.wttw.com/elections/voters-guide/2023/Brian-Haag,https://news.wttw.com/elections/voters-guide/2023/Nick-Ward
2dc717f9c5b86b76c0b97649,race-2005b47032b558f2b4f8,housing,public_housing,Isaac Freilich Jones,Nick Ward,coded_divergence,different_mechanism,"I support the Bring Chicago Home ordinance, which proposes that the city raise the Real Estate Transfer Tax on properties sold for more than $1 million, with proceeds going to support housing programs.","I support the Just Cause Ordinance, which would eliminate no-cause evictions and protect families at risk of displacement.",https://news.wttw.com/elections/voters-guide/2023/Isaac-Freilich-Jones,https://news.wttw.com/elections/voters-guide/2023/Nick-Ward
accf45b9c1790818371e972b,race-2005b47032b558f2b4f8,housing,public_housing,Joe Dunne,Nick Ward,coded_divergence,different_mechanism,There is clearly a need for additional homeless housing and social services and the City has not done enough to support the families and individuals living in the tents in the parks and under viaducts. I am supportive of finding revenue to address this critical need and would support placing the question on the ballot.,"I support the Just Cause Ordinance, which would eliminate no-cause evictions and protect families at risk of displacement.",https://news.wttw.com/elections/voters-guide/2023/Joe-Dunne,https://news.wttw.com/elections/voters-guide/2023/Nick-Ward
39ba1e6da9e5974bb64479bc,race-2005b47032b558f2b4f8,housing,public_housing,Larry Svabek,Nick Ward,coded_divergence,different_mechanism,"First, we must maintain and expand housing affordability so that working families can remain in the city.","I support the Just Cause Ordinance, which would eliminate no-cause evictions and protect families at risk of displacement.",https://www.chicagotribune.com/2023/02/07/2023-chicago-aldermanic-candidates-answer-tribune-questionnaire-larry-svabek/,https://news.wttw.com/elections/voters-guide/2023/Nick-Ward
ebc8661b1112679254198586,race-2005b47032b558f2b4f8,housing,rent_control,Leni Manaa-Hoppenworth,Nick Ward,coded_divergence,different_mechanism,"I support lifting the ban on rent control, stabilizing rental fees, and preserving and expanding SROs to include wraparound services and mental health supports.","I support the Just Cause Ordinance, which would eliminate no-cause evictions and protect families at risk of displacement.",https://news.wttw.com/elections/voters-guide/2023/Leni-Manaa-Hoppenworth,https://news.wttw.com/elections/voters-guide/2023/Nick-Ward
169d590fa420ceced1147b4a,race-2005b47032b558f2b4f8,housing,zoning,Nassir Faulkner,Nick Ward,coded_divergence,different_mechanism,"Yes, because we need more affordable housing options in my ward, and throughout the city. The housing/zoning advisory council that I create will be tasked with creating a plan for potential ETO developments.","I support the Just Cause Ordinance, which would eliminate no-cause evictions and protect families at risk of displacement.",https://docs.google.com/spreadsheets/d/1HvCV_Ec7sa3AHa71lSK_HWY306EYB3e9Wb9Crf_BxPc/edit#gid=0,https://news.wttw.com/elections/voters-guide/2023/Nick-Ward
b34cbc245693bd12f94ec2fe,race-2005b47032b558f2b4f8,climate_energy,emissions,Brian J. Haag,Nick Ward,coded_divergence,different_mechanism,"Create more jobs — that's the best deterrent to crime. We can easily create jobs right now in composting, community gardens, urban agriculture, building new park lands on brown fields especially on the South and West sides of Chicago.",I support expanding protected cyclist and pedestrian infrastructure so that people feel safe on our streets and sidewalks.,https://news.wttw.com/elections/voters-guide/2023/Brian-Haag,https://news.wttw.com/elections/voters-guide/2023/Nick-Ward
40dc9e649272a84b98796bcd,race-a4f6ebb856fb4c3cc6a2,public_safety,prison_abolition,Anthony Clark,Kina Collins,coded_divergence,different_mechanism,"We must reform our criminal justice system by ending mass incarceration, eliminating cash bail, closing the school-to-prison pipeline and for-profit prison contracts, focusing on community policing models and ending the school-to-prison pipeline.",I support policies and programs that improve community interactions in the district and ensure accountability at all levels of the justice system.,https://web.archive.org/web/20200302070900id_/https://www.voteanthonyclark.com/criminal-justice-reform-end-private-prisons,https://news.wttw.com/elections/voters-guide/2020/candidates/congressional-districts/kina-collins
670c9fa2bbf85563aeea9ea6,race-a4f6ebb856fb4c3cc6a2,public_safety,prison_abolition,Anthony Clark,Kristine Schanbacher,coded_divergence,different_mechanism,"We must reform our criminal justice system by ending mass incarceration, eliminating cash bail, closing the school-to-prison pipeline and for-profit prison contracts, focusing on community policing models and ending the school-to-prison pipeline.","Lastly, I represented a juvenile who was unconstitutionally sentenced to life in prison without the possibility of parole and we got him a fair reduced sentence.",https://web.archive.org/web/20200302070900id_/https://www.voteanthonyclark.com/criminal-justice-reform-end-private-prisons,https://news.wttw.com/elections/voters-guide/2020/candidates/congressional-districts/kristine-schanbacher
a13883499e775b56a0183f24,race-d2390152c5fc57670ba9,housing,public_housing,Angela Clay,Michael Cortez,coded_divergence,different_mechanism,This is why I am a strong supporter of the Bring Chicago Home ordinance which would create a dedicated revenue stream for homeless support services in the city.,"I think the most important thing is to keep the the 20 percent of new developments [affordable] and just promote the area, making it more affordable for builders to come in.",https://www.chicagotribune.com/2023/02/07/2023-chicago-aldermanic-candidates-answer-tribune-questionnaire-angela-clay/,https://blockclubchicago.org/2023/02/02/46th-ward-candidates-talk-transit-housing-and-public-safety-in-uptown-at-candidate-forum/
ab25e590049d8fed91a490ad,race-d2390152c5fc57670ba9,housing,public_housing,Angela Clay,Patrick Nagle,coded_divergence,different_mechanism,This is why I am a strong supporter of the Bring Chicago Home ordinance which would create a dedicated revenue stream for homeless support services in the city.,Building in general and building with density is the elixir to a lot of a lot of these ills.,https://www.chicagotribune.com/2023/02/07/2023-chicago-aldermanic-candidates-answer-tribune-questionnaire-angela-clay/,https://blockclubchicago.org/2023/01/12/federal-administrative-judge-palmer-house-bartender-among-candidates-vying-to-replace-retiring-ald-james-cappleman-in-46th-ward/
6867c1df494d7810261d23e7,race-d2390152c5fc57670ba9,climate_energy,transit,Angela Clay,Kim Walz,coded_divergence,explicit_disagreement,I would support the expansion of free CTA service to all CPS students.,Making DuSable Lake Shore Drive more convenient and expeditious for drivers will lead to induced demand and even more cars on the road.,https://www.chicagotribune.com/2023/02/07/2023-chicago-aldermanic-candidates-answer-tribune-questionnaire-angela-clay/,https://web.archive.org/web/20230207182754/https://www.bscactionfund.org/kim-walz
74ef2d62336121d6e3c63a05,race-d2390152c5fc57670ba9,climate_energy,transit,Angela Clay,Marianne Lalonde,coded_divergence,different_mechanism,I would support the expansion of free CTA service to all CPS students.,"As a sustainability professional, I want to ensure that the changing economy and climate means green jobs are created in the city, but especially on the South and West sides.",https://www.chicagotribune.com/2023/02/07/2023-chicago-aldermanic-candidates-answer-tribune-questionnaire-angela-clay/,https://www.chicagotribune.com/2023/02/07/2023-chicago-aldermanic-candidates-answer-tribune-questionnaire-marianne-lalonde/
3be5ed88912164dcad40fc7a,race-d2390152c5fc57670ba9,tax_budget,corporate_tax,Angela Clay,Kim Walz,coded_divergence,different_mechanism,"Some additional proposals I am interested in exploring in greater depth include a Corporate Head tax, a Polluters Tax, a LaSalle Street Tax, TIF reform, and further exploring Payment in Lieu of Taxes (PILOT) for large non-profit institutions that don’t currently pay property taxes.",We should use revenues from moving violations to fund this.,https://www.chicagotribune.com/2023/02/07/2023-chicago-aldermanic-candidates-answer-tribune-questionnaire-angela-clay/,https://web.archive.org/web/20230207182754/https://www.bscactionfund.org/kim-walz
2555b63b51749c46d878bae6,race-d2390152c5fc57670ba9,tax_budget,corporate_tax,Angela Clay,Marianne Lalonde,coded_divergence,different_mechanism,"Some additional proposals I am interested in exploring in greater depth include a Corporate Head tax, a Polluters Tax, a LaSalle Street Tax, TIF reform, and further exploring Payment in Lieu of Taxes (PILOT) for large non-profit institutions that don’t currently pay property taxes.","TIFs should be prioritized for projects that serve the entire community – for example, public schools and parks, versus private developments.",https://www.chicagotribune.com/2023/02/07/2023-chicago-aldermanic-candidates-answer-tribune-questionnaire-angela-clay/,https://www.chicagotribune.com/2023/02/07/2023-chicago-aldermanic-candidates-answer-tribune-questionnaire-marianne-lalonde/
bb93bee9cbd3e7021b490773,race-d2390152c5fc57670ba9,tax_budget,corporate_tax,Angela Clay,Roushaunda Williams,coded_divergence,different_mechanism,"Some additional proposals I am interested in exploring in greater depth include a Corporate Head tax, a Polluters Tax, a LaSalle Street Tax, TIF reform, and further exploring Payment in Lieu of Taxes (PILOT) for large non-profit institutions that don’t currently pay property taxes.","We must ensure that our transit system is properly staffed so that service runs smoothly, and that resources are equitably distributed across all our neighborhoods.",https://www.chicagotribune.com/2023/02/07/2023-chicago-aldermanic-candidates-answer-tribune-questionnaire-angela-clay/,https://web.archive.org/web/20230207182754/https://www.bscactionfund.org/roushaunda-williams
bfa82b207ccd911f8b05bc93,race-de351b5bf3d35c3ad4d1,foreign_policy,war,Andrew Yang,Bernie Sanders,coded_divergence,explicit_disagreement,We need to get our combat troops out of Afghanistan.,"I would re-enter the agreement on day one of my presidency and then work with the P5+1 and Iran to build upon it with additional measures to further block any path to a nuclear weapon, restrain Iran’s offensive actions in the region and forge a new strategic balance in the Middle East.",https://www.cfr.org/articles/andrew-yang,https://www.cfr.org/articles/bernie-sanders
52a6a6e8b7cb89f2ec1eb01e,race-de351b5bf3d35c3ad4d1,foreign_policy,war,Bernie Sanders,Deval Patrick,coded_divergence,explicit_disagreement,"I would re-enter the agreement on day one of my presidency and then work with the P5+1 and Iran to build upon it with additional measures to further block any path to a nuclear weapon, restrain Iran’s offensive actions in the region and forge a new strategic balance in the Middle East.",A prompt and orderly troop withdrawal would be my objective.,https://www.cfr.org/articles/bernie-sanders,https://www.cfr.org/articles/deval-patrick
d85c26411e142c0bbcf6e5df,race-de351b5bf3d35c3ad4d1,foreign_policy,war,Bernie Sanders,Tulsi Gabbard,coded_divergence,explicit_disagreement,"I would re-enter the agreement on day one of my presidency and then work with the P5+1 and Iran to build upon it with additional measures to further block any path to a nuclear weapon, restrain Iran’s offensive actions in the region and forge a new strategic balance in the Middle East.",War with Iran would be worse than war with Iraq.,https://www.cfr.org/articles/bernie-sanders,https://www.presidency.ucsb.edu/documents/gabbard-campaign-press-release-tulsi-gabbard-shines-breakthrough-performance-nbcs
