corpus_segment_id,text_sha256,text,source_urls,locators,gold_topic_code,reviewed_by
f612660d5b104c33a925f465,e0c8be31516b2027ea923dd752c860857213f3f290c6d9d8732e0972ba47f46b,"As State Representative, I will be a consistent vote in support of added revenue for our system of public transportation, including the MBTA, the Green Line Extension, and the Somerville Community Path. It has been 26 years since the state was ordered to build the Green Line Extension, but the legislature has failed to enact measures that would have made the project a success.",https://www.thesomervilletimes.com/archives/70059,paragraph 35 sentences 1-2,,
20608827e53a5452b73169a4,70d1e342a078b90a97af5c5e2fef44d3a13ddf342e6b7908f3a9bad9c7ab0dcd,"The private streets, I think that is a shame, because the person who lives on that street, I pay taxes, they pay taxes, and the whole idea of us paying taxes is, we need safety and our garbage picked up, and if we are not going to have our garbage picked up, what are we paying taxes for? Lately, I have been using this phrase, ‘No taxation without representation.’ ”",https://www.brooklynpaper.com/our-sit-down-with-bay-ridge-council-candidate-rev-khader-el-yateem/,paragraph 124 sentences 4-5,,
4168e38b48f690140a9bc744,812925557c6fae948668b09f97199f32da8bf3fa32692c8d68da7fc5301a3f92,"Fair Elections + Fair Districts For the health of our democracy, we must ensure that voters have meaningful choices and a chance to allow their voices to be heard at every election opportunity - and the only way to ensure that in the long term is through an accountable, transparent, and citizen-controlled redistricting process that prioritizes amplifying the power of democracy over the continued dominance of one party over another. Kareem supports instituting a Citizen's Review Board that will have final approval over the redrawn state districts.",http://www.kareemforpa.com/issues,paragraph 52 -> paragraph 54 sentences 1-2,,
b6b6c90999d97ef0244b02ac,dcb9a818080fdb251beeb3e05462aa85f1e78cc546919f6feb2d70b40f3e626b,"Right now in Virginia, someone can work full-time and makes less than $15,000 a year. Compare that to the amount needed for a married couple with one child to live in Fairfax County—which is $58,394, according to MIT’s living wage calculator .",https://yasmineforvirginia.com/issues/jobs | https://yasmineforvirginia.com/issues/jobs/embed,paragraph 16 | paragraph 39,,
9d4512fd2ddaea1c2d5f1832,494b97cc5799a466f2f8521cd87f1e5c72532db8b52718807e2086fe230c4a28,Abolish super PACs and replace corporate funding with publicly funded elections that amplify small-doner donations. Read More High-Speed Internet for All,https://web.archive.org/web/20200105220028id_/https://berniesanders.com/issues/,paragraph 128 -> paragraph 130,,
761d31e51b773bff3c680247,cbdcac8547fe13a98c95b450254186dba010b6d47be24f36daeab7e300592adb,"The attendant economic crisis has caused widespread job loss and threatens an historic displacement of Americans from their homes in the middle of winter. Local governments are constrained in the ways they can respond to these crises, but I am committed to continuing to work with our partners in county, state, and federal governments to ensure that Brighton not only weathers these crises, but more importantly, paves the way to a brighter future for our entire community.",http://www.wiltfortownboard.com/,paragraph 15 sentences 4-5,,
940ba1271732df7070689ab6,b66cf07a89cc67a7d1449d035dad763db2405ebd001f17903b8056d9f2e598e5,LGBTQ+ Rights Phara for Assembly WordPress Embed HTML Embed Copy and paste this URL into your WordPress site to embed,https://pharaforassembly.com/platform/lgbtq/embed,paragraph 20 -> paragraph 24,,
fd6388ea3fa9202b0afc1338,0bf34e80e8b35bc6c104f3a16704da093665252f982b7a9924b2738fe8377813,"The solution is not only to protect the city’s assets and operations from privatization, but to grow municipal facilities: social housing, child care centers, libraries, and collaboratively controlled housing, workplaces, and consumer groups. Together we can work towards neighborhood-driven change, equitable development, and investment in working families.",https://www.wesanews.org/wesa-voter-guide/2023-04-18/pittsburgh-city-council-district-7-botta-gross,paragraph 222,,
f4d16a8c9fb7b4f5afa202b3,0339ad0fdf59addc27fb8647d93e5510c5783d8d457e212ce90c49981d8a4b20,"More green space is not just good for the soul, it’s important for flood prevention. Queens needs flood mitigation as the climate crisis worsens. Green spaces can play a significant role in alleviating flooding, and urban forests have a big impact on flood control, allowing water to infiltrate into the soil instead of simply running off into streets or storm sewers.",https://claireforqueens.com/platform/climate,paragraph 47,,
d5c3d643f3c3ff01d5c618d6,831f9d00d243ac960373bb248abc70a2ae735787e36802b9da48f05a6de3fcca,Click here to read the full article meg anand Previous Previous Hotgirls4nj is proud to endorse Meg anandarangam Next Next,https://www.megforqueencity.com/press/candidatestatement,paragraph 31 -> paragraph 37,,
5b337968bc134c551fcfe697,d9189ff7dc250b1b7a21ccec2429d822df838b60af671280fa6f0c473f78f178,It is past time we act on gun violence. Read more Health care Affordable health care is a basic human right.,https://web.archive.org/web/20160108174029id_/https://www.hillaryclinton.com/issues/,paragraph 76 -> paragraph 79,,
3d62ad6d629aff6fab9c91ae,aeeb8b6c3efbc61f2cf01d6cf4715060c435aa10d0add0fbe57e101069cefb72,"They’re doing it because this is all they can afford, and you have landlords who are exploiting them. I’d love to see a way to make them safe and codify them in some way if that’s possible, but the way it is now is unsustainable.",https://www.brooklynpaper.com/our-sit-down-with-bay-ridge-council-candidate-justin-brannan/,paragraph 109 sentences 3-4,,
a2a5ac982460991608761ec5,02db7162755f332d4f2af8a60b4ca76d1a6b6019acbd9f1f2ba39ba9bdb8453d,"Drive healthcare coverage competition. We must look for innovative ways that have previously not existed, such as competition between the private sector and Medicare. This encourages creative solutions for cost containment as well as best practices for better patient outcomes.",http://hiralforcongress.com:80/issues/healthcare,paragraph 42,,
13778ce95eca35be84f6c827,771b8f305795b42b01f18f724d00bef13e77dbb3b22cb862e9686fb1cdfee9e5,"I’m pleased that there are two multi-family development projects currently being considered in Braddock District that will each include an affordable component, increasing housing socio-economic diversity, and racial diversity.",https://ggwash.org/view/72114/whos-best-on-housing-and-transportation-in-fairfaxs-braddock-district,paragraph 55 sentence 5,,
82cf1e074d9086dd8f24f915,48083ad14be9eb9a101b64e8ea60709012370b183cbf2fc479aa4b5539782d99,"STOPPING FOREIGN INTERFERENCE by fortifying our voting systems, ensuring social networks know who is posting political content, and aggressively punishing any attempt to hack into our voting systems or to infiltrate our democracy in any way. Something our treasonous president refuses to do.",https://web.archive.org/web/20190921214849id_/https://www.gleib2020.com/issues,paragraph 16,,
f3c2d57a454e5daf6b2c2345,f495e773a51b2938088a33f57afc8c86dc9faf3fa7449acb503b2e59eadd5b3a,"It would be fitting to have bike share stations on Ocean Parkway — one of the first paved bike paths in the U.S. And if done in coordination with Flatbush, it would provide quicker access for Kensington residents to/from the Q train.",https://www.justin2021.org/climate-policy,paragraph 134 sentence 3,,
f2180ee17bb1c4a3990f0c81,a5422705d1d23a358412f2363f644c2039e4f36f920e22bbf73e87f6779f58d7,"I helped my family all the way through college, even though I was the first in my family to attend college. As a young mother, we moved to St Paul which became my extended family.",https://web.archive.org/web/20220805014447id_/https://sandypappas.com/vision,paragraph 6 sentences 5-6,,
d801c4e13c034818207cf4a7,956c51a9cab8b0ff82eddbbc8ed73d2ad73163d8fce55961b44095fde675f464,The county can and should publish information on operations that's presented as position-based budgeting. This is something that my team is actively working on right now and will roll out in the near future.,https://www.wesanews.org/wesa-voter-guide/2023-04-18/allegheny-county-controller-leuba-oconnor,paragraph 228,,
b953ab63d6923d26b4afbc36,9283a0477a57392352717e6880cd338374eb4ec0293e7f5a97c54112213f511f,"Dean is a responsible gun owner and a member of the Gun Violence Prevention Task Force, where he has sought and supported bipartisan solutions to address our nation’s gun violence epidemic. In addition, Dean supported and helped pass the Bipartisan Safer Communities Act, the first meaningful gun violence prevention legislation to become law in nearly 30 years.",https://web.archive.org/web/20231122100438/https://www.dean24.com/platform,paragraph 53,,
a5afbb203d563bd28f484179,53a0ad80865b1eca587a8990dd5f1671df6e03320bd82adaf7fc2a4ffe57459e,School Visit Request Radar Maps Closings Submit a Closing Ski Report Weather Talk School Pictures Mini Meteorologist Weather App Buffalo Plus,https://13wham.com/news/local/new-faces-vying-to-join-rochester-city-council,paragraph 93 -> paragraph 103,,
1361c0d43f330dc6b7b06bfc,131ec5a573b15e125d5acf6e29c3a71fa0ae7183ac90e078633054af9365ad23,"Recipients can pay back the loans over time with the energy savings, helping Wisconsin get cleaner energy and air while saving taxpayer dollars now and into the future. In addition, we can make real upgrades to our grid's reliability and efficiency, so that we are able to move clean, renewable energy around with minimal loss and friction.",https://www.keldaroys.com/issues/data-centers,paragraph 21 sentences 3-4,,
c10e2b4122dd53ac63fd3a57,335eed14d67a375c22e0b1a48ac68b21f5ddc3208d9c4638825af4ec9e923612,Creating Decent Paying Jobs A Living Wage Combating Climate Change to Save the Planet A Fair and Humane Immigration Policy,https://web.archive.org/web/20160106120158id_/https://berniesanders.com/issues/,paragraph 52 -> paragraph 55,,
60dac01ad33b90998bf45927,3e8749a77dfbd835ca46567967f447feec701782cc6bd7ba4e513f07864f9330,"KEY: I am fortunate that I have been working in my community for 22 years, and my legacy in the community is that I am known as someone who can work with everyone, and who will work across party lines to accomplish what needs to be done. Being firmly rooted in values of justice, including socialism and BDS for example, is not only important, it’s who I am.",https://thethorn.nyc/posts/fair-workweek-el-yateem-interview/,paragraph 30 sentences 1-2,,
51733a1051ca5a6c3e9f388b,c069877fb731d0ab22f8f660c3d6d4ab632b86196b24204231c6659945d1ddf2,"Democrats can no longer afford to start our negotiations from the middle, when far-right politicians like Ted Cruz and Donald Trump are gaining ground and will only pull our nation closer to authoritarianism.",https://www.civilbeat.org/2018/07/candidate-qa-u-s-house-district-1-kaniela-ing/,paragraph 108 sentence 4,,
484b519a23e4869b3301d0c4,d7a69c2b818a879465b1a28e9b1b1a2b832580ce539dc76c61382395a12426ec,"This also means we need to take a holistic equitable approach to housing by recognizing how these issues are compounded by race and mental health. Particularly because black and brown people and people with mental disability in Fairfax County are disproportionately criminalized, leading to the cyclical struggles of housing and poverty.",https://ggwash.org/view/72114/whos-best-on-housing-and-transportation-in-fairfaxs-braddock-district,paragraph 53 sentences 1-2,,
8e6b65eea3fa05a036019279,313bf77e8ff0458a80be89d9b1ddfbd188c24f5f4c5ede691b290e32fbb234f4,Solutions: End poverty pay for Montana's teachers. Establish a statewide salary schedule for teachers. Eliminate the tax credit for private school donations. Keep college tuition frozen.,https://www.dannyforhd95.com/,paragraph 38 -> paragraph 39,,
40e20bf0a40eed78ad936e82,ac79dc1c5f25756f854aa1e1c98e96d42477b3de6ecbe6e4f05e069cbaae66e4,"In 2021, we are faced with more challenging times than any in recent memory. The summer of 2020 bore witness to the largest mobilization of a civil rights movement in 50 years, as the deaths of George Floyd nationally and Daniel Prude locally sparked protests all across Monroe County. The COVID-19 pandemic is ravaging Brighton and Monroe County, inflicting long-term health consequences on some of those who are fortunate enough to survive the disease.",http://www.wiltfortownboard.com/,paragraph 15 sentences 1-3,,
29fc0e5126065a7f37a2afe1,b16f7759a54e42b0e4ff77747f2ad4622aa221e2ba7806c2db06e56d6839b6cc,"All of this work must be done using union labor and prioritize at-risk, work-class communities, such as Red Hook and Gowanus.",https://jabariforstatesenate.com/climateandenergy,paragraph 48 sentence 4,,
c9ef53a2f748a6c4628c1ccb,eddf549dee11d8544aa8d468beed71f40434e5472489c6a1794d5e73dc660044,"I appealed the office’s denials to the statewide tribunal last year and won all 13 cases, but the appeals process delays transparency and wastes the county’s legal resources. To address improper RTKL denials, I would use the office’s statutory authority to directly obtain information for requesters.",https://www.wesanews.org/wesa-voter-guide/2023-04-18/allegheny-county-controller-leuba-oconnor,paragraph 204 sentences 5-6,,
e140281658b55786f8a9802d,cec2e32030a0ac236f6944a1143636914a990a1ac3c209be3fef897a572af545,"Lower Utility Bills We don’t have to depend on corporate monopolies for our energy. Con Ed and National Grid overcharge us, cut off power when we can’t pay outrageous premiums, keep us hooked on dirty fossil fuels, and neglect their infrastructure which results in blackouts. When rates go up, they profit, and working families suffer.",https://claireforqueens.com/platform/climate,paragraph 31 -> paragraph 32 sentences 1-3,,
c4fa97f9bdcf64fe7952450c,c37100be289780197fd6d75368fd34ca921b74eaecfd886069421e9d0e183ac6,"Shaun is a staple in the community, working to organize people to take power back from establishment figures who have let us down time and time again. Shaun is running for Assembly District 34 to continue this work, not as a newcomer but as a seasoned organizer ready to fight for his community in a new forum – Nevada’s legislature.",https://navarrofornevada.com/,paragraph 8,,
78dc9806a40d8838e867261b,4604928abd866c98dd01e335173c6a31cb7b3af0dcbbe07124fcc04b78368c48,"Read more LGBT equality Lesbian, gay, bisexual, and transgender Americans deserve to live their lives free from discrimination. Read more",https://web.archive.org/web/20160108174029id_/https://www.hillaryclinton.com/issues/,paragraph 92 -> paragraph 95,,
9403ccef7afea770cb8206b6,00aeda738611bc74102e748452632058def37b87debbd4041ef370c39d1fae26,"I want to service my people so that’s why when you ask me, how come you don’t see any press releases, that’s not Nancy Tong. I really just want to work for the people. I do knock on doors — I do like to do it myself, knocking on doors to introduce myself to them, and a lot of the time they know me too from coming into the Assemblyman’s office.”",https://www.brooklynpaper.com/our-sit-down-with-bay-ridge-council-candidate-nancy-tong/,paragraph 124 sentences 3-5,,
fa8214e00523965174883559,17f3a1912b7ced579b46f013f2cb8b6edb9ae0a4ed5fdb2a4032ed418110983b,"My first priority would be to build productive relationships with other members and staff that can work for Hawaii over time. Sen. Inouye’s relationships within the Democratic caucus and across the aisle, most notably with Sen. Stevens, proved valuable assets for Hawaii regardless of which party held power. In the Legislature, I’ve shown the ability to build those relationships and produce for my district across partisan divides.",https://www.civilbeat.org/2018/07/candidate-qa-u-s-house-district-1-beth-fukutomo/,paragraph 107,,
78288c80eb8790ac9edbc7d7,e2d74fec5051cec62ec36a0e64b822f27d5aae30dcdb433fc7136d636605095d,"As commuting patterns continue to shift from West-East to South-North, we need to ensure that driving is not the only choice people have.",https://ggwash.org/view/72114/whos-best-on-housing-and-transportation-in-fairfaxs-braddock-district,paragraph 64 sentence 4,,
cd30eca39f69406f967809f9,0ee0399f6656e81dfe15037a38ecf3c78196056ed9fe949577c90ba47d3a7263,"A Safer World Amy believes that we need to stand strong — and consistently — with our allies and that we must respect our frontline troops, diplomats and intelligence officers.",https://web.archive.org/web/20191109194626id_/https://amyklobuchar.com/issues/,paragraph 33 -> paragraph 34,,
3669063a67d5aee43e19ca6d,b27fe33d65814ea1edd67c14dcd261c60b21c12710ebeb64d638ba9ba82e8b6c,"Provide sustained funding to support programs to train local residents on solar installations and other green, alternative energy jobs Partner with environmental nonprofits toencourage individual residents and building owners to go solar or explore alternative energy programs, such as rebates, net-metering, subsidies, and educational programming",https://www.shahanafrombk.com/climate,paragraph 73 -> paragraph 74,,
ad095ec361e27c4d367998ad,93f394491c8aaf15d8da3a9a0beddaf204485e280f2c6dda499b067202e462da,"I strongly believe that education can be part of the solution. I support establishing K-12 curricula statewide that teaches personal boundaries, bodily autonomy, consent, and respect as part of a comprehensive sex ed program.",https://web.archive.org/web/20220126231521id_/https://zukiellis.com/vision/,paragraph 36,,
0c0db8718fd8fa61958ff24b,35083645221f33cfa27bc64fd7aea00f1dee02afb921e734a725a48001cfb6fa,"I think the hybrid policing approach we are currently utilizing alongside social workers and mental health professionals is an excellent direction, and if done responsibly can be expanded to Allegheny County and beyond.",https://www.wesanews.org/wesa-voter-guide/2023-04-18/pittsburgh-city-council-district-7-botta-gross,paragraph 208,,
86340bd9a66d1ed0ef8256c7,8ba5cfc352c9472131b480201932ceaebb5f27caa64c68ae88d97b7aaad4c6d7,"In Congress, Dean serves on the House Small Business Committee and chairs the Subcommittee on Investigations, Oversight, and Regulations. Dean is also a member of the bipartisan Problem Solvers Caucus, co-founder of the Stakeholder Capitalism Caucus, and a member of the Entrepreneurship Caucus.",https://web.archive.org/web/20231122100438/https://www.dean24.com/platform,paragraph 33,,
2c6ab09d63164bc8223c8fa1,ba37b4728df88cdd74e9cb010d8bf628d614822d8a9bf7c789a88b68aecd8c12,Weather Current Weather Rochester Partly Cloudy 71 F 72 / 53 Today 72 / 53 Friday 78 / 56 Saturday 82 / 61 Latest Weathercast,https://13wham.com/news/local/new-faces-vying-to-join-rochester-city-council,paragraph 15 -> paragraph 35,,
ad19892fbca84d796b104246,1f4fd1dcd993242b7e1e93dc233f628e3cc138fbcd5ca42fcc50dc7c18acf47c,"Pass strong statewide standards like those outlined in SB 729 to establish binding regulations protecting workers, ratepayers, local residents and transparency, and our environment from reckless data center development. This will p rohibit any data center development from moving forward unless it meets necessary standards for environmental protection of our air, land and water, and prioritizes Wisconsin union workers who earn prevailing wage, puts local communities in control and requiring transparency, and protecting ratepayers from increased utility costs.",https://www.keldaroys.com/issues/data-centers,paragraph 17 sentences 1-2,,
ddd538af24eb7a8ddd92eba5,f8a9bbd9fc6309ff4794f144dc1fd5aa7c550531729b76be52239f09f7ae1620,"Fair Share Amendment to tax millionaires. Organize for a more progressive tax system. Healthcare as a Human Right Implement universal, single-payer healthcare .",http://web.archive.org/web/20160807044232/http://www.mikeconnolly.org:80/progressive_platform,paragraph 71 -> paragraph 74,,
b129c26db18672f872e556fa,76a454d998b059e25e440739852cb71b540705486f1299f6b2a6444c46163730,"I cannot sit on the sidelines watch our kids dying and not do anything. We need to make sure we are involving everybody, getting the word out and in other languages, Chinese, Russian, and everybody who lives in the district has to be able to hear it in a language they understand — but I believe our public funding has to be used to combat the problem, and that means stopping the drugs flowing into our neighborhood and creating the sources for counseling and treatment.",https://www.brooklynpaper.com/our-sit-down-with-bay-ridge-council-candidate-rev-khader-el-yateem/,paragraph 127 sentences 6-7,,
66788bf1f966af4f68f5a177,928b72dfc95a1eb1eb13ec0a11a05775fd54d77bcc56c8ede0d4a9fddcf7ef01,"Mass incarceration is the antithesis of building stronger families and communities in the district. The criminal and juvenile justice systems are among the biggest barriers to social justice and upward mobility; the taxpayers of Pennsylvania foot the bill. Pennsylvania spends more on prisons than on public higher education. While spending on higher education has fallen by 35% since 1990 (adjusted for inflation), the state’s prison expenditures have grown by 137%.",http://www.summerforpa.com/justice,paragraph 41 sentences 1-4,,
25303a41b04b25c2736d5189,53fec75461a9b57a1b1a7964a34b68135bff6a50fffa517bdcabb3adca4d5377,Meet Yasmine Issues Endorsements Endorse Yasmine News Get Involved Events The Trump administration has made it clear that it has placed women’s reproductive and economic rights on the chopping block.,https://yasmineforvirginia.com/issues/womens-rights,paragraph 4 -> paragraph 15,,
789f8aa9abf6ac1bc8a2bf25,ea8b574399d5c53b273ad1f7048bf125516a8411b0d97a828c7c648cbcd6d293,"Fight the upzonings which hold our communities hostage to the forces of gentrification Expand the rent stabilization system to cover all New York apartments, so that no tenant is faced with the prospect of suddenly being evicted from their homes",https://salazarforsenate.com/issues/housing,paragraph 47 -> paragraph 48,,
34387c89a73f8b9b2339d962,38d177475afa3596f66fd6a4e1f69eb769ef3b65bd5c28f4e2182174c7286f6f,Re-Elect Robin Wilt for Town Board About A Record of Results Priorities Donate! Re-Elect Robin Wilt for Town Board,http://www.wiltfortownboard.com/ | http://www.wiltfortownboard.com/priorities,paragraph 2 -> paragraph 10,,
0ece85a063f2508aff3064d9,a8ac9b5a4bd5a2563e9090b3bf3b5143177e77dcbcd298b5fb062a76aa65b3cb,"End Technical Parole Violations: New York sends more individuals back to prison for non-criminal, technical parole violations than any state except Illinois. Such violations include violating curfew, failure to do programming, and sleeping in a location other than your designated home. Minimal process is all that is currently required to return a paroled individual to prison.",https://jabariforstatesenate.com/criminal-justice-reform,paragraph 68,,
7f276a973afeb68cd9a06eb5,f77671df2becfb1973b68764f702cca6833367bd4b389bf5a5b385aed9db541e,"Maintaining strong relationships has allowed my office to bring citizens into leadership. We’ve installed traffic-calming measures, worked on shared commercial compost pick-up, and supported urban agriculture through our City Farms program. I will always put community voices first.",https://www.wesanews.org/wesa-voter-guide/2023-04-18/pittsburgh-city-council-district-7-botta-gross,paragraph 224 sentences 6-8,,
35715b901ff443d41bf6ac65,3d8246b0b2c9b485e2ed354121f997dd37ddc2bfadb301442cb4b838293ab1a9,"A Habitable Planet is a human right Climate change is no longer a problem of the future. We are living through worsening heat waves, historic wildfires, droughts, and many other extreme weather events that are only going to get worse unless we make a just green transition away from fossil fuels now. This means regulating big polluters while creating good jobs and ensuring that we have a safe landing place for workers currently employed in fossil fuel industries.",https://web.archive.org/web/20240518092853id_/https://www.chaichifororegon.com/the-issues,paragraph 19 -> paragraph 20 sentences 1-3,,
7319e4e330ae2dab59c167e3,0b817e93af80b42b64f7208d002a44723762d12b3ac0d5cf334decdf81ee5b7a,"They go into a different court system. And so in this specific court system where only Palestinians are tried with a conviction rate of, I believe about 94%. Children are tried in this court. Now the death penalty is up on the table again.",https://www.cpr.org/2026/05/18/cd-1-race-melat-kiros-democrat-interview/,paragraph 122 sentences 5-8,,
c8d9b70627434f5f3fe348ed,04ba5b59913c32873ad3fac865dbafca44364b6bd79cccf970d471e62d1bbf55,"National security With policies that keep us strong and safe, America can lead the world in the 21st century. Read more",https://web.archive.org/web/20160108174029id_/https://www.hillaryclinton.com/issues/,paragraph 96 -> paragraph 98,,
d02d9caa4849c582d9d76e49,8f51b5bb75fae1006af0a50e9842f43663d512a093a7e5038e6570e6e23b22e5,"So they should bring the garbage to the curb. Should it all be piled in one spot? No … I’m specifically thinking of Wogan Terrace, where it does pile up. You gotta spread it out a little bit.”",https://www.brooklynpaper.com/our-sit-down-with-bay-ridge-council-candidate-kevin-peter-carroll/,paragraph 115 sentences 5-8,,
0a2577c6ac94a8c2d2637685,7ee822a9ed03559e5e6c8124befa41ce365caef76706c10953ddbbca4a548716,"Now, more than ever, Congress needs to step up and renew its commitment to being a real check-and-balance to Trump’s backward foreign policy agenda. That’s why I will vote to repeal and replace the Authorization for Use of Military Force, a measure passed in the wake of the September 11 attacks, which has been used by presidents of both parties to engage in short-sighted and destabilizing military campaigns in places like Iraq and Libya.",https://www.civilbeat.org/2018/07/candidate-qa-u-s-house-district-1-doug-chin/,paragraph 116,,
36b0981e06c679304018bc3a,40b890f93bc212a19f823397afeb4f3ff0ec1ed3c4f5954d9104535527f49dde,"While most of central Annandale is in the Mason district, thousands of Braddock District residents live there. I will work with Mason Distrist Supervisor Penny Gross to create a more pedestrian-friendly environment and establish a public gathering space to build community, host festivals, and give opportunities to showcase the incredible cultural diversity of the Annandale community. We also must pursue a south-north transit option connecting Springfield, Annandale, and Tysons.",https://ggwash.org/view/72114/whos-best-on-housing-and-transportation-in-fairfaxs-braddock-district,paragraph 64 sentences 1-3,,
eaaf1e71c8608814ebe6da24,f823a693d3070e8d381a2bc84f8d774f24b449aa63ee44882d69f82a6ec69af5,Caring for Our Veterans Are you or a member of your family disillusioned by how you are being treated by this administration?,https://www.tulsi2020.com/issues/environment-green-economy,paragraph 100 -> paragraph 101,,
1b2220de1dd70565776b6ef5,40b4aa84d8e90a3c89ef110c08393f86c581aa7852cf74c5c25ddf6191f3ee5f,"Continue the City Council’s investment in CUNY campus childcare. This will help child care centers serve more children, provide extended hours, and offer evening and weekend programming to students and faculty using the centers.",https://www.shahanafrombk.com/education,paragraph 39,,
9d6141e76811add717a80753,246cf99cd778ef4425a219d32bd728bbd75cc3c818f9ecfe7ba439f6787219fc,Housing We need to be honest about our history. Our communities still feel the effects of racial covenants in housing. That systematic discrimination continues to impact the financial security of BIPOC Minnesotans.,https://web.archive.org/web/20220126231521id_/https://zukiellis.com/vision/,paragraph 63 -> paragraph 64,,
2b720c1e3f9c9505d4edc3db,b5059033b677f13319abb52107f29bc4945bba400ce4617f35d594f296ef5d82,"We need to invest in community resource centers, counseling services, and incentivize intramural and extracurricular programs for Pittsburgh youth. I plan to personally address this disparity by working with community organizations, nonprofits, and Pittsburgh Public Schools to ensure our youth have the resources to pursue prosperous, secure futures.",https://www.wesanews.org/wesa-voter-guide/2023-04-18/pittsburgh-city-council-district-7-botta-gross,paragraph 202 sentences 4-5,,
18ce1b6b0bb7bd242d95f6b0,f04200623d715b545670b41b5782b754db49a4e1037d73e9d1dd05db7e74b3fc,"I firmly reject discrimination across all aspects of life specifically including education, employment, healthcare, housing, and criminal justice. I'm dedicated to bolstering civil rights safeguards in combating discrimination and prejudice in our daily interactions. I will champion the rights of minorities and marginal communities, including women, people of color, LGBTQIA+ individuals, immigrants, and people with disabilities. I pledge to advocate for the safeguarding of these communities to guarantee equal access to resources, opportunities, and protections necessary for their well-being. Every individual deserves to be treated with dignity, respect, and equality.",https://www.caseyfororegon.com/issues,paragraph 41 sentences 1-5,,
2af46cd561ebaf410802861d,dd0d17fb5a037b0021b7e9adc22f4b94a2a0b5fb98263574396bf3fb40104bb5,Our Bright Spot shines on hundreds of young artists in Ontario County who came together to leave their mark on the community.,https://13wham.com/news/local/new-faces-vying-to-join-rochester-city-council,paragraph 56,,
4b2760cfa112039c8f323d25,3491dfd99a453c1d9f4031467f28b806cfe936f19ff220e05facd225db1337b0,"The American People’s Compact Endorses Sanjyot Dunung for Congress in IL-08 Des Plaines, IL (January 13, 2026) — Sanjyot Dunung , Democratic candidate for Congress in Illinois’ 8th District, has received an endorsement from The American People’s Compact (APC).",https://sanjyotforcongress.com/news/the-american-peoples-compact-endorses-sanjyot-dunung-for-congress-in-il-08,paragraph 15 -> paragraph 16,,
a278c365f37e03ff2bd1c485,07dc035dd470b040b132214f94f0489360552fd27a3cbba52bccfb57ba09a939,"Home » Blog Greater Somerville Election Special Posted by Chris Addis 123pt on July 20, 2016 Thank you to Somerville Community Access Television and Joe Lynch for producing this interview series featuring both Democratic candidates for State Representative in the 26th Middlesex District of Cambridge and Somerville. The election will be decided in the primary on Thursday, September 8.",http://web.archive.org/web/20160828215944/http://www.mikeconnolly.org:80/mike_connolly_scatv,paragraph 27 -> paragraph 31,,
b2e3b6bdd652a07eb894a34f,95fb606c29acc5405c27850cad16ccc1a3aeb5d18a67b2301f7248e1ba32e507,"Khader El-Yateem: My campaign is about social, racial, and economic justice, and no other group articulates these issues and focuses on them in the same way as DSA. I want to be part of a political group that prioritizes truly ending economic inequality, and is not beholden to the political establishment in the process.",https://thethorn.nyc/posts/fair-workweek-el-yateem-interview/,paragraph 28 sentences 1-2,,
78f9acd2a3bd5fdcd947460f,92f1490821ea5c86fdc8b637a443ade3577d2d4ea74dac339296b17448b1ff8e,"Education + The American public education system is in crisis. After several rounds of defunding and misappropriation of funds at both the state and federal level, public school conditions are going downhill in the state of Pennsylvania. While Republicans believe that the best solution is cutting school budgets and turning your tax dollars over to unaccountable private bodies, Kareem believes that we can do better for our children.",http://www.kareemforpa.com/issues,paragraph 31 -> paragraph 32 sentences 1-3,,
14d5737393c206d326fb34b7,9a9ff7e1553dbfe09d9384a7c4a384c56780304d83c6707d534b85742c942ecf,"Housing diversity gives low-income communities access to more equitable education opportunities and economic stability, providing key positive contributors to students and community success in the long-term. It is also important to acknowledge that the historical lack of housing diversity has created a dual housing market in Fairfax County, largely driven by 150 years of housing discrimination against Black people and continued today through racist lending practices and self-segregation.",https://ggwash.org/view/72114/whos-best-on-housing-and-transportation-in-fairfaxs-braddock-district,paragraph 56 sentences 5-6,,
679ea60e12a33822d694d0c1,519dab1b6e4024fe7fc5f729bde77a1dd4f33394deb8f7eee14ee6fc94b4cc81,One of the most common forms of wage theft occurs when employers misclassify workers as independent contractors. We must end this practice.,https://omarfateh.org/labor.html,paragraph 56,,
290447daeaa904f5cd9bc893,c26ccb791a5bce25d8f142eafb3415112b4e2d7d1e7c8dc14fd43bf05e4f454a,"A THRIVING BRIGHTON: Ensure that we live in a community where our elders can age in place, and in which individuals and families are not displaced from their homes by market vagaries, all while maintaining the smart growth and economic re-development enshrined in our Envision Brighton 2018 Comprehensive Plan.",http://www.wiltfortownboard.com/priorities,paragraph 18 -> paragraph 19,,
95ba0ee02c1cfcc7f9c33f73,de9f3a1cbba4a1aed80b58b0e20a351c1f88fca59a1480b87e29b03c049f5362,I also want to work on zoning laws to make it easier for accessible dwelling units to be turned into homes.,https://weststpaulreader.com/2022/07/07/state-legislature-primary-priorities/,paragraph 78 sentence 5,,
adad8dd9fa2d10e02a888785,966a222ba319665e3b842817c0776b7ff06f035bf856e21487063a7c03d1bd18,"We are paying for 20 years of shuttered recreation centers, closed pools, and downsized city operations. It is time to reinvest in communities.",https://www.wesanews.org/wesa-voter-guide/2023-04-18/pittsburgh-city-council-district-7-botta-gross,paragraph 226,,
d9d6a76aaa8e3ada6c10bceb,595209178c99f92d6edf99c4661b3914ffbc60715c9b8261abde0184bdf89da2,"Meeting Mental Health Needs We should stop relying on jails to handle acute mental health needs. Over half of the people currently held on Rikers Island have a diagnosable mental health condition, and the jail is now the largest mental health institution in the state. That is not only an injustice, it compounds public safety issues down the line by subjecting people who need support to the horrific conditions inside Rikers.",https://claireforqueens.com/platform/public-safety,paragraph 33 -> paragraph 34 sentences 1-3,,
ec1474912edd54a3a883ce1e,9051d9cc2b4492540459c58914b20ea6aa75fc52d312af3fd1f82b9f531d3445,"0 About Platform Supporters Posters About Platform Supporters Posters About Platform Supporters Posters Andrew Hairston is a civil rights attorney and writer running for Justice of the Peace in Travis County Precinct 1. A proud Black southerner, man of faith, and democratic socialist, Andrew is committed to building a justice system rooted in care, not punishment.",https://web.archive.org/web/20260223193939/https://www.hairstonforpeace.com/,paragraph 17 -> paragraph 42,,
5fdeeaedf25526a86eabf2de,2fa4ff88e1ec649d969199eded31f32ad6eb84aef1ae767c5f0d581ea5b501a6,"Share this: Email Sign up for Tim's newsletter to get updates in your inbox! About Tim Tim Toomey is a Cambridge City Councillor and Massachusetts State Representative. He represents all of Cambridge on the City Council, and portions of Cambridge and Somerville in the State Legislature.",http://web.archive.org/web/20160416122402/https://timtoomey.org/transportation/,paragraph 41 -> paragraph 47,,
a02ca398885a792d5dcb824b,605d9703c7bb6a6d1c0ce127287773769fe4aae755fcaf8e3987b675a991d828,"I’m using my savings in order to run this race because talking to the voters and making sure that they know who I am and the type of person that I am … if I was not doing that, it would be a disservice to them.”",https://www.brooklynpaper.com/our-sit-down-with-bay-ridge-council-candidate-kevin-peter-carroll/,paragraph 109 sentence 3,,
39e418970d9607678525f43b,5c5cf8c1e57a5fe9ff576cf6a57271f1c7e3c70f7e8c495a4d91cdcf8772a0ac,"Hiral met her husband, Dr. Kishore Tipirneni, during her first year of medical school. After she served as Chief Resident of the University of Michigan’s Emergency Medicine program, Hiral and Kishore looked for a place they could settle down, practice medicine, and begin raising a family. They sought somewhere that reflected the Midwestern values they both learned growing up. They chose Phoenix.",http://hiralforcongress.com/,paragraph 14,,
2b1a33a3530cddcd98412250,0c3f8e3052498d02f4f30f9fb181c1ec5c0b6232af1d96211515947e47429601,"My efforts will focus on making the Fairfax Center area near the Fairfax County Government Center and Fair Oaks mall a true suburban center that is walkable and served by transit. A key catalyst will be progress on transit in the I-66 median, a corridor that is planned for eventual Metrorail extension. I would like to study the feasibility of Bus Rapid Transit as a short or medium-term solution providing connection to the Vienna Metro station.",https://ggwash.org/view/72114/whos-best-on-housing-and-transportation-in-fairfaxs-braddock-district,paragraph 63,,
5d27724094dfc22549a88007,72829fd686d7fe9b0035f6d098cb89421a4b156288a25e449c0c00338ebe2802,"Protect our democracy As your president, I will make it a priority to guarantee a government of, by, and for the people by strengthening campaign finance laws, protecting voting rights for every American, and ensuring our elections are protected against all forms of interference. My Securing America’s Elections Act ensures either a paper ballot or voter-verified paper backup, so no foreign countries or individuals can skewer results. If we lose faith in our elections, democracy crumbles.",https://web.archive.org/web/20191121150006id_/https://www.tulsi2020.com/issues,paragraph 93 -> paragraph 94,,
578a2bc1a142755dd1e14f65,e4ef4d0185df27d318ac1498a739a51183dd7ad2fd58fd9dc9ac18c0ca49ba64,"+ Supporting CUNY Students As City Council Member, Shahana will... Invest and expand CUNY food voucher program. Currently, this program only provides students $400 toward food for the entire semester, and is limited to certain campuses. More broadly, we should simplify and expand emergency aid to students.",https://www.shahanafrombk.com/education,paragraph 50 -> paragraph 52,,
a4b2e0fda7cd06b5f2f58e1d,a34264d026d09d1e57c98b528bb5c41f6f72b4f89c5a467224a730dcf151505b,"(651) 321-1944 info@zukiellis.com Commitments Meet Zuki Vision Join Select Page Vision As I’ve been walking our neighborhoods I observe where people are, where grocery stores are, where transit is, where schools, businesses, rec centers are. I also wonder, are resources accessible? Do people feel safe? There’s so much complexity and variety in our communities.",https://web.archive.org/web/20220126231521id_/https://zukiellis.com/vision/,paragraph 1 -> paragraph 13,,
1b301eba8eb94e2298f9d62b,c74d3ebf72d93c145a87d9512838257c4285701c0c2b88615e9ae79309b8b16b,"Specifically, decisions have to be made about the county jail, the future of the Shuman Detention Center and our criminal justice system. Affordable housing, homelessness and the poverty that afflicts so many families in this county must all be addressed.",https://www.wesanews.org/wesa-voter-guide/2023-04-18/allegheny-county-council-district-11-klein-mcdermott,paragraph 202 sentences 3-4,,
23cb47a886d22ecff6d54912,570291545b04d7b5b0aa8b5f7f2ee78a7551f02924ea21768f05bb1b6ad3f69e,"My plan has three prongs: a massive investment in social housing, an end to exclusionary zoning, and a Tenants’ Bill of Rights.",http://marianne2024.com/issues/housing,paragraph 27,,
98492580f3c791257536b9ef,cb3fc460ae7ba4be21e8a730fb1b833dc9d2f93f610c9161d8a700b09e06642b,"Updated Wed, January 22, 2025 at 12:31 AM Chiara ""Keekee"" Smith (left), Tonya-Noel Stevens (second from left) and Kevin Stewart (far right) are all running for Rochester City Council. (Photo by Julia Coburn/WHAM, Jan. 21, 2025)",https://13wham.com/news/local/new-faces-vying-to-join-rochester-city-council,paragraph 175 -> paragraph 176,,
c5bc8ee1797e11711e40e7d4,dcb1baeb79a51213e9bbc7a0ad325e42d192e0796ac99401d8c50de050c44f23,Support caregivers and seniors through expanded local services and advocacy for long-term care resources “Representation is a contact sport —I won’t stop until I deliver results that matter.”,https://www.leslyedwight.com/priorities,paragraph 41 -> paragraph 42,,
e5827042b61af465302bce73,7abd0b9fdb3168de84b659963383ccd9f85d9172a50562f899d14ed0692c2db9,Complete the Somerville Community Path. Complete the Grand Junction Path. Promote bike safety and Vision Zero. Protect Affordable Housing Protect existing affordable housing.,http://web.archive.org/web/20160807044232/http://www.mikeconnolly.org:80/progressive_platform,paragraph 38 -> paragraph 42,,
315a96f41161881554396f2a,93257a4d7f261fdee3ffafe1962bfe8ceadda2646b93bc7b737797c2d6231908,"“There are two issues here, because of the organic recycling, now they subdivide the trucks so they are unable to pick up the large articles. You have to call 311 and schedule an appointment, and unfortunately people don’t know that.",https://www.brooklynpaper.com/our-sit-down-with-bay-ridge-council-candidate-rev-khader-el-yateem/,paragraph 124 sentences 1-2,,
23ee70cc33577f040cefefe8,4a761729d656b58c263eb138739308a73819056489b4e1d79b0821b908194ae9,This slideshow requires JavaScript. Share this: Share Tweet Share on Tumblr Search for: Meta Log in Entries RSS Comments RSS,https://web.archive.org/web/20180209101917id_/https://www.tx2.rocks/,paragraph 61 -> paragraph 70,,
985cf8a9e43b2c66e978fee2,10a9fe18abe3c3de94eb86d4d3e578a3b50e6c5a899a14e06fa57de7f30d5b21,"Irma Corado: Yes, I fully support the County’s push for walkable, transit-accessible communities. My current neighborhood, Heritage Woods in Annandale, is an example of a walkable community. Several multi-family units surround a small shopping center where you can find a pharmacy, grocery store, laundromat, and other commercial necessities.",https://ggwash.org/view/72114/whos-best-on-housing-and-transportation-in-fairfaxs-braddock-district,paragraph 65 sentences 1-3,,
0ed7ec3b97fbf75a6aab30fa,95a12d3a3f165a869b5994502698699f068737e7b5c4549e8d19b3b2f64e496a,"Ensure a just transition for communities and workers, including fossil fuel workers. Ensure justice for frontline communities, especially under-resourced groups, communities of color, Native Americans, people with disabilities, children and the elderly.",https://web.archive.org/web/20200105220028id_/https://berniesanders.com/issues/,paragraph 31 -> paragraph 32,,
1a329654e1d691b5cdd3d24a,ca48564b2f4be1e18fea53c75d731dedce3f6e263216c1227c44e77ef1928928,"The need for compassionate, thoughtful, and constituent-oriented service to the community has never been greater. I would be honored to receive your vote, allowing me to continue serving as a Brighton Town Councilmember.",http://www.wiltfortownboard.com/,paragraph 16,,
1afe526d0122fb2f737bc22b,25e49ba80c14a3cf5536068ef8817120c5f538d0b552f920634d980ab84f21d8,"Now tragically, that is not the reality for many working families. Since the 80’s corporations have been carving out the American worker, busting unions, and gaslighting our politicians and the American people into believing that insatiable economic growth is more important than people living with dignity. Our wages have remained stagnant while executives and investors line their pockets with excessive profits by co-opting our basic human rights like housing, healthcare, education, and a liveable climate.",https://www.electerika.com/issues/labor,paragraph 32 sentences 1-3,,
496f01c5e132d3c4b684c174,e11b15710b1af0f02dbfd30f3055b9ff1bcdb42e8e5100735b7af6e4f2940f8b,"They just got notified that for the first time, the city is ordering they pay Pittsburgh Police officers to be on duty. Lowering these unnecessary job assignments will free up officers for work that only they can do.",https://www.wesanews.org/wesa-voter-guide/2023-04-18/pittsburgh-city-council-district-7-botta-gross,paragraph 234 sentences 5-6,,
a6012891b809a1b53f3e9aa5,d28e27943da36b643df9818b1321593b0675e5bb6c25227ee4d91d2e8450c4da,"With one week remaining to submit Colorado Presidential Primary ballots and inspired by the success of Michigan organizers , we - the organizers in the Colorado Palestine Coalition and our constituent groups - are launching our own noncommitted campaign: Vote Noncommitted Colorado !",https://web.archive.org/web/20240229103740/https://copalestine.co/vote-noncommitted,paragraph 42,,
4b9644c25a6c2846e500968a,3844d4e817d2cf9fa575ef7dd447eb069b55eb07ab7afc91df7b8b4fe2c21d98,Make a Donation to the Campaign Sign up with your email address to receive news and updates. Email Address Thank you!,https://web.archive.org/web/20260223193939/https://www.hairstonforpeace.com/,paragraph 44 -> paragraph 48,,
2d04c681c813ff631e448a3e,04359af047af0ad288af671777400c5cae68babb7ed504d091232bed33256e9a,"When it is complete, he wants the Green Line Extension to be something that we can all be proud of, and he will continue to make your voice heard as the project moves forward.",http://web.archive.org/web/20160416122402/https://timtoomey.org/transportation/,paragraph 35 sentence 4,,
d3289d1f08f8f4a2479ef332,d3c37a7721dbd3448c191ed0afecc74ec95532af71de1df8cd46fd4922db6aa2,"So the aggravated illegal conversions bill helps to go a step further, but we still need to create that fund, which I think if we’re fining unscrupulous landlords, you can use that money to help relocate people.”",https://www.brooklynpaper.com/our-sit-down-with-bay-ridge-council-candidate-justin-brannan/,paragraph 109 sentence 5,,
c7668273d876c1542890d35a,99aaf344f67ab5cdd2eeb70dbc81f9e9d7e7f952d3c4eb570c6a00c984d4f0c1,"I would follow the approach with which I have conducted my career here in Hawaii. We need to rein in unnecessary government spending, which is running rampant in Washington and this administration. No more first-class travel for anyone.",https://www.civilbeat.org/2018/06/candidate-qa-u-s-house-district-1-donna-mercado-kim-3/,paragraph 126,,
7c8f028a5f5e2eaecd9b7a07,106d67946e016ebae993b2e47a18dfc981530eb5cd5627db043bd5db90918df7,"James Walkinshaw: In January of this year, 93-year old Pericles Apostolou was killed by a hit-and-run driver on Route 50 in Falls Church. This kind of tragedy should be unacceptable in Fairfax County. A goal of eliminating all traffic deaths and serious injuries should be seen as part of our One Fairfax policy.",https://ggwash.org/view/72114/whos-best-on-housing-and-transportation-in-fairfaxs-braddock-district,paragraph 75 sentences 1-3,,
b9f53b44ab31578cb333d7a4,dbec96c34d1a7d6e24478c231c94a4d70ef8c10f2c2e8addeee6a00fc3d07d76,"A strong military should act as a deterrent so that most of the time, we won’t have to use it. We must continue to be vigilant about the threat of terrorism, but it’s time to bring our troops home – and make sure they get support and benefits they’ve earned.",https://web.archive.org/web/20190912194647id_/https://elizabethwarren.com/plans,paragraph 73,,
696de9b4a7a773a7cdb53d33,1adbab42952f1049efd2b9f85804577df150b68ec3a70517560c2161e6454c42,"Divest from NYPD’s surveillance technology, following the lead of cities such as Boston and Santa Cruz by banning the use of facial recognition software and predictive policing technologies that are rooted in racism and other algorithmic biases.",https://web.archive.org/web/20210530235121/https://www.shahanafrombk.com/safety,paragraph 37,,
d4f44d4be914227a52e1ed14,c5fd1e8c5977b05cb57fb50cf857c693f9e66405b8bfb99cbb06065ff8ecea16,"Criminal Justice Reform I lost my brother to gun violence in 1998, twelve days before Christmas. It still feels like it was yesterday. Our gun laws don’t keep us safe. We have to do better. I’ve served on the board of Protect Minnesota, and I am deeply committed to this work. Public health research, banning assault weapons, passing background check legislation, closing loopholes on sales, and preventing domestic abusers from purchasing are necessary steps to preventing future harm.",https://web.archive.org/web/20220126231521id_/https://zukiellis.com/vision/,paragraph 50 -> paragraph 51,,
b29cd72450581e0e005513fc,5dbd408ff8480cb95730287a5307d876592635b3b06b9f39802e0b9a36fce382,One of the major issues stymying the work of the JOB is the lack of cooperation from jail administration. JOB motions and requests for additional information are frequently ignored. Additional powers from the state giving the board more autonomy would be helpful.,https://www.wesanews.org/wesa-voter-guide/2023-04-18/allegheny-county-controller-leuba-oconnor,paragraph 234,,
4acbf5a691da6a3956b71417,4ed443796b9f039c93fc18962ca62426f612b786c55264f9cdb6fb497e0ba18a,"Biden spoke on the stage of the Hylton Performing Arts Center, surrounded by red-and-blue signs that read “Defend Choice” and “Restore Roe.”",https://lailluminator.com/2024/01/23/biden-abortion-rights,paragraph 34,,
8044256c6e70477f0ea76e2c,6fbde497dff8aff4ed99a7a50e9047b30186b1daf9a6b40e0fad4d283e049d00,Bills Latest News Community Community Pet of the Week: Aaron Meet Aaron! He came to Lollypop Farm with his mom and sister when he was just a baby.,https://13wham.com/news/local/new-faces-vying-to-join-rochester-city-council,paragraph 48 -> paragraph 52,,
cde08d24975828ee401dea2b,c7cd38ec03b4200a72761f9d5e12755e0e4ad3f0ecf72a0f23767a2bd1241ef5,The SMS field must contain between 6 and 19 digits and include the country code without using +/0 (e.g. 1xxxxxxxxxx for the United States),https://karlasilvestre.com/newsletter,paragraph 38,,
81b634297827bccfa2507daa,829b774aa07f6563a40c91a5fb752b704d096a16e87757039ee5097fd73dc171,"Connolly also worked closely with Sierra Club leaders to help shape Cambridge’s groundbreaking Bring Your Own Bag ordinance , which made Cambridge the largest city on the East Coast to ban single-use plastic bags and the first city in the Commonwealth to require a fee for paper bags.",http://web.archive.org/web/20160830204857/http://www.mikeconnolly.org:80/endorsed_by_sierra_club_massachusetts,paragraph 38 sentence 2,,
de98b7aaf012e1b974df860b,26c42c6bc429c5ce3e1680653f17e9b8cfef07e6d6f9b618f8a25a5fb5e21bd6,"But there’s unfortunately a lot of people who are spreading a lot of rumors, fighting me and my identity — and I am proud of who I am, as I’m fighting for everyone in my district to be proud of who they are.”",https://www.brooklynpaper.com/our-sit-down-with-bay-ridge-council-candidate-rev-khader-el-yateem/,paragraph 115 sentence 5,,
e0f828bc85b61aa47ad9b0c1,fb9a7c717a9011dd10f590c5762e184caa3690bef492f981c1981469942cb7fa,"Read More Let's Create A Just Justice System More It's time to end our for-profit criminal justice system by ending prison labor, private prisons and detention centers, cash bail systems, and all the other ways our criminal justice system profits off the vulnerable.",https://anthonyclark2018.com/,paragraph 41 -> paragraph 45,,
06244088c92420d21dd9940e,5dc10fe07a872c9b6a11139938490c93dabbbb33e040ca006ee6de712dee505f,"Support the establishment of a Universal Pre-K program aimed at those who can least afford it. Work to give teachers and administrators more local control on standardized testing—how it’s designed, how often students are tested, and how to use test scores.",https://yasmineforvirginia.com/issues/education | https://yasmineforvirginia.com/issues/education/embed,paragraph 42 -> paragraph 43,,
6e9c3558a53dc1735ec5752c,3dd1c408fd133e637719897702fa627acd61b8724f2acfecb33ac0f065f9062e,"Currently, landlords have outsized power in disputes with renters because a bad mark in your rental history can prevent you from finding housing in the future. We need rental history reform so that one bad experience with a landlord won't ruin your life.",https://omarfateh.org/housing.html,paragraph 52,,
5567c8fdc79f2659007279f2,e03bd646adc177697ce4bbebe809b4f8419a87184c4eaf5660b4b0abce4aae6b,"A CONNECTED BRIGHTON: Work with our Sustainability Oversight Committee to develop a Climate Action Plan that ensures that our community surmounts not only the energy efficiency goals set by NYS, but also the climate crisis facing our planet, all while attaining the infrastructure that guarantees the community is well-positioned to take advantage of the renewable energy that we have sourced in our Community Choice Aggregation program. © 2021 Robin Wilt for Town Board About A Record of Results Priorities Donate!",http://www.wiltfortownboard.com/priorities,paragraph 20 -> paragraph 27,,
666b7373ecd45c62e6b9c34c,11963d84aae659e25c8048d667802842b388063ac8fafb0164ddc4b76c58f22b,"SINGLE PAYER HEALTHCARE I support single payer healthcare, including dental, vision, and long term care. John Marty has written a bill called the Minnesota Health Plan, which I would support as a senator.",https://web.archive.org/web/20220806221750/https://omarfateh.org/healthcare.html,paragraph 47 -> paragraph 48,,
486280ecc6efd4d7159913d1,a2ac16a5745e08dd4e1af164b7e13bbdfddacd8cdfcdaf92367f63fa5389b0de,"Allegheny County operates on a budget of over a billion dollars, and answers to a population of more than a million residents. More staff and resources are needed for County Council to facilitate transparency and advance constituent priorities.",https://www.wesanews.org/wesa-voter-guide/2023-04-18/allegheny-county-council-district-11-klein-mcdermott,paragraph 235 sentences 4-5,,
7e362de820b843ef5f0a71c8,5c3e038a889998ff3c0297bc691bc471d68030bbeb1ff99500238230cce7cbe5,"We need leaders who will bring together our diverse community into a movement towards justice, equality, compassion, and solidarity. Join in supporting Farrah Chaichi for HD 35.",https://web.archive.org/web/20240518092853id_/https://www.chaichifororegon.com/the-issues,paragraph 26,,
aa63e7acbc2e8b40657c5606,5b5ac49b9c7f8c8d865f08ac29f667bfcbc9fde4b889aa1af7d1f7ac27b6feea,"I will use my office to organize and mobilize tenants in our community to hold the rest of the council and the Mayor accountable. """,https://www.megforqueencity.com/press/plainfieldneedsrentcontrolnow,paragraph 30 sentences 3-4,,
9bf60f30985857c2105c48fb,5221bfae52052262ad3d23d42d582caa1e9c06787615e0e6d21affb437202f06,"Read more Campaign finance reform Our democracy should work for everyone, not just the wealthy and well-connected. Read more",https://web.archive.org/web/20160108174029id_/https://www.hillaryclinton.com/issues/,paragraph 50 -> paragraph 53,,
c630977828661e0c4a879a26,66092535dadb83a0b9652d8b7760e705df17c93d410d9a8dc0f7203c04a0bd60,"Part of the 43rd is in the 47th so I do service those constituents. Now there’s an open seat, and because I don’t live in the 43rd Council District, that means I cannot run for it? Once I win my primary, then I will move.",https://www.brooklynpaper.com/our-sit-down-with-bay-ridge-council-candidate-nancy-tong/,paragraph 106 sentences 4-6,,
0b10f88c850bf6c22b3a354a,27bec44acd9ba787ff2357ad689e070664c3b5882fabe5c7aa6cad6785c2495f,"Home » Issues Health Care Health Care Texas has the highest rate of uninsured residents in the United States, and the rate only dropped to under 20% when the Affordable Care Act went into effect. The problem is even worse in Harris County with almost a third of all residents uninsured. Investing in human capital by ensuring a healthy workforce is good for Texas' economy. Children cannot learn and adults cannot work when they are in poor health. It makes sense to promote the health and well-being of all Texans...",https://web.archive.org/web/20180224062155id_/http://www.ritalucido.com/health_care,paragraph 12 -> paragraph 16 sentences 1-5,,
5caaa15651ff4e19b4e2a3cc,0732e614b65edb8bcf4a6a39dadfd67f989b2211f5648b64d81e22cec1243cd9,"As walking is the most accessible form of transportation and low-income communities and communities of color are more likely to be the victims of pedestrian fatalities, we need to meet this issue with urgency.",https://ggwash.org/view/72114/whos-best-on-housing-and-transportation-in-fairfaxs-braddock-district,paragraph 75 sentence 4,,
515cfeed991f77729ce39496,1d0f448874620f039fa661842a48e3396949d9601c062a0cc23ab6d4554396b3,"To reduce the debt burden on undergraduate students, Badrun calls for tax-free forgiveness on the maximum amount a student borrows.",https://web.archive.org/web/20200616200312id_/https://badrunkhan.com/issues,paragraph 57,,
20fbe7512d6a11cdf0cf8090,64225ae64c3471ea1337998c52a6b37b58998e5bda28f4c83f9009b226719543,"I’ve looked to policy papers from these groups, had conversations with, and explored the ideas of a range of organizations. Many of these are non-profits that do not endorse candidates or campaigns, but whose ideas and energy should drive all of us to think smarter about climate, safe streets, workforce development and the needs and opportunities of our community.",https://www.justin2021.org/climate-policy,paragraph 101 sentences 4-5,,
7159cbc65b3564bc77f198c7,7ccdeb5cda36984688aa54a92dfea79a0261273e460c95fba6e4f7aca8f7b1b4,"We know that Queens does not get its fair share on too many essential services throughout New York City, and half of the allocated Superstorm Sandy funds still have not been delivered to our borough; Elizabeth will work tirelessly to secure the capital that we deserve.",https://elizabethcrowley.com/issues/environment,paragraph 55 sentence 1,,
7bfdb463ee89612d92c9723b,dd01e1d6eb49a4e81229b257df2a9eb27c71d9872992e545ecb3b8e007989871,"When the current form of government was created, it was clearly the vision of the creators that a strong executive model was in order. We are a “part-time” council. The issues that we face, however, and are expected to address are significant and complex and are deserving of a more deliberative focus. Our institutional responsibilities are real, and central to that is our oversight role. We are increasingly owning up to that responsibility. However, our resources are limited.",https://www.wesanews.org/wesa-voter-guide/2023-04-18/allegheny-county-council-district-11-klein-mcdermott,paragraph 210 sentences 1-6,,
274161c444c8e4ec1fda0339,a90a0327ef4214b2e4318f9d777225851b404dfca36e36f8b0b16282db03ee7f,"Women clearly deserve—but still do not have—equal rights in this country.” ""I remember my mother wearing a green ‘ERA Now’ pin almost 50 years ago, and it is outrageous that we still have not ratified it. I will continue to be a fierce advocate for the ratification of the Equal Rights Amendment and the advancement of women’s health, economic security, and reproductive freedom in Congress.”",https://web.archive.org/web/20231122100438/https://www.dean24.com/platform,paragraph 93 -> paragraph 94,,
c5d352d439d8c3e3611a0417,4c0f91103348aa9ca5fbb4ea654dfcb821f60b0dccbc3f36a259e6645bca05bf,"""Rochester is ready for a new wave of leadership, and I think they came out today and showed that they are in support of individuals that advocate on behalf of the people,"" said Smith, regarding the large turnout.",https://13wham.com/news/local/new-faces-vying-to-join-rochester-city-council,paragraph 191,,
8525de1a0b38f29b6801e30d,425d595140ce6f706e9d743b0f3131656f278e56892aaef927845585064f2e0a,Tony Castañeda: Affordability especially as it pertains to housing both for homeowners and renters. We need to take homeowners off the hook for funding our public school system at the rate that they are. We can save a lot of money by ending the failed school voucher system and rescinding some of the tax breaks for the very wealthy and corporations. We need to develop a progressive tax structure to better fund our public commons overall.,https://madison.citycast.fm/madison-explained/madison-democrat-candidates-assembly-district-76,paragraph 12 sentences 1-4,,
f08a7cc1bbcec3bf7f8522bc,149d769791457dab05e72791eb74ce1e0e4f2d6cb8e45dcbdcacd8c50b0037c5,Mike Connolly for State Rep. Promoting sustainable modes of transit Protecting Affordable Housing Fighting for Economic Justice and Criminal Justice Reform,http://web.archive.org/web/20160807044232/http://www.mikeconnolly.org:80/progressive_platform,paragraph 26 -> paragraph 29,,
fc6e847b7abcfa3aac0130a1,d100b19845fd1ac083797a6d593ec6ccae5a9330f6ee0afbce68cbe15d3a0980,"KEY: We need as many boots on the ground as possible so that we can get on the ballot, knock on every door in the neighborhood, and turn out the votes of our supporters. DSA members can help by showing up to canvass, phone bank, and petition. And in the process, you will be helping to build up an alternative to the political establishment in Southern Brooklyn.",https://thethorn.nyc/posts/fair-workweek-el-yateem-interview/,paragraph 36,,
6d36672eca3b044231ad799d,778c95409c47f250e550ff6aae8986bb3bea423c28ec37f38b1eb1642e7e3e24,"Criminal Justice As your representative, Marcus will fight to end mass incarceration and to kick the private prison companies out of our state. True criminal justice reform must serve people and families, not large corporations. ( read more.. )",https://web.archive.org/web/20180706022642/https://www.ferrellfor24.com/,paragraph 46 -> paragraph 47,,
d85313abf97a5a1689317e0b,2bba9f683d312f643afb0ff0f07fbb522e55dbb4fab993e016aecb90292ecc4c,"This vital work cannot wait. That’s why as your state Senator, I will: Fight to pass an amendment to Virginia’s Constitution explicitly protecting a woman’s right to an abortion and reproductive health services. We need this passed immediately to protect against future Republican efforts to strip away our rights.",https://yasmineforvirginia.com/issues/womens-rights,paragraph 19 -> paragraph 20,,
4176b8f2664ac4aee3f1fcd8,a7857c804d593b59d3a704a427aa602c8c9acc9a0b0309748f79efab2668f778,"A Green new deal Our children deserve a livable future and a healthy planet. We must commit ourselves to 100% renewable energy by 2030. The MBTA must become fully funded, sustainable, and free. Communities most impacted by climate change must lead the transition to a green economy.",https://web.archive.org/web/20200417120740id_/https://www.electerika.com/,paragraph 53 -> paragraph 54,,
a794360d83dd1a4a55c08089,432b56fff4ee737049e556da77dc1bd6a70cbda29711043daca2f0163406b4dd,"The need for compassionate, thoughtful, and constituent-oriented service to the community has never been greater. Thank you for your support © 2021 Robin Wilt for Town Board About A Record of Results Priorities Donate!",http://www.wiltfortownboard.com/,paragraph 17 -> paragraph 26,,
2f194cd69f5b99920f760c46,fdd0975f0965dbe0fe78dd9439ae2d9310e7b0f55cbc6fdf3335d999066dc4d3,"It’s important to note that solitary confinement is disproportionately inflicted on Black and Latinx people, young people, queer, transgender and gender non-conforming people and people with mental health needs. Replacing solitary with more effective alternatives will ultimately s ave human lives and human potential. As a state senator I will support S1623 the Human Alternatives to Long-Term Solitary Confinement Act.",https://jabariforstatesenate.com/criminal-justice-reform,paragraph 62 sentences 5-7,,
24c52d20b820c9011c3bec20,5493fa0051abbdbd0c4c64dd7f5560b97f7d46078a76529ee98a3cdac9b8eceb,It is of the utmost importance that Allegheny County takes strong action to address the climate crisis. We cannot continue to prioritize the interests of industrial polluters and corporations at the expense of the poorest among us. To this end:,https://www.wesanews.org/wesa-voter-guide/2023-04-18/allegheny-county-council-district-11-klein-mcdermott,paragraph 228,,
81ba7765f976f18079d35f4f,8249db7ba006c2696798a49abb66d6a3feda5ded8a022d18d82daa838faf788e,"Ending the “Independent Contractor” Scam Companies like Uber, Lyft, and GrubHub exploit their workers by misclassifying them as independent contractors rather than employees. This allows them to ignore labor laws and removes drivers’ legal right to unionize. But under current New York State law, this is legal. I will fight to pass a labor standard that forces gig companies to recognize these workers as employees.",https://claireforqueens.com/platform/labor,paragraph 42 -> paragraph 43,,
5f3d3bd272a7d23f6ea0c53a,9f0c88beeb830b3f42e617d2bf2987f404e222e211fdcfbb36bb2b6ef2e5f6e4,"End Money in Politics + Nevada’s political system has been corrupted by money. Corporate PACs and lobbyists call the shots in Carson City, not only dictating what legislation is passed but openly writing their own bills and presenting them to legislators.",https://navarrofornevada.com/,paragraph 14 -> paragraph 15,,
28e7ed05acd8e420dc9a2d76,3ce742ec0d521bdef05c9a32756f4570254e158b4758e78463e57fcd2428b48e,"Read More Goal 12: Reduce infant mortality by 10 percent by 2020. 15 Goals to Rebuild the American Dream The U.S. ranks 56th worldwide in infant mortality, with more than 6 out of every 1,000 babies dying before their first birthday.",https://web.archive.org/web/20150815141242id_/https://martinomalley.com/15-goals/,paragraph 65 -> paragraph 68,,
bca50273f561af3fe793adf6,b4a904196af7fd00d9cf8598bd6f61cbe6a1f616f422d2eaaac8b9220ca5fce0,"“It is a very, very big issue and something needs to be done. A lot of things need to be done, they can’t just say fine the landlord, once you fine the landlord, you know what happens with those illegal conversions, all the people have to move out and that’s where the homelessness comes from. What I would do to solve the problem is give them more affordable housing, we don’t have enough affordable housing.",https://www.brooklynpaper.com/our-sit-down-with-bay-ridge-council-candidate-nancy-tong/,paragraph 115 sentences 1-3,,
f8abf8101cb16dbf7ec19c8b,7732da3b2564387c3eb4da0af4b2a43a115521c501ba84fc265f9e56bc72f599,Congress should seize opportunities to strengthen these critical safety net programs by taking steps like empowering the federal government to negotiate lower prescription drug prices for Medicare beneficiaries.,https://www.civilbeat.org/2018/07/candidate-qa-u-s-house-district-1-doug-chin/,paragraph 124 sentence 4,,
f8c5a939ea9ce9412522c116,e486f0bf626bb01a803a697274e60085ef850fbf56ee9f35ea1802fb21f22c58,"I support the recommendations of the Affordable Housing Resources Panel, including restoring and expanding the Penny for Affordable Housing fund started under Gerry Connolly from the current $.005 to $.015 with one penny dedicated to constructing new affordable housing and a half penny dedicated to preserving existing housing. We also need to continue efforts to increase density and build more housing units in parts of Fairfax that are served by Metro.",https://ggwash.org/view/72114/whos-best-on-housing-and-transportation-in-fairfaxs-braddock-district,paragraph 49,,
64256e9fa101752c4cec7e33,46274f4b9ff090b2085a4b0e6a7fa32a3d4671c1efa9632fbd8f330f166fdb53,"H.R. 3474 - Hire More Heroes Act, which exempts veterans who already receive health insurance through the Department of Veterans Affairs (VA), or reservists covered under TRICARE, from being counted towards the number of employees (50) required by the employer mandate under the Affordable Care Act",https://www.tulsi2020.com/issues/caring-our-veterans,paragraph 84,,
e6a75445d6a326f1a2a7eca4,3fc390270ab9455647bb10b5b74d1b67baa873f649c397af0f3dd15c53392487,Prioritize Our Schools Our Main Streets Lead on Climate Citywide Transform How We Police A New York that Works for All,https://www.justin2021.org/climate-policy,paragraph 49 -> paragraph 53 | paragraph 66 -> paragraph 70,,
17f3445ef89249d57913b4ac,4869442d4fe91c7ce02ab5c676662cb8ecc31b972114d9da258605641777cf68,"Passing a robust Capitol Investment bill (bonding) that supports the essential infrastructure needs of our state and our communities: clean water, transit, roads, parks, affordable housing.",https://weststpaulreader.com/2022/07/07/state-legislature-primary-priorities/,paragraph 84,,
15dff295a9f61ba9164456a1,213bb52596208c4b69cc786c79a9421f8fba84adb0d8474e6ed94e2e5931b98f,"But really, our real call here is to imagine a different future. Our transition to a cleaner, greener future has to be a priority.",https://www.wesanews.org/wesa-voter-guide/2023-04-18/allegheny-county-council-district-11-klein-mcdermott,paragraph 206 sentences 6-7,,
0ca0d886a5ce95c6c7df828a,fb73e9212baeee931515c0587cf16644cf02b65b3c68becbf1425ea203e31a92,The same Supreme Court is expected to hear two additional cases on abortion access this year: one regarding pregnancy termination in emergency medical circumstances and another concerning access to a pharmaceutical used in medication abortions and miscarriage care.,https://lailluminator.com/2024/01/23/biden-abortion-rights,paragraph 52,,
3f98dadf72b2cee7f6aa183f,bebda6f3e6d9f7664be3a3579315dfe39e64500102f853be916988dba631289d,"People's State Rochester, N.Y. — Some new faces are vying to join Rochester City Council. Councilmembers Stanley Martin, Mary Lupien, and Kim Smith coordinated an announcement event in an effort to build what they've called a ""progressive majority.""",https://13wham.com/news/local/new-faces-vying-to-join-rochester-city-council,paragraph 187 -> paragraph 189,,
c11a6e24cb08dd2724227c23,824e3d864f7d92b1297202dc55113639a11a0f5945f7a2c34c0157218933df7f,Tony Castañeda : I believe and know that I can relate to just about anyone for the common good. If you develop legislation that benefits the common good you should be able to convince others of the benefits. I have friends that are Republicans and family members that are as well if you can believe Chicanos voting for Trump.,https://madison.citycast.fm/madison-explained/madison-democrat-candidates-assembly-district-76,paragraph 42,,
f3480206f710528126fbea21,672aa48465ee7bad219bd7a637d38b3639bfc75f8a18ecd54a74dbe6d38c36b4,Organize Events Organizing Hub Store Jobs Connect YouTube Tumblr States Iowa New Hampshire Nevada South Carolina Vermont Media Press Releases,https://web.archive.org/web/20160106120158id_/https://berniesanders.com/issues/,paragraph 78 -> paragraph 99,,
a1a30b7083315cd533510037,1768440f26f26f9472d22a51e4d49bb374aa382d99fdf38a68f6a2187e568161,"“All my life I was told, ‘Oh it’s a conservative district, you cannot do this, cannot do that,’ and here’s an 85-year-old and the only reason he signed my petition is because I was endorsed by the D.S.A. What I’m seeing at the doors also, people are very excited about my leadership and being endorsed by the D.S.A. became a huge endorsement. I think we have a clear path to victory.”",https://www.brooklynpaper.com/our-sit-down-with-bay-ridge-council-candidate-rev-khader-el-yateem/,paragraph 106,,
834ba392f32cd05320c6c82d,ad158851b79c9e8fa1c7a061ce129c8819c102c636845628c9b198b8bb9e2319,"It is notable that workers in states that have enacted such laws make on average $1,500 less per year than their counterparts in free bargaining states - and on average they enjoy fewer benefits, are less able to afford higher education for their children, and are more likely to be injured on the job.",http://www.kareemforpa.com/issues,paragraph 61 sentence 4,,
7c057a537df8416f4c80f654,365fe6e3477829fc819044c3902f3a084a69491a724193383938e78aa6484c4f,"In the hundreds of weekly conversations my all-volunteer team and I have with Braddock District residents, we hear people’s recurrent concerns regarding housing.",https://ggwash.org/view/72114/whos-best-on-housing-and-transportation-in-fairfaxs-braddock-district,paragraph 50 sentence 3,,
996a318297255f149dee04cd,2bf35a2e870cb4eb0309fb78dd59068c260a9b24c835a87761496dde7c8e9132,"Rebuild, modernize, and green our nation’s schools. Read More Eliminating Medical Debt Eliminate all of the $81 billion in past-due medical debt held by 79 million Americans —one in every six Americans.",https://web.archive.org/web/20200105220028id_/https://berniesanders.com/issues/,paragraph 92 -> paragraph 95,,
4d72d97c647c0d900328bb61,76bbf722cbd8537e11dbb146a4fe1c5cbff4147bedab3c29e8e422ca50bbac6c,"Re-elect Robin for Brighton Town Board Almost four years ago, I promised to continue Louise Novros’s legacy of constituent-oriented leadership. and to (quoting from Envision Brighton) “implement sustainable policies on a community-wide platform” through my actions as a local leader , business partner, and engaged resident.",http://www.wiltfortownboard.com/,paragraph 11 -> paragraph 13,,
c9e6ab76aefdd5a89d8a00b9,c1845225e0454ad547ff8553e1a82f741872b0b8aa023f0bdb3bd2e1520b16f0,The protection of old growth forests throughout Massachusetts Increase funding to the Massachusetts Clean Energy Center to drive innovation and creation of green jobs,https://www.electerika.com/issues/climate-crisis,paragraph 41 -> paragraph 42,,
bcc71721db0a16498dc1d20b,2af81fd50e60447dd49dbc6f7f19d2b9da70598f3bb6d5d1481c42c569e78c48,"Investment in public transit and affordable transit-oriented development to reduce vehicle emissions where possible, and prioritize electrifying the county vehicle fleet.",https://www.wesanews.org/wesa-voter-guide/2023-04-18/allegheny-county-council-district-11-klein-mcdermott,paragraph 231,,
2554b02da138d4d9e2795d1b,d446b010847c381a1347642935e8405eb2b17a6e4ae305344a0bd3bc49c6bb83,"Linktree CPC Actions Press Palestine Info Grassroots Campaigns Get Involved Linktree Vote ‘NON-COMMITTED’ in Colorado on Tuesday, March 5th!",https://web.archive.org/web/20240229103740/https://copalestine.co/vote-noncommitted,paragraph 31 -> paragraph 41,,
5e78b22c0fdb99377a90d810,a9d4d843ca31026be9cc662b44c3f6edfc1ef37bf9f24a4cdd8f19832dcd341d,"Juliana Bennett : We must put a moratorium on hyperscale data centers until we pass serious legislative regulations to safeguard against its large ecological impact at Wisconsinites’ expense. Data center owners must be held accountable and charged for the degradation of water quality, burden on the electrical grid, and other negative impacts they cause on their surrounding communities and environment.",https://madison.citycast.fm/madison-explained/madison-democrat-candidates-assembly-district-76,paragraph 32 sentences 1-2,,
853e336072d1bf996aa8ba30,9e25603719190f438aed47256dba98d3eccb3870eb7f29f8b2b326d8e23e40a4,"I am opposed to the ballot question that would lift the cap on charter schools in Massachusetts. My position on this issue is simple: before we increase the charter school cap any further, we need to address the issue of funding reimbursement for our district public schools.",https://www.thesomervilletimes.com/archives/70059,paragraph 49 sentences 1-2,,
1dea2c105b707eae97575b27,27f0baca5c9633145e1529e79b00695be670f7d9fce7f1c1813e70bd7d3e5662,"“I think it’s a full-time job, however, I would have not supported the raise, only because I believe we should do what Congress does. It says that you can’t raise the salary mid-way, and that all you can do is raise it for the next Congress, so that the people know this is what we’re hiring them for, this is the amount of money that they’re going to make, these are the rules.",https://www.brooklynpaper.com/our-sit-down-with-bay-ridge-council-candidate-kevin-peter-carroll/,paragraph 109 sentences 1-2,,
63ed9f36d5e7e082d52db3fa,7d381adb0b5c6ec2ad5fd84856af2d11521c42bfe7136e348054516a3c7f043e,"The original assumptions about Social Security were made decades ago and we need to revisit those assumptions, but again not affect those who are close to retirement or have retired.",https://www.civilbeat.org/2018/06/candidate-qa-u-s-house-district-1-donna-mercado-kim-3/,paragraph 121,,
b2461c9398e804935d471c75,e5df00580142e07e8b36dc89af63a9bb32ed34d4471951b8ed1537cd250c547a,"In our region, like the nation, these families are more likely to Black and Hispanic. These challenges are, of course, intersectional. People of color dealing with a disability or who are elderly face layered barriers in accessing affordable housing and our solutions must recognize that.",https://ggwash.org/view/72114/whos-best-on-housing-and-transportation-in-fairfaxs-braddock-district,paragraph 48 sentences 9-11,,
82a830e8a955bc34e2d1976d,23f4d2a6b556db0f43f0304ebe11d7fcd8e8a0eb523d94e69af467890ff23ddf,"So this puppy is tested, already successful, and gives the power directly back into your hands. Doesn't that sound nice?",https://web.archive.org/web/20190921214849id_/https://www.gleib2020.com/issues,paragraph 46 sentences 5-6,,
7f1e082850eae6e15985426e,c18bf66701f4b5cb8ecff605bb893dc56140422a9e5da39a9782aac60df7b079,"To me, a cyclist isn’t a super-athlete: they are a parent ferrying kids, a delivery person, or my 76-year-old father who still criss-crosses the city on two wheels, with his new hip and all.",https://www.justin2021.org/climate-policy,paragraph 123 sentence 3,,
712adfdcc79251a54e2ff21f,9e1d525500856bd7e2bf5d29cacc66fc1aa6a664be88f448a1365073e4b6d72f,"Voting Access We know that there are politicians who will fearmonger about fraud in order to limit who can participate in our democracy. And we know who those attacks are aimed at – the wealthy few want to prevent our black & brown neighbors from having an equal say. We have to fight back, and strengthen our elections and make it easier to vote.",https://web.archive.org/web/20220126231521id_/https://zukiellis.com/vision/,paragraph 86 -> paragraph 87,,
e42dbcd8c8e88ccf828ecd59,b7464e1d728f01f0e48935951b77ba7d923362a754cde45718c8f1037f8d9daa,"Some of the most important aspects of Pittsburgh’s Bureau of Police center around officer recruitment and retention, as well as diversification of the police force. Mayor Gainey has brokered a substantive contract for city officers, and hopefully more can be done to ensure competitive salaries. I hope to ensure adequate funding for officer wellness, specifically around mental and emotional wellbeing, which is a precursor to safe, effective police practices.",https://www.wesanews.org/wesa-voter-guide/2023-04-18/pittsburgh-city-council-district-7-botta-gross,paragraph 207,,
0306136b9b915d9978d3e58b,ce94bcb01416bbf1131d10ec17b55db4d6994a0311636cc67a895960b87a62d1,"MANASSAS, Va. — President Joe Biden and Vice President Kamala Harris moved abortion access to the forefront of their reelection bid Tuesday by making it the centerpiece of their first joint campaign rally of the 2024 election cycle.",https://lailluminator.com/2024/01/23/biden-abortion-rights,paragraph 31,,
ac72e73c9d98b605db1be494,40378e7da1fa18c91d7875800b039d77661c85061eb6b840c4795ac24b9b09f2,"Rachel Reynolds, 45, was reported missing from the Motel 6 on Chili Avenue, according to the Gates Police Department. Gates police ask for help finding missing man",https://13wham.com/news/local/new-faces-vying-to-join-rochester-city-council,paragraph 7 -> paragraph 8,,
f00f4d8cc2fd0e5e49089b7a,5458859d85ea2818b78529dbb6c2f298efd75f3c930f195c87fadd0909001bf2,"March 11, 2025 Read More Our campaign is 100% people-powered. Join us to keep building the movement. Join Us",https://cookeforwisconsin.com/news-press,paragraph 51 -> paragraph 54,,
783b40056548681dc6eb5b79,1c1dbc1dd861ad4a87504cd0b6163e48dd1338e1731b4ab3dba50e2a59e1a27c,"Create more and varied kinds of affordable housing, through more aggressive inclusionary zoning, support for community land trusts, and better public-private partnerships.",http://web.archive.org/web/20160807044232/http://www.mikeconnolly.org:80/progressive_platform,paragraph 43,,
8a3be9270bdca5415f4740cc,b998b5b350b5574b1ca590b9a127fff2eb6e90131d8d4b7b12d616cfdc91b24c,"During this campaign it has been fascinating the things that I am seeing and hearing [said] about myself, and about my campaign — it would make you shiver and cry.… but I will never back off, I will stay committed to the issues of justice, I will fight any acts of hate or racism in my community or my city, and I will do whatever it takes in my power to protect immigrants and undocumented immigrants in this sanctuary city.",https://www.brooklynpaper.com/our-sit-down-with-bay-ridge-council-candidate-rev-khader-el-yateem/,paragraph 115 sentence 4,,
3e094689169254d6cc599d5f,2f48637cd7a6eb18a1bd93a0df6960531db4ca93175194602e87c98ed1def21a,"While this reformulation is a step in the right direction, it currently only impacts new funding streams accounting for only 6% of total funding. As state representative, Kareem will support committing the additional state funding necessary to phase in a full implementation of this funding formula.",http://www.kareemforpa.com/issues,paragraph 39 sentences 3-4,,
48befaa3c33e5a6db2772900,9824082cacec7bdc26232567691e3bd16ff714f66cdaa97644dbb76abe7998fa,"It’s why I have so passionately fought and organized against this administration’s actions against women. Most crucially, this has included protesting Brett Kavanaugh’s nomination to the Supreme Court, whose pro-life ideology will ensure that the rights enshrined in Roe v. Wade will be whittled away, if not outright abolished.",https://yasmineforvirginia.com/issues/womens-rights,paragraph 17,,
612315eac6e9dd446a53414e,11963d84aae659e25c8048d667802842b388063ac8fafb0164ddc4b76c58f22b,"SINGLE PAYER HEALTHCARE I support single payer healthcare, including dental, vision, and long term care. John Marty has written a bill called the Minnesota Health Plan, which I would support as a senator.",https://omarfateh.org/healthcare.html,paragraph 47 -> paragraph 48,,
330b8130302325c757dc7d1f,aea2a9c5de8e5edd8fad533877ccedd7e57b4b674382bde57d8bcc345d86e8a4,"A BRIGHTON OF EDUCATIONAL OPPORTUNITY: Work with our educational partners in the five public school districts that serve Brighton, to ensure that our youth receive the educational funding that they deserve and are promised from New York State, all while maintaining a safe and healthful climate that fosters the educational opportunity and educational excellence for which the Town of Brighton is known.",http://www.wiltfortownboard.com/priorities,paragraph 16 -> paragraph 17,,
5c8bb36cb46b2797c0fe6b5f,f220f166266d93c241c6faee215015223ec9af6dfe3ba3d23f4a68c799031460,"0)).removeAttribute(""security""),r.parentNode.replaceChild(e,r)}}}}(window,document); //--><!]]> </script><iframe sandbox=""allow-scripts"" security=""restricted"" src=""https://pharaforassembly.com/platform/education/embed/"" width=""600"" height=""400"" title=""&#8220;Education&#8221; &#8212; Phara for Assembly"" frameborder=""0"" marginwidth=""0"" marginheight=""0"" scrolling=""no"" class=""wp-embedded-content""></iframe> Copy and paste this code into your site to embed",https://pharaforassembly.com/platform/education/embed,paragraph 25 sentence 12 -> paragraph 26,,
9e1f0a9c3c8566167995d81e,832a7209dfa228ac15215b4b46ebb2933dae8c3632df6b8e6d56b8c8d9305ee5,"Corruption happens when politicians receive campaign donations in exchange for government-funded contracts. The controller's office is responsible for enforcing contracts and preventing corruption. To ensure proper scrutiny, it's crucial that we elect a candidate who doesn't accept money from corporate PACs, county contractors, or alleged ""nonprofits"" including UPMC and Highmark. I don't take their money because we need to enforce county contracts and revoke tax-exempt status for ineligible properties.",https://www.wesanews.org/wesa-voter-guide/2023-04-18/allegheny-county-controller-leuba-oconnor,paragraph 202 sentences 1-4,,
e68c1021e70520ce384012c7,c6167f86319fad59b02a9523cd4a6cd6d8f53436d5ee380df36e4a75a601a6fa,"Ending Hate Violence No one should ever have to fear for their personal safety because of their race, religion, gender identity, or country of origin. All our struggles for safety are interlinked. Whether it’s white supremacists peddling anti-semitic conspiracies, attacks on the trans community, or the overpolicing of Black and brown communities, I will always stand with those targeted and persecuted.",https://claireforqueens.com/platform/public-safety,paragraph 38 -> paragraph 39 sentences 1-3,,
c0fc8118e58725db9ceb59e3,5bb69977d7780dc3049cdd547479b64303d2926294827699009670859ea990a3,"Juliana Bennett: Every Democrat should agree that we must undo Act 10 on Day 1. I am ready to fight for what’s next after we restore prevailing wage, repeal right-to-work, and other anti-labor laws packed into Act 10. Then we will be back in 2011 Wisconsin. We need legislation that reflects the labor needs of 2026 and beyond.",https://madison.citycast.fm/madison-explained/madison-democrat-candidates-assembly-district-76,paragraph 20 sentences 1-4,,
1f54bcc2ab017b5f890c751d,41c99afc0a8a3403eca2b86c123dda86bb12caa765b24c7302b830fa58ca5c1b,"Read More Goal 7: Improve college and career readiness, and increase college completion rates by 25 percentage points within 10 years.",https://web.archive.org/web/20150815141242id_/https://martinomalley.com/15-goals/,paragraph 45 -> paragraph 46,,
1d484b442142e4130679f256,5e056ffcc92d60081ebb44ba704ff5ea2c84af6afad49c365ddefe4a63ad0fb6,"“I’m the only guy running on the Democratic side who grew up in the neighborhood. And the reason why that matters is that I know the neighborhood like the back of my hand … It’s sort o f crazy for me to think that I’m running for office. I was really disaffected and disillusioned by the whole process. I got my start, really, as an activist.",https://www.brooklynpaper.com/our-sit-down-with-bay-ridge-council-candidate-justin-brannan/,paragraph 103 sentences 1-4,,
a581ce4151855fcfb46ad359,378a3438e2f577b060d5142318b9aaf16bf3f23c3f3054769c64ae0c2e2aa68d,"Todd is a Democrat running to serve Texas's Second Congressional District (TX-02). It’s his conviction that everyone in our district deserves to have their representative hear their concerns, understand their dreams and goals for themselves and their families, and then work effectively to make those dreams and goals a reality.",https://web.archive.org/web/20180118144058id_/https://toddlitton.com/,paragraph 19 sentences 1-2,,
2968417d518bdfdae125660a,9c1eb88ac32ce13bcada098cc9f379318288cfe20c6e8dbde0d757177939319d,"James Walkinshaw: 70,000 Fairfax residents have a disability and we know that people with disabilities are more likely to have low incomes. They are searching for what can too often be a needle in a haystack — housing that is both affordable and has the accessibility they need to live comfortably and with dignity. Those 70,000 residents are having the hardest time finding affordable housing. Elderly Fairfax residents also face real challenges finding affordable housing in Fairfax County.",https://ggwash.org/view/72114/whos-best-on-housing-and-transportation-in-fairfaxs-braddock-district,paragraph 48 sentences 1-4,,
b4b34d8344fa4d09afee8843,f5cc95307eba280ae1c15d26b76b4a840e488bd2b5b79d5db0114719e0411f11,"Do you know someone who has been an outstanding member of society that has been deported? Are you caught in uncertainty of having been caught our nation’s broken immigration system have been fighting to adjust your immigration status, but not able to?",https://www.tulsi2020.com/issues/immigration-reform,paragraph 67 -> paragraph 68,,
c3744531bcd8aafdbce68600,11be7961880b9411b52ed4165af25c0941345def5bb21b29c9f4c5947fde0d9c,"As we’ve seen even in the worst of this pandemic, local partnerships, with community leaders at the front and government as partners, can have impact faster than waiting for nationwide or even citywide change.",https://www.justin2021.org/climate-policy,paragraph 98 sentence 3,,
1959d859f9f0ee9e6e50d602,b05d1f507fde90d6b892b85c6ea34952d497dbc87fa0b56ac0ab6c8a3f9ab37d,"Some of Andrew’s Past Work on Criminal Justice and Public Safety The initial “ClaimStat” report examining police misconduct in NYC (it became the first in a series), and the national editorial lauding it as a model",https://andrewkalloch.com/the-issues,paragraph 101 -> paragraph 102,,
bd3bb57cf3d73374dfb3d79f,71c73efc98ad36708736f59662ffd43ce179d18d04613d3c52e18a41ea9b29dc,On City Council I stood up to mayor-backed coalitions to fight against wasteful spending or ineffective programs. I voted against wasteful spending on the City's 412 Boulevard of the Allies building and defunded unnecessary projects like the Mon-Oakland Connector. I've stood up against big business when they fought against my Paid Sick Days Act and fought the gun lobby when I proposed common-sense firearm safety regulations.,https://www.wesanews.org/wesa-voter-guide/2023-04-18/allegheny-county-controller-leuba-oconnor,paragraph 230 -> paragraph 231,,
d8b7ecd46d9a04ee0eb6315d,7982cacf148fc69a87ca1126fc965340312c8d939267156453799fdd413bcbe5,"<h2>Biden, Harris vow to restore protections for abortion rights as 2024 campaign launches</h2> <p>by Jennifer Shutt, <a href=""https://lailluminator.com"">Louisiana Illuminator</a> <br />January 23, 2024</p> <p>MANASSAS, Va. — President Joe Biden and Vice President Kamala Harris moved abortion access to the forefront of their reelection bid Tuesday by making it the centerpiece of their first joint campaign rally of the 2024 election cycle.</p> <p>“With your voice, with your power, with your vote, we can restore the protections that have been around for over 50 years under Roe v. Wade,” Biden said to a crowd at George Mason University in Virginia, on the same day <a href=""https://newhampshirebulletin.com/2024/01/23/new-hampshire-primary-live-trump-vs-haley-biden-write-in-campaign/"">voters were going to the polls in the New Hampshire primary.</a></p> <p>“Give me a Democratic House of Representatives and give me a bigger Democratic Senate,” he said.",https://lailluminator.com/2024/01/23/biden-abortion-rights,paragraph 69 sentence 1,,
363e9b095ef77a2ecbffda64,7f1575344163e2f11ed3c3df6837ea7b82764ad72a6a1e7cb54a3df02d7fb75e,"Contests Diversity & Inclusion ACCESSIBILITY New faces vying to join Rochester City Council by WHAM Tue, January 21, 2025 at 11:55 PM",https://13wham.com/news/local/new-faces-vying-to-join-rochester-city-council,paragraph 169 -> paragraph 174,,
4c85f5e7f15ef4c90c387a68,63b6dfec843d69358b309269711e1dbe39923af7916609809310d700a1091837,top of page KYLE LAMONT STATE HOUSE DISTRICT 58 Log In ABOUT DISTRICT 58 NEWS More... Use tab to navigate through the menu items.,https://web.archive.org/web/20260311030252id_/https://www.kylelamontfor58.com/,paragraph 1 -> paragraph 13,,
498179d7be2e8e4602ab42cf,d0edff9549a79266128ba8d4adbb782125559d35f4621a572bc4b586ed004d17,YouTube Tumblr States Iowa New Hampshire Nevada South Carolina Vermont Media Press Releases Event Registration Media Kit Bernie Sanders On the Issues,https://web.archive.org/web/20160106120158id_/https://berniesanders.com/issues/,paragraph 33 -> paragraph 47,,
df2b974fecd1b05030fd51a6,3ecc9aa76c3774557e98b694ca4aae16fdcbc1732dc46478e3e8c05449776ce5,"And we need to understand the people who live in these illegally converted homes are humans, and we don’t need to victimize the victim over again, and that’s why I am committed to say these people who cannot afford to live in these houses, we need to find place to build affordable housing for them.”",https://www.brooklynpaper.com/our-sit-down-with-bay-ridge-council-candidate-rev-khader-el-yateem/,paragraph 118 sentence 2,,
c3da2d02244ae1c2b4058ae4,ecb06bfe90e4a891bdbd3762f9bb2dcb4d3c3ed931d5d8b72444157b8eaa12fd,Education Massive demonstrations in West Virginia and around the country are highlighting a problem that many Arizonans are too familiar with already -- that teacher salaries are not sufficient to support educators.. ( read more.. ),https://web.archive.org/web/20180706022642/https://www.ferrellfor24.com/,paragraph 48 -> paragraph 49,,
3cce9b67e31b4187bca19e48,68a423af949b9d5d8470c53f449fe018bde6ea0588a801719e5e804cc67a3ae3,"My work would include public education efforts in multiple languages to expand our collective, community knowledge of ways to keep safe. Additionally, our approach to these solutions would be informed by data of where there is risk, what languages outreach is needed in, and measuring improvement until we get to zero.",https://ggwash.org/view/72114/whos-best-on-housing-and-transportation-in-fairfaxs-braddock-district,paragraph 77 sentences 6-7,,
ab566c2e10a5c31fe0834f89,3a4597c725104d0899a393cae51999135624f4198a12e970d87dcd8ec37f0bd9,Strengthens the Individuals with Disabilities Education Act (IDEA) by ensuring that the federal government provides at least 50 percent of the funding for special education and giving special education teachers the support they need.,https://web.archive.org/web/20200105220028id_/https://berniesanders.com/issues/,paragraph 89,,
a8801c30a6a0fbcaf2c813f3,aaf7637513ccf9c173f4ffd74479c6a0045facd4091b103f10d5cea11d26ea2b,"A SUSTAINABLE BRIGHTON: Re-affirm our community’s commitment to environmental sustainability that earned the Town of Brighton a designation as a Bronze Level Climate Smart Community, and engage with the Public Service Commission, under the auspices of the New York State Energy Research and Development Authority (NYSERDA), to garner guidance and resources for responsible development.",http://www.wiltfortownboard.com/priorities,paragraph 14 -> paragraph 15,,
37489f0eaa105a6bc0187392,be580d00883808d1ad3cc9139404d71f46cb4f356601d9e2e554ab830f0a0557,HOUSING AS A HUMAN RIGHT No Minnesotan should suffer from housing insecurity or homelessness. I plan to introduce a bill for an amendment to the MN constitution to make housing a guaranteed right for all.,https://web.archive.org/web/20220805091527/https://omarfateh.org/housing.html,paragraph 40 -> paragraph 41,,
6b8f1c11182255b79669b7ec,944ce77c5f5ee57a2583ebb5d10465f3d52ca89a40d1a5feef07253c61c9b906,"When I entrust a politician with my vote, it is my expectation for them to advance the interests and issues I believe in. Members of County Council not only have the power but the platform to advance and address a multitude of issues. To not make use of either would, in my view, make them derelict in their duties.",https://www.wesanews.org/wesa-voter-guide/2023-04-18/allegheny-county-council-district-11-klein-mcdermott,paragraph 235 sentences 1-3,,
8a0851a87a764c2982c36555,bbed1895f03a64f6397a506f9d0469401ea9b0372676355cfb40f486cb349671,"Automate Traffic Enforcement The speed camera program in NYC has been successful in reducing speeding where they are deployed. They also have the potential to remove the NYPD from traffic enforcement: reducing opportunities for traffic stops that can escalate dangerously, and reducing reliance on irregular and biased enforcement. I would support legislation to expand the city’s speed camera program to promote safe driving and pedestrian safety across the city.",https://claireforqueens.com/platform/transit,paragraph 45 -> paragraph 46,,
53b073d716b333d5e4077d14,e01bbf51ce84b0c6fe96998aa77f5aa30c3c87c92b30d19bc234379575ed3872,"Juliana Bennett: Increasing affordability is the most pressing issue for my district. There are working families in the 76th that are being pushed out of the homes by rising property taxes, and families who can’t even afford baby formula. I plan on addressing this by lowering rent and property taxes; funding our schools; and raising wages. We’ll lower property taxes by 44% and fund our schools with the 17-cent Millionaire Tax, AB 1209.",https://madison.citycast.fm/madison-explained/madison-democrat-candidates-assembly-district-76,paragraph 14 sentences 1-4,,
966ec9010175343f052d1d92,1c52d0507b45b4a49d32f7a9a50566854d096c04d2424be44b694a3a14b18cda,Read more Workforce and skills Every American should be able to learn new skills in order to advance in their careers.,https://web.archive.org/web/20160108174029id_/https://www.hillaryclinton.com/issues/,paragraph 125 -> paragraph 127,,
5646310e2fcf978ac15c933d,7a57ed7e089426c7a0c587f2cba164d1f7f03133d16b51e2232c1ea839061f45,"“There are so many Asians there, but they are not represented. Not only are the Asians underrepresented — you know no woman has ever taken that seat, the 43rd Council district. Women are underrepresented — we are underrepresented women and also Asians.”",https://www.brooklynpaper.com/our-sit-down-with-bay-ridge-council-candidate-nancy-tong/,paragraph 127,,
9d61c356a45eb72f44664202,a992ee68d280718db778f3b0b50916dbb37a4d681524c0aaa039fe05082c8da7,Ensure an employee’s job is protected in the event that a medical or family emergency requires time away from work,http://hiralforcongress.com/issues/economy | http://hiralforcongress.com:80/issues/economy,paragraph 47 | paragraph 48,,
54378d4e34fd3a1f7ae9c6d5,b7699faa734e63d075631e8794c783a573eef1f0453c7f4a347a2db7aa318fdb,"James Walkinshaw: 1. Invest in VRE capital improvements to go from the current 19,000 passenger trips per day to 25,000 passenger trips per day in the relative short term. VRE is funded by a mix of federal, state, and local funds. Given the arrival of Amazon HQ2 near the Crystal City VRE station, I will advocate for increased state funding to accommodate the new VRE riders it will bring.",https://ggwash.org/view/72114/whos-best-on-housing-and-transportation-in-fairfaxs-braddock-district,paragraph 67,,
7a5535f4d49f5c0214a30184,5dbf2f978b22e8fc4e48ec9e20814aaed87bdac48af2339470284d74c20ee9c8,"Launch a national AI strategy Protect our digital privacy Harden our domestic infrastructure, technology, and elections system against terrorism and foreign interference",https://web.archive.org/web/20190216203734id_/https://www.johndelaney.com/issues/,paragraph 69 -> paragraph 71,,
b999a8d1574d06a937981cca,92eb988fb0e80856d76cad730f2fc4c860b0dc9fa8e88c83eab29c1e4888ffb7,A New York that Works for All More Affordable Housing 39th District About Justin Endorsements In The News Justin In The News,https://www.justin2021.org/transform-how-we-police,paragraph 39 -> paragraph 48,,
100065bbac6c809da7e32439,2dfbab51f2c9d59de78b4e6761ff65f48276c6430555de87067957c9a84b9282,"She also knows the utility of expanding career and technical education (CTE) programming throughout Queens. As borough president, Elizabeth will emphasize the need for our children to be ready for the 21st-century economy and improving the skill set of our students should be a top priority for Queens’ education system.",https://elizabethcrowley.com/issues/education,paragraph 64,,
839f1c4c11187afd649dcec8,1d38a534200f401e0e4c45998f6e571b37aa8567ef9442ea801afbb69fb51170,"One major fiscal concern is a reliance on single-source funding in the form of American Rescue Plan money. Unless we prepare now, we’re at risk of seeing a large structural deficit in a few years when those funds run out or expire.",https://www.wesanews.org/wesa-voter-guide/2023-04-18/allegheny-county-controller-leuba-oconnor,paragraph 237,,
dcbe5f6226b8d1884d91e89c,fcf3db335a27ff165aad76c7e263ee0c85d1f62beb8b5747f8079c1bdfd816e5,"“I believe 2024 is going to be the most important election we’ve had since 1860,” Biden said, referring to the election of President Abraham Lincoln before the Civil War.",https://lailluminator.com/2024/01/23/biden-abortion-rights,paragraph 60,,
07cbcdb72ce347cf9a7a896a,0a48a1a548c20851789b154890b7fd633c2c7deafe57b4367407e4dc16af3126,"Josh Allen and DJ Moore show signs of bringing back big-play dimension to Bills offense After months of seeking to develop an on-field connection with receiver DJ Moore during the Buffalo Bills spring practices, Josh Allen concluded he might be the one holding up the process.",https://13wham.com/news/local/new-faces-vying-to-join-rochester-city-council,paragraph 44 -> paragraph 45,,
66afac7bedf2d075a723bf6a,cdd20600fdc06b7f2fd25945158a1c20355e73c2d54c1636afc42716304c0e4a,"Zoe Sullivan : Yes, I not only support a moratorium on hyperscale data centers, but I would work to repeal the tax credit the legislature passed in 2023 subsidizing these projects.",https://madison.citycast.fm/madison-explained/madison-democrat-candidates-assembly-district-76,paragraph 33,,
33e0a1e4fd659d03134ccf51,9a93cf18503d60fb54865bd55314dad7a6f4ca732a98f8fc5fbd3ba859b806d5,endorsement homepage Do you like this post? Tweet Contribute Volunteer Join the Mailing List Connect You can join us using,http://web.archive.org/web/20160830204857/http://www.mikeconnolly.org:80/endorsed_by_sierra_club_massachusetts,paragraph 40 -> paragraph 45,,
06ec1478e51bc5b93ddd6530,0c71b0468ac256657e54d2c4c9b9b181a1add4e1fd3649a7ee102c9ee0949384,"So yes, I do believe there will be some who will be turned off by these words. But I am proud of what I have accomplished over the past 22 years while having these values, and I think that’s what I will be known for. I’m excited to have conversations with people for whom these are new concepts.",https://thethorn.nyc/posts/fair-workweek-el-yateem-interview/,paragraph 30 sentences 3-5,,
963eb13dda24ff44c5d8647a,7ffa6b8c65616e711ed94b3a1a6718ef58e9033b3f52e092fb3127fa8e335f96,"Far from being an initiative that will require large additional revenue streams, this program will largely run by bringing existing revenue sources into community programs to match expressed needs.",http://www.kareemforpa.com/issues,paragraph 37 sentence 3,,
c7d071fd7079b0b4e74a387d,4e0dae3191855628fc2e1c815b7bffcb9120daacec6e6c069d43772eb26dc8ee,"I will never stop fighting to make this a reality. But until it does, there are so many simple steps we can take in Virginia to get us closer to healthcare as a right, not a privilege.",https://yasmineforvirginia.com/issues/healthcare | https://yasmineforvirginia.com/issues/healthcare/embed,paragraph 17 | paragraph 40,,
9fbe712e8157d3e5bb7edb2f,9dcc732921981c5bdc5b9a39f75a744d9d74e896317b1dfe31d05e2cd4bb4ab2,Read More Income Inequality Tax Plan Companies with large gaps between their CEO and median worker pay would see progressively higher corporate tax rates.,https://web.archive.org/web/20200105220028id_/https://berniesanders.com/issues/,paragraph 135 -> paragraph 137,,
edb19e9706dcd10e03862f40,a4c79b0946db9bda19e4efb65459722e73ec12cef2c7b113af0507faa1ed14e2,"Priorities A WELCOMING BRIGHTON: Implement more inclusionary zoning in Brighton, and work with the Inclusion, Diversity and Equity Advisory Board that I helped found to develop policies that will make Brighton a more accessible, affordable and connected community, that we can all continue to love.",http://www.wiltfortownboard.com/priorities,paragraph 11 -> paragraph 13,,
e938bef9d8077deaabe6d217,519dab1b6e4024fe7fc5f729bde77a1dd4f33394deb8f7eee14ee6fc94b4cc81,One of the most common forms of wage theft occurs when employers misclassify workers as independent contractors. We must end this practice.,https://web.archive.org/web/20220129065657/https://omarfateh.org/labor.html,paragraph 59,,
bf7c44cd8fbd154922d29411,560064f564fee9ff8531231042ff3d62326170f2b3ca8dd221ca05b6ae1aa065,"The most effective thing council can do is diversify our policies and not rely on one! I have supported and partnered to create 150 deeply affordable units in District 7 through inclusionary zoning. I also fought for and won Inclusionary Zoning mandates for Lawrenceville, Bloomfield and Polish Hill. However IZ is not enough.",https://www.wesanews.org/wesa-voter-guide/2023-04-18/pittsburgh-city-council-district-7-botta-gross,paragraph 229 -> paragraph 230,,
0f43f8b4c7ce4c9e8ef6c0f2,4d7f7346b7f8ea97edb7e5f2e936db2f2310b49bbb1afd3b4fa036e835ba87ff,"Joining UAW Local 2110 changed my life, and I’m proud to be an elected leader and member of a union that’s fighting for the entire working class. As a legislator, I will fight for a strong labor movement, to raise the minimum wage, to end the sub-minimum wage, and to make billionaires pay their fair share — because you shouldn’t have to be rich to have a healthy, fulfilling life.",https://claireforqueens.com/platform/labor,paragraph 31 sentences 4-5,,
15b0d2ca29069f6a584be085,85edf15316dfa76319c98e3ab2ff30130bd87197d67e7eb8490b24eff4cfa86f,"Meet Shaun. Shaun Navarro has been a leader in the community for nearly a decade. As co-chair of Las Vegas DSA, he helped create a monthly mutual aid event for the unhoused community, showing up every last Sunday for 6 years with supplies and volunteers. He helped craft the free brake light clinic, repairing brake lights for free for low income families. He led the charge on Palestine, arranging protests and education years before the horrific events of 2023.",https://navarrofornevada.com/,paragraph 6 -> paragraph 7,,
