corpus_segment_id,source_analysis_segment_ids,document_ids,candidate_slugs,candidate_names,race_ids,roles,group,cycle,election_dates,source_types,source_urls,archive_urls,final_urls,publication_dates,locators,text,token_count,text_sha256,exact_duplicate_hash,provenance_row_count
f612660d5b104c33a925f465,755792d803008e59859f91dd,bf78587c0156601ba02c892f-answers-f73ef4a495b9-146336a6f0fd,mike-connolly,Mike Connolly,race-0f0734c608b02353f3cf,endorsed,endorsed,2016,2016-09-08,candidate_questionnaire,https://www.thesomervilletimes.com/archives/70059,,https://www.thesomervilletimes.com/archives/70059,2016-09-01,paragraph 35 sentences 1-2,"As State Representative, I will be a consistent vote in support of added revenue for our system of public transportation, including the MBTA, the Green Line Extension, and the Somerville Community Path. It has been 26 years since the state was ordered to build the Green Line Extension, but the legislature has failed to enact measures that would have made the project a success.",64,e0c8be31516b2027ea923dd752c860857213f3f290c6d9d8732e0972ba47f46b,2fe8bacbc44782616dc318314934944cca792886009e17bc1f05d4db2f6ee719,1
4168e38b48f690140a9bc744,38b65b875e52f2330072372c,5e869eb8dd1bcf2b194d60eb,kareem-kandil,Kareem Kandil,race-e4f88f1286d62b12a1ab,endorsed,endorsed,2018,2018-05-15,archived_campaign_page,http://www.kareemforpa.com/issues,https://web.archive.org/web/20180509132550id_/http://www.kareemforpa.com/issues,https://web.archive.org/web/20180509132550id_/http://www.kareemforpa.com/issues,,paragraph 52 -> paragraph 54 sentences 1-2,"Fair Elections + Fair Districts For the health of our democracy, we must ensure that voters have meaningful choices and a chance to allow their voices to be heard at every election opportunity - and the only way to ensure that in the long term is through an accountable, transparent, and citizen-controlled redistricting process that prioritizes amplifying the power of democracy over the continued dominance of one party over another. Kareem supports instituting a Citizen's Review Board that will have final approval over the redrawn state districts.",86,812925557c6fae948668b09f97199f32da8bf3fa32692c8d68da7fc5301a3f92,6501381d35640dfaf7cc2c31dc8996d400d2eaaeaece6016f034428e3d5a9377,1
b6b6c90999d97ef0244b02ac,5dce9ef7bd2c8d949c1a0fb3,21ec7e27ca14b1c06755921c,yasmine-parinaz-taeb,Yasmine Parinaz Taeb,race-5984c9799d268a401686,endorsed,endorsed,2019,2019-06-11,policy_page,https://yasmineforvirginia.com/issues/jobs/embed,https://web.archive.org/web/20190513204437/https://yasmineforvirginia.com/issues/jobs/embed,https://web.archive.org/web/20190513204437/https://yasmineforvirginia.com/issues/jobs/embed/,2019-05-13,paragraph 39,"Right now in Virginia, someone can work full-time and makes less than $15,000 a year. Compare that to the amount needed for a married couple with one child to live in Fairfax County—which is $58,394, according to MIT’s living wage calculator .",46,dcb9a818080fdb251beeb3e05462aa85f1e78cc546919f6feb2d70b40f3e626b,beea2ce5213dda966548d9842b38616d5dfaa968a00f2f57d4185eed697aeac9,1
8e6b65eea3fa05a036019279,ef31b07bf44186744a72bfc2,a8428a7c2126281c88f3bad1,danny-tenenbaum,Danny Tenenbaum,race-2f8e4895b4a4f1338b92,unopposed,endorsed,2020,2020-06-02,archived_campaign_page,https://www.dannyforhd95.com/,https://web.archive.org/web/20191212210350id_/https://www.dannyforhd95.com/,https://web.archive.org/web/20191212210350id_/https://www.dannyforhd95.com/,,paragraph 38 -> paragraph 39,Solutions: End poverty pay for Montana's teachers. Establish a statewide salary schedule for teachers. Eliminate the tax credit for private school donations. Keep college tuition frozen.,26,313bf77e8ff0458a80be89d9b1ddfbd188c24f5f4c5ede691b290e32fbb234f4,2bb2e995720fcd0cae0d60fe4ec38e4cf94ccf2c9f6c7dafaff066c0f76010b4,1
761d31e51b773bff3c680247,d35843469e0f4337a37b41dd,c599f947e5bd43fda9deafd5,robin-wilt,Robin Wilt,race-9488fafc0bceacab9ee9,endorsed,endorsed,2021,2021-06-22,campaign_page,http://www.wiltfortownboard.com/,https://web.archive.org/web/20210508223457id_/http://www.wiltfortownboard.com/,https://web.archive.org/web/20210508223457id_/http://www.wiltfortownboard.com/,,paragraph 15 sentences 4-5,"The attendant economic crisis has caused widespread job loss and threatens an historic displacement of Americans from their homes in the middle of winter. Local governments are constrained in the ways they can respond to these crises, but I am committed to continuing to work with our partners in county, state, and federal governments to ensure that Brighton not only weathers these crises, but more importantly, paves the way to a brighter future for our entire community.",77,cbdcac8547fe13a98c95b450254186dba010b6d47be24f36daeab7e300592adb,b6e98c227ba5966c0fe5923c777054a94327fd6d8677eb562308c4c2c962c750,1
940ba1271732df7070689ab6,d008e1555983564bf922f267,5398b7e24e51cf7ffe07fea6,phara-souffrant-forrest,Phara Souffrant Forrest,race-a036ccb35ff1bcadc510,endorsed,endorsed,2022,2022-06-28,policy_page,https://pharaforassembly.com/platform/lgbtq/embed,https://web.archive.org/web/20210105220129/https://pharaforassembly.com/platform/lgbtq/embed,https://web.archive.org/web/20210105220129/https://pharaforassembly.com/platform/lgbtq/embed/,2021-01-05,paragraph 20 -> paragraph 24,LGBTQ+ Rights Phara for Assembly WordPress Embed HTML Embed Copy and paste this URL into your WordPress site to embed,20,b66cf07a89cc67a7d1449d035dad763db2405ebd001f17903b8056d9f2e598e5,d880515d8eec66e6b742018628eb469aa57eedadf612606ee48690dd351a3cf9,1
fd6388ea3fa9202b0afc1338,30acfec842847c5128e15f01,595c60d69ae4416a1e9b1cd9-answers-2cf0d9d82a48-ea5cde894b9a,deb-gross,Deb Gross,national-recihG0fIKbvStGIg-dem-primary,endorsed,endorsed,2023,2023-05-16,candidate_questionnaire,https://www.wesanews.org/wesa-voter-guide/2023-04-18/pittsburgh-city-council-district-7-botta-gross,,https://www.wesanews.org/wesa-voter-guide/2023-04-18/pittsburgh-city-council-district-7-botta-gross,2023-04-18,paragraph 222,"The solution is not only to protect the city’s assets and operations from privatization, but to grow municipal facilities: social housing, child care centers, libraries, and collaboratively controlled housing, workplaces, and consumer groups. Together we can work towards neighborhood-driven change, equitable development, and investment in working families.",49,0bf34e80e8b35bc6c104f3a16704da093665252f982b7a9924b2738fe8377813,6274af668da416a082bad272678e8ae2a36640b8fb17b888365b5ba257c02fa0,1
ec74a56e57fbb67a447f90f1,b61e16dd493b88702b7c5c3d,c328f00e222b4c47472a114c,marcela-mitaynes,Marcela Mitaynes,race-d45c9105a9d86f541f3d,endorsed,endorsed,2024,2024-06-25,official_office_page_archived,https://web.archive.org/web/20240605175409/https://nyassembly.gov/mem/Marcela-Mitaynes,https://web.archive.org/web/20240605175409/https://nyassembly.gov/mem/Marcela-Mitaynes,https://web.archive.org/web/20240605175409/https://nyassembly.gov/mem/Marcela-Mitaynes,2024-06-05,paragraph 53 -> paragraph 56,"1 / 2 Contact Us Skip past photo slidehow Office of AM Marcela Mitaynes - Fall Constituent Services Office Hours. 4907 4th Ave #1a, Brooklyn, NY 11220. To schedule an appointment, please call (718) 492-6334 or email ad51@nyassembly.gov . Starting September 4th, 2023.",43,ca7378078d9749fb06d7838b9aa03982962ec6d78955e63c284adc596b04cd71,e861278b402c6229e844c4d28441cd19dd279ae0f9c0adc647de48718e2498fa,1
d5c3d643f3c3ff01d5c618d6,9b06676de6b3e0ab523372af,09f853e136b977d8e11d5aab,meg-anandarangam,Meg Anandarangam,national-recz9WOUNjTC3V34x-dem-primary,endorsed,endorsed,2026,2026-06-02,official_campaign_statement,https://www.megforqueencity.com/press/candidatestatement,,https://www.megforqueencity.com/press/candidatestatement,2026-03-26,paragraph 31 -> paragraph 37,Click here to read the full article meg anand Previous Previous Hotgirls4nj is proud to endorse Meg anandarangam Next Next,20,831f9d00d243ac960373bb248abc70a2ae735787e36802b9da48f05a6de3fcca,84c0778325c3c962c66f761811a84944580cd602681bbee6459b264f5fbc8718,1
54e31a18b99affea1d958163,22e6da5295c057ed70c6bd0a,c651d4e2a3ed7d5581157b1f,timothy-j-toomey-jr,"Timothy J. Toomey, Jr.",ma-house-26th-middlesex-dem-primary-2016,opponent,opponent,2016,2016-09-08,campaign_policy_page,http://web.archive.org/web/20160416122402/https://timtoomey.org/transportation/,http://web.archive.org/web/20160416122402/https://timtoomey.org/transportation/,http://web.archive.org/web/20160416122402/https://timtoomey.org/transportation/,2016-04-16,paragraph 1 -> paragraph 12,10 captures 12 Aug 2014 - 06 Apr 2017 Mar APR May 16 2015 2016 2017 success fail About this capture,20,af34e96da4879f587025381d9736a6f24d5f76b0a535ba0c8767eb7ac1f39ef5,3a1d72e82010a8d0bf8cbf8effd24ea43fcf1ab8b5d212c90e04fdc4c816d232,1
fa8214e00523965174883559,2bd00042df3b1c4143670f78,34d43b48b1ad63fd3460c63e-answers-d4ee0d3ad06a-b0cf86a11d32,beth-keiko-fukumoto,Beth Keiko Fukumoto,race-a5c9cc4ff2b525bcb410,opponent,opponent,2018,2018-08-11,candidate_questionnaire,https://www.civilbeat.org/2018/07/candidate-qa-u-s-house-district-1-beth-fukutomo/,,https://www.civilbeat.org/2018/07/candidate-qa-u-s-house-district-1-beth-fukutomo/,2018-07-27,paragraph 107,"My first priority would be to build productive relationships with other members and staff that can work for Hawaii over time. Sen. Inouye’s relationships within the Democratic caucus and across the aisle, most notably with Sen. Stevens, proved valuable assets for Hawaii regardless of which party held power. In the Legislature, I’ve shown the ability to build those relationships and produce for my district across partisan divides.",69,17f3a1912b7ced579b46f013f2cb8b6edb9ae0a4ed5fdb2a4032ed418110983b,149013a224cb2ab39d0748bbae4b2b969a8b8a1d0f3eeb9849ef86d6a48f7d17,1
82cf1e074d9086dd8f24f915,16b62f9e8d95953fa79269b4,16514502a00fa3beca2c60c1,ben-gleib-gleiberman,Ben Gleib Gleiberman,us-president-dem-primary-2020-nh,opponent,opponent,2020,2020-02-11,archived_campaign_platform,https://web.archive.org/web/20190921214849id_/https://www.gleib2020.com/issues,https://web.archive.org/web/20190921214849id_/https://www.gleib2020.com/issues,https://web.archive.org/web/20190921214849id_/https://www.gleib2020.com/issues,2019-09-21,paragraph 16,"STOPPING FOREIGN INTERFERENCE by fortifying our voting systems, ensuring social networks know who is posting political content, and aggressively punishing any attempt to hack into our voting systems or to infiltrate our democracy in any way. Something our treasonous president refuses to do.",43,48083ad14be9eb9a101b64e8ea60709012370b183cbf2fc479aa4b5539782d99,49b7744ad614ffe17eba3ee638fc8552d882885748c0ba580d0ed564d3b212bc,1
f3c2d57a454e5daf6b2c2345,49ccf5248fc4ffeb9578aeaf,c3fe00911ab7e8f907539e6b,justin-m-krebs,Justin M. Krebs,race-60a20e415203eadd2b99,opponent,opponent,2021,2021-06-22,campaign_issue_page,https://www.justin2021.org/climate-policy,https://web.archive.org/web/20210320034150/https://www.justin2021.org/climate-policy,https://web.archive.org/web/20210320034150/https://www.justin2021.org/climate-policy,,paragraph 134 sentence 3,"It would be fitting to have bike share stations on Ocean Parkway — one of the first paved bike paths in the U.S. And if done in coordination with Flatbush, it would provide quicker access for Kensington residents to/from the Q train.",43,f495e773a51b2938088a33f57afc8c86dc9faf3fa7449acb503b2e59eadd5b3a,5348b626d65ec2f69bfc76d4d0f8c251abc50e823927a8d52c48dfe0f5b70f93,1
ecaa99581605626a844fc82c,3e2cb0b06370035ae1afc701,30e0d879e8e2abe517f45cf0,val-hoyle,Val Hoyle,race-1a63cae0504360d8eb38,opponent,opponent,2022,2022-05-17,policy_page,https://www.valhoyle.com/priorities,https://web.archive.org/web/20210127234213/https://www.valhoyle.com/priorities,https://www.valhoyle.com/issues/,2021-01-27,paragraph 36 sentences 3-6,"The high cost of housing across the district prevents businesses from recruiting workers and pinches working families. A huge part of the problem stems from decades of the federal government having completely abandoned its responsibilities on public and affordable housing. In her first term, Val secured $4 million in funding for workers housing in North Bend. As our member of Congress, Val will continue to:",65,12d9cdf78027c1bfaeed6f042f984fd2e67104bb6333a4db15c39b3a1271db9d,b3b19a2deb739e2d3f239d935f683d3fef5ce7a185644a3cdfcba9f09571ab4b,1
d801c4e13c034818207cf4a7,d12e4caf6297421d5cd1c8ee,9d3d26d641e058a16fd2ad4d-answers-cc050af1f954-cf2350534472,corey-o-connor,Corey O’Connor,race-e998c1da8d59c9a7b9df,opponent,opponent,2023,2023-05-16,candidate_questionnaire,https://www.wesanews.org/wesa-voter-guide/2023-04-18/allegheny-county-controller-leuba-oconnor,,https://www.wesanews.org/wesa-voter-guide/2023-04-18/allegheny-county-controller-leuba-oconnor,2023-04-18,paragraph 228,The county can and should publish information on operations that's presented as position-based budgeting. This is something that my team is actively working on right now and will roll out in the near future.,35,956c51a9cab8b0ff82eddbbc8ed73d2ad73163d8fce55961b44095fde675f464,13e732352f74c17318f62ec1b37a4f378420f7dab82a3a971d7484422aeaf31f,1
b96fcef3228df95ae2437889,f37df069360ae43f3b757708,39e0b1b04079cf65d32e8c11,dean-phillips,Dean Phillips,race-9065e448b7091dd55686,opponent,opponent,2024,2024-03-05,archived_campaign_platform,https://web.archive.org/web/20231122100438/https://www.dean24.com/platform,https://web.archive.org/web/20231122100438/https://www.dean24.com/platform,https://web.archive.org/web/20231122100438/https://www.dean24.com/platform,2023-11-22,paragraph 1 -> paragraph 12,41 captures 22 Nov 2023 - 19 May 2024 Oct NOV Dec 22 2022 2023 2024 success fail About this capture,20,28494d3800d17d1af59563f1082ad468bcf981f5a3d7de01e216d43193ecf50e,35125a3e6cad75491001b2d104b3e16104e5661398726b6b0330a1ee42bb7d1b,1
54f7975845325049f2702ce4,425f62a177706dbc0470539d,1f257d977f015b2213b2d9cc,andrew-m-cuomo,Andrew M. Cuomo,race-d0d830cb7a9e40e91152,opponent,opponent,2025,2025-06-24,policy_page,https://www.andrewcuomo.com/issues,https://web.archive.org/web/20240227070345/https://www.andrewcuomo.com/issues,https://www.andrewcuomo.com/issues,2024-02-27,paragraph 59,"Consistently enforce involuntary commitment laws. Codify in statute the existing standard that permits involuntarily committing individuals who are a danger to themselves because they cannot meet their basic needs. Ensure that judges, prosecutors, and defense lawyers consistently seek Article 730 mental health competency exams for defendants whose offenses are related to their serious mental illness.",55,dd0716276b4ba194d6bdd4155cdcb5321d0bfc15f353afbcd8b52d5f95509bd5,6ed80877df2f02bb9bc2a5f9a03b9b53bdfbee070568fea3ec2ab826f582f1b3,1
1361c0d43f330dc6b7b06bfc,46bb2b4b6bb32d8d43423a4d,9b40c49d440eedbdf6320e13,kelda-roys,Kelda Roys,race-48b209f7fa641f4b280d,opponent,opponent,2026,2026-08-11,policy_page,https://www.keldaroys.com/issues/data-centers,,https://www.keldaroys.com/issues/data-centers,2026-08-08,paragraph 21 sentences 3-4,"Recipients can pay back the loans over time with the energy savings, helping Wisconsin get cleaner energy and air while saving taxpayer dollars now and into the future. In addition, we can make real upgrades to our grid's reliability and efficiency, so that we are able to move clean, renewable energy around with minimal loss and friction.",57,131ec5a573b15e125d5acf6e29c3a71fa0ae7183ac90e078633054af9365ad23,67ed85540b933626a13c8f62d8884522223cb75155d51cafb4fa8e9d85eb93a4,1
a278c365f37e03ff2bd1c485,e55f28d5e04e688f64e1c524,16646b93ac6b2c78798556ad,mike-connolly,Mike Connolly,ma-house-26th-middlesex-dem-primary-2016,endorsed,endorsed,2016,2016-09-08,campaign_statement,http://web.archive.org/web/20160828215944/http://www.mikeconnolly.org:80/mike_connolly_scatv,http://web.archive.org/web/20160828215944/http://www.mikeconnolly.org:80/mike_connolly_scatv,http://web.archive.org/web/20160828215944/http://www.mikeconnolly.org:80/mike_connolly_scatv,2016-08-28,paragraph 27 -> paragraph 31,"Home » Blog Greater Somerville Election Special Posted by Chris Addis 123pt on July 20, 2016 Thank you to Somerville Community Access Television and Joe Lynch for producing this interview series featuring both Democratic candidates for State Representative in the 26th Middlesex District of Cambridge and Somerville. The election will be decided in the primary on Thursday, September 8.",58,07dc035dd470b040b132214f94f0489360552fd27a3cbba52bccfb57ba09a939,78261051d25d33ecc39b21997989b2f253c7d3986e76eedf8656c9fe55baad5a,1
71369e3fbc3cafff21683bc1,3657d252de14d3b8edf94d2a,fd2c23e5b17f3ae7010655ef,summer-lee,Summer Lee,race-6d7952e39ee3bae35dff,endorsed,endorsed,2018,2018-05-15,policy_page,http://www.summerforpa.com:80/issues,https://web.archive.org/web/20180128233625/http://www.summerforpa.com:80/issues,https://summerforpa.com/issues/,2018-01-28,paragraph 165,"Delivered nearly $9.5M for criminal justice reform initiatives , including efforts to prevent trafficking of black girls and and programs to reduce recidivism.",23,4b9c731bb5649285319982446f69b4052a8bbd4c0d1e5761ab323cc8b544c816,aa7f308c917cdea57dfc95990f89dbb7ac1fb0d9c0d6eff6da2146295520a431,1
f0d1d4bde8c914c76a381fc9,54cf9b5405794542d558f8d9,88848e3ccb716d4081a06bd9,yasmine-parinaz-taeb,Yasmine Parinaz Taeb,race-5984c9799d268a401686,endorsed,endorsed,2019,2019-06-11,policy_page,https://yasmineforvirginia.com/issues/gun-safety,https://web.archive.org/web/20190513201952/https://yasmineforvirginia.com/issues/gun-safety,https://web.archive.org/web/20190513201952/https://yasmineforvirginia.com/issues/gun-safety/,2019-05-13,paragraph 22 -> paragraph 25,TIMESTAMPS The Wayback Machine - https://web.archive.org/web/20190513201952/https://yasmineforvirginia.com/issues/gun-safety/ Skip to content Menu,20,723be72819c244c49800a538cb93b9cb86079c89ba5fa13383a6a3f60824b9cd,d9106514a0af5249a363af15e886f8dbdad8aaec6d11ac9dd030a57ec56f6563,1
789f8aa9abf6ac1bc8a2bf25,01052ef22d397b2594c09771,c3b9bccbd693b0987b179ddc,julia-salazar,Julia Salazar,race-bc91cd01622a56afcdbd,endorsed,endorsed,2020,2020-06-23,campaign_issue_page,https://salazarforsenate.com/issues/housing,https://web.archive.org/web/20200414170000/https://salazarforsenate.com/issues/housing,https://web.archive.org/web/20200414161957/https://salazarforsenate.com/issues/housing,,paragraph 47 -> paragraph 48,"Fight the upzonings which hold our communities hostage to the forces of gentrification Expand the rent stabilization system to cover all New York apartments, so that no tenant is faced with the prospect of suddenly being evicted from their homes",40,ea8b574399d5c53b273ad1f7048bf125516a8411b0d97a828c7c648cbcd6d293,b1b1ae86040131f036f7ebd550bf543eec5a9ff6d97baf42c1937648ebbae5da,1
40e20bf0a40eed78ad936e82,264b8eae592f0adf7ae5a5ca,c599f947e5bd43fda9deafd5,robin-wilt,Robin Wilt,race-9488fafc0bceacab9ee9,endorsed,endorsed,2021,2021-06-22,campaign_page,http://www.wiltfortownboard.com/,https://web.archive.org/web/20210508223457id_/http://www.wiltfortownboard.com/,https://web.archive.org/web/20210508223457id_/http://www.wiltfortownboard.com/,,paragraph 15 sentences 1-3,"In 2021, we are faced with more challenging times than any in recent memory. The summer of 2020 bore witness to the largest mobilization of a civil rights movement in 50 years, as the deaths of George Floyd nationally and Daniel Prude locally sparked protests all across Monroe County. The COVID-19 pandemic is ravaging Brighton and Monroe County, inflicting long-term health consequences on some of those who are fortunate enough to survive the disease.",76,ac79dc1c5f25756f854aa1e1c98e96d42477b3de6ecbe6e4f05e069cbaae66e4,8af0955416039ea5e67f036ca20934d254ec5dc461c2d4007c673760cb3c3ebd,1
29fc0e5126065a7f37a2afe1,cf5295a91ed47709d84fe37a,dfb6f5b143044643a7457749,jabari-brisport,Jabari Brisport,race-558960c0224035d1fd83,endorsed,endorsed,2022,2022-08-23,campaign_issue_page,https://jabariforstatesenate.com/climateandenergy,https://web.archive.org/web/20220205080000/https://jabariforstatesenate.com/climateandenergy/,https://web.archive.org/web/20220205075359/https://jabariforstatesenate.com/climateandenergy/,,paragraph 48 sentence 4,"All of this work must be done using union labor and prioritize at-risk, work-class communities, such as Red Hook and Gowanus.",23,b16f7759a54e42b0e4ff77747f2ad4622aa221e2ba7806c2db06e56d6839b6cc,804623563d1422fa6dba94bd5b05571ba692a52dcb8ab7507d15a91897d48b36,1
c9ef53a2f748a6c4628c1ccb,13315d22afce68968de09869,e5a9a188829a78fd212a5c09-answers-cc050af1f954-d4d0287e64dc,darwin-leuba,Darwin Leuba,race-e998c1da8d59c9a7b9df,endorsed,endorsed,2023,2023-05-16,candidate_questionnaire,https://www.wesanews.org/wesa-voter-guide/2023-04-18/allegheny-county-controller-leuba-oconnor,,https://www.wesanews.org/wesa-voter-guide/2023-04-18/allegheny-county-controller-leuba-oconnor,2023-04-18,paragraph 204 sentences 5-6,"I appealed the office’s denials to the statewide tribunal last year and won all 13 cases, but the appeals process delays transparency and wastes the county’s legal resources. To address improper RTKL denials, I would use the office’s statutory authority to directly obtain information for requesters.",49,eddf549dee11d8544aa8d468beed71f40434e5472489c6a1794d5e73dc660044,6aa353f000cc357f18a2ed5329af594f6c69cba9fab37c181733d6092ffa1606,1
0ec8cc7b1ebc0fdbbea5eb9d,154859891d1dd5bc00220bc4,473370db03decfb4f5fa9dbe,noncommitted-delegate,Noncommitted Delegate,race-1ebf8dc775ced8d30b89,endorsed,endorsed,2024,2024-03-05,campaign_page,https://web.archive.org/web/20240229103740/https://copalestine.co/vote-noncommitted,https://web.archive.org/web/20240229103740/https://copalestine.co/vote-noncommitted,https://web.archive.org/web/20240229103740/https://copalestine.co/vote-noncommitted,2024-02-29,paragraph 27 -> paragraph 37,Press Palestine Info Grassroots Campaigns Get Involved Linktree Open Menu Close Menu CPC Actions Press Palestine Info Grassroots Campaigns Get Involved,21,b24df2de99ba6a3e133360ebc591bc4309462f4102de17548044e3094ce08c87,20b71c66761780266ea9a7e6773d130f05d6435ea6f7337204c9cd29d21b1669,1
dcdd64c011c704c49982b81c,cb0ac94ff54b0468fd49237e,7d4b853a55e817e45f1881c3,chris-rabb,Chris Rabb,race-95a691a9cb8491b42328,endorsed,endorsed,2026,2026-05-19,policy_page,https://www.chrisrabb.com/platform,https://web.archive.org/web/20260324010814/https://www.chrisrabb.com/platform,https://www.chrisrabb.com/platform,2026-03-24,paragraph 100,"We must stop funding violations of human rights. The genocide in Gaza must end. The genocide in the Sudan must end. Every person deserves to be safe, no matter where their home is. Every state’s right to exist obligates it to extend equal rights to all people.",48,5c5fb5a4806d439635fcddca5a3930650e711591b8235a086594a57d296cb3f0,dfa17381555408dd6560b3509d0ab38229396fa82e13f2deabfa176280471677,1
2d04c681c813ff631e448a3e,fa44658ac9dae384bf98bf0e,c651d4e2a3ed7d5581157b1f,timothy-j-toomey-jr,"Timothy J. Toomey, Jr.",ma-house-26th-middlesex-dem-primary-2016,opponent,opponent,2016,2016-09-08,campaign_policy_page,http://web.archive.org/web/20160416122402/https://timtoomey.org/transportation/,http://web.archive.org/web/20160416122402/https://timtoomey.org/transportation/,http://web.archive.org/web/20160416122402/https://timtoomey.org/transportation/,2016-04-16,paragraph 35 sentence 4,"When it is complete, he wants the Green Line Extension to be something that we can all be proud of, and he will continue to make your voice heard as the project moves forward.",34,04359af047af0ad288af671777400c5cae68babb7ed504d091232bed33256e9a,751059ade60210bce8b22e172bb73b87c271a3906f15423343c86f470d4d7489,1
0a2577c6ac94a8c2d2637685,58bb6b9a80fdf3fedda714aa,f89a8593773da85cf660d811-answers-b378fa97ab89-aceda58f3c3b,doug-s-chin,Doug S. Chin,race-a5c9cc4ff2b525bcb410,opponent,opponent,2018,2018-08-11,candidate_questionnaire,https://www.civilbeat.org/2018/07/candidate-qa-u-s-house-district-1-doug-chin/,,https://www.civilbeat.org/2018/07/candidate-qa-u-s-house-district-1-doug-chin/,2018-07-12,paragraph 116,"Now, more than ever, Congress needs to step up and renew its commitment to being a real check-and-balance to Trump’s backward foreign policy agenda. That’s why I will vote to repeal and replace the Authorization for Use of Military Force, a measure passed in the wake of the September 11 attacks, which has been used by presidents of both parties to engage in short-sighted and destabilizing military campaigns in places like Iraq and Libya.",79,7ee822a9ed03559e5e6c8124befa41ce365caef76706c10953ddbbca4a548716,4d05223f41b36e12f22d49df03f824f85b1095fe2a7fe48697e25254dd7f8308,1
62b1ca3fac225dd82bba0b3e,c9d275eec283650b060da3ba,41f1b6814d62a52403f7705a,tulsi-gabbard,Tulsi Gabbard,race-aed8879df9fbc709db76,opponent,opponent,2020,2020-03-03,policy_page,https://www.tulsi2020.com/issues/environment-protection,,https://www.tulsi2020.com/issues/environment-protection,2020-02-24,paragraph 66,"Are you worried that your children and grand-children might not have a safe, clean planet to grow up on? Do you think the current administration’s attitude toward environmental issues will result in cleaner water, air, and land?",39,f83c99569efdc8bf1c30aa591a333999e9b02d421fbbdf94b84bd249336231a5,f5bca03050eb5c187c6cf8d9bee2251ba0bbbd6ca322492adf5570269d8f719c,1
3669063a67d5aee43e19ca6d,5f3aef1b2d5358cfc80b0740,80916f9525d1c8b8f04d0b7e,shahana-k-hanif,Shahana K. Hanif,race-60a20e415203eadd2b99,opponent,opponent,2021,2021-06-22,campaign_issue_page,https://www.shahanafrombk.com/climate,https://web.archive.org/web/20210303230822/https://www.shahanafrombk.com/climate,https://web.archive.org/web/20210303230822/https://www.shahanafrombk.com/climate,,paragraph 73 -> paragraph 74,"Provide sustained funding to support programs to train local residents on solar installations and other green, alternative energy jobs Partner with environmental nonprofits toencourage individual residents and building owners to go solar or explore alternative energy programs, such as rebates, net-metering, subsidies, and educational programming",46,b27fe33d65814ea1edd67c14dcd261c60b21c12710ebeb64d638ba9ba82e8b6c,fb32c4325aea6ee670671af9a8f9d87e0bf0ec77d5c6b6a8389ef292560b8271,1
f2180ee17bb1c4a3990f0c81,7258360bbf2146e36faa6f7c,3e2eb68a804dc02d55890bc0,sandy-pappas,Sandy Pappas,race-deff03074ea69358d8e9,opponent,opponent,2022,2022-08-09,archived_campaign_platform,https://web.archive.org/web/20220805014447id_/https://sandypappas.com/vision,https://web.archive.org/web/20220805014447id_/https://sandypappas.com/vision,https://web.archive.org/web/20220805014447id_/https://sandypappas.com/vision,2022-08-05,paragraph 6 sentences 5-6,"I helped my family all the way through college, even though I was the first in my family to attend college. As a young mother, we moved to St Paul which became my extended family.",35,a5422705d1d23a358412f2363f644c2039e4f36f920e22bbf73e87f6779f58d7,d3ed39e0fb1ca68df7262c5d09ad313b29b7d1de2b8a6f29841b80f5fd5bcee7,1
0c0db8718fd8fa61958ff24b,0d6e00e45f6e10f664e2c3ad,9de5ac167261e55fe6ff372e-answers-2cf0d9d82a48-0f555c2fea54,jordan-botta,Jordan Botta,national-recihG0fIKbvStGIg-dem-primary,opponent,opponent,2023,2023-05-16,candidate_questionnaire,https://www.wesanews.org/wesa-voter-guide/2023-04-18/pittsburgh-city-council-district-7-botta-gross,,https://www.wesanews.org/wesa-voter-guide/2023-04-18/pittsburgh-city-council-district-7-botta-gross,2023-04-18,paragraph 208,"I think the hybrid policing approach we are currently utilizing alongside social workers and mental health professionals is an excellent direction, and if done responsibly can be expanded to Allegheny County and beyond.",33,35083645221f33cfa27bc64fd7aea00f1dee02afb921e734a725a48001cfb6fa,5e9158bd6ae93172060dd9b0a71521aec52928d61cd1215c690a41943331ffd2,1
b953ab63d6923d26b4afbc36,9c8c14b5971a43bc3e249147,39e0b1b04079cf65d32e8c11,dean-phillips,Dean Phillips,race-9065e448b7091dd55686,opponent,opponent,2024,2024-03-05,archived_campaign_platform,https://web.archive.org/web/20231122100438/https://www.dean24.com/platform,https://web.archive.org/web/20231122100438/https://www.dean24.com/platform,https://web.archive.org/web/20231122100438/https://www.dean24.com/platform,2023-11-22,paragraph 53,"Dean is a responsible gun owner and a member of the Gun Violence Prevention Task Force, where he has sought and supported bipartisan solutions to address our nation’s gun violence epidemic. In addition, Dean supported and helped pass the Bipartisan Safer Communities Act, the first meaningful gun violence prevention legislation to become law in nearly 30 years.",58,9283a0477a57392352717e6880cd338374eb4ec0293e7f5a97c54112213f511f,6deaf3d5edcc91587d62054340a8d12c0d31d9b26fbde2cfae3ce739dc00b63e,1
7173bf1b28bb8418c1a99e6e,ba6f58902197ecb55449b174,1f257d977f015b2213b2d9cc,andrew-m-cuomo,Andrew M. Cuomo,race-d0d830cb7a9e40e91152,opponent,opponent,2025,2025-06-24,policy_page,https://www.andrewcuomo.com/issues,https://web.archive.org/web/20240227070345/https://www.andrewcuomo.com/issues,https://www.andrewcuomo.com/issues,2024-02-27,paragraph 21 -> paragraph 23,Andrew Cuomo’s affordability plan for New York City will: Increase the supply of affordable housing. Expand access to affordable healthcare. Connect all New Yorkers to primary care and specialty care when needed. Assist New Yorkers who are denied coverage by their insurance plan.,44,45523b759b5a98756ebee478542f09b5fef935f344719075b69f992753ad7b58,d93681ac7f933f03fb9d250771c0e8290294c1e8686dade49d164baa1e716f70,1
ad19892fbca84d796b104246,9b089d020d077c535d67a986,9b40c49d440eedbdf6320e13,kelda-roys,Kelda Roys,race-48b209f7fa641f4b280d,opponent,opponent,2026,2026-08-11,policy_page,https://www.keldaroys.com/issues/data-centers,,https://www.keldaroys.com/issues/data-centers,2026-08-08,paragraph 17 sentences 1-2,"Pass strong statewide standards like those outlined in SB 729 to establish binding regulations protecting workers, ratepayers, local residents and transparency, and our environment from reckless data center development. This will p rohibit any data center development from moving forward unless it meets necessary standards for environmental protection of our air, land and water, and prioritizes Wisconsin union workers who earn prevailing wage, puts local communities in control and requiring transparency, and protecting ratepayers from increased utility costs.",78,1f4fd1dcd993242b7e1e93dc233f628e3cc138fbcd5ca42fcc50dc7c18acf47c,bf3dabed53111b21497482c1ecd6a73af3366169a9b99b5dca58cbeb88056a69,1
81b634297827bccfa2507daa,ec8f5b8d02cc387b3f649a10,0c92ef00c0b881af7155544d,mike-connolly,Mike Connolly,ma-house-26th-middlesex-dem-primary-2016,endorsed,endorsed,2016,2016-09-08,campaign_statement,http://web.archive.org/web/20160830204857/http://www.mikeconnolly.org:80/endorsed_by_sierra_club_massachusetts,http://web.archive.org/web/20160830204857/http://www.mikeconnolly.org:80/endorsed_by_sierra_club_massachusetts,http://web.archive.org/web/20160830204857/http://www.mikeconnolly.org:80/endorsed_by_sierra_club_massachusetts,2016-08-30,paragraph 38 sentence 2,"Connolly also worked closely with Sierra Club leaders to help shape Cambridge’s groundbreaking Bring Your Own Bag ordinance , which made Cambridge the largest city on the East Coast to ban single-use plastic bags and the first city in the Commonwealth to require a fee for paper bags.",49,829b774aa07f6563a40c91a5fb752b704d096a16e87757039ee5097fd73dc171,d2f93afe0c1476ded2b8a10912cba62f5578c73b2110402a24ceff7f4c1b2250,1
51733a1051ca5a6c3e9f388b,e4327abcccb965318113369c,61010169144b199ec7a09419-answers-71a86ef518a9-fda11319a8ff,kaniela-saito-ing,Kaniela Saito Ing,race-a5c9cc4ff2b525bcb410,endorsed,endorsed,2018,2018-08-11,candidate_questionnaire,https://www.civilbeat.org/2018/07/candidate-qa-u-s-house-district-1-kaniela-ing/,,https://www.civilbeat.org/2018/07/candidate-qa-u-s-house-district-1-kaniela-ing/,2018-07-03,paragraph 108 sentence 4,"Democrats can no longer afford to start our negotiations from the middle, when far-right politicians like Ted Cruz and Donald Trump are gaining ground and will only pull our nation closer to authoritarianism.",34,c069877fb731d0ab22f8f660c3d6d4ab632b86196b24204231c6659945d1ddf2,cdbbfe8a72734a12dff33a9a54c30971294e0472bcbcfb75cbb45a718d217bbb,1
d85313abf97a5a1689317e0b,27e122918ab1dd7a02c8451c,110ec1496b9e7209cb28015f,yasmine-parinaz-taeb,Yasmine Parinaz Taeb,race-5984c9799d268a401686,endorsed,endorsed,2019,2019-06-11,campaign_platform,https://yasmineforvirginia.com/issues/womens-rights,https://web.archive.org/web/20190513202024id_/https://yasmineforvirginia.com/issues/womens-rights/,https://web.archive.org/web/20190513202024id_/https://yasmineforvirginia.com/issues/womens-rights/,,paragraph 19 -> paragraph 20,"This vital work cannot wait. That’s why as your state Senator, I will: Fight to pass an amendment to Virginia’s Constitution explicitly protecting a woman’s right to an abortion and reproductive health services. We need this passed immediately to protect against future Republican efforts to strip away our rights.",52,2bba9f683d312f643afb0ff0f07fbb522e55dbb4fab993e016aecb90292ecc4c,e117d2eb386c7303947a3f93ec5e397ba4b63f6049eadb21220f0c9314645832,1
a3804cc0307afc816cb1d24d,18189f52c9f1c38aa2ad9a7f,1a5c61a3eb314db39c065ad9,erika-uyterhoeven,Erika Uyterhoeven,race-3c627e0363e4b2564075,endorsed,endorsed,2020,2020-09-01,campaign_page,https://web.archive.org/web/20200417120740id_/https://www.electerika.com/,https://web.archive.org/web/20200417120740id_/https://www.electerika.com/,https://web.archive.org/web/20200417120740id_/https://www.electerika.com/,2020-04-17,paragraph 70 -> paragraph 73,Donate Stay Up To Date Sign up with your email address to receive the latest campaign news and updates. Email Address,21,8baa37133b0c312434f1806e52311d0ce509990b78b94fef8bbb1287a5fa6435,5fb873809acade47a4bece0a1577b8fb7357730ad5be10f12cda79331e99951b,1
290447daeaa904f5cd9bc893,d7a48deb0b244eb636c8a4b4,314e4d2d565a77cc513bc8e0,robin-wilt,Robin Wilt,race-9488fafc0bceacab9ee9,endorsed,endorsed,2021,2021-06-22,campaign_platform,http://www.wiltfortownboard.com/priorities,https://web.archive.org/web/20210518111228id_/http://www.wiltfortownboard.com/priorities/,https://web.archive.org/web/20210518111228id_/http://www.wiltfortownboard.com/priorities/,,paragraph 18 -> paragraph 19,"A THRIVING BRIGHTON: Ensure that we live in a community where our elders can age in place, and in which individuals and families are not displaced from their homes by market vagaries, all while maintaining the smart growth and economic re-development enshrined in our Envision Brighton 2018 Comprehensive Plan.",50,c26ccb791a5bce25d8f142eafb3415112b4e2d7d1e7c8dc14fd43bf05e4f454a,2a7610fb20a215082b3386524e450ea71acc45c923dec7c91b7c1ff46cfbcc1c,1
eae6f1076ea4ad55ae4702f6,421a7ed485aca9eec27d54b1,057fdc74ca0362d745c19c94,phara-souffrant-forrest,Phara Souffrant Forrest,race-a036ccb35ff1bcadc510,endorsed,endorsed,2022,2022-06-28,policy_page,https://pharaforassembly.com/platform/policing,https://web.archive.org/web/20210105182955/https://pharaforassembly.com/platform/policing,https://web.archive.org/web/20210105182955/https://pharaforassembly.com/platform/policing/,2021-01-05,paragraph 36 -> paragraph 46,"Endorsements Media Recent Press Pledges Press Releases Volunteer Voting Information Donate Select Page End Police Brutality, Reimagine Public Safety My first protest was in 1997 with my step father. We were protesting the brutalization of Abner Louima by the police. 23 years later, we are protesting the racist murders of George Floyd and Breonna Taylor. I feel betrayed when I see police flagrantly violating the rights of black people across this country.",72,cffe9e8c684510655d729968d8154741d138a4feebf1919137ba9bdee1e7a42e,cdfe8eefb41a492feba770a5339c96867cd6793bed393000c8a1c608dc8907a7,1
7f276a973afeb68cd9a06eb5,78d709e984bd928bd88f1f74,595c60d69ae4416a1e9b1cd9-answers-2cf0d9d82a48-ea5cde894b9a,deb-gross,Deb Gross,national-recihG0fIKbvStGIg-dem-primary,endorsed,endorsed,2023,2023-05-16,candidate_questionnaire,https://www.wesanews.org/wesa-voter-guide/2023-04-18/pittsburgh-city-council-district-7-botta-gross,,https://www.wesanews.org/wesa-voter-guide/2023-04-18/pittsburgh-city-council-district-7-botta-gross,2023-04-18,paragraph 224 sentences 6-8,"Maintaining strong relationships has allowed my office to bring citizens into leadership. We’ve installed traffic-calming measures, worked on shared commercial compost pick-up, and supported urban agriculture through our City Farms program. I will always put community voices first.",41,f77671df2becfb1973b68764f702cca6833367bd4b389bf5a5b385aed9db541e,344a788f65a7d8652003c23ddf068aeb8a6648185377d685d1c54cc951858aa1,1
35715b901ff443d41bf6ac65,f9a7329dda5e674f4ce05dcd,535aa197a867225dab3dc5a0,farrah-chaichi,Farrah Chaichi,race-1b16bc7d886dcbb78057,endorsed,endorsed,2024,2024-05-21,campaign_website | official_campaign_platform,https://web.archive.org/web/20240518092853id_/https://www.chaichifororegon.com/the-issues,https://web.archive.org/web/20240518092853id_/https://www.chaichifororegon.com/the-issues,https://web.archive.org/web/20240518092853id_/https://www.chaichifororegon.com/the-issues,2024-05-18,paragraph 19 -> paragraph 20 sentences 1-3,"A Habitable Planet is a human right Climate change is no longer a problem of the future. We are living through worsening heat waves, historic wildfires, droughts, and many other extreme weather events that are only going to get worse unless we make a just green transition away from fossil fuels now. This means regulating big polluters while creating good jobs and ensuring that we have a safe landing place for workers currently employed in fossil fuel industries.",78,3d8246b0b2c9b485e2ed354121f997dd37ddc2bfadb301442cb4b838293ab1a9,4d7298a32f556a50e401e9e2a9d080f94d5442c3fda4b18410e21aa4c5840637,1
cd70c7c53241ef7e257cb10d,c81ad9d55327ee2bdc31931f,7d4b853a55e817e45f1881c3,chris-rabb,Chris Rabb,race-95a691a9cb8491b42328,endorsed,endorsed,2026,2026-05-19,policy_page,https://www.chrisrabb.com/platform,https://web.archive.org/web/20260324010814/https://www.chrisrabb.com/platform,https://www.chrisrabb.com/platform,2026-03-24,paragraph 90 -> paragraph 93,End the War on Drugs Universal Childcare from Birth to Age 5 Free Public Colleges and Vocational Training Better Pay for Teachers,22,033a4e98cf8a40c56aaac0fec3b7ac0a2e28ccefefe1a7ca5ca88ae73db12257,6b127d2743f4b74fe05eafb3adcfc08e5e6f4d0658b91983d89cb0c21a89ff3b,1
853e336072d1bf996aa8ba30,9eb0d1259d13d9aec4db1c5d,841ec638f585ce3ef730c046-answers-f73ef4a495b9-f89ef34b4a43,timothy-j-toomey-jr,"Timothy J. Toomey, Jr.",race-0f0734c608b02353f3cf,opponent,opponent,2016,2016-09-08,candidate_questionnaire,https://www.thesomervilletimes.com/archives/70059,,https://www.thesomervilletimes.com/archives/70059,2016-09-01,paragraph 49 sentences 1-2,"I am opposed to the ballot question that would lift the cap on charter schools in Massachusetts. My position on this issue is simple: before we increase the charter school cap any further, we need to address the issue of funding reimbursement for our district public schools.",47,9e25603719190f438aed47256dba98d3eccb3870eb7f29f8b2b326d8e23e40a4,be37ee0b08518b135adca3a2dfd7ec20c38d5c3701211a0bad9f386f57ccfcc2,1
39e418970d9607678525f43b,9a861927c7401c2f8794aa26,2e0bb91edf572e383f726323,hiral-tipirneni,Hiral Tipirneni,race-c05a1295eea5d13e296b,opponent,opponent,2018,2018-02-27,campaign_website,http://hiralforcongress.com/,https://web.archive.org/web/20170725180137id_/http://hiralforcongress.com/,https://web.archive.org/web/20170725180137id_/http://hiralforcongress.com/,,paragraph 14,"Hiral met her husband, Dr. Kishore Tipirneni, during her first year of medical school. After she served as Chief Resident of the University of Michigan’s Emergency Medicine program, Hiral and Kishore looked for a place they could settle down, practice medicine, and begin raising a family. They sought somewhere that reflected the Midwestern values they both learned growing up. They chose Phoenix.",63,5c5cf8c1e57a5fe9ff576cf6a57271f1c7e3c70f7e8c495a4d91cdcf8772a0ac,50aa3f266fe05cd3c6fbd5ac82e75d51a411ebf3c9991faa2bd3114eab14aeba,1
b388eb66e576b3a4fc76070e,601a56c53a2387dcc65d32e0,6c0187137518fab4b2236b66,elizabeth-warren,Elizabeth Warren,race-b2f56d1987a501b29012,opponent,opponent,2020,2020-06-23,speech,https://2020.elizabethwarren.com/atlanta-speech,https://web.archive.org/web/20200420045118/https://2020.elizabethwarren.com/atlanta-speech,https://2020.elizabethwarren.com/atlanta-speech,2020-04-20,paragraph 30 -> paragraph 31,"Thousands of women here in Atlanta scratched out a living as washerwomen. The work was heavy. Monday through Saturday, they made their way to white families, trudging from house to house picking up piles of dirty laundry. Once they were back at their own homes, they toted gallons of water from pumps and wells.",54,39bb48870e6c5487cd1c7cab77705aa0a3fc93445cc45084e50abb21d5a535b1,c766a2963ba9c6bd4e944df0e4ded8c3d1bfc3c50c05bee025d03a8f8f23a134,1
632823719707421743f8c2cc,553fc7219a6fc28232b713c9,b0753c7fa159cc969876d33f,justin-m-krebs,Justin M. Krebs,race-60a20e415203eadd2b99,opponent,opponent,2021,2021-06-22,campaign_issue_page,https://www.justin2021.org/transform-how-we-police,https://web.archive.org/web/20210617185053/https://www.justin2021.org/transform-how-we-police,https://web.archive.org/web/20210617185053/https://www.justin2021.org/transform-how-we-police,,paragraph 77 -> paragraph 83,A New York that Works for All More Affordable Housing 39th District Volunteer Transform how we police And invest in everything else to undo decades of damage in communities across NYC,31,3fde851b4cf63ecd70c8c5ddcfc40716643266b8a753cd3bf08581b42687afde,4a044a9bc09a1df04c6f001a67e1b987c6f74fa4a97b4a8cee901501d46450c0,1
ad095ec361e27c4d367998ad,abf5f21f6c76b92fe81d6f88,51a154da3097137196079f11,zuki-ellis,Zuki Ellis,race-deff03074ea69358d8e9,opponent,opponent,2022,2022-08-09,archived_campaign_platform,https://web.archive.org/web/20220126231521id_/https://zukiellis.com/vision/,https://web.archive.org/web/20220126231521id_/https://zukiellis.com/vision/,https://web.archive.org/web/20220126231521id_/https://zukiellis.com/vision/,2022-01-26,paragraph 36,"I strongly believe that education can be part of the solution. I support establishing K-12 curricula statewide that teaches personal boundaries, bodily autonomy, consent, and respect as part of a comprehensive sex ed program.",35,93f394491c8aaf15d8da3a9a0beddaf204485e280f2c6dda499b067202e462da,fddcd0a88714412abdf1e24b075b7f81ea75702751b050fe39347b759f5502f1,1
2b720c1e3f9c9505d4edc3db,c855ad0ae64c562459e38247,9de5ac167261e55fe6ff372e-answers-2cf0d9d82a48-0f555c2fea54,jordan-botta,Jordan Botta,national-recihG0fIKbvStGIg-dem-primary,opponent,opponent,2023,2023-05-16,candidate_questionnaire,https://www.wesanews.org/wesa-voter-guide/2023-04-18/pittsburgh-city-council-district-7-botta-gross,,https://www.wesanews.org/wesa-voter-guide/2023-04-18/pittsburgh-city-council-district-7-botta-gross,2023-04-18,paragraph 202 sentences 4-5,"We need to invest in community resource centers, counseling services, and incentivize intramural and extracurricular programs for Pittsburgh youth. I plan to personally address this disparity by working with community organizations, nonprofits, and Pittsburgh Public Schools to ensure our youth have the resources to pursue prosperous, secure futures.",48,b5059033b677f13319abb52107f29bc4945bba400ce4617f35d594f296ef5d82,be0860ba062b29eaba4fea67fab7511164fa704eefdf1c6d67e481796c4c1382,1
86340bd9a66d1ed0ef8256c7,6abbc83e90a692ca43a25ad3,39e0b1b04079cf65d32e8c11,dean-phillips,Dean Phillips,race-9065e448b7091dd55686,opponent,opponent,2024,2024-03-05,archived_campaign_platform,https://web.archive.org/web/20231122100438/https://www.dean24.com/platform,https://web.archive.org/web/20231122100438/https://www.dean24.com/platform,https://web.archive.org/web/20231122100438/https://www.dean24.com/platform,2023-11-22,paragraph 33,"In Congress, Dean serves on the House Small Business Committee and chairs the Subcommittee on Investigations, Oversight, and Regulations. Dean is also a member of the bipartisan Problem Solvers Caucus, co-founder of the Stakeholder Capitalism Caucus, and a member of the Entrepreneurship Caucus.",44,8ba5cfc352c9472131b480201932ceaebb5f27caa64c68ae88d97b7aaad4c6d7,b5e9ebc7d15f854a1ee58f749ac83327bf627de3419062dd3c815a7435a18026,1
85f91967a0635a4b44d7efeb,a8d528f89c7cc4de5bb2a7a8,1f257d977f015b2213b2d9cc,andrew-m-cuomo,Andrew M. Cuomo,race-d0d830cb7a9e40e91152,opponent,opponent,2025,2025-06-24,policy_page,https://www.andrewcuomo.com/issues,https://web.archive.org/web/20240227070345/https://www.andrewcuomo.com/issues,https://www.andrewcuomo.com/issues,2024-02-27,paragraph 31 -> paragraph 32,"Andrew Cuomo’s plan for public safety will: Increase the size of the NYPD. Andrew Cuomo will add 5,000 new police officers to the force—quickly—bringing the ranks of the NYPD up to 39,000, the size of the force 25 years ago.",45,60b4fe304f3b56fbc7149771bcbc42e2d39af6c7d95f2800d5526edce04eadd1,0d1deec01eea8f791718aea5a9da2916d3568a42c9f27213ba7c912ae75047f2,1
c97e271f078f02773eb2a4cb,8e091172e1db0ca75b878b7a,100583ea231460bfd41f9eda,kelda-roys,Kelda Roys,race-48b209f7fa641f4b280d,opponent,opponent,2026,2026-08-11,policy_page,https://www.keldaroys.com/_next/data/fFdHRPSwtRYvypxrCXa4d/issues.json,https://web.archive.org/web/20251105173603/https://www.keldaroys.com/_next/data/fFdHRPSwtRYvypxrCXa4d/issues.json,https://web.archive.org/web/20251105173603/https://www.keldaroys.com/_next/data/fFdHRPSwtRYvypxrCXa4d/issues.json,2025-11-05,paragraph 1 -> paragraph 16,1 capture 05 Nov 2025 Oct NOV Dec 05 2024 2025 2026 success fail About this capture COLLECTED BY Collection: Save Page Now TIMESTAMPS The Wayback Machine - https://web.archive.org/web/20251105173603/https://www.keldaroys.com/_next/data/fFdHRPSwtRYvypxrCXa4d/issues.json,42,76940cdafc191dcd858959223fc0b962ab21cc0e913ffbcf853e2baf4f26edb6,26924e1ecc88636614b7ea3177c7961b63af00c8c126ef440a1941d6ef97710c,1
26b4fb78d8542dabe7bd6cc4,aea1e56d771a015125bcf734,5801a1f80b0ac898f3923de8,mike-connolly,Mike Connolly,ma-house-26th-middlesex-dem-primary-2016,endorsed,endorsed,2016,2016-09-08,campaign_platform,http://web.archive.org/web/20160807044232/http://www.mikeconnolly.org:80/progressive_platform,http://web.archive.org/web/20160807044232/http://www.mikeconnolly.org:80/progressive_platform,http://web.archive.org/web/20160807044232/http://www.mikeconnolly.org:80/progressive_platform,2016-08-07,paragraph 21 -> paragraph 26,26th Middlesex District Events Blog Contribute Facebook Twitter Or sign in with email Don't have an account? Register now Mike Connolly for State Rep.,24,1ce7ead4c7d5deef4e491c9466576c37f01123f25d6706b2c8ec52e5dc1b04e8,b93d781c116aeed1c765431d205a47337f2ebd9638f6865d2cbb3676732e8372,1
a84b1411fa50c5e2520ea31e,49ac96f02a6956b613ebbcbd,5759e0d661fee9e562c10f15,summer-lee,Summer Lee,race-6d7952e39ee3bae35dff,endorsed,endorsed,2018,2018-05-15,campaign_website,http://www.summerforpa.com/healthcare,https://web.archive.org/web/20180129002517/http://www.summerforpa.com/healthcare,https://web.archive.org/web/20180129002517/http://www.summerforpa.com/healthcare,,paragraph 18 -> paragraph 23,TIMESTAMPS The Wayback Machine - https://web.archive.org/web/20180129002517/http://www.summerforpa.com:80/healthcare donate Home About District,20,6de3bbb4c95f87a9679767fba9b6bfb0f40bcdeb53fd8224b33d2194cd2185d8,2e7e8e9ce36bb84ba70b146d432508cae1fcc27d309a0631975b797415e8b3b3,1
48befaa3c33e5a6db2772900,b3f28c81f679e86804c2df67,110ec1496b9e7209cb28015f,yasmine-parinaz-taeb,Yasmine Parinaz Taeb,race-5984c9799d268a401686,endorsed,endorsed,2019,2019-06-11,campaign_platform,https://yasmineforvirginia.com/issues/womens-rights,https://web.archive.org/web/20190513202024id_/https://yasmineforvirginia.com/issues/womens-rights/,https://web.archive.org/web/20190513202024id_/https://yasmineforvirginia.com/issues/womens-rights/,,paragraph 17,"It’s why I have so passionately fought and organized against this administration’s actions against women. Most crucially, this has included protesting Brett Kavanaugh’s nomination to the Supreme Court, whose pro-life ideology will ensure that the rights enshrined in Roe v. Wade will be whittled away, if not outright abolished.",53,9824082cacec7bdc26232567691e3bd16ff714f66cdaa97644dbb76abe7998fa,53a251a488ac527ebc5582e64ff3fb403f3dadd42153ee2be915bc479b51422c,1
d456fdd62a5ad631eaa1198c,5b4bf4cd25f9ddfb5e2aceae,1a5c61a3eb314db39c065ad9,erika-uyterhoeven,Erika Uyterhoeven,race-3c627e0363e4b2564075,endorsed,endorsed,2020,2020-09-01,campaign_page,https://web.archive.org/web/20200417120740id_/https://www.electerika.com/,https://web.archive.org/web/20200417120740id_/https://www.electerika.com/,https://web.archive.org/web/20200417120740id_/https://www.electerika.com/,2020-04-17,paragraph 4 -> paragraph 17,Massachusetts State Representative Somerville Donate Scroll Volunteer for Erika: Name * First Name Last Name Email * Phone * (###) ### #### Thank you! Make a Donation:,21,1d1014b7a40cf4f5a510ff95fbe0d156efe44d0c18fc9049659406292a3177f1,c27d5365627a0d3f16e1288ea6f1634f313086b7d02e8b40e5ea04c86d7a1ec8,1
1a329654e1d691b5cdd3d24a,bf344849f413a1ae796abd4a,c599f947e5bd43fda9deafd5,robin-wilt,Robin Wilt,race-9488fafc0bceacab9ee9,endorsed,endorsed,2021,2021-06-22,campaign_page,http://www.wiltfortownboard.com/,https://web.archive.org/web/20210508223457id_/http://www.wiltfortownboard.com/,https://web.archive.org/web/20210508223457id_/http://www.wiltfortownboard.com/,,paragraph 16,"The need for compassionate, thoughtful, and constituent-oriented service to the community has never been greater. I would be honored to receive your vote, allowing me to continue serving as a Brighton Town Councilmember.",34,ca48564b2f4be1e18fea53c75d731dedce3f6e263216c1227c44e77ef1928928,fadf17ef51a6383324678051034bc9333c00e76ef908acb095183b7801c40592,1
0ece85a063f2508aff3064d9,f3fc62f044f4e3910f4d9a58,063c493b5cbbdb14a3110430,jabari-brisport,Jabari Brisport,race-558960c0224035d1fd83,endorsed,endorsed,2022,2022-08-23,campaign_issue_page,https://jabariforstatesenate.com/criminal-justice-reform,https://web.archive.org/web/20220205080000/https://jabariforstatesenate.com/criminal-justice-reform/,https://web.archive.org/web/20220204235708/https://jabariforstatesenate.com/criminal-justice-reform/,,paragraph 68,"End Technical Parole Violations: New York sends more individuals back to prison for non-criminal, technical parole violations than any state except Illinois. Such violations include violating curfew, failure to do programming, and sleeping in a location other than your designated home. Minimal process is all that is currently required to return a paroled individual to prison.",57,a8ac9b5a4bd5a2563e9090b3bf3b5143177e77dcbcd298b5fb062a76aa65b3cb,c8d99a4a2082fb8e4ba2da5bb453cefc8d7776bc6eb9dbebc416b825c1e97c24,1
adad8dd9fa2d10e02a888785,c8e0a87622cb4cc869191a3c,595c60d69ae4416a1e9b1cd9-answers-2cf0d9d82a48-ea5cde894b9a,deb-gross,Deb Gross,national-recihG0fIKbvStGIg-dem-primary,endorsed,endorsed,2023,2023-05-16,candidate_questionnaire,https://www.wesanews.org/wesa-voter-guide/2023-04-18/pittsburgh-city-council-district-7-botta-gross,,https://www.wesanews.org/wesa-voter-guide/2023-04-18/pittsburgh-city-council-district-7-botta-gross,2023-04-18,paragraph 226,"We are paying for 20 years of shuttered recreation centers, closed pools, and downsized city operations. It is time to reinvest in communities.",23,966a222ba319665e3b842817c0776b7ff06f035bf856e21487063a7c03d1bd18,b1abeac46accc4a3aa467fc8d84513eaeeacca797d9e90a7c3e694b5830c653b,1
7e362de820b843ef5f0a71c8,3ec3cdd3719033fe099badee,535aa197a867225dab3dc5a0,farrah-chaichi,Farrah Chaichi,race-1b16bc7d886dcbb78057,endorsed,endorsed,2024,2024-05-21,campaign_website | official_campaign_platform,https://web.archive.org/web/20240518092853id_/https://www.chaichifororegon.com/the-issues,https://web.archive.org/web/20240518092853id_/https://www.chaichifororegon.com/the-issues,https://web.archive.org/web/20240518092853id_/https://www.chaichifororegon.com/the-issues,2024-05-18,paragraph 26,"We need leaders who will bring together our diverse community into a movement towards justice, equality, compassion, and solidarity. Join in supporting Farrah Chaichi for HD 35.",27,5c3e038a889998ff3c0297bc691bc471d68030bbeb1ff99500238230cce7cbe5,709746158a37e6b2b7c6956fd66caf6d4d7a6eaaaab4a77d1ea57d498646bb3a,1
c4fa97f9bdcf64fe7952450c,9f9a5a0baf70c80cb1523f5e,8fbe68eca7fc016287321818,shaun-r-navarro,Shaun R. Navarro,race-272467423dd3b8accee4,endorsed,endorsed,2026,2026-06-09,official_campaign_platform,https://navarrofornevada.com/,,https://navarrofornevada.com/,2025-11-13,paragraph 8,"Shaun is a staple in the community, working to organize people to take power back from establishment figures who have let us down time and time again. Shaun is running for Assembly District 34 to continue this work, not as a newcomer but as a seasoned organizer ready to fight for his community in a new forum – Nevada’s legislature.",60,c37100be289780197fd6d75368fd34ca921b74eaecfd886069421e9d0e183ac6,ad6819f3d91a928cc96a350061b824616f1f275d4149c5d5fccfd4980293441a,1
e3b0ad2db158094596750a17,155ba402c5d6f1231ff12a34,c651d4e2a3ed7d5581157b1f,timothy-j-toomey-jr,"Timothy J. Toomey, Jr.",ma-house-26th-middlesex-dem-primary-2016,opponent,opponent,2016,2016-09-08,campaign_policy_page,http://web.archive.org/web/20160416122402/https://timtoomey.org/transportation/,http://web.archive.org/web/20160416122402/https://timtoomey.org/transportation/,http://web.archive.org/web/20160416122402/https://timtoomey.org/transportation/,2016-04-16,paragraph 36 sentences 1-2,"Under the leadership of Tim Toomey and the Somerville Legislative delegation, MassDOT and the MBTA have adopted the Construction Manager/General Contractor delivery process, which allowed a phased construction process to begin in 2012. Efforts to construct the extension are now well under way and Green Line service to Union Square is expected to begin in 2017.",57,d8b711bffbd09d38acbfca85d5577f7b6ca58292ec9d120b5e4ba2dec10619b8,8d49e0689c79570b39db09ecbedbdd71cbd8dd7536738a477f8a54148a204eb0,1
c7668273d876c1542890d35a,8da915133d92bc9175cfa3f0,7d2bcf0956cd6a7071e55520-answers-028b9c467aca-28f409f94d1a,donna-mercado-kim,Donna Mercado Kim,race-a5c9cc4ff2b525bcb410,opponent,opponent,2018,2018-08-11,candidate_questionnaire,https://www.civilbeat.org/2018/06/candidate-qa-u-s-house-district-1-donna-mercado-kim-3/,,https://www.civilbeat.org/2018/06/candidate-qa-u-s-house-district-1-donna-mercado-kim-3/,2018-06-18,paragraph 126,"I would follow the approach with which I have conducted my career here in Hawaii. We need to rein in unnecessary government spending, which is running rampant in Washington and this administration. No more first-class travel for anyone.",39,99aaf344f67ab5cdd2eeb70dbc81f9e9d7e7f952d3c4eb570c6a00c984d4f0c1,703703364c4ca031bd620ef7aad58dc2aa1dcc70a61d06efd127d9d725d7f1c9,1
e120790516f9b1eae2858fbf,035513bf932df418f05ab265,6c0187137518fab4b2236b66,elizabeth-warren,Elizabeth Warren,race-b2f56d1987a501b29012,opponent,opponent,2020,2020-06-23,speech,https://2020.elizabethwarren.com/atlanta-speech,https://web.archive.org/web/20200420045118/https://2020.elizabethwarren.com/atlanta-speech,https://2020.elizabethwarren.com/atlanta-speech,2020-04-20,paragraph 55,"The implications of this fight were enormous — and so was the response. As the idea that Black and white workers could make real structural change if they fought side by side began to spark to life, an evil force was once again mobilizing against it.",45,e34bd7028127e6d2aac8a1e574e3871489db16ff3c5517b71b0f41b656c5cdfc,f913bd7fd29ba3889b67ecc1cddf7477c45374623332235adecfa0ab33ea8d44,1
ffdcb03d3388bf63823f11dd,6760d9d90a0bf502ef3cdef6,c3fe00911ab7e8f907539e6b,justin-m-krebs,Justin M. Krebs,race-60a20e415203eadd2b99,opponent,opponent,2021,2021-06-22,campaign_issue_page,https://www.justin2021.org/climate-policy,https://web.archive.org/web/20210320034150/https://www.justin2021.org/climate-policy,https://web.archive.org/web/20210320034150/https://www.justin2021.org/climate-policy,,paragraph 76 -> paragraph 77,"Together, we can fight climate change and make streets safer in our neighborhoods. If elected, I will make it a top priority to roll out these initiatives in early 2022 so that we can work together to fight climate change, and make our streets and public spaces safe for all ages without waiting for citywide action.",56,999dc4dd01a44c2f50f785baa84790eb0b5f1e04c0e4003964781d31f19033ef,19019f42066ec70506540f32e007ab77eeefd418187b33bcd1ee41497d249d0b,1
9d6141e76811add717a80753,843004bda54ac0c10eb85034,51a154da3097137196079f11,zuki-ellis,Zuki Ellis,race-deff03074ea69358d8e9,opponent,opponent,2022,2022-08-09,archived_campaign_platform,https://web.archive.org/web/20220126231521id_/https://zukiellis.com/vision/,https://web.archive.org/web/20220126231521id_/https://zukiellis.com/vision/,https://web.archive.org/web/20220126231521id_/https://zukiellis.com/vision/,2022-01-26,paragraph 63 -> paragraph 64,Housing We need to be honest about our history. Our communities still feel the effects of racial covenants in housing. That systematic discrimination continues to impact the financial security of BIPOC Minnesotans.,32,246cf99cd778ef4425a219d32bd728bbd75cc3c818f9ecfe7ba439f6787219fc,ea1a928b6777f870e8e03c6c64ae4d271d4c935a102c0fab2a9907a89aa2c768,1
1b301eba8eb94e2298f9d62b,4a04867b28c35176af524350,5ee7b9f3e0165b375549eedc-answers-a27f73cd75f8-d4d0287e64dc,paul-klein,Paul Klein,national-rec0ntzcTu773zMP5-dem-primary,opponent,opponent,2023,2023-05-16,candidate_questionnaire,https://www.wesanews.org/wesa-voter-guide/2023-04-18/allegheny-county-council-district-11-klein-mcdermott,,https://www.wesanews.org/wesa-voter-guide/2023-04-18/allegheny-county-council-district-11-klein-mcdermott,2023-04-18,paragraph 202 sentences 3-4,"Specifically, decisions have to be made about the county jail, the future of the Shuman Detention Center and our criminal justice system. Affordable housing, homelessness and the poverty that afflicts so many families in this county must all be addressed.",40,c74d3ebf72d93c145a87d9512838257c4285701c0c2b88615e9ae79309b8b16b,2de34cfaa05efc0575720664201e6502720507f37d62d544e8d2fb8ae1c9becd,1
18ce1b6b0bb7bd242d95f6b0,eb17eefcf82971e9af416a4c,c728dcb9ee84d9f4d228f4a6,casey-zimmerman,Casey Zimmerman,race-1b16bc7d886dcbb78057,opponent,opponent,2024,2024-05-21,campaign_website,https://www.caseyfororegon.com/issues,https://web.archive.org/web/20240411015808id_/https://www.caseyfororegon.com/issues,https://web.archive.org/web/20240411015808id_/https://www.caseyfororegon.com/issues,,paragraph 41 sentences 1-5,"I firmly reject discrimination across all aspects of life specifically including education, employment, healthcare, housing, and criminal justice. I'm dedicated to bolstering civil rights safeguards in combating discrimination and prejudice in our daily interactions. I will champion the rights of minorities and marginal communities, including women, people of color, LGBTQIA+ individuals, immigrants, and people with disabilities. I pledge to advocate for the safeguarding of these communities to guarantee equal access to resources, opportunities, and protections necessary for their well-being. Every individual deserves to be treated with dignity, respect, and equality.",91,f04200623d715b545670b41b5782b754db49a4e1037d73e9d1dd05db7e74b3fc,dea0889c02e1b9e26abc68c44c469b3702f7451b942ba3e00cee93c7cfb01bcb,1
a5afbb203d563bd28f484179,024509079c71f80b06d9aff0,4512630bc7557ac9ff896ad3,tonya-noel-stevens,Tonya Noel Stevens,race-ceb86db4c84836622c21,opponent,opponent,2025,2025-06-24,campaign_announcement_remarks,https://13wham.com/news/local/new-faces-vying-to-join-rochester-city-council,,https://13wham.com/news/local/new-faces-vying-to-join-rochester-city-council,2025-01-21,paragraph 93 -> paragraph 103,School Visit Request Radar Maps Closings Submit a Closing Ski Report Weather Talk School Pictures Mini Meteorologist Weather App Buffalo Plus,21,53a0ad80865b1eca587a8990dd5f1671df6e03320bd82adaf7fc2a4ffe57459e,ee09f8b5450a66aeffe27aef3f1c1d9f8bdd9fc274368864188ebcf6fa756ffc,1
7995e1288432eff755a55925,6aeabbd64e8266f8d905608e,a4071316fec4fcf9eb6c2b47,erik-dilan,Erik Dilan,race-7d1d86d506cf06be54a0,opponent,opponent,2026,2026-06-23,press_release,https://dilan4assembly.com/news.html,https://web.archive.org/web/20260305135635/https://dilan4assembly.com/news.html,https://dilan4assembly.com/news.html,2026-03-05,paragraph 18 -> paragraph 19,"May 7, 2025 Assemblymember Dilan speaks on funding for recruitment of Correction Officers included in the 2025-2026 State Budget – New York State Assembly",24,1d7cf3c0029994906d2d442a1b58196a20e72928d37ab0e30a102ed64c8277a0,e510c231e37392978dae54a8f4e9f857dc01c7a740deb1d4b581035af3d9fa18,1
5e6f532d869fd1ea4b04cc98,636c99e430ffe1473d7192d7,a54ec3775b6627704e56718f,mike-connolly,Mike Connolly,ma-house-26th-middlesex-dem-primary-2016,endorsed,endorsed,2016,2016-09-08,campaign_platform,http://web.archive.org/web/20160922172200/http://www.mikeconnolly.org/progressive_platform,http://web.archive.org/web/20160922172200/http://www.mikeconnolly.org/progressive_platform,http://web.archive.org/web/20160922172200/http://www.mikeconnolly.org/progressive_platform,2016-09-08,paragraph 41,"Our campaign is bringing people together to advance a progressive agenda for Cambridge and Somerville. Over the past five months, we've been knocking on doors and talking directly with voters. We've had countless conversations, and we've been taking notes. This platform is the product of those conversations; it represents the progressive values of our community.",55,0a1ccd5a108eb5713286d8706296ead034599b5dd11287a7863da5093e189593,e03ff10e05f4dc9425eef9bb165a35a879b1c51a145ed89dfbcdca79347975da,1
78f9acd2a3bd5fdcd947460f,05d0d6991590a16fda39e940,5e869eb8dd1bcf2b194d60eb,kareem-kandil,Kareem Kandil,race-e4f88f1286d62b12a1ab,endorsed,endorsed,2018,2018-05-15,archived_campaign_page,http://www.kareemforpa.com/issues,https://web.archive.org/web/20180509132550id_/http://www.kareemforpa.com/issues,https://web.archive.org/web/20180509132550id_/http://www.kareemforpa.com/issues,,paragraph 31 -> paragraph 32 sentences 1-3,"Education + The American public education system is in crisis. After several rounds of defunding and misappropriation of funds at both the state and federal level, public school conditions are going downhill in the state of Pennsylvania. While Republicans believe that the best solution is cutting school budgets and turning your tax dollars over to unaccountable private bodies, Kareem believes that we can do better for our children.",67,92f1490821ea5c86fdc8b637a443ade3577d2d4ea74dac339296b17448b1ff8e,9c77ac6384abd5ade7f067b66eef0513af034954df732d3376ef3a06e5705a2f,1
7f4282db30db77caf22fc858,dd599fdb6b8e53a538af0e71,33772c74f265cb8949565fc7,yasmine-parinaz-taeb,Yasmine Parinaz Taeb,race-5984c9799d268a401686,endorsed,endorsed,2019,2019-06-11,policy_page,https://yasmineforvirginia.com/issues/healthcare/embed,https://web.archive.org/web/20190513204442/https://yasmineforvirginia.com/issues/healthcare/embed,https://web.archive.org/web/20190513204442/https://yasmineforvirginia.com/issues/healthcare/embed/,2019-05-13,paragraph 26 -> paragraph 38,Home Meet Yasmine Issues Endorsements Endorse Yasmine News Get Involved Sign Up Volunteer Events Contact Donate My stance on healthcare is simple: every Virginian has a fundamental right to quality healthcare. Period.,32,e9b7480ee3a95e4ae4c5e0392a572cf3d6d652d35ed4d66fd46fa6c879ffba5c,ea0a177d402521bb7ae09dfcfced42e0b23ab3701e1fd02f4f02afd73fe10394,1
4176b8f2664ac4aee3f1fcd8,677d5296d8a103218ddce7ae,1a5c61a3eb314db39c065ad9,erika-uyterhoeven,Erika Uyterhoeven,race-3c627e0363e4b2564075,endorsed,endorsed,2020,2020-09-01,campaign_page,https://web.archive.org/web/20200417120740id_/https://www.electerika.com/,https://web.archive.org/web/20200417120740id_/https://www.electerika.com/,https://web.archive.org/web/20200417120740id_/https://www.electerika.com/,2020-04-17,paragraph 53 -> paragraph 54,"A Green new deal Our children deserve a livable future and a healthy planet. We must commit ourselves to 100% renewable energy by 2030. The MBTA must become fully funded, sustainable, and free. Communities most impacted by climate change must lead the transition to a green economy.",47,a7857c804d593b59d3a704a427aa602c8c9acc9a0b0309748f79efab2668f778,1457aa086ae2e3d1b1473619b46ababc40b26ca7d90bc997f34c9186ecb431cd,1
aef7951c64a9461adc6b7483,55828ff8fb03d30cffeb2f45,314e4d2d565a77cc513bc8e0,robin-wilt,Robin Wilt,race-9488fafc0bceacab9ee9,endorsed,endorsed,2021,2021-06-22,campaign_platform,http://www.wiltfortownboard.com/priorities,https://web.archive.org/web/20210518111228id_/http://www.wiltfortownboard.com/priorities/,https://web.archive.org/web/20210518111228id_/http://www.wiltfortownboard.com/priorities/,,paragraph 20 -> paragraph 29,"A CONNECTED BRIGHTON: Work with our Sustainability Oversight Committee to develop a Climate Action Plan that ensures that our community surmounts not only the energy efficiency goals set by NYS, but also the climate crisis facing our planet, all while attaining the infrastructure that guarantees the community is well-positioned to take advantage of the renewable energy that we have sourced in our Community Choice Aggregation program. © 2021 Robin Wilt for Town Board Home About A Record of Results Priorities Donate! Contact Volunteer",83,d801be4e5929ab98c67382df7a4bfe3de3d7daf2dfdff22c33cf0e6d879b7465,75f28930b7040fc7a0ec51debe925a201a8c400976c8326580051d91730b7628,1
95ba0ee02c1cfcc7f9c33f73,115bf077fed96fb9f9af494d,604d7cd57fe69ccf43cca345-answers-7acd872710d8-e94d1a582683,sheigh-freeberg,Sheigh Freeberg,race-deff03074ea69358d8e9,endorsed,endorsed,2022,2022-08-09,candidate_questionnaire,https://weststpaulreader.com/2022/07/07/state-legislature-primary-priorities/,,https://weststpaulreader.com/2022/07/07/state-legislature-primary-priorities/,2022-07-07,paragraph 78 sentence 5,I also want to work on zoning laws to make it easier for accessible dwelling units to be turned into homes.,21,de9f3a1cbba4a1aed80b58b0e20a351c1f88fca59a1480b87e29b03c049f5362,1a8310f987baa91ba03d182ab0372f9a18476d5085c3146ba3660721d1598176,1
496f01c5e132d3c4b684c174,499695553577901e6e2a6bb7,595c60d69ae4416a1e9b1cd9-answers-2cf0d9d82a48-ea5cde894b9a,deb-gross,Deb Gross,national-recihG0fIKbvStGIg-dem-primary,endorsed,endorsed,2023,2023-05-16,candidate_questionnaire,https://www.wesanews.org/wesa-voter-guide/2023-04-18/pittsburgh-city-council-district-7-botta-gross,,https://www.wesanews.org/wesa-voter-guide/2023-04-18/pittsburgh-city-council-district-7-botta-gross,2023-04-18,paragraph 234 sentences 5-6,"They just got notified that for the first time, the city is ordering they pay Pittsburgh Police officers to be on duty. Lowering these unnecessary job assignments will free up officers for work that only they can do.",38,e11b15710b1af0f02dbfd30f3055b9ff1bcdb42e8e5100735b7af6e4f2940f8b,015e9d929eb578583ca08c0c8527056a9d89685ff631ca581b8c4a2155aa83be,1
71147365aa34a33fb49fe4e4,30f1801b0d5a402930a8ba77,c328f00e222b4c47472a114c,marcela-mitaynes,Marcela Mitaynes,race-d45c9105a9d86f541f3d,endorsed,endorsed,2024,2024-06-25,official_office_page_archived,https://web.archive.org/web/20240605175409/https://nyassembly.gov/mem/Marcela-Mitaynes,https://web.archive.org/web/20240605175409/https://nyassembly.gov/mem/Marcela-Mitaynes,https://web.archive.org/web/20240605175409/https://nyassembly.gov/mem/Marcela-Mitaynes,2024-06-05,paragraph 41 sentence 3,This legislation dramatically and comprehensively strengthened the rights of tenants in rent-stabilized apartments to defend their homes and communities.,20,b9fcb287e9e7259a3bee2cfc5a0c2b702c1b88d8f303e2ace31e3d7578805f31,75f4a807d9c68f5e51aa3815530e118192036f1789c644e1e9f47094ad66e605,1
d59a5a89124f7d6b315eee55,fe66681ee3eb23d8dc73e22b,7d4b853a55e817e45f1881c3,chris-rabb,Chris Rabb,race-95a691a9cb8491b42328,endorsed,endorsed,2026,2026-05-19,policy_page,https://www.chrisrabb.com/platform,https://web.archive.org/web/20260324010814/https://www.chrisrabb.com/platform,https://www.chrisrabb.com/platform,2026-03-24,paragraph 54 -> paragraph 59,"Clean Air and Water PEACE AS A POLICY Safety for Our Communities, At Home and Abroad THE ISSUES Building an Affordable and Accessible Society for All",26,b88dc51630994b7eb58492ec5c86e21f0bf17ff17b3dd79d1d62bdbfad0c5cec,bb34371f5a0df366c2f00cb78729ce2713baf22a766db594d4230526fd977e4c,1
56fb1272df34e9f20d8df348,bfd2a7ebce0d8128e7fbaae4,c651d4e2a3ed7d5581157b1f,timothy-j-toomey-jr,"Timothy J. Toomey, Jr.",ma-house-26th-middlesex-dem-primary-2016,opponent,opponent,2016,2016-09-08,campaign_policy_page,http://web.archive.org/web/20160416122402/https://timtoomey.org/transportation/,http://web.archive.org/web/20160416122402/https://timtoomey.org/transportation/,http://web.archive.org/web/20160416122402/https://timtoomey.org/transportation/,2016-04-16,paragraph 41 -> paragraph 47,"Share this: Facebook Twitter Email Sign up for Tim's newsletter to get updates in your inbox! About Tim Tim Toomey is a Cambridge City Councillor and Massachusetts State Representative. He represents all of Cambridge on the City Council, and portions of Cambridge and Somerville in the State Legislature.",48,539ab5d614246d8d2f87cd27815e00e8b4bd5cdd03106b2acd741ff8c6c4b0df,135efc21ab2aa47cd2eab23deeacad2cff160a0643fabb9335fec67ba4fb285f,1
f8abf8101cb16dbf7ec19c8b,3ae052437103cde2736eed58,f89a8593773da85cf660d811-answers-b378fa97ab89-aceda58f3c3b,doug-s-chin,Doug S. Chin,race-a5c9cc4ff2b525bcb410,opponent,opponent,2018,2018-08-11,candidate_questionnaire,https://www.civilbeat.org/2018/07/candidate-qa-u-s-house-district-1-doug-chin/,,https://www.civilbeat.org/2018/07/candidate-qa-u-s-house-district-1-doug-chin/,2018-07-12,paragraph 124 sentence 4,Congress should seize opportunities to strengthen these critical safety net programs by taking steps like empowering the federal government to negotiate lower prescription drug prices for Medicare beneficiaries.,28,7732da3b2564387c3eb4da0af4b2a43a115521c501ba84fc265f9e56bc72f599,37b6942d1b1347ec85c627eb58b584929e443a5b113fa4c1c467313584c445d3,1
515cfeed991f77729ce39496,c2f989f419c4ed015bfd0f0d,ced3744e1cf283fa229921a5,badrun-n-khan,Badrun N. Khan,race-a15fa79529a2d8246fd8,opponent,opponent,2020,2020-06-23,archived_campaign_policy_page,https://web.archive.org/web/20200616200312id_/https://badrunkhan.com/issues,https://web.archive.org/web/20200616200312id_/https://badrunkhan.com/issues,https://web.archive.org/web/20200616200312id_/https://badrunkhan.com/issues/,2020-06-16,paragraph 57,"To reduce the debt burden on undergraduate students, Badrun calls for tax-free forgiveness on the maximum amount a student borrows.",21,1d0f448874620f039fa661842a48e3396949d9601c062a0cc23ab6d4554396b3,1b07e1222273ef60f3254dd1759ca27a0eca56e70f6f21099f0975e5f87c7165,1
1b2220de1dd70565776b6ef5,4916c3609a44183b31191611,8a0c3f51ac5695ac38c91d42,shahana-k-hanif,Shahana K. Hanif,race-60a20e415203eadd2b99,opponent,opponent,2021,2021-06-22,campaign_issue_page,https://www.shahanafrombk.com/education,https://web.archive.org/web/20210225085012/https://www.shahanafrombk.com/education,https://web.archive.org/web/20210225085012/https://www.shahanafrombk.com/education,,paragraph 39,"Continue the City Council’s investment in CUNY campus childcare. This will help child care centers serve more children, provide extended hours, and offer evening and weekend programming to students and faculty using the centers.",35,40b4aa84d8e90a3c89ef110c08393f86c581aa7852cf74c5c25ddf6191f3ee5f,1e23afdfb364037bd6e1aa87f8ddfbfe3dee1a4e81421360830c1b159098f8bf,1
d4f44d4be914227a52e1ed14,7babf06b1ac72c8318e31cea,51a154da3097137196079f11,zuki-ellis,Zuki Ellis,race-deff03074ea69358d8e9,opponent,opponent,2022,2022-08-09,archived_campaign_platform,https://web.archive.org/web/20220126231521id_/https://zukiellis.com/vision/,https://web.archive.org/web/20220126231521id_/https://zukiellis.com/vision/,https://web.archive.org/web/20220126231521id_/https://zukiellis.com/vision/,2022-01-26,paragraph 50 -> paragraph 51,"Criminal Justice Reform I lost my brother to gun violence in 1998, twelve days before Christmas. It still feels like it was yesterday. Our gun laws don’t keep us safe. We have to do better. I’ve served on the board of Protect Minnesota, and I am deeply committed to this work. Public health research, banning assault weapons, passing background check legislation, closing loopholes on sales, and preventing domestic abusers from purchasing are necessary steps to preventing future harm.",80,c5fd1e8c5977b05cb57fb50cf857c693f9e66405b8bfb99cbb06065ff8ecea16,bed11eed2d2037c3350b16ddef1a319db7a9c302deb2d23eca08a57082d90bfa,1
b29cd72450581e0e005513fc,0c10c9115c2a03aaa52cd289,9d3d26d641e058a16fd2ad4d-answers-cc050af1f954-cf2350534472,corey-o-connor,Corey O’Connor,race-e998c1da8d59c9a7b9df,opponent,opponent,2023,2023-05-16,candidate_questionnaire,https://www.wesanews.org/wesa-voter-guide/2023-04-18/allegheny-county-controller-leuba-oconnor,,https://www.wesanews.org/wesa-voter-guide/2023-04-18/allegheny-county-controller-leuba-oconnor,2023-04-18,paragraph 234,One of the major issues stymying the work of the JOB is the lack of cooperation from jail administration. JOB motions and requests for additional information are frequently ignored. Additional powers from the state giving the board more autonomy would be helpful.,42,5dbd408ff8480cb95730287a5307d876592635b3b06b9f39802e0b9a36fce382,224fc5c9f363b66cd912be1f059d80d95ceefac6e6b911dd889453521e57f475,1
4acbf5a691da6a3956b71417,08c88dda4f39735c9e0aa68a,02c54a9cfa1276ac9f1c1189,joseph-r-biden-jr,Joseph R. Biden Jr.,race-9065e448b7091dd55686,opponent,opponent,2024,2024-03-05,campaign_speech,https://lailluminator.com/2024/01/23/biden-abortion-rights,,https://lailluminator.com/2024/01/23/biden-abortion-rights/,2024-01-23,paragraph 34,"Biden spoke on the stage of the Hylton Performing Arts Center, surrounded by red-and-blue signs that read “Defend Choice” and “Restore Roe.”",24,4ed443796b9f039c93fc18962ca62426f612b786c55264f9cdb6fb497e0ba18a,7297d09adcfb375d43681d44b3d8660c43e25dca485f90d837fd86a6b5c95e4e,1
6db122be9da2f9ee14c8c58c,a6f73ea932f398be90e1b066,1f257d977f015b2213b2d9cc,andrew-m-cuomo,Andrew M. Cuomo,race-d0d830cb7a9e40e91152,opponent,opponent,2025,2025-06-24,policy_page,https://www.andrewcuomo.com/issues,https://web.archive.org/web/20240227070345/https://www.andrewcuomo.com/issues,https://www.andrewcuomo.com/issues,2024-02-27,paragraph 60,"Reduce chronic street homelessness. Focus on outreach to the roughly 2,000 chronically homeless people who need intensive mental health and addiction services to bring them in from the streets and subways.",32,dd89dc14d559672de55586e228771265f43a0527956962ffa9f3e47cac34fa01,32bad0a50db652af7191f53941df75f5dd49d226d7d84d398bb3c27089b4c673,1
c5bc8ee1797e11711e40e7d4,8236f9384ccd2fc7b939dea1,40a9c52b94dde58b9ec99c68,leslye-dwight,Leslye Dwight,race-a4cb4c786c15bc1f06d5,opponent,opponent,2026,2026-06-23,policy_page,https://www.leslyedwight.com/priorities,,https://www.leslyedwight.com/priorities,2026-04-25,paragraph 41 -> paragraph 42,Support caregivers and seniors through expanded local services and advocacy for long-term care resources “Representation is a contact sport —I won’t stop until I deliver results that matter.”,30,dcb1baeb79a51213e9bbc7a0ad325e42d192e0796ac99401d8c50de050c44f23,b656e4e991f49034c43ff0ff11b4ea60486ca1c812ee8faa509738b0ccd7a9a7,1
33e0a1e4fd659d03134ccf51,1f60e6e2d5a36f5b31cde6c2,0c92ef00c0b881af7155544d,mike-connolly,Mike Connolly,ma-house-26th-middlesex-dem-primary-2016,endorsed,endorsed,2016,2016-09-08,campaign_statement,http://web.archive.org/web/20160830204857/http://www.mikeconnolly.org:80/endorsed_by_sierra_club_massachusetts,http://web.archive.org/web/20160830204857/http://www.mikeconnolly.org:80/endorsed_by_sierra_club_massachusetts,http://web.archive.org/web/20160830204857/http://www.mikeconnolly.org:80/endorsed_by_sierra_club_massachusetts,2016-08-30,paragraph 40 -> paragraph 45,endorsement homepage Do you like this post? Tweet Contribute Volunteer Join the Mailing List Connect You can join us using,20,9a93cf18503d60fb54865bd55314dad7a6f4ca732a98f8fc5fbd3ba859b806d5,9fed3fdc492807f31297c035474bc4c5a759272d9efc7c262ea74e70f622241f,1
23ee70cc33577f040cefefe8,1291ea4e09caefededb05884,96f62451c9bb92dc80dc1b60,ali-khorasani,Ali Khorasani,race-0737ecc067d5cc0799e8,endorsed,endorsed,2018,2018-03-06,archived_campaign_platform,https://web.archive.org/web/20180209101917id_/https://www.tx2.rocks/,https://web.archive.org/web/20180209101917id_/https://www.tx2.rocks/,https://web.archive.org/web/20180209101917id_/https://www.tx2.rocks/,2018-02-09,paragraph 61 -> paragraph 70,This slideshow requires JavaScript. Share this: Share Tweet Share on Tumblr Search for: Meta Log in Entries RSS Comments RSS,20,4a761729d656b58c263eb138739308a73819056489b4e1d79b0821b908194ae9,abc6bd4e70c88913e3f5e8522eb66bd9973c8d0feb93a5f615082e25f40d04b9,1
6113b5fe5e401ab6f12c6c5c,4373c5772164cdc46b7a836f,ef0cafb429dc04e51d9f61f3,yasmine-parinaz-taeb,Yasmine Parinaz Taeb,race-5984c9799d268a401686,endorsed,endorsed,2019,2019-06-11,policy_page,https://yasmineforvirginia.com/issues/education/embed,https://web.archive.org/web/20190513204440/https://yasmineforvirginia.com/issues/education/embed,https://web.archive.org/web/20190513204440/https://yasmineforvirginia.com/issues/education/embed/,2019-05-13,paragraph 26 -> paragraph 38,"Home Meet Yasmine Issues Endorsements Endorse Yasmine News Get Involved Sign Up Volunteer Events Contact Donate As a proud product of public schools, I know that every child deserves a world-class education. A strong public education system isn’t just the backbone of our local economy—it creates the basis for a civic community where people look out for one another.",62,e478e8f5b26a39b58035c3f663b6f6b101ccdc27d4db3e71aeb6f13681b4e096,76b7b8e5191618ba15d5b745abe411f17b655b264f3e31837c5c7c91b9eaf6a7,1
de12b9612ae611304bc79753,d49ba4f44e7f06cc24e1786f,1a5c61a3eb314db39c065ad9,erika-uyterhoeven,Erika Uyterhoeven,race-3c627e0363e4b2564075,endorsed,endorsed,2020,2020-09-01,campaign_page,https://web.archive.org/web/20200417120740id_/https://www.electerika.com/,https://web.archive.org/web/20200417120740id_/https://www.electerika.com/,https://web.archive.org/web/20200417120740id_/https://www.electerika.com/,2020-04-17,paragraph 1 -> paragraph 3,Meet Erika Issues Events Press Videos Volunteer COVID-19 Contact Donate Meet Erika Issues Events Press Videos Volunteer COVID-19 Contact,21,e66c1cc35529817f78f281106767bd509f797628b78cdc03932e152e3babb827,7e5573a4ef854a3b62217ac18113329060d83ca62f437d1b6064c2d7e2009ecc,1
ab23eb18880579f46831c3e0,5a226f892b497aa56f25a5fd,c599f947e5bd43fda9deafd5,robin-wilt,Robin Wilt,race-9488fafc0bceacab9ee9,endorsed,endorsed,2021,2021-06-22,campaign_page,http://www.wiltfortownboard.com/,https://web.archive.org/web/20210508223457id_/http://www.wiltfortownboard.com/,https://web.archive.org/web/20210508223457id_/http://www.wiltfortownboard.com/,,paragraph 17 -> paragraph 28,"The need for compassionate, thoughtful, and constituent-oriented service to the community has never been greater. Donate Thank you for your support Donate © 2021 Robin Wilt for Town Board Home About A Record of Results Priorities Donate! Contact Volunteer",39,dd8ddaaa74a36f8abb21cc86094ce2c8e5c045346e87fbaa86c72eb0ef08933a,9b5b0aa832c23178f5dc295e5efd5d3dfb5db7a04dd290c092c9e57709c12f24,1
fb9b0f24c4b73b1c285cbc31,3ccbd56c7a43c2a04b08c53b,84d881f7376c80638203e4be,junaid-ahmed,Junaid Ahmed,race-9c5f47278f523126e61b,endorsed,endorsed,2022,2022-06-28,official_campaign_page | official_campaign_platform,https://www.junaidforcongress.com/issues,https://web.archive.org/web/20220112171848id_/https://www.junaidforcongress.com/issues/,https://tkrcd2025.org/,2022-01-12,paragraph 79 -> paragraph 82,"Welcome Guest! Log In Sign Up Create an account to save your favorite designs for viewing anytime, on any device.",20,bb0e60f293072bee3c1fd9520ac513eff24f93c16aa231796e8fa7b6766c25a9,6721bbab1fc1754d182fb01624fde1ead52b99f6965defbd6ed45fcbb690c1bd,1
486280ecc6efd4d7159913d1,e761a3d0923ada7f24cbf87e,f1bd326629f3dfb404231a9f-answers-a27f73cd75f8-2405e6e26564,dennis-mcdermott,Dennis McDermott,national-rec0ntzcTu773zMP5-dem-primary,endorsed,endorsed,2023,2023-05-16,candidate_questionnaire,https://www.wesanews.org/wesa-voter-guide/2023-04-18/allegheny-county-council-district-11-klein-mcdermott,,https://www.wesanews.org/wesa-voter-guide/2023-04-18/allegheny-county-council-district-11-klein-mcdermott,2023-04-18,paragraph 235 sentences 4-5,"Allegheny County operates on a budget of over a billion dollars, and answers to a population of more than a million residents. More staff and resources are needed for County Council to facilitate transparency and advance constituent priorities.",38,a2ac16a5745e08dd4e1af164b7e13bbdfddacd8cdfcdaf92367f63fa5389b0de,77b0e884ac9310d12765da8336855f14bd4771c19cf3bc669750d89dcbfeb791,1
274f42ad277f6bed312087ce,61aaab7be3532da4e23f26e4,535aa197a867225dab3dc5a0,farrah-chaichi,Farrah Chaichi,race-1b16bc7d886dcbb78057,endorsed,endorsed,2024,2024-05-21,campaign_website | official_campaign_platform,https://web.archive.org/web/20240518092853id_/https://www.chaichifororegon.com/the-issues,https://web.archive.org/web/20240518092853id_/https://www.chaichifororegon.com/the-issues,https://web.archive.org/web/20240518092853id_/https://www.chaichifororegon.com/the-issues,2024-05-18,paragraph 15 -> paragraph 16 sentences 1-3,"Housing is a human right Housing is an essential need of every human being, yet many of us are severely burdened by the cost of housing. Worse still, families and neighbors who can't afford housing are criminalized simply for trying to survive. Whether you're sleeping in a tent, a vehicle, on a couch, or in your own house, housing is a human right, and I will fight to make sure that it is treated like one.",76,82b2deb3635b92f432bad495011f4f1a50304824dbc1e0bbf33acfcfafd80389,4cca3ae7a965c35ecc774eb8cab3e052f8b65d19ddb60572e49febc846707e4a,1
7319e4e330ae2dab59c167e3,9daf6da2dada5487a82282b5,candidate-doc-kiros-cpr-policy-2026,melat-kiros,Melat Kiros,race-92d9ab18d64e4a42b737,endorsed,endorsed,2026,2026-06-30,candidate_interview,https://www.cpr.org/2026/05/18/cd-1-race-melat-kiros-democrat-interview/,,https://www.cpr.org/2026/05/18/cd-1-race-melat-kiros-democrat-interview/,2026-05-18,paragraph 122 sentences 5-8,"They go into a different court system. And so in this specific court system where only Palestinians are tried with a conviction rate of, I believe about 94%. Children are tried in this court. Now the death penalty is up on the table again.",44,0b817e93af80b42b64f7208d002a44723762d12b3ac0d5cf334decdf81ee5b7a,41f38f528eb7839a0a00d15b78968ccd498f2fb03fd60309b3f8f1c05cdb97b4,1
eec38d835a1cecaaec8de8f6,21c8d9fe76ef368f855490ab,841ec638f585ce3ef730c046-answers-f73ef4a495b9-f89ef34b4a43,timothy-j-toomey-jr,"Timothy J. Toomey, Jr.",race-0f0734c608b02353f3cf,opponent,opponent,2016,2016-09-08,candidate_questionnaire,https://www.thesomervilletimes.com/archives/70059,,https://www.thesomervilletimes.com/archives/70059,2016-09-01,paragraph 55 sentence 4,I continue to support local grassroots organizations like Somerville Overcoming Addiction in their efforts to reduce stigma and raise awareness.,20,c7ef09edec615e77c5b57afa5366734ddb6e19d6ebde69be88accd085476b9ab,644711213a268b066ec4474e8c122c70a8611a3dedacd25e10e3b4871af60f7f,1
63ed9f36d5e7e082d52db3fa,89cdb066121334e262231ef4,7d2bcf0956cd6a7071e55520-answers-028b9c467aca-28f409f94d1a,donna-mercado-kim,Donna Mercado Kim,race-a5c9cc4ff2b525bcb410,opponent,opponent,2018,2018-08-11,candidate_questionnaire,https://www.civilbeat.org/2018/06/candidate-qa-u-s-house-district-1-donna-mercado-kim-3/,,https://www.civilbeat.org/2018/06/candidate-qa-u-s-house-district-1-donna-mercado-kim-3/,2018-06-18,paragraph 121,"The original assumptions about Social Security were made decades ago and we need to revisit those assumptions, but again not affect those who are close to retirement or have retired.",30,7d381adb0b5c6ec2ad5fd84856af2d11521c42bfe7136e348054516a3c7f043e,75827c6c38d3c418b0f3eb4ff3179555f6e5e3e0d773057dafb64f04e541b245,1
64256e9fa101752c4cec7e33,178095e7c80ab500dd4fbfbe,0fb9e1138cb68cf855a33171,tulsi-gabbard,Tulsi Gabbard,race-aed8879df9fbc709db76,opponent,opponent,2020,2020-03-03,policy_page,https://www.tulsi2020.com/issues/caring-our-veterans,,https://www.tulsi2020.com/issues/caring-our-veterans,2020-02-24,paragraph 84,"H.R. 3474 - Hire More Heroes Act, which exempts veterans who already receive health insurance through the Department of Veterans Affairs (VA), or reservists covered under TRICARE, from being counted towards the number of employees (50) required by the employer mandate under the Affordable Care Act",46,46274f4b9ff090b2085a4b0e6a7fa32a3d4671c1efa9632fbd8f330f166fdb53,871b94314dcec436e7562284263659045760a181cd13a30feac10963b5367b00,1
578a2bc1a142755dd1e14f65,d15c03f1a5aef195d16f6ef6,8a0c3f51ac5695ac38c91d42,shahana-k-hanif,Shahana K. Hanif,race-60a20e415203eadd2b99,opponent,opponent,2021,2021-06-22,campaign_issue_page,https://www.shahanafrombk.com/education,https://web.archive.org/web/20210225085012/https://www.shahanafrombk.com/education,https://web.archive.org/web/20210225085012/https://www.shahanafrombk.com/education,,paragraph 50 -> paragraph 52,"+ Supporting CUNY Students As City Council Member, Shahana will... Invest and expand CUNY food voucher program. Currently, this program only provides students $400 toward food for the entire semester, and is limited to certain campuses. More broadly, we should simplify and expand emergency aid to students.",46,e4ef4d0185df27d318ac1498a739a51183dd7ad2fd58fd9dc9ac18c0ca49ba64,1b264494d9b2f63a62df80fa96aee29ea07b6e05ba148e0df38cf32ce0293651,1
7159cbc65b3564bc77f198c7,f4f3aa272f7fc406ff43fe3b,1e125860ec45a955e492a29a,elizabeth-s-crowley,Elizabeth S. Crowley,race-29704c58690113fb2a50,opponent,opponent,2022,2022-08-23,policy_page,https://elizabethcrowley.com/issues/environment,https://web.archive.org/web/20210515174550/https://elizabethcrowley.com/issues/environment,https://web.archive.org/web/20210515174550/https://elizabethcrowley.com/issues/environment/,2021-05-15,paragraph 55 sentence 1,"We know that Queens does not get its fair share on too many essential services throughout New York City, and half of the allocated Superstorm Sandy funds still have not been delivered to our borough; Elizabeth will work tirelessly to secure the capital that we deserve.",46,7ccdeb5cda36984688aa54a92dfea79a0261273e460c95fba6e4f7aca8f7b1b4,11b7abc5f2c98df66aea45b1c37d0b468a17a37bf38e0cb7961517010c1a0443,1
7bfdb463ee89612d92c9723b,adc9fd11cd712ae6db9111b3,5ee7b9f3e0165b375549eedc-answers-a27f73cd75f8-d4d0287e64dc,paul-klein,Paul Klein,national-rec0ntzcTu773zMP5-dem-primary,opponent,opponent,2023,2023-05-16,candidate_questionnaire,https://www.wesanews.org/wesa-voter-guide/2023-04-18/allegheny-county-council-district-11-klein-mcdermott,,https://www.wesanews.org/wesa-voter-guide/2023-04-18/allegheny-county-council-district-11-klein-mcdermott,2023-04-18,paragraph 210 sentences 1-6,"When the current form of government was created, it was clearly the vision of the creators that a strong executive model was in order. We are a “part-time” council. The issues that we face, however, and are expected to address are significant and complex and are deserving of a more deliberative focus. Our institutional responsibilities are real, and central to that is our oversight role. We are increasingly owning up to that responsibility. However, our resources are limited.",79,dd01e1d6eb49a4e81229b257df2a9eb27c71d9872992e545ecb3b8e007989871,45c5f9946524b6fa700e927be7f0aa53ae7eca3af02c1b3c263d62394037cce7,1
274161c444c8e4ec1fda0339,4d37f77ff32e7a3c928bf9d1,39e0b1b04079cf65d32e8c11,dean-phillips,Dean Phillips,race-9065e448b7091dd55686,opponent,opponent,2024,2024-03-05,archived_campaign_platform,https://web.archive.org/web/20231122100438/https://www.dean24.com/platform,https://web.archive.org/web/20231122100438/https://www.dean24.com/platform,https://web.archive.org/web/20231122100438/https://www.dean24.com/platform,2023-11-22,paragraph 93 -> paragraph 94,"Women clearly deserve—but still do not have—equal rights in this country.” ""I remember my mother wearing a green ‘ERA Now’ pin almost 50 years ago, and it is outrageous that we still have not ratified it. I will continue to be a fierce advocate for the ratification of the Equal Rights Amendment and the advancement of women’s health, economic security, and reproductive freedom in Congress.”",68,a90a0327ef4214b2e4318f9d777225851b404dfca36e36f8b0b16282db03ee7f,4a011a3576541e314d77b0c5466881a3b94b004e8dbb93f389e3b870b5a11ce4,1
2c6ab09d63164bc8223c8fa1,ed994df87f5c654a98ec73eb,4512630bc7557ac9ff896ad3,tonya-noel-stevens,Tonya Noel Stevens,race-ceb86db4c84836622c21,opponent,opponent,2025,2025-06-24,campaign_announcement_remarks,https://13wham.com/news/local/new-faces-vying-to-join-rochester-city-council,,https://13wham.com/news/local/new-faces-vying-to-join-rochester-city-council,2025-01-21,paragraph 15 -> paragraph 35,Weather Current Weather Rochester Partly Cloudy 71 F 72 / 53 Today 72 / 53 Friday 78 / 56 Saturday 82 / 61 Latest Weathercast,21,ba37b4728df88cdd74e9cb010d8bf628d614822d8a9bf7c789a88b68aecd8c12,bfdacdddf5ff5fce71095ea94e880973349fe6021d4145a47038988527ae5ab2,1
75df3879ac4bad89cc47d415,72355cd3be91f1cca9f1c30e,26187350d55df71da708b2fb,erik-dilan,Erik Dilan,race-7d1d86d506cf06be54a0,opponent,opponent,2026,2026-06-23,policy_page,https://dilan4assembly.com/issues.html,https://web.archive.org/web/20260305144107/https://dilan4assembly.com/issues.html,https://dilan4assembly.com/issues.html,2026-03-05,paragraph 15 sentences 3-5,"Whether it’s defending safety-net and public hospitals, supporting nurses and frontline workers by fixing dangerous staffing shortages, or closing insurance coverage gaps for young people, immigrants and freelancers, Erik is leading the charge. He’s proud to have supported the state’s billion-dollar investment in expanding mental health care throughout the state. And he’ll continue working to expand access to health care, especially here in North Brooklyn.",71,ada57859e363cfb61ded6d96518b5fa60f2632371136532bf17bf20cad9a7d9d,0af6a02ecdc5a43ed3a507b26dd698941b63f9c3955db227241fd9b03dcc7664,1
e52feb770087898a348260c2,3b3e53e7b20d1f7f267daa3e,0c92ef00c0b881af7155544d,mike-connolly,Mike Connolly,ma-house-26th-middlesex-dem-primary-2016,endorsed,endorsed,2016,2016-09-08,campaign_statement,http://web.archive.org/web/20160830204857/http://www.mikeconnolly.org:80/endorsed_by_sierra_club_massachusetts,http://web.archive.org/web/20160830204857/http://www.mikeconnolly.org:80/endorsed_by_sierra_club_massachusetts,http://web.archive.org/web/20160830204857/http://www.mikeconnolly.org:80/endorsed_by_sierra_club_massachusetts,2016-08-30,paragraph 46 -> paragraph 59,"Pulse #khan just joined. MikeConnollyMA Follow @MikeConnollyMA on Twitter Subscribe with RSS Mike Connolly Our Progressive Platform 26th Middlesex District Events Blog Endorsements Contribute Sign in with Facebook , Twitter or email . Created with NationBuilder – Theme by Tectonica",37,7f05c8ad55f90a3c5af37e50684b70b055d247b8e4175025fdf7cae4b62983aa,e2526f73acdc1d1f7706da35ca58dcef04d18030d26ba2da1ce21998ada15ef4,1
0081ea4c960f07f48303792a,e2b18c49a3ff736008d3eed8,fd2c23e5b17f3ae7010655ef,summer-lee,Summer Lee,race-6d7952e39ee3bae35dff,endorsed,endorsed,2018,2018-05-15,policy_page,http://www.summerforpa.com:80/issues,https://web.archive.org/web/20180128233625/http://www.summerforpa.com:80/issues,https://summerforpa.com/issues/,2018-01-28,paragraph 85,Co-sponsored the Senior Hunger Prevention Act to update SNAP and the Senior Commodity Supplemental Food Program to ensure less seniors have to go into poverty or go hungry.,29,7d71c238c51c1956068bbc2ccbbc4e55a72a54caa5aace4ab43b958992a8b885,340f6a6dc07e176435650c98eca1414c7a1daa1f26b01de15e85abebdbdcfaa1,1
7e5177b1dc95b78ab1aa3340,82a8eda6be52ab7a1bdec308,dc859467250d8ea5ce53430b,yasmine-parinaz-taeb,Yasmine Parinaz Taeb,race-5984c9799d268a401686,endorsed,endorsed,2019,2019-06-11,press_release,https://yasmineforvirginia.com/category/news/uncategorized,https://web.archive.org/web/20190513204727/https://yasmineforvirginia.com/category/news/uncategorized,https://yasmineforvirginia.com/category/news/uncategorized/,2019-05-13,paragraph 60 -> paragraph 64,Migliori Casino Online Nuovi Casino Non Aams Casino Non Aams I Migliori Siti Poker Online Lista Casino Online Non AAMS,20,09f0920f42b72af38e0f80274f49b2b044cd66703fb7f12e68a8ae73aac4dde5,da8be3f1e908a29bf98b1a05ac2bfe08593616585c88b1b31458c6f91c5f1ccf,1
a9d54c523255d1e32b12c72e,d3f98ecc8317444fdf18d71c,bf37d63d9b780cbd7be6d811,julia-salazar,Julia Salazar,race-bc91cd01622a56afcdbd,endorsed,endorsed,2020,2020-06-23,campaign_issue_page,https://salazarforsenate.com/issues/healthcare,https://web.archive.org/web/20200414170000/https://salazarforsenate.com/issues/healthcare,https://web.archive.org/web/20200414163037/https://salazarforsenate.com/issues/healthcare,,paragraph 45,"Funding for long-term care so our seniors can stay healthy and be cared for in their homes and communities, and so that those who care for them can earn a living wage.",33,d0f4f81094a9452186ca9edc0b8fc0bf1837ea9eb64364293f8f8d563ef0e91c,9ee5a0729047b5d36aaa8b110eac522ab8d403a2da814f06d210dba03824d565,1
e2e5ea456f3fa2d450cad551,c6c8d11b2a03422385531ad5,314e4d2d565a77cc513bc8e0,robin-wilt,Robin Wilt,race-9488fafc0bceacab9ee9,endorsed,endorsed,2021,2021-06-22,campaign_platform,http://www.wiltfortownboard.com/priorities,https://web.archive.org/web/20210518111228id_/http://www.wiltfortownboard.com/priorities/,https://web.archive.org/web/20210518111228id_/http://www.wiltfortownboard.com/priorities/,,paragraph 10 -> paragraph 13,"Re-Elect Robin Wilt for Town Board Priorities A WELCOMING BRIGHTON: Implement more inclusionary zoning in Brighton, and work with the Inclusion, Diversity and Equity Advisory Board that I helped found to develop policies that will make Brighton a more accessible, affordable and connected community, that we can all continue to love.",52,671a83f8a2f306c1a93c7398c2c3d57cd6517e3aefc2df7f3cd09d94618d8bcc,2e44ba6e1d6c125e0fc95b0423f03196fb26a2cf9674f64987d5306963f725d3,1
1afe526d0122fb2f737bc22b,bf67349f89e4c8eae9222ab6,6fa1d5fb0617d9521e2a9c76,erika-uyterhoeven,Erika Uyterhoeven,race-efcab956da48210a967a,endorsed,endorsed,2022,2022-09-06,campaign_website,https://www.electerika.com/issues/labor,https://web.archive.org/web/20211020054305/https://www.electerika.com/issues/labor,https://web.archive.org/web/20211020054305/https://www.electerika.com/issues/labor,,paragraph 32 sentences 1-3,"Now tragically, that is not the reality for many working families. Since the 80’s corporations have been carving out the American worker, busting unions, and gaslighting our politicians and the American people into believing that insatiable economic growth is more important than people living with dignity. Our wages have remained stagnant while executives and investors line their pockets with excessive profits by co-opting our basic human rights like housing, healthcare, education, and a liveable climate.",77,25e49ba80c14a3cf5536068ef8817120c5f538d0b552f920634d980ab84f21d8,6ed1328652ec9b959f2133010a77fd736cfdd1601a0f139fba988a4a5008c41b,1
24c52d20b820c9011c3bec20,abcf06a82eff375c42d22cec,f1bd326629f3dfb404231a9f-answers-a27f73cd75f8-2405e6e26564,dennis-mcdermott,Dennis McDermott,national-rec0ntzcTu773zMP5-dem-primary,endorsed,endorsed,2023,2023-05-16,candidate_questionnaire,https://www.wesanews.org/wesa-voter-guide/2023-04-18/allegheny-county-council-district-11-klein-mcdermott,,https://www.wesanews.org/wesa-voter-guide/2023-04-18/allegheny-county-council-district-11-klein-mcdermott,2023-04-18,paragraph 228,It is of the utmost importance that Allegheny County takes strong action to address the climate crisis. We cannot continue to prioritize the interests of industrial polluters and corporations at the expense of the poorest among us. To this end:,40,5493fa0051abbdbd0c4c64dd7f5560b97f7d46078a76529ee98a3cdac9b8eceb,1c7fbe5fbef46f529eff82c15d8146bb3ea93d8fc9160318e25a064d3d248e31,1
c637c82715a40c99475be782,2e14b28fd83c209ddefaa69d,c328f00e222b4c47472a114c,marcela-mitaynes,Marcela Mitaynes,race-d45c9105a9d86f541f3d,endorsed,endorsed,2024,2024-06-25,official_office_page_archived,https://web.archive.org/web/20240605175409/https://nyassembly.gov/mem/Marcela-Mitaynes,https://web.archive.org/web/20240605175409/https://nyassembly.gov/mem/Marcela-Mitaynes,https://web.archive.org/web/20240605175409/https://nyassembly.gov/mem/Marcela-Mitaynes,2024-06-05,paragraph 49 -> paragraph 51,"Dahyana Mesa Escanio - DEPUTY DISTRICT DIRECTOR mesaescaniod@nyassembly.gov Dahyana, our Deputy District Director, supports the Assemblymember’s Office, Constituent Services and Community operations. She understands various struggles immigrant families face, being that she grew up in one herself, and is willing to work towards ending the recurrent barriers that persist in our diverse communities. As a Biology major, she is passionate about proper healthcare services and ensuring equitable health access. She hopes to enter the medical profession.",78,eeadb952723f0d5b6946233dc3d4995fa123a16855d5bc130a7cc8511f0a780c,fb2bbc7fce3fea00a838eb4b08d0e536b305bbf12d3709d0ce1bfa393e10ca58,1
0d3dde3e0ec3ad6e3ff4a601,db09b09e32de875eb0391e8a,7d4b853a55e817e45f1881c3,chris-rabb,Chris Rabb,race-95a691a9cb8491b42328,endorsed,endorsed,2026,2026-05-19,policy_page,https://www.chrisrabb.com/platform,https://web.archive.org/web/20260324010814/https://www.chrisrabb.com/platform,https://www.chrisrabb.com/platform,2026-03-24,paragraph 124 -> paragraph 128,Green Union Jobs A Civil Climate Corps Modernized Energy Grids A Decarbonized Society Green Spaces and Clean Air and Water,20,80a316114a501587d018e4076ec88b83aaca0ff961decfc53f9ba317dde383ae,f336080088852590eda6c7469c4892db955f04a9bd8755ef82873a8002ac2d85,1
2229fcc4d643958db869b043,6eddf23b37981ea159018274,841ec638f585ce3ef730c046-answers-f73ef4a495b9-f89ef34b4a43,timothy-j-toomey-jr,"Timothy J. Toomey, Jr.",race-0f0734c608b02353f3cf,opponent,opponent,2016,2016-09-08,candidate_questionnaire,https://www.thesomervilletimes.com/archives/70059,,https://www.thesomervilletimes.com/archives/70059,2016-09-01,paragraph 57 sentence 3,I will also continue to support the important work of MyRWA in their efforts to revitalize and protect the Mystic.,20,524eff8c71f188ce0ec7a5527ed6b65cffc9316d4736fedf469b8c31a8852bba,7eaed2795cc7d888e6f28d46c5434f12c9b6fb4fe4f74eb55bad83227832c7e3,1
a581ce4151855fcfb46ad359,bfdc213bfcc580a649249c47 | ff2ba8d29d9c99ead0c6f1fc,3e56224c19e7b0832f4bfe65,todd-litton,Todd Litton,race-0737ecc067d5cc0799e8,opponent,opponent,2018,2018-03-06,archived_campaign_page,https://web.archive.org/web/20180118144058id_/https://toddlitton.com/,https://web.archive.org/web/20180118144058id_/https://toddlitton.com/,https://web.archive.org/web/20180118144058id_/https://toddlitton.com/,2018-01-18,paragraph 16 | paragraph 19 sentences 1-2,"Todd is a Democrat running to serve Texas's Second Congressional District (TX-02). It’s his conviction that everyone in our district deserves to have their representative hear their concerns, understand their dreams and goals for themselves and their families, and then work effectively to make those dreams and goals a reality.",52,378a3438e2f577b060d5142318b9aaf16bf3f23c3f3054769c64ae0c2e2aa68d,2234b9417037d5d13f30b7d4e5428b8e649e9949e7723ff70713eca6b194df00,2
82a830e8a955bc34e2d1976d,b45e7f05c008561fbc0c99b9,16514502a00fa3beca2c60c1,ben-gleib-gleiberman,Ben Gleib Gleiberman,us-president-dem-primary-2020-nh,opponent,opponent,2020,2020-02-11,archived_campaign_platform,https://web.archive.org/web/20190921214849id_/https://www.gleib2020.com/issues,https://web.archive.org/web/20190921214849id_/https://www.gleib2020.com/issues,https://web.archive.org/web/20190921214849id_/https://www.gleib2020.com/issues,2019-09-21,paragraph 46 sentences 5-6,"So this puppy is tested, already successful, and gives the power directly back into your hands. Doesn't that sound nice?",20,23f4d2a6b556db0f43f0304ebe11d7fcd8e8a0eb523d94e69af467890ff23ddf,d9803579e7c7abbf8cc22fb4578acc4302816fc14ac8f1be22d62bf7b575dfd4,1
696de9b4a7a773a7cdb53d33,394fed936b326fdaacc2307a,3aec2d089127fa71f22691bb,shahana-k-hanif,Shahana K. Hanif,race-60a20e415203eadd2b99,opponent,opponent,2021,2021-06-22,campaign_issue_page,https://web.archive.org/web/20210530235121/https://www.shahanafrombk.com/safety,https://web.archive.org/web/20210530235121/https://www.shahanafrombk.com/safety,https://web.archive.org/web/20210530235121/https://www.shahanafrombk.com/safety,,paragraph 37,"Divest from NYPD’s surveillance technology, following the lead of cities such as Boston and Santa Cruz by banning the use of facial recognition software and predictive policing technologies that are rooted in racism and other algorithmic biases.",38,1adbab42952f1049efd2b9f85804577df150b68ec3a70517560c2161e6454c42,53ceb477d2e0606e6b57d220c1ad011c1e5525fc8dec70c95da22c330cc62d7b,1
17f3445ef89249d57913b4ac,d5bbab78d2ec29b62ae725cc,d030b1d8c8f9395b1fc6fad2-answers-7acd872710d8-3f6145912ec6,sandy-pappas,Sandy Pappas,race-deff03074ea69358d8e9,opponent,opponent,2022,2022-08-09,candidate_questionnaire,https://weststpaulreader.com/2022/07/07/state-legislature-primary-priorities/,,https://weststpaulreader.com/2022/07/07/state-legislature-primary-priorities/,2022-07-07,paragraph 84,"Passing a robust Capitol Investment bill (bonding) that supports the essential infrastructure needs of our state and our communities: clean water, transit, roads, parks, affordable housing.",26,4869442d4fe91c7ce02ab5c676662cb8ecc31b972114d9da258605641777cf68,d86c92c1b4e490560ca2465a248bdecd63221bdecdfec6e85c849888d315cd60,1
15dff295a9f61ba9164456a1,9563c28e61448e8fc35af7c6,5ee7b9f3e0165b375549eedc-answers-a27f73cd75f8-d4d0287e64dc,paul-klein,Paul Klein,national-rec0ntzcTu773zMP5-dem-primary,opponent,opponent,2023,2023-05-16,candidate_questionnaire,https://www.wesanews.org/wesa-voter-guide/2023-04-18/allegheny-county-council-district-11-klein-mcdermott,,https://www.wesanews.org/wesa-voter-guide/2023-04-18/allegheny-county-council-district-11-klein-mcdermott,2023-04-18,paragraph 206 sentences 6-7,"But really, our real call here is to imagine a different future. Our transition to a cleaner, greener future has to be a priority.",24,213bb52596208c4b69cc786c79a9421f8fba84adb0d8474e6ed94e2e5931b98f,d4b2f01860e11a6ec8ea5521ff32206a8aad243036ed5a84a9aa6b7885410dc6,1
8e1b72ff0940a540cbbcaa5a,734baa663ba8927fa475e448,02c54a9cfa1276ac9f1c1189,joseph-r-biden-jr,Joseph R. Biden Jr.,race-9065e448b7091dd55686,opponent,opponent,2024,2024-03-05,campaign_speech,https://lailluminator.com/2024/01/23/biden-abortion-rights,,https://lailluminator.com/2024/01/23/biden-abortion-rights/,2024-01-23,paragraph 1 -> paragraph 13,Skip to main content HOME NEWS Govt + Politics Environment Health Criminal Justice Education Commentary ABOUT SUBSCRIBE DONATE Part of States Newsroom,21,9c7921c2b5b4efede597fbf05f6967c29180622a341b0216cff215355860fd3d,840825aa59d38b1d55153930e333e2ea6fa1fd917aeb942d805fa244a40d1d32,1
c7ae2c42f5d4f3f85bf57566,248ca75853bd6d9b5a3ea459,1f257d977f015b2213b2d9cc,andrew-m-cuomo,Andrew M. Cuomo,race-d0d830cb7a9e40e91152,opponent,opponent,2025,2025-06-24,policy_page,https://www.andrewcuomo.com/issues,https://web.archive.org/web/20240227070345/https://www.andrewcuomo.com/issues,https://www.andrewcuomo.com/issues,2024-02-27,paragraph 55 -> paragraph 56,"Andrew Cuomo’s plan to address mental health and homelessness will: Expand access to mental health and substance use disorder services , particularly for the homeless, with a focus on community-based services.",32,3783f11df19330ca80701317fedd03746b297e076d8fc9fcb612fa0877fc3514,a0ed3db2d5823de5155b711a4f524ecbcfcce579301e8d76f7896edad03565d1,1
f5c46e643f827ccf5bf9aa69,74d939f5283f679d749bdc21,40a9c52b94dde58b9ec99c68,leslye-dwight,Leslye Dwight,race-a4cb4c786c15bc1f06d5,opponent,opponent,2026,2026-06-23,policy_page,https://www.leslyedwight.com/priorities,,https://www.leslyedwight.com/priorities,2026-04-25,paragraph 16 -> paragraph 24,Open Menu Close Menu Home About Events Subscribe Contact Donate Change That Matters for District 9 Invest in the equitable distribution of public safety resources across District 9 to improve visibility and enforcement,33,82e7cba2ceadee8a78fe17713a2917e1a1fd009bd47347ec55f60440d6319c97,90c41155f610747fa21019c038edfab6f88c806259fa5b70f91da950eab395f0,1
b9ac0cd913da6480ff54de62,4ed0b9f766ab6813e129a6c7,a54ec3775b6627704e56718f,mike-connolly,Mike Connolly,ma-house-26th-middlesex-dem-primary-2016,endorsed,endorsed,2016,2016-09-08,campaign_platform,http://web.archive.org/web/20160922172200/http://www.mikeconnolly.org/progressive_platform,http://web.archive.org/web/20160922172200/http://www.mikeconnolly.org/progressive_platform,http://web.archive.org/web/20160922172200/http://www.mikeconnolly.org/progressive_platform,2016-09-08,paragraph 61 -> paragraph 64,Accelerate the Renewable Portfolio Standard. Increase energy efficiency. Fix gas leaks and stop the pipelines . Oppose pipeline tax/fee ; electric ratepayers shouldn't be forced to pay for dangerous gas pipelines.,30,96b0ba3366c6949dc55c9a4c794496f3167e986c497aa368239a023005af0e93,6a81c31608dca02550fee21a84e804c4836d8fc43dcff8f173306d7d064b69f3,1
e0f828bc85b61aa47ad9b0c1,a7cbd9c0b0fe7fbb17b9b669,f08f805bb886c05687fb2796,anthony-clark,Anthony Clark,race-c74ad0b73e1151dcdf19,endorsed,endorsed,2018,2018-03-20,campaign_platform,https://anthonyclark2018.com/,https://web.archive.org/web/20180309053217id_/https://anthonyclark2018.com/,https://web.archive.org/web/20180309053217id_/https://anthonyclark2018.com/,,paragraph 41 -> paragraph 45,"Read More Let's Create A Just Justice System More It's time to end our for-profit criminal justice system by ending prison labor, private prisons and detention centers, cash bail systems, and all the other ways our criminal justice system profits off the vulnerable.",44,fb9a7c717a9011dd10f590c5762e184caa3690bef492f981c1981469942cb7fa,cd9c89087bc73f6dba5896d81fc8ee4c5cb3ebac3abd11fea769ffe6bdde461c,1
d8da3160898494edc0d7f67c,438d1e17e9d5a41d6b0430e2,110ec1496b9e7209cb28015f,yasmine-parinaz-taeb,Yasmine Parinaz Taeb,race-5984c9799d268a401686,endorsed,endorsed,2019,2019-06-11,campaign_platform,https://yasmineforvirginia.com/issues/womens-rights,https://web.archive.org/web/20190513202024id_/https://yasmineforvirginia.com/issues/womens-rights/,https://web.archive.org/web/20190513202024id_/https://yasmineforvirginia.com/issues/womens-rights/,,paragraph 22 -> paragraph 23,"Support the ratification of the Equal Rights Amendment (ERA), which is decades overdue. End the “motherhood penalty” by passing paid parental leave, so that no woman is penalized economically for having or adopting a child.",35,57d5d0721db14bcd7da43c4fd2d7edde55a24f3bc5068d9adf974816bcbb9662,f86d846d12ae43df77e0511ab6510b8fac5a04fb0a46adabe089008565c5067f,1
691876ff9f88e496a4c30caa,d9843b3fb9444473c8d4e29f,8629a4b69812f2234900110a,omar-fateh,Omar Fateh,race-d96bd5f1de26b3d3b7d6,endorsed,endorsed,2020,2020-08-11,archived_campaign_page,https://omarfateh.org/environment.html,https://web.archive.org/web/20200512140918/https://omarfateh.org/environment.html,https://web.archive.org/web/20200512140918/https://omarfateh.org/environment.html,,paragraph 40 -> paragraph 41,"FIGHT CLIMATE CHANGE We must implement a carbon fee and dividend system, which puts a price on carbon emissions and returns the revenue directly to us, the people of Minnesota.",30,22699154defbd5e07edb354dff64e68283304ce2a621b77a44dc0e02dd96c369,dc17483efd81b7a81159ca689521c8aa5ca88b720b28938122bc68c45d1d79a7,1
330b8130302325c757dc7d1f,b0cf6463387d36f84c723541,314e4d2d565a77cc513bc8e0,robin-wilt,Robin Wilt,race-9488fafc0bceacab9ee9,endorsed,endorsed,2021,2021-06-22,campaign_platform,http://www.wiltfortownboard.com/priorities,https://web.archive.org/web/20210518111228id_/http://www.wiltfortownboard.com/priorities/,https://web.archive.org/web/20210518111228id_/http://www.wiltfortownboard.com/priorities/,,paragraph 16 -> paragraph 17,"A BRIGHTON OF EDUCATIONAL OPPORTUNITY: Work with our educational partners in the five public school districts that serve Brighton, to ensure that our youth receive the educational funding that they deserve and are promised from New York State, all while maintaining a safe and healthful climate that fosters the educational opportunity and educational excellence for which the Town of Brighton is known.",62,aea2a9c5de8e5edd8fad533877ccedd7e57b4b674382bde57d8bcc345d86e8a4,88c5b623d33ae58315369f01e1cf600fda64e18b873fba593475772e78490815,1
b20c5c6f50bec2e5902404aa,37efa2fc555ce7708bd7cc4f,30925d768eccd8691331fa8f,erika-uyterhoeven,Erika Uyterhoeven,race-efcab956da48210a967a,endorsed,endorsed,2022,2022-09-06,policy_page,https://www.electerika.com/issues/transportation,https://web.archive.org/web/20211020092011/https://www.electerika.com/issues/transportation,https://www.electerika.com/issues/transportation/,2021-10-20,paragraph 24 sentence 4,"Erika will fight to finish the argument, funding a fast, free, and reliable T by taxing offshore corporate profits and millionaires fairly, electrifying our buses and commuter rail into a true regional rail system, and building the safe streets for walking and biking that make every trip without a car a real choice.",53,311d54cb0a5c134a385255975e56fc89fd5590854e9550b9eba2a12dba291f70,99f8d1c9902932878df8d7b9847c3f2774802955553683ec7f2c4718e6b05dc5,1
bcc71721db0a16498dc1d20b,4d0ccbe78caf8426b46c4edc,f1bd326629f3dfb404231a9f-answers-a27f73cd75f8-2405e6e26564,dennis-mcdermott,Dennis McDermott,national-rec0ntzcTu773zMP5-dem-primary,endorsed,endorsed,2023,2023-05-16,candidate_questionnaire,https://www.wesanews.org/wesa-voter-guide/2023-04-18/allegheny-county-council-district-11-klein-mcdermott,,https://www.wesanews.org/wesa-voter-guide/2023-04-18/allegheny-county-council-district-11-klein-mcdermott,2023-04-18,paragraph 231,"Investment in public transit and affordable transit-oriented development to reduce vehicle emissions where possible, and prioritize electrifying the county vehicle fleet.",22,2af81fd50e60447dd49dbc6f7f19d2b9da70598f3bb6d5d1481c42c569e78c48,41a601e5bb4d1ddeac4ae0573a5fbc41d790359fc4d9fc6f02fa3f2fed93bd9f,1
dd8c20d670caffce67adf3a4,f0454ee851c4526182306b86,c328f00e222b4c47472a114c,marcela-mitaynes,Marcela Mitaynes,race-d45c9105a9d86f541f3d,endorsed,endorsed,2024,2024-06-25,official_office_page_archived,https://web.archive.org/web/20240605175409/https://nyassembly.gov/mem/Marcela-Mitaynes,https://web.archive.org/web/20240605175409/https://nyassembly.gov/mem/Marcela-Mitaynes,https://web.archive.org/web/20240605175409/https://nyassembly.gov/mem/Marcela-Mitaynes,2024-06-05,paragraph 58 -> paragraph 61,州众议员瑪切拉米坦斯(Marcela Mitaynes) 的办公 步入式办公时间 - 秋季办公时间 对邻居的服务. 安排约会，请致电 718-492-6334 或发送电子邮件至 ad51@nyassembly.gov 。我们位于 4907 4 大道，1A，布碌仑 11220。2023 年 9 月 4 日开始. 1 / 3 Recent News View All Recent News,23,764a6e1d1a7ff4423dfae2d4f1bdceb447b0fc55d50d7457216524419ecdb83c,b79b5f9f7e694532257b1d3c384ff5c8a89fd2a5afdb420e9af0160b6356f2e0,1
593a32305c111d566354429b,184c8e973f5b1361723fd71b,2d1047135825833acc5524a2,janeese-lewis-george,Janeese Lewis George,race-a493243e3fd4b72b829f,endorsed,endorsed,2026,2026-06-16,press_release,https://janeesefordc.com/2026/04/news-dcs-first-ever-elected-attorney-general-karl-racine-endorses-janeese-lewis-george-for-dc-mayor,https://web.archive.org/web/20260416155125/https://janeesefordc.com/2026/04/news-dcs-first-ever-elected-attorney-general-karl-racine-endorses-janeese-lewis-george-for-dc-mayor,https://janeesefordc.com/2026/04/news-dcs-first-ever-elected-attorney-general-karl-racine-endorses-janeese-lewis-george-for-dc-mayor/,2026-04-16,paragraph 60 -> paragraph 64,Safe Communities For All Excellent Schools For All Affordable Utilities For All Reliable Transportation For All Economic Development For A Thriving DC,22,ae54098df8d405d3d3213683a4df881e091a9344ca8952561718133efdcc826f,5b8d0d26e2b9a42233098b927edd3029c36528406010215ae2c0212dba36e1e6,1
e54020ed4347864557f9fd49,50728d4fd0023c0a33276d7b,c651d4e2a3ed7d5581157b1f,timothy-j-toomey-jr,"Timothy J. Toomey, Jr.",ma-house-26th-middlesex-dem-primary-2016,opponent,opponent,2016,2016-09-08,campaign_policy_page,http://web.archive.org/web/20160416122402/https://timtoomey.org/transportation/,http://web.archive.org/web/20160416122402/https://timtoomey.org/transportation/,http://web.archive.org/web/20160416122402/https://timtoomey.org/transportation/,2016-04-16,paragraph 20 -> paragraph 32,"— Tim Toomey's Community Blog Home Issues Environment Transportation Public Safety Health Care About Tim Biography Videos Contact Transportation As a representative of Cambridge and Somerville, Tim Toomey is committed to the cause of maintaining and improving our public and private transportation programs and infrastructure. Tim continues to fight to improve access to public transportation throughout our city, and is committed to ensuring that his neighbors reap the benefits of the transportation burdens that they already bear.",76,8e53c17f83db05a22fc30d4187b3b9b3c5b4ef9ad4661484ef37c2c8b8c2b3a1,ee8cfc84e5e76ac56ba614ee145dcc0b6e0848dbea9e14418f935e2d2ca00f74,1
55f33db8c774a509f8f5fa8a,68bcba06506e6474e63dcad3,f89a8593773da85cf660d811-answers-b378fa97ab89-aceda58f3c3b,doug-s-chin,Doug S. Chin,race-a5c9cc4ff2b525bcb410,opponent,opponent,2018,2018-08-11,candidate_questionnaire,https://www.civilbeat.org/2018/07/candidate-qa-u-s-house-district-1-doug-chin/,,https://www.civilbeat.org/2018/07/candidate-qa-u-s-house-district-1-doug-chin/,2018-07-12,paragraph 115,I am deeply concerned by President Trump’s dangerous tendency to conduct U.S. foreign policy via Twitter – even as he undercuts real diplomacy by failing to staff the State Department. His reckless conduct makes our complicated world a more dangerous place.,42,67bb6dd04f41b7892d7587129285ccad0e62cde065e8a7194978b9faca4bd8f8,21a0822cb1851d37c898bd97a504b17882b213ac625907f19605a934fb19860d,1
50d04a772855ded2f08172c4,79ca7edf9bc383a40ff1d536,6c0187137518fab4b2236b66,elizabeth-warren,Elizabeth Warren,race-b2f56d1987a501b29012,opponent,opponent,2020,2020-06-23,speech,https://2020.elizabethwarren.com/atlanta-speech,https://web.archive.org/web/20200420045118/https://2020.elizabethwarren.com/atlanta-speech,https://2020.elizabethwarren.com/atlanta-speech,2020-04-20,paragraph 13 -> paragraph 14,"The speech was at Clark Atlanta University, one of the oldest Historically Black Colleges in the nation. Below are her remarks as prepared for delivery:",25,a5f45c8800227999aa97aa6b3495fddf21cead2f8dcfb5c4004d81d753911262,395ee172ff336bb1bf3673ac3681efa1e2257171e76b525b51192da90383f14a,1
214e824269235be89a50c7ae,d2235b6cc28458e925ecd0ec,b0753c7fa159cc969876d33f,justin-m-krebs,Justin M. Krebs,race-60a20e415203eadd2b99,opponent,opponent,2021,2021-06-22,campaign_issue_page,https://www.justin2021.org/transform-how-we-police,https://web.archive.org/web/20210617185053/https://www.justin2021.org/transform-how-we-police,https://web.archive.org/web/20210617185053/https://www.justin2021.org/transform-how-we-police,,paragraph 1 -> paragraph 12,3 captures 17 Jun 2021 - 06 Aug 2021 May JUN Jul 17 2020 2021 2022 success fail About this capture,20,d480270de991e311f77e3fad522162e709b2f77ba60fdce6b46fdaeb7ca3ce11,d6e2ce38b582f43672e41e6e46bfa6a72115cffef55a762bab2eee15d89bf83b,1
712adfdcc79251a54e2ff21f,b57d23b6328aa2e722a49d07,51a154da3097137196079f11,zuki-ellis,Zuki Ellis,race-deff03074ea69358d8e9,opponent,opponent,2022,2022-08-09,archived_campaign_platform,https://web.archive.org/web/20220126231521id_/https://zukiellis.com/vision/,https://web.archive.org/web/20220126231521id_/https://zukiellis.com/vision/,https://web.archive.org/web/20220126231521id_/https://zukiellis.com/vision/,2022-01-26,paragraph 86 -> paragraph 87,"Voting Access We know that there are politicians who will fearmonger about fraud in order to limit who can participate in our democracy. And we know who those attacks are aimed at – the wealthy few want to prevent our black & brown neighbors from having an equal say. We have to fight back, and strengthen our elections and make it easier to vote.",62,9e1d525500856bd7e2bf5d29cacc66fc1aa6a664be88f448a1365073e4b6d72f,3a4fd14d88aa921f5d0dec0fe40d6d8629dfb987a137b0eb75da377647002613,1
e42dbcd8c8e88ccf828ecd59,994d13766a2156678043b01f,9de5ac167261e55fe6ff372e-answers-2cf0d9d82a48-0f555c2fea54,jordan-botta,Jordan Botta,national-recihG0fIKbvStGIg-dem-primary,opponent,opponent,2023,2023-05-16,candidate_questionnaire,https://www.wesanews.org/wesa-voter-guide/2023-04-18/pittsburgh-city-council-district-7-botta-gross,,https://www.wesanews.org/wesa-voter-guide/2023-04-18/pittsburgh-city-council-district-7-botta-gross,2023-04-18,paragraph 207,"Some of the most important aspects of Pittsburgh’s Bureau of Police center around officer recruitment and retention, as well as diversification of the police force. Mayor Gainey has brokered a substantive contract for city officers, and hopefully more can be done to ensure competitive salaries. I hope to ensure adequate funding for officer wellness, specifically around mental and emotional wellbeing, which is a precursor to safe, effective police practices.",70,b7464e1d728f01f0e48935951b77ba7d923362a754cde45718c8f1037f8d9daa,8948f71baeab39c8df4568a15b34bd7a66a36d89a576960878192a35ff19971e,1
0ca0d886a5ce95c6c7df828a,5ff3055c071b2a04988190f5,02c54a9cfa1276ac9f1c1189,joseph-r-biden-jr,Joseph R. Biden Jr.,race-9065e448b7091dd55686,opponent,opponent,2024,2024-03-05,campaign_speech,https://lailluminator.com/2024/01/23/biden-abortion-rights,,https://lailluminator.com/2024/01/23/biden-abortion-rights/,2024-01-23,paragraph 52,The same Supreme Court is expected to hear two additional cases on abortion access this year: one regarding pregnancy termination in emergency medical circumstances and another concerning access to a pharmaceutical used in medication abortions and miscarriage care.,38,fb73e9212baeee931515c0587cf16644cf02b65b3c68becbf1425ea203e31a92,d7394f81d475acb8021c04b72cc7b798ea2bf35d3bb11270c83064d6ded62442,1
2af46cd561ebaf410802861d,ce815d3d3968c3a5c6d0edab,4512630bc7557ac9ff896ad3,tonya-noel-stevens,Tonya Noel Stevens,race-ceb86db4c84836622c21,opponent,opponent,2025,2025-06-24,campaign_announcement_remarks,https://13wham.com/news/local/new-faces-vying-to-join-rochester-city-council,,https://13wham.com/news/local/new-faces-vying-to-join-rochester-city-council,2025-01-21,paragraph 56,Our Bright Spot shines on hundreds of young artists in Ontario County who came together to leave their mark on the community.,22,dd0d17fb5a037b0021b7e9adc22f4b94a2a0b5fb98263574396bf3fb40104bb5,fe6235a17b9bc40864742445f85f1b938487afb9aea2b8ecf60e6ccd33ec4049,1
cde08d24975828ee401dea2b,5f9f713c2c08cd1e9178c8ac,6bdda7b117716e4e4654ca64,karla-silvestre,Karla Silvestre,race-fd97e89a58d56d7d9494,opponent,opponent,2026,2026-06-23,press_release,https://karlasilvestre.com/newsletter,,https://karlasilvestre.com/newsletter,2025-11-04,paragraph 38,The SMS field must contain between 6 and 19 digits and include the country code without using +/0 (e.g. 1xxxxxxxxxx for the United States),25,c7cd38ec03b4200a72761f9d5e12755e0e4ad3f0ecf72a0f23767a2bd1241ef5,f176b259fa3ebea627853ff0d80f46fa68f4630df1216f1e34fe556d80bede50,1
2152562263643e785a88616d,74c6b8770e7a1a5d02b81a4b,0c92ef00c0b881af7155544d,mike-connolly,Mike Connolly,ma-house-26th-middlesex-dem-primary-2016,endorsed,endorsed,2016,2016-09-08,campaign_statement,http://web.archive.org/web/20160830204857/http://www.mikeconnolly.org:80/endorsed_by_sierra_club_massachusetts,http://web.archive.org/web/20160830204857/http://www.mikeconnolly.org:80/endorsed_by_sierra_club_massachusetts,http://web.archive.org/web/20160830204857/http://www.mikeconnolly.org:80/endorsed_by_sierra_club_massachusetts,2016-08-30,paragraph 34 sentences 1-2,"Mike has a record of effective leadership on environmental issues in his own Cambridge community and in building coalitions of residents, climate experts, city officials and environmentally focused organizations. Mike led the drive in Cambridge to advance a groundbreaking proposal for net zero carbon emissions that has become a model for other cities.",53,0839831f243a0d9f08be27fc5b9e4d0123aea53a96fe7b199f4f2a3a61711c8f,2481daceb08565caa65e986b32323d4be1861ca6facdba784c0b98ad62bac0a5,1
7efd149cecc725515630d103,dfb061a26028b3d0b5a3c69e,fd2c23e5b17f3ae7010655ef,summer-lee,Summer Lee,race-6d7952e39ee3bae35dff,endorsed,endorsed,2018,2018-05-15,policy_page,http://www.summerforpa.com:80/issues,https://web.archive.org/web/20180128233625/http://www.summerforpa.com:80/issues,https://summerforpa.com/issues/,2018-01-28,paragraph 54 sentences 1-2,"All policymaking must be rooted in a disability justice framework, which recognizes it as inextricable from racial, gender, and economic justice, and means we must work in solidarity across “categories” to build towards collective access. Ableism in our country and its laws have forced disabled people into second-class citizenship.",50,3c608779e0e069b2fe931128a7603a21e6ea124979b20a6b529912e04dca8f58,3d48502fc94978fe45982106aabf2248cc61e57230a29a594a5e0f492b0cedc3,1
52852cb4f6242587945e999b,76d4874e709d05e4d01f1cf3,dc859467250d8ea5ce53430b,yasmine-parinaz-taeb,Yasmine Parinaz Taeb,race-5984c9799d268a401686,endorsed,endorsed,2019,2019-06-11,press_release,https://yasmineforvirginia.com/category/news/uncategorized,https://web.archive.org/web/20190513204727/https://yasmineforvirginia.com/category/news/uncategorized,https://yasmineforvirginia.com/category/news/uncategorized/,2019-05-13,paragraph 13 -> paragraph 19,Back to Homepage Recent Posts Online sports betting – Your guide Curated selection Non Gamstop Casino Casino Not On Gamstop UK Sports Betting Sites Not On Gamstop,26,766759f5cfec1b27558547b916fbfdc88c29c5506123a988e30b21a25da8e3d4,27a9fffb6d884263690051bca5e4f58b9443c50deefd43ba89124b3013e253c1,1
79b071d9058c782b8587fc8f,ca7f747b9db81cb3022f8ef2,ee66aad659a9fc322ebc3140,omar-fateh,Omar Fateh,race-d96bd5f1de26b3d3b7d6,endorsed,endorsed,2020,2020-08-11,archived_campaign_page,https://omarfateh.org/healthcare.html,https://web.archive.org/web/20200512140823/https://omarfateh.org/healthcare.html,https://web.archive.org/web/20200512140823/https://omarfateh.org/healthcare.html,,paragraph 13 -> paragraph 16,COLLECTED BY Collection: Save Page Now TIMESTAMPS The Wayback Machine - https://web.archive.org/web/20200512140823/https://omarfateh.org/healthcare.html,21,20aff2e82ae51aaef7b84934245834c346e0f9e8e3862ae13b9c86d385d1c242,145e2336e2626ca7940bf9a7cea8ca4a56f08a400aecc1a9b977c9e9b9055000,1
42b49f8c0b2907faa5c99bfc,346b5ea212bdfc64a2045fe4,c599f947e5bd43fda9deafd5,robin-wilt,Robin Wilt,race-9488fafc0bceacab9ee9,endorsed,endorsed,2021,2021-06-22,campaign_page,http://www.wiltfortownboard.com/,https://web.archive.org/web/20210508223457id_/http://www.wiltfortownboard.com/,https://web.archive.org/web/20210508223457id_/http://www.wiltfortownboard.com/,,paragraph 10 -> paragraph 13,"Re-Elect Robin Wilt for Town Board Re-elect Robin for Brighton Town Board Almost four years ago, I promised to continue Louise Novros’s legacy of constituent-oriented leadership. and to (quoting from Envision Brighton) “implement sustainable policies on a community-wide platform” through my actions as a local leader , business partner, and engaged resident.",56,e321744bbb33d9045c6d3c2148646aae7575423fe8e2b3c9e6abc6d08f8a13b6,6c56a924c35e2abe9d5f5ab0933c2fa87843ea4171d44e136c3842ff3d0bd8f2,1
2f194cd69f5b99920f760c46,751abad2f833b0b679c51d43,063c493b5cbbdb14a3110430,jabari-brisport,Jabari Brisport,race-558960c0224035d1fd83,endorsed,endorsed,2022,2022-08-23,campaign_issue_page,https://jabariforstatesenate.com/criminal-justice-reform,https://web.archive.org/web/20220205080000/https://jabariforstatesenate.com/criminal-justice-reform/,https://web.archive.org/web/20220204235708/https://jabariforstatesenate.com/criminal-justice-reform/,,paragraph 62 sentences 5-7,"It’s important to note that solitary confinement is disproportionately inflicted on Black and Latinx people, young people, queer, transgender and gender non-conforming people and people with mental health needs. Replacing solitary with more effective alternatives will ultimately s ave human lives and human potential. As a state senator I will support S1623 the Human Alternatives to Long-Term Solitary Confinement Act.",63,fdd0975f0965dbe0fe78dd9439ae2d9310e7b0f55cbc6fdf3335d999066dc4d3,8159c2fcb477ba5149efd33f7d985a33f184012a1b444bcfbdc78799cf13f008,1
9e1f0a9c3c8566167995d81e,b2021b5401f1628c9fa655f7,e5a9a188829a78fd212a5c09-answers-cc050af1f954-d4d0287e64dc,darwin-leuba,Darwin Leuba,race-e998c1da8d59c9a7b9df,endorsed,endorsed,2023,2023-05-16,candidate_questionnaire,https://www.wesanews.org/wesa-voter-guide/2023-04-18/allegheny-county-controller-leuba-oconnor,,https://www.wesanews.org/wesa-voter-guide/2023-04-18/allegheny-county-controller-leuba-oconnor,2023-04-18,paragraph 202 sentences 1-4,"Corruption happens when politicians receive campaign donations in exchange for government-funded contracts. The controller's office is responsible for enforcing contracts and preventing corruption. To ensure proper scrutiny, it's crucial that we elect a candidate who doesn't accept money from corporate PACs, county contractors, or alleged ""nonprofits"" including UPMC and Highmark. I don't take their money because we need to enforce county contracts and revoke tax-exempt status for ineligible properties.",71,832a7209dfa228ac15215b4b46ebb2933dae8c3632df6b8e6d56b8c8d9305ee5,f2888277d18364f5de6d1be86c01b6718e42b50fd926beab992fdc129ad88062,1
e6cbe389ff7a5bb49fe5e8e0,5554f7a2a7f7c0483d199d47,c328f00e222b4c47472a114c,marcela-mitaynes,Marcela Mitaynes,race-d45c9105a9d86f541f3d,endorsed,endorsed,2024,2024-06-25,official_office_page_archived,https://web.archive.org/web/20240605175409/https://nyassembly.gov/mem/Marcela-Mitaynes,https://web.archive.org/web/20240605175409/https://nyassembly.gov/mem/Marcela-Mitaynes,https://web.archive.org/web/20240605175409/https://nyassembly.gov/mem/Marcela-Mitaynes,2024-06-05,paragraph 41 sentences 1-2,"Marcela was evicted from her rent-stabilized apartment of 30 years, and began her life’s work of empowering her neighbors to know their rights and find their voices to fight to stay in their homes. Through her work with Neighbors Helping Neighbors, and with tenants throughout New York State, Marcela was instrumental in the passage of the historic Housing Stability and Tenant Protection Act of 2019.",67,12698d60a8b10a2b05d79e80ddb7b5cc50072524942c6491105944e0d10289d7,2a5e03ec33459243d3e31d077464f755dea403997075ec0e63a59ffe0affb3cb,1
b4ee14bbdcce01f2dd4f7dd9,de17c616d9bf37315eedb357,7d4b853a55e817e45f1881c3,chris-rabb,Chris Rabb,race-95a691a9cb8491b42328,endorsed,endorsed,2026,2026-05-19,policy_page,https://www.chrisrabb.com/platform,https://web.archive.org/web/20260324010814/https://www.chrisrabb.com/platform,https://www.chrisrabb.com/platform,2026-03-24,paragraph 137 -> paragraph 141,End Corporate Media Monopolies Protect Freedom of Speech Publicly Fund Elections and Fix Rigged Election Maps Strengthen Voting Rights Reject All Corporate PAC Money,24,d20d37cd4197ee423b77fd7643f02029019373e31d6254961454fa257eb0a6f0,30e809b742cb7da47b52a17b66ff2cb6f352490576d7cd3e5b35deb3800c4f52,1
48deb6330a2a13b5a87ea1c8,468b8461a1bd0dfd926d2016,06250936b353910734ffebcd,timothy-j-toomey-jr,"Timothy J. Toomey, Jr.",ma-house-26th-middlesex-dem-primary-2016,opponent,opponent,2016,2016-09-08,campaign_page,https://web.archive.org/web/20160828203156/https://timtoomey.org/,https://web.archive.org/web/20160828203156/https://timtoomey.org/,https://web.archive.org/web/20160828203156/https://timtoomey.org/,2016-08-28,paragraph 27 -> paragraph 35,Endorsements About Tim Community Blog Contact Volunteer Upcoming Events Donate Reducing Income Inequality Tim has been a reliable champion for economic justice and is a leading progressive voice on Beacon Hill for the Fair Share Tax Amendment to increase the effective tax rate on millionaires and shift the burden away from our working families.,54,546e8dacc37efdb49b5c39af8f4d40db7dc9845b0aff9939ca6205a2e50490c9,1b37358a5560b3b8e5c65f7bc5c1c1f634e642f86f86f234e1d6af6f52b99284,1
53e336d01fa4d123a9f7c2da,91db75d95f2299cf5c226f96,3e56224c19e7b0832f4bfe65,todd-litton,Todd Litton,race-0737ecc067d5cc0799e8,opponent,opponent,2018,2018-03-06,archived_campaign_page,https://web.archive.org/web/20180118144058id_/https://toddlitton.com/,https://web.archive.org/web/20180118144058id_/https://toddlitton.com/,https://web.archive.org/web/20180118144058id_/https://toddlitton.com/,2018-01-18,paragraph 6 -> paragraph 10,support our campaign for COMMON SENSE and COMMON DECENCY CONNECT IT'S TIME FOR SOME COMMON SENSE AND COMMON DECENCY IN WASHINGTON.,21,f47b97e57e9fbdeb2b92fd143b98d6e9746a02c4a40aeff5a33e7eed8d7116eb,55d2aae191faf1dbaa0d3da4c13ed176aa021aa0376ed13fdeff1518ac38a269,1
996c8bae3848c3fbb14169b7,ea28bc86e66655d39bddd41a,ced3744e1cf283fa229921a5,badrun-n-khan,Badrun N. Khan,race-a15fa79529a2d8246fd8,opponent,opponent,2020,2020-06-23,archived_campaign_policy_page,https://web.archive.org/web/20200616200312id_/https://badrunkhan.com/issues,https://web.archive.org/web/20200616200312id_/https://badrunkhan.com/issues,https://web.archive.org/web/20200616200312id_/https://badrunkhan.com/issues/,2020-06-16,paragraph 104 -> paragraph 112,Subscribe to Newsletter Email Address * First Name Last Name Birthday Contact Us + 718 392-9700 info@badrunkhan.com www.badrunkhan.com,21,f5d9e37fe9e62ebcbbc8a2ec94c19bc353544a2c6335add485dbe98d2c2f1b62,b324be675f133bb53af9c5000fb9bbf6fdc1467f839f84395565c634074952d8,1
20fbe7512d6a11cdf0cf8090,2eb561b4ad36648e28b0a2ab,c3fe00911ab7e8f907539e6b,justin-m-krebs,Justin M. Krebs,race-60a20e415203eadd2b99,opponent,opponent,2021,2021-06-22,campaign_issue_page,https://www.justin2021.org/climate-policy,https://web.archive.org/web/20210320034150/https://www.justin2021.org/climate-policy,https://web.archive.org/web/20210320034150/https://www.justin2021.org/climate-policy,,paragraph 101 sentences 4-5,"I’ve looked to policy papers from these groups, had conversations with, and explored the ideas of a range of organizations. Many of these are non-profits that do not endorse candidates or campaigns, but whose ideas and energy should drive all of us to think smarter about climate, safe streets, workforce development and the needs and opportunities of our community.",61,64225ae64c3471ea1337998c52a6b37b58998e5bda28f4c83f9009b226719543,ac4a22ccd1ff30df6c0f60f3daef6cc97fac7f3876e3f11cab6fa4c3ccad8863,1
1959d859f9f0ee9e6e50d602,6c9965cbffd94aedba058819,b0d59c225e2288a4a57a0479,andrew-kalloch,Andrew Kalloch,race-1a63cae0504360d8eb38,opponent,opponent,2022,2022-05-17,campaign_website,https://andrewkalloch.com/the-issues,https://web.archive.org/web/20220201185251id_/https://andrewkalloch.com/the-issues/,https://web.archive.org/web/20220201185251id_/https://andrewkalloch.com/the-issues/,,paragraph 101 -> paragraph 102,"Some of Andrew’s Past Work on Criminal Justice and Public Safety The initial “ClaimStat” report examining police misconduct in NYC (it became the first in a series), and the national editorial lauding it as a model",37,b05d1f507fde90d6b892b85c6ea34952d497dbc87fa0b56ac0ab6c8a3f9ab37d,704fe2163b4ae095e3b1747b21a262dfbdbfbaa13455dbe70d3c94cfabe92d88,1
bd3bb57cf3d73374dfb3d79f,b3a350784267eb5d9b36808e,9d3d26d641e058a16fd2ad4d-answers-cc050af1f954-cf2350534472,corey-o-connor,Corey O’Connor,race-e998c1da8d59c9a7b9df,opponent,opponent,2023,2023-05-16,candidate_questionnaire,https://www.wesanews.org/wesa-voter-guide/2023-04-18/allegheny-county-controller-leuba-oconnor,,https://www.wesanews.org/wesa-voter-guide/2023-04-18/allegheny-county-controller-leuba-oconnor,2023-04-18,paragraph 230 -> paragraph 231,On City Council I stood up to mayor-backed coalitions to fight against wasteful spending or ineffective programs. I voted against wasteful spending on the City's 412 Boulevard of the Allies building and defunded unnecessary projects like the Mon-Oakland Connector. I've stood up against big business when they fought against my Paid Sick Days Act and fought the gun lobby when I proposed common-sense firearm safety regulations.,69,71c73efc98ad36708736f59662ffd43ce179d18d04613d3c52e18a41ea9b29dc,2fe156be7d52e33638059058a335b0e814e87b5c289163277b4f22fa795c72c6,1
0306136b9b915d9978d3e58b,417f3ef8ab034c9cba1d9c2d,02c54a9cfa1276ac9f1c1189,joseph-r-biden-jr,Joseph R. Biden Jr.,race-9065e448b7091dd55686,opponent,opponent,2024,2024-03-05,campaign_speech,https://lailluminator.com/2024/01/23/biden-abortion-rights,,https://lailluminator.com/2024/01/23/biden-abortion-rights/,2024-01-23,paragraph 31,"MANASSAS, Va. — President Joe Biden and Vice President Kamala Harris moved abortion access to the forefront of their reelection bid Tuesday by making it the centerpiece of their first joint campaign rally of the 2024 election cycle.",37,ce94bcb01416bbf1131d10ec17b55db4d6994a0311636cc67a895960b87a62d1,6c91c7fe6616e03bc92a1907de0860fcf59740e39d2c2dff5081f78d33fcdfc2,1
5a92282636174b1364fe2c39,2946c483a196beed0448440d,1f257d977f015b2213b2d9cc,andrew-m-cuomo,Andrew M. Cuomo,race-d0d830cb7a9e40e91152,opponent,opponent,2025,2025-06-24,policy_page,https://www.andrewcuomo.com/issues,https://web.archive.org/web/20240227070345/https://www.andrewcuomo.com/issues,https://www.andrewcuomo.com/issues,2024-02-27,paragraph 36,"Increase accountability for e-bike and moped violations by beginning traffic enforcement that has been absent, and holding businesses responsible for infractions.",22,1873d39435ccb83eb075f64c13e5b3b670cf43d40fedc476d99d18b857df635a,6eca75f3c1fb46d15ad0faa7e42945b2995c6dddc0735695ac36d7d39f079ae5,1
8525de1a0b38f29b6801e30d,cddf1d027ed5504f8c5807b9,af673d86cb0b43383d5bf36f-answers-f48d46d0de30-5ee79c570df0,tony-castan-eda,Tony Castañeda,race-e87b28f84c6a49987afa,opponent,opponent,2026,2026-08-11,candidate_questionnaire,https://madison.citycast.fm/madison-explained/madison-democrat-candidates-assembly-district-76,,https://madison.citycast.fm/madison-explained/madison-democrat-candidates-assembly-district-76,2026-08-10,paragraph 12 sentences 1-4,Tony Castañeda: Affordability especially as it pertains to housing both for homeowners and renters. We need to take homeowners off the hook for funding our public school system at the rate that they are. We can save a lot of money by ending the failed school voucher system and rescinding some of the tax breaks for the very wealthy and corporations. We need to develop a progressive tax structure to better fund our public commons overall.,77,425d595140ce6f706e9d743b0f3131656f278e56892aaef927845585064f2e0a,456f8652821c85420cc795971b582903a30e87e37c8621788867f5d013cdbe0e,1
7776ac02529af20f1a5e90d3,66af52ec31968767cca69ac5,bf78587c0156601ba02c892f-answers-f73ef4a495b9-146336a6f0fd,mike-connolly,Mike Connolly,race-0f0734c608b02353f3cf,endorsed,endorsed,2016,2016-09-08,candidate_questionnaire,https://www.thesomervilletimes.com/archives/70059,,https://www.thesomervilletimes.com/archives/70059,2016-09-01,paragraph 39,"I will join with other members of the Somerville delegation to continue fighting for additional funding and implementation of the Mystic River Master Plan, and I will continue to be an ally of the Mystic River Watershed Association. In addition, I will not allow Gov. Baker to walk away from the commitments we have made to beautify and maintain the Mystic River, including continued efforts for invasive species control, such as the removal of water chestnut plants from the river.",80,5cd5d0c583aa03b452ef0c6d3153e67a50d341751955f489b892aa89a1a7b015,102adbf6189be33c183a3fec344329b37cec2a9b73ad7be8a908eb4001fffc15,1
6d36672eca3b044231ad799d,669f848c3f2ec6fceecba191,533efdb2908ecdba02af4e57,marcus-ferrell,Marcus Ferrell,race-896b7a238243a848b1c2,endorsed,endorsed,2018,2018-08-28,campaign_page,https://web.archive.org/web/20180706022642/https://www.ferrellfor24.com/,https://web.archive.org/web/20180706022642/https://www.ferrellfor24.com/,https://web.archive.org/web/20180706022642/https://www.ferrellfor24.com/,2018-07-06,paragraph 46 -> paragraph 47,"Criminal Justice As your representative, Marcus will fight to end mass incarceration and to kick the private prison companies out of our state. True criminal justice reform must serve people and families, not large corporations. ( read more.. )",37,778c95409c47f250e550ff6aae8986bb3bea423c28ec37f38b1eb1642e7e3e24,a5c4aace3a25bf02677a37e93dba825cb47275b80f5a6f5340d4f670232d54d7,1
9dbc0e9eab08a6032706524c,bed89fd3a471daf136458d9c,33772c74f265cb8949565fc7,yasmine-parinaz-taeb,Yasmine Parinaz Taeb,race-5984c9799d268a401686,endorsed,endorsed,2019,2019-06-11,policy_page,https://yasmineforvirginia.com/issues/healthcare/embed,https://web.archive.org/web/20190513204442/https://yasmineforvirginia.com/issues/healthcare/embed,https://web.archive.org/web/20190513204442/https://yasmineforvirginia.com/issues/healthcare/embed/,2019-05-13,paragraph 22 -> paragraph 25,TIMESTAMPS The Wayback Machine - https://web.archive.org/web/20190513204442/https://yasmineforvirginia.com/issues/healthcare/embed/ Skip to content Menu,20,9f883bebd8a96403e4fbe640d81bba2439698ae2203ca1ea9da69f4468845854,233b6e61c7999450f1b4650c4af35313b5238d4782918bdda83a59bd863c301a,1
0a6769703705d1479509107b,ce11a54e3948f2bae5f10434,bf37d63d9b780cbd7be6d811,julia-salazar,Julia Salazar,race-bc91cd01622a56afcdbd,endorsed,endorsed,2020,2020-06-23,campaign_issue_page,https://salazarforsenate.com/issues/healthcare,https://web.archive.org/web/20200414170000/https://salazarforsenate.com/issues/healthcare,https://web.archive.org/web/20200414163037/https://salazarforsenate.com/issues/healthcare,,paragraph 1 -> paragraph 12,13 captures 11 Sep 2018 - 02 Jun 2020 Mar APR May 14 2019 2020 2021 success fail About this capture,20,edcccdf80506f9820fdca41c26775f68a4e325713546f073a6d9cffff9918d1f,f38c8a23da2bb1dfe6245850e95a328cb577261932f7ca006ee57820474d6acb,1
a8801c30a6a0fbcaf2c813f3,08275a73d69518a5ba318fac,314e4d2d565a77cc513bc8e0,robin-wilt,Robin Wilt,race-9488fafc0bceacab9ee9,endorsed,endorsed,2021,2021-06-22,campaign_platform,http://www.wiltfortownboard.com/priorities,https://web.archive.org/web/20210518111228id_/http://www.wiltfortownboard.com/priorities/,https://web.archive.org/web/20210518111228id_/http://www.wiltfortownboard.com/priorities/,,paragraph 14 -> paragraph 15,"A SUSTAINABLE BRIGHTON: Re-affirm our community’s commitment to environmental sustainability that earned the Town of Brighton a designation as a Bronze Level Climate Smart Community, and engage with the Public Service Commission, under the auspices of the New York State Energy Research and Development Authority (NYSERDA), to garner guidance and resources for responsible development.",56,aaf7637513ccf9c173f4ffd74479c6a0045facd4091b103f10d5cea11d26ea2b,ddc3776f57ecd0842bb83301d6e0f1a8543c44b0dcf16e2b7c58361f7136a8d8,1
c9e6ab76aefdd5a89d8a00b9,1abb3708810eb6345ec53ccd,80e08e5cf478165ff8c8d576,erika-uyterhoeven,Erika Uyterhoeven,race-efcab956da48210a967a,endorsed,endorsed,2022,2022-09-06,policy_page,https://www.electerika.com/issues/climate-crisis,https://web.archive.org/web/20211020102453/https://www.electerika.com/issues/climate-crisis,https://web.archive.org/web/20211020102453/https://www.electerika.com/issues/climate-crisis,2021-10-20,paragraph 41 -> paragraph 42,The protection of old growth forests throughout Massachusetts Increase funding to the Massachusetts Clean Energy Center to drive innovation and creation of green jobs,24,c1845225e0454ad547ff8553e1a82f741872b0b8aa023f0bdb3bd2e1520b16f0,e6b496a5e96820622a0dfc4d9b1898aac0fef0bd218baf4ae5b75feb07550c96,1
6b8f1c11182255b79669b7ec,49d9d2b72bb0cf649cbf3db7,f1bd326629f3dfb404231a9f-answers-a27f73cd75f8-2405e6e26564,dennis-mcdermott,Dennis McDermott,national-rec0ntzcTu773zMP5-dem-primary,endorsed,endorsed,2023,2023-05-16,candidate_questionnaire,https://www.wesanews.org/wesa-voter-guide/2023-04-18/allegheny-county-council-district-11-klein-mcdermott,,https://www.wesanews.org/wesa-voter-guide/2023-04-18/allegheny-county-council-district-11-klein-mcdermott,2023-04-18,paragraph 235 sentences 1-3,"When I entrust a politician with my vote, it is my expectation for them to advance the interests and issues I believe in. Members of County Council not only have the power but the platform to advance and address a multitude of issues. To not make use of either would, in my view, make them derelict in their duties.",59,944ce77c5f5ee57a2583ebb5d10465f3d52ca89a40d1a5feef07253c61c9b906,b45409b758ffa335e771cea59d14145218b7bb55ff726b11603a2f537f4fb46f,1
01e8be0283c4b914c8fa92b0,e3025c5fc879b7a20f130c41,473370db03decfb4f5fa9dbe,noncommitted-delegate,Noncommitted Delegate,race-1ebf8dc775ced8d30b89,endorsed,endorsed,2024,2024-03-05,campaign_page,https://web.archive.org/web/20240229103740/https://copalestine.co/vote-noncommitted,https://web.archive.org/web/20240229103740/https://copalestine.co/vote-noncommitted,https://web.archive.org/web/20240229103740/https://copalestine.co/vote-noncommitted,2024-02-29,paragraph 38 -> paragraph 42,"Linktree Vote ‘NON-COMMITTED’ in Colorado on Tuesday, March 5th! With one week remaining to submit Colorado Presidential Primary ballots and inspired by the success of Michigan organizers , we - the organizers in the Colorado Palestine Coalition and our constituent groups - are launching our own noncommitted campaign: Vote Noncommitted Colorado !",49,c85084c66d7ab2e77af8bd388535e1ea017f9ab6a4779564c7e25c5df649c3c7,712c0ab52bace1273e1c20d766cca5ce0ddb4f9425c9c566d6227693c93e2ab4,1
35f34086338d17722d975638,3423586bce4493459d9be00b,206526e7fed838a481175588,meg-anandarangam,Meg Anandarangam,national-recz9WOUNjTC3V34x-dem-primary,endorsed,endorsed,2026,2026-06-02,official_campaign_statement,https://www.megforqueencity.com/press/plainfieldneedsrentcontrolnow,,https://www.megforqueencity.com/press/plainfieldneedsrentcontrolnow,2026-05-03,paragraph 14 -> paragraph 27,Press Contact Us Donate English Open Menu Close Menu About Issues Get Involved Press Contact Us Donate English Back Plainfield Needs Rent Control Now: Why and the plan to get it done,32,1203e0e0bc70af4151236af79b17a3328aef69964db776b2a92f4e29f0124529,ca71e03535e10ed3a7e526f4607db386badb5a5d6ba0aa7a6a51c05bed0ef444,1
d41d23aa802c6f9125637846,a78af6c44abb1524a8319020,c651d4e2a3ed7d5581157b1f,timothy-j-toomey-jr,"Timothy J. Toomey, Jr.",ma-house-26th-middlesex-dem-primary-2016,opponent,opponent,2016,2016-09-08,campaign_policy_page,http://web.archive.org/web/20160416122402/https://timtoomey.org/transportation/,http://web.archive.org/web/20160416122402/https://timtoomey.org/transportation/,http://web.archive.org/web/20160416122402/https://timtoomey.org/transportation/,2016-04-16,paragraph 37 -> paragraph 38 sentences 1-3,"Building the Grand Junction Rail Trail Tim is working to make the Grand Junction railroad into a positive piece of infrastructure for our community. He has been a leader in the effort to construct a mixed-use path in the unused space adjacent to the tracks. Such a path would stretch from Somerville to the Charles River, connecting East Cambridge, Kendall Square, and Cambridgeport in the process.",67,e8cee89eaaa425c119b51c957a55ac78c588a9a1169a79d5fbfdb9195c717d66,1587b2b40a1cd478a4593b4e56ae26998a85d57c03e88d28f61f84ddc016a7df,1
963ec56a9eb4535a92828deb,1d4d1b76f604d700903d96d6,f89a8593773da85cf660d811-answers-b378fa97ab89-aceda58f3c3b,doug-s-chin,Doug S. Chin,race-a5c9cc4ff2b525bcb410,opponent,opponent,2018,2018-08-11,candidate_questionnaire,https://www.civilbeat.org/2018/07/candidate-qa-u-s-house-district-1-doug-chin/,,https://www.civilbeat.org/2018/07/candidate-qa-u-s-house-district-1-doug-chin/,2018-07-12,paragraph 126,"Passing a federal budget is as an opportunity to chart a course for the future we all want to see. And it should be a statement of American priorities, not a wish list of special interests secured by corporate lobbyists. Unfortunately, Republicans in Congress have engaged in nothing short of legislative class warfare – literally, taking money away from our public school teachers, and giving it to private jet owners and the richest among us.",74,3040aa63c7f7bdb526cb44209fec0ac2b33465015e0b08ea4a7fa41f7a025a87,cee3894a0477eaf66f0ad73138f6f487fea16e9082227a681d48237176655114,1
fb68127f76941a38ad76fc13,a092310a1fea9b916cb71b25,6c0187137518fab4b2236b66,elizabeth-warren,Elizabeth Warren,race-b2f56d1987a501b29012,opponent,opponent,2020,2020-06-23,speech,https://2020.elizabethwarren.com/atlanta-speech,https://web.archive.org/web/20200420045118/https://2020.elizabethwarren.com/atlanta-speech,https://2020.elizabethwarren.com/atlanta-speech,2020-04-20,paragraph 50,"And when the city council threatened to intervene, the women sent a public letter to the mayor of Atlanta and said they would not back down. They went right to the heart of the matter, and I quote: “We mean business.”",41,f1083125a421609f0e474a81bebc84c02150723997202f8fe4138502ea2652d2,3e71022aefccc31f8c09e27bec88be51ddcc49ed1609283dcb8a52a259b7b4e8,1
b8bec85bb21f36fd192a1c54,b696ec0861e6d07ac17b55ab,3aec2d089127fa71f22691bb,shahana-k-hanif,Shahana K. Hanif,race-60a20e415203eadd2b99,opponent,opponent,2021,2021-06-22,campaign_issue_page,https://web.archive.org/web/20210530235121/https://www.shahanafrombk.com/safety,https://web.archive.org/web/20210530235121/https://www.shahanafrombk.com/safety,https://web.archive.org/web/20210530235121/https://www.shahanafrombk.com/safety,,paragraph 25 -> paragraph 28,"Be A Community Endorser Volunteer Meet Me Endorsements Policies Press Get Involved Be A Community Endorser Volunteer DIVEST FROM THE NYPD,",21,10cbd5b6e1b35442f2c37a77431a2682da681cc8f350a3ebf37546718e51f50d,fdf1bfb7eea451e26c5d9709ea6ef84aea0143317c6c566ae3a78edd5dbcc685,1
339b9770974e2e742b20dd55,709675050504e2b7ac6c3971,23cac0d8133f4ba42b46bc54,elizabeth-s-crowley,Elizabeth S. Crowley,race-29704c58690113fb2a50,opponent,opponent,2022,2022-08-23,policy_page,https://elizabethcrowley.com/issues/empowering-women,https://web.archive.org/web/20210515175331/https://elizabethcrowley.com/issues/empowering-women,https://web.archive.org/web/20210515175331/https://elizabethcrowley.com/issues/empowering-women/,2021-05-15,paragraph 46 -> paragraph 51,"Empowering Women Environment Housing Education Veterans When Elizabeth was only seven years old, her father passed away, leaving her mother to care for her and her fourteen siblings. As the single mother of two herself, Elizabeth knows the challenges facing working women throughout Queens and New York City.",48,58103a12eb54e8299ee032c4a8c38a04f2f06cb291c9106a5071a085002e6294,dc2e66e2383d85acdc19c6c13ade2c8fa151829d7baf74ee8261c10817af2c7b,1
839f1c4c11187afd649dcec8,3382f8885e2c65151ca9fd98,9d3d26d641e058a16fd2ad4d-answers-cc050af1f954-cf2350534472,corey-o-connor,Corey O’Connor,race-e998c1da8d59c9a7b9df,opponent,opponent,2023,2023-05-16,candidate_questionnaire,https://www.wesanews.org/wesa-voter-guide/2023-04-18/allegheny-county-controller-leuba-oconnor,,https://www.wesanews.org/wesa-voter-guide/2023-04-18/allegheny-county-controller-leuba-oconnor,2023-04-18,paragraph 237,"One major fiscal concern is a reliance on single-source funding in the form of American Rescue Plan money. Unless we prepare now, we’re at risk of seeing a large structural deficit in a few years when those funds run out or expire.",44,1d38a534200f401e0e4c45998f6e571b37aa8567ef9442ea801afbb69fb51170,52f51e9fbfb8eec2993de63ed7b423a8c67163be339c3c81674c3937d5bfe064,1
f6fd1dc47901847edc42d8e3,c6576f0bc805283674051c8d,798ff00423e32e8991066a4c,steny-hoyer,Steny Hoyer,race-9ec6691d67b9c9ad482a,opponent,opponent,2024,2024-05-14,press_release,https://www.hoyerforcongress.com/news-clips/hoyer-gives-st-mary%E2%80%99s-athletes-olympic-treatment,https://web.archive.org/web/20230130134450/https://www.hoyerforcongress.com/news-clips/hoyer-gives-st-mary%E2%80%99s-athletes-olympic-treatment,https://www.hoyerforcongress.com/news-clips/hoyer-gives-st-mary%E2%80%99s-athletes-olympic-treatment,2023-01-30,paragraph 31 sentences 23-27,“That’s awesome.” Teams from Maryland won a total of 10 medals eight of them gold at the 2011 World Games. The speech also included a brief recap of the July 2 gold-medal match during which Long scored both of Team USA’s goals. “Avery ” Hoyer said giving him a thumbs up. “Way to go.”,56,7546a606eca76fd15fdf3b005c0bacc38a7e1c65c7b2bdb65f11b4872c48339a,c8668b526e4d8cac6813864ba1f577f49d21285ac29fc4f2d6ea7e333730b179,1
98492580f3c791257536b9ef,e6e2c2678b8f226d738e3488,4512630bc7557ac9ff896ad3,tonya-noel-stevens,Tonya Noel Stevens,race-ceb86db4c84836622c21,opponent,opponent,2025,2025-06-24,campaign_announcement_remarks,https://13wham.com/news/local/new-faces-vying-to-join-rochester-city-council,,https://13wham.com/news/local/new-faces-vying-to-join-rochester-city-council,2025-01-21,paragraph 175 -> paragraph 176,"Updated Wed, January 22, 2025 at 12:31 AM Chiara ""Keekee"" Smith (left), Tonya-Noel Stevens (second from left) and Kevin Stewart (far right) are all running for Rochester City Council. (Photo by Julia Coburn/WHAM, Jan. 21, 2025)",39,cb3fc460ae7ba4be21e8a730fb1b833dc9d2f93f610c9161d8a700b09e06642b,ef0069144d408135df03f7afe07a36889c76399393c875173e64240d7160c3fd,1
c11a6e24cb08dd2724227c23,58ed38db246c183236bbd095,af673d86cb0b43383d5bf36f-answers-f48d46d0de30-5ee79c570df0,tony-castan-eda,Tony Castañeda,race-e87b28f84c6a49987afa,opponent,opponent,2026,2026-08-11,candidate_questionnaire,https://madison.citycast.fm/madison-explained/madison-democrat-candidates-assembly-district-76,,https://madison.citycast.fm/madison-explained/madison-democrat-candidates-assembly-district-76,2026-08-10,paragraph 42,Tony Castañeda : I believe and know that I can relate to just about anyone for the common good. If you develop legislation that benefits the common good you should be able to convince others of the benefits. I have friends that are Republicans and family members that are as well if you can believe Chicanos voting for Trump.,59,824e3d864f7d92b1297202dc55113639a11a0f5945f7a2c34c0157218933df7f,537451f0f06271e348c1186b14eb8de7dd3886570d7fbfc67de6c943c9b58ec7,1
c92367d30423972f93778ecb,8383c2c695b0f68d26dd143c,bf78587c0156601ba02c892f-answers-f73ef4a495b9-146336a6f0fd,mike-connolly,Mike Connolly,race-0f0734c608b02353f3cf,endorsed,endorsed,2016,2016-09-08,candidate_questionnaire,https://www.thesomervilletimes.com/archives/70059,,https://www.thesomervilletimes.com/archives/70059,2016-09-01,paragraph 35 sentence 3,"Groups such as the Sierra Club, Mass Alliance, and Progressive Democrats of Massachusetts have endorsed my campaign, because they understand we need new leadership to make the Green Line Extension a reality.",32,c79a2f980aab63d35a71791ac6b35d267c20f74e8176738fe9fd610ca3b983f7,9527a11d9a93d05d83c07a6a6138bc8de23e86e2c2daf23a0638ef606a5e7700,1
527a81404004025b3b081832,17cb3e5814057e1d5d599561,fd2c23e5b17f3ae7010655ef,summer-lee,Summer Lee,race-6d7952e39ee3bae35dff,endorsed,endorsed,2018,2018-05-15,policy_page,http://www.summerforpa.com:80/issues,https://web.archive.org/web/20180128233625/http://www.summerforpa.com:80/issues,https://summerforpa.com/issues/,2018-01-28,paragraph 161,"Fair Adjudications for Immigrants Act . The Fair Adjudications for Immigrants Act would ban convictions that have been pardoned, annulled, invalidated, or expunged from consideration in citizenship proceedings. Conversely, it would also bar such expunged convictions from being used against an immigrant in deportation proceedings.",44,877a228eabe1e35687a5e2e3c62934c11993115fb66a8196c3d4d2c8d52e2b05,14a8d67ffe3f5bd9960f6d2a5279d9dd039cf489477d30d51325ffb915443a28,1
a6a87aa98903614d7e92389e,d16010c7281851ecf57f8a4d,1cbd2d91ebd6578acd567f8a,yasmine-parinaz-taeb,Yasmine Parinaz Taeb,race-5984c9799d268a401686,endorsed,endorsed,2019,2019-06-11,policy_page,https://yasmineforvirginia.com/issues/education,https://web.archive.org/web/20190513201918/https://yasmineforvirginia.com/issues/education,https://web.archive.org/web/20190513201918/https://yasmineforvirginia.com/issues/education/,2019-05-13,paragraph 22 -> paragraph 26,TIMESTAMPS The Wayback Machine - https://web.archive.org/web/20190513201918/https://yasmineforvirginia.com/issues/education/ Skip to content Menu Home,20,c90ebbf0cdc3ed01ff62dddd677a0df91ef848c1b6e7d19ace271426f856779b,8c6fe0ea59a43854ebb83b6c95ffb73d3d7e017334b03cbd6cbd752c66efef40,1
76886f22dd65056e1b1baee5,9b4ca2e8c126507934a78d08,1a5c61a3eb314db39c065ad9,erika-uyterhoeven,Erika Uyterhoeven,race-3c627e0363e4b2564075,endorsed,endorsed,2020,2020-09-01,campaign_page,https://web.archive.org/web/20200417120740id_/https://www.electerika.com/,https://web.archive.org/web/20200417120740id_/https://www.electerika.com/,https://web.archive.org/web/20200417120740id_/https://www.electerika.com/,2020-04-17,paragraph 26 -> paragraph 27,Read More Our campaign office may not be open but we are still mobilizing to help our community during this difficult time and we need your support. Sign up in the volunteer form below to be a remote volunteer. You can phone bank and text from the comfort of your home.,51,1a4d64ff9e8627f04d2d4c329cdb61a5ca854b00afc6a53373a3edab69e74a34,b21b86415575a0789570154f33debf46ae56ee298906fa9285b9d2d6360fada9,1
2ef55b7d20d874beef5ac42a,7bce1e8a7db59e8d35f92788,c599f947e5bd43fda9deafd5,robin-wilt,Robin Wilt,race-9488fafc0bceacab9ee9,endorsed,endorsed,2021,2021-06-22,campaign_page,http://www.wiltfortownboard.com/,https://web.archive.org/web/20210508223457id_/http://www.wiltfortownboard.com/,https://web.archive.org/web/20210508223457id_/http://www.wiltfortownboard.com/,,paragraph 14 sentences 1-3,"At a time in our nation’s history when divisiveness and rancor have been the predominant themes, our little microcosm of Brighton managed to unify around a set of shared values and stand up for one another for the good of our community. I look forward to continued inclusive and open government, where all stakeholders have a seat at the table, and feedback is not only welcomed, but cherished. I look forward to continued work with my colleagues to shepherd Brighton into the future with openness and optimism.",88,40632e176fa60c4f1fefaa74153fdc8f77a780ad3035a354ea11413b7e447b72,759d35082a8ea386dca9f2f993d8ded1b6fe10f8d10870bac31ab802a8993018,1
5c8bb36cb46b2797c0fe6b5f,f780694796d055f7e2b85418,5349944a94c91d60f42393bb,phara-souffrant-forrest,Phara Souffrant Forrest,race-a036ccb35ff1bcadc510,endorsed,endorsed,2022,2022-06-28,policy_page,https://pharaforassembly.com/platform/education/embed,https://web.archive.org/web/20210105215821/https://pharaforassembly.com/platform/education/embed,https://web.archive.org/web/20210105215821/https://pharaforassembly.com/platform/education/embed/,2021-01-05,paragraph 25 sentence 12 -> paragraph 26,"0)).removeAttribute(""security""),r.parentNode.replaceChild(e,r)}}}}(window,document); //--><!]]> </script><iframe sandbox=""allow-scripts"" security=""restricted"" src=""https://pharaforassembly.com/platform/education/embed/"" width=""600"" height=""400"" title=""&#8220;Education&#8221; &#8212; Phara for Assembly"" frameborder=""0"" marginwidth=""0"" marginheight=""0"" scrolling=""no"" class=""wp-embedded-content""></iframe> Copy and paste this code into your site to embed",59,f220f166266d93c241c6faee215015223ec9af6dfe3ba3d23f4a68c799031460,87e68b447b88741ab6d818d8c2bcf364c03347eaf4825ff2c1474209b5148939,1
bf7c44cd8fbd154922d29411,315e503a64fd89430e27cff1,595c60d69ae4416a1e9b1cd9-answers-2cf0d9d82a48-ea5cde894b9a,deb-gross,Deb Gross,national-recihG0fIKbvStGIg-dem-primary,endorsed,endorsed,2023,2023-05-16,candidate_questionnaire,https://www.wesanews.org/wesa-voter-guide/2023-04-18/pittsburgh-city-council-district-7-botta-gross,,https://www.wesanews.org/wesa-voter-guide/2023-04-18/pittsburgh-city-council-district-7-botta-gross,2023-04-18,paragraph 229 -> paragraph 230,"The most effective thing council can do is diversify our policies and not rely on one! I have supported and partnered to create 150 deeply affordable units in District 7 through inclusionary zoning. I also fought for and won Inclusionary Zoning mandates for Lawrenceville, Bloomfield and Polish Hill. However IZ is not enough.",53,560064f564fee9ff8531231042ff3d62326170f2b3ca8dd221ca05b6ae1aa065,f1cf1c39be018e28d5afc123db45b6634d0152341a6338a7c578e0d0973614f1,1
5c1b3adf423e24460543c4c2,f33e8c1b81cdd9317c067f44,473370db03decfb4f5fa9dbe,noncommitted-delegate,Noncommitted Delegate,race-1ebf8dc775ced8d30b89,endorsed,endorsed,2024,2024-03-05,campaign_page,https://web.archive.org/web/20240229103740/https://copalestine.co/vote-noncommitted,https://web.archive.org/web/20240229103740/https://copalestine.co/vote-noncommitted,https://web.archive.org/web/20240229103740/https://copalestine.co/vote-noncommitted,2024-02-29,paragraph 49,"Last important step: Make sure to sign our ‘No Committment To Genocide’ Pledge & share with your family, friends, and community!",20,000d8313854b882bb0432fed9f9c22ee88ef669fd15ed8bf6e7a5263ce973253,0a85137498ae6a46353fc6f68c809cd8e269ef0da040cde4569361dd4dbdb3dc,1
eec5397b4ab160b0e1f10caa,e9536faae0d2ec71e32ec723,d50df6824cc73b7392c66d98,janeese-lewis-george,Janeese Lewis George,race-a493243e3fd4b72b829f,endorsed,endorsed,2026,2026-06-16,policy_page,https://janeesefordc.com/am/people-first-platform,https://web.archive.org/web/20260513102436/https://janeesefordc.com/am/people-first-platform,https://janeesefordc.com/am/people-first-platform/,2026-05-13,paragraph 12 -> paragraph 72,TikTok YouTube ጃኒስን ዲሲ ከንትባነት ይምረጡ Menu የመነሻ ጃኒስን ተዋወቋት ሰዎችን ቅድሚያ የሚሰጥ መድረክ ለሁሉም ተመጣጣኝ ዋጋ ያለዉ የመብራት የዉሃ አና የጋስ አገልግሎቶች ለሁሉም የህፃናት እንክብካቤ ለበለጸገ ዲሲ የኢኮኖሚ ልማት። ለአነስተኛ ንግዶች በሙሉ ቢሮክራሲን መቀነስና ኪራይን መደጎም። ለአጠቃላይ ምርጥ ትምህርት ቤቶች ለዲሲ ዘብ ይቁሙ የተመቻቸ ቤት ለሁሉም ደህንነታቸው የተጠበቀ ማህበራዊ ቦታ ለሁሉም ጥሩ ስራ ለሁሉም ድምጽ ይስጡ መለገስ ሰዎችን ቅድሚያ የሚሰጥ መድረክ ጃኒዝ ሉዊስ ጆርጅ ለዲሲ ከንቲባነት እየተወዳደረች ያለችው ዲሲ ከቤት ኪራይ እስከ ህፃናት እንክብካቤ ድረስ በጣም ውድ እየሆነ መምጣቱን ስለምታውቅ ነው። እሷም ይህ ጫና ተሰምቷታል፤ ለውጥ ለማምጣትም ዝግጁ ነች። የመንግስትን አቅም በብልሃትና በብቃት በመጠቀም የዲሲ ነዋሪዎች የሚገጥሟቸውን ችግሮች መፍታት እንደምንችል ታምናለች። ሉዊስ ጆርጅ የዲሲ ነዋሪዎችን ሕይወት ለማሻሻል ከማንኛውም አካል ጋር በጋራ የምትሰራ ሲሆን፥ በነዋሪዎቻችን ላይ ጉዳት የሚያደርስን ማንኛውንም አካል ደግሞ በፅናት ትጋፈጣለች። ለሁሉም የህፃናት እንክብካቤ ለሁሉም ተመጣጣኝ ዋጋ ያለዉ የመብራት የዉሃ አና የጋስ አገልግሎቶች ለበለጸገ ዲሲ የኢኮኖሚ ልማት። ለዲሲ ዘብ ይቁሙ ደህንነታቸው የተጠበቀ ማህበራዊ ቦታ ለሁሉም ለአጠቃላይ ምርጥ ትምህርት ቤቶች ጥሩ ስራ ለሁሉም የተመቻቸ ቤት ለሁሉም ለአነስተኛ ንግዶች በሙሉ ቢሮክራሲን መቀነስና ኪራይን መደጎም። የመርጫ ዘመቻ መረጃዎችን ለማግኘት ይመዝገቡ ስለሚመጡ የምረጫ ዘመቻ ዝግጅቶች፣ የቤት ለቤት ቅስቀሳዎች እና እንደ ድጋፍ መግለጫ ያሉ ሌሎች ዜናዎችን ይወቁ። አስተዋጽዖ ማድረግ የዲሲ ነዋሪ ከሆኑ፣ የርስዎ አስተዋፅኦ በ 5:1 እጥፍ ይደገፋል። እኛ ሙሉ በሙሉ በህዝብ የምንደገፍ ነን። $5 $25 $75 $100 $200 ሌላ መጠን የመነሻ ጃኒስን ተዋወቋት ሰዎችን ቅድሚያ የሚሰጥ መድረክ ለሁሉም ተመጣጣኝ ዋጋ ያለዉ የመብራት የዉሃ አና የጋስ አገልግሎቶች ለሁሉም የህፃናት እንክብካቤ ለበለጸገ ዲሲ የኢኮኖሚ ልማት። ለአነስተኛ ንግዶች በሙሉ ቢሮክራሲን መቀነስና ኪራይን መደጎም። ለአጠቃላይ ምርጥ ትምህርት ቤቶች ለዲሲ ዘብ ይቁሙ የተመቻቸ ቤት ለሁሉም ደህንነታቸው የተጠበቀ ማህበራዊ ቦታ ለሁሉም ጥሩ ስራ ለሁሉም ድምጽ ይስጡ መለገስ ተከተሉን Facebook X Bluesky Threads Instagram TikTok YouTube በፖስታ ይለግሱ በፖስታ መለገስ ከፈለጉ፣ እባክዎን ይህንን የለጋሽ ካርድ ሞልተው በፖስታ ከልገሳዎ ጋር ወደዚህ አድራሻ ይላኩ፦ Janeese for DC,20,528ddb1f46567ab816bebbbd2ae63e82b44fb91ed51746c59556082123276534,a2e86ca2d6baf7cbcf4ac0d6d10eb1b5d721d86cfd3855bb8d37214c3e4197f6,1
fa2aad7fd984d55fc8fd661c,8204be99ee2964258193dea0,c651d4e2a3ed7d5581157b1f,timothy-j-toomey-jr,"Timothy J. Toomey, Jr.",ma-house-26th-middlesex-dem-primary-2016,opponent,opponent,2016,2016-09-08,campaign_policy_page,http://web.archive.org/web/20160416122402/https://timtoomey.org/transportation/,http://web.archive.org/web/20160416122402/https://timtoomey.org/transportation/,http://web.archive.org/web/20160416122402/https://timtoomey.org/transportation/,2016-04-16,paragraph 39 -> paragraph 40,"Grounding the McCarthy Overpass Tim Toomey, like most members of the Somerville Community, believes that we need to remove the McCarthy Overpass that carries McGrath Highway over Washington St. and turn it into a more pedestrian- and cycle-friendly urban boulevard. Tim has been active in the long-term Grounding McGrath effort and has advocated for short-term improvements that will help improve pedestrian and bicycle safety on the streets surrounding the overpass.",73,d1d6913fe678b92548aea2840d8bd4504ae9c292b3345dc0c824b64c8c10e2d4,7cd6dffcc428511db64a811fdc43013064523e0a4615399665003daf5075599c,1
ab04ef073e41a62895ad79ae,705df6b5032993b37523e806,af085369405b39701ab7a547,hiral-tipirneni,Hiral Tipirneni,race-c05a1295eea5d13e296b,opponent,opponent,2018,2018-02-27,press_release,http://hiralforcongress.com:80/newsroom,https://web.archive.org/web/20180102101917/http://hiralforcongress.com:80/newsroom,https://web.archive.org/web/20180102101917/http://hiralforcongress.com:80/newsroom,2018-01-02,paragraph 46 -> paragraph 47,12/7/17 - Dr. Tipirneni Issues Statement on Rep. Franks’ Impending Resignation 10/11/17 - Dr. Tipirneni Outpaces Incumbent Trent Franks’ Last Full Year of Fundraising on First FEC Report,30,3a9dfa0c74500f6007551ca7fe39010965cd88a19ff0b52a5347ded9b9a8de0e,6367331e6cca914d86a28d5a15a4fc2bfa40bc9fdf27bbfaa1c14c3df68e7202,1
70a77bb0edaa70bad9d7bc20,7210181bf39fc912475ee748,ced3744e1cf283fa229921a5,badrun-n-khan,Badrun N. Khan,race-a15fa79529a2d8246fd8,opponent,opponent,2020,2020-06-23,archived_campaign_policy_page,https://web.archive.org/web/20200616200312id_/https://badrunkhan.com/issues,https://web.archive.org/web/20200616200312id_/https://badrunkhan.com/issues,https://web.archive.org/web/20200616200312id_/https://badrunkhan.com/issues/,2020-06-16,paragraph 40 sentences 1-3,"Many people in District 14 have small businesses that are vital for local employment. Small businesses help out neighborhoods flourish by bringing innovation and investment to local communities. If elected, Badrun will work to alleviate undue tax burdens and multiple levels of government regulation that are burdensome to small businesses owners, and incentivize growth to provide stability and jobs.",59,64156e14c6d484cecbc3bab66511e145c6dd4c7949e43e7b51277bf6df0db436,f36b30ca296e55273cfec9b55576526fe06bb227376c734f24389cb4c168d227,1
e6a75445d6a326f1a2a7eca4,6bd822da86a96d84d0b70ec0 | daffec4283308ff471d699f4,c3fe00911ab7e8f907539e6b,justin-m-krebs,Justin M. Krebs,race-60a20e415203eadd2b99,opponent,opponent,2021,2021-06-22,campaign_issue_page,https://www.justin2021.org/climate-policy,https://web.archive.org/web/20210320034150/https://www.justin2021.org/climate-policy,https://web.archive.org/web/20210320034150/https://www.justin2021.org/climate-policy,,paragraph 33 -> paragraph 37 | paragraph 66 -> paragraph 70,Prioritize Our Schools Our Main Streets Lead on Climate Citywide Transform How We Police A New York that Works for All,21,3fc390270ab9455647bb10b5b74d1b67baa873f649c397af0f3dd15c53392487,1b1d66665c05b2f824762866a13343e820681212f3aba726bb71be5de142eb1f,2
100065bbac6c809da7e32439,2b1ec5e1857512e4a4157918,3f5d3ce631a2385176d9892a,elizabeth-s-crowley,Elizabeth S. Crowley,race-29704c58690113fb2a50,opponent,opponent,2022,2022-08-23,policy_page,https://elizabethcrowley.com/issues/education,https://web.archive.org/web/20210115170330/https://elizabethcrowley.com/issues/education,https://web.archive.org/web/20210115170330/https://elizabethcrowley.com/issues/education/,2021-01-15,paragraph 64,"She also knows the utility of expanding career and technical education (CTE) programming throughout Queens. As borough president, Elizabeth will emphasize the need for our children to be ready for the 21st-century economy and improving the skill set of our students should be a top priority for Queens’ education system.",51,2dfbab51f2c9d59de78b4e6761ff65f48276c6430555de87067957c9a84b9282,43787eb87a15de4487774b28c1e8f54e52a36beebbee50e01ab3498e64244965,1
ca8fd83caa2e7e45124592cb,540b08c1ea710a936b3f0327,5ee7b9f3e0165b375549eedc-answers-a27f73cd75f8-d4d0287e64dc,paul-klein,Paul Klein,national-rec0ntzcTu773zMP5-dem-primary,opponent,opponent,2023,2023-05-16,candidate_questionnaire,https://www.wesanews.org/wesa-voter-guide/2023-04-18/allegheny-county-council-district-11-klein-mcdermott,,https://www.wesanews.org/wesa-voter-guide/2023-04-18/allegheny-county-council-district-11-klein-mcdermott,2023-04-18,paragraph 210 sentences 7-9,We have 15 members and a staff of four. We do need help. It is difficult to meet the expectations of constituents and the demands of the serious challenges we face.,31,cfe85fad98fe4d097099d20c85fa1ae65e88f668e14fb3c5bde17f4b601a92c9,864121abf698f7aac89bc81e76999271ce3418e74c236f6a64a2f3f7369d8e55,1
d8b7ecd46d9a04ee0eb6315d,53a7d60f283c78216026dfe8,02c54a9cfa1276ac9f1c1189,joseph-r-biden-jr,Joseph R. Biden Jr.,race-9065e448b7091dd55686,opponent,opponent,2024,2024-03-05,campaign_speech,https://lailluminator.com/2024/01/23/biden-abortion-rights,,https://lailluminator.com/2024/01/23/biden-abortion-rights/,2024-01-23,paragraph 69 sentence 1,"<h2>Biden, Harris vow to restore protections for abortion rights as 2024 campaign launches</h2> <p>by Jennifer Shutt, <a href=""https://lailluminator.com"">Louisiana Illuminator</a> <br />January 23, 2024</p> <p>MANASSAS, Va. — President Joe Biden and Vice President Kamala Harris moved abortion access to the forefront of their reelection bid Tuesday by making it the centerpiece of their first joint campaign rally of the 2024 election cycle.</p> <p>“With your voice, with your power, with your vote, we can restore the protections that have been around for over 50 years under Roe v. Wade,” Biden said to a crowd at George Mason University in Virginia, on the same day <a href=""https://newhampshirebulletin.com/2024/01/23/new-hampshire-primary-live-trump-vs-haley-biden-write-in-campaign/"">voters were going to the polls in the New Hampshire primary.</a></p> <p>“Give me a Democratic House of Representatives and give me a bigger Democratic Senate,” he said.",162,7982cacf148fc69a87ca1126fc965340312c8d939267156453799fdd413bcbe5,041d7272e2b7d966e7f9cb4e9b4c3d227fa9f20c37cdbf4bdf7e684ae415ebf4,1
8044256c6e70477f0ea76e2c,29d9ce7b9b17cb8f1e2b441f,4512630bc7557ac9ff896ad3,tonya-noel-stevens,Tonya Noel Stevens,race-ceb86db4c84836622c21,opponent,opponent,2025,2025-06-24,campaign_announcement_remarks,https://13wham.com/news/local/new-faces-vying-to-join-rochester-city-council,,https://13wham.com/news/local/new-faces-vying-to-join-rochester-city-council,2025-01-21,paragraph 48 -> paragraph 52,Bills Latest News Community Community Pet of the Week: Aaron Meet Aaron! He came to Lollypop Farm with his mom and sister when he was just a baby.,28,6fbde497dff8aff4ed99a7a50e9047b30186b1daf9a6b40e0fad4d283e049d00,dd44b52add381cb965fa2e4491728cb84f4e67698e2ba223408a0cc37919dace,1
f00f4d8cc2fd0e5e49089b7a,d85ccd2919de3520536ad66f,d7b6db6dce79bf4391e911c8,rebecca-cooke,Rebecca Cooke,race-a0d0079bd79eae1cceb4,opponent,opponent,2026,2026-08-11,press_release,https://cookeforwisconsin.com/news-press,,https://cookeforwisconsin.com/news-press/,2025-07-01,paragraph 51 -> paragraph 54,"March 11, 2025 Read More Our campaign is 100% people-powered. Join us to keep building the movement. Join Us",20,5458859d85ea2818b78529dbb6c2f298efd75f3c930f195c87fadd0909001bf2,8cb42ae673084c30aaadf700eac5e7a28aaa02e883bf609f7886cc89a2f92e67,1
cba28b66ba36c05b4a3a3c2c,29d026fb491c1202695b2aa8,5801a1f80b0ac898f3923de8,mike-connolly,Mike Connolly,ma-house-26th-middlesex-dem-primary-2016,endorsed,endorsed,2016,2016-09-08,campaign_platform,http://web.archive.org/web/20160807044232/http://www.mikeconnolly.org:80/progressive_platform,http://web.archive.org/web/20160807044232/http://www.mikeconnolly.org:80/progressive_platform,http://web.archive.org/web/20160807044232/http://www.mikeconnolly.org:80/progressive_platform,2016-08-07,paragraph 31 -> paragraph 33,"Working to Restore the Clean Elections Law Our Progressive Platform Our campaign is bringing people together to advance a progressive agenda for Cambridge and Somerville. Over the past five months, Mike and our team of volunteers have been knocking on doors and talking directly with voters. We've had countless conversations, and we've been taking notes. This platform is the product of those conversations; it represents the progressive values of our community and aims to make good on the promise of our Commonwealth.",82,c44876abe19e485b20d370cdbcfd2345b9e7e3a33a7635f3a72674af39773195,f979e2c7df04c023d05646e308b8228043de54f6316de88937d306dcdb46c8fb,1
3691d3612b8ff940c084bd2a,126bcf49d45da93167cfa8f4,fd2c23e5b17f3ae7010655ef,summer-lee,Summer Lee,race-6d7952e39ee3bae35dff,endorsed,endorsed,2018,2018-05-15,policy_page,http://www.summerforpa.com:80/issues,https://web.archive.org/web/20180128233625/http://www.summerforpa.com:80/issues,https://summerforpa.com/issues/,2018-01-28,paragraph 199 -> paragraph 200,"Humane Cosmetics Act of 2023 - to prevent the continued usage of animal testing in cosmetic products. The Green New Deal for Health Act - to ensure sustainability and support for patients, providers, and communities as the health care system responds to climate change.",42,965e51a91d8b1ca338372bb0f58d861d1eba0c91dbf553b9705d0fa6d03e1095,74cea741dc28ed8e55b7b04c9b7725e5cc6725f7b43fb7137956573c38b50727,1
409cd23a722b0b62f1964b0b,f364b3f2aee5ae97d1cd9543,dc859467250d8ea5ce53430b,yasmine-parinaz-taeb,Yasmine Parinaz Taeb,race-5984c9799d268a401686,endorsed,endorsed,2019,2019-06-11,press_release,https://yasmineforvirginia.com/category/news/uncategorized,https://web.archive.org/web/20190513204727/https://yasmineforvirginia.com/category/news/uncategorized,https://yasmineforvirginia.com/category/news/uncategorized/,2019-05-13,paragraph 35 -> paragraph 39,Casinos Not On Gamstop Casino Sites UK Not On Gamstop Casino Sites In UK UK Casinos Not On Gamstop Non Gamstop Casinos,22,dfc94a4172d5a765cfc142566c5d122c94b64c1f4db90a733ffdb544abb2f7ac,33880d10f08a14adf463d6ec2f9f7acd752a004a3ad3670e1ce9b54c5d539092,1
bffacc1ca5a3db2576ab2e37,88c83cc8509ed49ed00f45ee,bf37d63d9b780cbd7be6d811,julia-salazar,Julia Salazar,race-bc91cd01622a56afcdbd,endorsed,endorsed,2020,2020-06-23,campaign_issue_page,https://salazarforsenate.com/issues/healthcare,https://web.archive.org/web/20200414170000/https://salazarforsenate.com/issues/healthcare,https://web.archive.org/web/20200414163037/https://salazarforsenate.com/issues/healthcare,,paragraph 47 -> paragraph 48,"A healthcare system that covers every New Yorker, including undocumented immigrants Universal long-term care, enabling seniors to age in dignity and creating quality jobs for home care workers and domestic workers as demand for a rapidly growing care workforce increases",41,dbe99726df594bce0783e0c09b4cc667524df6ae3e9238e7c2978bd210281558,732b89f564e282a01632e3a5521f37179ef53485d154c14182c6bc582617d7b1,1
37489f0eaa105a6bc0187392,3e29925bdc4c54a334be5ec1,9bc65c15e760479699460f2a,omar-fateh,Omar Fateh,race-bd0a707d919d98a6334c,endorsed,endorsed,2022,2022-08-09,campaign_issue_page,https://web.archive.org/web/20220805091527/https://omarfateh.org/housing.html,https://web.archive.org/web/20220805091527/https://omarfateh.org/housing.html,https://web.archive.org/web/20220805091527/https://omarfateh.org/housing.html,,paragraph 40 -> paragraph 41,HOUSING AS A HUMAN RIGHT No Minnesotan should suffer from housing insecurity or homelessness. I plan to introduce a bill for an amendment to the MN constitution to make housing a guaranteed right for all.,35,be580d00883808d1ad3cc9139404d71f46cb4f356601d9e2e554ab830f0a0557,ed85d010fe56d74dfb9246030b1ed37e69ce5c1416b7585d37369947a6383bbc,1
8f110ddcbe1b64998cdd0443,b12f40ad619d0ae06451bab3,e5a9a188829a78fd212a5c09-answers-cc050af1f954-d4d0287e64dc,darwin-leuba,Darwin Leuba,race-e998c1da8d59c9a7b9df,endorsed,endorsed,2023,2023-05-16,candidate_questionnaire,https://www.wesanews.org/wesa-voter-guide/2023-04-18/allegheny-county-controller-leuba-oconnor,,https://www.wesanews.org/wesa-voter-guide/2023-04-18/allegheny-county-controller-leuba-oconnor,2023-04-18,paragraph 204 sentences 1-4,"Poor. I have filed many Right-To-Know Law (RTKL) requests with Allegheny County. These requests expose everything from contract noncompliance to negligence in our jail. Often, the county will refuse to release information without a court order, and even the current controller’s office denied 13 of my RTKL requests for information related to jail contracts.",57,1fd9c91a80e07273b0b807b18da3fdf2535326f06a7671dbaeb9ab21c0cc6f7c,38c220f59ebd3587e51dd0a66c794bacc72c90d3e59eeb6b07fb5a3f02fa77c5,1
d19ead7b754464e429f999ad,53c79938714a1e9fa4938453,c328f00e222b4c47472a114c,marcela-mitaynes,Marcela Mitaynes,race-d45c9105a9d86f541f3d,endorsed,endorsed,2024,2024-06-25,official_office_page_archived,https://web.archive.org/web/20240605175409/https://nyassembly.gov/mem/Marcela-Mitaynes,https://web.archive.org/web/20240605175409/https://nyassembly.gov/mem/Marcela-Mitaynes,https://web.archive.org/web/20240605175409/https://nyassembly.gov/mem/Marcela-Mitaynes,2024-06-05,paragraph 65 -> paragraph 66,"Dec 8, 2023 Assemblymember / Asambleísta / 州众议员 Marcela Mitaynes - Reports to the People / Informa al Pueblo / 向人们报告 - Fall 2023 / Otoño 2023 / 2023年夏季年夏季",21,4310af03bd38fed3a7ccaa690d803ee43c287e87914a68c5eca4974c6c4f3987,0fb995c761fdedd3ebe2c85caa7b718b1a0e20bd9ee094284cc74763e84ff894,1
2ad570a93d19c13a15d57b9e,8f1f52ee42d843f989f6bcd1,7d4b853a55e817e45f1881c3,chris-rabb,Chris Rabb,race-95a691a9cb8491b42328,endorsed,endorsed,2026,2026-05-19,policy_page,https://www.chrisrabb.com/platform,https://web.archive.org/web/20260324010814/https://www.chrisrabb.com/platform,https://www.chrisrabb.com/platform,2026-03-24,paragraph 86 -> paragraph 89,Reduce Violence Through Community Support Systems Invest in Mental Health Responders Transform Criminal Sentencing Abolish the Death Penalty and Death By Incarceration,22,1672fae5f388d47b7fd867ec34e2c2631655e77987521e16d8a8157a5dd3e3b2,8367c249e61233e423badd5d784dcd15eb2d6f793605e1601418186151bf222a,1
39cf55761900a26e0d68d597,56d0a7fb8f74dfedecf07fd9,841ec638f585ce3ef730c046-answers-f73ef4a495b9-f89ef34b4a43,timothy-j-toomey-jr,"Timothy J. Toomey, Jr.",race-0f0734c608b02353f3cf,opponent,opponent,2016,2016-09-08,candidate_questionnaire,https://www.thesomervilletimes.com/archives/70059,,https://www.thesomervilletimes.com/archives/70059,2016-09-01,paragraph 53 sentence 4,"State officials must also listen to local Community Path advocates like the Friends of the Community Path, who have put forward new and interesting ideas about how the Community Path can be fully extended to North Point at minimal cost.",40,a451e4ca09fa00fe87dfc2c15b200ea860665dadcc707c112da237a85a5634a6,a986aeb18af663837af41fbcc843bc120b267b4c23d8985ff4260bdd06d96363,1
8d1fde83a3136c23945ab166,5a7d65e8a46d6315217d288f,7d2bcf0956cd6a7071e55520-answers-028b9c467aca-28f409f94d1a,donna-mercado-kim,Donna Mercado Kim,race-a5c9cc4ff2b525bcb410,opponent,opponent,2018,2018-08-11,candidate_questionnaire,https://www.civilbeat.org/2018/06/candidate-qa-u-s-house-district-1-donna-mercado-kim-3/,,https://www.civilbeat.org/2018/06/candidate-qa-u-s-house-district-1-donna-mercado-kim-3/,2018-06-18,paragraph 127,Spending for the military should not be compared as a trade-off with spending for the poor and homeless. Both are crucial for our society. We must not allow that kind of superficial argument to color the critical investigation of what and where the funds are being expended. Buying gold-plated toilets for any government agency while services are being lowered is reprehensible. Take the Veterans Administration. We have veterans waiting on service. That cannot continue.,76,253e91d0e3ec397041b2e25f3df1848f462b5e0f25cec3bd3f28e15b9ec19ece,47bdc87d1cf99e12803e5b68af949c35c77fae86f32b8343d00017d19b20d866,1
1ba40e961ac2cc9852a22d64,9fc5f65be92bcb2a64dbe68e,ced3744e1cf283fa229921a5,badrun-n-khan,Badrun N. Khan,race-a15fa79529a2d8246fd8,opponent,opponent,2020,2020-06-23,archived_campaign_policy_page,https://web.archive.org/web/20200616200312id_/https://badrunkhan.com/issues,https://web.archive.org/web/20200616200312id_/https://badrunkhan.com/issues,https://web.archive.org/web/20200616200312id_/https://badrunkhan.com/issues/,2020-06-16,paragraph 70,"In order to effectively serve our Veterans, Badrun will create and empower Veterans by forming a 14th Congressional District Veterans Advisory Council to help create legislation and assist on post-service economic opportunity.",33,cf5644feb74a304cad95aaed150297ce74bdf231f248790b6363ca839b2f7e2f,dd5bdcc4f69cf5f9d3febcfef9e1abc2578cd36a2f918fb07f296293d8b556e1,1
8c4502a13511573311d7a312,7c73b8f040cd666d05724dee,c3fe00911ab7e8f907539e6b,justin-m-krebs,Justin M. Krebs,race-60a20e415203eadd2b99,opponent,opponent,2021,2021-06-22,campaign_issue_page,https://www.justin2021.org/climate-policy,https://web.archive.org/web/20210320034150/https://www.justin2021.org/climate-policy,https://web.archive.org/web/20210320034150/https://www.justin2021.org/climate-policy,,paragraph 38 -> paragraph 47,More Affordable Housing 39th District Volunteer Open Menu Close Menu Home About Justin In The News Updates The Issues Justin on the Issues,23,a1855ad4c8b1d4b791a302957ca18d8df687ab0f8bfa4c9e448be44d740a42c0,94709641f8cf61f79fe47ba58d276adef0395f51f9bdf0bb62502f3e4adaf64f,1
89aabb2a2f0d8c692e3fb7e3,97b21a614d349d6f242093e6,51a154da3097137196079f11,zuki-ellis,Zuki Ellis,race-deff03074ea69358d8e9,opponent,opponent,2022,2022-08-09,archived_campaign_platform,https://web.archive.org/web/20220126231521id_/https://zukiellis.com/vision/,https://web.archive.org/web/20220126231521id_/https://zukiellis.com/vision/,https://web.archive.org/web/20220126231521id_/https://zukiellis.com/vision/,2022-01-26,paragraph 52,"Police shootings must also be considered gun violence, and we can’t begin making the changes we need without including them.",21,c12808ae74732df24d11b1ab49c9d4ca0ac335dcfdbd6f066935704cb0061c66,b27e90a57b953978cf3789cb879b1b32485a427428c3a30c2f00cddbe6068735,1
86d319c52cf62854033473c0,fe868c543939723039d7ab67,9de5ac167261e55fe6ff372e-answers-2cf0d9d82a48-0f555c2fea54,jordan-botta,Jordan Botta,national-recihG0fIKbvStGIg-dem-primary,opponent,opponent,2023,2023-05-16,candidate_questionnaire,https://www.wesanews.org/wesa-voter-guide/2023-04-18/pittsburgh-city-council-district-7-botta-gross,,https://www.wesanews.org/wesa-voter-guide/2023-04-18/pittsburgh-city-council-district-7-botta-gross,2023-04-18,paragraph 199,"Above all, District 7 needs transparency, accountability, and accessibility. There are so many issues from housing insecurity, to urban infrastructure, public transportation, common-sense development, small business incentivization — and accessibility to our local officials.",34,bb703472ff3a8cab8244457f938f901fcdd57f298d35ef068deed5bb8e972fb9,e6635a380a518d328882cc635e0fd766ba6ae14b4a570ea547f6e61171b1dc1f,1
dcbe5f6226b8d1884d91e89c,f34fc52d1f39294d22a3b3cf,02c54a9cfa1276ac9f1c1189,joseph-r-biden-jr,Joseph R. Biden Jr.,race-9065e448b7091dd55686,opponent,opponent,2024,2024-03-05,campaign_speech,https://lailluminator.com/2024/01/23/biden-abortion-rights,,https://lailluminator.com/2024/01/23/biden-abortion-rights/,2024-01-23,paragraph 60,"“I believe 2024 is going to be the most important election we’ve had since 1860,” Biden said, referring to the election of President Abraham Lincoln before the Civil War.",30,fcf3db335a27ff165aad76c7e263ee0c85d1f62beb8b5747f8079c1bdfd816e5,187b10022dc183a33bb14b4f3a582a14945cc0013c83baf141be0d3df092bd39,1
2fd306f7d552a38e47ac3f8d,eaa5256c63e2997eb99a7d8a,1f257d977f015b2213b2d9cc,andrew-m-cuomo,Andrew M. Cuomo,race-d0d830cb7a9e40e91152,opponent,opponent,2025,2025-06-24,policy_page,https://www.andrewcuomo.com/issues,https://web.archive.org/web/20240227070345/https://www.andrewcuomo.com/issues,https://www.andrewcuomo.com/issues,2024-02-27,paragraph 54 sentence 4,"Fixing the many flaws in the current mental health and substance use disorder care system will reduce hospitalizations, homelessness, and incarceration among individuals with serious mental illness or substance use disorders, while improving the quality of life for all New Yorkers.",41,4583143e9294c34e13750b64f6f3ae83c2b7162f0151e3e42c9ce9fa8dd59500,ff50fb2dae6005efde6e780f07e6bae58fbf5cbcd5dcdbfb2c6cf44a46866786,1
66afac7bedf2d075a723bf6a,c09fc04d268543b6d5e1c06d,3a0534205fa76eca2bfdabc1-answers-f48d46d0de30-d208e2e2a38c,zoe-sullivan,Zoe Sullivan,race-e87b28f84c6a49987afa,opponent,opponent,2026,2026-08-11,candidate_questionnaire,https://madison.citycast.fm/madison-explained/madison-democrat-candidates-assembly-district-76,,https://madison.citycast.fm/madison-explained/madison-democrat-candidates-assembly-district-76,2026-08-10,paragraph 33,"Zoe Sullivan : Yes, I not only support a moratorium on hyperscale data centers, but I would work to repeal the tax credit the legislature passed in 2023 subsidizing these projects.",30,cdd20600fdc06b7f2fd25945158a1c20355e73c2d54c1636afc42716304c0e4a,6e00b8754d08e5b6a8960a25c416d29423fd5aba18a1914872d1f51643b3b9b2,1
c3e5edec861e1b49bc2e465d,4c9a9d008c1d52f5cbab6657,5801a1f80b0ac898f3923de8,mike-connolly,Mike Connolly,ma-house-26th-middlesex-dem-primary-2016,endorsed,endorsed,2016,2016-09-08,campaign_platform,http://web.archive.org/web/20160807044232/http://www.mikeconnolly.org:80/progressive_platform,http://web.archive.org/web/20160807044232/http://www.mikeconnolly.org:80/progressive_platform,http://web.archive.org/web/20160807044232/http://www.mikeconnolly.org:80/progressive_platform,2016-08-07,paragraph 102 -> paragraph 111,"MikeConnollyMA Follow @MikeConnollyMA on Twitter Mike Connolly Our Progressive Platform 26th Middlesex District Events Blog Contribute Sign in with Facebook , Twitter or email . Created with NationBuilder – Theme by Tectonica",29,e94f0d5f9fb0f4e50dc94e551c535a960cbfdb764b069cb08177a9d70082703e,3f0204478e9176e402c36a1f7e81598a24b7360052fb4665a2f2d09348379120,1
834ba392f32cd05320c6c82d,3fdb0d13da696b21d46b97d9,5e869eb8dd1bcf2b194d60eb,kareem-kandil,Kareem Kandil,race-e4f88f1286d62b12a1ab,endorsed,endorsed,2018,2018-05-15,archived_campaign_page,http://www.kareemforpa.com/issues,https://web.archive.org/web/20180509132550id_/http://www.kareemforpa.com/issues,https://web.archive.org/web/20180509132550id_/http://www.kareemforpa.com/issues,,paragraph 61 sentence 4,"It is notable that workers in states that have enacted such laws make on average $1,500 less per year than their counterparts in free bargaining states - and on average they enjoy fewer benefits, are less able to afford higher education for their children, and are more likely to be injured on the job.",54,ad158851b79c9e8fa1c7a061ce129c8819c102c636845628c9b198b8bb9e2319,850908810404d36ac639aa88bfbb2ec06edb072840bcaea5152f381df6634c7b,1
330f599025e3c78d0083e183,3672f88c3ae3ba7313c27ee2,7957abfbd9600a8353cf42fc,yasmine-parinaz-taeb,Yasmine Parinaz Taeb,race-5984c9799d268a401686,endorsed,endorsed,2019,2019-06-11,policy_page,https://yasmineforvirginia.com/issues,https://web.archive.org/web/20190126201726/https://yasmineforvirginia.com/issues,https://web.archive.org/web/20190126201726/https://yasmineforvirginia.com/issues/,2019-01-26,paragraph 37 -> paragraph 42,"Yasmine Taeb for Virginia P.O. Box 1542 Falls Church, VA 22041 info@yasmineforvirginia.com Paid for and Authorized by Yasmine Taeb for Virginia X",25,f2e5603b85a9cdc5deced504270e5d01ad81c140558df3c8606e50f7151a8f0f,4caae3280868627279df773172e77f5c2ea71f213bb9b34447ab95e1822d6430,1
115e445492c37541f11d0616,2cbaabcebf56e4dc6d9f0110,f170f2486c13fbbd61afb7e4,albert-lee,Albert Lee,race-98a94ea45af952a751bc,endorsed,endorsed,2020,2020-05-19,campaign_website,https://albertlee2020.com/reinvest-in-america-and-our-future,https://web.archive.org/web/20190624064736id_/https://albertlee2020.com/reinvest-in-america-and-our-future/,https://web.archive.org/web/20190624064736id_/https://albertlee2020.com/reinvest-in-america-and-our-future/,,paragraph 11 sentences 6-9,"We have the capacity to reinvest in America, rebuild our infrastructure, and shape a better future. We have the money and the manpower to do so, if we are willing to elect new leadership. As a father to a young daughter, I want to leave a planet for her to live and thrive on. No one’s profit should come before our collective existence.",64,f2e346167a2748c4938ba95f2c89b1f8716b24fec46562b67c3ef6944a5ce301,50e7ac480bbb4f993b12525885cd339e4266d0526c37fe544c56d6d8367ef037,1
d5d2002e1c69374cee3dc4df,359956a2b3eb0738f1a4e595,25e22917f7345647d73e996e,erika-uyterhoeven,Erika Uyterhoeven,race-efcab956da48210a967a,endorsed,endorsed,2022,2022-09-06,policy_page,https://www.electerika.com/issues,https://web.archive.org/web/20210124183842/https://www.electerika.com/issues,https://www.electerika.com/issues/,2021-01-24,paragraph 63,"Guarantee funded access to gender-affirming care for every trans person in Massachusetts, and for every trans young person, no matter what Washington does.",24,b87145a4bd9916e2d8c49d9cf4217cf9896bf2196769b807b166bcd930a7b49f,f6a270e356bcfe60cd5264e5e07902d48e3966809574550c252efb872877cfb6,1
